{
  "config": {
    "N": 1024,
    "k": 4,
    "evaluations_per_task": 6144,
    "total_evaluations": 30720,
    "total_time_sec": 282.6046185493469,
    "note": "N*(k+2)=6144 with calc_second_order=False"
  },
  "problem": {
    "num_vars": 4,
    "names": [
      "theta_J",
      "theta_M",
      "theta_B",
      "theta_T"
    ],
    "bounds": [
      [
        0.0,
        1.0
      ],
      [
        0.0,
        1.0
      ],
      [
        0.0,
        1.0
      ],
      [
        0.0,
        1.0
      ]
    ],
    "sample_scaled": true
  },
  "tasks": {
    "transit": {
      "S1": {
        "theta_J": 2.875236975465771e-05,
        "theta_M": 0.99089873985777,
        "theta_B": 0.005623909672496362,
        "theta_T": -0.0012477774510663755
      },
      "S1_conf": {
        "theta_J": 0.0004896962000234389,
        "theta_M": 0.07156702929715236,
        "theta_B": 0.007283573318061532,
        "theta_T": 0.0013042243007580188
      },
      "ST": {
        "theta_J": 3.375658569379797e-05,
        "theta_M": 0.9927685685112907,
        "theta_B": 0.007503996855804733,
        "theta_T": 0.00022550101006168997
      },
      "ST_conf": {
        "theta_J": 3.366684586528451e-06,
        "theta_M": 0.06174531832758913,
        "theta_B": 0.0008513034660583065,
        "theta_T": 1.9781436041191583e-05
      },
      "sum_S1": 0.9953036244489546,
      "Y_mean": 69.83608287562716,
      "Y_std": 39.90764414464838
    },
    "turn": {
      "S1": {
        "theta_J": 0.016170860259432672,
        "theta_M": -0.06596194563988406,
        "theta_B": -0.09024556702197846,
        "theta_T": -0.03960624530015896
      },
      "S1_conf": {
        "theta_J": 0.09273700788202177,
        "theta_M": 0.08473566613789298,
        "theta_B": 0.079505325310929,
        "theta_T": 0.07962515054770901
      },
      "ST": {
        "theta_J": 0.9347462808660768,
        "theta_M": 0.9520445151287101,
        "theta_B": 0.9068389395110078,
        "theta_T": 0.9693891660342899
      },
      "ST_conf": {
        "theta_J": 0.10966089857503603,
        "theta_M": 0.11978805033879301,
        "theta_B": 0.11045030390207676,
        "theta_T": 0.11636099500958991
      },
      "sum_S1": -0.17964289770258882,
      "Y_mean": 0.016182200361588274,
      "Y_std": 0.002306583270244074
    },
    "tracking": {
      "S1": {
        "theta_J": -0.00015158203127078117,
        "theta_M": 0.9774006388011091,
        "theta_B": 0.005291256665095993,
        "theta_T": -0.008010240044887318
      },
      "S1_conf": {
        "theta_J": 0.00030181520322692935,
        "theta_M": 0.07324164278673409,
        "theta_B": 0.007478080337521449,
        "theta_T": 0.0073928135999050066
      },
      "ST": {
        "theta_J": 1.2190045964539224e-05,
        "theta_M": 0.9864013430137001,
        "theta_B": 0.007325511932223621,
        "theta_T": 0.007218506392728607
      },
      "ST_conf": {
        "theta_J": 1.132299529498759e-06,
        "theta_M": 0.06433452200005559,
        "theta_B": 0.0008517259308494852,
        "theta_T": 0.0006387679876610364
      },
      "sum_S1": 0.974530073390047,
      "Y_mean": 55.00300810989473,
      "Y_std": 31.985063113432812
    },
    "parking_pos": {
      "S1": {
        "theta_J": 4.629694386816465e-05,
        "theta_M": 0.9912532827549815,
        "theta_B": 0.0032241509655742432,
        "theta_T": -0.0025138962002235533
      },
      "S1_conf": {
        "theta_J": 0.0010673606619423807,
        "theta_M": 0.07227730085798334,
        "theta_B": 0.005733423999792533,
        "theta_T": 0.0033826104765997803
      },
      "ST": {
        "theta_J": 0.00016508923726743144,
        "theta_M": 0.9934658718523268,
        "theta_B": 0.004669497015217858,
        "theta_T": 0.0015279100164879913
      },
      "ST_conf": {
        "theta_J": 2.5061421389837113e-05,
        "theta_M": 0.0609359059956246,
        "theta_B": 0.0005219118710666618,
        "theta_T": 0.00013643451289950642
      },
      "sum_S1": 0.9920098344642003,
      "Y_mean": 17.66027063704625,
      "Y_std": 8.927428325903518
    },
    "parking_hdg": {
      "S1": {
        "theta_J": -0.0009153292984755958,
        "theta_M": 0.5766706984038144,
        "theta_B": -0.008351375345870401,
        "theta_T": 0.20729133286083787
      },
      "S1_conf": {
        "theta_J": 0.04690135874072545,
        "theta_M": 0.07408200671336233,
        "theta_B": 0.04608708571414852,
        "theta_T": 0.058595209210195114
      },
      "ST": {
        "theta_J": 0.25176042466487786,
        "theta_M": 0.8045468658217462,
        "theta_B": 0.2594952624356067,
        "theta_T": 0.47065214581254095
      },
      "ST_conf": {
        "theta_J": 0.03303212147180337,
        "theta_M": 0.0683580771459781,
        "theta_B": 0.03350009655868775,
        "theta_T": 0.04511410222985242
      },
      "sum_S1": 0.7746953266203063,
      "Y_mean": 0.012956369793609715,
      "Y_std": 0.004562414942863621
    }
  },
  "dominant_by_task": {
    "transit": {
      "source": "theta_M",
      "S1": 0.99089873985777
    },
    "turn": {
      "source": "theta_J",
      "S1": 0.016170860259432672
    },
    "tracking": {
      "source": "theta_M",
      "S1": 0.9774006388011091
    },
    "parking_pos": {
      "source": "theta_M",
      "S1": 0.9912532827549815
    },
    "parking_hdg": {
      "source": "theta_M",
      "S1": 0.5766706984038144
    }
  }
}