# Timestamp,TargetTPS,Tilt,RightTPS,RightError,RightPowerPID,RightPowerFF,RightPower,LeftTPS,LeftError,LeftPowerPID,LeftPowerFF,LeftPower
# 0.000 PIDF Config: kP=0.0095 kI=0.005 kD=0.0
# 0.001 Feedforward Config: kS=0.0 kV_Left=3.2E-4 kV_Right=3.8E-4 kA=0.01
16.373799937,930.0,0.0,-0.0,930.0,8.834999999999999,0.3534,1.0,0.0,930.0,8.834999999999999,0.29760000000000003,1.0
16.392197105,930.0,0.0,20.0,910.0,8.65,0.3534,1.0,0.0,930.0,8.84,0.29760000000000003,1.0
16.40463319,930.0,0.0,20.0,910.0,8.65,0.3534,1.0,20.0,910.0,8.65,0.29760000000000003,1.0
16.418975024,930.0,0.0,60.0,870.0,8.270000000000001,0.3534,1.0,40.0,890.0,8.46,0.29760000000000003,1.0
16.429934401,930.0,0.0,60.0,870.0,8.270000000000001,0.3534,1.0,60.0,870.0,8.270000000000001,0.29760000000000003,1.0
16.440962902,930.0,0.0,80.0,850.0,8.08,0.3534,1.0,80.0,850.0,8.08,0.29760000000000003,1.0
16.451280903,930.0,0.0,100.0,830.0,7.89,0.3534,1.0,100.0,830.0,7.89,0.29760000000000003,1.0
16.460286695,930.0,0.0,120.0,810.0,7.699999999999999,0.3534,1.0,120.0,810.0,7.699999999999999,0.29760000000000003,1.0
16.469868821,930.0,0.0,140.0,790.0,7.51,0.3534,1.0,140.0,790.0,7.51,0.29760000000000003,1.0
16.479422947,930.0,0.0,160.0,770.0,7.319999999999999,0.3534,1.0,160.0,770.0,7.319999999999999,0.29760000000000003,1.0
16.489339615,930.0,0.0,180.0,750.0,7.13,0.3534,1.0,180.0,750.0,7.13,0.29760000000000003,1.0
16.499713033,930.0,0.0,200.0,730.0,6.9399999999999995,0.3534,1.0,200.0,730.0,6.9399999999999995,0.29760000000000003,1.0
16.509134742,930.0,0.0,220.0,710.0,6.75,0.3534,1.0,220.0,710.0,6.75,0.29760000000000003,1.0
16.518244951,930.0,0.0,220.0,710.0,6.75,0.3534,1.0,240.0,690.0,6.56,0.29760000000000003,1.0
16.529474702,930.0,0.0,240.0,690.0,6.56,0.3534,1.0,260.0,670.0,6.37,0.29760000000000003,1.0
16.539522037,930.0,0.0,280.0,650.0,6.18,0.3534,1.0,280.0,650.0,6.18,0.29760000000000003,1.0
16.550065788,930.0,0.0,300.0,630.0,5.989999999999999,0.3534,1.0,300.0,630.0,5.989999999999999,0.29760000000000003,1.0
16.560161539,930.0,0.0,300.0,630.0,5.989999999999999,0.3534,1.0,320.0,610.0,5.8,0.29760000000000003,1.0
16.570754581,930.0,0.0,340.0,590.0,5.609999999999999,0.3534,1.0,340.0,590.0,5.609999999999999,0.29760000000000003,1.0
16.580418957,930.0,0.0,360.0,570.0,5.42,0.3534,1.0,360.0,570.0,5.42,0.29760000000000003,1.0
16.589936917,930.0,0.0,360.0,570.0,5.42,0.3534,1.0,380.0,550.0,5.2299999999999995,0.29760000000000003,1.0
16.600771751,930.0,0.0,380.0,550.0,5.2299999999999995,0.3534,1.0,400.0,530.0,5.04,0.29760000000000003,1.0
16.610395294,930.0,0.0,420.0,510.0,4.85,0.3534,1.0,420.0,510.0,4.85,0.29760000000000003,1.0
16.620095253,930.0,0.0,420.0,510.0,4.85,0.3534,1.0,440.0,490.0,4.66,0.29760000000000003,1.0
16.633679921,930.0,0.0,440.0,490.0,4.66,0.3534,1.0,440.0,490.0,4.66,0.29760000000000003,1.0
16.646477964,930.0,0.0,480.0,450.0,4.279999999999999,0.3534,1.0,500.0,430.0,4.09,0.29760000000000003,1.0
16.657222673,930.0,0.0,480.0,450.0,4.279999999999999,0.3534,1.0,500.0,430.0,4.09,0.29760000000000003,1.0
16.667219258,930.0,0.0,520.0,410.0,3.9,0.3534,1.0,520.0,410.0,3.9,0.29760000000000003,1.0
16.678542051,930.0,0.0,540.0,390.0,3.71,0.3534,1.0,560.0,370.0,3.52,0.29760000000000003,1.0
16.688829718,930.0,0.0,540.0,390.0,3.71,0.3534,1.0,540.0,390.0,3.71,0.29760000000000003,1.0
16.699698386,930.0,0.0,560.0,370.0,3.52,0.3534,1.0,580.0,350.0,3.3299999999999996,0.29760000000000003,1.0
16.70957772,930.0,0.0,580.0,350.0,3.3299999999999996,0.3534,1.0,600.0,330.0,3.1399999999999997,0.29760000000000003,1.0
16.720109513,930.0,0.0,600.0,330.0,3.1399999999999997,0.3534,1.0,600.0,330.0,3.1399999999999997,0.29760000000000003,1.0
16.730756514,930.0,0.0,600.0,330.0,3.1399999999999997,0.3534,1.0,620.0,310.0,2.9499999999999997,0.29760000000000003,1.0
16.74148489,930.0,0.0,640.0,290.0,2.76,0.3534,1.0,660.0,270.0,2.57,0.29760000000000003,1.0
16.751734058,930.0,0.0,640.0,290.0,2.76,0.3534,1.0,640.0,290.0,2.76,0.29760000000000003,1.0
16.763605184,930.0,0.0,660.0,270.0,2.57,0.3534,1.0,680.0,250.0,2.38,0.29760000000000003,1.0
16.775498769,930.0,0.0,660.0,270.0,2.57,0.3534,1.0,700.0,230.0,2.19,0.29760000000000003,1.0
16.786893895,930.0,0.0,700.0,230.0,2.19,0.3534,1.0,720.0,210.0,1.9999999999999998,0.29760000000000003,1.0
16.799117646,930.0,0.0,720.0,210.0,1.9999999999999998,0.3534,1.0,760.0,170.0,1.6199999999999999,0.29760000000000003,1.0
16.812487647,930.0,0.0,740.0,190.0,1.8099999999999998,0.3534,1.0,740.0,190.0,1.8099999999999998,0.29760000000000003,1.0
16.823163815,930.0,0.0,760.0,170.0,1.6199999999999999,0.3534,1.0,760.0,170.0,1.6199999999999999,0.29760000000000003,1.0
16.861012236,930.0,0.0,800.0,130.0,1.2399999999999998,0.3534,1.0,840.0,90.0,0.86,0.29760000000000003,1.0
16.882901529,930.0,0.0,820.0,110.0,1.0499999999999998,0.3534,1.0,860.0,70.0,0.67,0.29760000000000003,0.9676
16.90685524,930.0,0.0,880.0,50.0,0.48,0.3534,0.8333999999999999,900.0,30.0,0.29,0.29760000000000003,0.5876
# 16.923 Shooter Ready
16.926786867,930.0,0.0,900.0,30.0,0.29,0.3534,0.6434,920.0,10.0,0.1,0.29760000000000003,0.39760000000000006
16.941043827,930.0,0.0,920.0,10.0,0.1,0.3534,0.4534,940.0,-10.0,-0.09072479174999672,0.29760000000000003,0.20687520825000333
16.95479737,930.0,0.0,920.0,10.0,0.1,0.3534,0.4534,940.0,-10.0,-0.09147449179999058,0.29760000000000003,0.20612550820000947
16.972609163,930.0,0.0,940.0,-10.0,-0.09082957299999862,0.3534,0.2625704270000014,940.0,-10.0,-0.09230409394999925,0.29760000000000003,0.20529590605000078
16.986752957,930.0,0.0,960.0,-30.0,-0.2829623420000234,0.3534,0.07043765799997659,940.0,-10.0,-0.09301500239999086,0.29760000000000003,0.20458499760000917
17.000435041,930.0,0.0,960.0,-30.0,-0.28499899220001224,0.3534,0.06840100779998776,940.0,-10.0,-0.09369390034999242,0.29760000000000003,0.2039060996500076
17.017188668,930.0,0.0,960.0,-30.0,-0.2874577423999926,0.3534,0.06594225760000738,960.0,-30.0,-0.2861526507000053,0.29760000000000003,0.011447349299994747
17.030869294,930.0,0.0,960.0,-30.0,-0.28955161760001596,0.3534,0.06384838239998403,960.0,-30.0,-0.28824639464998425,0.29760000000000003,0.009353605350015781
17.045750129,930.0,0.0,960.0,-30.0,-0.29,0.3534,0.06340000000000001,960.0,-30.0,-0.29,0.29760000000000003,0.007600000000000051
17.058925005,930.0,0.0,940.0,-10.0,-0.1,0.3534,0.25339999999999996,960.0,-30.0,-0.29,0.29760000000000003,0.007600000000000051
17.071289632,930.0,0.0,960.0,-30.0,-0.29,0.3534,0.06340000000000001,960.0,-30.0,-0.29,0.29760000000000003,0.007600000000000051
17.081733049,930.0,0.0,960.0,-30.0,-0.29,0.3534,0.06340000000000001,960.0,-30.0,-0.29,0.29760000000000003,0.007600000000000051
17.095935176,930.0,0.0,960.0,-30.0,-0.29,0.3534,0.06340000000000001,940.0,-10.0,-0.1,0.29760000000000003,0.19760000000000003
17.106629135,930.0,0.0,960.0,-30.0,-0.29,0.3534,0.06340000000000001,940.0,-10.0,-0.1,0.29760000000000003,0.19760000000000003
17.120949678,930.0,0.0,940.0,-10.0,-0.1,0.3534,0.25339999999999996,940.0,-10.0,-0.1,0.29760000000000003,0.19760000000000003
17.131460763,930.0,0.0,940.0,-10.0,-0.1,0.3534,0.25339999999999996,940.0,-10.0,-0.1,0.29760000000000003,0.19760000000000003
17.142707431,930.0,0.0,940.0,-10.0,-0.1,0.3534,0.25339999999999996,940.0,-10.0,-0.1,0.29760000000000003,0.19760000000000003
17.157011349,930.0,0.0,960.0,-30.0,-0.29,0.3534,0.06340000000000001,960.0,-30.0,-0.29,0.29760000000000003,0.007600000000000051
17.169851975,930.0,0.0,960.0,-30.0,-0.29,0.3534,0.06340000000000001,940.0,-10.0,-0.1,0.29760000000000003,0.19760000000000003
17.18277806,930.0,0.0,940.0,-10.0,-0.1,0.3534,0.25339999999999996,940.0,-10.0,-0.1,0.29760000000000003,0.19760000000000003
17.194678936,930.0,0.0,960.0,-30.0,-0.29,0.3534,0.06340000000000001,940.0,-10.0,-0.1,0.29760000000000003,0.19760000000000003
17.206073479,930.0,0.0,940.0,-10.0,-0.1,0.3534,0.25339999999999996,940.0,-10.0,-0.1,0.29760000000000003,0.19760000000000003
17.216387105,930.0,0.0,940.0,-10.0,-0.1,0.3534,0.25339999999999996,940.0,-10.0,-0.1,0.29760000000000003,0.19760000000000003
17.226576481,930.0,0.0,940.0,-10.0,-0.1,0.3534,0.25339999999999996,940.0,-10.0,-0.1,0.29760000000000003,0.19760000000000003
17.236931815,930.0,0.0,940.0,-10.0,-0.1,0.3534,0.25339999999999996,940.0,-10.0,-0.1,0.29760000000000003,0.19760000000000003
17.248330733,930.0,0.0,940.0,-10.0,-0.1,0.3534,0.25339999999999996,920.0,10.0,0.09047394380000015,0.29760000000000003,0.38807394380000015
17.260909734,930.0,0.0,940.0,-10.0,-0.1,0.3534,0.25339999999999996,940.0,-10.0,-0.1,0.29760000000000003,0.19760000000000003
17.270381318,930.0,0.0,940.0,-10.0,-0.1,0.3534,0.25339999999999996,940.0,-10.0,-0.1,0.29760000000000003,0.19760000000000003
17.283034403,930.0,0.0,940.0,-10.0,-0.1,0.3534,0.25339999999999996,920.0,10.0,0.0905163959000015,0.29760000000000003,0.3881163959000015
17.298369946,930.0,0.0,940.0,-10.0,-0.1,0.3534,0.25339999999999996,940.0,-10.0,-0.1,0.29760000000000003,0.19760000000000003
17.308623781,930.0,0.0,940.0,-10.0,-0.1,0.3534,0.25339999999999996,940.0,-10.0,-0.1,0.29760000000000003,0.19760000000000003
17.320587657,930.0,0.0,920.0,10.0,0.09053872295000019,0.3534,0.4439387229500002,940.0,-10.0,-0.1,0.29760000000000003,0.19760000000000003
17.332121325,930.0,0.0,940.0,-10.0,-0.1,0.3534,0.25339999999999996,940.0,-10.0,-0.1,0.29760000000000003,0.19760000000000003
17.372939495,930.0,0.0,940.0,-10.0,-0.1,0.3534,0.25339999999999996,920.0,10.0,0.0919973043499931,0.29760000000000003,0.3895973043499931
17.396629831,930.0,0.0,940.0,-10.0,-0.1,0.3534,0.25339999999999996,940.0,-10.0,-0.0988036270000066,0.29760000000000003,0.19879637299999342
17.42027,930.0,0.0,920.0,10.0,0.09142991054999584,0.3534,0.4448299105499958,940.0,-10.0,-0.1,0.29760000000000003,0.19760000000000003
17.433266376,930.0,0.0,940.0,-10.0,-0.09935531455000728,0.3534,0.2540446854499927,940.0,-10.0,-0.1,0.29760000000000003,0.19760000000000003
17.449494128,930.0,0.0,920.0,10.0,0.09139701049998848,0.3534,0.4447970104999885,920.0,10.0,0.09075231050000185,0.29760000000000003,0.38835231050000185
17.462223046,930.0,0.0,940.0,-10.0,-0.0992443062500115,0.3534,0.2541556937499885,920.0,10.0,0.09139367100000527,0.29760000000000003,0.3889936710000053
17.476977297,930.0,0.0,940.0,-10.0,-0.09996623965001845,0.3534,0.25343376034998155,920.0,10.0,0.0921155752000027,0.29760000000000003,0.3897155752000027
17.490647132,930.0,0.0,920.0,10.0,0.09072116039998492,0.3534,0.4441211603999849,940.0,-10.0,-0.09857181029999537,0.29760000000000003,0.19902818970000466
17.5052608,930.0,0.0,940.0,-10.0,-0.1,0.3534,0.25339999999999996,940.0,-10.0,-0.0993086332999951,0.29760000000000003,0.1982913667000049
17.52024751,930.0,0.0,920.0,10.0,0.09075228130000369,0.3534,0.44415228130000367,920.0,10.0,0.09144363345001466,0.29760000000000003,0.3890436334500147
17.537941179,930.0,0.0,960.0,-30.0,-0.29,0.3534,0.06340000000000001,920.0,10.0,0.09231087520000983,0.29760000000000003,0.3899108752000099
# 17.551 Shooter Ready
17.554000347,930.0,0.0,920.0,10.0,0.09081875214999627,0.3534,0.4442187521499963,940.0,-10.0,-0.09850784779998775,0.29760000000000003,0.19909215220001228
17.567492557,930.0,0.0,940.0,-10.0,-0.09984328750000486,0.3534,0.2535567124999951,940.0,-10.0,-0.09916990199999418,0.29760000000000003,0.19843009800000586
17.582500266,930.0,0.0,920.0,10.0,0.09088471259999778,0.3534,0.4442847125999978,920.0,10.0,0.09155812725000714,0.29760000000000003,0.3891581272500072
17.596454768,930.0,0.0,920.0,10.0,0.09160295639999504,0.3534,0.44500295639999504,920.0,10.0,0.09227637110000388,0.29760000000000003,0.3898763711000039
17.611664311,930.0,0.0,920.0,10.0,0.0923726647999979,0.3534,0.4457726647999979,920.0,10.0,0.09304607950000673,0.29760000000000003,0.39064607950000674
17.625701062,930.0,0.0,920.0,10.0,0.0930747940499964,0.3534,0.4464747940499964,940.0,-10.0,-0.09765609349998386,0.29760000000000003,0.19994390650001617
17.639693189,930.0,0.0,960.0,-30.0,-0.2890404310999906,0.3534,0.06435956890000938,940.0,-10.0,-0.09836113939999222,0.29760000000000003,0.1992388606000078
17.65387869,930.0,0.0,940.0,-10.0,-0.09969636034999212,0.3534,0.25370363965000786,920.0,10.0,0.09229480440000316,0.29760000000000003,0.3898948044000032
17.671356525,930.0,0.0,960.0,-30.0,-0.29,0.3534,0.06340000000000001,920.0,10.0,0.09320869825000046,0.29760000000000003,0.3908086982500005
# 17.685 Shooter Ready
17.68916861,930.0,0.0,940.0,-10.0,-0.1,0.3534,0.25339999999999996,940.0,-10.0,-0.09763684350000404,0.29760000000000003,0.199963156499996
17.702270278,930.0,0.0,940.0,-10.0,-0.1,0.3534,0.25339999999999996,940.0,-10.0,-0.09840389775000631,0.29760000000000003,0.19919610224999373
17.71576453,930.0,0.0,940.0,-10.0,-0.1,0.3534,0.25339999999999996,920.0,10.0,0.09226476274998505,0.29760000000000003,0.38986476274998505
17.730034906,930.0,0.0,940.0,-10.0,-0.1,0.3534,0.25339999999999996,920.0,10.0,0.09299219404998894,0.29760000000000003,0.39059219404998896
17.742782491,930.0,0.0,940.0,-10.0,-0.1,0.3534,0.25339999999999996,940.0,-10.0,-0.09764187475001336,0.29760000000000003,0.19995812524998668
17.754978534,930.0,0.0,940.0,-10.0,-0.1,0.3534,0.25339999999999996,940.0,-10.0,-0.09825199775001466,0.29760000000000003,0.1993480022499854
17.768873535,930.0,0.0,940.0,-10.0,-0.1,0.3534,0.25339999999999996,920.0,10.0,0.09243417729998328,0.29760000000000003,0.3900341772999833
17.781204328,930.0,0.0,940.0,-10.0,-0.1,0.3534,0.25339999999999996,940.0,-10.0,-0.09819235195001283,0.29760000000000003,0.1994076480499872
17.795325663,930.0,0.0,940.0,-10.0,-0.1,0.3534,0.25339999999999996,920.0,10.0,0.09251731684999186,0.29760000000000003,0.3901173168499919
17.808291997,930.0,0.0,920.0,10.0,0.090589837550001,0.3534,0.443989837550001,940.0,-10.0,-0.09807253530000253,0.29760000000000003,0.1995274646999975
17.82239904,930.0,0.0,940.0,-10.0,-0.1,0.3534,0.25339999999999996,940.0,-10.0,-0.09876175830000875,0.29760000000000003,0.19883824169999129
17.83396975,930.0,0.0,940.0,-10.0,-0.1,0.3534,0.25339999999999996,920.0,10.0,0.09188307299998769,0.29760000000000003,0.38948307299998774
17.847302418,930.0,0.0,920.0,10.0,0.09061301050000112,0.3534,0.4440130105000011,940.0,-10.0,-0.09872993750001342,0.29760000000000003,0.19887006249998662
17.889432506,930.0,0.0,940.0,-10.0,-0.1,0.3534,0.25339999999999996,940.0,-10.0,-0.1,0.29760000000000003,0.19760000000000003
17.90503434,930.0,0.0,940.0,-10.0,-0.1,0.3534,0.25339999999999996,940.0,-10.0,-0.1,0.29760000000000003,0.19760000000000003
17.926411468,930.0,0.0,940.0,-10.0,-0.1,0.3534,0.25339999999999996,920.0,10.0,0.09103257299999769,0.29760000000000003,0.3886325729999977
17.938609552,930.0,0.0,940.0,-10.0,-0.1,0.3534,0.25339999999999996,920.0,10.0,0.09175478349999594,0.29760000000000003,0.38935478349999597
17.95110047,930.0,0.0,940.0,-10.0,-0.1,0.3534,0.25339999999999996,920.0,10.0,0.09237983980000536,0.29760000000000003,0.3899798398000054
17.964470763,930.0,0.0,940.0,-10.0,-0.1,0.3534,0.25339999999999996,940.0,-10.0,-0.0982911540499913,0.29760000000000003,0.19930884595000875
17.976714056,930.0,0.0,940.0,-10.0,-0.1,0.3534,0.25339999999999996,940.0,-10.0,-0.0988992207499905,0.29760000000000003,0.19870077925000953
17.988007974,930.0,0.0,940.0,-10.0,-0.1,0.3534,0.25339999999999996,920.0,10.0,0.09166872725001213,0.29760000000000003,0.38926872725001216
18.002470559,930.0,0.0,920.0,10.0,0.09061751675000324,0.3534,0.4440175167500032,940.0,-10.0,-0.09894880404998503,0.29760000000000003,0.198651195950015
18.015269477,930.0,0.0,920.0,10.0,0.09128961890000029,0.3534,0.44468961890000025,920.0,10.0,0.09172329810001202,0.29760000000000003,0.38932329810001204
18.028518145,930.0,0.0,920.0,10.0,0.09196420020000687,0.3534,0.4453642002000069,940.0,-10.0,-0.09895128319999458,0.29760000000000003,0.19864871680000545
18.041217312,930.0,0.0,940.0,-10.0,-0.09867472484999099,0.3534,0.254725275150009,940.0,-10.0,-0.09959020824999243,0.29760000000000003,0.1980097917500076
18.059458439,930.0,0.0,940.0,-10.0,-0.09958325204999027,0.3534,0.25381674795000975,940.0,-10.0,-0.1,0.29760000000000003,0.19760000000000003
18.071408315,930.0,0.0,940.0,-10.0,-0.1,0.3534,0.25339999999999996,940.0,-10.0,-0.1,0.29760000000000003,0.19760000000000003
18.084465942,930.0,0.0,940.0,-10.0,-0.1,0.3534,0.25339999999999996,920.0,10.0,0.09059319174999927,0.29760000000000003,0.38819319174999933
18.097329026,930.0,0.0,940.0,-10.0,-0.1,0.3534,0.25339999999999996,940.0,-10.0,-0.1,0.29760000000000003,0.19760000000000003
18.11252107,930.0,0.0,920.0,10.0,0.0906988771500005,0.3534,0.4440988771500005,920.0,10.0,0.09069889175000526,0.29760000000000003,0.3882988917500053
18.125959321,930.0,0.0,940.0,-10.0,-0.09995139374999554,0.3534,0.2534486062500044,920.0,10.0,0.09134916265000129,0.29760000000000003,0.38894916265000135
18.141151947,930.0,0.0,920.0,10.0,0.09077160425000784,0.3534,0.44417160425000785,940.0,-10.0,-0.09937383535000208,0.29760000000000003,0.19822616464999795
18.156385116,930.0,0.0,940.0,-10.0,-0.1,0.3534,0.25339999999999996,920.0,10.0,0.091410806399997,0.29760000000000003,0.389010806399997
18.170670659,930.0,0.0,940.0,-10.0,-0.1,0.3534,0.25339999999999996,940.0,-10.0,-0.09939549160000069,0.29760000000000003,0.19820450839999934
18.184662494,930.0,0.0,940.0,-10.0,-0.1,0.3534,0.25339999999999996,920.0,10.0,0.09130490220000184,0.29760000000000003,0.38890490220000185
18.198615537,930.0,0.0,940.0,-10.0,-0.1,0.3534,0.25339999999999996,940.0,-10.0,-0.09938503534999654,0.29760000000000003,0.1982149646500035
18.211340663,930.0,0.0,940.0,-10.0,-0.1,0.3534,0.25339999999999996,940.0,-10.0,-0.1,0.29760000000000003,0.19760000000000003
18.225147873,930.0,0.0,940.0,-10.0,-0.1,0.3534,0.25339999999999996,920.0,10.0,0.09069403549999834,0.29760000000000003,0.38829403549999836
18.237648707,930.0,0.0,940.0,-10.0,-0.1,0.3534,0.25339999999999996,940.0,-10.0,-0.09991871250000486,0.29760000000000003,0.19768128749999517
18.249827833,930.0,0.0,940.0,-10.0,-0.1,0.3534,0.25339999999999996,920.0,10.0,0.09070186670000112,0.29760000000000003,0.38830186670000116
18.261449876,930.0,0.0,940.0,-10.0,-0.1,0.3534,0.25339999999999996,920.0,10.0,0.09128390219999802,0.29760000000000003,0.388883902199998
18.275841294,930.0,0.0,920.0,10.0,0.0906421334000038,0.3534,0.44404213340000376,940.0,-10.0,-0.09935820199999626,0.29760000000000003,0.19824179800000377
18.290087462,930.0,0.0,940.0,-10.0,-0.1,0.3534,0.25339999999999996,920.0,10.0,0.09133329600000707,0.29760000000000003,0.3889332960000071
18.304612756,930.0,0.0,920.0,10.0,0.09076225629999271,0.3534,0.44416225629999273,920.0,10.0,0.09209558150000931,0.29760000000000003,0.3896955815000093
18.317778882,930.0,0.0,940.0,-10.0,-0.0998892688000069,0.3534,0.2535107311999931,920.0,10.0,0.09274710655000945,0.29760000000000003,0.3903471065500095
18.331418675,930.0,0.0,920.0,10.0,0.09080804790000002,0.3534,0.4442080479,940.0,-10.0,-0.09795021019998558,0.29760000000000003,0.19964978980001447
18.343794093,930.0,0.0,920.0,10.0,0.09141792299999679,0.3534,0.4448179229999968,940.0,-10.0,-0.09856007069998896,0.29760000000000003,0.19903992930001108
18.356794261,930.0,0.0,920.0,10.0,0.09207218969999303,0.3534,0.445472189699993,940.0,-10.0,-0.09921435199998996,0.29760000000000003,0.19838564800001007
18.398829848,930.0,0.0,960.0,-30.0,-0.29,0.3534,0.06340000000000001,940.0,-10.0,-0.1,0.29760000000000003,0.19760000000000003
18.417293517,930.0,0.0,940.0,-10.0,-0.1,0.3534,0.25339999999999996,940.0,-10.0,-0.1,0.29760000000000003,0.19760000000000003
18.436451935,930.0,0.0,960.0,-30.0,-0.29,0.3534,0.06340000000000001,940.0,-10.0,-0.1,0.29760000000000003,0.19760000000000003
18.452849145,930.0,0.0,940.0,-10.0,-0.1,0.3534,0.25339999999999996,920.0,10.0,0.09055017084999918,0.29760000000000003,0.3881501708499992
18.464958563,930.0,0.0,940.0,-10.0,-0.1,0.3534,0.25339999999999996,920.0,10.0,0.09139890634999347,0.29760000000000003,0.3889989063499935
18.47752619,930.0,0.0,940.0,-10.0,-0.1,0.3534,0.25339999999999996,940.0,-10.0,-0.09923077290001174,0.29760000000000003,0.19836922709998828
18.489956149,930.0,0.0,940.0,-10.0,-0.1,0.3534,0.25339999999999996,920.0,10.0,0.09139024384998265,0.29760000000000003,0.3889902438499827
18.502719192,930.0,0.0,940.0,-10.0,-0.1,0.3534,0.25339999999999996,920.0,10.0,0.09200603974998331,0.29760000000000003,0.3896060397499833
18.517518069,930.0,0.0,960.0,-30.0,-0.29,0.3534,0.06340000000000001,940.0,-10.0,-0.09863345405002519,0.29760000000000003,0.19896654594997484
18.53017232,930.0,0.0,940.0,-10.0,-0.1,0.3534,0.25339999999999996,920.0,10.0,0.09206339599997136,0.29760000000000003,0.3896633959999714
18.54319378,930.0,0.0,940.0,-10.0,-0.1,0.3534,0.25339999999999996,940.0,-10.0,-0.09864857700002858,0.29760000000000003,0.19895142299997146
18.555036906,930.0,0.0,940.0,-10.0,-0.1,0.3534,0.25339999999999996,940.0,-10.0,-0.09923646040002723,0.29760000000000003,0.1983635395999728
18.569678866,930.0,0.0,940.0,-10.0,-0.1,0.3534,0.25339999999999996,920.0,10.0,0.09149725634997821,0.29760000000000003,0.38909725634997827
18.582332825,930.0,0.0,940.0,-10.0,-0.1,0.3534,0.25339999999999996,940.0,-10.0,-0.09912263745002292,0.29760000000000003,0.1984773625499771
18.59560541,930.0,0.0,920.0,10.0,0.09062816260000318,0.3534,0.44402816260000316,920.0,10.0,0.09150552509996943,0.29760000000000003,0.38910552509996943
18.608460036,930.0,0.0,940.0,-10.0,-0.1,0.3534,0.25339999999999996,940.0,-10.0,-0.09912775620002776,0.29760000000000003,0.19847224379997228
18.622359121,930.0,0.0,920.0,10.0,0.09068486259999645,0.3534,0.44408486259999647,940.0,-10.0,-0.09981261880003559,0.29760000000000003,0.19778738119996445
18.635016872,930.0,0.0,920.0,10.0,0.09132858554999303,0.3534,0.444728585549993,920.0,10.0,0.09083111874996576,0.29760000000000003,0.3884311187499658
18.648542915,930.0,0.0,920.0,10.0,0.0920029189499951,0.3534,0.44540291894999506,940.0,-10.0,-0.09984320005003156,0.29760000000000003,0.19775679994996848
18.6643775,930.0,0.0,940.0,-10.0,-0.09878208740000219,0.3534,0.2546179125999978,920.0,10.0,0.09094180629996572,0.29760000000000003,0.38854180629996576
18.678754627,930.0,0.0,940.0,-10.0,-0.09949599994999972,0.3534,0.25390400005000024,940.0,-10.0,-0.09977210625003181,0.29760000000000003,0.19782789374996823
18.692878295,930.0,0.0,940.0,-10.0,-0.1,0.3534,0.25339999999999996,940.0,-10.0,-0.1,0.29760000000000003,0.19760000000000003
18.708612546,930.0,0.0,920.0,10.0,0.09077332504999959,0.3534,0.44417332504999957,920.0,10.0,0.09077329590000091,0.29760000000000003,0.3883732959000009
18.723863214,930.0,0.0,940.0,-10.0,-0.09999289794999414,0.3534,0.25340710205000583,940.0,-10.0,-0.09999294170000894,0.29760000000000003,0.1976070582999911
18.739395049,930.0,0.0,940.0,-10.0,-0.1,0.3534,0.25339999999999996,920.0,10.0,0.09079238544998361,0.29760000000000003,0.38839238544998367
18.7515243,930.0,0.0,940.0,-10.0,-0.1,0.3534,0.25339999999999996,920.0,10.0,0.09147339799998463,0.29760000000000003,0.38907339799998464
18.766901552,930.0,0.0,940.0,-10.0,-0.1,0.3534,0.25339999999999996,920.0,10.0,0.09221380849998241,0.29760000000000003,0.38981380849998243
18.779326553,930.0,0.0,940.0,-10.0,-0.1,0.3534,0.25339999999999996,940.0,-10.0,-0.09843544155002064,0.29760000000000003,0.19916455844997938
18.792672055,930.0,0.0,920.0,10.0,0.09062034589999485,0.3534,0.44402034589999484,940.0,-10.0,-0.09905577290002157,0.29760000000000003,0.19854422709997846
18.805510639,930.0,0.0,940.0,-10.0,-0.1,0.3534,0.25339999999999996,940.0,-10.0,-0.09968523335002147,0.29760000000000003,0.19791476664997856
18.817632599,930.0,0.0,940.0,-10.0,-0.1,0.3534,0.25339999999999996,920.0,10.0,0.0909850458999722,0.29760000000000003,0.3885850458999722
18.829435183,930.0,0.0,940.0,-10.0,-0.1,0.3534,0.25339999999999996,920.0,10.0,0.09156630844998062,0.29760000000000003,0.3891663084499807
18.84182956,930.0,0.0,940.0,-10.0,-0.1,0.3534,0.25339999999999996,920.0,10.0,0.0921940772499761,0.29760000000000003,0.3897940772499761
18.853587227,930.0,0.0,940.0,-10.0,-0.1,0.3534,0.25339999999999996,940.0,-10.0,-0.09838361240002769,0.29760000000000003,0.19921638759997234
18.865958562,930.0,0.0,940.0,-10.0,-0.1,0.3534,0.25339999999999996,940.0,-10.0,-0.09900828955002225,0.29760000000000003,0.19859171044997778
18.907990358,930.0,0.0,920.0,10.0,0.09202485229999638,0.3534,0.4454248522999964,920.0,10.0,0.0930165773499789,0.29760000000000003,0.3906165773499789
18.92641436,930.0,0.0,940.0,-10.0,-0.09875265815001058,0.3534,0.2546473418499894,920.0,10.0,0.09379410239997923,0.29760000000000003,0.3913941023999793
18.949256529,930.0,0.0,940.0,-10.0,-0.1,0.3534,0.25339999999999996,940.0,-10.0,-0.09748877900002526,0.29760000000000003,0.20011122099997478
18.966134697,930.0,0.0,940.0,-10.0,-0.1,0.3534,0.25339999999999996,940.0,-10.0,-0.09827703740002107,0.29760000000000003,0.19932296259997895
18.980910532,930.0,0.0,920.0,10.0,0.0908036729999958,0.3534,0.4442036729999958,920.0,10.0,0.09252656269998397,0.29760000000000003,0.390126562699984
18.997080534,930.0,0.0,940.0,-10.0,-0.09997532495000314,0.3534,0.2534246750499969,940.0,-10.0,-0.09825244985000836,0.29760000000000003,0.19934755014999167
19.015074327,930.0,0.0,920.0,10.0,0.09093693559999792,0.3534,0.44433693559999793,920.0,10.0,0.09265981064999324,0.29760000000000003,0.39025981064999327
19.032935995,930.0,0.0,940.0,-10.0,-0.09987591029999976,0.3534,0.25352408970000023,940.0,-10.0,-0.09815303530000392,0.29760000000000003,0.19944696469999612
19.050882831,930.0,0.0,940.0,-10.0,-0.1,0.3534,0.25339999999999996,940.0,-10.0,-0.09912466455000413,0.29760000000000003,0.1984753354499959
19.067011416,930.0,0.0,940.0,-10.0,-0.1,0.3534,0.25339999999999996,940.0,-10.0,-0.09999868755000989,0.29760000000000003,0.19760131244999013
19.085288709,930.0,0.0,940.0,-10.0,-0.1,0.3534,0.25339999999999996,920.0,10.0,0.0909314375499912,0.29760000000000003,0.3885314375499912
19.101477377,930.0,0.0,920.0,10.0,0.09073730424999213,0.3534,0.4441373042499921,920.0,10.0,0.09166874179999468,0.29760000000000003,0.3892687417999947
19.119906629,930.0,0.0,920.0,10.0,0.09165482935000227,0.3534,0.4450548293500023,940.0,-10.0,-0.09924876869999935,0.29760000000000003,0.19835123130000068
19.135976589,930.0,0.0,920.0,10.0,0.0924413668999955,0.3534,0.4458413668999955,940.0,-10.0,-0.1,0.29760000000000003,0.19760000000000003
19.152886549,930.0,0.0,940.0,-10.0,-0.09841037280000364,0.3534,0.25498962719999635,920.0,10.0,0.09085171050000099,0.29760000000000003,0.38845171050000105
19.169537509,930.0,0.0,920.0,10.0,0.09244298559999833,0.3534,0.44584298559999835,920.0,10.0,0.09170509810000113,0.29760000000000003,0.38930509810000113
19.192600178,930.0,0.0,940.0,-10.0,-0.09858371034999891,0.3534,0.2548162896500011,940.0,-10.0,-0.09932155410000405,0.29760000000000003,0.198278445899996
19.215734014,930.0,0.0,940.0,-10.0,-0.09983647715000643,0.3534,0.25356352284999356,920.0,10.0,0.09193124184999078,0.29760000000000003,0.38953124184999083
19.232592932,930.0,0.0,940.0,-10.0,-0.1,0.3534,0.25339999999999996,920.0,10.0,0.0927671731499936,0.29760000000000003,0.39036717314999364
19.248352559,930.0,0.0,940.0,-10.0,-0.1,0.3534,0.25339999999999996,940.0,-10.0,-0.09811978530000261,0.29760000000000003,0.19948021469999744
19.262376477,930.0,0.0,940.0,-10.0,-0.1,0.3534,0.25339999999999996,940.0,-10.0,-0.09883401870000626,0.29760000000000003,0.1987659812999938
19.276938812,930.0,0.0,940.0,-10.0,-0.1,0.3534,0.25339999999999996,940.0,-10.0,-0.09954332295000086,0.29760000000000003,0.19805667704999919
19.291537896,930.0,0.0,960.0,-30.0,-0.29,0.3534,0.06340000000000001,940.0,-10.0,-0.1,0.29760000000000003,0.19760000000000003
19.306640398,930.0,0.0,940.0,-10.0,-0.1,0.3534,0.25339999999999996,920.0,10.0,0.09076387509999449,0.29760000000000003,0.38836387509999454
19.319844441,930.0,0.0,940.0,-10.0,-0.1,0.3534,0.25339999999999996,940.0,-10.0,-0.09993861870001411,0.29760000000000003,0.19766138129998592
19.335182026,930.0,0.0,940.0,-10.0,-0.1,0.3534,0.25339999999999996,920.0,10.0,0.09085464179998098,0.29760000000000003,0.388454641799981
19.349613986,930.0,0.0,940.0,-10.0,-0.1,0.3534,0.25339999999999996,940.0,-10.0,-0.09986802080002236,0.29760000000000003,0.19773197919997768
19.365258404,930.0,0.0,940.0,-10.0,-0.1,0.3534,0.25339999999999996,940.0,-10.0,-0.1,0.29760000000000003,0.19760000000000003
19.376493988,930.0,0.0,920.0,10.0,0.09060008965000407,0.3534,0.44400008965000404,940.0,-10.0,-0.1,0.29760000000000003,0.19760000000000003
19.418618243,930.0,0.0,940.0,-10.0,-0.1,0.3534,0.25339999999999996,940.0,-10.0,-0.1,0.29760000000000003,0.19760000000000003
19.433618369,930.0,0.0,940.0,-10.0,-0.1,0.3534,0.25339999999999996,920.0,10.0,0.09055196465000336,0.29760000000000003,0.3881519646500034
19.455010663,930.0,0.0,940.0,-10.0,-0.1,0.3534,0.25339999999999996,940.0,-10.0,-0.1,0.29760000000000003,0.19760000000000003
19.468619248,930.0,0.0,940.0,-10.0,-0.1,0.3534,0.25339999999999996,920.0,10.0,0.0905800521499964,0.29760000000000003,0.3881800521499964
19.484067666,930.0,0.0,920.0,10.0,0.09080529175000948,0.3534,0.44420529175000945,920.0,10.0,0.09138530014999105,0.29760000000000003,0.3889853001499911
19.497736917,930.0,0.0,940.0,-10.0,-0.09987563329998465,0.3534,0.2535243667000153,920.0,10.0,0.09206622519999655,0.29760000000000003,0.3896662251999966
19.512157794,930.0,0.0,920.0,10.0,0.09083547930001942,0.3534,0.4442354793000194,940.0,-10.0,-0.09864487280000275,0.29760000000000003,0.19895512719999728
19.528002295,930.0,0.0,920.0,10.0,0.09161086060002163,0.3534,0.4450108606000216,940.0,-10.0,-0.09942026869999836,0.29760000000000003,0.19817973130000166
19.543653713,930.0,0.0,920.0,10.0,0.09237081280001803,0.3534,0.445770812800018,920.0,10.0,0.09133965429999989,0.29760000000000003,0.38893965429999994
19.558167632,930.0,0.0,940.0,-10.0,-0.0983826059999842,0.3534,0.2550173940000158,920.0,10.0,0.09209310230000028,0.29760000000000003,0.3896931023000003
19.575071175,930.0,0.0,940.0,-10.0,-0.09921398734998092,0.3534,0.25418601265001906,920.0,10.0,0.09292443985000545,0.29760000000000003,0.3905244398500055
19.590336426,930.0,0.0,940.0,-10.0,-0.09999943114997904,0.3534,0.25340056885002094,940.0,-10.0,-0.09786098939999874,0.29760000000000003,0.1997390106000013
19.607172595,930.0,0.0,940.0,-10.0,-0.1,0.3534,0.25339999999999996,940.0,-10.0,-0.09869823324999061,0.29760000000000003,0.19890176675000942
19.620943638,930.0,0.0,940.0,-10.0,-0.1,0.3534,0.25339999999999996,920.0,10.0,0.09206957935001811,0.29760000000000003,0.3896695793500181
19.636210348,930.0,0.0,940.0,-10.0,-0.1,0.3534,0.25339999999999996,920.0,10.0,0.09279740440000751,0.29760000000000003,0.39039740440000753
19.649777807,930.0,0.0,920.0,10.0,0.09066956465000203,0.3534,0.444069564650002,940.0,-10.0,-0.09787220399999796,0.29760000000000003,0.19972779600000207
19.663993059,930.0,0.0,940.0,-10.0,-0.1,0.3534,0.25339999999999996,940.0,-10.0,-0.09857978740000135,0.29760000000000003,0.1990202125999987
19.676576143,930.0,0.0,940.0,-10.0,-0.1,0.3534,0.25339999999999996,940.0,-10.0,-0.09923847290000368,0.29760000000000003,0.19836152709999635
19.690819103,930.0,0.0,940.0,-10.0,-0.1,0.3534,0.25339999999999996,940.0,-10.0,-0.09996185004999916,0.29760000000000003,0.19763814995000087
19.703247021,930.0,0.0,940.0,-10.0,-0.1,0.3534,0.25339999999999996,920.0,10.0,0.09067453750000368,0.29760000000000003,0.38827453750000374
19.717330439,930.0,0.0,920.0,10.0,0.09063494380000293,0.3534,0.4440349438000029,920.0,10.0,0.09130945214999656,0.29760000000000003,0.3889094521499966
19.731778149,930.0,0.0,940.0,-10.0,-0.1,0.3534,0.25339999999999996,940.0,-10.0,-0.09937418545000583,0.29760000000000003,0.19822581454999422
19.746780609,930.0,0.0,920.0,10.0,0.09077934800000322,0.3534,0.4441793480000032,940.0,-10.0,-0.1,0.29760000000000003,0.19760000000000003
19.758388943,930.0,0.0,940.0,-10.0,-0.0999274916499985,0.3534,0.25347250835000146,940.0,-10.0,-0.1,0.29760000000000003,0.19760000000000003
19.773027986,930.0,0.0,920.0,10.0,0.09068448340000487,0.3534,0.44408448340000484,920.0,10.0,0.09061198964999675,0.29760000000000003,0.3882119896499968
19.789057696,930.0,0.0,940.0,-10.0,-0.1,0.3534,0.25339999999999996,920.0,10.0,0.09141312514999754,0.29760000000000003,0.3890131251499976
19.804638823,930.0,0.0,940.0,-10.0,-0.1,0.3534,0.25339999999999996,940.0,-10.0,-0.09943714160000354,0.29760000000000003,0.19816285839999648
19.817421991,930.0,0.0,940.0,-10.0,-0.1,0.3534,0.25339999999999996,940.0,-10.0,-0.1,0.29760000000000003,0.19760000000000003
19.829185492,930.0,0.0,940.0,-10.0,-0.1,0.3534,0.25339999999999996,940.0,-10.0,-0.1,0.29760000000000003,0.19760000000000003
19.84230116,930.0,0.0,940.0,-10.0,-0.1,0.3534,0.25339999999999996,920.0,10.0,0.09055036050000581,0.29760000000000003,0.38815036050000584
19.856910453,930.0,0.0,920.0,10.0,0.09065277925000373,0.3534,0.44405277925000375,920.0,10.0,0.09120315430000346,0.29760000000000003,0.3888031543000035
19.871339788,930.0,0.0,940.0,-10.0,-0.1,0.3534,0.25339999999999996,940.0,-10.0,-0.09953352284999255,0.29760000000000003,0.19806647715000747
19.886254748,930.0,0.0,920.0,10.0,0.09073600634999593,0.3534,0.44413600634999595,940.0,-10.0,-0.1,0.29760000000000003,0.19760000000000003
19.930404044,930.0,0.0,940.0,-10.0,-0.1,0.3534,0.25339999999999996,920.0,10.0,0.09222355025000525,0.29760000000000003,0.38982355025000526
19.950411796,930.0,0.0,940.0,-10.0,-0.1,0.3534,0.25339999999999996,940.0,-10.0,-0.0986660185999881,0.29760000000000003,0.19893398140001195
19.97165534,930.0,0.0,940.0,-10.0,-0.1,0.3534,0.25339999999999996,940.0,-10.0,-0.09979791869999417,0.29760000000000003,0.19780208130000587
19.983878799,930.0,0.0,940.0,-10.0,-0.1,0.3534,0.25339999999999996,940.0,-10.0,-0.1,0.29760000000000003,0.19760000000000003
19.997347384,930.0,0.0,940.0,-10.0,-0.1,0.3534,0.25339999999999996,920.0,10.0,0.09067221885000208,0.29760000000000003,0.3882722188500021
20.00944426,930.0,0.0,940.0,-10.0,-0.1,0.3534,0.25339999999999996,920.0,10.0,0.09127812725000922,0.29760000000000003,0.38887812725000925
20.02379922,930.0,0.0,920.0,10.0,0.09064803965000237,0.3534,0.4440480396500024,920.0,10.0,0.09192618145000551,0.29760000000000003,0.38952618145000556
20.037803305,930.0,0.0,940.0,-10.0,-0.1,0.3534,0.25339999999999996,920.0,10.0,0.09262880655000118,0.29760000000000003,0.3902288065500012
20.055041973,930.0,0.0,940.0,-10.0,-0.1,0.3534,0.25339999999999996,940.0,-10.0,-0.09819166644999769,0.29760000000000003,0.19940833355000234
20.067508974,930.0,0.0,940.0,-10.0,-0.1,0.3534,0.25339999999999996,940.0,-10.0,-0.09892210190000697,0.29760000000000003,0.19867789809999306
20.080664892,930.0,0.0,940.0,-10.0,-0.1,0.3534,0.25339999999999996,940.0,-10.0,-0.09958193950000123,0.29760000000000003,0.19801806049999882
20.093154644,930.0,0.0,940.0,-10.0,-0.1,0.3534,0.25339999999999996,920.0,10.0,0.09104575640000348,0.29760000000000003,0.38864575640000354
20.108626395,930.0,0.0,920.0,10.0,0.0906376854999985,0.3534,0.4440376854999985,920.0,10.0,0.09168347105000066,0.29760000000000003,0.3892834710500007
20.122925938,930.0,0.0,940.0,-10.0,-0.1,0.3534,0.25339999999999996,920.0,10.0,0.09246545859999969,0.29760000000000003,0.39006545859999975
20.13656369,930.0,0.0,920.0,10.0,0.09067548550000538,0.3534,0.44407548550000536,940.0,-10.0,-0.09821002689999432,0.29760000000000003,0.19938997310000572
20.149459149,930.0,0.0,940.0,-10.0,-0.0999862624999878,0.3534,0.25341373750001217,940.0,-10.0,-0.09887176029999409,0.29760000000000003,0.19872823970000594
20.163229026,930.0,0.0,920.0,10.0,0.09067458130001796,0.3534,0.444074581300018,920.0,10.0,0.09178909810001643,0.29760000000000003,0.38938909810001643
20.180045361,930.0,0.0,940.0,-10.0,-0.1,0.3534,0.25339999999999996,920.0,10.0,0.09254591485000901,0.29760000000000003,0.39014591485000905
20.196637404,930.0,0.0,920.0,10.0,0.09084036465000281,0.3534,0.44424036465000283,920.0,10.0,0.09338632325001527,0.29760000000000003,0.3909863232500153
20.209721572,930.0,0.0,940.0,-10.0,-0.09991232499999114,0.3534,0.25348767500000885,940.0,-10.0,-0.09736638099998345,0.29760000000000003,0.20023361900001657
20.223797698,930.0,0.0,920.0,10.0,0.09078761675001715,0.3534,0.44418761675001717,940.0,-10.0,-0.0980663081499756,0.29760000000000003,0.19953369185002442
20.238390658,930.0,0.0,940.0,-10.0,-0.09994779164998135,0.3534,0.25345220835001864,940.0,-10.0,-0.09880167279998205,0.29760000000000003,0.198798327200018
20.253062368,930.0,0.0,940.0,-10.0,-0.1,0.3534,0.25339999999999996,920.0,10.0,0.09193847520001783,0.29760000000000003,0.38953847520001783
20.265384703,930.0,0.0,940.0,-10.0,-0.1,0.3534,0.25339999999999996,940.0,-10.0,-0.09872882904998051,0.29760000000000003,0.19887117095001952
20.279427579,930.0,0.0,940.0,-10.0,-0.1,0.3534,0.25339999999999996,920.0,10.0,0.09197312515001613,0.29760000000000003,0.3895731251500162
20.291007622,930.0,0.0,940.0,-10.0,-0.1,0.3534,0.25339999999999996,940.0,-10.0,-0.09861133119999295,0.29760000000000003,0.1989886688000071
20.304759998,930.0,0.0,940.0,-10.0,-0.1,0.3534,0.25339999999999996,940.0,-10.0,-0.09929862914998466,0.29760000000000003,0.19830137085001537
20.318291,930.0,0.0,920.0,10.0,0.09061712294999552,0.3534,0.4440171229499955,940.0,-10.0,-0.09991572299999234,0.29760000000000003,0.19768427700000768
20.333381251,930.0,0.0,940.0,-10.0,-0.1,0.3534,0.25339999999999996,940.0,-10.0,-0.1,0.29760000000000003,0.19760000000000003
20.344588836,930.0,0.0,940.0,-10.0,-0.1,0.3534,0.25339999999999996,940.0,-10.0,-0.1,0.29760000000000003,0.19760000000000003
20.355653795,930.0,0.0,940.0,-10.0,-0.1,0.3534,0.25339999999999996,940.0,-10.0,-0.1,0.29760000000000003,0.19760000000000003
20.368290838,930.0,0.0,940.0,-10.0,-0.1,0.3534,0.25339999999999996,920.0,10.0,0.09054563544999837,0.29760000000000003,0.3881456354499984
20.380548714,930.0,0.0,940.0,-10.0,-0.1,0.3534,0.25339999999999996,920.0,10.0,0.09115409594999392,0.29760000000000003,0.38875409594999394
20.391847007,930.0,0.0,940.0,-10.0,-0.1,0.3534,0.25339999999999996,940.0,-10.0,-0.09941038120000485,0.29760000000000003,0.1981896187999952
20.434859386,930.0,0.0,920.0,10.0,0.09206440230000454,0.3534,0.4454644023000045,940.0,-10.0,-0.1,0.29760000000000003,0.19760000000000003
20.453523722,930.0,0.0,940.0,-10.0,-0.09872025399999984,0.3534,0.25467974600000015,920.0,10.0,0.09078464175001046,0.29760000000000003,0.3883846417500105
20.476760807,930.0,0.0,940.0,-10.0,-0.0999209728999972,0.3534,0.2534790271000028,920.0,10.0,0.09198537520000173,0.29760000000000003,0.38958537520000175
20.491703475,930.0,0.0,920.0,10.0,0.09094740634999653,0.3534,0.44434740634999653,940.0,-10.0,-0.0988829894499986,0.29760000000000003,0.19871701055000143
20.507055352,930.0,0.0,920.0,10.0,0.09172242310000002,0.3534,0.4451224231,940.0,-10.0,-0.09965800620000209,0.29760000000000003,0.19794199379999794
20.520970187,930.0,0.0,940.0,-10.0,-0.09898399360000668,0.3534,0.2544160063999933,920.0,10.0,0.09104845429999614,0.29760000000000003,0.38864845429999617
20.535057396,930.0,0.0,920.0,10.0,0.09169779189999418,0.3534,0.44509779189999416,940.0,-10.0,-0.09963331659999994,0.29760000000000003,0.1979666834000001
20.549318148,930.0,0.0,940.0,-10.0,-0.09900936860000228,0.3534,0.25439063139999774,920.0,10.0,0.09107382930000313,0.29760000000000003,0.38867382930000316
20.564013774,930.0,0.0,920.0,10.0,0.0917392814499999,0.3534,0.4451392814499999,920.0,10.0,0.09182247940000479,0.29760000000000003,0.38942247940000485
20.579585859,930.0,0.0,940.0,-10.0,-0.09899488739999925,0.3534,0.25440511260000076,940.0,-10.0,-0.09891167479999012,0.29760000000000003,0.1986883252000099
20.594335152,930.0,0.0,940.0,-10.0,-0.0997624228999939,0.3534,0.2536375771000061,940.0,-10.0,-0.09967919574999087,0.29760000000000003,0.19792080425000916
20.611053779,930.0,0.0,940.0,-10.0,-0.1,0.3534,0.25339999999999996,940.0,-10.0,-0.1,0.29760000000000003,0.19760000000000003
20.624879655,930.0,0.0,940.0,-10.0,-0.1,0.3534,0.25339999999999996,920.0,10.0,0.09080750839999838,0.29760000000000003,0.3884075083999984
20.640834699,930.0,0.0,920.0,10.0,0.09074433340000723,0.3534,0.44414433340000725,920.0,10.0,0.09155184184999371,0.29760000000000003,0.38915184184999374
20.654671658,930.0,0.0,940.0,-10.0,-0.09995186039999453,0.3534,0.25344813960000545,920.0,10.0,0.09224803564999548,0.29760000000000003,0.3898480356499955
20.668387868,930.0,0.0,920.0,10.0,0.09072627925000007,0.3534,0.44412627925000003,940.0,-10.0,-0.09843010400001048,0.29760000000000003,0.19916989599998955
20.683863703,930.0,0.0,940.0,-10.0,-0.1,0.3534,0.25339999999999996,920.0,10.0,0.09233527314999265,0.29760000000000003,0.38993527314999266
20.700258288,930.0,0.0,920.0,10.0,0.09075391464999939,0.3534,0.44415391464999937,940.0,-10.0,-0.09841853945000593,0.29760000000000003,0.19918146054999408
20.714572414,930.0,0.0,940.0,-10.0,-0.1,0.3534,0.25339999999999996,920.0,10.0,0.09237701059999154,0.29760000000000003,0.38997701059999157
20.728481124,930.0,0.0,940.0,-10.0,-0.1,0.3534,0.25339999999999996,940.0,-10.0,-0.09837161035001145,0.29760000000000003,0.19922838964998857
20.742066667,930.0,0.0,940.0,-10.0,-0.1,0.3534,0.25339999999999996,940.0,-10.0,-0.09905438750000713,0.29760000000000003,0.19854561249999292
20.754807835,930.0,0.0,940.0,-10.0,-0.1,0.3534,0.25339999999999996,920.0,10.0,0.09158217504999812,0.29760000000000003,0.38918217504999814
20.768503045,930.0,0.0,940.0,-10.0,-0.1,0.3534,0.25339999999999996,940.0,-10.0,-0.09909856044999969,0.29760000000000003,0.19850143955000032
20.782472421,930.0,0.0,920.0,10.0,0.0906269083999996,0.3534,0.4440269083999996,920.0,10.0,0.0915283479499999,0.29760000000000003,0.38912834794999995
20.797119339,930.0,0.0,940.0,-10.0,-0.1,0.3534,0.25339999999999996,920.0,10.0,0.09227342509999745,0.29760000000000003,0.38987342509999745
20.809886466,930.0,0.0,920.0,10.0,0.09064115630000288,0.3534,0.44404115630000285,940.0,-10.0,-0.09836774579999882,0.29760000000000003,0.1992322542000012
20.823499717,930.0,0.0,940.0,-10.0,-0.1,0.3534,0.25339999999999996,940.0,-10.0,-0.09903850624999677,0.29760000000000003,0.19856149375000326
20.834918176,930.0,0.0,940.0,-10.0,-0.1,0.3534,0.25339999999999996,940.0,-10.0,-0.0996657063500038,0.29760000000000003,0.19793429364999623
20.851738887,930.0,0.0,940.0,-10.0,-0.1,0.3534,0.25339999999999996,920.0,10.0,0.09119058329999007,0.29760000000000003,0.3887905832999901
20.863825846,930.0,0.0,940.0,-10.0,-0.1,0.3534,0.25339999999999996,920.0,10.0,0.09179032294998933,0.29760000000000003,0.3893903229499894
20.876415056,930.0,0.0,940.0,-10.0,-0.1,0.3534,0.25339999999999996,940.0,-10.0,-0.09883658545002164,0.29760000000000003,0.1987634145499784
20.888980057,930.0,0.0,940.0,-10.0,-0.1,0.3534,0.25339999999999996,940.0,-10.0,-0.09946264800001928,0.29760000000000003,0.19813735199998075
20.901514725,930.0,0.0,940.0,-10.0,-0.1,0.3534,0.25339999999999996,940.0,-10.0,-0.1,0.29760000000000003,0.19760000000000003
20.943366562,930.0,0.0,940.0,-10.0,-0.1,0.3534,0.25339999999999996,920.0,10.0,0.09209419604999539,0.29760000000000003,0.38969419604999544
20.960752522,930.0,0.0,920.0,10.0,0.09062797299999602,0.3534,0.444027972999996,940.0,-10.0,-0.09853374775000248,0.29760000000000003,0.19906625224999755
20.9811269,930.0,0.0,940.0,-10.0,-0.1,0.3534,0.25339999999999996,940.0,-10.0,-0.09965452075000485,0.29760000000000003,0.19794547924999517
20.993161359,930.0,0.0,920.0,10.0,0.09067832919999091,0.3534,0.4440783291999909,940.0,-10.0,-0.1,0.29760000000000003,0.19760000000000003
21.006025902,930.0,0.0,940.0,-10.0,-0.09996736255001223,0.3534,0.2534326374499878,920.0,10.0,0.09064569170000368,0.29760000000000003,0.3882456917000037
21.018429903,930.0,0.0,920.0,10.0,0.09065299794998737,0.3534,0.44405299794998737,920.0,10.0,0.0912660376000099,0.29760000000000003,0.38886603760000993
21.031578821,930.0,0.0,940.0,-10.0,-0.1,0.3534,0.25339999999999996,920.0,10.0,0.09193052724999916,0.29760000000000003,0.3895305272499992
21.044356156,930.0,0.0,940.0,-10.0,-0.1,0.3534,0.25339999999999996,920.0,10.0,0.09259277110000085,0.29760000000000003,0.3901927711000009
21.058492657,930.0,0.0,940.0,-10.0,-0.1,0.3534,0.25339999999999996,940.0,-10.0,-0.0981395164499986,0.29760000000000003,0.19946048355000143
21.069960408,930.0,0.0,940.0,-10.0,-0.1,0.3534,0.25339999999999996,940.0,-10.0,-0.09871606860000384,0.29760000000000003,0.1988839313999962
21.084558327,930.0,0.0,920.0,10.0,0.09065226880000182,0.3534,0.4440522688000018,920.0,10.0,0.09193620019999799,0.29760000000000003,0.389536200199998
21.098366411,930.0,0.0,940.0,-10.0,-0.1,0.3534,0.25339999999999996,920.0,10.0,0.09261550655000064,0.29760000000000003,0.3902155065500007
21.112429704,930.0,0.0,920.0,10.0,0.09066691044999062,0.3534,0.4440669104499906,920.0,10.0,0.09328244620000078,0.29760000000000003,0.3908824462000008
21.124996164,930.0,0.0,940.0,-10.0,-0.1,0.3534,0.25339999999999996,940.0,-10.0,-0.09740915384999198,0.29760000000000003,0.20019084615000804
21.138101624,930.0,0.0,920.0,10.0,0.09064989170000445,0.3534,0.4440498917000044,940.0,-10.0,-0.0980590455999959,0.29760000000000003,0.19954095440000413
21.150100791,930.0,0.0,940.0,-10.0,-0.09996214169999576,0.3534,0.2534378583000042,940.0,-10.0,-0.09867107894999663,0.29760000000000003,0.1989289210500034
21.162742501,930.0,0.0,940.0,-10.0,-0.1,0.3534,0.25339999999999996,940.0,-10.0,-0.09931462694999027,0.29760000000000003,0.19828537305000976
21.175486294,930.0,0.0,920.0,10.0,0.0906223584000054,0.3534,0.44402235840000537,920.0,10.0,0.09130771685001036,0.29760000000000003,0.3889077168500104
21.188990462,930.0,0.0,940.0,-10.0,-0.1,0.3534,0.25339999999999996,940.0,-10.0,-0.09935505199998715,0.29760000000000003,0.19824494800001288
21.204370047,930.0,0.0,920.0,10.0,0.09077936259999661,0.3534,0.4441793625999966,920.0,10.0,0.09142428140002266,0.29760000000000003,0.3890242814000227
21.219246215,930.0,0.0,940.0,-10.0,-0.09995120410001164,0.3534,0.25344879589998837,940.0,-10.0,-0.09930628534997368,0.29760000000000003,0.19829371465002635
21.23268505,930.0,0.0,920.0,10.0,0.09069431264998912,0.3534,0.4440943126499891,940.0,-10.0,-0.09995181664996836,0.29760000000000003,0.19764818335003168
21.246231801,930.0,0.0,940.0,-10.0,-0.1,0.3534,0.25339999999999996,920.0,10.0,0.09077018965004072,0.29760000000000003,0.3883701896500408
21.259385094,930.0,0.0,920.0,10.0,0.09066596254999923,0.3534,0.4440659625499992,940.0,-10.0,-0.0998957583499532,0.29760000000000003,0.19770424165004682
21.272827137,930.0,0.0,940.0,-10.0,-0.09999345210000002,0.3534,0.25340654789999995,920.0,10.0,0.09076365630004603,0.29760000000000003,0.38836365630004605
21.28543793,930.0,0.0,940.0,-10.0,-0.1,0.3534,0.25339999999999996,920.0,10.0,0.09139628135004842,0.29760000000000003,0.38899628135004843
21.298219931,930.0,0.0,940.0,-10.0,-0.1,0.3534,0.25339999999999996,940.0,-10.0,-0.09930621249994828,0.29760000000000003,0.19829378750005175
21.312748725,930.0,0.0,960.0,-30.0,-0.29,0.3534,0.06340000000000001,920.0,10.0,0.09136777090006035,0.29760000000000003,0.3889677709000604
# 21.324 Shooter Ready
21.327857643,930.0,0.0,940.0,-10.0,-0.1,0.3534,0.25339999999999996,920.0,10.0,0.0920965293000586,0.29760000000000003,0.3896965293000586
21.339308186,930.0,0.0,940.0,-10.0,-0.1,0.3534,0.25339999999999996,920.0,10.0,0.09274961480005231,0.29760000000000003,0.39034961480005237
21.351438895,930.0,0.0,940.0,-10.0,-0.1,0.3534,0.25339999999999996,940.0,-10.0,-0.0978598956499468,0.29760000000000003,0.19974010435005324
21.364311313,930.0,0.0,920.0,10.0,0.09058512715000916,0.3534,0.44398512715000915,940.0,-10.0,-0.09844502279995596,0.29760000000000003,0.19915497720004408
21.377966273,930.0,0.0,940.0,-10.0,-0.1,0.3534,0.25339999999999996,920.0,10.0,0.09222233975003974,0.29760000000000003,0.38982233975003977
21.390511441,930.0,0.0,920.0,10.0,0.09064026674999695,0.3534,0.44404026674999697,940.0,-10.0,-0.09841794159996198,0.29760000000000003,0.19918205840003805
21.40418565,930.0,0.0,940.0,-10.0,-0.1,0.3534,0.25339999999999996,920.0,10.0,0.09226094180003429,0.29760000000000003,0.38986094180003433
21.445865113,930.0,0.0,920.0,10.0,0.09205983770000557,0.3534,0.4454598377000056,940.0,-10.0,-0.09979888129996653,0.29760000000000003,0.1978011187000335
21.465904365,930.0,0.0,940.0,-10.0,-0.09879661239998541,0.3534,0.25460338760001455,940.0,-10.0,-0.1,0.29760000000000003,0.19760000000000003
21.491699076,930.0,0.0,960.0,-30.0,-0.29,0.3534,0.06340000000000001,920.0,10.0,0.09135931265000409,0.29760000000000003,0.3889593126500041
# 21.504 Shooter Ready
21.507378786,930.0,0.0,940.0,-10.0,-0.1,0.3534,0.25339999999999996,920.0,10.0,0.09223183355000174,0.29760000000000003,0.3898318335500018
21.51911662,930.0,0.0,940.0,-10.0,-0.1,0.3534,0.25339999999999996,940.0,-10.0,-0.0984241248499984,0.29760000000000003,0.19917587515000162
21.532674455,930.0,0.0,920.0,10.0,0.09059437294999043,0.3534,0.44399437294999045,940.0,-10.0,-0.09901456034999682,0.29760000000000003,0.1985854396500032
21.54648604,930.0,0.0,920.0,10.0,0.09129152929999919,0.3534,0.44469152929999917,940.0,-10.0,-0.09971563960000367,0.29760000000000003,0.19788436039999635
21.559459958,930.0,0.0,920.0,10.0,0.09195155645000114,0.3534,0.44535155645000113,920.0,10.0,0.09094428544998664,0.29760000000000003,0.38854428544998665
21.573642251,930.0,0.0,940.0,-10.0,-0.09876928319998797,0.3534,0.25463071680001204,940.0,-10.0,-0.09977662710001596,0.29760000000000003,0.19782337289998408
21.58730421,930.0,0.0,940.0,-10.0,-0.0994178040999941,0.3534,0.2539821959000059,920.0,10.0,0.09087190839998358,0.29760000000000003,0.3884719083999836
21.601813754,930.0,0.0,940.0,-10.0,-0.1,0.3534,0.25339999999999996,940.0,-10.0,-0.09986191045002216,0.29760000000000003,0.19773808954997787
21.617158922,930.0,0.0,920.0,10.0,0.09072120424999866,0.3534,0.4441212042499987,940.0,-10.0,-0.1,0.29760000000000003,0.19760000000000003
21.629182006,930.0,0.0,940.0,-10.0,-0.1,0.3534,0.25339999999999996,940.0,-10.0,-0.1,0.29760000000000003,0.19760000000000003
21.639474632,930.0,0.0,940.0,-10.0,-0.1,0.3534,0.25339999999999996,940.0,-10.0,-0.1,0.29760000000000003,0.19760000000000003
21.653948592,930.0,0.0,920.0,10.0,0.09055437084999994,0.3534,0.44395437084999995,920.0,10.0,0.09055437089999942,0.29760000000000003,0.38815437089999943
21.66821751,930.0,0.0,940.0,-10.0,-0.1,0.3534,0.25339999999999996,940.0,-10.0,-0.1,0.29760000000000003,0.19760000000000003
21.682194178,930.0,0.0,940.0,-10.0,-0.1,0.3534,0.25339999999999996,920.0,10.0,0.0907593687999929,0.29760000000000003,0.38835936879999294
21.695928763,930.0,0.0,940.0,-10.0,-0.1,0.3534,0.25339999999999996,920.0,10.0,0.09142765009999267,0.29760000000000003,0.3890276500999927
21.710623223,930.0,0.0,940.0,-10.0,-0.1,0.3534,0.25339999999999996,920.0,10.0,0.09216959184999723,0.29760000000000003,0.38976959184999727
21.722420557,930.0,0.0,940.0,-10.0,-0.1,0.3534,0.25339999999999996,940.0,-10.0,-0.09844560615000546,0.29760000000000003,0.19915439384999456
21.736248475,930.0,0.0,920.0,10.0,0.09062524589999385,0.3534,0.4440252458999938,940.0,-10.0,-0.09907083745000592,0.29760000000000003,0.19852916254999411
21.74888931,930.0,0.0,940.0,-10.0,-0.1,0.3534,0.25339999999999996,920.0,10.0,0.0915636834499901,0.29760000000000003,0.38916368344999014
21.762891353,930.0,0.0,920.0,10.0,0.09069215419999864,0.3534,0.44409215419999865,940.0,-10.0,-0.09912847080000801,0.29760000000000003,0.198471529199992
21.775890354,930.0,0.0,940.0,-10.0,-0.0999478500500004,0.3534,0.2534521499499996,940.0,-10.0,-0.09976847500000759,0.29760000000000003,0.19783152499999246
21.789734022,930.0,0.0,920.0,10.0,0.09076110420000078,0.3534,0.44416110420000077,940.0,-10.0,-0.1,0.29760000000000003,0.19760000000000003
21.801169982,930.0,0.0,940.0,-10.0,-0.09991220834999695,0.3534,0.253487791650003,940.0,-10.0,-0.1,0.29760000000000003,0.19760000000000003
21.816043525,930.0,0.0,940.0,-10.0,-0.1,0.3534,0.25339999999999996,920.0,10.0,0.0906063167499974,0.29760000000000003,0.38820631674999745
21.828395901,930.0,0.0,940.0,-10.0,-0.1,0.3534,0.25339999999999996,940.0,-10.0,-0.1,0.29760000000000003,0.19760000000000003
21.839975069,930.0,0.0,940.0,-10.0,-0.1,0.3534,0.25339999999999996,940.0,-10.0,-0.1,0.29760000000000003,0.19760000000000003
21.850495195,930.0,0.0,940.0,-10.0,-0.1,0.3534,0.25339999999999996,940.0,-10.0,-0.1,0.29760000000000003,0.19760000000000003
21.861308446,930.0,0.0,940.0,-10.0,-0.1,0.3534,0.25339999999999996,940.0,-10.0,-0.1,0.29760000000000003,0.19760000000000003
21.874893114,930.0,0.0,920.0,10.0,0.09051315834999742,0.3534,0.4439131583499974,920.0,10.0,0.09051317300000164,0.29760000000000003,0.3881131730000017
21.889889157,930.0,0.0,940.0,-10.0,-0.1,0.3534,0.25339999999999996,920.0,10.0,0.09126748139999791,0.29760000000000003,0.38886748139999794
21.903443201,930.0,0.0,920.0,10.0,0.0906685876000006,0.3534,0.44406858760000056,920.0,10.0,0.09193603980000034,0.29760000000000003,0.3895360398000004
21.917650285,930.0,0.0,940.0,-10.0,-0.1,0.3534,0.25339999999999996,940.0,-10.0,-0.09876737275000096,0.29760000000000003,0.19883262724999906
21.960825415,930.0,0.0,940.0,-10.0,-0.1,0.3534,0.25339999999999996,920.0,10.0,0.0934613400000012,0.29760000000000003,0.39106134000000126
21.977346875,930.0,0.0,940.0,-10.0,-0.1,0.3534,0.25339999999999996,920.0,10.0,0.09413354419999906,0.29760000000000003,0.39173354419999906
21.998330543,930.0,0.0,940.0,-10.0,-0.1,0.3534,0.25339999999999996,960.0,-30.0,-0.2891928124500077,0.29760000000000003,0.008407187549992312
22.011493461,930.0,0.0,920.0,10.0,0.09070243549999987,0.3534,0.44410243549999984,940.0,-10.0,-0.09989526250000154,0.29760000000000003,0.1977047374999985
22.027266796,930.0,0.0,920.0,10.0,0.09147783139999546,0.3534,0.4448778313999955,940.0,-10.0,-0.1,0.29760000000000003,0.19760000000000003
22.040584006,930.0,0.0,920.0,10.0,0.09214496064999139,0.3534,0.4455449606499914,920.0,10.0,0.0906671583999946,0.29760000000000003,0.38826715839999465
22.059780633,930.0,0.0,940.0,-10.0,-0.09881395195001233,0.3534,0.25458604804998763,920.0,10.0,0.09162607099999832,0.29760000000000003,0.38922607099999834
22.072489134,930.0,0.0,940.0,-10.0,-0.09945531240001629,0.3534,0.2539446875999837,920.0,10.0,0.09226746065000044,0.29760000000000003,0.38986746065000044
22.087053802,930.0,0.0,940.0,-10.0,-0.1,0.3534,0.25339999999999996,940.0,-10.0,-0.0984181456999977,0.29760000000000003,0.19918185430000235
22.100485929,930.0,0.0,920.0,10.0,0.09071615839999594,0.3534,0.44411615839999596,920.0,10.0,0.09229799810000486,0.29760000000000003,0.3898979981000049
22.114897472,930.0,0.0,940.0,-10.0,-0.09998904790001006,0.3534,0.25341095209998993,940.0,-10.0,-0.09840713529998765,0.29760000000000003,0.19919286470001238
22.130591765,930.0,0.0,920.0,10.0,0.09071379589999197,0.3534,0.44411379589999195,920.0,10.0,0.0922957668500112,0.29760000000000003,0.38989576685001126
22.147914142,930.0,0.0,940.0,-10.0,-0.1,0.3534,0.25339999999999996,940.0,-10.0,-0.0986410228499949,0.29760000000000003,0.19895897715000513
22.161280643,930.0,0.0,920.0,10.0,0.0906893251000065,0.3534,0.4440893251000065,920.0,10.0,0.09204830220000076,0.29760000000000003,0.3896483022000008
22.176580603,930.0,0.0,940.0,-10.0,-0.1,0.3534,0.25339999999999996,940.0,-10.0,-0.09869018330000472,0.29760000000000003,0.1989098166999953
22.191494104,930.0,0.0,920.0,10.0,0.0907085605000043,0.3534,0.4441085605000043,940.0,-10.0,-0.0993987145999995,0.29760000000000003,0.19820128540000054
22.207779606,930.0,0.0,940.0,-10.0,-0.1,0.3534,0.25339999999999996,940.0,-10.0,-0.1,0.29760000000000003,0.19760000000000003
22.221589441,930.0,0.0,940.0,-10.0,-0.1,0.3534,0.25339999999999996,920.0,10.0,0.09075986465000142,0.29760000000000003,0.38835986465000144
22.235059484,930.0,0.0,940.0,-10.0,-0.1,0.3534,0.25339999999999996,920.0,10.0,0.09143233139999665,0.29760000000000003,0.3890323313999967
22.248064902,930.0,0.0,940.0,-10.0,-0.1,0.3534,0.25339999999999996,940.0,-10.0,-0.09921146450000151,0.29760000000000003,0.19838853549999852
22.261294028,930.0,0.0,940.0,-10.0,-0.1,0.3534,0.25339999999999996,940.0,-10.0,-0.0998632229000009,0.29760000000000003,0.19773677709999915
22.273666238,930.0,0.0,940.0,-10.0,-0.1,0.3534,0.25339999999999996,940.0,-10.0,-0.1,0.29760000000000003,0.19760000000000003
22.286465739,930.0,0.0,940.0,-10.0,-0.1,0.3534,0.25339999999999996,920.0,10.0,0.0906312542000046,0.29760000000000003,0.38823125420000465
22.298975615,930.0,0.0,940.0,-10.0,-0.1,0.3534,0.25339999999999996,940.0,-10.0,-0.1,0.29760000000000003,0.19760000000000003
22.3115832,930.0,0.0,940.0,-10.0,-0.1,0.3534,0.25339999999999996,920.0,10.0,0.09063580424999827,0.29760000000000003,0.3882358042499983
22.323612701,930.0,0.0,940.0,-10.0,-0.1,0.3534,0.25339999999999996,920.0,10.0,0.09122444595000388,0.29760000000000003,0.3888244459500039
22.336805661,930.0,0.0,940.0,-10.0,-0.1,0.3534,0.25339999999999996,940.0,-10.0,-0.0994315707999931,0.29760000000000003,0.19816842920000693
22.349874954,930.0,0.0,940.0,-10.0,-0.1,0.3534,0.25339999999999996,920.0,10.0,0.09123706050001147,0.29760000000000003,0.3888370605000115
22.362508788,930.0,0.0,940.0,-10.0,-0.1,0.3534,0.25339999999999996,920.0,10.0,0.0918637647499986,0.29760000000000003,0.38946376474999866
22.382927499,930.0,0.0,920.0,10.0,0.0906237001000045,0.3534,0.44402370010000447,940.0,-10.0,-0.09875992070000165,0.29760000000000003,0.19884007929999836
22.405852501,930.0,0.0,920.0,10.0,0.09211261480001212,0.3534,0.44551261480001214,940.0,-10.0,-0.1,0.29760000000000003,0.19760000000000003
22.421023836,930.0,0.0,940.0,-10.0,-0.09861573529997258,0.3534,0.2547842647000274,920.0,10.0,0.09072836464999,0.29760000000000003,0.38832836464999004
22.472629299,930.0,0.0,940.0,-10.0,-0.1,0.3534,0.25339999999999996,960.0,-30.0,-0.29,0.29760000000000003,0.007600000000000051
22.492268093,930.0,0.0,940.0,-10.0,-0.1,0.3534,0.25339999999999996,920.0,10.0,0.0908879646999958,0.29760000000000003,0.3884879646999958
22.518607637,930.0,0.0,940.0,-10.0,-0.1,0.3534,0.25339999999999996,920.0,10.0,0.09223765235000428,0.29760000000000003,0.38983765235000434
22.53308568,930.0,0.0,940.0,-10.0,-0.1,0.3534,0.25339999999999996,940.0,-10.0,-0.09861729565000132,0.29760000000000003,0.1989827043499987
22.553614933,930.0,0.0,920.0,10.0,0.09090807510000559,0.3534,0.4443080751000056,940.0,-10.0,-0.09952535615000216,0.29760000000000003,0.19807464384999787
22.569753726,930.0,0.0,940.0,-10.0,-0.09995553539999946,0.3534,0.25344446460000053,940.0,-10.0,-0.1,0.29760000000000003,0.19760000000000003
22.587765311,930.0,0.0,920.0,10.0,0.09093423759999496,0.3534,0.44433423759999496,920.0,10.0,0.0908897584000124,0.29760000000000003,0.38848975840001243
22.606058938,930.0,0.0,940.0,-10.0,-0.09995438335001836,0.3534,0.25344561664998166,940.0,-10.0,-0.0999988333499914,0.29760000000000003,0.19760116665000863
22.628017065,930.0,0.0,920.0,10.0,0.09114977924997675,0.3534,0.44454977924997674,940.0,-10.0,-0.1,0.29760000000000003,0.19760000000000003
22.646053733,930.0,0.0,940.0,-10.0,-0.09980226460002087,0.3534,0.2535977353999791,940.0,-10.0,-0.1,0.29760000000000003,0.19760000000000003
22.662639943,930.0,0.0,940.0,-10.0,-0.1,0.3534,0.25339999999999996,940.0,-10.0,-0.1,0.29760000000000003,0.19760000000000003
22.675127945,930.0,0.0,940.0,-10.0,-0.1,0.3534,0.25339999999999996,920.0,10.0,0.09057986255001196,0.29760000000000003,0.388179862550012
22.694750988,930.0,0.0,940.0,-10.0,-0.1,0.3534,0.25339999999999996,940.0,-10.0,-0.1,0.29760000000000003,0.19760000000000003
22.707805115,930.0,0.0,920.0,10.0,0.09080628345001515,0.3534,0.4442062834500151,940.0,-10.0,-0.1,0.29760000000000003,0.19760000000000003
22.7291277,930.0,0.0,940.0,-10.0,-0.1,0.3534,0.25339999999999996,940.0,-10.0,-0.1,0.29760000000000003,0.19760000000000003
22.742496826,930.0,0.0,920.0,10.0,0.09057060209999236,0.3534,0.44397060209999234,920.0,10.0,0.09057060214999182,0.29760000000000003,0.3881706021499919
22.760699745,930.0,0.0,940.0,-10.0,-0.1,0.3534,0.25339999999999996,920.0,10.0,0.09145761890000813,0.29760000000000003,0.3890576189000082
22.772922038,930.0,0.0,940.0,-10.0,-0.1,0.3534,0.25339999999999996,920.0,10.0,0.09215604400000302,0.29760000000000003,0.3897560440000031
22.789892373,930.0,0.0,940.0,-10.0,-0.1,0.3534,0.25339999999999996,940.0,-10.0,-0.09867287274998944,0.29760000000000003,0.1989271272500106
22.801851291,930.0,0.0,940.0,-10.0,-0.1,0.3534,0.25339999999999996,940.0,-10.0,-0.09928896029998668,0.29760000000000003,0.19831103970001335
22.819042126,930.0,0.0,940.0,-10.0,-0.1,0.3534,0.25339999999999996,940.0,-10.0,-0.1,0.29760000000000003,0.19760000000000003
22.831327419,930.0,0.0,940.0,-10.0,-0.1,0.3534,0.25339999999999996,920.0,10.0,0.09061121674998504,0.29760000000000003,0.38821121674998504
22.848210837,930.0,0.0,940.0,-10.0,-0.1,0.3534,0.25339999999999996,940.0,-10.0,-0.1,0.29760000000000003,0.19760000000000003
22.861058755,930.0,0.0,940.0,-10.0,-0.1,0.3534,0.25339999999999996,940.0,-10.0,-0.1,0.29760000000000003,0.19760000000000003
22.877620757,930.0,0.0,940.0,-10.0,-0.1,0.3534,0.25339999999999996,940.0,-10.0,-0.1,0.29760000000000003,0.19760000000000003
22.888073508,930.0,0.0,940.0,-10.0,-0.1,0.3534,0.25339999999999996,940.0,-10.0,-0.1,0.29760000000000003,0.19760000000000003
22.906620301,930.0,0.0,920.0,10.0,0.09074288964999597,0.3534,0.44414288964999593,920.0,10.0,0.09074288964999597,0.29760000000000003,0.38834288964999597
22.919969886,930.0,0.0,940.0,-10.0,-0.09994070415000351,0.3534,0.2534592958499965,940.0,-10.0,-0.09994071875000828,0.29760000000000003,0.19765928124999177
22.940316263,930.0,0.0,920.0,10.0,0.09108354179999424,0.3534,0.4444835417999942,920.0,10.0,0.09108349805000217,0.29760000000000003,0.3886834980500022
22.99065356,930.0,0.0,940.0,-10.0,-0.1,0.3534,0.25339999999999996,940.0,-10.0,-0.1,0.29760000000000003,0.19760000000000003
23.01327202,930.0,0.0,920.0,10.0,0.09094772715001455,0.3534,0.4443477271500145,920.0,10.0,0.09094771259998652,0.29760000000000003,0.38854771259998655
23.042213815,930.0,0.0,920.0,10.0,0.09244744815001923,0.3534,0.4458474481500192,920.0,10.0,0.09244746275000125,0.29760000000000003,0.3900474627500013
23.059832817,930.0,0.0,940.0,-10.0,-0.09855041654996058,0.3534,0.2548495834500394,940.0,-10.0,-0.09855040195000128,0.29760000000000003,0.19904959804999875
23.080054652,930.0,0.0,940.0,-10.0,-0.09957339369996135,0.3534,0.2538266063000386,940.0,-10.0,-0.09957336454999677,0.29760000000000003,0.19802663545000326
23.095201779,930.0,0.0,940.0,-10.0,-0.1,0.3534,0.25339999999999996,940.0,-10.0,-0.1,0.29760000000000003,0.19760000000000003
23.124226698,930.0,0.0,920.0,10.0,0.0914464771999883,0.3534,0.44484647719998827,920.0,10.0,0.09144650639999782,0.29760000000000003,0.3890465063999978
23.137905866,930.0,0.0,940.0,-10.0,-0.09923571665001418,0.3534,0.2541642833499858,940.0,-10.0,-0.09923570200000995,0.29760000000000003,0.19836429799999009
23.156941201,930.0,0.0,920.0,10.0,0.09166713759999766,0.3534,0.44506713759999766,940.0,-10.0,-0.1,0.29760000000000003,0.19760000000000003
23.17276762,930.0,0.0,940.0,-10.0,-0.09917357704998722,0.3534,0.25422642295001274,920.0,10.0,0.09084070004998011,0.29760000000000003,0.38844070004998016
23.190981913,930.0,0.0,940.0,-10.0,-0.1,0.3534,0.25339999999999996,920.0,10.0,0.09174246059998495,0.29760000000000003,0.389342460599985
23.206650831,930.0,0.0,940.0,-10.0,-0.1,0.3534,0.25339999999999996,940.0,-10.0,-0.09902441860001546,0.29760000000000003,0.19857558139998457
23.22752075,930.0,0.0,940.0,-10.0,-0.1,0.3534,0.25339999999999996,920.0,10.0,0.09211970234997807,0.29760000000000003,0.3897197023499781
23.243239252,930.0,0.0,940.0,-10.0,-0.1,0.3534,0.25339999999999996,920.0,10.0,0.0928851378499894,0.29760000000000003,0.39048513784998945
23.258739295,930.0,0.0,940.0,-10.0,-0.1,0.3534,0.25339999999999996,920.0,10.0,0.09368366294999306,0.29760000000000003,0.39128366294999306
23.271260255,930.0,0.0,940.0,-10.0,-0.1,0.3534,0.25339999999999996,920.0,10.0,0.09430158799999845,0.29760000000000003,0.39190158799999847
23.288345798,930.0,0.0,940.0,-10.0,-0.1,0.3534,0.25339999999999996,940.0,-10.0,-0.09655258709999544,0.29760000000000003,0.2010474129000046
23.300211383,930.0,0.0,940.0,-10.0,-0.1,0.3534,0.25339999999999996,920.0,10.0,0.09404250045000936,0.29760000000000003,0.39164250045000937
23.317926051,930.0,0.0,940.0,-10.0,-0.1,0.3534,0.25339999999999996,940.0,-10.0,-0.09683836214999246,0.29760000000000003,0.20076163785000756
23.330953636,930.0,0.0,940.0,-10.0,-0.1,0.3534,0.25339999999999996,920.0,10.0,0.09381769829998575,0.29760000000000003,0.3914176982999858
23.358933805,930.0,0.0,920.0,10.0,0.09132157099999404,0.3534,0.44472157099999404,940.0,-10.0,-0.09750393100002838,0.29760000000000003,0.20009606899997165
23.373305682,930.0,0.0,920.0,10.0,0.09205221065000388,0.3534,0.44545221065000384,940.0,-10.0,-0.09823454150002817,0.29760000000000003,0.19936545849997186
23.392504058,930.0,0.0,940.0,-10.0,-0.09891332274999058,0.3534,0.2544866772500094,920.0,10.0,0.09273103569995783,0.29760000000000003,0.39033103569995786
23.407511477,930.0,0.0,940.0,-10.0,-0.09964159994999591,0.3534,0.25375840005000405,940.0,-10.0,-0.09799724145004803,0.29760000000000003,0.19960275854995202
23.42640302,930.0,0.0,940.0,-10.0,-0.1,0.3534,0.25339999999999996,940.0,-10.0,-0.09895430195006157,0.29760000000000003,0.19864569804993848
23.440339147,930.0,0.0,920.0,10.0,0.09070816675001879,0.3534,0.4441081667500188,940.0,-10.0,-0.09966246870005761,0.29760000000000003,0.1979375312999424
23.46207619,930.0,0.0,940.0,-10.0,-0.1,0.3534,0.25339999999999996,920.0,10.0,0.09137176679993445,0.29760000000000003,0.3889717667999345
23.510380279,930.0,0.0,920.0,10.0,0.09246986274999017,0.3534,0.4458698627499902,940.0,-10.0,-0.1,0.29760000000000003,0.19760000000000003
23.528570072,930.0,0.0,960.0,-30.0,-0.29,0.3534,0.06340000000000001,940.0,-10.0,-0.1,0.29760000000000003,0.19760000000000003
23.542471199,930.0,0.0,920.0,10.0,0.09084600839998075,0.3534,0.44424600839998074,940.0,-10.0,-0.1,0.29760000000000003,0.19760000000000003
23.557935658,930.0,0.0,940.0,-10.0,-0.09993186670003525,0.3534,0.25346813329996476,940.0,-10.0,-0.1,0.29760000000000003,0.19760000000000003
23.570419285,930.0,0.0,920.0,10.0,0.09067617084996528,0.3534,0.44407617084996526,940.0,-10.0,-0.1,0.29760000000000003,0.19760000000000003
23.591108953,930.0,0.0,940.0,-10.0,-0.1,0.3534,0.25339999999999996,920.0,10.0,0.09078296464998857,0.29760000000000003,0.3883829646499886
23.605236122,930.0,0.0,920.0,10.0,0.09081774595000752,0.3534,0.4442177459500075,940.0,-10.0,-0.1,0.29760000000000003,0.19760000000000003
23.623149415,930.0,0.0,940.0,-10.0,-0.1,0.3534,0.25339999999999996,940.0,-10.0,-0.1,0.29760000000000003,0.19760000000000003
23.633480249,930.0,0.0,920.0,10.0,0.09056119590001345,0.3534,0.44396119590001343,940.0,-10.0,-0.1,0.29760000000000003,0.19760000000000003
23.650840543,930.0,0.0,940.0,-10.0,-0.1,0.3534,0.25339999999999996,920.0,10.0,0.09076272300000256,0.29760000000000003,0.3883627230000026
23.665254711,930.0,0.0,920.0,10.0,0.09062826465000398,0.3534,0.444028264650004,940.0,-10.0,-0.09986554165000143,0.29760000000000003,0.1977344583499986
23.682295338,930.0,0.0,940.0,-10.0,-0.1,0.3534,0.25339999999999996,920.0,10.0,0.09104577094998603,0.29760000000000003,0.3886457709499861
23.695832172,930.0,0.0,920.0,10.0,0.09070775839999443,0.3534,0.4441077583999944,920.0,10.0,0.09175357309999527,0.29760000000000003,0.3893535730999953
23.717055008,930.0,0.0,940.0,-10.0,-0.1,0.3534,0.25339999999999996,940.0,-10.0,-0.09911145195001154,0.29760000000000003,0.1984885480499885
23.729284009,930.0,0.0,940.0,-10.0,-0.1,0.3534,0.25339999999999996,940.0,-10.0,-0.09997258329999567,0.29760000000000003,0.19762741670000436
23.746501677,930.0,0.0,960.0,-30.0,-0.29,0.3534,0.06340000000000001,940.0,-10.0,-0.1,0.29760000000000003,0.19760000000000003
23.765096304,930.0,0.0,960.0,-30.0,-0.29,0.3534,0.06340000000000001,920.0,10.0,0.0910120397000037,0.29760000000000003,0.38861203970000374
# 23.776 Shooter Ready
23.779798931,930.0,0.0,940.0,-10.0,-0.1,0.3534,0.25339999999999996,920.0,10.0,0.09169814185001088,0.29760000000000003,0.3892981418500109
23.797398974,930.0,0.0,940.0,-10.0,-0.1,0.3534,0.25339999999999996,940.0,-10.0,-0.09920602489999056,0.29760000000000003,0.19839397510000947
23.808504767,930.0,0.0,940.0,-10.0,-0.1,0.3534,0.25339999999999996,920.0,10.0,0.09137977305000732,0.29760000000000003,0.38897977305000736
23.825239144,930.0,0.0,940.0,-10.0,-0.1,0.3534,0.25339999999999996,940.0,-10.0,-0.09944468119999783,0.29760000000000003,0.1981553188000022
23.83826527,930.0,0.0,940.0,-10.0,-0.1,0.3534,0.25339999999999996,920.0,10.0,0.09121170014999734,0.29760000000000003,0.3888117001499974
23.863003856,930.0,0.0,920.0,10.0,0.09118012720001843,0.3534,0.44458012720001844,940.0,-10.0,-0.09996842704999835,0.29760000000000003,0.19763157295000167
23.87631844,930.0,0.0,940.0,-10.0,-0.09946957494996696,0.3534,0.25393042505003305,920.0,10.0,0.09068117299999813,0.29760000000000003,0.38828117299999815
23.895137651,930.0,0.0,920.0,10.0,0.09147192515003098,0.3534,0.444871925150031,940.0,-10.0,-0.1,0.29760000000000003,0.19760000000000003
23.907377735,930.0,0.0,940.0,-10.0,-0.0992420165999647,0.3534,0.25415798340003526,940.0,-10.0,-0.1,0.29760000000000003,0.19760000000000003
23.924825237,930.0,0.0,920.0,10.0,0.09164705640004286,0.3534,0.44504705640004283,940.0,-10.0,-0.1,0.29760000000000003,0.19760000000000003
23.935809696,930.0,0.0,940.0,-10.0,-0.09889898739995714,0.3534,0.2545010126000429,940.0,-10.0,-0.1,0.29760000000000003,0.19760000000000003
23.951372448,930.0,0.0,920.0,10.0,0.09186707515003946,0.3534,0.44526707515003944,940.0,-10.0,-0.1,0.29760000000000003,0.19760000000000003
23.965931283,930.0,0.0,940.0,-10.0,-0.0986799894999649,0.3534,0.2547200105000351,920.0,10.0,0.09054705009999907,0.29760000000000003,0.3881470500999991
24.013274621,930.0,0.0,920.0,10.0,0.09377317535003385,0.3534,0.44717317535003387,940.0,-10.0,-0.1,0.29760000000000003,0.19760000000000003
24.031579039,930.0,0.0,940.0,-10.0,-0.09709688099997038,0.3534,0.2563031190000296,940.0,-10.0,-0.1,0.29760000000000003,0.19760000000000003
24.044911999,930.0,0.0,920.0,10.0,0.09372287740003685,0.3534,0.44712287740003687,940.0,-10.0,-0.1,0.29760000000000003,0.19760000000000003
24.066308085,930.0,0.0,940.0,-10.0,-0.0972190018499532,0.3534,0.2561809981500468,920.0,10.0,0.09094189379999534,0.29760000000000003,0.3885418937999954
24.080001544,930.0,0.0,940.0,-10.0,-0.09792916649994368,0.3534,0.2554708335000563,920.0,10.0,0.09165204390000327,0.29760000000000003,0.3892520439000033
24.100156296,930.0,0.0,940.0,-10.0,-0.09882366449994606,0.3534,0.25457633550005393,940.0,-10.0,-0.09924246870000389,0.29760000000000003,0.19835753129999614
24.114843756,930.0,0.0,940.0,-10.0,-0.0996635187499578,0.3534,0.2537364812500422,940.0,-10.0,-0.1,0.29760000000000003,0.19760000000000003
24.135492008,930.0,0.0,920.0,10.0,0.09136037720003515,0.3534,0.44476037720003514,920.0,10.0,0.09102388134998819,0.29760000000000003,0.3886238813499882
24.150520718,930.0,0.0,920.0,10.0,0.0921071314500432,0.3534,0.44550713145004317,920.0,10.0,0.09177060639998671,0.29760000000000003,0.3893706063999868
24.17474247,930.0,0.0,940.0,-10.0,-0.09900301029995262,0.3534,0.25439698970004737,940.0,-10.0,-0.09933950620002178,0.29760000000000003,0.19826049379997823
24.191286972,930.0,0.0,940.0,-10.0,-0.09994296459994985,0.3534,0.25345703540005016,940.0,-10.0,-0.1,0.29760000000000003,0.19760000000000003
24.211619641,930.0,0.0,940.0,-10.0,-0.1,0.3534,0.25339999999999996,920.0,10.0,0.09098157510001328,0.29760000000000003,0.38858157510001334
24.225141309,930.0,0.0,940.0,-10.0,-0.1,0.3534,0.25339999999999996,920.0,10.0,0.0917670335000048,0.29760000000000003,0.38936703350000484
24.244571269,930.0,0.0,940.0,-10.0,-0.1,0.3534,0.25339999999999996,920.0,10.0,0.09270382319999954,0.29760000000000003,0.39030382319999957
24.258350187,930.0,0.0,920.0,10.0,0.09063549799999691,0.3534,0.4440354979999969,940.0,-10.0,-0.09793166020001536,0.29760000000000003,0.19966833979998466
24.276110939,930.0,0.0,940.0,-10.0,-0.1,0.3534,0.25339999999999996,940.0,-10.0,-0.09882936655001232,0.29760000000000003,0.19877063344998772
24.289022732,930.0,0.0,920.0,10.0,0.09064023755001017,0.3534,0.44404023755001015,940.0,-10.0,-0.09946957495001243,0.29760000000000003,0.1981304250499876
24.306390609,930.0,0.0,940.0,-10.0,-0.1,0.3534,0.25339999999999996,920.0,10.0,0.09141941054998824,0.29760000000000003,0.3890194105499883
24.318278651,930.0,0.0,940.0,-10.0,-0.1,0.3534,0.25339999999999996,940.0,-10.0,-0.09923627074999786,0.29760000000000003,0.19836372925000217
24.334118778,930.0,0.0,940.0,-10.0,-0.1,0.3534,0.25339999999999996,940.0,-10.0,-0.1,0.29760000000000003,0.19760000000000003
24.346789946,930.0,0.0,940.0,-10.0,-0.1,0.3534,0.25339999999999996,920.0,10.0,0.0905745541999886,0.29760000000000003,0.38817455419998864
24.368330698,930.0,0.0,940.0,-10.0,-0.1,0.3534,0.25339999999999996,940.0,-10.0,-0.1,0.29760000000000003,0.19760000000000003
24.377598699,930.0,0.0,940.0,-10.0,-0.1,0.3534,0.25339999999999996,940.0,-10.0,-0.1,0.29760000000000003,0.19760000000000003
24.390914742,930.0,0.0,940.0,-10.0,-0.1,0.3534,0.25339999999999996,940.0,-10.0,-0.1,0.29760000000000003,0.19760000000000003
24.403803785,930.0,0.0,920.0,10.0,0.0904809583999986,0.3534,0.4438809583999986,920.0,10.0,0.0904809583999986,0.29760000000000003,0.3880809583999986
24.420540787,930.0,0.0,920.0,10.0,0.09131366680000155,0.3534,0.4447136668000016,920.0,10.0,0.091313652250019,0.29760000000000003,0.38891365225001906
24.434546913,930.0,0.0,920.0,10.0,0.09200830020000922,0.3534,0.4454083002000092,940.0,-10.0,-0.09938098114996592,0.29760000000000003,0.19821901885003412
24.45351604,930.0,0.0,940.0,-10.0,-0.0989356353499943,0.3534,0.25446436465000566,940.0,-10.0,-0.1,0.29760000000000003,0.19760000000000003
24.467327625,930.0,0.0,940.0,-10.0,-0.0996303707999914,0.3534,0.25376962920000856,920.0,10.0,0.09069473549999657,0.29760000000000003,0.3882947354999966
24.487351418,930.0,0.0,940.0,-10.0,-0.1,0.3534,0.25339999999999996,920.0,10.0,0.091705025199999,0.29760000000000003,0.38930502519999904
24.53228909,930.0,0.0,940.0,-10.0,-0.1,0.3534,0.25339999999999996,940.0,-10.0,-0.1,0.29760000000000003,0.19760000000000003
24.544789341,930.0,0.0,920.0,10.0,0.09064375214999473,0.3534,0.4440437521499947,940.0,-10.0,-0.1,0.29760000000000003,0.19760000000000003
24.562317343,930.0,0.0,940.0,-10.0,-0.1,0.3534,0.25339999999999996,940.0,-10.0,-0.1,0.29760000000000003,0.19760000000000003
24.574474594,930.0,0.0,940.0,-10.0,-0.1,0.3534,0.25339999999999996,920.0,10.0,0.09056417090002014,0.29760000000000003,0.3881641709000202
24.590644304,930.0,0.0,940.0,-10.0,-0.1,0.3534,0.25339999999999996,940.0,-10.0,-0.1,0.29760000000000003,0.19760000000000003
24.603199097,930.0,0.0,940.0,-10.0,-0.1,0.3534,0.25339999999999996,940.0,-10.0,-0.1,0.29760000000000003,0.19760000000000003
24.618304807,930.0,0.0,920.0,10.0,0.09068495005000386,0.3534,0.44408495005000387,940.0,-10.0,-0.1,0.29760000000000003,0.19760000000000003
24.630043808,930.0,0.0,940.0,-10.0,-0.09991038544999356,0.3534,0.2534896145500064,940.0,-10.0,-0.1,0.29760000000000003,0.19760000000000003
24.64923956,930.0,0.0,940.0,-10.0,-0.1,0.3534,0.25339999999999996,920.0,10.0,0.09076091465000445,0.29760000000000003,0.3883609146500045
24.660834769,930.0,0.0,940.0,-10.0,-0.1,0.3534,0.25339999999999996,940.0,-10.0,-0.0999770749999925,0.29760000000000003,0.19762292500000753
24.680332105,930.0,0.0,920.0,10.0,0.09084619799999928,0.3534,0.44424619799999926,940.0,-10.0,-0.1,0.29760000000000003,0.19760000000000003
24.691788772,930.0,0.0,940.0,-10.0,-0.09989393539999583,0.3534,0.25350606460000413,940.0,-10.0,-0.1,0.29760000000000003,0.19760000000000003
24.706713941,930.0,0.0,920.0,10.0,0.09084158970000772,0.3534,0.4442415897000077,940.0,-10.0,-0.1,0.29760000000000003,0.19760000000000003
24.724042442,930.0,0.0,920.0,10.0,0.09160285434999424,0.3534,0.4450028543499942,920.0,10.0,0.09076127924999128,0.29760000000000003,0.3883612792499913
24.742486861,930.0,0.0,920.0,10.0,0.09252067110000098,0.3534,0.445920671100001,940.0,-10.0,-0.1,0.29760000000000003,0.19760000000000003
24.755923945,930.0,0.0,940.0,-10.0,-0.09816371019999223,0.3534,0.2552362898000078,920.0,10.0,0.09068441050000274,0.29760000000000003,0.3882844105000028
24.774657406,930.0,0.0,940.0,-10.0,-0.09908553739999207,0.3534,0.2543144626000079,920.0,10.0,0.09160623770000256,0.29760000000000003,0.3892062377000026
24.789297907,930.0,0.0,940.0,-10.0,-0.09983453744998769,0.3534,0.25356546255001233,920.0,10.0,0.0923552377499982,0.29760000000000003,0.38995523774999824
24.809274451,930.0,0.0,940.0,-10.0,-0.1,0.3534,0.25339999999999996,940.0,-10.0,-0.09863740609998786,0.29760000000000003,0.19896259390001217
24.821732119,930.0,0.0,940.0,-10.0,-0.1,0.3534,0.25339999999999996,940.0,-10.0,-0.09933338119999462,0.29760000000000003,0.1982666188000054
24.838223537,930.0,0.0,940.0,-10.0,-0.1,0.3534,0.25339999999999996,920.0,10.0,0.09148451050001769,0.29760000000000003,0.3890845105000177
24.850104872,930.0,0.0,940.0,-10.0,-0.1,0.3534,0.25339999999999996,920.0,10.0,0.09208168350000051,0.29760000000000003,0.38968168350000054
24.871825582,930.0,0.0,940.0,-10.0,-0.1,0.3534,0.25339999999999996,940.0,-10.0,-0.09901053534999846,0.29760000000000003,0.19858946465000157
24.885165542,930.0,0.0,920.0,10.0,0.09059202504999121,0.3534,0.4439920250499912,940.0,-10.0,-0.0996025604000124,0.29760000000000003,0.1979974395999876
24.902823627,930.0,0.0,940.0,-10.0,-0.1,0.3534,0.25339999999999996,920.0,10.0,0.09129772719999438,0.29760000000000003,0.3888977271999944
24.91604867,930.0,0.0,920.0,10.0,0.09065741674998208,0.3534,0.44405741674998206,920.0,10.0,0.09195512934999442,0.29760000000000003,0.3895551293499945
24.93383888,930.0,0.0,940.0,-10.0,-0.1,0.3534,0.25339999999999996,940.0,-10.0,-0.09893314159999136,0.29760000000000003,0.19866685840000867
24.946315215,930.0,0.0,920.0,10.0,0.09061611675000678,0.3534,0.44401611675000674,940.0,-10.0,-0.09954924374999337,0.29760000000000003,0.19805075625000668
24.963225175,930.0,0.0,940.0,-10.0,-0.1,0.3534,0.25339999999999996,920.0,10.0,0.09129241880001701,0.29760000000000003,0.388892418800017
24.974884259,930.0,0.0,940.0,-10.0,-0.1,0.3534,0.25339999999999996,940.0,-10.0,-0.09934847504996469,0.29760000000000003,0.19825152495003534
24.993608678,930.0,0.0,940.0,-10.0,-0.1,0.3534,0.25339999999999996,940.0,-10.0,-0.1,0.29760000000000003,0.19760000000000003
25.035679849,930.0,0.0,920.0,10.0,0.09207656479999514,0.3534,0.44547656479999515,940.0,-10.0,-0.1,0.29760000000000003,0.19760000000000003
25.05073335,930.0,0.0,940.0,-10.0,-0.09852011235000191,0.3534,0.2548798876499981,920.0,10.0,0.09059667714999706,0.29760000000000003,0.38819667714999706
25.06939506,930.0,0.0,940.0,-10.0,-0.09956896040000629,0.3534,0.2538310395999937,920.0,10.0,0.09164552520000144,0.29760000000000003,0.38924552520000144
25.087218229,930.0,0.0,940.0,-10.0,-0.1,0.3534,0.25339999999999996,940.0,-10.0,-0.0990373102499916,0.29760000000000003,0.19856268975000843
25.102628147,930.0,0.0,940.0,-10.0,-0.1,0.3534,0.25339999999999996,940.0,-10.0,-0.1,0.29760000000000003,0.19760000000000003
25.11460019,930.0,0.0,940.0,-10.0,-0.1,0.3534,0.25339999999999996,920.0,10.0,0.09059743550000349,0.29760000000000003,0.3881974355000035
25.130904066,930.0,0.0,940.0,-10.0,-0.1,0.3534,0.25339999999999996,920.0,10.0,0.09140780225001435,0.29760000000000003,0.3890078022500144
25.142799109,930.0,0.0,940.0,-10.0,-0.1,0.3534,0.25339999999999996,920.0,10.0,0.09201190230000066,0.29760000000000003,0.3896119023000007
25.16220282,930.0,0.0,920.0,10.0,0.09079887510000845,0.3534,0.44419887510000844,940.0,-10.0,-0.0987870019499951,0.29760000000000003,0.19881299805000494
25.175232446,930.0,0.0,940.0,-10.0,-0.09996486869997626,0.3534,0.2534351313000237,920.0,10.0,0.0919767564500171,0.29760000000000003,0.3895767564500171
25.194596198,930.0,0.0,920.0,10.0,0.09093582725003216,0.3534,0.4443358272500322,940.0,-10.0,-0.09892392489998655,0.29760000000000003,0.19867607510001348
25.207736366,930.0,0.0,920.0,10.0,0.09164642940003433,0.3534,0.4450464294000343,940.0,-10.0,-0.09963451244998396,0.29760000000000003,0.19796548755001608
25.228550285,930.0,0.0,900.0,30.0,0.28477910469999185,0.3534,0.6381791046999918,940.0,-10.0,-0.1,0.29760000000000003,0.19760000000000003
# 25.246 Shooter Ready
25.247362203,930.0,0.0,940.0,-10.0,-0.09626539750001939,0.3534,0.2571346024999806,940.0,-10.0,-0.1,0.29760000000000003,0.19760000000000003
25.261741955,930.0,0.0,920.0,10.0,0.0943361650499719,0.3534,0.4477361650499719,920.0,10.0,0.09060162089998812,0.29760000000000003,0.38820162089998816
25.279016206,930.0,0.0,940.0,-10.0,-0.09653963710004518,0.3534,0.25686036289995484,940.0,-10.0,-0.1,0.29760000000000003,0.19760000000000003
25.291443833,930.0,0.0,940.0,-10.0,-0.09717030800004522,0.3534,0.25622969199995477,920.0,10.0,0.09063072924999688,0.29760000000000003,0.3882307292499969
25.309185918,930.0,0.0,960.0,-30.0,-0.2897899270499829,0.3534,0.06361007295001708,940.0,-10.0,-0.1,0.29760000000000003,0.19760000000000003
25.319718002,930.0,0.0,960.0,-30.0,-0.29,0.3534,0.06340000000000001,940.0,-10.0,-0.1,0.29760000000000003,0.19760000000000003
25.335475879,930.0,0.0,940.0,-10.0,-0.1,0.3534,0.25339999999999996,940.0,-10.0,-0.1,0.29760000000000003,0.19760000000000003
25.349622588,930.0,0.0,960.0,-30.0,-0.29,0.3534,0.06340000000000001,920.0,10.0,0.09061394379999911,0.29760000000000003,0.38821394379999913
# 25.365 Shooter Ready
25.368428382,930.0,0.0,940.0,-10.0,-0.1,0.3534,0.25339999999999996,920.0,10.0,0.09153499804998774,0.29760000000000003,0.38913499804998775
25.391445259,930.0,0.0,960.0,-30.0,-0.29,0.3534,0.06340000000000001,920.0,10.0,0.09268544819998624,0.29760000000000003,0.3902854481999863
# 25.403 Shooter Ready
25.406592969,930.0,0.0,920.0,10.0,0.09074261255001602,0.3534,0.444142612550016,940.0,-10.0,-0.09805707685002289,0.29760000000000003,0.19954292314997712
25.424468054,930.0,0.0,940.0,-10.0,-0.1,0.3534,0.25339999999999996,940.0,-10.0,-0.09897904985002696,0.29760000000000003,0.19862095014997305
25.438162681,930.0,0.0,940.0,-10.0,-0.1,0.3534,0.25339999999999996,920.0,10.0,0.0917640585499521,0.29760000000000003,0.38936405854995215
25.456485474,930.0,0.0,940.0,-10.0,-0.1,0.3534,0.25339999999999996,920.0,10.0,0.09263706074995298,0.29760000000000003,0.390237060749953
25.470976351,930.0,0.0,940.0,-10.0,-0.1,0.3534,0.25339999999999996,920.0,10.0,0.09338969204997284,0.29760000000000003,0.39098969204997286
25.49994527,930.0,0.0,940.0,-10.0,-0.1,0.3534,0.25339999999999996,940.0,-10.0,-0.09805497685001682,0.29760000000000003,0.1995450231499832
25.566308777,930.0,0.0,920.0,10.0,0.0931140961500114,0.3534,0.44651409615001136,920.0,10.0,0.0950592942999856,0.29760000000000003,0.39265929429998564
25.583658862,930.0,0.0,940.0,-10.0,-0.09790622684997743,0.3534,0.25549377315002253,940.0,-10.0,-0.0959610287500027,0.29760000000000003,0.20163897124999733
25.597242363,930.0,0.0,920.0,10.0,0.09275993990003371,0.3534,0.4461599399000337,940.0,-10.0,-0.09662721005001913,0.29760000000000003,0.2009727899499809
25.611336573,930.0,0.0,940.0,-10.0,-0.09797021849994962,0.3534,0.25542978150005036,940.0,-10.0,-0.09735735385002045,0.29760000000000003,0.20024264614997958
25.625633783,930.0,0.0,920.0,10.0,0.09272584405006455,0.3534,0.44612584405006456,920.0,10.0,0.09333870874997047,0.29760000000000003,0.3909387087499705
25.639070284,930.0,0.0,940.0,-10.0,-0.09797821019992625,0.3534,0.25542178980007374,920.0,10.0,0.09404280674997609,0.29760000000000003,0.3916428067499761
25.651156952,930.0,0.0,940.0,-10.0,-0.09856911234992367,0.3534,0.25483088765007633,940.0,-10.0,-0.09654809535002187,0.29760000000000003,0.20105190464997816
25.665368704,930.0,0.0,920.0,10.0,0.09206125230008638,0.3534,0.4454612523000864,940.0,-10.0,-0.09717846000000918,0.29760000000000003,0.20042153999999085
25.679436955,930.0,0.0,960.0,-30.0,-0.29,0.3534,0.06340000000000001,920.0,10.0,0.09361735260000842,0.29760000000000003,0.39121735260000845
# 25.689 Shooter Ready
25.692372956,930.0,0.0,940.0,-10.0,-0.1,0.3534,0.25339999999999996,940.0,-10.0,-0.09702779954998278,0.29760000000000003,0.20057220045001725
25.703078874,930.0,0.0,940.0,-10.0,-0.1,0.3534,0.25339999999999996,940.0,-10.0,-0.09762360169997919,0.29760000000000003,0.19997639830002084
25.71454225,930.0,0.0,940.0,-10.0,-0.1,0.3534,0.25339999999999996,920.0,10.0,0.0929464754500168,0.29760000000000003,0.39054647545001686
25.725242043,930.0,0.0,940.0,-10.0,-0.1,0.3534,0.25339999999999996,940.0,-10.0,-0.09759020584999689,0.29760000000000003,0.20000979415000314
25.739183711,930.0,0.0,920.0,10.0,0.09057690215001003,0.3534,0.44397690215001,940.0,-10.0,-0.0981671079499847,0.29760000000000003,0.19943289205001533
25.75146142,930.0,0.0,940.0,-10.0,-0.1,0.3534,0.25339999999999996,920.0,10.0,0.09248784420002722,0.29760000000000003,0.39008784420002723
25.766067505,930.0,0.0,940.0,-10.0,-0.1,0.3534,0.25339999999999996,940.0,-10.0,-0.09830687464996117,0.29760000000000003,0.19929312535003885
25.778210757,930.0,0.0,940.0,-10.0,-0.1,0.3534,0.25339999999999996,920.0,10.0,0.09231208585005334,0.29760000000000003,0.3899120858500534
25.790055341,930.0,0.0,940.0,-10.0,-0.1,0.3534,0.25339999999999996,920.0,10.0,0.09289883170005396,0.29760000000000003,0.390498831700054
25.804898551,930.0,0.0,920.0,10.0,0.09067538340001648,0.3534,0.44407538340001645,940.0,-10.0,-0.09777652254992972,0.29760000000000003,0.1998234774500703
25.821060969,930.0,0.0,940.0,-10.0,-0.1,0.3534,0.25339999999999996,920.0,10.0,0.09296343585007436,0.29760000000000003,0.39056343585007436
25.834440887,930.0,0.0,920.0,10.0,0.09073524800000086,0.3534,0.44413524800000087,920.0,10.0,0.09369871300008527,0.29760000000000003,0.3912987130000853
25.848888014,930.0,0.0,940.0,-10.0,-0.09998022500001298,0.3534,0.253419774999987,920.0,10.0,0.09441418600007637,0.29760000000000003,0.3920141860000764
25.863443057,930.0,0.0,920.0,10.0,0.09070285839997269,0.3534,0.44410285839997266,940.0,-10.0,-0.09626889739993202,0.29760000000000003,0.201331102600068
25.878598642,930.0,0.0,920.0,10.0,0.09150085844998103,0.3534,0.444900858449981,940.0,-10.0,-0.0970668683499298,0.29760000000000003,0.20053313165007025
25.901535311,930.0,0.0,940.0,-10.0,-0.09964066670002011,0.3534,0.2537593332999799,940.0,-10.0,-0.09820836429992141,0.29760000000000003,0.19939163570007862
25.918435062,930.0,0.0,920.0,10.0,0.09121380004998172,0.3534,0.44461380004998174,940.0,-10.0,-0.09906290394992538,0.29760000000000003,0.19853709605007464
25.933298105,930.0,0.0,960.0,-30.0,-0.29,0.3534,0.06340000000000001,940.0,-10.0,-0.09981855399992128,0.29760000000000003,0.19778144600007874
25.946353398,930.0,0.0,940.0,-10.0,-0.1,0.3534,0.25339999999999996,940.0,-10.0,-0.1,0.29760000000000003,0.19760000000000003
25.958130608,930.0,0.0,940.0,-10.0,-0.1,0.3534,0.25339999999999996,940.0,-10.0,-0.1,0.29760000000000003,0.19760000000000003
25.976882443,930.0,0.0,960.0,-30.0,-0.29,0.3534,0.06340000000000001,920.0,10.0,0.09074698759999592,0.29760000000000003,0.388346987599996
# 25.988 Shooter Ready
25.993431903,930.0,0.0,940.0,-10.0,-0.1,0.3534,0.25339999999999996,940.0,-10.0,-0.1,0.29760000000000003,0.19760000000000003
26.007421988,930.0,0.0,940.0,-10.0,-0.1,0.3534,0.25339999999999996,920.0,10.0,0.09083055005000006,0.29760000000000003,0.3884305500500001
26.043481616,930.0,0.0,940.0,-10.0,-0.1,0.3534,0.25339999999999996,940.0,-10.0,-0.1,0.29760000000000003,0.19760000000000003
26.068256077,930.0,0.0,940.0,-10.0,-0.1,0.3534,0.25339999999999996,940.0,-10.0,-0.1,0.29760000000000003,0.19760000000000003
26.079324537,930.0,0.0,940.0,-10.0,-0.1,0.3534,0.25339999999999996,940.0,-10.0,-0.1,0.29760000000000003,0.19760000000000003
26.093624663,930.0,0.0,940.0,-10.0,-0.1,0.3534,0.25339999999999996,920.0,10.0,0.09061648130001686,0.29760000000000003,0.3882164813000169
26.105598164,930.0,0.0,940.0,-10.0,-0.1,0.3534,0.25339999999999996,920.0,10.0,0.09120626054999775,0.29760000000000003,0.3888062605499978
26.119130624,930.0,0.0,920.0,10.0,0.09061286464999739,0.3534,0.4440128646499974,940.0,-10.0,-0.09940656035000757,0.29760000000000003,0.19819343964999248
26.133178751,930.0,0.0,940.0,-10.0,-0.1,0.3534,0.25339999999999996,940.0,-10.0,-0.1,0.29760000000000003,0.19760000000000003
26.145625043,930.0,0.0,920.0,10.0,0.09068200425000669,0.3534,0.44408200425000666,940.0,-10.0,-0.1,0.29760000000000003,0.19760000000000003
26.162054045,930.0,0.0,920.0,10.0,0.09146200850001605,0.3534,0.44486200850001606,920.0,10.0,0.09077996045001782,0.29760000000000003,0.3883799604500179
26.179149797,930.0,0.0,940.0,-10.0,-0.09923905614998603,0.3534,0.254160943850014,920.0,10.0,0.09148109804999877,0.29760000000000003,0.3890810980499988
26.19323059,930.0,0.0,920.0,10.0,0.09160606270001154,0.3534,0.44500606270001153,920.0,10.0,0.09232617315000426,0.29760000000000003,0.3899261731500043
26.206118758,930.0,0.0,940.0,-10.0,-0.09905077069997788,0.3534,0.25434922930002213,940.0,-10.0,-0.09833067479999044,0.29760000000000003,0.1992693252000096
26.220808259,930.0,0.0,920.0,10.0,0.0916740356000355,0.3534,0.4450740356000355,940.0,-10.0,-0.09905546654999853,0.29760000000000003,0.1985445334500015
26.234132761,930.0,0.0,940.0,-10.0,-0.09899837279995154,0.3534,0.25440162720004844,920.0,10.0,0.09161694185001125,0.29760000000000003,0.38921694185001127
26.250155179,930.0,0.0,920.0,10.0,0.09172513560005427,0.3534,0.4451251356000543,920.0,10.0,0.09234045024999432,0.29760000000000003,0.38994045024999435
26.268163847,930.0,0.0,940.0,-10.0,-0.09922785619994556,0.3534,0.25417214380005443,940.0,-10.0,-0.09861254150000605,0.29760000000000003,0.198987458499994
26.283409849,930.0,0.0,920.0,10.0,0.09155083555005149,0.3534,0.4449508355500515,940.0,-10.0,-0.09939124785000786,0.29760000000000003,0.19820875214999217
26.299663851,930.0,0.0,940.0,-10.0,-0.0992487249499618,0.3534,0.2541512750500382,940.0,-10.0,-0.1,0.29760000000000003,0.19760000000000003
26.316472019,930.0,0.0,940.0,-10.0,-0.1,0.3534,0.25339999999999996,920.0,10.0,0.09085214800001268,0.29760000000000003,0.3884521480000127
26.32831777,930.0,0.0,940.0,-10.0,-0.1,0.3534,0.25339999999999996,940.0,-10.0,-0.09981194789997971,0.29760000000000003,0.19778805210002032
26.340976396,930.0,0.0,940.0,-10.0,-0.1,0.3534,0.25339999999999996,940.0,-10.0,-0.1,0.29760000000000003,0.19760000000000003
26.353261398,930.0,0.0,940.0,-10.0,-0.1,0.3534,0.25339999999999996,920.0,10.0,0.09061047299998336,0.29760000000000003,0.3882104729999834
26.367724274,930.0,0.0,940.0,-10.0,-0.1,0.3534,0.25339999999999996,940.0,-10.0,-0.1,0.29760000000000003,0.19760000000000003
26.378015442,930.0,0.0,940.0,-10.0,-0.1,0.3534,0.25339999999999996,940.0,-10.0,-0.1,0.29760000000000003,0.19760000000000003
26.39310686,930.0,0.0,920.0,10.0,0.09054974795000362,0.3534,0.44394974795000364,920.0,10.0,0.0905497480000031,0.29760000000000003,0.3881497480000031
26.411360528,930.0,0.0,940.0,-10.0,-0.1,0.3534,0.25339999999999996,920.0,10.0,0.09148214810001264,0.29760000000000003,0.3890821481000127
26.427861863,930.0,0.0,920.0,10.0,0.09078668344999642,0.3534,0.4441866834499964,920.0,10.0,0.09226881690000482,0.29760000000000003,0.38986881690000486
26.442192615,930.0,0.0,940.0,-10.0,-0.0999888583000029,0.3534,0.2534111416999971,940.0,-10.0,-0.0985067248499945,0.29760000000000003,0.19909327515000552
26.457529033,930.0,0.0,920.0,10.0,0.0907356563500025,0.3534,0.4441356563500025,940.0,-10.0,-0.09923122494999462,0.29760000000000003,0.1983687750500054
26.473169951,930.0,0.0,940.0,-10.0,-0.1,0.3534,0.25339999999999996,940.0,-10.0,-0.1,0.29760000000000003,0.19760000000000003
26.483996619,930.0,0.0,940.0,-10.0,-0.1,0.3534,0.25339999999999996,940.0,-10.0,-0.1,0.29760000000000003,0.19760000000000003
26.496765204,930.0,0.0,940.0,-10.0,-0.1,0.3534,0.25339999999999996,920.0,10.0,0.0905260500499844,0.29760000000000003,0.38812605004998446
26.51060508,930.0,0.0,940.0,-10.0,-0.1,0.3534,0.25339999999999996,920.0,10.0,0.09122090219999791,0.29760000000000003,0.38882090219999793
26.546147,930.0,0.0,940.0,-10.0,-0.1,0.3534,0.25339999999999996,940.0,-10.0,-0.1,0.29760000000000003,0.19760000000000003
26.567567294,930.0,0.0,940.0,-10.0,-0.1,0.3534,0.25339999999999996,920.0,10.0,0.09107384385000841,0.29760000000000003,0.38867384385000847
26.583442712,930.0,0.0,940.0,-10.0,-0.1,0.3534,0.25339999999999996,940.0,-10.0,-0.09956016664998515,0.29760000000000003,0.19803983335001488
26.601411714,930.0,0.0,920.0,10.0,0.09100566680000612,0.3534,0.4444056668000061,920.0,10.0,0.0914454855500162,0.29760000000000003,0.3890454855500162
26.616415049,930.0,0.0,920.0,10.0,0.09175901269999485,0.3534,0.44515901269999486,920.0,10.0,0.09219883145002769,0.29760000000000003,0.3897988314500277
26.632486176,930.0,0.0,920.0,10.0,0.09252933360000043,0.3534,0.4459293336000004,920.0,10.0,0.09296918150002056,0.29760000000000003,0.3905691815000206
26.646728844,930.0,0.0,960.0,-30.0,-0.2896572040999808,0.3534,0.06374279590001919,940.0,-10.0,-0.09775966439997319,0.29760000000000003,0.19984033560002684
26.659856762,930.0,0.0,940.0,-10.0,-0.1,0.3534,0.25339999999999996,940.0,-10.0,-0.09842644364998705,0.29760000000000003,0.199173556350013
26.67105443,930.0,0.0,940.0,-10.0,-0.1,0.3534,0.25339999999999996,940.0,-10.0,-0.09905145619998165,0.29760000000000003,0.19854854380001838
26.686220514,930.0,0.0,940.0,-10.0,-0.1,0.3534,0.25339999999999996,940.0,-10.0,-0.09971508544997505,0.29760000000000003,0.197884914550025
26.698724266,930.0,0.0,940.0,-10.0,-0.1,0.3534,0.25339999999999996,940.0,-10.0,-0.1,0.29760000000000003,0.19760000000000003
26.709852225,930.0,0.0,940.0,-10.0,-0.1,0.3534,0.25339999999999996,940.0,-10.0,-0.1,0.29760000000000003,0.19760000000000003
26.727726435,930.0,0.0,920.0,10.0,0.09069243134998942,0.3534,0.44409243134998944,920.0,10.0,0.09069243134998942,0.29760000000000003,0.3882924313499895
26.741271145,930.0,0.0,940.0,-10.0,-0.1,0.3534,0.25339999999999996,940.0,-10.0,-0.1,0.29760000000000003,0.19760000000000003
26.759182688,930.0,0.0,900.0,30.0,0.28268345019999286,0.3534,0.6360834501999928,940.0,-10.0,-0.1,0.29760000000000003,0.19760000000000003
# 26.772 Shooter Ready
26.773374607,930.0,0.0,940.0,-10.0,-0.0981268290500111,0.3534,0.2552731709499889,940.0,-10.0,-0.1,0.29760000000000003,0.19760000000000003
26.78722615,930.0,0.0,940.0,-10.0,-0.09872239790001913,0.3534,0.25467760209998086,920.0,10.0,0.09059561255000062,0.29760000000000003,0.3881956125500007
26.802357526,930.0,0.0,960.0,-30.0,-0.29,0.3534,0.06340000000000001,920.0,10.0,0.09135750429999462,0.29760000000000003,0.38895750429999465
# 26.816 Shooter Ready
26.819623611,930.0,0.0,940.0,-10.0,-0.1,0.3534,0.25339999999999996,920.0,10.0,0.09221684189998541,0.29760000000000003,0.38981684189998544
26.831942154,930.0,0.0,940.0,-10.0,-0.1,0.3534,0.25339999999999996,940.0,-10.0,-0.0984431269000197,0.29760000000000003,0.1991568730999803
26.843468239,930.0,0.0,940.0,-10.0,-0.1,0.3534,0.25339999999999996,920.0,10.0,0.09214787734998936,0.29760000000000003,0.3897478773499894
26.858020657,930.0,0.0,940.0,-10.0,-0.1,0.3534,0.25339999999999996,940.0,-10.0,-0.09853768519999448,0.29760000000000003,0.19906231480000555
26.87293445,930.0,0.0,920.0,10.0,0.09070893965000779,0.3534,0.44410893965000775,920.0,10.0,0.0921712544500133,0.29760000000000003,0.3897712544500133
26.888598118,930.0,0.0,940.0,-10.0,-0.1,0.3534,0.25339999999999996,940.0,-10.0,-0.09860931854998398,0.29760000000000003,0.19899068145001605
26.904947203,930.0,0.0,920.0,10.0,0.09081516464999823,0.3534,0.4442151646499982,920.0,10.0,0.092205860700019,0.29760000000000003,0.38980586070001905
26.926932455,930.0,0.0,940.0,-10.0,-0.1,0.3534,0.25339999999999996,940.0,-10.0,-0.09889467064997462,0.29760000000000003,0.1987053293500254
26.940295457,930.0,0.0,940.0,-10.0,-0.1,0.3534,0.25339999999999996,940.0,-10.0,-0.09963436654998077,0.29760000000000003,0.19796563345001927
26.95450575,930.0,0.0,940.0,-10.0,-0.1,0.3534,0.25339999999999996,940.0,-10.0,-0.1,0.29760000000000003,0.19760000000000003
26.96985996,930.0,0.0,940.0,-10.0,-0.1,0.3534,0.25339999999999996,920.0,10.0,0.09075933964999422,0.29760000000000003,0.38835933964999425
26.985869545,930.0,0.0,920.0,10.0,0.09071646465000868,0.3534,0.44411646465000865,940.0,-10.0,-0.09995712500001445,0.29760000000000003,0.19764287499998556
27.002710963,930.0,0.0,940.0,-10.0,-0.1,0.3534,0.25339999999999996,920.0,10.0,0.09087797509997927,0.29760000000000003,0.3884779750999793
27.019235631,930.0,0.0,940.0,-10.0,-0.1,0.3534,0.25339999999999996,940.0,-10.0,-0.1,0.29760000000000003,0.19760000000000003
27.054582426,930.0,0.0,920.0,10.0,0.09182460850001008,0.3534,0.44522460850001006,940.0,-10.0,-0.1,0.29760000000000003,0.19760000000000003
27.076388887,930.0,0.0,920.0,10.0,0.09290984195000875,0.3534,0.4463098419500087,940.0,-10.0,-0.1,0.29760000000000003,0.19760000000000003
27.094755139,930.0,0.0,940.0,-10.0,-0.09767955809998057,0.3534,0.2557204419000194,920.0,10.0,0.09058937090000199,0.29760000000000003,0.38818937090000205
27.111526849,930.0,0.0,940.0,-10.0,-0.09876086859999304,0.3534,0.25463913140000694,940.0,-10.0,-0.1,0.29760000000000003,0.19760000000000003
27.1277406,930.0,0.0,940.0,-10.0,-0.09949942705000012,0.3534,0.2539005729499999,920.0,10.0,0.09073858754999492,0.29760000000000003,0.38833858754999495
27.143459977,930.0,0.0,940.0,-10.0,-0.1,0.3534,0.25339999999999996,940.0,-10.0,-0.1,0.29760000000000003,0.19760000000000003
27.152510978,930.0,0.0,940.0,-10.0,-0.1,0.3534,0.25339999999999996,940.0,-10.0,-0.1,0.29760000000000003,0.19760000000000003
27.167035104,930.0,0.0,920.0,10.0,0.09053630209999938,0.3534,0.44393630209999935,920.0,10.0,0.09053628754999409,0.29760000000000003,0.38813628754999413
27.182292773,930.0,0.0,940.0,-10.0,-0.1,0.3534,0.25339999999999996,920.0,10.0,0.09132235845001105,0.29760000000000003,0.3889223584500111
27.197917649,930.0,0.0,920.0,10.0,0.09066661879998264,0.3534,0.44406661879998266,920.0,10.0,0.09198894810000638,0.29760000000000003,0.38958894810000644
27.210594067,930.0,0.0,940.0,-10.0,-0.1,0.3534,0.25339999999999996,940.0,-10.0,-0.09876062069999988,0.29760000000000003,0.19883937930000015
27.224330402,930.0,0.0,920.0,10.0,0.09070083134999095,0.3534,0.44410083134999095,920.0,10.0,0.0919401960499863,0.29760000000000003,0.38954019604998635
27.237521028,930.0,0.0,940.0,-10.0,-0.0999464353500116,0.3534,0.25345356464998836,940.0,-10.0,-0.09870709985002576,0.29760000000000003,0.19889290014997427
27.251805988,930.0,0.0,920.0,10.0,0.09076209599999402,0.3534,0.444162095999994,920.0,10.0,0.09200140229997032,0.29760000000000003,0.38960140229997037
27.269073531,930.0,0.0,940.0,-10.0,-0.1,0.3534,0.25339999999999996,920.0,10.0,0.09279251904996727,0.29760000000000003,0.3903925190499673
27.284033991,930.0,0.0,940.0,-10.0,-0.1,0.3534,0.25339999999999996,920.0,10.0,0.09367852954996124,0.29760000000000003,0.3912785295499613
27.296189492,930.0,0.0,940.0,-10.0,-0.1,0.3534,0.25339999999999996,940.0,-10.0,-0.09693031010003779,0.29760000000000003,0.20066968989996226
27.309355035,930.0,0.0,940.0,-10.0,-0.1,0.3534,0.25339999999999996,940.0,-10.0,-0.09758040600004278,0.29760000000000003,0.20001959399995725
27.320803245,930.0,0.0,940.0,-10.0,-0.1,0.3534,0.25339999999999996,920.0,10.0,0.09300342324994745,0.29760000000000003,0.39060342324994746
27.335223538,930.0,0.0,920.0,10.0,0.09066567089997989,0.3534,0.4440656708999799,920.0,10.0,0.09366910869995536,0.29760000000000003,0.3912691086999554
27.349588998,930.0,0.0,940.0,-10.0,-0.09998083750003843,0.3534,0.25341916249996155,940.0,-10.0,-0.09697734140004285,0.29760000000000003,0.20062265859995718
27.363146541,930.0,0.0,920.0,10.0,0.09075480419995983,0.3534,0.44415480419995984,940.0,-10.0,-0.09771302685005594,0.29760000000000003,0.19988697314994408
27.377953292,930.0,0.0,940.0,-10.0,-0.09990383755002767,0.3534,0.2534961624499723,940.0,-10.0,-0.09837168320004822,0.29760000000000003,0.19922831679995182
27.393015544,930.0,0.0,940.0,-10.0,-0.1,0.3534,0.25339999999999996,940.0,-10.0,-0.09913587910004935,0.29760000000000003,0.1984641208999507
27.40599792,930.0,0.0,920.0,10.0,0.09071715004999079,0.3534,0.44411715004999075,920.0,10.0,0.09158124179995411,0.29760000000000003,0.38918124179995417
27.423319422,930.0,0.0,940.0,-10.0,-0.1,0.3534,0.25339999999999996,940.0,-10.0,-0.09929969370004983,0.29760000000000003,0.1983003062999502
27.435096631,930.0,0.0,940.0,-10.0,-0.1,0.3534,0.25339999999999996,940.0,-10.0,-0.09994039795003573,0.29760000000000003,0.1976596020499643
27.4526993,930.0,0.0,960.0,-30.0,-0.29,0.3534,0.06340000000000001,940.0,-10.0,-0.1,0.29760000000000003,0.19760000000000003
27.464580051,930.0,0.0,940.0,-10.0,-0.1,0.3534,0.25339999999999996,940.0,-10.0,-0.1,0.29760000000000003,0.19760000000000003
27.480210178,930.0,0.0,940.0,-10.0,-0.1,0.3534,0.25339999999999996,920.0,10.0,0.09071308134999981,0.29760000000000003,0.38831308134999987
27.493111762,930.0,0.0,940.0,-10.0,-0.1,0.3534,0.25339999999999996,920.0,10.0,0.09139053554999009,0.29760000000000003,0.38899053554999014
27.507586597,930.0,0.0,920.0,10.0,0.09064908965000541,0.3534,0.4440490896500054,940.0,-10.0,-0.09925852495000527,0.29760000000000003,0.19834147504999478
27.523233932,930.0,0.0,940.0,-10.0,-0.1,0.3534,0.25339999999999996,940.0,-10.0,-0.1,0.29760000000000003,0.19760000000000003
27.555798518,930.0,0.0,940.0,-10.0,-0.1,0.3534,0.25339999999999996,920.0,10.0,0.09168860429998858,0.29760000000000003,0.3892886042999886
27.578660521,930.0,0.0,940.0,-10.0,-0.1,0.3534,0.25339999999999996,940.0,-10.0,-0.0994602125000256,0.29760000000000003,0.19813978749997443
27.591495022,930.0,0.0,920.0,10.0,0.09055706880000344,0.3534,0.4439570688000034,940.0,-10.0,-0.1,0.29760000000000003,0.19760000000000003
27.608161732,930.0,0.0,920.0,10.0,0.09125316054998166,0.3534,0.44465316054998166,920.0,10.0,0.09069610634998299,0.29760000000000003,0.388296106349983
27.623567567,930.0,0.0,940.0,-10.0,-0.09968408120003006,0.3534,0.2537159187999699,940.0,-10.0,-0.1,0.29760000000000003,0.19760000000000003
27.637499902,930.0,0.0,920.0,10.0,0.09098134179997942,0.3534,0.4443813417999794,920.0,10.0,0.09066539379999995,0.29760000000000003,0.38826539379999997
27.649902736,930.0,0.0,940.0,-10.0,-0.0996660416000168,0.3534,0.2537339583999832,920.0,10.0,0.09131280640000569,0.29760000000000003,0.3889128064000057
27.662978154,930.0,0.0,920.0,10.0,0.09098068554998463,0.3534,0.4443806855499846,940.0,-10.0,-0.09933392074999574,0.29760000000000003,0.19826607925000428
27.677196614,930.0,0.0,940.0,-10.0,-0.09965094780000072,0.3534,0.25374905219999927,940.0,-10.0,-0.09996553954997581,0.29760000000000003,0.19763446045002422
27.693953741,930.0,0.0,920.0,10.0,0.09125833775000501,0.3534,0.444658337750005,940.0,-10.0,-0.1,0.29760000000000003,0.19760000000000003
27.710379242,930.0,0.0,940.0,-10.0,-0.09946331854998788,0.3534,0.25393668145001214,920.0,10.0,0.09072167089999766,0.29760000000000003,0.3883216708999977
27.725209619,930.0,0.0,920.0,10.0,0.09138570860001437,0.3534,0.4447857086000144,920.0,10.0,0.09157071265000469,0.29760000000000003,0.3891707126500047
27.73927262,930.0,0.0,940.0,-10.0,-0.09925846649998675,0.3534,0.25414153350001323,920.0,10.0,0.09221485854999628,0.29760000000000003,0.3898148585499963
27.752662747,930.0,0.0,920.0,10.0,0.09147654815002625,0.3534,0.44487654815002625,940.0,-10.0,-0.09852015610001671,0.29760000000000003,0.19907984389998332
27.764969914,930.0,0.0,940.0,-10.0,-0.09914268939996873,0.3534,0.25425731060003126,940.0,-10.0,-0.09913940825001646,0.29760000000000003,0.19846059174998357
27.783633666,930.0,0.0,940.0,-10.0,-0.099928001999956,0.3534,0.253471998000044,920.0,10.0,0.09164586059997873,0.29760000000000003,0.3892458605999788
27.799283043,930.0,0.0,940.0,-10.0,-0.1,0.3534,0.25339999999999996,920.0,10.0,0.09250662734997604,0.29760000000000003,0.3901066273499761
27.813597461,930.0,0.0,940.0,-10.0,-0.1,0.3534,0.25339999999999996,940.0,-10.0,-0.09831919770001604,0.29760000000000003,0.199280802299984
27.825394212,930.0,0.0,940.0,-10.0,-0.1,0.3534,0.25339999999999996,940.0,-10.0,-0.09891390610002873,0.29760000000000003,0.1986860938999713
27.838554214,930.0,0.0,940.0,-10.0,-0.1,0.3534,0.25339999999999996,920.0,10.0,0.09173015229997873,0.29760000000000003,0.38933015229997875
27.852532048,930.0,0.0,940.0,-10.0,-0.1,0.3534,0.25339999999999996,940.0,-10.0,-0.09899237905001428,0.29760000000000003,0.19860762094998574
27.866191383,930.0,0.0,920.0,10.0,0.09060296254998776,0.3534,0.4440029625499877,920.0,10.0,0.09161059809997824,0.29760000000000003,0.38921059809997827
27.881024968,930.0,0.0,940.0,-10.0,-0.1,0.3534,0.25339999999999996,940.0,-10.0,-0.09915173110002798,0.29760000000000003,0.19844826889997205
27.894287344,930.0,0.0,920.0,10.0,0.09066061049999462,0.3534,0.4440606104999946,940.0,-10.0,-0.09981232700001783,0.29760000000000003,0.1977876729999822
27.907565762,930.0,0.0,940.0,-10.0,-0.1,0.3534,0.25339999999999996,920.0,10.0,0.09084831264998684,0.29760000000000003,0.38844831264998686
27.926198597,930.0,0.0,920.0,10.0,0.09092201679999562,0.3534,0.4443220167999956,940.0,-10.0,-0.1,0.29760000000000003,0.19760000000000003
27.937660223,930.0,0.0,940.0,-10.0,-0.09976125615000911,0.3534,0.25363874384999086,940.0,-10.0,-0.1,0.29760000000000003,0.19760000000000003
27.949648308,930.0,0.0,920.0,10.0,0.09084242099999301,0.3534,0.444242420999993,940.0,-10.0,-0.1,0.29760000000000003,0.19760000000000003
27.962948601,930.0,0.0,920.0,10.0,0.09150508775000163,0.3534,0.4449050877500016,940.0,-10.0,-0.1,0.29760000000000003,0.19760000000000003
27.977601644,930.0,0.0,940.0,-10.0,-0.09908870189999561,0.3534,0.2543112981000044,920.0,10.0,0.09059380420000253,0.29760000000000003,0.38819380420000255
27.990630687,930.0,0.0,940.0,-10.0,-0.09977056029999858,0.3534,0.2536294397000014,920.0,10.0,0.09127563344999544,0.29760000000000003,0.3888756334499955
28.004724897,930.0,0.0,940.0,-10.0,-0.1,0.3534,0.25339999999999996,920.0,10.0,0.0919766689500102,0.29760000000000003,0.38957666895001025
28.018214773,930.0,0.0,940.0,-10.0,-0.1,0.3534,0.25339999999999996,940.0,-10.0,-0.0987157769499845,0.29760000000000003,0.19888422305001552
28.031330733,930.0,0.0,940.0,-10.0,-0.1,0.3534,0.25339999999999996,920.0,10.0,0.09198756270001468,0.29760000000000003,0.3895875627000147
28.073419695,930.0,0.0,920.0,10.0,0.09184415019998596,0.3534,0.445244150199986,940.0,-10.0,-0.09985654369997973,0.29760000000000003,0.1977434563000203
28.096183406,930.0,0.0,940.0,-10.0,-0.09948956870002804,0.3534,0.25391043129997193,940.0,-10.0,-0.1,0.29760000000000003,0.19760000000000003
28.111096324,930.0,0.0,940.0,-10.0,-0.1,0.3534,0.25339999999999996,940.0,-10.0,-0.1,0.29760000000000003,0.19760000000000003
28.128217451,930.0,0.0,920.0,10.0,0.09088821260001169,0.3534,0.44428821260001167,920.0,10.0,0.0908882271999937,0.29760000000000003,0.38848822719999376
28.140836994,930.0,0.0,940.0,-10.0,-0.09977722494998034,0.3534,0.2536227750500196,920.0,10.0,0.09155366474998573,0.29760000000000003,0.38915366474998575
28.154745704,930.0,0.0,940.0,-10.0,-0.1,0.3534,0.25339999999999996,940.0,-10.0,-0.09914598530001513,0.29760000000000003,0.19845401469998492
28.168650913,930.0,0.0,920.0,10.0,0.090617998000007,0.3534,0.44401799800000696,940.0,-10.0,-0.09976398330002212,0.29760000000000003,0.1978360166999779
28.18143904,930.0,0.0,940.0,-10.0,-0.1,0.3534,0.25339999999999996,940.0,-10.0,-0.1,0.29760000000000003,0.19760000000000003
28.192480374,930.0,0.0,920.0,10.0,0.09065775214998212,0.3534,0.4440577521499821,940.0,-10.0,-0.1,0.29760000000000003,0.19760000000000003
28.206105292,930.0,0.0,940.0,-10.0,-0.09991411875002995,0.3534,0.25348588124997007,920.0,10.0,0.09057187090001208,0.29760000000000003,0.3881718709000121
28.221561585,930.0,0.0,920.0,10.0,0.09075728339995749,0.3534,0.44415728339995747,920.0,10.0,0.09124327304999952,0.29760000000000003,0.38884327304999955
28.236902087,930.0,0.0,940.0,-10.0,-0.1,0.3534,0.25339999999999996,940.0,-10.0,-0.09962901455000975,0.29760000000000003,0.19797098544999028
28.249124088,930.0,0.0,920.0,10.0,0.09060637505000614,0.3534,0.4440063750500061,940.0,-10.0,-0.1,0.29760000000000003,0.19760000000000003
28.262966006,930.0,0.0,940.0,-10.0,-0.1,0.3534,0.25339999999999996,920.0,10.0,0.09070116675001373,0.29760000000000003,0.38830116675001375
28.275845424,930.0,0.0,940.0,-10.0,-0.1,0.3534,0.25339999999999996,940.0,-10.0,-0.09998706454998682,0.29760000000000003,0.1976129354500132
28.290070884,930.0,0.0,940.0,-10.0,-0.1,0.3534,0.25339999999999996,920.0,10.0,0.09072829180001009,0.29760000000000003,0.3883282918000101
28.30223076,930.0,0.0,940.0,-10.0,-0.1,0.3534,0.25339999999999996,920.0,10.0,0.09134459810001318,0.29760000000000003,0.3889445981000132
28.316213553,930.0,0.0,940.0,-10.0,-0.1,0.3534,0.25339999999999996,940.0,-10.0,-0.09927605404998303,0.29760000000000003,0.198323945950017
28.329963305,930.0,0.0,920.0,10.0,0.09063128340000276,0.3534,0.44403128340000275,940.0,-10.0,-0.09990735199999108,0.29760000000000003,0.19769264800000896
28.344113223,930.0,0.0,940.0,-10.0,-0.1,0.3534,0.25339999999999996,940.0,-10.0,-0.1,0.29760000000000003,0.19760000000000003
28.353134765,930.0,0.0,940.0,-10.0,-0.1,0.3534,0.25339999999999996,940.0,-10.0,-0.1,0.29760000000000003,0.19760000000000003
28.364561391,930.0,0.0,940.0,-10.0,-0.1,0.3534,0.25339999999999996,940.0,-10.0,-0.1,0.29760000000000003,0.19760000000000003
28.376276476,930.0,0.0,940.0,-10.0,-0.1,0.3534,0.25339999999999996,920.0,10.0,0.09048162919999868,0.29760000000000003,0.3880816291999987
28.389257102,930.0,0.0,940.0,-10.0,-0.1,0.3534,0.25339999999999996,920.0,10.0,0.09112978549998388,0.29760000000000003,0.38872978549998394
28.403156479,930.0,0.0,940.0,-10.0,-0.1,0.3534,0.25339999999999996,940.0,-10.0,-0.09950728750002327,0.29760000000000003,0.19809271249997676
28.416284688,930.0,0.0,920.0,10.0,0.090654995900004,0.3534,0.44405499590000397,940.0,-10.0,-0.1,0.29760000000000003,0.19760000000000003
28.43365519,930.0,0.0,940.0,-10.0,-0.1,0.3534,0.25339999999999996,920.0,10.0,0.09086155424999107,0.29760000000000003,0.38846155424999107
28.447007983,930.0,0.0,920.0,10.0,0.09067692924999392,0.3534,0.4440769292499939,920.0,10.0,0.09153849804999027,0.29760000000000003,0.3891384980499903
28.459838109,930.0,0.0,940.0,-10.0,-0.09996567080002024,0.3534,0.25343432919997977,940.0,-10.0,-0.09910410200000115,0.29760000000000003,0.1984958979999989
28.473086486,930.0,0.0,920.0,10.0,0.09069913969996378,0.3534,0.4440991396999638,940.0,-10.0,-0.09976889790000314,0.29760000000000003,0.19783110209999688
28.486681654,930.0,0.0,940.0,-10.0,-0.09993592080004418,0.3534,0.25346407919995584,940.0,-10.0,-0.1,0.29760000000000003,0.19760000000000003
28.498725155,930.0,0.0,920.0,10.0,0.09080590424995535,0.3534,0.4442059042499553,940.0,-10.0,-0.1,0.29760000000000003,0.19760000000000003
28.512191406,930.0,0.0,940.0,-10.0,-0.09975651665004079,0.3534,0.25364348334995923,920.0,10.0,0.09056242089999614,0.29760000000000003,0.3881624208999962
28.52997345,930.0,0.0,920.0,10.0,0.09114165634995516,0.3534,0.4445416563499551,940.0,-10.0,-0.1,0.29760000000000003,0.19760000000000003
28.542144409,930.0,0.0,940.0,-10.0,-0.09957367080005497,0.3534,0.253826329199945,940.0,-10.0,-0.1,0.29760000000000003,0.19760000000000003
28.58092908,930.0,0.0,940.0,-10.0,-0.1,0.3534,0.25339999999999996,920.0,10.0,0.09184035849999873,0.29760000000000003,0.38944035849999875
28.60107304,930.0,0.0,940.0,-10.0,-0.1,0.3534,0.25339999999999996,940.0,-10.0,-0.09921241245001511,0.29760000000000003,0.19838758754998492
28.618178125,930.0,0.0,940.0,-10.0,-0.1,0.3534,0.25339999999999996,940.0,-10.0,-0.09981162710000717,0.29760000000000003,0.19778837289999285
28.635471335,930.0,0.0,940.0,-10.0,-0.1,0.3534,0.25339999999999996,920.0,10.0,0.09130153339998742,0.29760000000000003,0.38890153339998745
28.651000837,930.0,0.0,920.0,10.0,0.09071563340000012,0.3534,0.4441156334000001,920.0,10.0,0.09201712304999546,0.29760000000000003,0.3896171230499955
28.666453922,930.0,0.0,940.0,-10.0,-0.1,0.3534,0.25339999999999996,920.0,10.0,0.09279337939998641,0.29760000000000003,0.3903933793999864
28.682628882,930.0,0.0,920.0,10.0,0.09074493135000467,0.3534,0.44414493135000466,940.0,-10.0,-0.09795156650002354,0.29760000000000003,0.1996484334999765
28.699318925,930.0,0.0,940.0,-10.0,-0.1,0.3534,0.25339999999999996,920.0,10.0,0.09291412944998229,0.29760000000000003,0.3905141294499823
28.714842885,930.0,0.0,920.0,10.0,0.0907949958999916,0.3534,0.44419499589999156,920.0,10.0,0.09370912534997387,0.29760000000000003,0.3913091253499739
28.734447845,930.0,0.0,940.0,-10.0,-0.1,0.3534,0.25339999999999996,920.0,10.0,0.09457382959996266,0.29760000000000003,0.3921738295999627
28.748146263,930.0,0.0,940.0,-10.0,-0.1,0.3534,0.25339999999999996,940.0,-10.0,-0.09630313925003975,0.29760000000000003,0.20129686074996028
28.763485306,930.0,0.0,940.0,-10.0,-0.1,0.3534,0.25339999999999996,940.0,-10.0,-0.09703615595003612,0.29760000000000003,0.2005638440499639
28.779199433,930.0,0.0,940.0,-10.0,-0.1,0.3534,0.25339999999999996,920.0,10.0,0.0937809045499671,0.29760000000000003,0.3913809045499671
28.792507018,930.0,0.0,940.0,-10.0,-0.1,0.3534,0.25339999999999996,940.0,-10.0,-0.09688629760003095,0.29760000000000003,0.20071370239996908
28.806807727,930.0,0.0,920.0,10.0,0.09061287920000269,0.3534,0.44401287920000265,920.0,10.0,0.09372659624997595,0.29760000000000003,0.391326596249976
28.821239979,930.0,0.0,940.0,-10.0,-0.1,0.3534,0.25339999999999996,940.0,-10.0,-0.09705263505002222,0.29760000000000003,0.20054736494997782
28.83550073,930.0,0.0,920.0,10.0,0.09066301675001341,0.3534,0.4440630167500134,940.0,-10.0,-0.09771566640001765,0.29760000000000003,0.19988433359998237
28.849235023,930.0,0.0,940.0,-10.0,-0.1,0.3534,0.25339999999999996,920.0,10.0,0.0930158190499833,0.29760000000000003,0.3906158190499833
28.8626794,930.0,0.0,920.0,10.0,0.0906797583999969,0.3534,0.4440797583999969,940.0,-10.0,-0.09766395395001837,0.29760000000000003,0.19993604604998166
28.877180776,930.0,0.0,920.0,10.0,0.09139615015000345,0.3534,0.44479615015000346,940.0,-10.0,-0.09838034570002492,0.29760000000000003,0.19921965429997512
28.889347944,930.0,0.0,940.0,-10.0,-0.09922862905000329,0.3534,0.2541713709499967,940.0,-10.0,-0.09900513950001369,0.29760000000000003,0.19859486049998634
28.903086904,930.0,0.0,920.0,10.0,0.09144793559998107,0.3534,0.44484793559998104,940.0,-10.0,-0.09968170415002078,0.29760000000000003,0.19791829584997925
28.916326822,930.0,0.0,940.0,-10.0,-0.09917230825003572,0.3534,0.2542276917499643,920.0,10.0,0.0909385396499738,0.29760000000000003,0.3885385396499738
28.933998615,930.0,0.0,940.0,-10.0,-0.1,0.3534,0.25339999999999996,920.0,10.0,0.0918474605999927,0.29760000000000003,0.38944746059999275
28.946516367,930.0,0.0,940.0,-10.0,-0.1,0.3534,0.25339999999999996,940.0,-10.0,-0.09885322489999453,0.29760000000000003,0.1987467751000055
28.958493368,930.0,0.0,940.0,-10.0,-0.1,0.3534,0.25339999999999996,940.0,-10.0,-0.09944600829999217,0.29760000000000003,0.19815399170000786
28.969842411,930.0,0.0,940.0,-10.0,-0.1,0.3534,0.25339999999999996,920.0,10.0,0.0911230042500074,0.29760000000000003,0.38872300425000744
28.983970162,930.0,0.0,920.0,10.0,0.09062632505000692,0.3534,0.44402632505000694,940.0,-10.0,-0.09950332079999953,0.29760000000000003,0.19809667920000051
28.997486288,930.0,0.0,940.0,-10.0,-0.1,0.3534,0.25339999999999996,920.0,10.0,0.0911748042499903,0.29760000000000003,0.38877480424999034
29.012621456,930.0,0.0,920.0,10.0,0.09078337300001295,0.3534,0.4441833730000129,920.0,10.0,0.091958191850008,0.29760000000000003,0.38955819185000806
29.026261833,930.0,0.0,940.0,-10.0,-0.09989131039999392,0.3534,0.25350868960000605,940.0,-10.0,-0.09871647694999411,0.29760000000000003,0.19888352305000592
29.040193293,930.0,0.0,920.0,10.0,0.0908006979999891,0.3534,0.44420069799998907,940.0,-10.0,-0.09940845619998981,0.29760000000000003,0.19819154380001022
29.057361086,930.0,0.0,940.0,-10.0,-0.09986438960002034,0.3534,0.2535356103999796,940.0,-10.0,-0.1,0.29760000000000003,0.19760000000000003
29.089639256,930.0,0.0,940.0,-10.0,-0.1,0.3534,0.25339999999999996,920.0,10.0,0.09181085644999257,0.29760000000000003,0.3894108564499926
29.107930841,930.0,0.0,940.0,-10.0,-0.1,0.3534,0.25339999999999996,940.0,-10.0,-0.09916360195002198,0.29760000000000003,0.19843639804997804
29.123165176,930.0,0.0,940.0,-10.0,-0.1,0.3534,0.25339999999999996,940.0,-10.0,-0.09976876660002745,0.29760000000000003,0.19783123339997258
29.137048511,930.0,0.0,940.0,-10.0,-0.1,0.3534,0.25339999999999996,920.0,10.0,0.09107899179995457,0.29760000000000003,0.3886789917999546
29.148745512,930.0,0.0,940.0,-10.0,-0.1,0.3534,0.25339999999999996,940.0,-10.0,-0.09950763745005134,0.29760000000000003,0.1980923625499487
29.16255593,930.0,0.0,920.0,10.0,0.09056611044999499,0.3534,0.443966110449995,920.0,10.0,0.09105848759994842,0.29760000000000003,0.3886584875999485
29.176249098,930.0,0.0,920.0,10.0,0.09131280640000569,0.3534,0.44471280640000566,920.0,10.0,0.09180516894995436,0.29760000000000003,0.38940516894995436
29.189129099,930.0,0.0,920.0,10.0,0.09194462935000956,0.3534,0.44534462935000957,940.0,-10.0,-0.09882662485003949,0.29760000000000003,0.19877337514996055
29.204716059,930.0,0.0,940.0,-10.0,-0.09884650199999215,0.3534,0.2545534980000078,920.0,10.0,0.09196453564997228,0.29760000000000003,0.3895645356499723
29.219305227,930.0,0.0,940.0,-10.0,-0.09955901454998184,0.3534,0.25384098545001815,920.0,10.0,0.09267701904995193,0.29760000000000003,0.39027701904995193
29.238072521,930.0,0.0,940.0,-10.0,-0.1,0.3534,0.25339999999999996,920.0,10.0,0.09351656704997367,0.29760000000000003,0.3911165670499737
29.251162522,930.0,0.0,920.0,10.0,0.09076947504999225,0.3534,0.44416947504999227,940.0,-10.0,-0.09725292260002334,0.29760000000000003,0.2003470773999767
29.265644065,930.0,0.0,940.0,-10.0,-0.09993823965000956,0.3534,0.25346176034999046,940.0,-10.0,-0.09796063725002568,0.29760000000000003,0.19963936274997435
29.279224067,930.0,0.0,920.0,10.0,0.0907552416499948,0.3534,0.44415524164999476,920.0,10.0,0.09273282949997338,0.29760000000000003,0.3903328294999734
29.294364193,930.0,0.0,940.0,-10.0,-0.09996389175000786,0.3534,0.25343610824999213,920.0,10.0,0.09345197749995805,0.29760000000000003,0.39105197749995807
29.309074986,930.0,0.0,920.0,10.0,0.09080467914999645,0.3534,0.44420467914999645,940.0,-10.0,-0.09731659340004625,0.29760000000000003,0.20028340659995378
29.323222571,930.0,0.0,940.0,-10.0,-0.09991441049999139,0.3534,0.2534855895000086,940.0,-10.0,-0.09803569765003886,0.29760000000000003,0.19956430234996117
29.338103406,930.0,0.0,940.0,-10.0,-0.1,0.3534,0.25339999999999996,940.0,-10.0,-0.0987181102000477,0.29760000000000003,0.19888188979995233
29.350969699,930.0,0.0,940.0,-10.0,-0.1,0.3534,0.25339999999999996,940.0,-10.0,-0.09948758530003943,0.29760000000000003,0.1981124146999606
29.364684159,930.0,0.0,940.0,-10.0,-0.1,0.3534,0.25339999999999996,920.0,10.0,0.09118152724996889,0.29760000000000003,0.38878152724996895
29.37750116,930.0,0.0,940.0,-10.0,-0.1,0.3534,0.25339999999999996,940.0,-10.0,-0.09946349365002334,0.29760000000000003,0.1981365063499767
29.389440244,930.0,0.0,940.0,-10.0,-0.1,0.3534,0.25339999999999996,940.0,-10.0,-0.1,0.29760000000000003,0.19760000000000003
29.403568287,930.0,0.0,920.0,10.0,0.09065008130000024,0.3534,0.44405008130000023,920.0,10.0,0.09065006669999548,0.29760000000000003,0.3882500666999955
29.419459456,930.0,0.0,940.0,-10.0,-0.1,0.3534,0.25339999999999996,940.0,-10.0,-0.1,0.29760000000000003,0.19760000000000003
29.437094499,930.0,0.0,940.0,-10.0,-0.1,0.3534,0.25339999999999996,920.0,10.0,0.09094745010001135,0.29760000000000003,0.38854745010001135
29.449687792,930.0,0.0,940.0,-10.0,-0.1,0.3534,0.25339999999999996,940.0,-10.0,-0.09967145199998413,0.29760000000000003,0.1979285480000159
29.464476169,930.0,0.0,920.0,10.0,0.09064359169998625,0.3534,0.44404359169998625,920.0,10.0,0.09097213975002433,0.29760000000000003,0.38857213975002436
29.479516837,930.0,0.0,940.0,-10.0,-0.1,0.3534,0.25339999999999996,940.0,-10.0,-0.09979099159997987,0.29760000000000003,0.19780900840002016
29.494477005,930.0,0.0,920.0,10.0,0.09077405424999598,0.3534,0.44417405424999595,940.0,-10.0,-0.1,0.29760000000000003,0.19760000000000003
29.509130631,930.0,0.0,940.0,-10.0,-0.09994036875000348,0.3534,0.2534596312499965,920.0,10.0,0.09071446670001479,0.29760000000000003,0.3883144667000148
29.524806841,930.0,0.0,920.0,10.0,0.09084630005001146,0.3534,0.4442463000500114,940.0,-10.0,-0.1,0.29760000000000003,0.19760000000000003
29.538647009,930.0,0.0,940.0,-10.0,-0.09996596254998166,0.3534,0.25343403745001836,940.0,-10.0,-0.1,0.29760000000000003,0.19760000000000003
29.550823511,930.0,0.0,940.0,-10.0,-0.1,0.3534,0.25339999999999996,940.0,-10.0,-0.1,0.29760000000000003,0.19760000000000003
29.56300497,930.0,0.0,920.0,10.0,0.09063211464998858,0.3534,0.4440321146499886,940.0,-10.0,-0.1,0.29760000000000003,0.19760000000000003
29.596666224,930.0,0.0,920.0,10.0,0.09219590019999033,0.3534,0.4455959001999903,920.0,10.0,0.09156378555000175,0.29760000000000003,0.38916378555000175
29.621073184,930.0,0.0,940.0,-10.0,-0.09899762910001755,0.3534,0.2544023708999824,940.0,-10.0,-0.09962972915000137,0.29760000000000003,0.19797027084999866
29.637522019,930.0,0.0,940.0,-10.0,-0.09969743960000414,0.3534,0.25370256039999584,940.0,-10.0,-0.1,0.29760000000000003,0.19760000000000003
29.655754104,930.0,0.0,940.0,-10.0,-0.1,0.3534,0.25339999999999996,920.0,10.0,0.09104937305000022,0.29760000000000003,0.38864937305000025
29.670376523,930.0,0.0,940.0,-10.0,-0.1,0.3534,0.25339999999999996,920.0,10.0,0.09186086269998214,0.29760000000000003,0.38946086269998215
29.685584607,930.0,0.0,940.0,-10.0,-0.1,0.3534,0.25339999999999996,920.0,10.0,0.09257188774999123,0.29760000000000003,0.39017188774999123
29.699734817,930.0,0.0,940.0,-10.0,-0.1,0.3534,0.25339999999999996,940.0,-10.0,-0.09818176445000973,0.29760000000000003,0.1994182355499903
29.716007777,930.0,0.0,940.0,-10.0,-0.1,0.3534,0.25339999999999996,920.0,10.0,0.09262104809999074,0.29760000000000003,0.39022104809999075
29.729777654,930.0,0.0,940.0,-10.0,-0.1,0.3534,0.25339999999999996,920.0,10.0,0.09331874399998924,0.29760000000000003,0.39091874399998927
29.747807614,930.0,0.0,940.0,-10.0,-0.1,0.3534,0.25339999999999996,920.0,10.0,0.09403439199999411,0.29760000000000003,0.39163439199999417
29.76124499,930.0,0.0,940.0,-10.0,-0.1,0.3534,0.25339999999999996,920.0,10.0,0.09489499834998241,0.29760000000000003,0.39249499834998247
29.776124367,930.0,0.0,940.0,-10.0,-0.1,0.3534,0.25339999999999996,940.0,-10.0,-0.09582069340003727,0.29760000000000003,0.20177930659996277
29.791136451,930.0,0.0,940.0,-10.0,-0.1,0.3534,0.25339999999999996,920.0,10.0,0.09493817954995848,0.29760000000000003,0.3925381795499585
29.810585662,930.0,0.0,920.0,10.0,0.09091398135000418,0.3534,0.44431398135000416,940.0,-10.0,-0.09597581640002772,0.29760000000000003,0.2016241835999723
29.82701058,930.0,0.0,920.0,10.0,0.09171364389998417,0.3534,0.44511364389998415,920.0,10.0,0.09482384619997447,0.29760000000000003,0.3924238461999745
29.845680749,930.0,0.0,920.0,10.0,0.09259135649998826,0.3534,0.4459913564999882,940.0,-10.0,-0.09605385180002486,0.29760000000000003,0.20154614819997518
29.861492583,930.0,0.0,940.0,-10.0,-0.09828892275002091,0.3534,0.25511107724997906,940.0,-10.0,-0.09693407270003718,0.29760000000000003,0.20066592729996285
29.878006752,930.0,0.0,920.0,10.0,0.09254030024998429,0.3534,0.44594030024998427,920.0,10.0,0.09389523779995215,0.29760000000000003,0.3914952377999522
29.892962545,930.0,0.0,940.0,-10.0,-0.09819904565001707,0.3534,0.2552009543499829,940.0,-10.0,-0.09684413730005872,0.29760000000000003,0.2007558626999413
29.907797005,930.0,0.0,920.0,10.0,0.09252721899996687,0.3534,0.44592721899996685,940.0,-10.0,-0.09757041650004794,0.29760000000000003,0.2000295834999521
29.921826465,930.0,0.0,960.0,-30.0,-0.28962851875002343,0.3534,0.06377148124997656,940.0,-10.0,-0.09828898115006268,0.29760000000000003,0.19931101884993735
29.943856633,930.0,0.0,920.0,10.0,0.09148585219999404,0.3534,0.44488585219999405,920.0,10.0,0.09282538979993206,0.29760000000000003,0.3904253897999321
29.957992843,930.0,0.0,940.0,-10.0,-0.09921903330000532,0.3534,0.2541809666999947,920.0,10.0,0.09353027529993142,0.29760000000000003,0.39113027529993144
29.975979637,930.0,0.0,940.0,-10.0,-0.1,0.3534,0.25339999999999996,940.0,-10.0,-0.09737534980006331,0.29760000000000003,0.20022465019993674
29.988587221,930.0,0.0,940.0,-10.0,-0.1,0.3534,0.25339999999999996,960.0,-30.0,-0.2894371562000424,0.29760000000000003,0.008162843799957631
30.002147098,930.0,0.0,940.0,-10.0,-0.1,0.3534,0.25339999999999996,940.0,-10.0,-0.1,0.29760000000000003,0.19760000000000003
30.013378599,930.0,0.0,940.0,-10.0,-0.1,0.3534,0.25339999999999996,940.0,-10.0,-0.1,0.29760000000000003,0.19760000000000003
30.02692885,930.0,0.0,920.0,10.0,0.09050010630000088,0.3534,0.4439001063000009,920.0,10.0,0.09050010630000088,0.29760000000000003,0.3881001063000009
30.040537435,930.0,0.0,940.0,-10.0,-0.1,0.3534,0.25339999999999996,920.0,10.0,0.09117242720000376,0.29760000000000003,0.3887724272000038
30.055268936,930.0,0.0,920.0,10.0,0.09073963759998606,0.3534,0.44413963759998604,940.0,-10.0,-0.09956712284999866,0.29760000000000003,0.19803287715000137
30.069224313,930.0,0.0,940.0,-10.0,-0.09997592290001193,0.3534,0.25342407709998804,940.0,-10.0,-0.1,0.29760000000000003,0.19760000000000003
30.100877149,930.0,0.0,940.0,-10.0,-0.1,0.3534,0.25339999999999996,920.0,10.0,0.09159511060001023,0.29760000000000003,0.3891951106000103
30.119098734,930.0,0.0,940.0,-10.0,-0.1,0.3534,0.25339999999999996,940.0,-10.0,-0.09936960614998043,0.29760000000000003,0.19823039385001961
30.131191236,930.0,0.0,940.0,-10.0,-0.1,0.3534,0.25339999999999996,940.0,-10.0,-0.09997057079997376,0.29760000000000003,0.19762942920002627
30.147492196,930.0,0.0,960.0,-30.0,-0.29,0.3534,0.06340000000000001,940.0,-10.0,-0.1,0.29760000000000003,0.19760000000000003
30.160555072,930.0,0.0,940.0,-10.0,-0.1,0.3534,0.25339999999999996,940.0,-10.0,-0.1,0.29760000000000003,0.19760000000000003
30.171428698,930.0,0.0,940.0,-10.0,-0.1,0.3534,0.25339999999999996,920.0,10.0,0.09049678130001212,0.29760000000000003,0.38809678130001213
30.183758033,930.0,0.0,940.0,-10.0,-0.1,0.3534,0.25339999999999996,920.0,10.0,0.09111626675000026,0.29760000000000003,0.38871626675000026
30.196435325,930.0,0.0,920.0,10.0,0.09057408754998961,0.3534,0.44397408754998957,940.0,-10.0,-0.09945779165000204,0.29760000000000003,0.198142208349998
30.209824868,930.0,0.0,940.0,-10.0,-0.1,0.3534,0.25339999999999996,920.0,10.0,0.09121410634999393,0.29760000000000003,0.38881410634999397
30.221814411,930.0,0.0,920.0,10.0,0.09058935630001998,0.3534,0.44398935630001996,920.0,10.0,0.09180346264999116,0.29760000000000003,0.3894034626499912
30.234658538,930.0,0.0,920.0,10.0,0.09122479595002006,0.3534,0.44462479595002,940.0,-10.0,-0.09883194785002161,0.29760000000000003,0.19876805214997842
30.249063081,930.0,0.0,940.0,-10.0,-0.09940355619996807,0.3534,0.25399644380003195,940.0,-10.0,-0.09946034375002455,0.29760000000000003,0.19813965624997548
30.262877582,930.0,0.0,920.0,10.0,0.09138085220003177,0.3534,0.4447808522000318,920.0,10.0,0.09132405004997055,0.29760000000000003,0.38892405004997055
30.274890458,930.0,0.0,940.0,-10.0,-0.09923230414997306,0.3534,0.25416769585002696,940.0,-10.0,-0.09928912085001684,0.29760000000000003,0.1983108791499832
30.28810121,930.0,0.0,920.0,10.0,0.091418141750014,0.3534,0.444818141750014,940.0,-10.0,-0.09993955215002188,0.29760000000000003,0.19766044784997816
30.300124294,930.0,0.0,940.0,-10.0,-0.09920169370000168,0.3534,0.2541983062999983,920.0,10.0,0.09068029794997529,0.29760000000000003,0.3882802979499753
30.313476796,930.0,0.0,940.0,-10.0,-0.09984530004999215,0.3534,0.25355469995000784,940.0,-10.0,-0.09996327920002841,0.29760000000000003,0.19763672079997163
30.32896488,930.0,0.0,940.0,-10.0,-0.1,0.3534,0.25339999999999996,920.0,10.0,0.09082718124997427,0.29760000000000003,0.38842718124997433
30.341618548,930.0,0.0,940.0,-10.0,-0.1,0.3534,0.25339999999999996,920.0,10.0,0.09151799384998413,0.29760000000000003,0.38911799384998413
30.3562258,930.0,0.0,920.0,10.0,0.09060536885000602,0.3534,0.444005368850006,940.0,-10.0,-0.09908737494999968,0.29760000000000003,0.19851262505000034
30.369549718,930.0,0.0,940.0,-10.0,-0.1,0.3534,0.25339999999999996,920.0,10.0,0.09164281265001592,0.29760000000000003,0.3892428126500159
30.382362052,930.0,0.0,920.0,10.0,0.09063348544999826,0.3534,0.44403348544999827,920.0,10.0,0.0922763126999962,0.29760000000000003,0.38987631269999623
30.399868763,930.0,0.0,940.0,-10.0,-0.1,0.3534,0.25339999999999996,920.0,10.0,0.09311195235001378,0.29760000000000003,0.3907119523500138
30.414000597,930.0,0.0,920.0,10.0,0.09074824175001141,0.3534,0.4441482417500114,940.0,-10.0,-0.09763630399997965,0.29760000000000003,0.1999636960000204
30.429258849,930.0,0.0,940.0,-10.0,-0.09999208124997949,0.3534,0.2534079187500205,940.0,-10.0,-0.09837661239998852,0.29760000000000003,0.19922338760001151
30.448453726,930.0,0.0,940.0,-10.0,-0.1,0.3534,0.25339999999999996,940.0,-10.0,-0.09933104789997742,0.29760000000000003,0.1982689521000226
30.462313727,930.0,0.0,940.0,-10.0,-0.1,0.3534,0.25339999999999996,920.0,10.0,0.09145276260002447,0.29760000000000003,0.3890527626000245
30.475737979,930.0,0.0,940.0,-10.0,-0.1,0.3534,0.25339999999999996,920.0,10.0,0.09212264810002126,0.29760000000000003,0.3897226481000213
30.488516771,930.0,0.0,940.0,-10.0,-0.1,0.3534,0.25339999999999996,940.0,-10.0,-0.09851556234998497,0.29760000000000003,0.19908443765001504
30.50241819,930.0,0.0,920.0,10.0,0.09061875629999122,0.3534,0.4440187562999912,920.0,10.0,0.092103208550011,0.29760000000000003,0.38970320855001106
30.517794274,930.0,0.0,920.0,10.0,0.09134984804999477,0.3534,0.44474984804999473,920.0,10.0,0.09283430030001455,0.29760000000000003,0.3904343003000146
30.531802151,930.0,0.0,920.0,10.0,0.09208906269999716,0.3534,0.44548906269999716,920.0,10.0,0.09357350035001219,0.29760000000000003,0.3911735003500122
30.547231027,930.0,0.0,920.0,10.0,0.09286342319998311,0.3534,0.44626342319998313,940.0,-10.0,-0.09720087474997854,0.29760000000000003,0.2003991252500215
30.563258696,930.0,0.0,940.0,-10.0,-0.09794608310003242,0.3534,0.25545391689996755,960.0,-30.0,-0.2896293500000092,0.29760000000000003,0.007970649999990809
30.579210822,930.0,0.0,940.0,-10.0,-0.09870444570001383,0.3534,0.25469555429998614,940.0,-10.0,-0.1,0.29760000000000003,0.19760000000000003
30.621879618,930.0,0.0,940.0,-10.0,-0.1,0.3534,0.25339999999999996,920.0,10.0,0.0921643564499982,0.29760000000000003,0.38976435644999824
30.63664262,930.0,0.0,940.0,-10.0,-0.1,0.3534,0.25339999999999996,940.0,-10.0,-0.09864131445001476,0.29760000000000003,0.19895868554998528
30.657125788,930.0,0.0,960.0,-30.0,-0.29,0.3534,0.06340000000000001,920.0,10.0,0.09215775024996674,0.29760000000000003,0.3897577502499668
# 30.671 Shooter Ready
30.675029749,930.0,0.0,920.0,10.0,0.09104149799999504,0.3534,0.44444149799999505,940.0,-10.0,-0.09888374775005104,0.29760000000000003,0.198716252249949
30.689758042,930.0,0.0,940.0,-10.0,-0.09965606670000397,0.3534,0.253743933299996,940.0,-10.0,-0.0995812978500453,0.29760000000000003,0.19801870214995473
30.703607251,930.0,0.0,920.0,10.0,0.09110029795000628,0.3534,0.4445002979500063,940.0,-10.0,-0.1,0.29760000000000003,0.19760000000000003
30.717392003,930.0,0.0,940.0,-10.0,-0.09956025419999151,0.3534,0.25383974580000845,920.0,10.0,0.09066056675000254,0.29760000000000003,0.3882605667500026
30.734834546,930.0,0.0,920.0,10.0,0.09115201045000504,0.3534,0.44455201045000503,940.0,-10.0,-0.1,0.29760000000000003,0.19760000000000003
30.747076089,930.0,0.0,940.0,-10.0,-0.0997277729499956,0.3534,0.25367222705000436,940.0,-10.0,-0.1,0.29760000000000003,0.19760000000000003
30.759574882,930.0,0.0,920.0,10.0,0.09091115215000173,0.3534,0.4443111521500017,940.0,-10.0,-0.1,0.29760000000000003,0.19760000000000003
30.771089592,930.0,0.0,920.0,10.0,0.09149709595000331,0.3534,0.4448970959500033,940.0,-10.0,-0.1,0.29760000000000003,0.19760000000000003
30.788814468,930.0,0.0,940.0,-10.0,-0.09912378950000403,0.3534,0.25427621049999594,920.0,10.0,0.09062088550000681,0.29760000000000003,0.38822088550000683
30.803011636,930.0,0.0,940.0,-10.0,-0.09993940624999595,0.3534,0.25346059375000407,920.0,10.0,0.09143650224999875,0.29760000000000003,0.38903650224999875
30.817251096,930.0,0.0,940.0,-10.0,-0.1,0.3534,0.25339999999999996,920.0,10.0,0.0921754251999937,0.29760000000000003,0.38977542519999375
30.828940222,930.0,0.0,940.0,-10.0,-0.1,0.3534,0.25339999999999996,940.0,-10.0,-0.09849469365001369,0.29760000000000003,0.19910530634998636
30.848528266,930.0,0.0,940.0,-10.0,-0.1,0.3534,0.25339999999999996,920.0,10.0,0.09249049809999633,0.29760000000000003,0.39009049809999635
30.860131059,930.0,0.0,940.0,-10.0,-0.1,0.3534,0.25339999999999996,920.0,10.0,0.09307139609999468,0.29760000000000003,0.3906713960999947
30.87195056,930.0,0.0,940.0,-10.0,-0.1,0.3534,0.25339999999999996,920.0,10.0,0.09366464614999132,0.29760000000000003,0.39126464614999135
30.883768895,930.0,0.0,940.0,-10.0,-0.1,0.3534,0.25339999999999996,920.0,10.0,0.0942402795499811,0.29760000000000003,0.39184027954998113
30.899235688,930.0,0.0,920.0,10.0,0.09064894384997843,0.3534,0.4440489438499784,940.0,-10.0,-0.09640872260001743,0.29760000000000003,0.2011912773999826
30.911508731,930.0,0.0,940.0,-10.0,-0.1,0.3534,0.25339999999999996,940.0,-10.0,-0.09709762475001753,0.29760000000000003,0.2005023752499825
30.92483994,930.0,0.0,940.0,-10.0,-0.1,0.3534,0.25339999999999996,920.0,10.0,0.09360965239999587,0.29760000000000003,0.3912096523999959
30.937803942,930.0,0.0,920.0,10.0,0.09059812089998559,0.3534,0.4439981208999856,920.0,10.0,0.09420778784998675,0.29760000000000003,0.39180778784998677
30.955828943,930.0,0.0,940.0,-10.0,-0.1,0.3534,0.25339999999999996,940.0,-10.0,-0.09669572265001988,0.29760000000000003,0.20090427734998015
30.969187278,930.0,0.0,920.0,10.0,0.09067023550000158,0.3534,0.4440702355000016,940.0,-10.0,-0.09736595815002147,0.29760000000000003,0.20023404184997856
30.982434196,930.0,0.0,940.0,-10.0,-0.1,0.3534,0.25339999999999996,940.0,-10.0,-0.0980365582000104,0.29760000000000003,0.19956344179998964
30.994473031,930.0,0.0,940.0,-10.0,-0.1,0.3534,0.25339999999999996,920.0,10.0,0.0926212960500061,0.29760000000000003,0.3902212960500061
31.006949365,930.0,0.0,940.0,-10.0,-0.1,0.3534,0.25339999999999996,940.0,-10.0,-0.09799983734999387,0.29760000000000003,0.19960016265000616
31.018465241,930.0,0.0,940.0,-10.0,-0.1,0.3534,0.25339999999999996,940.0,-10.0,-0.09858102699997744,0.29760000000000003,0.19901897300002258
31.032494701,930.0,0.0,920.0,10.0,0.09064128760000131,0.3534,0.4440412876000013,940.0,-10.0,-0.09922234369998932,0.29760000000000003,0.1983776563000107
31.05332087,930.0,0.0,940.0,-10.0,-0.1,0.3534,0.25339999999999996,960.0,-30.0,-0.29,0.29760000000000003,0.007600000000000051
31.068109538,930.0,0.0,940.0,-10.0,-0.1,0.3534,0.25339999999999996,920.0,10.0,0.09110891679998986,0.29760000000000003,0.38870891679998987
31.082148914,930.0,0.0,940.0,-10.0,-0.1,0.3534,0.25339999999999996,920.0,10.0,0.09174943145000271,0.29760000000000003,0.3893494314500027
31.123667085,930.0,0.0,920.0,10.0,0.09206100440000228,0.3534,0.44546100440000225,940.0,-10.0,-0.1,0.29760000000000003,0.19760000000000003
31.13742617,930.0,0.0,940.0,-10.0,-0.09874460814999111,0.3534,0.25465539185000885,940.0,-10.0,-0.1,0.29760000000000003,0.19760000000000003
31.152952172,930.0,0.0,920.0,10.0,0.09193106695001006,0.3534,0.44533106695001007,920.0,10.0,0.09061532920001356,0.29760000000000003,0.38821532920001356
31.173647382,930.0,0.0,940.0,-10.0,-0.09893305394998606,0.3534,0.25446694605001396,940.0,-10.0,-0.1,0.29760000000000003,0.19760000000000003
31.18767305,930.0,0.0,920.0,10.0,0.09203554200002145,0.3534,0.44543554200002144,940.0,-10.0,-0.1,0.29760000000000003,0.19760000000000003
31.19896901,930.0,0.0,940.0,-10.0,-0.0985296642999856,0.3534,0.2548703357000144,940.0,-10.0,-0.1,0.29760000000000003,0.19760000000000003
31.211402761,930.0,0.0,920.0,10.0,0.09209335035001459,0.3534,0.4454933503500146,940.0,-10.0,-0.1,0.29760000000000003,0.19760000000000003
31.224629845,930.0,0.0,920.0,10.0,0.09265221290001137,0.3534,0.44605221290001135,920.0,10.0,0.09055887715000153,0.29760000000000003,0.3881588771500016
31.239667889,930.0,0.0,940.0,-10.0,-0.09808541214997604,0.3534,0.2553145878500239,920.0,10.0,0.0912965167999937,0.29760000000000003,0.3888965167999937
31.25309914,930.0,0.0,920.0,10.0,0.09260897335003847,0.3534,0.4460089733500385,920.0,10.0,0.0919909023000082,0.29760000000000003,0.38959090230000826
31.26812085,930.0,0.0,940.0,-10.0,-0.09813646839995727,0.3534,0.2552635316000427,940.0,-10.0,-0.09875453944998754,0.29760000000000003,0.1988454605500125
31.280946601,930.0,0.0,940.0,-10.0,-0.0987768371999664,0.3534,0.2546231628000336,960.0,-30.0,-0.29,0.29760000000000003,0.007600000000000051
31.296836311,930.0,0.0,940.0,-10.0,-0.09947300184994674,0.3534,0.25392699815005326,940.0,-10.0,-0.1,0.29760000000000003,0.19760000000000003
31.309745479,930.0,0.0,940.0,-10.0,-0.1,0.3534,0.25339999999999996,920.0,10.0,0.0907382813500044,0.29760000000000003,0.3883382813500044
31.325376189,930.0,0.0,940.0,-10.0,-0.1,0.3534,0.25339999999999996,920.0,10.0,0.09158576265000648,0.29760000000000003,0.3891857626500065
31.336554898,930.0,0.0,940.0,-10.0,-0.1,0.3534,0.25339999999999996,920.0,10.0,0.09214111065001816,0.29760000000000003,0.3897411106500182
31.349413608,930.0,0.0,940.0,-10.0,-0.1,0.3534,0.25339999999999996,940.0,-10.0,-0.098503866499982,0.29760000000000003,0.19909613350001804
31.362567484,930.0,0.0,920.0,10.0,0.09060240839998188,0.3534,0.44400240839998184,940.0,-10.0,-0.09910628944996916,0.29760000000000003,0.19849371055003087
31.375743527,930.0,0.0,940.0,-10.0,-0.1,0.3534,0.25339999999999996,940.0,-10.0,-0.09976246659996377,0.29760000000000003,0.19783753340003626
31.388062362,930.0,0.0,920.0,10.0,0.0906162187999962,0.3534,0.4440162187999962,940.0,-10.0,-0.1,0.29760000000000003,0.19760000000000003
31.408649947,930.0,0.0,940.0,-10.0,-0.1,0.3534,0.25339999999999996,920.0,10.0,0.0909416751000117,0.29760000000000003,0.38854167510001175
31.421032365,930.0,0.0,920.0,10.0,0.0907095521500105,0.3534,0.44410955215001047,940.0,-10.0,-0.09976792079996813,0.29760000000000003,0.1978320792000319
31.436917117,930.0,0.0,920.0,10.0,0.09149070850000043,0.3534,0.44489070850000045,960.0,-30.0,-0.29,0.29760000000000003,0.007600000000000051
# 31.449 Shooter Ready
31.452105952,930.0,0.0,920.0,10.0,0.09226035860000593,0.3534,0.4456603586000059,940.0,-10.0,-0.1,0.29760000000000003,0.19760000000000003
31.477421746,770.0,0.55,940.0,-170.0,-1.6199999999999999,0.2926,-1.0,920.0,-150.0,-1.43,0.2464,-1.0
31.486579788,770.0,0.55,940.0,-170.0,-1.6199999999999999,0.2926,-1.0,940.0,-170.0,-1.6199999999999999,0.2464,-1.0
31.49756279,770.0,0.55,940.0,-170.0,-1.6199999999999999,0.2926,-1.0,920.0,-150.0,-1.43,0.2464,-1.0
31.512403666,770.0,0.55,920.0,-150.0,-1.43,0.2926,-1.0,900.0,-130.0,-1.2399999999999998,0.2464,-0.9935999999999998
31.523977292,770.0,0.55,900.0,-130.0,-1.2399999999999998,0.2926,-0.9473999999999998,900.0,-130.0,-1.2399999999999998,0.2464,-0.9935999999999998
31.539025252,770.0,0.55,860.0,-90.0,-0.86,0.2926,-0.5673999999999999,820.0,-50.0,-0.48,0.2464,-0.23359999999999997
31.553085628,770.0,0.55,820.0,-50.0,-0.48,0.2926,-0.18739999999999996,800.0,-30.0,-0.29,0.2464,-0.04359999999999997
# 31.568 Shooter Ready
31.574812756,770.0,0.55,780.0,-10.0,-0.1,0.2926,0.19260000000000002,760.0,10.0,0.09100657089999459,0.2464,0.3374065708999946
31.589365757,770.0,0.55,740.0,30.0,0.28260461274997395,0.2926,0.5752046127499739,740.0,30.0,0.283611227450051,0.2464,0.530011227450051
31.63915647,770.0,0.55,740.0,30.0,0.29,0.2926,0.5826,720.0,50.0,0.48,0.2464,0.7263999999999999
31.651590513,770.0,0.55,740.0,30.0,0.29,0.2926,0.5826,720.0,50.0,0.48,0.2464,0.7263999999999999
31.661151639,770.0,0.55,740.0,30.0,0.29,0.2926,0.5826,720.0,50.0,0.48,0.2464,0.7263999999999999
# 31.673 Shooter Ready
31.678653391,770.0,0.55,740.0,30.0,0.29,0.2926,0.5826,740.0,30.0,0.29,0.2464,0.5364
31.693981059,770.0,0.55,760.0,10.0,0.1,0.2926,0.39260000000000006,760.0,10.0,0.1,0.2464,0.34640000000000004
31.706049644,770.0,0.55,760.0,10.0,0.1,0.2926,0.39260000000000006,780.0,-10.0,-0.090662739649988,0.2464,0.155737260350012
31.719151895,770.0,0.55,780.0,-10.0,-0.09058579800002008,0.2926,0.20201420199997994,760.0,10.0,0.09992305835000934,0.2464,0.3463230583500093
31.732827563,770.0,0.55,780.0,-10.0,-0.09127666890000455,0.2926,0.20132333109999548,780.0,-10.0,-0.0907677833500111,0.2464,0.1556322166499889
31.745204731,770.0,0.55,780.0,-10.0,-0.09189037935001579,0.2926,0.20070962064998424,780.0,-10.0,-0.09138150845000383,0.2464,0.1550184915499962
31.759106149,770.0,0.55,800.0,-30.0,-0.28399597960001755,0.2926,0.008604020399982482,780.0,-10.0,-0.09208337515000495,0.2464,0.15431662484999506
31.771898359,770.0,0.55,800.0,-30.0,-0.2859214610500248,0.2926,0.006678538949975221,800.0,-30.0,-0.2840088566000122,0.2464,-0.037608856600012175
31.78532436,770.0,0.55,800.0,-30.0,-0.28794179245001483,0.2926,0.004658207549985194,800.0,-30.0,-0.2860292318000165,0.2464,-0.039629231800016484
31.800196445,770.0,0.55,800.0,-30.0,-0.2898356426500231,0.2926,0.0027643573499769314,780.0,-10.0,-0.0966605152000193,0.2464,0.14973948479998073
31.815201821,770.0,0.55,800.0,-30.0,-0.29,0.2926,0.0026000000000000467,780.0,-10.0,-0.09744172990000607,0.2464,0.14895827009999393
31.830710906,770.0,0.55,780.0,-10.0,-0.1,0.2926,0.19260000000000002,780.0,-10.0,-0.09827365080001528,0.2464,0.14812634919998474
31.844688158,770.0,0.55,780.0,-10.0,-0.1,0.2926,0.19260000000000002,760.0,10.0,0.09250450134998119,0.2464,0.3389045013499812
31.856542951,770.0,0.55,780.0,-10.0,-0.1,0.2926,0.19260000000000002,780.0,-10.0,-0.09808836955002334,0.2464,0.14831163044997667
31.87114991,770.0,0.55,800.0,-30.0,-0.29,0.2926,0.0026000000000000467,760.0,10.0,0.09257896384997366,0.2464,0.33897896384997367
# 31.884 Shooter Ready
31.887861537,770.0,0.55,780.0,-10.0,-0.1,0.2926,0.19260000000000002,760.0,10.0,0.09340299519997189,0.2464,0.3398029951999719
31.899393455,770.0,0.55,780.0,-10.0,-0.1,0.2926,0.19260000000000002,760.0,10.0,0.09405554109996501,0.2464,0.340455541099965
31.911003539,770.0,0.55,780.0,-10.0,-0.1,0.2926,0.19260000000000002,760.0,10.0,0.09463082444997326,0.2464,0.34103082444997324
31.924762624,770.0,0.55,780.0,-10.0,-0.1,0.2926,0.19260000000000002,780.0,-10.0,-0.09605247775001771,0.2464,0.1503475222499823
31.937245084,770.0,0.55,780.0,-10.0,-0.1,0.2926,0.19260000000000002,760.0,10.0,0.09457599104998735,0.2464,0.3409759910499873
31.950374752,770.0,0.55,780.0,-10.0,-0.1,0.2926,0.19260000000000002,760.0,10.0,0.09523139524999351,0.2464,0.34163139524999353
31.962623586,770.0,0.55,780.0,-10.0,-0.1,0.2926,0.19260000000000002,780.0,-10.0,-0.09537172775000272,0.2464,0.1510282722499973
31.979395588,770.0,0.55,780.0,-10.0,-0.1,0.2926,0.19260000000000002,780.0,-10.0,-0.09622650074999456,0.2464,0.15017349925000545
31.991508506,770.0,0.55,780.0,-10.0,-0.1,0.2926,0.19260000000000002,760.0,10.0,0.09437536805000946,0.2464,0.34077536805000946
32.006598757,770.0,0.55,780.0,-10.0,-0.1,0.2926,0.19260000000000002,780.0,-10.0,-0.09635782370000015,0.2464,0.15004217629999986
32.019171925,770.0,0.55,780.0,-10.0,-0.1,0.2926,0.19260000000000002,780.0,-10.0,-0.09701331544998994,0.2464,0.14938668455001008
32.032757468,770.0,0.55,780.0,-10.0,-0.1,0.2926,0.19260000000000002,760.0,10.0,0.09366743460002454,0.2464,0.34006743460002453
32.049399095,770.0,0.55,780.0,-10.0,-0.1,0.2926,0.19260000000000002,780.0,-10.0,-0.0970521946499639,0.2464,0.1493478053500361
32.063064846,770.0,0.55,780.0,-10.0,-0.1,0.2926,0.19260000000000002,780.0,-10.0,-0.09782664264995675,0.2464,0.14857335735004326
32.076028848,770.0,0.55,780.0,-10.0,-0.1,0.2926,0.19260000000000002,780.0,-10.0,-0.09847182394995799,0.2464,0.14792817605004202
32.093368141,770.0,0.55,760.0,10.0,0.09070364589998917,0.2926,0.3833036458999892,760.0,10.0,0.09223185110004124,0.2464,0.33863185110004124
32.139770562,770.0,0.55,780.0,-10.0,-0.1,0.2926,0.19260000000000002,780.0,-10.0,-0.1,0.2464,0.1464
32.158499356,770.0,0.55,780.0,-10.0,-0.1,0.2926,0.19260000000000002,760.0,10.0,0.0910817626000062,0.2464,0.3374817626000062
32.171927691,770.0,0.55,780.0,-10.0,-0.1,0.2926,0.19260000000000002,760.0,10.0,0.09174692310001774,0.2464,0.33814692310001776
32.191090193,770.0,0.55,760.0,10.0,0.09071281880000243,0.2926,0.38331281880000245,780.0,-10.0,-0.09896589569996195,0.2464,0.14743410430003806
32.207023944,770.0,0.55,780.0,-10.0,-0.1,0.2926,0.19260000000000002,780.0,-10.0,-0.09993891039996469,0.2464,0.14646108960003532
32.221142946,770.0,0.55,760.0,10.0,0.09071892925000156,0.2926,0.3833189292500016,780.0,-10.0,-0.1,0.2464,0.1464
32.232281405,770.0,0.55,780.0,-10.0,-0.09993691249999301,0.2926,0.19266308750000702,780.0,-10.0,-0.1,0.2464,0.1464
32.247910073,770.0,0.55,780.0,-10.0,-0.1,0.2926,0.19260000000000002,760.0,10.0,0.09068123134999496,0.2464,0.33708123134999496
32.2620492,770.0,0.55,760.0,10.0,0.09071235214998069,0.2926,0.3833123521499807,780.0,-10.0,-0.1,0.2464,0.1464
32.274071701,770.0,0.55,780.0,-10.0,-0.09999111875001745,0.2926,0.19260888124998257,780.0,-10.0,-0.1,0.2464,0.1464
32.286020119,770.0,0.55,780.0,-10.0,-0.1,0.2926,0.19260000000000002,780.0,-10.0,-0.1,0.2464,0.1464
32.300036162,770.0,0.55,760.0,10.0,0.09070772920000764,0.2926,0.38330772920000766,780.0,-10.0,-0.1,0.2464,0.1464
32.315871913,770.0,0.55,780.0,-10.0,-0.09985975209999651,0.2926,0.19274024790000352,760.0,10.0,0.09056748130000415,0.2464,0.33696748130000415
32.331258498,770.0,0.55,780.0,-10.0,-0.1,0.2926,0.19260000000000002,780.0,-10.0,-0.1,0.2464,0.1464
32.347156375,770.0,0.55,760.0,10.0,0.09080011464999643,0.2926,0.38340011464999646,760.0,10.0,0.09080011465001916,0.2464,0.3372001146500192
32.364491002,770.0,0.55,780.0,-10.0,-0.1,0.2926,0.19260000000000002,780.0,-10.0,-0.1,0.2464,0.1464
32.378146253,770.0,0.55,780.0,-10.0,-0.1,0.2926,0.19260000000000002,760.0,10.0,0.09079083969999374,0.2464,0.33719083969999375
32.39686688,770.0,0.55,800.0,-30.0,-0.29,0.2926,0.0026000000000000467,760.0,10.0,0.09167353980000371,0.2464,0.3380735398000037
# 32.410 Shooter Ready
32.41446634,770.0,0.55,780.0,-10.0,-0.1,0.2926,0.19260000000000002,780.0,-10.0,-0.09917620194999018,0.2464,0.14722379805000985
32.4279393,770.0,0.55,780.0,-10.0,-0.1,0.2926,0.19260000000000002,780.0,-10.0,-0.09994847699999809,0.2464,0.14645152300000192
32.444909635,770.0,0.55,760.0,10.0,0.0907368375500164,0.2926,0.3833368375500164,780.0,-10.0,-0.1,0.2464,0.1464
32.459637345,770.0,0.55,780.0,-10.0,-0.1,0.2926,0.19260000000000002,760.0,10.0,0.09074564589999681,0.2464,0.33714564589999685
32.472553221,770.0,0.55,780.0,-10.0,-0.1,0.2926,0.19260000000000002,760.0,10.0,0.09147898349998741,0.2464,0.3378789834999874
32.490266139,770.0,0.55,780.0,-10.0,-0.1,0.2926,0.19260000000000002,780.0,-10.0,-0.09942144990002362,0.2464,0.1469785500999764
32.503186974,770.0,0.55,780.0,-10.0,-0.1,0.2926,0.19260000000000002,780.0,-10.0,-0.1,0.2464,0.1464
32.512867975,770.0,0.55,780.0,-10.0,-0.1,0.2926,0.19260000000000002,780.0,-10.0,-0.1,0.2464,0.1464
32.525103393,770.0,0.55,760.0,10.0,0.0905363313000089,0.2926,0.3831363313000089,780.0,-10.0,-0.1,0.2464,0.1464
32.539156477,770.0,0.55,780.0,-10.0,-0.1,0.2926,0.19260000000000002,760.0,10.0,0.09058874379999451,0.2464,0.33698874379999455
32.553220937,770.0,0.55,760.0,10.0,0.09072909385000913,0.2926,0.38332909385000913,760.0,10.0,0.09131783760000417,0.2464,0.3377178376000042
32.567208689,770.0,0.55,760.0,10.0,0.09140851680000651,0.2926,0.3840085168000065,780.0,-10.0,-0.09936159999999745,0.2464,0.14703840000000257
32.583362065,770.0,0.55,780.0,-10.0,-0.09940154369999163,0.2926,0.1931984563000084,780.0,-10.0,-0.1,0.2464,0.1464
32.597806567,770.0,0.55,760.0,10.0,0.09128194804999566,0.2926,0.3838819480499957,780.0,-10.0,-0.1,0.2464,0.1464
32.639252404,770.0,0.55,800.0,-30.0,-0.29,0.2926,0.0026000000000000467,780.0,-10.0,-0.1,0.2464,0.1464
32.652901531,770.0,0.55,780.0,-10.0,-0.1,0.2926,0.19260000000000002,760.0,10.0,0.09058671674999005,0.2464,0.33698671674999003
32.665434449,770.0,0.55,780.0,-10.0,-0.1,0.2926,0.19260000000000002,780.0,-10.0,-0.1,0.2464,0.1464
32.675627908,770.0,0.55,780.0,-10.0,-0.1,0.2926,0.19260000000000002,780.0,-10.0,-0.1,0.2464,0.1464
32.690052868,770.0,0.55,780.0,-10.0,-0.1,0.2926,0.19260000000000002,760.0,10.0,0.0905362000499872,0.2464,0.3369362000499872
32.713182037,930.0,0.1,780.0,150.0,1.43,0.3534,1.0,780.0,150.0,1.43,0.29760000000000003,1.0
32.727946496,930.0,0.1,780.0,150.0,1.43,0.3534,1.0,780.0,150.0,1.43,0.29760000000000003,1.0
32.739423581,930.0,0.1,780.0,150.0,1.43,0.3534,1.0,800.0,130.0,1.2399999999999998,0.29760000000000003,1.0
32.74995654,930.0,0.1,800.0,130.0,1.2399999999999998,0.3534,1.0,800.0,130.0,1.2399999999999998,0.29760000000000003,1.0
32.7626,930.0,0.1,820.0,110.0,1.0499999999999998,0.3534,1.0,800.0,130.0,1.2399999999999998,0.29760000000000003,1.0
32.772519584,930.0,0.1,820.0,110.0,1.0499999999999998,0.3534,1.0,800.0,130.0,1.2399999999999998,0.29760000000000003,1.0
32.784715044,930.0,0.1,860.0,70.0,0.67,0.3534,1.0,840.0,90.0,0.86,0.29760000000000003,1.0
32.79555367,930.0,0.1,860.0,70.0,0.67,0.3534,1.0,840.0,90.0,0.86,0.29760000000000003,1.0
32.810193296,930.0,0.1,880.0,50.0,0.48,0.3534,0.8333999999999999,860.0,70.0,0.67,0.29760000000000003,0.9676
32.827842048,930.0,0.1,900.0,30.0,0.29,0.3534,0.6434,880.0,50.0,0.48,0.29760000000000003,0.7776000000000001
# 32.842 Shooter Ready
32.846066258,930.0,0.1,920.0,10.0,0.1,0.3534,0.4534,900.0,30.0,0.29,0.29760000000000003,0.5876
32.860299301,930.0,0.1,940.0,-10.0,-0.09074124175000634,0.3534,0.26265875824999363,940.0,-10.0,-0.09074131465000847,0.29760000000000003,0.20685868534999158
32.874148219,930.0,0.1,940.0,-10.0,-0.09144902929998808,0.3534,0.26195097070001194,960.0,-30.0,-0.28286463365000597,0.29760000000000003,0.014735366349994061
32.888593888,930.0,0.1,940.0,-10.0,-0.09215877104999436,0.3534,0.2612412289500056,960.0,-30.0,-0.2849939026999709,0.29760000000000003,0.012606097300029151
32.902096014,930.0,0.1,960.0,-30.0,-0.28425045879999283,0.3534,0.06914954120000716,960.0,-30.0,-0.287085590299971,0.29760000000000003,0.010514409700029037
32.914865474,930.0,0.1,940.0,-10.0,-0.09487987555000019,0.3534,0.25852012444999983,960.0,-30.0,-0.2889738843500072,0.29760000000000003,0.008626115649992827
32.932331934,930.0,0.1,940.0,-10.0,-0.09573008394999306,0.3534,0.25766991605000694,980.0,-50.0,-0.48,0.29760000000000003,-0.18239999999999995
# 32.944 Shooter Ready
32.947771602,930.0,0.1,960.0,-30.0,-0.2881062342499763,0.3534,0.06529376575002371,960.0,-30.0,-0.29,0.29760000000000003,0.007600000000000051
32.959320436,930.0,0.1,960.0,-30.0,-0.29,0.3534,0.06340000000000001,960.0,-30.0,-0.29,0.29760000000000003,0.007600000000000051
32.970629521,930.0,0.1,960.0,-30.0,-0.29,0.3534,0.06340000000000001,960.0,-30.0,-0.29,0.29760000000000003,0.007600000000000051
32.982513772,930.0,0.1,960.0,-30.0,-0.29,0.3534,0.06340000000000001,940.0,-10.0,-0.1,0.29760000000000003,0.19760000000000003
32.998539107,930.0,0.1,960.0,-30.0,-0.29,0.3534,0.06340000000000001,940.0,-10.0,-0.1,0.29760000000000003,0.19760000000000003
33.011986692,930.0,0.1,940.0,-10.0,-0.1,0.3534,0.25339999999999996,940.0,-10.0,-0.1,0.29760000000000003,0.19760000000000003
33.024970526,930.0,0.1,940.0,-10.0,-0.1,0.3534,0.25339999999999996,940.0,-10.0,-0.1,0.29760000000000003,0.19760000000000003
33.038274028,930.0,0.1,940.0,-10.0,-0.1,0.3534,0.25339999999999996,920.0,10.0,0.09055075425000268,0.29760000000000003,0.3881507542500027
33.054759613,930.0,0.1,940.0,-10.0,-0.1,0.3534,0.25339999999999996,940.0,-10.0,-0.1,0.29760000000000003,0.19760000000000003
33.06658553,930.0,0.1,940.0,-10.0,-0.1,0.3534,0.25339999999999996,940.0,-10.0,-0.1,0.29760000000000003,0.19760000000000003
33.076622656,930.0,0.1,940.0,-10.0,-0.1,0.3534,0.25339999999999996,940.0,-10.0,-0.1,0.29760000000000003,0.19760000000000003
33.086913533,930.0,0.1,940.0,-10.0,-0.1,0.3534,0.25339999999999996,940.0,-10.0,-0.1,0.29760000000000003,0.19760000000000003
33.099439742,930.0,0.1,940.0,-10.0,-0.1,0.3534,0.25339999999999996,920.0,10.0,0.09051518545001272,0.29760000000000003,0.3881151854500128
33.11181691,930.0,0.1,940.0,-10.0,-0.1,0.3534,0.25339999999999996,940.0,-10.0,-0.1,0.29760000000000003,0.19760000000000003
33.149700622,930.0,0.1,940.0,-10.0,-0.1,0.3534,0.25339999999999996,940.0,-10.0,-0.1,0.29760000000000003,0.19760000000000003
33.15931979,930.0,0.1,940.0,-10.0,-0.1,0.3534,0.25339999999999996,940.0,-10.0,-0.1,0.29760000000000003,0.19760000000000003
33.174402166,930.0,0.1,920.0,10.0,0.090518685499992,0.3534,0.44391868549999197,920.0,10.0,0.09051867089998723,0.29760000000000003,0.38811867089998725
33.188261876,930.0,0.1,940.0,-10.0,-0.1,0.3534,0.25339999999999996,920.0,10.0,0.0912800814000002,0.29760000000000003,0.38888008140000024
33.204487294,930.0,0.1,920.0,10.0,0.09071385425001154,0.3534,0.44411385425001154,940.0,-10.0,-0.0994337873999939,0.29760000000000003,0.19816621260000614
33.220205504,930.0,0.1,940.0,-10.0,-0.1,0.3534,0.25339999999999996,920.0,10.0,0.09135461684999427,0.29760000000000003,0.38895461684999433
33.237395464,930.0,0.1,920.0,10.0,0.09095064385000115,0.3534,0.4443506438500011,940.0,-10.0,-0.09959604160001163,0.29760000000000003,0.1980039583999884
33.252467049,930.0,0.1,940.0,-10.0,-0.09978049164999447,0.3534,0.2536195083500055,920.0,10.0,0.09113509384998451,0.29760000000000003,0.38873509384998456
33.266836301,930.0,0.1,920.0,10.0,0.09095866470001056,0.3534,0.44435866470001056,940.0,-10.0,-0.09960404790001576,0.29760000000000003,0.19799595209998427
33.279828885,930.0,0.1,940.0,-10.0,-0.09969967074998749,0.3534,0.2537003292500125,940.0,-10.0,-0.1,0.29760000000000003,0.19760000000000003
33.295224803,930.0,0.1,920.0,10.0,0.09106709185001818,0.3534,0.4444670918500182,920.0,10.0,0.09076676255000621,0.29760000000000003,0.38836676255000624
33.309322222,930.0,0.1,940.0,-10.0,-0.0995865040499666,0.3534,0.2538134959500334,940.0,-10.0,-0.09988683335000133,0.29760000000000003,0.19771316664999872
33.32551789,930.0,0.1,920.0,10.0,0.09116380850004134,0.3534,0.44456380850004135,940.0,-10.0,-0.1,0.29760000000000003,0.19760000000000003
33.339316058,930.0,0.1,940.0,-10.0,-0.09972304784996595,0.3534,0.25367695215003405,940.0,-10.0,-0.1,0.29760000000000003,0.19760000000000003
33.359825477,930.0,0.1,920.0,10.0,0.0910414105500331,0.3534,0.4444414105500331,920.0,10.0,0.09076447300000381,0.29760000000000003,0.3883644730000039
33.37611477,930.0,0.1,940.0,-10.0,-0.09990345829996841,0.3534,0.25349654170003155,920.0,10.0,0.09170754809998925,0.29760000000000003,0.3893075480999893
33.393615938,930.0,0.1,940.0,-10.0,-0.1,0.3534,0.25339999999999996,940.0,-10.0,-0.0991716228000314,0.29760000000000003,0.19842837719996864
33.409810732,930.0,0.1,960.0,-30.0,-0.29,0.3534,0.06340000000000001,940.0,-10.0,-0.1,0.29760000000000003,0.19760000000000003
33.42750965,930.0,0.1,940.0,-10.0,-0.1,0.3534,0.25339999999999996,920.0,10.0,0.09084567300000344,0.29760000000000003,0.3884456730000035
33.441947735,930.0,0.1,940.0,-10.0,-0.1,0.3534,0.25339999999999996,920.0,10.0,0.09168166265000309,0.29760000000000003,0.38928166265000314
33.457195195,930.0,0.1,940.0,-10.0,-0.1,0.3534,0.25339999999999996,940.0,-10.0,-0.09908073949998197,0.29760000000000003,0.19851926050001806
33.471884405,930.0,0.1,940.0,-10.0,-0.1,0.3534,0.25339999999999996,940.0,-10.0,-0.09981992499999706,0.29760000000000003,0.19778007500000297
33.486810739,930.0,0.1,940.0,-10.0,-0.1,0.3534,0.25339999999999996,920.0,10.0,0.0909215063000056,0.29760000000000003,0.38852150630000565
33.504677075,930.0,0.1,940.0,-10.0,-0.1,0.3534,0.25339999999999996,920.0,10.0,0.09181685014999857,0.29760000000000003,0.3894168501499986
33.520677618,930.0,0.1,920.0,10.0,0.09072199169999294,0.3534,0.44412199169999295,940.0,-10.0,-0.09890514159999383,0.29760000000000003,0.1986948584000062
33.537975786,930.0,0.1,940.0,-10.0,-0.1,0.3534,0.25339999999999996,940.0,-10.0,-0.09977917920000437,0.29760000000000003,0.19782082079999566
33.56355058,770.0,0.55,940.0,-170.0,-1.6199999999999999,0.2926,-1.0,940.0,-170.0,-1.6199999999999999,0.2464,-1.0
33.579056457,770.0,0.55,900.0,-130.0,-1.2399999999999998,0.2926,-0.9473999999999998,920.0,-150.0,-1.43,0.2464,-1.0
33.591061167,770.0,0.55,900.0,-130.0,-1.2399999999999998,0.2926,-0.9473999999999998,920.0,-150.0,-1.43,0.2464,-1.0
33.609728418,770.0,0.55,880.0,-110.0,-1.0499999999999998,0.2926,-0.7573999999999999,880.0,-110.0,-1.0499999999999998,0.2464,-0.8035999999999999
33.624808462,770.0,0.55,860.0,-90.0,-0.86,0.2926,-0.5673999999999999,860.0,-90.0,-0.86,0.2464,-0.6135999999999999
33.668294216,770.0,0.55,740.0,30.0,0.28654329430001324,0.2926,0.5791432943000132,720.0,50.0,0.48,0.2464,0.7263999999999999
33.684570093,770.0,0.55,720.0,50.0,0.48,0.2926,0.7726,700.0,70.0,0.67,0.2464,0.9164000000000001
33.696988677,770.0,0.55,700.0,70.0,0.67,0.2926,0.9626000000000001,700.0,70.0,0.67,0.2464,0.9164000000000001
33.709984178,770.0,0.55,700.0,70.0,0.67,0.2926,0.9626000000000001,680.0,90.0,0.86,0.2464,1.0
33.723396763,770.0,0.55,700.0,70.0,0.67,0.2926,0.9626000000000001,700.0,70.0,0.67,0.2464,0.9164000000000001
33.737004473,770.0,0.55,720.0,50.0,0.48,0.2926,0.7726,700.0,70.0,0.67,0.2464,0.9164000000000001
33.753447475,770.0,0.55,740.0,30.0,0.29,0.2926,0.5826,720.0,50.0,0.48,0.2464,0.7263999999999999
# 33.766 Shooter Ready
33.767957601,770.0,0.55,740.0,30.0,0.29,0.2926,0.5826,740.0,30.0,0.29,0.2464,0.5364
33.780001102,770.0,0.55,760.0,10.0,0.1,0.2926,0.39260000000000006,760.0,10.0,0.1,0.2464,0.34640000000000004
33.792943228,770.0,0.55,780.0,-10.0,-0.09064283339997928,0.2926,0.20195716660002075,780.0,-10.0,-0.09064283339997928,0.2464,0.15575716660002073
33.807306938,770.0,0.55,780.0,-10.0,-0.0913375980499859,0.2926,0.20126240195001413,780.0,-10.0,-0.09133758349998061,0.2464,0.1550624165000194
33.820990773,770.0,0.55,800.0,-30.0,-0.2834314296000275,0.2926,0.009168570399972542,780.0,-10.0,-0.092035527299995,0.2464,0.154364472700005
33.834160108,770.0,0.55,780.0,-10.0,-0.09408594425002775,0.2926,0.19851405574997227,780.0,-10.0,-0.09269002734999049,0.2464,0.15370997265000952
33.849705068,770.0,0.55,800.0,-30.0,-0.28639489439997756,0.2926,0.006205105600022465,780.0,-10.0,-0.09345964824998645,0.2464,0.15294035175001355
33.870514028,770.0,0.55,800.0,-30.0,-0.28896249464997253,0.2926,0.0036375053500274923,800.0,-30.0,-0.2860273799000242,0.2464,-0.039627379900024184
33.884715279,770.0,0.55,800.0,-30.0,-0.29,0.2926,0.0026000000000000467,780.0,-10.0,-0.09691616120002436,0.2464,0.14948383879997565
33.899904406,770.0,0.55,780.0,-10.0,-0.1,0.2926,0.19260000000000002,780.0,-10.0,-0.0976828217000184,0.2464,0.1487171782999816
33.912913032,770.0,0.55,780.0,-10.0,-0.1,0.2926,0.19260000000000002,780.0,-10.0,-0.09841235305001647,0.2464,0.14798764694998354
33.926298784,770.0,0.55,800.0,-30.0,-0.29,0.2926,0.0026000000000000467,780.0,-10.0,-0.09901101350002592,0.2464,0.1473889864999741
33.940045618,770.0,0.55,800.0,-30.0,-0.29,0.2926,0.0026000000000000467,780.0,-10.0,-0.09976536565001425,0.2464,0.14663463434998575
33.953519453,770.0,0.55,800.0,-30.0,-0.29,0.2926,0.0026000000000000467,780.0,-10.0,-0.1,0.2464,0.1464
33.967139121,770.0,0.55,800.0,-30.0,-0.29,0.2926,0.0026000000000000467,760.0,10.0,0.09075398755000151,0.2464,0.33715398755000153
# 33.980 Shooter Ready
33.983701706,770.0,0.55,780.0,-10.0,-0.1,0.2926,0.19260000000000002,760.0,10.0,0.09152613140000995,0.2464,0.33792613140000993
33.996450749,770.0,0.55,780.0,-10.0,-0.1,0.2926,0.19260000000000002,780.0,-10.0,-0.09912880614999722,0.2464,0.14727119385000279
34.014399334,770.0,0.55,780.0,-10.0,-0.1,0.2926,0.19260000000000002,780.0,-10.0,-0.1,0.2464,0.1464
34.025434835,770.0,0.55,780.0,-10.0,-0.1,0.2926,0.19260000000000002,780.0,-10.0,-0.1,0.2464,0.1464
34.036225336,770.0,0.55,780.0,-10.0,-0.1,0.2926,0.19260000000000002,780.0,-10.0,-0.1,0.2464,0.1464
34.05321113,770.0,0.55,780.0,-10.0,-0.1,0.2926,0.19260000000000002,760.0,10.0,0.09065448545001345,0.2464,0.3370544854500135
34.066945131,770.0,0.55,780.0,-10.0,-0.1,0.2926,0.19260000000000002,780.0,-10.0,-0.1,0.2464,0.1464
34.07689534,770.0,0.55,780.0,-10.0,-0.1,0.2926,0.19260000000000002,780.0,-10.0,-0.1,0.2464,0.1464
34.089348342,770.0,0.55,780.0,-10.0,-0.1,0.2926,0.19260000000000002,760.0,10.0,0.09051855425001577,0.2464,0.33691855425001577
34.108393885,770.0,0.55,760.0,10.0,0.09084934799999701,0.2926,0.383449347999997,780.0,-10.0,-0.1,0.2464,0.1464
34.123248178,770.0,0.55,780.0,-10.0,-0.09999699585000599,0.2926,0.19260300414999404,780.0,-10.0,-0.1,0.2464,0.1464
34.135990805,770.0,0.55,780.0,-10.0,-0.1,0.2926,0.19260000000000002,780.0,-10.0,-0.1,0.2464,0.1464
34.180462101,770.0,0.55,760.0,10.0,0.09210097730000598,0.2926,0.384700977300006,760.0,10.0,0.0921009627500007,0.2464,0.3385009627500007
34.195370644,770.0,0.55,760.0,10.0,0.09282038775001183,0.2926,0.38542038775001186,760.0,10.0,0.09282038779998857,0.2464,0.3392203877999886
34.209465145,770.0,0.55,780.0,-10.0,-0.0978501685999845,0.2926,0.19474983140001553,780.0,-10.0,-0.09785015395002575,0.2464,0.14854984604997426
34.229543481,770.0,0.55,760.0,10.0,0.09291321065001285,0.2926,0.38551321065001287,760.0,10.0,0.09291321069996684,0.2464,0.33931321069996684
34.246679482,770.0,0.55,780.0,-10.0,-0.09823809984998207,0.2926,0.19436190015001797,760.0,10.0,0.09406449204997444,0.2464,0.3404644920499744
34.261585401,770.0,0.55,760.0,10.0,0.09252650440002072,0.2926,0.3851265044000207,760.0,10.0,0.09482911089995924,0.2464,0.3412291108999592
34.280376319,770.0,0.55,780.0,-10.0,-0.09837131859997043,0.2926,0.19422868140002958,780.0,-10.0,-0.09606866835003984,0.2464,0.15033133164996015
34.295235571,770.0,0.55,780.0,-10.0,-0.09914652494996971,0.2926,0.1934534750500303,780.0,-10.0,-0.09684391845005394,0.2464,0.14955608154994607
34.312396072,770.0,0.55,800.0,-30.0,-0.29,0.2926,0.0026000000000000467,760.0,10.0,0.09400671284994587,0.2464,0.3404067128499459
# 34.325 Shooter Ready
34.328858032,770.0,0.55,780.0,-10.0,-0.1,0.2926,0.19260000000000002,760.0,10.0,0.09484637754993855,0.2464,0.3412463775499386
34.341335534,770.0,0.55,780.0,-10.0,-0.1,0.2926,0.19260000000000002,780.0,-10.0,-0.0958025808500679,0.2464,0.1505974191499321
34.354850202,770.0,0.55,780.0,-10.0,-0.1,0.2926,0.19260000000000002,780.0,-10.0,-0.09651136005006719,0.2464,0.14988863994993282
34.371133662,770.0,0.55,780.0,-10.0,-0.1,0.2926,0.19260000000000002,780.0,-10.0,-0.09724681225006862,0.2464,0.1491531877499314
34.383456871,770.0,0.55,780.0,-10.0,-0.1,0.2926,0.19260000000000002,760.0,10.0,0.09346421279991773,0.2464,0.33986421279991774
34.395120622,770.0,0.55,780.0,-10.0,-0.1,0.2926,0.19260000000000002,760.0,10.0,0.0940407503499182,0.2464,0.3404407503499182
34.407010999,770.0,0.55,780.0,-10.0,-0.1,0.2926,0.19260000000000002,780.0,-10.0,-0.09655085180008882,0.2464,0.1498491481999112
34.418645583,770.0,0.55,780.0,-10.0,-0.1,0.2926,0.19260000000000002,780.0,-10.0,-0.09713215810008932,0.2464,0.14926784189991069
34.431818709,770.0,0.55,780.0,-10.0,-0.1,0.2926,0.19260000000000002,780.0,-10.0,-0.09777731025008052,0.2464,0.1486226897499195
34.447600211,770.0,0.55,760.0,10.0,0.09072222505000355,0.2926,0.3833222250500036,780.0,-10.0,-0.09849952075007877,0.2464,0.14790047924992122
34.461515921,770.0,0.55,780.0,-10.0,-0.09999877504999403,0.2926,0.19260122495000598,760.0,10.0,0.09222147929994208,0.2464,0.3386214792999421
34.474537964,770.0,0.55,780.0,-10.0,-0.1,0.2926,0.19260000000000002,760.0,10.0,0.09286794394992284,0.2464,0.3392679439499229
34.489228048,770.0,0.55,780.0,-10.0,-0.1,0.2926,0.19260000000000002,780.0,-10.0,-0.09792159780008661,0.2464,0.1484784021999134
34.501512175,770.0,0.55,780.0,-10.0,-0.1,0.2926,0.19260000000000002,780.0,-10.0,-0.0985372478500949,0.2464,0.1478627521499051
34.519934718,770.0,0.55,760.0,10.0,0.09086398964999717,0.2926,0.3834639896499972,780.0,-10.0,-0.09940123755009153,0.2464,0.14699876244990848
34.533661136,770.0,0.55,780.0,-10.0,-0.09982545210000353,0.2926,0.19277454789999648,780.0,-10.0,-0.1,0.2464,0.1464
34.547608346,770.0,0.55,760.0,10.0,0.09086909379999725,0.2926,0.3834690937999973,760.0,10.0,0.09069453135001823,0.2464,0.3370945313500182
34.561112222,770.0,0.55,780.0,-10.0,-0.09980047085000479,0.2926,0.19279952914999524,780.0,-10.0,-0.0999750332999838,0.2464,0.1464249667000162
34.577153891,770.0,0.55,760.0,10.0,0.09096945630000391,0.2926,0.38356945630000394,780.0,-10.0,-0.1,0.2464,0.1464
34.588434975,770.0,0.55,780.0,-10.0,-0.0997338250499979,0.2926,0.19286617495000213,780.0,-10.0,-0.1,0.2464,0.1464
34.605447893,770.0,0.55,780.0,-10.0,-0.1,0.2926,0.19260000000000002,760.0,10.0,0.09071693130000767,0.2464,0.3371169313000077
34.618256728,770.0,0.55,780.0,-10.0,-0.1,0.2926,0.19260000000000002,760.0,10.0,0.09144746890000534,0.2464,0.33784746890000533
34.634662396,770.0,0.55,780.0,-10.0,-0.1,0.2926,0.19260000000000002,780.0,-10.0,-0.09937955200000488,0.2464,0.14702044799999514
34.650755981,770.0,0.55,760.0,10.0,0.0907392146500024,0.2926,0.3833392146500024,780.0,-10.0,-0.1,0.2464,0.1464
34.694391944,770.0,0.55,760.0,10.0,0.09292133365001064,0.2926,0.3855213336500107,760.0,10.0,0.0921821335499908,0.2464,0.3385821335499908
34.709483654,770.0,0.55,780.0,-10.0,-0.09778406224997979,0.2926,0.19481593775002023,760.0,10.0,0.09288752944998123,0.2464,0.33928752944998125
34.722742822,770.0,0.55,780.0,-10.0,-0.09849320604998865,0.2926,0.19410679395001137,780.0,-10.0,-0.0978216144000271,0.2464,0.1485783855999729
34.73999374,770.0,0.55,760.0,10.0,0.09222476070000539,0.2926,0.38482476070000543,780.0,-10.0,-0.09853956655001639,0.2464,0.14786043344998362
34.755674909,770.0,0.55,780.0,-10.0,-0.09871568940000089,0.2926,0.19388431059999914,760.0,10.0,0.09240088354998989,0.2464,0.3388008835499899
34.770647035,770.0,0.55,780.0,-10.0,-0.09943625194998731,0.2926,0.1931637480500127,780.0,-10.0,-0.09831969360002404,0.2464,0.14808030639997596
34.786945953,770.0,0.55,800.0,-30.0,-0.29,0.2926,0.0026000000000000467,760.0,10.0,0.09245253769996907,0.2464,0.3388525376999691
# 34.798 Shooter Ready
34.801549705,770.0,0.55,780.0,-10.0,-0.1,0.2926,0.19260000000000002,780.0,-10.0,-0.09834251655001935,0.2464,0.14805748344998065
34.816921998,770.0,0.55,780.0,-10.0,-0.1,0.2926,0.19260000000000002,760.0,10.0,0.09248389184998815,0.2464,0.33888389184998813
34.829307624,770.0,0.55,780.0,-10.0,-0.1,0.2926,0.19260000000000002,780.0,-10.0,-0.09811826865002331,0.2464,0.1482817313499767
34.842333459,770.0,0.55,780.0,-10.0,-0.1,0.2926,0.19260000000000002,780.0,-10.0,-0.09878078955000547,0.2464,0.14761921044999454
34.85712096,770.0,0.55,780.0,-10.0,-0.1,0.2926,0.19260000000000002,780.0,-10.0,-0.09949834795002062,0.2464,0.1469016520499794
34.874209129,770.0,0.55,780.0,-10.0,-0.1,0.2926,0.19260000000000002,760.0,10.0,0.09121800004997113,0.2464,0.3376180000499711
34.887029922,770.0,0.55,780.0,-10.0,-0.1,0.2926,0.19260000000000002,760.0,10.0,0.09202216889997544,0.2464,0.33842216889997545
34.900854923,770.0,0.55,780.0,-10.0,-0.1,0.2926,0.19260000000000002,780.0,-10.0,-0.09867487075002827,0.2464,0.14772512924997172
34.916365175,770.0,0.55,760.0,10.0,0.09063711674999922,0.2926,0.3832371167499993,760.0,10.0,0.09196221679996143,0.2464,0.3383622167999614
34.932346176,770.0,0.55,780.0,-10.0,-0.1,0.2926,0.19260000000000002,780.0,-10.0,-0.09890273535004326,0.2464,0.14749726464995674
34.944338344,770.0,0.55,780.0,-10.0,-0.1,0.2926,0.19260000000000002,760.0,10.0,0.09177105849995769,0.2464,0.3381710584999577
34.95691297,770.0,0.55,780.0,-10.0,-0.1,0.2926,0.19260000000000002,780.0,-10.0,-0.09885707490004733,0.2464,0.14754292509995268
34.968810055,770.0,0.55,780.0,-10.0,-0.1,0.2926,0.19260000000000002,780.0,-10.0,-0.09944548325004235,0.2464,0.14695451674995766
34.981572223,770.0,0.55,780.0,-10.0,-0.1,0.2926,0.19260000000000002,760.0,10.0,0.09118504184995345,0.2464,0.33758504184995347
34.994408183,770.0,0.55,760.0,10.0,0.09059825215000729,0.2926,0.3831982521500073,780.0,-10.0,-0.09941318110004431,0.2464,0.14698681889995568
35.009794476,770.0,0.55,780.0,-10.0,-0.1,0.2926,0.19260000000000002,760.0,10.0,0.0913301606499681,0.2464,0.3377301606499681
35.027911644,770.0,0.55,760.0,10.0,0.0909089938499983,0.2926,0.3835089938499983,780.0,-10.0,-0.09959551655001633,0.2464,0.14680448344998367
35.044037896,770.0,0.55,780.0,-10.0,-0.0997923333000017,0.2926,0.19280766669999833,780.0,-10.0,-0.1,0.2464,0.1464
35.056492064,770.0,0.55,760.0,10.0,0.09101998759998878,0.2926,0.38361998759998883,780.0,-10.0,-0.1,0.2464,0.1464
35.070332815,770.0,0.55,780.0,-10.0,-0.09959372290002193,0.2926,0.19300627709997809,760.0,10.0,0.09061373964999803,0.2464,0.33701373964999803
35.082796608,770.0,0.55,780.0,-10.0,-0.1,0.2926,0.19260000000000002,760.0,10.0,0.09122424179999143,0.2464,0.33762424179999145
35.094758734,770.0,0.55,780.0,-10.0,-0.1,0.2926,0.19260000000000002,760.0,10.0,0.09189570224999898,0.2464,0.338295702249999
35.106757902,770.0,0.55,780.0,-10.0,-0.1,0.2926,0.19260000000000002,780.0,-10.0,-0.0987022728500051,0.2464,0.1476977271499949
35.120434737,770.0,0.55,780.0,-10.0,-0.1,0.2926,0.19260000000000002,780.0,-10.0,-0.09936784164999608,0.2464,0.14703215835000394
35.133610197,770.0,0.55,760.0,10.0,0.09061613129998933,0.2926,0.3832161312999893,780.0,-10.0,-0.09998398754999016,0.2464,0.14641601245000985
35.146722948,770.0,0.55,760.0,10.0,0.09125871674999872,0.2926,0.3838587167499987,760.0,10.0,0.09065859790001923,0.2464,0.33705859790001924
35.159214741,770.0,0.55,780.0,-10.0,-0.09937681040000826,0.2926,0.19322318959999177,760.0,10.0,0.09129411050002091,0.2464,0.3376941105000209
35.19906487,770.0,0.55,760.0,10.0,0.09261162729998432,0.2926,0.38521162729998437,780.0,-10.0,-0.1,0.2464,0.1464
35.210593579,770.0,0.55,760.0,10.0,0.09322802114999376,0.2926,0.3858280211499938,780.0,-10.0,-0.1,0.2464,0.1464
35.223476497,770.0,0.55,780.0,-10.0,-0.09738644765000118,0.2926,0.19521355234999885,760.0,10.0,0.09061446880001768,0.2464,0.3370144688000177
35.235762957,770.0,0.55,780.0,-10.0,-0.09799441229999957,0.2926,0.19460558770000047,760.0,10.0,0.09122244800002136,0.2464,0.3376224480000214
35.254987875,770.0,0.55,780.0,-10.0,-0.09875175404999936,0.2926,0.19384824595000066,780.0,-10.0,-0.09953482084997631,0.2464,0.1468651791500237
35.271342502,770.0,0.55,780.0,-10.0,-0.09974342079999587,0.2926,0.19285657920000415,800.0,-30.0,-0.29,0.2464,-0.04359999999999997
35.284221337,770.0,0.55,760.0,10.0,0.09093652719999681,0.2926,0.38353652719999687,780.0,-10.0,-0.1,0.2464,0.1464
35.298151921,770.0,0.55,780.0,-10.0,-0.09972802075001255,0.2926,0.19287197924998747,760.0,10.0,0.09066456255001412,0.2464,0.33706456255001416
35.310670839,770.0,0.55,780.0,-10.0,-0.1,0.2926,0.19260000000000002,760.0,10.0,0.09132145430000037,0.2464,0.3377214543000004
35.323149799,770.0,0.55,780.0,-10.0,-0.1,0.2926,0.19260000000000002,760.0,10.0,0.0920050335500173,0.2464,0.3384050335500173
35.333950508,770.0,0.55,780.0,-10.0,-0.1,0.2926,0.19260000000000002,780.0,-10.0,-0.09853376229998503,0.2464,0.14786623770001497
35.346203718,770.0,0.55,780.0,-10.0,-0.1,0.2926,0.19260000000000002,780.0,-10.0,-0.099120901949982,0.2464,0.14727909805001801
35.358983094,770.0,0.55,760.0,10.0,0.09059992920000695,0.2926,0.383199929200007,760.0,10.0,0.09147901270001967,0.2464,0.3378790127000197
35.376803638,770.0,0.55,760.0,10.0,0.09131270429999404,0.2926,0.3839127042999941,760.0,10.0,0.09219178780000675,0.2464,0.33859178780000676
35.390309264,770.0,0.55,780.0,-10.0,-0.09953613325001243,0.2926,0.1930638667499876,780.0,-10.0,-0.09865706435000447,0.2464,0.14774293564999552
35.40384639,770.0,0.55,760.0,10.0,0.09114608974997737,0.2926,0.38374608974997737,780.0,-10.0,-0.09933928734999427,0.2464,0.14706071265000575
35.416204017,770.0,0.55,780.0,-10.0,-0.09946773740002754,0.2926,0.1931322625999725,780.0,-10.0,-0.09995309989999442,0.2464,0.1464469001000056
35.42964081,770.0,0.55,780.0,-10.0,-0.1,0.2926,0.19260000000000002,760.0,10.0,0.09071020850000423,0.2464,0.3371102085000042
35.441788144,770.0,0.55,760.0,10.0,0.09062475004999669,0.2926,0.38322475004999673,760.0,10.0,0.09133497315000569,0.2464,0.33773497315000567
35.454995687,770.0,0.55,780.0,-10.0,-0.1,0.2926,0.19260000000000002,760.0,10.0,0.09198900655000217,0.2464,0.33838900655000215
35.466462855,770.0,0.55,780.0,-10.0,-0.1,0.2926,0.19260000000000002,780.0,-10.0,-0.09864057060001415,0.2464,0.14775942939998588
35.478445981,770.0,0.55,780.0,-10.0,-0.1,0.2926,0.19260000000000002,780.0,-10.0,-0.09924455400000624,0.2464,0.14715544599999375
35.490507857,770.0,0.55,780.0,-10.0,-0.1,0.2926,0.19260000000000002,780.0,-10.0,-0.09984187280001607,0.2464,0.14655812719998396
35.504639984,770.0,0.55,780.0,-10.0,-0.1,0.2926,0.19260000000000002,760.0,10.0,0.09086452934997397,0.2464,0.337264529349974
35.516431485,770.0,0.55,780.0,-10.0,-0.1,0.2926,0.19260000000000002,760.0,10.0,0.09145740024997849,0.2464,0.3378574002499785
35.533846903,770.0,0.55,760.0,10.0,0.09080087300000286,0.2926,0.3834008730000029,780.0,-10.0,-0.09934348730000693,0.2464,0.1470565126999931
35.546005905,770.0,0.55,780.0,-10.0,-0.09981916664999062,0.2926,0.1927808333500094,780.0,-10.0,-0.09996352695002315,0.2464,0.14643647304997687
35.559553531,770.0,0.55,780.0,-10.0,-0.1,0.2926,0.19260000000000002,760.0,10.0,0.09071642104996955,0.2464,0.33711642104996953
35.572042116,770.0,0.55,760.0,10.0,0.0906126604999963,0.2926,0.38321266049999636,760.0,10.0,0.09132908154996586,0.2464,0.33772908154996584
35.585581867,770.0,0.55,780.0,-10.0,-0.1,0.2926,0.19260000000000002,760.0,10.0,0.09200016284995854,0.2464,0.33840016284995855
35.597462035,770.0,0.55,780.0,-10.0,-0.1,0.2926,0.19260000000000002,780.0,-10.0,-0.09866254765004215,0.2464,0.14773745234995786
35.614376661,770.0,0.55,760.0,10.0,0.09077959590000774,0.2926,0.38337959590000775,800.0,-30.0,-0.29,0.2464,-0.04359999999999997
# 35.627 Shooter Ready
35.631213997,770.0,0.55,780.0,-10.0,-0.1,0.2926,0.19260000000000002,760.0,10.0,0.09080552509998598,0.2464,0.33720552509998597
35.642047664,770.0,0.55,780.0,-10.0,-0.1,0.2926,0.19260000000000002,760.0,10.0,0.09146265014998335,0.2464,0.33786265014998335
35.654131124,770.0,0.55,760.0,10.0,0.09054635005001274,0.2926,0.38314635005001274,760.0,10.0,0.09200900019999608,0.2464,0.3384090001999961
35.666967667,770.0,0.55,780.0,-10.0,-0.1,0.2926,0.19260000000000002,760.0,10.0,0.09263942320000297,0.2464,0.33903942320000297
35.706335962,770.0,0.55,780.0,-10.0,-0.1,0.2926,0.19260000000000002,760.0,10.0,0.09467021089998526,0.2464,0.34107021089998524
35.717520797,770.0,0.55,780.0,-10.0,-0.1,0.2926,0.19260000000000002,780.0,-10.0,-0.09588887040001737,0.2464,0.15051112959998264
35.73275484,770.0,0.55,760.0,10.0,0.09065439800000605,0.2926,0.38325439800000605,760.0,10.0,0.09476561509999556,0.2464,0.34116561509999555
35.745467425,770.0,0.55,780.0,-10.0,-0.1,0.2926,0.19260000000000002,760.0,10.0,0.09544829014997959,0.2464,0.3418482901499796
35.760896885,770.0,0.55,780.0,-10.0,-0.1,0.2926,0.19260000000000002,760.0,10.0,0.09609465269999419,0.2464,0.3424946526999942
35.775939011,770.0,0.55,760.0,10.0,0.09087428550000368,0.2926,0.38347428550000373,760.0,10.0,0.09696889444998305,0.2464,0.3433688944499831
35.790202971,770.0,0.55,780.0,-10.0,-0.0998335311999881,0.2926,0.19276646880001191,780.0,-10.0,-0.09373892230003093,0.2464,0.15266107769996906
35.803523972,770.0,0.55,780.0,-10.0,-0.1,0.2926,0.19260000000000002,780.0,-10.0,-0.09441246820001652,0.2464,0.15198753179998348
35.816751057,770.0,0.55,780.0,-10.0,-0.1,0.2926,0.19260000000000002,780.0,-10.0,-0.09512218080001275,0.2464,0.15127781919998726
35.829866725,770.0,0.55,780.0,-10.0,-0.1,0.2926,0.19260000000000002,760.0,10.0,0.09554327135000676,0.2464,0.3419432713500068
35.845118851,770.0,0.55,760.0,10.0,0.09064038340001389,0.2926,0.38324038340001393,760.0,10.0,0.0961836255499884,0.2464,0.3425836255499884
35.860847561,770.0,0.55,780.0,-10.0,-0.1,0.2926,0.19260000000000002,780.0,-10.0,-0.09462819955001578,0.2464,0.15177180044998423
35.877638813,770.0,0.55,760.0,10.0,0.09072816049998891,0.2926,0.38332816049998897,780.0,-10.0,-0.09535634545002267,0.2464,0.15104365454997734
35.891330814,770.0,0.55,780.0,-10.0,-0.1,0.2926,0.19260000000000002,780.0,-10.0,-0.09619315180002559,0.2464,0.15020684819997443
35.903694274,770.0,0.55,780.0,-10.0,-0.1,0.2926,0.19260000000000002,760.0,10.0,0.09448791909996089,0.2464,0.3408879190999609
35.914736775,770.0,0.55,780.0,-10.0,-0.1,0.2926,0.19260000000000002,760.0,10.0,0.09503836704997412,0.2464,0.3414383670499741
35.928593568,770.0,0.55,780.0,-10.0,-0.1,0.2926,0.19260000000000002,780.0,-10.0,-0.09565409345002536,0.2464,0.15074590654997466
35.941038986,770.0,0.55,780.0,-10.0,-0.1,0.2926,0.19260000000000002,780.0,-10.0,-0.0962771664000229,0.2464,0.1501228335999771
35.952563029,770.0,0.55,780.0,-10.0,-0.1,0.2926,0.19260000000000002,780.0,-10.0,-0.09685501650001242,0.2464,0.14954498349998757
35.966287405,770.0,0.55,760.0,10.0,0.09061986465000246,0.2926,0.38321986465000246,780.0,-10.0,-0.09747486655001011,0.2464,0.1489251334499899
35.980955032,770.0,0.55,780.0,-10.0,-0.1,0.2926,0.19260000000000002,760.0,10.0,0.09324610435000068,0.2464,0.3396461043500007
35.992549949,770.0,0.55,780.0,-10.0,-0.1,0.2926,0.19260000000000002,760.0,10.0,0.09389700235000419,0.2464,0.3402970023500042
36.005587451,770.0,0.55,760.0,10.0,0.09060173755000506,0.2926,0.3832017375500051,780.0,-10.0,-0.09670474974998342,0.2464,0.1496952502500166
36.01806816,770.0,0.55,780.0,-10.0,-0.1,0.2926,0.19260000000000002,780.0,-10.0,-0.09731968524999957,0.2464,0.14908031475000044
36.03464212,770.0,0.55,780.0,-10.0,-0.1,0.2926,0.19260000000000002,780.0,-10.0,-0.09821203949998107,0.2464,0.14818796050001892
36.050789664,770.0,0.55,780.0,-10.0,-0.1,0.2926,0.19260000000000002,760.0,10.0,0.09249271475001933,0.2464,0.33889271475001936
36.06259954,770.0,0.55,780.0,-10.0,-0.1,0.2926,0.19260000000000002,760.0,10.0,0.09318714400002591,0.2464,0.33958714400002593
36.075090458,770.0,0.55,760.0,10.0,0.09056450629999745,0.2926,0.3831645062999975,760.0,10.0,0.09375165030002336,0.2464,0.34015165030002337
36.088181917,770.0,0.55,780.0,-10.0,-0.1,0.2926,0.19260000000000002,780.0,-10.0,-0.0968949455999791,0.2464,0.1495050544000209
36.099257377,770.0,0.55,780.0,-10.0,-0.1,0.2926,0.19260000000000002,800.0,-30.0,-0.28875405819996103,0.2464,-0.04235405819996102
36.11380192,770.0,0.55,760.0,10.0,0.09062610630000109,0.2926,0.3832261063000011,780.0,-10.0,-0.09938019369997164,0.2464,0.14701980630002837
36.128615088,770.0,0.55,780.0,-10.0,-0.1,0.2926,0.19260000000000002,760.0,10.0,0.0914113897000243,0.2464,0.33781138970002433
36.14246809,770.0,0.55,760.0,10.0,0.09067932090000795,0.2926,0.383279320900008,760.0,10.0,0.09209071060003225,0.2464,0.3384907106000323
36.155239007,770.0,0.55,760.0,10.0,0.09131700634999561,0.2926,0.38391700634999565,760.0,10.0,0.09272841065002467,0.2464,0.3391284106500247
36.170026217,770.0,0.55,780.0,-10.0,-0.09937729165001201,0.2926,0.193222708349988,780.0,-10.0,-0.09796587279997766,0.2464,0.14843412720002236
36.211519596,770.0,0.55,780.0,-10.0,-0.1,0.2926,0.19260000000000002,760.0,10.0,0.0941652482000245,0.2464,0.34056524820002454
36.223809264,770.0,0.55,780.0,-10.0,-0.1,0.2926,0.19260000000000002,760.0,10.0,0.09483513370002129,0.2464,0.3412351337000213
36.237693182,770.0,0.55,760.0,10.0,0.09056392295000479,0.2926,0.3831639229500048,760.0,10.0,0.09539905670002555,0.2464,0.3417990567000255
36.250674392,770.0,0.55,780.0,-10.0,-0.1,0.2926,0.19260000000000002,760.0,10.0,0.09611407760002294,0.2464,0.34251407760002295
36.264826352,770.0,0.55,780.0,-10.0,-0.1,0.2926,0.19260000000000002,760.0,10.0,0.09673322765001104,0.2464,0.34313322765001103
36.278513978,770.0,0.55,780.0,-10.0,-0.1,0.2926,0.19260000000000002,780.0,-10.0,-0.09410580994999691,0.2464,0.1522941900500031
36.289891604,770.0,0.55,780.0,-10.0,-0.1,0.2926,0.19260000000000002,760.0,10.0,0.09646333385000162,0.2464,0.3428633338500016
36.302745356,770.0,0.55,760.0,10.0,0.09058457300001464,0.2926,0.3831845730000147,780.0,-10.0,-0.0941212099500035,0.2464,0.1522787900499965
36.315012565,770.0,0.55,760.0,10.0,0.091200106400006,0.2926,0.38380010640000606,780.0,-10.0,-0.09473677250000492,0.2464,0.15166322749999508
36.329222275,770.0,0.55,780.0,-10.0,-0.09950001029999385,0.2926,0.1930999897000062,760.0,10.0,0.09596330050000233,0.2464,0.34236330050000235
36.341408985,770.0,0.55,780.0,-10.0,-0.1,0.2926,0.19260000000000002,780.0,-10.0,-0.09465465374998985,0.2464,0.15174534625001015
36.353299069,770.0,0.55,780.0,-10.0,-0.1,0.2926,0.19260000000000002,780.0,-10.0,-0.09530251839998982,0.2464,0.1510974816000102
36.367589862,770.0,0.55,780.0,-10.0,-0.1,0.2926,0.19260000000000002,780.0,-10.0,-0.09601126844997906,0.2464,0.15038873155002094
36.384076614,770.0,0.55,780.0,-10.0,-0.1,0.2926,0.19260000000000002,760.0,10.0,0.09472282745004122,0.2464,0.34112282745004124
36.396636948,770.0,0.55,760.0,10.0,0.09066955009999675,0.2926,0.38326955009999675,760.0,10.0,0.09539240670002527,0.2464,0.3417924067000253
36.409369366,770.0,0.55,780.0,-10.0,-0.09996600620002027,0.2926,0.19263399379997975,780.0,-10.0,-0.095243149599969,0.2464,0.15115685040003102
36.421733993,770.0,0.55,780.0,-10.0,-0.1,0.2926,0.19260000000000002,780.0,-10.0,-0.09585531424997953,0.2464,0.15054468575002047
36.435469744,770.0,0.55,760.0,10.0,0.09068721049999567,0.2926,0.3832872104999957,780.0,-10.0,-0.09654251014997044,0.2464,0.14985748985002956
36.449223579,770.0,0.55,780.0,-10.0,-0.09996427080002376,0.2926,0.19263572919997626,760.0,10.0,0.09410870865002835,0.2464,0.34050870865002836
36.46306608,770.0,0.55,760.0,10.0,0.09076463344996683,0.2926,0.38336463344996685,760.0,10.0,0.09483784625002954,0.2464,0.34123784625002956
36.47659679,770.0,0.55,760.0,10.0,0.09141523974996289,0.2926,0.38401523974996293,760.0,10.0,0.09548845255004836,0.2464,0.34188845255004835
36.490446583,770.0,0.55,780.0,-10.0,-0.09929832285004067,0.2926,0.19330167714995936,780.0,-10.0,-0.09522510999993301,0.2464,0.151174890000067
36.503502459,770.0,0.55,760.0,10.0,0.09134922094996455,0.2926,0.3839492209499646,780.0,-10.0,-0.0958726538499377,0.2464,0.1505273461500623
36.517651794,770.0,0.55,780.0,-10.0,-0.09935887290002939,0.2926,0.19324112709997066,760.0,10.0,0.09483543995005675,0.2464,0.3412354399500568
36.531103754,770.0,0.55,780.0,-10.0,-0.1,0.2926,0.19260000000000002,760.0,10.0,0.09549645880007575,0.2464,0.34189645880007574
36.548858964,770.0,0.55,780.0,-10.0,-0.1,0.2926,0.19260000000000002,780.0,-10.0,-0.0954562266999119,0.2464,0.15094377330008812
36.56051134,770.0,0.55,780.0,-10.0,-0.1,0.2926,0.19260000000000002,780.0,-10.0,-0.09605164964991672,0.2464,0.1503483503500833
36.574873883,770.0,0.55,780.0,-10.0,-0.1,0.2926,0.19260000000000002,780.0,-10.0,-0.09677176014990892,0.2464,0.1496282398500911
36.592195968,770.0,0.55,800.0,-30.0,-0.29,0.2926,0.0026000000000000467,760.0,10.0,0.09402395035009704,0.2464,0.34042395035009704
# 36.604 Shooter Ready
36.607852053,770.0,0.55,780.0,-10.0,-0.1,0.2926,0.19260000000000002,760.0,10.0,0.094799594200108,0.2464,0.34119959420010804
36.621500596,770.0,0.55,780.0,-10.0,-0.1,0.2926,0.19260000000000002,780.0,-10.0,-0.09596575374987423,0.2464,0.15043424625012577
36.635091681,770.0,0.55,760.0,10.0,0.09059282715001246,0.2926,0.38319282715001246,780.0,-10.0,-0.0965585808998867,0.2464,0.1498414191001133
36.651131891,770.0,0.55,780.0,-10.0,-0.1,0.2926,0.19260000000000002,780.0,-10.0,-0.09737009974987813,0.2464,0.14902990025012186
36.665243892,770.0,0.55,760.0,10.0,0.090711754200006,0.2926,0.383311754200006,780.0,-10.0,-0.0980818539998836,0.2464,0.1483181460001164
36.679453894,770.0,0.55,780.0,-10.0,-0.09999848339998607,0.2926,0.19260151660001396,760.0,10.0,0.09262836895010423,0.2464,0.33902836895010424
36.722465689,770.0,0.55,780.0,-10.0,-0.1,0.2926,0.19260000000000002,780.0,-10.0,-0.09952564794989485,0.2464,0.14687435205010516
36.734830607,770.0,0.55,780.0,-10.0,-0.1,0.2926,0.19260000000000002,780.0,-10.0,-0.1,0.2464,0.1464
36.748864734,770.0,0.55,760.0,10.0,0.09056990209998275,0.2926,0.3831699020999828,760.0,10.0,0.09056987299999492,0.2464,0.3369698729999949
36.770531778,770.0,0.55,780.0,-10.0,-0.1,0.2926,0.19260000000000002,780.0,-10.0,-0.1,0.2464,0.1464
36.782575571,770.0,0.55,780.0,-10.0,-0.1,0.2926,0.19260000000000002,780.0,-10.0,-0.1,0.2464,0.1464
36.797127697,770.0,0.55,760.0,10.0,0.09061898960000235,0.2926,0.3832189896000024,780.0,-10.0,-0.1,0.2464,0.1464
36.808701031,770.0,0.55,780.0,-10.0,-0.1,0.2926,0.19260000000000002,780.0,-10.0,-0.1,0.2464,0.1464
36.822548783,770.0,0.55,780.0,-10.0,-0.1,0.2926,0.19260000000000002,760.0,10.0,0.09063946464999845,0.2464,0.33703946464999845
36.837463159,770.0,0.55,760.0,10.0,0.09065277925000373,0.2926,0.3832527792500038,760.0,10.0,0.09129225850000694,0.2464,0.33769225850000695
36.852994703,770.0,0.55,780.0,-10.0,-0.1,0.2926,0.19260000000000002,780.0,-10.0,-0.09953566654999121,0.2464,0.1468643334500088
36.867397204,770.0,0.55,760.0,10.0,0.09065299799998684,0.2926,0.38325299799998686,780.0,-10.0,-0.1,0.2464,0.1464
36.880702455,770.0,0.55,780.0,-10.0,-0.1,0.2926,0.19260000000000002,780.0,-10.0,-0.1,0.2464,0.1464
36.89080054,770.0,0.55,780.0,-10.0,-0.1,0.2926,0.19260000000000002,780.0,-10.0,-0.1,0.2464,0.1464
36.901397374,770.0,0.55,780.0,-10.0,-0.1,0.2926,0.19260000000000002,780.0,-10.0,-0.1,0.2464,0.1464
36.91481375,770.0,0.55,780.0,-10.0,-0.1,0.2926,0.19260000000000002,760.0,10.0,0.090477575050013,0.2464,0.33687757505001303
36.929614669,770.0,0.55,780.0,-10.0,-0.1,0.2926,0.19260000000000002,780.0,-10.0,-0.1,0.2464,0.1464
36.938931086,770.0,0.55,780.0,-10.0,-0.1,0.2926,0.19260000000000002,780.0,-10.0,-0.1,0.2464,0.1464
36.952629213,770.0,0.55,760.0,10.0,0.0905109854500006,0.2926,0.3831109854500006,760.0,10.0,0.09051098544997785,0.2464,0.3369109854499779
36.966900172,770.0,0.55,780.0,-10.0,-0.1,0.2926,0.19260000000000002,780.0,-10.0,-0.1,0.2464,0.1464
36.977014007,770.0,0.55,780.0,-10.0,-0.1,0.2926,0.19260000000000002,780.0,-10.0,-0.1,0.2464,0.1464
36.989736216,770.0,0.55,760.0,10.0,0.0904517625500057,0.2926,0.3830517625500057,760.0,10.0,0.0904517625500057,0.2464,0.3368517625500057
37.002890968,770.0,0.55,780.0,-10.0,-0.1,0.2926,0.19260000000000002,780.0,-10.0,-0.1,0.2464,0.1464
37.012023927,770.0,0.55,780.0,-10.0,-0.1,0.2926,0.19260000000000002,780.0,-10.0,-0.1,0.2464,0.1464
37.023780136,770.0,0.55,780.0,-10.0,-0.1,0.2926,0.19260000000000002,760.0,10.0,0.09048464794999746,0.2464,0.33688464794999745
37.036361179,770.0,0.55,780.0,-10.0,-0.1,0.2926,0.19260000000000002,780.0,-10.0,-0.1,0.2464,0.1464
37.060956557,770.0,0.55,780.0,-10.0,-0.1,0.2926,0.19260000000000002,760.0,10.0,0.09109984595001151,0.2464,0.33749984595001153
37.073917058,770.0,0.55,760.0,10.0,0.09070021879998877,0.2926,0.38330021879998877,780.0,-10.0,-0.09960041659999205,0.2464,0.14679958340000795
37.088124143,770.0,0.55,780.0,-10.0,-0.1,0.2926,0.19260000000000002,760.0,10.0,0.09110449809999409,0.2464,0.3375044980999941
37.100931228,770.0,0.55,760.0,10.0,0.09065048965000187,0.2926,0.3832504896500019,760.0,10.0,0.09175501690000601,0.2464,0.33815501690000604
37.113864604,770.0,0.55,760.0,10.0,0.09131890220000059,0.2926,0.38391890220000063,780.0,-10.0,-0.09891339564999271,0.2464,0.1474866043500073
37.127335522,770.0,0.55,780.0,-10.0,-0.09932490829999097,0.2926,0.19327509170000906,780.0,-10.0,-0.09955719154997951,0.2464,0.1468428084500205
37.146604774,770.0,0.55,780.0,-10.0,-0.1,0.2926,0.19260000000000002,780.0,-10.0,-0.1,0.2464,0.1464
37.1597149,770.0,0.55,780.0,-10.0,-0.1,0.2926,0.19260000000000002,760.0,10.0,0.0907439980000072,0.2464,0.3371439980000072
37.175538985,770.0,0.55,780.0,-10.0,-0.1,0.2926,0.19260000000000002,760.0,10.0,0.0914501376499993,0.2464,0.3378501376499993
37.188777445,770.0,0.55,760.0,10.0,0.09066976880000312,0.2926,0.38326976880000313,780.0,-10.0,-0.0992196311500038,0.2464,0.1471803688499962
37.235992449,770.0,0.55,760.0,10.0,0.0930035544499924,0.2926,0.38560355444999245,780.0,-10.0,-0.1,0.2464,0.1464
37.252850784,770.0,0.55,780.0,-10.0,-0.09780636020002476,0.2926,0.19479363979997527,760.0,10.0,0.09080990010001187,0.2464,0.3372099001000119
37.274667453,770.0,0.55,800.0,-30.0,-0.29,0.2926,0.0026000000000000467,780.0,-10.0,-0.1,0.2464,0.1464
37.292056038,770.0,0.55,780.0,-10.0,-0.1,0.2926,0.19260000000000002,780.0,-10.0,-0.1,0.2464,0.1464
37.305715373,770.0,0.55,780.0,-10.0,-0.1,0.2926,0.19260000000000002,760.0,10.0,0.09062435629999982,0.2464,0.3370243562999998
37.319793833,770.0,0.55,780.0,-10.0,-0.1,0.2926,0.19260000000000002,760.0,10.0,0.09134946885000318,0.2464,0.3377494688500032
37.335225626,770.0,0.55,800.0,-30.0,-0.29,0.2926,0.0026000000000000467,780.0,-10.0,-0.09935678750000534,0.2464,0.14704321249999466
37.350245294,770.0,0.55,780.0,-10.0,-0.1,0.2926,0.19260000000000002,780.0,-10.0,-0.1,0.2464,0.1464
37.361153337,770.0,0.55,780.0,-10.0,-0.1,0.2926,0.19260000000000002,780.0,-10.0,-0.1,0.2464,0.1464
37.375382588,770.0,0.55,780.0,-10.0,-0.1,0.2926,0.19260000000000002,760.0,10.0,0.09060363340001004,0.2464,0.33700363340001005
37.389081298,770.0,0.55,780.0,-10.0,-0.1,0.2926,0.19260000000000002,760.0,10.0,0.0912784334500111,0.2464,0.33767843345001114
37.410207884,770.0,0.55,780.0,-10.0,-0.1,0.2926,0.19260000000000002,780.0,-10.0,-0.09977301039998565,0.2464,0.14662698960001436
37.426542385,770.0,0.55,760.0,10.0,0.09065076675000455,0.2926,0.3832507667500046,780.0,-10.0,-0.1,0.2464,0.1464
37.439187303,770.0,0.55,780.0,-10.0,-0.1,0.2926,0.19260000000000002,780.0,-10.0,-0.1,0.2464,0.1464
37.453090763,770.0,0.55,760.0,10.0,0.09059278339999764,0.2926,0.3831927833999977,760.0,10.0,0.09059279799997967,0.2464,0.33699279799997967
37.468935848,770.0,0.55,780.0,-10.0,-0.1,0.2926,0.19260000000000002,760.0,10.0,0.09135584180000024,0.2464,0.33775584180000023
37.480748932,770.0,0.55,780.0,-10.0,-0.1,0.2926,0.19260000000000002,780.0,-10.0,-0.09931768954998006,0.2464,0.14708231045001996
37.494556725,770.0,0.55,780.0,-10.0,-0.1,0.2926,0.19260000000000002,780.0,-10.0,-0.1,0.2464,0.1464
37.506818977,770.0,0.55,780.0,-10.0,-0.1,0.2926,0.19260000000000002,780.0,-10.0,-0.1,0.2464,0.1464
37.519073645,770.0,0.55,780.0,-10.0,-0.1,0.2926,0.19260000000000002,760.0,10.0,0.09050719379999009,0.2464,0.3369071937999901
37.531716812,770.0,0.55,760.0,10.0,0.09055655835001289,0.2926,0.38315655835001294,760.0,10.0,0.09106378134998977,0.2464,0.3374637813499898
37.545686481,770.0,0.55,760.0,10.0,0.09126354384999559,0.2926,0.3838635438499956,760.0,10.0,0.09177075224999044,0.2464,0.33817075224999044
37.562487066,770.0,0.55,780.0,-10.0,-0.09957848335002381,0.2926,0.19302151664997622,780.0,-10.0,-0.09907124575001944,0.2464,0.14732875424998057
37.577868692,770.0,0.55,780.0,-10.0,-0.1,0.2926,0.19260000000000002,780.0,-10.0,-0.099824008350015,0.2464,0.14657599164998503
37.589828777,770.0,0.55,780.0,-10.0,-0.1,0.2926,0.19260000000000002,780.0,-10.0,-0.1,0.2464,0.1464
37.60345632,770.0,0.55,780.0,-10.0,-0.1,0.2926,0.19260000000000002,760.0,10.0,0.09067790630000673,0.2464,0.3370779063000067
37.616980029,770.0,0.55,760.0,10.0,0.09061340424999799,0.2926,0.383213404249998,780.0,-10.0,-0.09993542504998913,0.2464,0.14646457495001086
37.633112989,770.0,0.55,780.0,-10.0,-0.1,0.2926,0.19260000000000002,780.0,-10.0,-0.1,0.2464,0.1464
37.644893407,770.0,0.55,780.0,-10.0,-0.1,0.2926,0.19260000000000002,780.0,-10.0,-0.1,0.2464,0.1464
37.669290451,770.0,0.55,780.0,-10.0,-0.1,0.2926,0.19260000000000002,780.0,-10.0,-0.1,0.2464,0.1464
37.682872203,770.0,0.55,780.0,-10.0,-0.1,0.2926,0.19260000000000002,760.0,10.0,0.09056119584999124,0.2464,0.33696119584999124
37.699057954,770.0,0.55,760.0,10.0,0.0907282479999958,0.2926,0.3833282479999958,780.0,-10.0,-0.1,0.2464,0.1464
37.745884167,770.0,0.55,780.0,-10.0,-0.1,0.2926,0.19260000000000002,760.0,10.0,0.09235271480000848,0.2464,0.33875271480000846
37.761509919,770.0,0.55,780.0,-10.0,-0.1,0.2926,0.19260000000000002,760.0,10.0,0.09320398779999778,0.2464,0.3396039877999978
37.782650213,770.0,0.55,760.0,10.0,0.09077456470000925,0.2926,0.3833745647000093,780.0,-10.0,-0.097570576850012,0.2464,0.148829423149988
37.801181548,770.0,0.55,780.0,-10.0,-0.1,0.2926,0.19260000000000002,780.0,-10.0,-0.09869127695001226,0.2464,0.14770872304998775
37.815228799,770.0,0.55,780.0,-10.0,-0.1,0.2926,0.19260000000000002,760.0,10.0,0.09210733564997554,0.2464,0.33850733564997554
37.830774051,770.0,0.55,780.0,-10.0,-0.1,0.2926,0.19260000000000002,760.0,10.0,0.09287403989998438,0.2464,0.3392740398999844
37.846347302,770.0,0.55,780.0,-10.0,-0.1,0.2926,0.19260000000000002,760.0,10.0,0.09363843994998661,0.2464,0.3400384399499866
37.861764221,770.0,0.55,780.0,-10.0,-0.1,0.2926,0.19260000000000002,780.0,-10.0,-0.09714808305000133,0.2464,0.14925191694999868
37.876537722,770.0,0.55,780.0,-10.0,-0.1,0.2926,0.19260000000000002,780.0,-10.0,-0.09788306855000428,0.2464,0.14851693144999573
37.891292265,770.0,0.55,780.0,-10.0,-0.1,0.2926,0.19260000000000002,760.0,10.0,0.09282073779999336,0.2464,0.3392207377999934
37.905326683,770.0,0.55,780.0,-10.0,-0.1,0.2926,0.19260000000000002,780.0,-10.0,-0.0979147581000234,0.2464,0.1484852418999766
37.918550268,770.0,0.55,780.0,-10.0,-0.1,0.2926,0.19260000000000002,760.0,10.0,0.09276702734997798,0.2464,0.339167027349978
37.93372627,770.0,0.55,780.0,-10.0,-0.1,0.2926,0.19260000000000002,760.0,10.0,0.0934204628499765,0.2464,0.3398204628499765
37.948264396,770.0,0.55,760.0,10.0,0.0907673751000084,0.2926,0.3833673751000084,780.0,-10.0,-0.0973468976500044,0.2464,0.1490531023499956
37.962765189,770.0,0.55,780.0,-10.0,-0.09994118539998453,0.2926,0.1926588146000155,760.0,10.0,0.09336167740001657,0.2464,0.33976167740001656
37.978758441,770.0,0.55,760.0,10.0,0.09084764175001056,0.2926,0.38344764175001056,780.0,-10.0,-0.09742716434998329,0.2464,0.14897283565001673
37.991670817,770.0,0.55,780.0,-10.0,-0.09982699790000424,0.2926,0.1927730020999958,780.0,-10.0,-0.09810183319996213,0.2464,0.14829816680003788
38.006088485,770.0,0.55,780.0,-10.0,-0.1,0.2926,0.19260000000000002,760.0,10.0,0.09255045020005583,0.2464,0.3389504502000558
38.019340361,770.0,0.55,760.0,10.0,0.09073782924998795,0.2926,0.383337829249988,780.0,-10.0,-0.09818736444992737,0.2464,0.14821263555007264
38.033796238,770.0,0.55,780.0,-10.0,-0.09998476040002516,0.2926,0.19261523959997487,780.0,-10.0,-0.09890995409994048,0.2464,0.14749004590005954
38.05160774,770.0,0.55,760.0,10.0,0.09089840634998382,0.2926,0.38349840634998383,780.0,-10.0,-0.09979312084992671,0.2464,0.1466068791500733
38.065031991,770.0,0.55,760.0,10.0,0.09157190849997733,0.2926,0.38417190849997734,760.0,10.0,0.09088038130008955,0.2464,0.3372803813000895
38.080997534,770.0,0.55,780.0,-10.0,-0.09921232490000875,0.2926,0.19338767509999127,760.0,10.0,0.0916645418000735,0.2464,0.3380645418000735
38.097675328,770.0,0.55,760.0,10.0,0.09156229809999786,0.2926,0.3841622980999979,780.0,-10.0,-0.09911008119993311,0.2464,0.1472899188000669
38.112593496,770.0,0.55,780.0,-10.0,-0.09924421865000568,0.2926,0.19335578134999434,800.0,-30.0,-0.29,0.2464,-0.04359999999999997
38.128430414,770.0,0.55,780.0,-10.0,-0.1,0.2926,0.19260000000000002,760.0,10.0,0.09077624175000892,0.2464,0.33717624175000893
38.141383332,770.0,0.55,780.0,-10.0,-0.1,0.2926,0.19260000000000002,760.0,10.0,0.09151236475001043,0.2464,0.3379123647500104
38.154500167,770.0,0.55,780.0,-10.0,-0.1,0.2926,0.19260000000000002,760.0,10.0,0.09215665645000627,0.2464,0.33855665645000627
38.17254821,770.0,0.55,760.0,10.0,0.09083960635001859,0.2926,0.3834396063500186,760.0,10.0,0.09299616069999048,0.2464,0.33939616069999046
38.187145253,770.0,0.55,760.0,10.0,0.09156037310000556,0.2926,0.3841603731000056,780.0,-10.0,-0.09772472270001345,0.2464,0.14867527729998656
38.20091163,770.0,0.55,780.0,-10.0,-0.09914923740000177,0.2926,0.19345076259999827,760.0,10.0,0.09298487319998913,0.2464,0.3393848731999891
38.217474215,770.0,0.55,780.0,-10.0,-0.0999768561999872,0.2926,0.19262314380001283,780.0,-10.0,-0.09784276025002328,0.2464,0.14855723974997673
38.260623094,770.0,0.55,780.0,-10.0,-0.1,0.2926,0.19260000000000002,760.0,10.0,0.09428429204996519,0.2464,0.3406842920499652
38.275485262,770.0,0.55,780.0,-10.0,-0.1,0.2926,0.19260000000000002,760.0,10.0,0.0951202962999696,0.2464,0.3415202962999696
38.290785222,770.0,0.55,780.0,-10.0,-0.1,0.2926,0.19260000000000002,780.0,-10.0,-0.09547003710001718,0.2464,0.15092996289998284
38.305478807,770.0,0.55,780.0,-10.0,-0.1,0.2926,0.19260000000000002,760.0,10.0,0.09543732339999679,0.2464,0.3418373233999968
38.317938516,770.0,0.55,780.0,-10.0,-0.1,0.2926,0.19260000000000002,780.0,-10.0,-0.09518500579999908,0.2464,0.15121499420000092
38.331993643,770.0,0.55,780.0,-10.0,-0.1,0.2926,0.19260000000000002,780.0,-10.0,-0.09588731005001136,0.2464,0.15051268994998865
38.359756229,770.0,0.55,780.0,-10.0,-0.1,0.2926,0.19260000000000002,760.0,10.0,0.09549949214998833,0.2464,0.3418994921499883
38.376948814,770.0,0.55,760.0,10.0,0.09072333345001425,0.2926,0.3833233334500143,760.0,10.0,0.09622285474996715,0.2464,0.3426228547499672
38.397332816,770.0,0.55,780.0,-10.0,-0.1,0.2926,0.19260000000000002,760.0,10.0,0.09726098399998137,0.2464,0.34366098399998135
38.414494776,770.0,0.55,760.0,10.0,0.0909112688499954,0.2926,0.3835112688499954,780.0,-10.0,-0.09365029945001879,0.2464,0.15274970054998122
38.428274861,770.0,0.55,780.0,-10.0,-0.09977691870001308,0.2926,0.19282308129998693,760.0,10.0,0.09703790269997171,0.2464,0.3434379026999717
38.452532488,770.0,0.55,780.0,-10.0,-0.1,0.2926,0.19260000000000002,780.0,-10.0,-0.09406609950003712,0.2464,0.15233390049996287
38.463856448,770.0,0.55,780.0,-10.0,-0.1,0.2926,0.19260000000000002,760.0,10.0,0.09667836514996907,0.2464,0.3430783651499691
38.477873949,770.0,0.55,760.0,10.0,0.0906266604999837,0.2926,0.3832266604999837,760.0,10.0,0.09730502564995278,0.2464,0.34370502564995276
38.493189659,770.0,0.55,780.0,-10.0,-0.1,0.2926,0.19260000000000002,780.0,-10.0,-0.09346707440006412,0.2464,0.15293292559993588
38.507588661,770.0,0.55,760.0,10.0,0.09071293545001936,0.2926,0.3833129354500194,760.0,10.0,0.09724586109993197,0.2464,0.343645861099932
38.521006787,770.0,0.55,780.0,-10.0,-0.09995890424997925,0.2926,0.19264109575002078,780.0,-10.0,-0.09342597855006715,0.2464,0.15297402144993286
38.537777039,770.0,0.55,760.0,10.0,0.09087602080000125,0.2926,0.38347602080000126,760.0,10.0,0.09740893194993078,0.2464,0.3438089319499308
38.550573332,770.0,0.55,780.0,-10.0,-0.09978260635000424,0.2926,0.19281739364999578,760.0,10.0,0.09806760284992834,0.2464,0.34446760284992833
38.56416325,770.0,0.55,780.0,-10.0,-0.1,0.2926,0.19260000000000002,780.0,-10.0,-0.0925816618000681,0.2464,0.1538183381999319
38.581505751,770.0,0.55,780.0,-10.0,-0.1,0.2926,0.19260000000000002,760.0,10.0,0.0983796424499269,0.2464,0.3447796424499269
38.597968295,770.0,0.55,760.0,10.0,0.09074621465000746,0.2926,0.3833462146500075,780.0,-10.0,-0.09236657220008056,0.2464,0.15403342779991946
38.610748838,770.0,0.55,760.0,10.0,0.09138990850000482,0.2926,0.38398990850000486,780.0,-10.0,-0.09301023685009113,0.2464,0.15338976314990888
38.624902839,770.0,0.55,780.0,-10.0,-0.09930631444999563,0.2926,0.1932936855500044,760.0,10.0,0.09768598614990878,0.2464,0.3440859861499088
38.638307257,770.0,0.55,760.0,10.0,0.09136182104999989,0.2926,0.38396182104999993,780.0,-10.0,-0.09298216390009202,0.2464,0.153417836099908
38.656102134,770.0,0.55,780.0,-10.0,-0.09936781235001035,0.2926,0.19323218764998967,780.0,-10.0,-0.09371178275007423,0.2464,0.15268821724992576
38.669617385,770.0,0.55,780.0,-10.0,-0.1,0.2926,0.19260000000000002,780.0,-10.0,-0.09457101825007612,0.2464,0.15182898174992387
38.685275803,770.0,0.55,760.0,10.0,0.09078691675000755,0.2926,0.3833869167500076,780.0,-10.0,-0.09535792040007891,0.2464,0.1510420795999211
38.697890096,770.0,0.55,780.0,-10.0,-0.0998305270499941,0.2926,0.19276947295000593,760.0,10.0,0.0952595379999275,0.2464,0.3416595379999275
38.710837181,770.0,0.55,780.0,-10.0,-0.1,0.2926,0.19260000000000002,780.0,-10.0,-0.09539366415006043,0.2464,0.15100633584993958
38.723547724,770.0,0.55,760.0,10.0,0.09061403130000599,0.2926,0.38321403130000603,780.0,-10.0,-0.09600771005007118,0.2464,0.15039228994992881
38.762234103,770.0,0.55,760.0,10.0,0.09256945235000785,0.2926,0.3851694523500079,760.0,10.0,0.09594768179992116,0.2464,0.34234768179992114
38.774519687,770.0,0.55,780.0,-10.0,-0.09805582269998467,0.2926,0.19454417730001536,760.0,10.0,0.0965729860499232,0.2464,0.3429729860499232
38.787535022,770.0,0.55,780.0,-10.0,-0.0987018935999913,0.2926,0.1938981064000087,760.0,10.0,0.09721902774992032,0.2464,0.3436190277499203
38.803559482,770.0,0.55,780.0,-10.0,-0.09934691449998354,0.2926,0.1932530855000165,760.0,10.0,0.09786404864993528,0.2464,0.3442640486499353
38.817634442,770.0,0.55,780.0,-10.0,-0.1,0.2926,0.19260000000000002,780.0,-10.0,-0.092991482700063,0.2464,0.15340851729993701
38.829521901,770.0,0.55,780.0,-10.0,-0.1,0.2926,0.19260000000000002,760.0,10.0,0.09765014029993836,0.2464,0.34405014029993836
38.843438194,770.0,0.55,780.0,-10.0,-0.1,0.2926,0.19260000000000002,780.0,-10.0,-0.09299375765006061,0.2464,0.15340624234993938
38.855002487,770.0,0.55,780.0,-10.0,-0.1,0.2926,0.19260000000000002,760.0,10.0,0.09765285284992388,0.2464,0.3440528528499239
38.867867322,770.0,0.55,780.0,-10.0,-0.1,0.2926,0.19260000000000002,760.0,10.0,0.0982925216499234,0.2464,0.3446925216499234
38.879618865,770.0,0.55,780.0,-10.0,-0.1,0.2926,0.19260000000000002,780.0,-10.0,-0.09228930965009567,0.2464,0.15411069034990432
38.891953741,770.0,0.55,780.0,-10.0,-0.1,0.2926,0.19260000000000002,780.0,-10.0,-0.09291424930008815,0.2464,0.15348575069991185
38.905055117,770.0,0.55,780.0,-10.0,-0.1,0.2926,0.19260000000000002,760.0,10.0,0.09773456329991405,0.2464,0.34413456329991404
38.918154452,770.0,0.55,780.0,-10.0,-0.1,0.2926,0.19260000000000002,780.0,-10.0,-0.09291872635008076,0.2464,0.15348127364991926
38.931620703,770.0,0.55,780.0,-10.0,-0.1,0.2926,0.19260000000000002,760.0,10.0,0.09774599659991964,0.2464,0.3441459965999196
38.948638288,770.0,0.55,760.0,10.0,0.0907387480000034,0.2926,0.38333874800000345,780.0,-10.0,-0.09299275140008376,0.2464,0.15340724859991625
38.963639873,770.0,0.55,780.0,-10.0,-0.09995323124999231,0.2926,0.19264676875000772,760.0,10.0,0.09769924239991724,0.2464,0.34409924239991724
38.976830791,770.0,0.55,760.0,10.0,0.09082751675001874,0.2926,0.38342751675001874,780.0,-10.0,-0.09308150560007107,0.2464,0.15331849439992895
38.989139417,770.0,0.55,780.0,-10.0,-0.09979144369997357,0.2926,0.19280855630002647,780.0,-10.0,-0.09370043695007553,0.2464,0.1526995630499245
39.002543252,770.0,0.55,780.0,-10.0,-0.1,0.2926,0.19260000000000002,760.0,10.0,0.09695967769993331,0.2464,0.3433596776999333
39.01483817,770.0,0.55,760.0,10.0,0.09063048130000426,0.2926,0.38323048130000426,780.0,-10.0,-0.09367081815005349,0.2464,0.15272918184994652
39.042982548,770.0,0.55,780.0,-10.0,-0.1,0.2926,0.19260000000000002,760.0,10.0,0.09773896744995,0.2464,0.34413896744995
39.055145341,770.0,0.55,760.0,10.0,0.09060663755000406,0.2926,0.38320663755000406,780.0,-10.0,-0.09286767010005406,0.2464,0.15353232989994595
39.068955175,770.0,0.55,780.0,-10.0,-0.1,0.2926,0.19260000000000002,760.0,10.0,0.09779658619994734,0.2464,0.34419658619994736
39.080179968,770.0,0.55,780.0,-10.0,-0.1,0.2926,0.19260000000000002,780.0,-10.0,-0.09284710765005003,0.2464,0.15355289234994998
39.094675803,770.0,0.55,760.0,10.0,0.09066460629998346,0.2926,0.3832646062999835,780.0,-10.0,-0.0935117577000483,0.2464,0.1528882422999517
39.110429596,770.0,0.55,780.0,-10.0,-0.1,0.2926,0.19260000000000002,760.0,10.0,0.09716114654994726,0.2464,0.3435611465499473
39.122444806,770.0,0.55,780.0,-10.0,-0.1,0.2926,0.19260000000000002,780.0,-10.0,-0.09359781390005537,0.2464,0.15280218609994464
39.13523614,770.0,0.55,780.0,-10.0,-0.1,0.2926,0.19260000000000002,760.0,10.0,0.0970523257499417,0.2464,0.3434523257499417
39.149936142,770.0,0.55,780.0,-10.0,-0.1,0.2926,0.19260000000000002,780.0,-10.0,-0.0936854889500637,0.2464,0.1527145110499363
39.164614268,770.0,0.55,780.0,-10.0,-0.1,0.2926,0.19260000000000002,780.0,-10.0,-0.09442013900006714,0.2464,0.15197986099993288
39.178895145,770.0,0.55,760.0,10.0,0.09062985424999624,0.2926,0.3832298542499963,760.0,10.0,0.09620970064992435,0.2464,0.34260970064992435
39.194694146,770.0,0.55,780.0,-10.0,-0.1,0.2926,0.19260000000000002,780.0,-10.0,-0.09460887650009227,0.2464,0.15179112349990775
39.206631772,770.0,0.55,780.0,-10.0,-0.1,0.2926,0.19260000000000002,760.0,10.0,0.09603958609990514,0.2464,0.34243958609990516
39.224928024,770.0,0.55,760.0,10.0,0.0908648209500052,0.2926,0.3834648209500052,780.0,-10.0,-0.09482523480007785,0.2464,0.15157476519992216
39.237983026,770.0,0.55,780.0,-10.0,-0.09978388950000863,0.2926,0.1928161104999914,760.0,10.0,0.09582349024994073,0.2464,0.34222349024994075
39.278515655,770.0,0.55,780.0,-10.0,-0.1,0.2926,0.19260000000000002,760.0,10.0,0.09783759464993637,0.2464,0.34423759464993636
39.291275489,770.0,0.55,780.0,-10.0,-0.1,0.2926,0.19260000000000002,780.0,-10.0,-0.09285940125005254,0.2464,0.15354059874994747
39.308256324,770.0,0.55,760.0,10.0,0.09063093339999796,0.2926,0.383230933399998,780.0,-10.0,-0.0934903346500505,0.2464,0.15290966534994951
39.323863409,770.0,0.55,780.0,-10.0,-0.1,0.2926,0.19260000000000002,760.0,10.0,0.09741106124996804,0.2464,0.3438110612499681
39.337488619,770.0,0.55,760.0,10.0,0.0907217730000093,0.2926,0.38332177300000936,780.0,-10.0,-0.09331068260003121,0.2464,0.15308931739996878
39.354849204,770.0,0.55,780.0,-10.0,-0.1,0.2926,0.19260000000000002,780.0,-10.0,-0.09417134725001688,0.2464,0.15222865274998312
39.371284914,770.0,0.55,760.0,10.0,0.09077294595000694,0.2926,0.383372945950007,780.0,-10.0,-0.09494430775002911,0.2464,0.1514556922499709
39.385185165,770.0,0.55,780.0,-10.0,-0.0999823394999794,0.2926,0.19261766050002063,760.0,10.0,0.0958109777499567,0.2464,0.3422109777499567
39.398876875,770.0,0.55,780.0,-10.0,-0.1,0.2926,0.19260000000000002,760.0,10.0,0.0964870027999632,0.2464,0.3428870027999632
39.41411121,770.0,0.55,760.0,10.0,0.0907342563499833,0.2926,0.3833342563499833,780.0,-10.0,-0.09424726810004813,0.2464,0.15215273189995188
39.428346878,770.0,0.55,780.0,-10.0,-0.09999658745002762,0.2926,0.1926034125499724,780.0,-10.0,-0.09497803900003418,0.2464,0.15142196099996583
39.443848088,770.0,0.55,780.0,-10.0,-0.1,0.2926,0.19260000000000002,780.0,-10.0,-0.09573141410003246,0.2464,0.15066858589996757
39.456931089,770.0,0.55,780.0,-10.0,-0.1,0.2926,0.19260000000000002,760.0,10.0,0.09502395889998297,0.2464,0.341423958899983
39.478205841,770.0,0.55,780.0,-10.0,-0.1,0.2926,0.19260000000000002,780.0,-10.0,-0.09593749120001575,0.2464,0.15046250879998424
39.491944801,770.0,0.55,760.0,10.0,0.0906786062999936,0.2926,0.3832786062999936,780.0,-10.0,-0.09661608290000459,0.2464,0.14978391709999542
39.506892428,770.0,0.55,760.0,10.0,0.0914720126499924,0.2926,0.3840720126499924,780.0,-10.0,-0.0974094892500034,0.2464,0.1489905107499966
39.519793429,770.0,0.55,780.0,-10.0,-0.09918318740001268,0.2926,0.19341681259998733,760.0,10.0,0.0932456962499964,0.2464,0.3396456962499964
39.536495722,770.0,0.55,780.0,-10.0,-0.1,0.2926,0.19260000000000002,760.0,10.0,0.09407169630000226,0.2464,0.3404716963000023
39.548630515,770.0,0.55,780.0,-10.0,-0.1,0.2926,0.19260000000000002,780.0,-10.0,-0.09659635169998637,0.2464,0.14980364830001364
39.561989433,770.0,0.55,780.0,-10.0,-0.1,0.2926,0.19260000000000002,780.0,-10.0,-0.0972658872000011,0.2464,0.1491341127999989
39.575232559,770.0,0.55,780.0,-10.0,-0.1,0.2926,0.19260000000000002,780.0,-10.0,-0.09791013515000487,0.2464,0.14848986484999516
39.589026061,770.0,0.55,780.0,-10.0,-0.1,0.2926,0.19260000000000002,760.0,10.0,0.09278920869998274,0.2464,0.33918920869998276
39.601177187,770.0,0.55,780.0,-10.0,-0.1,0.2926,0.19260000000000002,760.0,10.0,0.09340953999998419,0.2464,0.3398095399999842
39.616453522,770.0,0.55,760.0,10.0,0.09068777920000684,0.2926,0.3832877792000069,780.0,-10.0,-0.09727822465001737,0.2464,0.14912177534998264
39.63054219,770.0,0.55,780.0,-10.0,-0.1,0.2926,0.19260000000000002,760.0,10.0,0.09341893164998055,0.2464,0.33981893164998056
39.643884483,770.0,0.55,780.0,-10.0,-0.1,0.2926,0.19260000000000002,780.0,-10.0,-0.09732200385001306,0.2464,0.14907799614998696
39.658937693,770.0,0.55,780.0,-10.0,-0.1,0.2926,0.19260000000000002,760.0,10.0,0.09342629624999518,0.2464,0.33982629624999516
39.672100319,770.0,0.55,780.0,-10.0,-0.1,0.2926,0.19260000000000002,760.0,10.0,0.09408582754998861,0.2464,0.34048582754998863
39.687815321,770.0,0.55,760.0,10.0,0.0907247917000086,0.2926,0.38332479170000866,780.0,-10.0,-0.09663893500000995,0.2464,0.14976106499999006
39.702440947,770.0,0.55,780.0,-10.0,-0.1,0.2926,0.19260000000000002,780.0,-10.0,-0.09738205800001651,0.2464,0.1490179419999835
39.715731032,770.0,0.55,780.0,-10.0,-0.1,0.2926,0.19260000000000002,780.0,-10.0,-0.09808745390000695,0.2464,0.14831254609999306
39.731563867,770.0,0.55,760.0,10.0,0.09072253129999354,0.2926,0.38332253129999355,760.0,10.0,0.09263509200001409,0.2464,0.3390350920000141
39.746229743,770.0,0.55,780.0,-10.0,-0.1,0.2926,0.19260000000000002,760.0,10.0,0.09338334835000751,0.2464,0.3397833483500075
39.792523373,770.0,0.55,760.0,10.0,0.09232544394998513,0.2926,0.3849254439499852,780.0,-10.0,-0.09894208104999506,0.2464,0.14745791895000493
39.823430709,770.0,0.55,780.0,-10.0,-0.09905518955001753,0.2926,0.1935448104499825,760.0,10.0,0.09243856699999015,0.2464,0.33883856699999015
39.839539461,770.0,0.55,780.0,-10.0,-0.09999988340002801,0.2926,0.192600116599972,780.0,-10.0,-0.09850612685002033,0.2464,0.14789387314997968
39.854193087,770.0,0.55,780.0,-10.0,-0.1,0.2926,0.19260000000000002,780.0,-10.0,-0.09926421235002181,0.2464,0.1471357876499782
39.867836381,770.0,0.55,760.0,10.0,0.09066227294998953,0.2926,0.38326227294998955,780.0,-10.0,-0.09992649990001609,0.2464,0.14647350009998392
39.881532757,770.0,0.55,780.0,-10.0,-0.1,0.2926,0.19260000000000002,780.0,-10.0,-0.1,0.2464,0.1464
39.893410008,770.0,0.55,780.0,-10.0,-0.1,0.2926,0.19260000000000002,760.0,10.0,0.09067191260000072,0.2464,0.33707191260000074
39.906775051,770.0,0.55,760.0,10.0,0.09057451044999652,0.2926,0.38317451044999656,780.0,-10.0,-0.0999025978499958,0.2464,0.1464974021500042
39.920216802,770.0,0.55,780.0,-10.0,-0.1,0.2926,0.19260000000000002,780.0,-10.0,-0.1,0.2464,0.1464
39.934040929,770.0,0.55,760.0,10.0,0.09083709800001089,0.2926,0.3834370980000109,780.0,-10.0,-0.1,0.2464,0.1464
39.943950888,770.0,0.55,760.0,10.0,0.09133406889999605,0.2926,0.3839340688999961,780.0,-10.0,-0.1,0.2464,0.1464
39.955541431,770.0,0.55,780.0,-10.0,-0.09923778740001125,0.2926,0.19336221259998876,780.0,-10.0,-0.1,0.2464,0.1464
39.967905182,770.0,0.55,760.0,10.0,0.0912813793499845,0.2926,0.3838813793499845,760.0,10.0,0.09051915214999098,0.2464,0.336919152149991
39.983325309,770.0,0.55,780.0,-10.0,-0.09936924155001634,0.2926,0.1932307584499837,760.0,10.0,0.09116980220000187,0.2464,0.3375698022000019
39.996611602,770.0,0.55,780.0,-10.0,-0.1,0.2926,0.19260000000000002,760.0,10.0,0.09190960019999693,0.2464,0.33830960019999695
40.010067353,770.0,0.55,760.0,10.0,0.09071137510001336,0.2926,0.3833113751000134,780.0,-10.0,-0.09880177484999422,0.2464,0.14759822515000579
40.022258729,770.0,0.55,780.0,-10.0,-0.09990685619998203,0.2926,0.192693143800018,780.0,-10.0,-0.09941999160000706,0.2464,0.14698000839999295
40.035906981,770.0,0.55,780.0,-10.0,-0.1,0.2926,0.19260000000000002,780.0,-10.0,-0.1,0.2464,0.1464
40.047303565,770.0,0.55,780.0,-10.0,-0.1,0.2926,0.19260000000000002,760.0,10.0,0.09063560005000909,0.2464,0.3370356000500091
40.0622929,770.0,0.55,780.0,-10.0,-0.1,0.2926,0.19260000000000002,760.0,10.0,0.09138528555000903,0.2464,0.33778528555000903
40.073500193,770.0,0.55,780.0,-10.0,-0.1,0.2926,0.19260000000000002,780.0,-10.0,-0.09917472909999106,0.2464,0.14722527090000895
40.085402236,770.0,0.55,780.0,-10.0,-0.1,0.2926,0.19260000000000002,780.0,-10.0,-0.09977840624999317,0.2464,0.14662159375000683
40.105915446,770.0,0.55,760.0,10.0,0.09096400214999903,0.2926,0.3835640021499991,780.0,-10.0,-0.1,0.2464,0.1464
40.119237031,770.0,0.55,780.0,-10.0,-0.09970938335000028,0.2926,0.19289061664999974,760.0,10.0,0.09067337089999455,0.2464,0.33707337089999456
40.13146049,770.0,0.55,780.0,-10.0,-0.1,0.2926,0.19260000000000002,760.0,10.0,0.09128470429999652,0.2464,0.33768470429999653
40.143436325,770.0,0.55,780.0,-10.0,-0.1,0.2926,0.19260000000000002,780.0,-10.0,-0.09937300409999353,0.2464,0.14702699590000648
40.154388701,770.0,0.55,780.0,-10.0,-0.1,0.2926,0.19260000000000002,780.0,-10.0,-0.09991855205000774,0.2464,0.14648144794999227
40.170267619,770.0,0.55,760.0,10.0,0.09073058129999026,0.2926,0.3833305812999903,780.0,-10.0,-0.1,0.2464,0.1464
40.187664663,770.0,0.55,760.0,10.0,0.09159287930000573,0.2926,0.3841928793000058,760.0,10.0,0.09086229800001547,0.2464,0.3372622980000155
40.204168914,770.0,0.55,780.0,-10.0,-0.09917136039998695,0.2926,0.19342863960001308,760.0,10.0,0.09162650849999864,0.2464,0.33802650849999866
40.218204207,770.0,0.55,780.0,-10.0,-0.09993487084998379,0.2926,0.19266512915001624,780.0,-10.0,-0.09913700199999767,0.2464,0.14726299800000234
40.232980334,770.0,0.55,780.0,-10.0,-0.1,0.2926,0.19260000000000002,780.0,-10.0,-0.09988186040000073,0.2464,0.14651813959999926
40.247328294,770.0,0.55,760.0,10.0,0.09066866049999135,0.2926,0.38326866049999136,760.0,10.0,0.09078687300001548,0.2464,0.3371868730000155
40.261536545,770.0,0.55,780.0,-10.0,-0.1,0.2926,0.19260000000000002,760.0,10.0,0.09153953349999938,0.2464,0.3379395334999994
40.302444549,770.0,0.55,780.0,-10.0,-0.1,0.2926,0.19260000000000002,800.0,-30.0,-0.29,0.2464,-0.04359999999999997
40.318753676,770.0,0.55,760.0,10.0,0.09074281674999383,0.2926,0.3833428167499939,780.0,-10.0,-0.1,0.2464,0.1464
40.336446178,770.0,0.55,760.0,10.0,0.0914462438999999,0.2926,0.3840462438999999,760.0,10.0,0.09070347089999814,0.2464,0.33710347089999815
40.350019471,770.0,0.55,780.0,-10.0,-0.09942543120000664,0.2926,0.1931745687999934,760.0,10.0,0.09157513139999993,0.2464,0.3379751313999999
40.363364972,770.0,0.55,760.0,10.0,0.09121871469998497,0.2926,0.38381871469998496,780.0,-10.0,-0.09906902909999644,0.2464,0.14733097090000358
40.377364098,770.0,0.55,780.0,-10.0,-0.09949477495001702,0.2926,0.193105225049983,780.0,-10.0,-0.09978250414999365,0.2464,0.14661749585000636
40.3904471,770.0,0.55,780.0,-10.0,-0.1,0.2926,0.19260000000000002,760.0,10.0,0.09088100845000555,0.2464,0.3372810084500055
40.406524935,770.0,0.55,760.0,10.0,0.0906963105000068,0.2926,0.38329631050000684,760.0,10.0,0.09157731890001287,0.2464,0.33797731890001287
40.419653728,770.0,0.55,780.0,-10.0,-0.1,0.2926,0.19260000000000002,760.0,10.0,0.09234069815001021,0.2464,0.33874069815001023
40.434533687,770.0,0.55,780.0,-10.0,-0.1,0.2926,0.19260000000000002,760.0,10.0,0.09310708160002377,0.2464,0.3395070816000238
40.450792647,770.0,0.55,780.0,-10.0,-0.1,0.2926,0.19260000000000002,760.0,10.0,0.09394638165000743,0.2464,0.3403463816500074
40.466445524,770.0,0.55,780.0,-10.0,-0.1,0.2926,0.19260000000000002,780.0,-10.0,-0.09683564970000588,0.2464,0.14956435029999413
40.480265859,770.0,0.55,760.0,10.0,0.09063774379998449,0.2926,0.38323774379998454,780.0,-10.0,-0.09747345184998721,0.2464,0.1489265481500128
40.497262444,770.0,0.55,780.0,-10.0,-0.1,0.2926,0.19260000000000002,760.0,10.0,0.09326011905001451,0.2464,0.33966011905001453
40.50936457,770.0,0.55,780.0,-10.0,-0.1,0.2926,0.19260000000000002,760.0,10.0,0.09404855245001273,0.2464,0.3404485524500127
40.52389803,770.0,0.55,780.0,-10.0,-0.1,0.2926,0.19260000000000002,760.0,10.0,0.0947090025000216,0.2464,0.34110900250002163
40.536070739,770.0,0.55,780.0,-10.0,-0.1,0.2926,0.19260000000000002,780.0,-10.0,-0.09596027049997247,0.2464,0.15043972950002754
40.549574324,770.0,0.55,780.0,-10.0,-0.1,0.2926,0.19260000000000002,780.0,-10.0,-0.09663625179998689,0.2464,0.14976374820001312
40.564603909,770.0,0.55,760.0,10.0,0.09060283129998879,0.2926,0.38320283129998883,780.0,-10.0,-0.09723912689998997,0.2464,0.14916087310001003
40.579567869,770.0,0.55,780.0,-10.0,-0.1,0.2926,0.19260000000000002,760.0,10.0,0.09360966690000169,0.2464,0.3400096669000017
40.590922453,770.0,0.55,780.0,-10.0,-0.1,0.2926,0.19260000000000002,760.0,10.0,0.09422420864999823,0.2464,0.3406242086499982
40.609470997,770.0,0.55,780.0,-10.0,-0.1,0.2926,0.19260000000000002,780.0,-10.0,-0.09669527060000291,0.2464,0.1497047293999971
40.620955373,770.0,0.55,780.0,-10.0,-0.1,0.2926,0.19260000000000002,780.0,-10.0,-0.097284379000007,0.2464,0.149115620999993
40.632699332,770.0,0.55,780.0,-10.0,-0.1,0.2926,0.19260000000000002,780.0,-10.0,-0.0978740269500122,0.2464,0.14852597304998783
40.645812084,770.0,0.55,760.0,10.0,0.09055170209998323,0.2926,0.3831517020999833,780.0,-10.0,-0.09842572909999489,0.2464,0.14797427090000512
40.660552627,770.0,0.55,780.0,-10.0,-0.1,0.2926,0.19260000000000002,760.0,10.0,0.0923514460000115,0.2464,0.3387514460000115
40.675063045,770.0,0.55,760.0,10.0,0.09069206670000313,0.2926,0.38329206670000315,760.0,10.0,0.09304078565002329,0.2464,0.3394407856500233
40.694495922,770.0,0.55,780.0,-10.0,-0.1,0.2926,0.19260000000000002,780.0,-10.0,-0.09795041444997424,0.2464,0.14844958555002577
40.708411632,770.0,0.55,760.0,10.0,0.09070163339998999,0.2926,0.38330163339999,780.0,-10.0,-0.09865203324995946,0.2464,0.14774796675004054
40.727196425,770.0,0.55,780.0,-10.0,-0.1,0.2926,0.19260000000000002,760.0,10.0,0.09228742520005198,0.2464,0.338687425200052
40.741252718,770.0,0.55,780.0,-10.0,-0.1,0.2926,0.19260000000000002,760.0,10.0,0.0930647898500547,0.2464,0.3394647898500547
40.75958047,770.0,0.55,780.0,-10.0,-0.1,0.2926,0.19260000000000002,780.0,-10.0,-0.09784773314993345,0.2464,0.14855226685006656
40.771220596,770.0,0.55,780.0,-10.0,-0.1,0.2926,0.19260000000000002,780.0,-10.0,-0.09843351654994877,0.2464,0.14796648345005126
40.813578767,770.0,0.55,780.0,-10.0,-0.1,0.2926,0.19260000000000002,760.0,10.0,0.09368283160003102,0.2464,0.34008283160003105
40.825542935,770.0,0.55,780.0,-10.0,-0.1,0.2926,0.19260000000000002,780.0,-10.0,-0.09691119134997735,0.2464,0.14948880865002268
40.846931146,770.0,0.55,780.0,-10.0,-0.1,0.2926,0.19260000000000002,760.0,10.0,0.09395803375001834,0.2464,0.34035803375001833
40.860997647,770.0,0.55,760.0,10.0,0.0908262771499858,0.2926,0.38342627714998584,780.0,-10.0,-0.0968682433999902,0.2464,0.1495317566000098
40.87877619,770.0,0.55,780.0,-10.0,-0.1,0.2926,0.19260000000000002,760.0,10.0,0.0940307170999995,0.2464,0.3404307170999995
40.890586067,770.0,0.55,780.0,-10.0,-0.1,0.2926,0.19260000000000002,780.0,-10.0,-0.09662802674999967,0.2464,0.14977197325000036
40.906701818,770.0,0.55,780.0,-10.0,-0.1,0.2926,0.19260000000000002,760.0,10.0,0.09417071705001036,0.2464,0.34057071705001035
40.92020132,770.0,0.55,760.0,10.0,0.09061824590000014,0.2926,0.3832182459000002,760.0,10.0,0.0947889629500105,0.2464,0.3411889629500105
40.93923053,770.0,0.55,760.0,10.0,0.09153779804998066,0.2926,0.3841377980499807,780.0,-10.0,-0.0961305600499827,0.2464,0.1502694399500173
40.953313948,770.0,0.55,780.0,-10.0,-0.0991953645500189,0.2926,0.19340463544998113,780.0,-10.0,-0.09686375179999232,0.2464,0.1495362482000077
40.9704657,770.0,0.55,780.0,-10.0,-0.1,0.2926,0.19260000000000002,780.0,-10.0,-0.09772763940000004,0.2464,0.14867236059999997
40.982442118,770.0,0.55,780.0,-10.0,-0.1,0.2926,0.19260000000000002,760.0,10.0,0.09292637939999168,0.2464,0.33932637939999166
41.003654745,770.0,0.55,760.0,10.0,0.0908437188500011,0.2926,0.3834437188500011,760.0,10.0,0.09377011284999753,0.2464,0.34017011284999754
41.016373746,770.0,0.55,780.0,-10.0,-0.09993781664998096,0.2926,0.19266218335001906,780.0,-10.0,-0.0970114080500025,0.2464,0.1493885919499975
41.032840956,770.0,0.55,760.0,10.0,0.09090596050004024,0.2926,0.38350596050004027,780.0,-10.0,-0.09785518520000096,0.2464,0.14854481479999904
41.045017749,770.0,0.55,780.0,-10.0,-0.09970035619994633,0.2926,0.1928996438000537,780.0,-10.0,-0.09846151649999228,0.2464,0.1479384835000077
41.069147918,770.0,0.55,760.0,10.0,0.09142654185005995,0.2926,0.38402654185005997,760.0,10.0,0.092665381550014,0.2464,0.339065381550014
41.081342794,770.0,0.55,780.0,-10.0,-0.09926128114993844,0.2926,0.1933387188500616,780.0,-10.0,-0.09802245599998968,0.2464,0.14837754400001033
41.094747504,770.0,0.55,780.0,-10.0,-0.09993624159992578,0.2926,0.19266375840007424,780.0,-10.0,-0.0986974164999765,0.2464,0.14770258350002352
41.113073214,770.0,0.55,760.0,10.0,0.09098421475008764,0.2926,0.38358421475008764,780.0,-10.0,-0.09961785824998515,0.2464,0.14678214175001486
41.127231882,770.0,0.55,780.0,-10.0,-0.09971559574989897,0.2926,0.19288440425010106,760.0,10.0,0.09108193765001943,0.2464,0.33748193765001944
41.140496883,770.0,0.55,760.0,10.0,0.09095208765010285,0.2926,0.38355208765010285,760.0,10.0,0.09174962105002124,0.2464,0.3381496210500212
41.155960177,770.0,0.55,760.0,10.0,0.09171357105011793,0.2926,0.384313571050118,780.0,-10.0,-0.09901184779996583,0.2464,0.14738815220003418
41.170331178,770.0,0.55,780.0,-10.0,-0.098995149849884,0.2926,0.19360485015011603,760.0,10.0,0.09169685850003134,0.2464,0.33809685850003135
41.184207513,770.0,0.55,780.0,-10.0,-0.09970127494987083,0.2926,0.1928987250501292,780.0,-10.0,-0.09900929574996553,0.2464,0.14739070425003448
41.197932764,770.0,0.55,780.0,-10.0,-0.1,0.2926,0.19260000000000002,760.0,10.0,0.09164890850003303,0.2464,0.33804890850003305
41.211248516,770.0,0.55,780.0,-10.0,-0.1,0.2926,0.19260000000000002,760.0,10.0,0.0924080585500542,0.2464,0.3388080585500542
41.222817183,770.0,0.55,780.0,-10.0,-0.1,0.2926,0.19260000000000002,780.0,-10.0,-0.09814918524994028,0.2464,0.14825081475005975
41.23652931,770.0,0.55,760.0,10.0,0.09063826885000253,0.2926,0.38323826885000256,760.0,10.0,0.0924890690000575,0.2464,0.3388890690000575
41.251613728,770.0,0.55,780.0,-10.0,-0.1,0.2926,0.19260000000000002,780.0,-10.0,-0.09827484984994043,0.2464,0.14812515015005956
41.263823479,770.0,0.55,780.0,-10.0,-0.1,0.2926,0.19260000000000002,780.0,-10.0,-0.09894663114994273,0.2464,0.14745336885005728
41.27633948,770.0,0.55,780.0,-10.0,-0.1,0.2926,0.19260000000000002,760.0,10.0,0.09168217310006185,0.2464,0.33808217310006183
41.317274901,770.0,0.55,780.0,-10.0,-0.1,0.2926,0.19260000000000002,760.0,10.0,0.09372261495006115,0.2464,0.34012261495006113
41.331895569,770.0,0.55,780.0,-10.0,-0.1,0.2926,0.19260000000000002,780.0,-10.0,-0.09698934344992267,0.2464,0.14941065655007735
41.350345821,770.0,0.55,780.0,-10.0,-0.1,0.2926,0.19260000000000002,780.0,-10.0,-0.09771490809994247,0.2464,0.14868509190005752
41.366455739,770.0,0.55,780.0,-10.0,-0.1,0.2926,0.19260000000000002,780.0,-10.0,-0.09867335404992446,0.2464,0.14772664595007556
41.381806449,770.0,0.55,760.0,10.0,0.09077809379999963,0.2926,0.38337809379999965,780.0,-10.0,-0.0994514915999389,0.2464,0.14694850840006113
41.396759326,770.0,0.55,760.0,10.0,0.09152398765001181,0.2926,0.3841239876500118,760.0,10.0,0.09129441680005584,0.2464,0.33769441680005585
41.409607244,770.0,0.55,760.0,10.0,0.09216604810000263,0.2926,0.38476604810000264,780.0,-10.0,-0.09934764369993446,0.2464,0.14705235630006555
41.424240162,770.0,0.55,760.0,10.0,0.09289503985000011,0.2926,0.3854950398500001,780.0,-10.0,-0.1,0.2464,0.1464
41.44318858,770.0,0.55,760.0,10.0,0.09383968994999578,0.2926,0.3864396899499958,800.0,-30.0,-0.29,0.2464,-0.04359999999999997
# 41.458 Shooter Ready
41.462216916,770.0,0.55,780.0,-10.0,-0.0970969685,0.2926,0.19550303150000004,780.0,-10.0,-0.1,0.2464,0.1464
41.474973834,770.0,0.55,780.0,-10.0,-0.09784214775002056,0.2926,0.19475785224997946,780.0,-10.0,-0.1,0.2464,0.1464
41.48910246,770.0,0.55,780.0,-10.0,-0.09844725405000646,0.2926,0.19415274594999357,760.0,10.0,0.09060512089999065,0.2464,0.3370051208999907
41.506236712,770.0,0.55,780.0,-10.0,-0.09920319580000977,0.2926,0.19339680419999025,760.0,10.0,0.09136107724999874,0.2464,0.33776107724999876
41.519679921,770.0,0.55,780.0,-10.0,-0.09997246670000096,0.2926,0.19262753329999907,760.0,10.0,0.09213031895000313,0.2464,0.33853031895000313
41.532586756,770.0,0.55,780.0,-10.0,-0.1,0.2926,0.19260000000000002,760.0,10.0,0.09279257734998737,0.2464,0.33919257734998737
41.544634632,770.0,0.55,780.0,-10.0,-0.1,0.2926,0.19260000000000002,760.0,10.0,0.09345291075000205,0.2464,0.33985291075000207
41.556909425,770.0,0.55,780.0,-10.0,-0.1,0.2926,0.19260000000000002,760.0,10.0,0.09405909624998912,0.2464,0.34045909624998916
41.567991885,770.0,0.55,780.0,-10.0,-0.1,0.2926,0.19260000000000002,760.0,10.0,0.094617390049998,0.2464,0.341017390049998
41.582404303,770.0,0.55,760.0,10.0,0.09059965215000375,0.2926,0.3831996521500038,760.0,10.0,0.0952170130499917,0.2464,0.3416170130499917
41.594814429,770.0,0.55,780.0,-10.0,-0.1,0.2926,0.19260000000000002,760.0,10.0,0.09590170059999764,0.2464,0.34230170059999765
41.608922639,770.0,0.55,760.0,10.0,0.09066858754998976,0.2926,0.38326858754998977,760.0,10.0,0.09657030274999215,0.2464,0.3429703027499922
41.627752932,770.0,0.55,780.0,-10.0,-0.1,0.2926,0.19260000000000002,760.0,10.0,0.09754056119999405,0.2464,0.34394056119999405
41.639226517,770.0,0.55,780.0,-10.0,-0.1,0.2926,0.19260000000000002,760.0,10.0,0.09818896539999514,0.2464,0.3445889653999952
41.651222476,770.0,0.55,780.0,-10.0,-0.1,0.2926,0.19260000000000002,780.0,-10.0,-0.09240272424999603,0.2464,0.153997275750004
41.663888686,770.0,0.55,780.0,-10.0,-0.1,0.2926,0.19260000000000002,780.0,-10.0,-0.09303623890000381,0.2464,0.1533637610999962
41.675442187,770.0,0.55,780.0,-10.0,-0.1,0.2926,0.19260000000000002,760.0,10.0,0.09754076534999513,0.2464,0.3439407653499951
41.689226647,770.0,0.55,780.0,-10.0,-0.1,0.2926,0.19260000000000002,760.0,10.0,0.09823170915000447,0.2464,0.34463170915000446
41.705811107,770.0,0.55,760.0,10.0,0.09077554174999933,0.2926,0.3833755417499993,760.0,10.0,0.09900723629999902,0.2464,0.34540723629999903
41.720068067,770.0,0.55,780.0,-10.0,-0.09991324369998437,0.2926,0.19268675630001564,780.0,-10.0,-0.09168154920000689,0.2464,0.15471845079999313
41.735949902,770.0,0.55,780.0,-10.0,-0.1,0.2926,0.19260000000000002,800.0,-30.0,-0.28408644324996657,0.2464,-0.03768644324996656
41.748775361,770.0,0.55,780.0,-10.0,-0.1,0.2926,0.19260000000000002,780.0,-10.0,-0.09479186829996707,0.2464,0.15160813170003296
41.761034404,770.0,0.55,780.0,-10.0,-0.1,0.2926,0.19260000000000002,760.0,10.0,0.09582440885004871,0.2464,0.34222440885004873
41.774950405,770.0,0.55,760.0,10.0,0.09063072920002015,0.2926,0.38323072920002016,760.0,10.0,0.09645513805004612,0.2464,0.34285513805004614
41.788842782,770.0,0.55,780.0,-10.0,-0.1,0.2926,0.19260000000000002,780.0,-10.0,-0.0942119911999498,0.2464,0.1521880088000502
41.828888619,770.0,0.55,780.0,-10.0,-0.1,0.2926,0.19260000000000002,760.0,10.0,0.09787927360004232,0.2464,0.34427927360004235
41.843611662,770.0,0.55,760.0,10.0,0.09060251049999352,0.2926,0.38320251049999354,760.0,10.0,0.09848017990003882,0.2464,0.34488017990003883
41.860562456,770.0,0.55,780.0,-10.0,-0.1,0.2926,0.19260000000000002,760.0,10.0,0.09923898000005466,0.2464,0.34563898000005466
41.874187957,770.0,0.55,760.0,10.0,0.09085079175000829,0.2926,0.3834507917500083,780.0,-10.0,-0.09161182629993618,0.2464,0.1547881737000638
41.8881445,770.0,0.55,780.0,-10.0,-0.09984267499999078,0.2926,0.19275732500000925,760.0,10.0,0.09908162590005759,0.2464,0.3454816259000576
41.90127271,770.0,0.55,760.0,10.0,0.09081573340000887,0.2926,0.3834157334000089,760.0,10.0,0.09974004885006252,0.2464,0.34614004885006255
41.915123378,770.0,0.55,760.0,10.0,0.09150415430000522,0.2926,0.3841041543000052,780.0,-10.0,-0.09094835749995127,0.2464,0.15545164250004873
41.928220379,770.0,0.55,780.0,-10.0,-0.09914900409999064,0.2926,0.1934509959000094,760.0,10.0,0.09970480090004458,0.2464,0.3461048009000446
41.942875756,770.0,0.55,780.0,-10.0,-0.09989128125000661,0.2926,0.1927087187499934,760.0,10.0,0.1,0.2464,0.34640000000000004
41.95544659,770.0,0.55,780.0,-10.0,-0.1,0.2926,0.19260000000000002,760.0,10.0,0.1,0.2464,0.34640000000000004
41.969452425,770.0,0.55,780.0,-10.0,-0.1,0.2926,0.19260000000000002,780.0,-10.0,-0.09067272925000452,0.2464,0.15572727074999548
41.984402385,770.0,0.55,760.0,10.0,0.09069012720000501,0.2926,0.38329012720000505,780.0,-10.0,-0.0913629438999942,0.2464,0.1550370561000058
41.998710095,770.0,0.55,780.0,-10.0,-0.1,0.2926,0.19260000000000002,780.0,-10.0,-0.09206540854999276,0.2464,0.15433459145000725
42.013047846,770.0,0.55,780.0,-10.0,-0.1,0.2926,0.19260000000000002,760.0,10.0,0.09861144774999957,0.2464,0.3450114477499996
42.025902472,770.0,0.55,780.0,-10.0,-0.1,0.2926,0.19260000000000002,760.0,10.0,0.0993647353500137,0.2464,0.34576473535001373
42.03929989,770.0,0.55,780.0,-10.0,-0.1,0.2926,0.19260000000000002,780.0,-10.0,-0.09130792094998924,0.2464,0.15509207905001077
42.058885017,770.0,0.55,760.0,10.0,0.09081449379999867,0.2926,0.3834144937999987,780.0,-10.0,-0.09212242934999268,0.2464,0.15427757065000733
42.073333019,770.0,0.55,780.0,-10.0,-0.1,0.2926,0.19260000000000002,780.0,-10.0,-0.09293790029998036,0.2464,0.15346209970001964
42.088821395,770.0,0.55,760.0,10.0,0.0907107625999879,0.2926,0.3833107625999879,760.0,10.0,0.09777283310002076,0.2464,0.3441728331000208
42.102290272,770.0,0.55,780.0,-10.0,-0.1,0.2926,0.19260000000000002,760.0,10.0,0.09851524150001296,0.2464,0.34491524150001296
42.115141398,770.0,0.55,780.0,-10.0,-0.1,0.2926,0.19260000000000002,780.0,-10.0,-0.0921932022999863,0.2464,0.15420679770001372
42.134982025,770.0,0.55,760.0,10.0,0.09091606675000549,0.2926,0.3835160667500055,760.0,10.0,0.0987228499000139,0.2464,0.3451228499000139
42.150392235,770.0,0.55,780.0,-10.0,-0.09986911460000555,0.2926,0.19273088539999447,780.0,-10.0,-0.09206230224998763,0.2464,0.15433769775001238
42.163720528,770.0,0.55,760.0,10.0,0.09079579794999063,0.2926,0.3833957979499907,780.0,-10.0,-0.0927272585999981,0.2464,0.15367274140000192
42.177505279,770.0,0.55,780.0,-10.0,-0.09988667294999232,0.2926,0.1927133270500077,780.0,-10.0,-0.09340971489999902,0.2464,0.15299028510000098
42.191041239,770.0,0.55,780.0,-10.0,-0.1,0.2926,0.19260000000000002,780.0,-10.0,-0.09406347119999282,0.2464,0.1523365288000072
42.207261991,770.0,0.55,760.0,10.0,0.09083782714998506,0.2926,0.3834378271499851,760.0,10.0,0.09677434140000969,0.2464,0.3431743414000097
42.221003284,770.0,0.55,780.0,-10.0,-0.09983684165001705,0.2926,0.19276315834998298,780.0,-10.0,-0.09390035660000194,0.2464,0.15249964339999805
42.23451416,770.0,0.55,760.0,10.0,0.09085904594998283,0.2926,0.38345904594998287,780.0,-10.0,-0.09459627329998967,0.2464,0.15180372670001036
42.247570328,770.0,0.55,780.0,-10.0,-0.09978547910002362,0.2926,0.19281452089997642,780.0,-10.0,-0.09524078379999082,0.2464,0.1511592162000092
42.260260454,770.0,0.55,780.0,-10.0,-0.1,0.2926,0.19260000000000002,780.0,-10.0,-0.09589121509999586,0.2464,0.15050878490000413
42.271745997,770.0,0.55,780.0,-10.0,-0.1,0.2926,0.19260000000000002,760.0,10.0,0.09470780995000042,0.2464,0.34110780995000045
42.28487129,770.0,0.55,780.0,-10.0,-0.1,0.2926,0.19260000000000002,760.0,10.0,0.09538837044999582,0.2464,0.3417883704499958
42.297328083,770.0,0.55,780.0,-10.0,-0.1,0.2926,0.19260000000000002,780.0,-10.0,-0.09522978794999745,0.2464,0.15117021205000256
42.338561004,770.0,0.55,780.0,-10.0,-0.1,0.2926,0.19260000000000002,780.0,-10.0,-0.09729410275000647,0.2464,0.14910589724999354
42.351989338,770.0,0.55,760.0,10.0,0.09059982714999479,0.2926,0.3831998271499948,760.0,10.0,0.09330572439998833,0.2464,0.33970572439998836
42.370159299,770.0,0.55,760.0,10.0,0.0913490897499878,0.2926,0.3839490897499878,760.0,10.0,0.09405498695000461,0.2464,0.34045498695000465
42.383813092,770.0,0.55,780.0,-10.0,-0.09950110405002306,0.2926,0.19309889594997698,760.0,10.0,0.09490519539999695,0.2464,0.34130519539999693
42.399395968,770.0,0.55,780.0,-10.0,-0.1,0.2926,0.19260000000000002,780.0,-10.0,-0.09585892760000206,0.2464,0.15054107239999795
42.41239322,770.0,0.55,780.0,-10.0,-0.1,0.2926,0.19260000000000002,760.0,10.0,0.0948554953499979,0.2464,0.3412554953499979
42.425544763,770.0,0.55,780.0,-10.0,-0.1,0.2926,0.19260000000000002,780.0,-10.0,-0.09581501725000635,0.2464,0.15058498274999366
42.438282139,770.0,0.55,780.0,-10.0,-0.1,0.2926,0.19260000000000002,760.0,10.0,0.09482412654999735,0.2464,0.34122412654999734
42.452925849,770.0,0.55,780.0,-10.0,-0.1,0.2926,0.19260000000000002,760.0,10.0,0.09553655159998016,0.2464,0.34193655159998015
42.467577142,770.0,0.55,760.0,10.0,0.09067650630001026,0.2926,0.3832765063000103,780.0,-10.0,-0.09513995475002958,0.2464,0.15126004524997044
42.481897685,770.0,0.55,780.0,-10.0,-0.1,0.2926,0.19260000000000002,780.0,-10.0,-0.09586060480002288,0.2464,0.1505393951999771
42.496745853,770.0,0.55,760.0,10.0,0.09072858340001858,0.2926,0.38332858340001863,780.0,-10.0,-0.09658921740002825,0.2464,0.14981078259997177
42.513540605,770.0,0.55,780.0,-10.0,-0.1,0.2926,0.19260000000000002,760.0,10.0,0.09415880554997784,0.2464,0.34055880554997786
42.528148731,770.0,0.55,760.0,10.0,0.09082885839999563,0.2926,0.38342885839999563,760.0,10.0,0.09498764939996818,0.2464,0.3413876493999682
42.554298109,770.0,0.55,780.0,-10.0,-0.1,0.2926,0.19260000000000002,780.0,-10.0,-0.0963221965500361,0.2464,0.1500778034499639
42.571597152,770.0,0.55,760.0,10.0,0.09083300004998819,0.2926,0.3834330000499882,780.0,-10.0,-0.09715518205004173,0.2464,0.14924481794995828
42.586445612,770.0,0.55,780.0,-10.0,-0.09995076670002163,0.2926,0.1926492332999784,760.0,10.0,0.09362859929995011,0.2464,0.3400285992999501
42.606741239,770.0,0.55,780.0,-10.0,-0.1,0.2926,0.19260000000000002,760.0,10.0,0.09454799104994435,0.2464,0.34094799104994433
42.621098241,770.0,0.55,780.0,-10.0,-0.1,0.2926,0.19260000000000002,780.0,-10.0,-0.0963254049000534,0.2464,0.1500745950999466
42.635653867,770.0,0.55,780.0,-10.0,-0.1,0.2926,0.19260000000000002,780.0,-10.0,-0.09703513205005493,0.2464,0.14936486794994508
42.65027016,770.0,0.55,760.0,10.0,0.0906879250999873,0.2926,0.3832879250999873,780.0,-10.0,-0.09772307170007025,0.2464,0.14867692829992976
42.663656203,770.0,0.55,780.0,-10.0,-0.09999919785002476,0.2926,0.19260080214997527,760.0,10.0,0.09296412419992066,0.2464,0.3393641241999207
42.676273996,770.0,0.55,780.0,-10.0,-0.1,0.2926,0.19260000000000002,760.0,10.0,0.09357418884992512,0.2464,0.33997418884992514
42.689349122,770.0,0.55,760.0,10.0,0.09062380214999394,0.2926,0.38322380214999396,780.0,-10.0,-0.09704961330006881,0.2464,0.1493503866999312
42.704115916,770.0,0.55,780.0,-10.0,-0.1,0.2926,0.19260000000000002,780.0,-10.0,-0.09782674460006092,0.2464,0.1485732553999391
42.71732375,770.0,0.55,760.0,10.0,0.09065632299999835,0.2926,0.38325632299999834,780.0,-10.0,-0.09848306760008199,0.2464,0.14791693239991802
42.73014396,770.0,0.55,760.0,10.0,0.09131250014999295,0.2926,0.383912500149993,780.0,-10.0,-0.09913924475007661,0.2464,0.14726075524992338
42.742500128,770.0,0.55,780.0,-10.0,-0.0993024645000105,0.2926,0.19329753549998951,760.0,10.0,0.09147571989992684,0.2464,0.3378757198999268
42.755992046,770.0,0.55,780.0,-10.0,-0.09996619579999333,0.2926,0.1926338042000067,760.0,10.0,0.09213946579991443,0.2464,0.33853946579991445
42.768423755,770.0,0.55,780.0,-10.0,-0.1,0.2926,0.19260000000000002,780.0,-10.0,-0.0984879384000942,0.2464,0.1479120615999058
42.782666423,770.0,0.55,780.0,-10.0,-0.1,0.2926,0.19260000000000002,780.0,-10.0,-0.09926556560009431,0.2464,0.1471344343999057
42.794093633,770.0,0.55,780.0,-10.0,-0.1,0.2926,0.19260000000000002,780.0,-10.0,-0.09982840940009738,0.2464,0.14657159059990263
42.808185509,770.0,0.55,760.0,10.0,0.0906352791999916,0.2926,0.3832352791999916,760.0,10.0,0.09080684064988417,0.2464,0.33720684064988415
42.850081972,770.0,0.55,800.0,-30.0,-0.29,0.2926,0.0026000000000000467,780.0,-10.0,-0.1,0.2464,0.1464
42.862819056,770.0,0.55,780.0,-10.0,-0.1,0.2926,0.19260000000000002,780.0,-10.0,-0.1,0.2464,0.1464
42.879446975,770.0,0.55,780.0,-10.0,-0.1,0.2926,0.19260000000000002,760.0,10.0,0.09059217089999493,0.2464,0.33699217089999495
42.894685101,770.0,0.55,780.0,-10.0,-0.1,0.2926,0.19260000000000002,760.0,10.0,0.09156827724999858,0.2464,0.33796827724999856
42.909089936,770.0,0.55,780.0,-10.0,-0.1,0.2926,0.19260000000000002,780.0,-10.0,-0.09914142074999291,0.2464,0.1472585792500071
42.924700813,770.0,0.55,780.0,-10.0,-0.1,0.2926,0.19260000000000002,780.0,-10.0,-0.09988394580000204,0.2464,0.14651605419999797
42.940649731,770.0,0.55,760.0,10.0,0.09076496885001234,0.2926,0.38336496885001237,780.0,-10.0,-0.1,0.2464,0.1464
42.958857024,770.0,0.55,780.0,-10.0,-0.1,0.2926,0.19260000000000002,760.0,10.0,0.09087015839999367,0.2464,0.3372701583999937
42.971676651,770.0,0.55,780.0,-10.0,-0.1,0.2926,0.19260000000000002,760.0,10.0,0.09163792724999895,0.2464,0.3380379272499989
42.985623569,770.0,0.55,760.0,10.0,0.09064055840000493,0.2926,0.3832405584000049,780.0,-10.0,-0.09900267484999858,0.2464,0.14739732515000142
42.99924032,770.0,0.55,780.0,-10.0,-0.1,0.2926,0.19260000000000002,780.0,-10.0,-0.09968253535000712,0.2464,0.14671746464999288
43.014556905,770.0,0.55,780.0,-10.0,-0.1,0.2926,0.19260000000000002,780.0,-10.0,-0.1,0.2464,0.1464
43.024886864,770.0,0.55,780.0,-10.0,-0.1,0.2926,0.19260000000000002,780.0,-10.0,-0.1,0.2464,0.1464
43.038045407,770.0,0.55,780.0,-10.0,-0.1,0.2926,0.19260000000000002,760.0,10.0,0.09055620840000757,0.2464,0.33695620840000756
43.05030795,770.0,0.55,780.0,-10.0,-0.1,0.2926,0.19260000000000002,760.0,10.0,0.09117277720000858,0.2464,0.33757277720000856
43.065186452,770.0,0.55,760.0,10.0,0.090684250050017,0.2926,0.38328425005001704,780.0,-10.0,-0.09951142914999309,0.2464,0.14688857085000692
43.07956912,770.0,0.55,780.0,-10.0,-0.1,0.2926,0.19260000000000002,760.0,10.0,0.09117518340000516,0.2464,0.33757518340000514
43.093854663,770.0,0.55,760.0,10.0,0.0907450917000142,0.2926,0.38334509170001424,780.0,-10.0,-0.09956992294999054,0.2464,0.14683007705000947
43.108755039,770.0,0.55,780.0,-10.0,-0.09993016044998057,0.2926,0.19266983955001946,760.0,10.0,0.09110532920000423,0.2464,0.33750532920000426
43.123965749,770.0,0.55,780.0,-10.0,-0.1,0.2926,0.19260000000000002,760.0,10.0,0.09190440845001377,0.2464,0.33830440845001375
43.136646251,770.0,0.55,780.0,-10.0,-0.1,0.2926,0.19260000000000002,780.0,-10.0,-0.09878570409998702,0.2464,0.147614295900013
43.149691044,770.0,0.55,780.0,-10.0,-0.1,0.2926,0.19260000000000002,760.0,10.0,0.0919014918000039,0.2464,0.3383014918000039
43.165794254,770.0,0.55,780.0,-10.0,-0.1,0.2926,0.19260000000000002,780.0,-10.0,-0.09889955619999,0.2464,0.14750044380001
43.178727338,770.0,0.55,780.0,-10.0,-0.1,0.2926,0.19260000000000002,760.0,10.0,0.09174677720001455,0.2464,0.33814677720001457
43.191895798,770.0,0.55,780.0,-10.0,-0.1,0.2926,0.19260000000000002,760.0,10.0,0.09237756475003153,0.2464,0.3387775647500315
43.209355841,770.0,0.55,760.0,10.0,0.09083248964999711,0.2926,0.38343248964999715,780.0,-10.0,-0.0984549103499603,0.2464,0.14794508965003972
43.238922386,770.0,0.55,760.0,10.0,0.09228889815000457,0.2926,0.3848888981500046,780.0,-10.0,-0.09991128964995824,0.2464,0.14648871035004177
43.252992387,770.0,0.55,780.0,-10.0,-0.0983943456499901,0.2926,0.19420565435000992,760.0,10.0,0.09077199795005073,0.2464,0.3371719979500507
43.267610139,770.0,0.55,760.0,10.0,0.0923743419000084,0.2926,0.38497434190000845,760.0,10.0,0.09154068550004922,0.2464,0.33794068550004924
43.280965848,770.0,0.55,780.0,-10.0,-0.09828517485000247,0.2926,0.19431482514999754,780.0,-10.0,-0.09911883124993892,0.2464,0.1472811687500611
43.296146808,770.0,0.55,760.0,10.0,0.09242615649999607,0.2926,0.3850261564999961,780.0,-10.0,-0.09983011879994592,0.2464,0.1465698812000541
43.311074601,770.0,0.55,760.0,10.0,0.09322519194999132,0.2926,0.3858251919499913,780.0,-10.0,-0.1,0.2464,0.1464
43.353077522,770.0,0.55,760.0,10.0,0.09544592759999887,0.2926,0.3880459275999989,780.0,-10.0,-0.1,0.2464,0.1464
43.372432524,770.0,0.55,780.0,-10.0,-0.09551839544999438,0.2926,0.19708160455000565,780.0,-10.0,-0.1,0.2464,0.1464
43.386844651,770.0,0.55,780.0,-10.0,-0.09607410799999343,0.2926,0.19652589200000659,780.0,-10.0,-0.1,0.2464,0.1464
43.407100319,770.0,0.55,800.0,-30.0,-0.2890290708000202,0.2926,0.003570929199979811,760.0,10.0,0.09098504589998356,0.2464,0.3373850458999836
# 43.418 Shooter Ready
43.421383529,770.0,0.55,780.0,-10.0,-0.09984220835001452,0.2926,0.19275779164998552,780.0,-10.0,-0.09982806255002288,0.2464,0.14657193744997712
43.434867572,770.0,0.55,780.0,-10.0,-0.1,0.2926,0.19260000000000002,780.0,-10.0,-0.1,0.2464,0.1464
43.447945324,770.0,0.55,780.0,-10.0,-0.1,0.2926,0.19260000000000002,780.0,-10.0,-0.1,0.2464,0.1464
43.461574325,770.0,0.55,780.0,-10.0,-0.1,0.2926,0.19260000000000002,760.0,10.0,0.09057865214998856,0.2464,0.33697865214998857
43.477820452,770.0,0.55,800.0,-30.0,-0.29,0.2926,0.0026000000000000467,760.0,10.0,0.09128101469999819,0.2464,0.3376810146999982
# 43.490 Shooter Ready
43.49318312,770.0,0.55,780.0,-10.0,-0.1,0.2926,0.19260000000000002,780.0,-10.0,-0.09952776249999715,0.2464,0.14687223750000286
43.505045496,770.0,0.55,780.0,-10.0,-0.1,0.2926,0.19260000000000002,780.0,-10.0,-0.1,0.2464,0.1464
43.520348081,770.0,0.55,780.0,-10.0,-0.1,0.2926,0.19260000000000002,760.0,10.0,0.09065625010001896,0.2464,0.33705625010001894
43.533721874,770.0,0.55,780.0,-10.0,-0.1,0.2926,0.19260000000000002,760.0,10.0,0.09143380435001745,0.2464,0.3378338043500175
43.547112,770.0,0.55,780.0,-10.0,-0.1,0.2926,0.19260000000000002,780.0,-10.0,-0.09923316444996999,0.2464,0.14716683555003002
43.560702793,770.0,0.55,760.0,10.0,0.09062682089999272,0.2926,0.3832268208999927,760.0,10.0,0.09139367105002748,0.2464,0.3377936710500275
43.575304795,770.0,0.55,760.0,10.0,0.0913599834499928,0.2926,0.3839599834499928,760.0,10.0,0.09212681900004555,0.2464,0.33852681900004555
43.587973629,770.0,0.55,780.0,-10.0,-0.09925919580000482,0.2926,0.19334080419999522,760.0,10.0,0.09274601285002518,0.2464,0.3391460128500252
43.601866881,770.0,0.55,780.0,-10.0,-0.09996010000002116,0.2926,0.19263989999997888,760.0,10.0,0.09344691705004152,0.2464,0.33984691705004155
43.617636132,770.0,0.55,780.0,-10.0,-0.1,0.2926,0.19260000000000002,780.0,-10.0,-0.09724825594994399,0.2464,0.14915174405005602
43.635323967,770.0,0.55,780.0,-10.0,-0.1,0.2926,0.19260000000000002,760.0,10.0,0.09379101085006823,0.2464,0.34019101085006825
43.647955469,770.0,0.55,760.0,10.0,0.09056339794998622,0.2926,0.3831633979499862,760.0,10.0,0.09435437965006713,0.2464,0.34075437965006716
43.661254887,770.0,0.55,780.0,-10.0,-0.1,0.2926,0.19260000000000002,760.0,10.0,0.09502314220007066,0.2464,0.34142314220007064
43.67335118,770.0,0.55,780.0,-10.0,-0.1,0.2926,0.19260000000000002,780.0,-10.0,-0.09563965579991418,0.2464,0.15076034420008583
43.689050431,770.0,0.55,760.0,10.0,0.09070937714999673,0.2926,0.38330937714999674,780.0,-10.0,-0.09634901834992889,0.2464,0.15005098165007114
43.702532432,770.0,0.55,780.0,-10.0,-0.09997746875001212,0.2926,0.1926225312499879,780.0,-10.0,-0.09703587884991975,0.2464,0.14936412115008024
43.718756684,770.0,0.55,780.0,-10.0,-0.1,0.2926,0.19260000000000002,760.0,10.0,0.09373416495008315,0.2464,0.34013416495008314
43.736606686,770.0,0.55,760.0,10.0,0.09093909385000189,0.2926,0.3835390938500019,780.0,-10.0,-0.09720498724991558,0.2464,0.14919501275008443
43.749431562,770.0,0.55,780.0,-10.0,-0.09971467704999668,0.2926,0.19288532295000335,780.0,-10.0,-0.09785871439992207,0.2464,0.14854128560007795
43.764163355,770.0,0.55,780.0,-10.0,-0.1,0.2926,0.19260000000000002,780.0,-10.0,-0.09852076864990522,0.2464,0.1478792313500948
43.77731344,770.0,0.55,780.0,-10.0,-0.1,0.2926,0.19260000000000002,760.0,10.0,0.09226041680009531,0.2464,0.3386604168000953
43.793965567,770.0,0.55,780.0,-10.0,-0.1,0.2926,0.19260000000000002,760.0,10.0,0.09309394190010153,0.2464,0.3394939419001015
43.808050151,770.0,0.55,760.0,10.0,0.09063764169999558,0.2926,0.38323764169999563,780.0,-10.0,-0.09754371439989881,0.2464,0.1488562856001012
43.823219153,770.0,0.55,780.0,-10.0,-0.1,0.2926,0.19260000000000002,780.0,-10.0,-0.0983141373998933,0.2464,0.1480858626001067
43.865986824,770.0,0.55,780.0,-10.0,-0.1,0.2926,0.19260000000000002,760.0,10.0,0.09387343575011983,0.2464,0.3402734357501198
43.878374492,770.0,0.55,760.0,10.0,0.09055633965000652,0.2926,0.38315633965000656,780.0,-10.0,-0.09668286014987189,0.2464,0.14971713985012813
43.89426916,770.0,0.55,780.0,-10.0,-0.1,0.2926,0.19260000000000002,780.0,-10.0,-0.09734377684987976,0.2464,0.14905622315012024
43.90707362,770.0,0.55,760.0,10.0,0.09077977089999877,0.2926,0.3833797708999988,780.0,-10.0,-0.09812353319987324,0.2464,0.14827646680012677
43.921516954,770.0,0.55,760.0,10.0,0.09151067305000651,0.2926,0.38411067305000657,780.0,-10.0,-0.09885440619987093,0.2464,0.14754559380012908
43.936112539,770.0,0.55,780.0,-10.0,-0.0991498644999865,0.2926,0.19345013550001353,760.0,10.0,0.09180613135014483,0.2464,0.3382061313501448
43.950081916,770.0,0.55,760.0,10.0,0.0916088627000272,0.2926,0.38420886270002724,780.0,-10.0,-0.09895259579984668,0.2464,0.14744740420015334
43.965575834,770.0,0.55,780.0,-10.0,-0.09911957484996492,0.2926,0.1934804251500351,780.0,-10.0,-0.09968100419985149,0.2464,0.14671899580014852
43.981261377,770.0,0.55,760.0,10.0,0.09168059815002835,0.2926,0.38428059815002835,780.0,-10.0,-0.1,0.2464,0.1464
43.99508142,770.0,0.55,780.0,-10.0,-0.09901015609998468,0.2926,0.19358984390001535,760.0,10.0,0.09069076879999557,0.2464,0.33709076879999555
44.011252589,770.0,0.55,700.0,70.0,0.666789811149929,0.2926,0.959389811149929,680.0,90.0,0.8581482633000178,0.2464,1.0
44.021716423,770.0,0.55,660.0,110.0,1.0499999999999998,0.2926,1.0,640.0,130.0,1.2399999999999998,0.2464,1.0
44.031520799,770.0,0.55,640.0,130.0,1.2399999999999998,0.2926,1.0,600.0,170.0,1.6199999999999999,0.2464,1.0
44.043445883,770.0,0.55,600.0,170.0,1.6199999999999999,0.2926,1.0,580.0,190.0,1.8099999999999998,0.2464,1.0
44.055466051,770.0,0.55,620.0,150.0,1.43,0.2926,1.0,600.0,170.0,1.6199999999999999,0.2464,1.0
44.064583261,770.0,0.55,640.0,130.0,1.2399999999999998,0.2926,1.0,620.0,150.0,1.43,0.2464,1.0
44.073764928,770.0,0.55,660.0,110.0,1.0499999999999998,0.2926,1.0,640.0,130.0,1.2399999999999998,0.2464,1.0
44.086959929,770.0,0.55,680.0,90.0,0.86,0.2926,1.0,660.0,110.0,1.0499999999999998,0.2464,1.0
44.096151222,770.0,0.55,680.0,90.0,0.86,0.2926,1.0,640.0,130.0,1.2399999999999998,0.2464,1.0
44.107280348,770.0,0.55,700.0,70.0,0.67,0.2926,0.9626000000000001,660.0,110.0,1.0499999999999998,0.2464,1.0
44.121122558,770.0,0.55,700.0,70.0,0.67,0.2926,0.9626000000000001,700.0,70.0,0.67,0.2464,0.9164000000000001
44.134255434,770.0,0.55,720.0,50.0,0.48,0.2926,0.7726,700.0,70.0,0.67,0.2464,0.9164000000000001
# 44.146 Shooter Ready
44.149263436,770.0,0.55,740.0,30.0,0.29,0.2926,0.5826,740.0,30.0,0.29,0.2464,0.5364
44.163413354,770.0,0.55,760.0,10.0,0.1,0.2926,0.39260000000000006,760.0,10.0,0.1,0.2464,0.34640000000000004
44.175005647,770.0,0.55,780.0,-10.0,-0.09067672504999337,0.2926,0.20192327495000667,760.0,10.0,0.1,0.2464,0.34640000000000004
44.189190565,770.0,0.55,780.0,-10.0,-0.09128264804998253,0.2926,0.2013173519500175,780.0,-10.0,-0.09060592299998917,0.2464,0.15579407700001086
44.202745774,770.0,0.55,800.0,-30.0,-0.2832086545000311,0.2926,0.00939134549996895,780.0,-10.0,-0.09124792515000536,0.2464,0.15515207484999466
44.217619901,770.0,0.55,800.0,-30.0,-0.28530620470003665,0.2926,0.007293795299963379,780.0,-10.0,-0.0919470793499977,0.2464,0.15445292065000232
44.232055944,770.0,0.55,800.0,-30.0,-0.28766192364999366,0.2926,0.004938076350006371,780.0,-10.0,-0.09273236279999765,0.2464,0.15366763720000237
44.247959654,770.0,0.55,800.0,-30.0,-0.29,0.2926,0.0026000000000000467,780.0,-10.0,-0.0935204753500011,0.2464,0.1528795246499989
44.260857739,770.0,0.55,800.0,-30.0,-0.29,0.2926,0.0026000000000000467,780.0,-10.0,-0.0942445670999996,0.2464,0.15215543290000041
44.272098573,770.0,0.55,800.0,-30.0,-0.29,0.2926,0.0026000000000000467,800.0,-30.0,-0.28591629849998296,0.2464,-0.03951629849998295
44.286063866,770.0,0.55,800.0,-30.0,-0.29,0.2926,0.0026000000000000467,780.0,-10.0,-0.09660194859999592,0.2464,0.14979805140000407
44.298384159,770.0,0.55,780.0,-10.0,-0.1,0.2926,0.19260000000000002,780.0,-10.0,-0.09717354239998258,0.2464,0.14922645760001743
44.310069785,770.0,0.55,780.0,-10.0,-0.1,0.2926,0.19260000000000002,780.0,-10.0,-0.09780997369997749,0.2464,0.14859002630002252
44.325215162,770.0,0.55,780.0,-10.0,-0.1,0.2926,0.19260000000000002,780.0,-10.0,-0.09858112584999162,0.2464,0.14781887415000838
44.337232996,770.0,0.55,780.0,-10.0,-0.1,0.2926,0.19260000000000002,780.0,-10.0,-0.09917962589999206,0.2464,0.14722037410000793
44.384200376,770.0,0.55,720.0,50.0,0.48,0.2926,0.7726,680.0,90.0,0.86,0.2464,1.0
44.400237961,770.0,0.55,680.0,90.0,0.86,0.2926,1.0,620.0,150.0,1.43,0.2464,1.0
44.410369295,770.0,0.55,660.0,110.0,1.0499999999999998,0.2926,1.0,580.0,190.0,1.8099999999999998,0.2464,1.0
44.42036413,770.0,0.55,660.0,110.0,1.0499999999999998,0.2926,1.0,600.0,170.0,1.6199999999999999,0.2464,1.0
44.429962881,770.0,0.55,680.0,90.0,0.86,0.2926,1.0,600.0,170.0,1.6199999999999999,0.2464,1.0
44.439298257,770.0,0.55,680.0,90.0,0.86,0.2926,1.0,620.0,150.0,1.43,0.2464,1.0
44.449807591,770.0,0.55,680.0,90.0,0.86,0.2926,1.0,620.0,150.0,1.43,0.2464,1.0
44.46192255,770.0,0.55,700.0,70.0,0.67,0.2926,0.9626000000000001,640.0,130.0,1.2399999999999998,0.2464,1.0
44.475590343,770.0,0.55,740.0,30.0,0.29,0.2926,0.5826,680.0,90.0,0.86,0.2464,1.0
44.487852595,770.0,0.55,740.0,30.0,0.29,0.2926,0.5826,680.0,90.0,0.86,0.2464,1.0
44.502121221,770.0,0.55,760.0,10.0,0.1,0.2926,0.39260000000000006,720.0,50.0,0.48,0.2464,0.7263999999999999
44.513024306,770.0,0.55,780.0,-10.0,-0.09064220630001728,0.2926,0.20195779369998274,720.0,50.0,0.48,0.2464,0.7263999999999999
# 44.526 Shooter Ready
44.529242141,770.0,0.55,780.0,-10.0,-0.09135320220001632,0.2926,0.20124679779998372,760.0,10.0,0.1,0.2464,0.34640000000000004
44.541568558,770.0,0.55,800.0,-30.0,-0.28320942744997407,0.2926,0.009390572550025955,780.0,-10.0,-0.09061877089999598,0.2464,0.15578122910000403
44.555522185,770.0,0.55,800.0,-30.0,-0.28525119639999047,0.2926,0.007348803600009557,780.0,-10.0,-0.0912993751500062,0.2464,0.15510062484999382
44.569301103,770.0,0.55,780.0,-10.0,-0.09592099440000311,0.2926,0.1966790055999969,780.0,-10.0,-0.09196914395000931,0.2464,0.15443085604999068
44.582537229,770.0,0.55,780.0,-10.0,-0.0966288110999949,0.2926,0.19597118890000514,780.0,-10.0,-0.09267697525000586,0.2464,0.15372302474999416
44.595052355,770.0,0.55,780.0,-10.0,-0.09725112574998548,0.2926,0.19534887425001454,780.0,-10.0,-0.09329928989999645,0.2464,0.15310071010000356
44.609288607,770.0,0.55,800.0,-30.0,-0.28938205725003624,0.2926,0.003217942749963787,780.0,-10.0,-0.09400958580000861,0.2464,0.1523904141999914
44.624949359,770.0,0.55,800.0,-30.0,-0.29,0.2926,0.0026000000000000467,780.0,-10.0,-0.0946905400500009,0.2464,0.15170945994999913
44.639776527,770.0,0.55,780.0,-10.0,-0.1,0.2926,0.19260000000000002,780.0,-10.0,-0.09547717970000577,0.2464,0.15092282029999424
44.651633653,770.0,0.55,780.0,-10.0,-0.1,0.2926,0.19260000000000002,780.0,-10.0,-0.09618649855000513,0.2464,0.15021350144999487
44.663782737,770.0,0.55,780.0,-10.0,-0.1,0.2926,0.19260000000000002,800.0,-30.0,-0.28799836115002103,0.2464,-0.041598361150021024
44.676265489,770.0,0.55,780.0,-10.0,-0.1,0.2926,0.19260000000000002,780.0,-10.0,-0.09859569455001292,0.2464,0.14780430544998707
44.688153823,770.0,0.55,780.0,-10.0,-0.1,0.2926,0.19260000000000002,780.0,-10.0,-0.09921302170002036,0.2464,0.14718697829997965
44.699924033,770.0,0.55,780.0,-10.0,-0.1,0.2926,0.19260000000000002,780.0,-10.0,-0.09980759885001135,0.2464,0.14659240114998867
44.712860034,770.0,0.55,780.0,-10.0,-0.1,0.2926,0.19260000000000002,760.0,10.0,0.09082047619999685,0.2464,0.33722047619999684
44.72632716,770.0,0.55,780.0,-10.0,-0.1,0.2926,0.19260000000000002,780.0,-10.0,-0.09983715929999107,0.2464,0.14656284070000894
44.739064245,770.0,0.55,780.0,-10.0,-0.1,0.2926,0.19260000000000002,760.0,10.0,0.09082959075001326,0.2464,0.33722959075001324
44.75374208,770.0,0.55,780.0,-10.0,-0.1,0.2926,0.19260000000000002,760.0,10.0,0.09156348250000974,0.2464,0.33796348250000974
44.76862904,770.0,0.55,700.0,70.0,0.6646976712999823,0.2926,0.9572976712999823,700.0,70.0,0.6662610516001178,0.2464,0.9126610516001179
44.781199291,770.0,0.55,680.0,90.0,0.86,0.2926,1.0,660.0,110.0,1.0499999999999998,0.2464,1.0
44.791207542,770.0,0.55,660.0,110.0,1.0499999999999998,0.2926,1.0,660.0,110.0,1.0499999999999998,0.2464,1.0
44.800361793,770.0,0.55,640.0,130.0,1.2399999999999998,0.2926,1.0,620.0,150.0,1.43,0.2464,1.0
44.80971846,770.0,0.55,640.0,130.0,1.2399999999999998,0.2926,1.0,640.0,130.0,1.2399999999999998,0.2464,1.0
44.819933795,770.0,0.55,660.0,110.0,1.0499999999999998,0.2926,1.0,640.0,130.0,1.2399999999999998,0.2464,1.0
44.832982379,770.0,0.55,660.0,110.0,1.0499999999999998,0.2926,1.0,660.0,110.0,1.0499999999999998,0.2464,1.0
44.844129881,770.0,0.55,680.0,90.0,0.86,0.2926,1.0,680.0,90.0,0.86,0.2464,1.0
# 44.884 Shooter Ready
44.88791051,770.0,0.55,740.0,30.0,0.29,0.2926,0.5826,740.0,30.0,0.29,0.2464,0.5364
44.90621347,770.0,0.55,780.0,-10.0,-0.0907192208999868,0.2926,0.20188077910001323,760.0,10.0,0.1,0.2464,0.34640000000000004
44.91957618,770.0,0.55,800.0,-30.0,-0.28333656489997333,0.2926,0.009263435100026696,780.0,-10.0,-0.09087246255000082,0.2464,0.1555275374499992
44.93367214,770.0,0.55,800.0,-30.0,-0.2854496901999982,0.2926,0.007150309800001808,780.0,-10.0,-0.09157683765000911,0.2464,0.15482316234999088
44.946188724,770.0,0.55,800.0,-30.0,-0.2872609841500252,0.2926,0.005339015849974815,800.0,-30.0,-0.2833880878000218,0.2464,-0.036988087800021774
44.960055142,770.0,0.55,800.0,-30.0,-0.2894249468500038,0.2926,0.003175053149996221,800.0,-30.0,-0.28555213810002894,0.2464,-0.03915213810002893
44.974935977,770.0,0.55,800.0,-30.0,-0.29,0.2926,0.0026000000000000467,780.0,-10.0,-0.09623759855002391,0.2464,0.1501624014499761
44.987832603,770.0,0.55,800.0,-30.0,-0.29,0.2926,0.0026000000000000467,780.0,-10.0,-0.09699165905002702,0.2464,0.149408340949973
44.998578188,770.0,0.55,800.0,-30.0,-0.29,0.2926,0.0026000000000000467,780.0,-10.0,-0.09753154870001254,0.2464,0.14886845129998746
45.009899814,770.0,0.55,800.0,-30.0,-0.29,0.2926,0.0026000000000000467,780.0,-10.0,-0.0980960112500179,0.2464,0.1483039887499821
45.020887773,770.0,0.55,800.0,-30.0,-0.29,0.2926,0.0026000000000000467,800.0,-30.0,-0.28975680510005075,0.2464,-0.043356805100050744
45.032410358,770.0,0.55,800.0,-30.0,-0.29,0.2926,0.0026000000000000467,780.0,-10.0,-0.1,0.2464,0.1464
45.04133565,770.0,0.55,800.0,-30.0,-0.29,0.2926,0.0026000000000000467,780.0,-10.0,-0.1,0.2464,0.1464
45.062154236,770.0,0.55,800.0,-30.0,-0.29,0.2926,0.0026000000000000467,760.0,10.0,0.09090547925001374,0.2464,0.33730547925001375
45.073912779,770.0,0.55,800.0,-30.0,-0.29,0.2926,0.0026000000000000467,760.0,10.0,0.09152233969999998,0.2464,0.33792233969999996
# 45.085 Shooter Ready
45.087010655,770.0,0.55,800.0,-30.0,-0.29,0.2926,0.0026000000000000467,780.0,-10.0,-0.09912829580000562,0.2464,0.14727170419999439
45.10166049,770.0,0.55,800.0,-30.0,-0.29,0.2926,0.0026000000000000467,760.0,10.0,0.09161199804999796,0.2464,0.338011998049998
45.114440449,770.0,0.55,800.0,-30.0,-0.29,0.2926,0.0026000000000000467,760.0,10.0,0.09224317934998907,0.2464,0.3386431793499891
45.129397701,770.0,0.55,800.0,-30.0,-0.29,0.2926,0.0026000000000000467,760.0,10.0,0.09285336064998774,0.2464,0.33925336064998773
45.142085494,770.0,0.55,800.0,-30.0,-0.29,0.2926,0.0026000000000000467,760.0,10.0,0.0936184024000022,0.2464,0.3400184024000022
# 45.153 Shooter Ready
45.156161329,770.0,0.55,800.0,-30.0,-0.29,0.2926,0.0026000000000000467,780.0,-10.0,-0.09707455389998358,0.2464,0.1493254461000164
45.17136008,770.0,0.55,780.0,-10.0,-0.1,0.2926,0.19260000000000002,780.0,-10.0,-0.09771801439999309,0.2464,0.14868198560000692
45.187044748,770.0,0.55,780.0,-10.0,-0.1,0.2926,0.19260000000000002,760.0,10.0,0.09319589400000951,0.2464,0.3395958940000095
45.198935125,770.0,0.55,780.0,-10.0,-0.1,0.2926,0.19260000000000002,760.0,10.0,0.09379439410000942,0.2464,0.3401943941000094
45.214015459,770.0,0.55,800.0,-30.0,-0.29,0.2926,0.0026000000000000467,780.0,-10.0,-0.09686542884999198,0.2464,0.149534571150008
45.234912795,770.0,0.55,780.0,-10.0,-0.1,0.2926,0.19260000000000002,780.0,-10.0,-0.09790771439998025,0.2464,0.14849228560001976
45.247686338,770.0,0.55,780.0,-10.0,-0.1,0.2926,0.19260000000000002,760.0,10.0,0.09282730025003275,0.2464,0.3392273002500328
45.264977214,770.0,0.55,780.0,-10.0,-0.1,0.2926,0.19260000000000002,760.0,10.0,0.09369537325002511,0.2464,0.34009537325002515
45.277042882,770.0,0.55,780.0,-10.0,-0.1,0.2926,0.19260000000000002,760.0,10.0,0.09428840455003865,0.2464,0.3406884045500387
45.289469634,770.0,0.55,780.0,-10.0,-0.1,0.2926,0.19260000000000002,780.0,-10.0,-0.096348653849941,0.2464,0.150051346150059
45.301352718,770.0,0.55,780.0,-10.0,-0.1,0.2926,0.19260000000000002,780.0,-10.0,-0.09693977474994427,0.2464,0.14946022525005576
45.314561136,770.0,0.55,780.0,-10.0,-0.1,0.2926,0.19260000000000002,780.0,-10.0,-0.09760634979995757,0.2464,0.14879365020004243
45.326688054,770.0,0.55,780.0,-10.0,-0.1,0.2926,0.19260000000000002,760.0,10.0,0.09299261695004134,0.2464,0.33939261695004136
45.339208139,770.0,0.55,780.0,-10.0,-0.1,0.2926,0.19260000000000002,760.0,10.0,0.09362063365002996,0.2464,0.34002063365003
45.352087848,770.0,0.55,780.0,-10.0,-0.1,0.2926,0.19260000000000002,760.0,10.0,0.09425549000003684,0.2464,0.34065549000003686
45.394258477,770.0,0.55,760.0,10.0,0.0920473689499795,0.2926,0.38464736894997953,780.0,-10.0,-0.09779184974995588,0.2464,0.14860815025004415
45.412253438,770.0,0.55,780.0,-10.0,-0.09866512905002764,0.2926,0.1939348709499724,760.0,10.0,0.09292066285005604,0.2464,0.339320662850056
45.425437356,770.0,0.55,780.0,-10.0,-0.0995102624500305,0.2926,0.19308973754996953,780.0,-10.0,-0.0979244997499336,0.2464,0.1484755002500664
45.440200649,770.0,0.55,780.0,-10.0,-0.1,0.2926,0.19260000000000002,760.0,10.0,0.09279616490006447,0.2464,0.3391961649000645
45.455400275,770.0,0.55,780.0,-10.0,-0.1,0.2926,0.19260000000000002,780.0,-10.0,-0.0980453809999517,0.2464,0.14835461900004832
45.470262443,770.0,0.55,760.0,10.0,0.09066683754998849,0.2926,0.3832668375499885,780.0,-10.0,-0.09871224774994972,0.2464,0.1476877522500503
45.486352528,770.0,0.55,780.0,-10.0,-0.1,0.2926,0.19260000000000002,760.0,10.0,0.09210205650005264,0.2464,0.33850205650005266
45.50061153,770.0,0.55,760.0,10.0,0.09072441254999376,0.2926,0.3833244125499938,780.0,-10.0,-0.09862237064994588,0.2464,0.14777762935005412
45.513724281,770.0,0.55,780.0,-10.0,-0.0999269375500262,0.2926,0.19267306244997384,780.0,-10.0,-0.09927369154993357,0.2464,0.14712630845006644
45.527840658,770.0,0.55,760.0,10.0,0.09076488124996104,0.2926,0.38336488124996104,780.0,-10.0,-0.09996553954993033,0.2464,0.1464344604500697
45.541323534,770.0,0.55,760.0,10.0,0.09145118759996876,0.2926,0.3840511875999688,780.0,-10.0,-0.1,0.2464,0.1464
45.553132827,770.0,0.55,780.0,-10.0,-0.09925011035002171,0.2926,0.19334988964997832,780.0,-10.0,-0.1,0.2464,0.1464
45.565692286,770.0,0.55,780.0,-10.0,-0.09985661670002628,0.2926,0.19274338329997376,780.0,-10.0,-0.1,0.2464,0.1464
45.578532038,770.0,0.55,780.0,-10.0,-0.1,0.2926,0.19260000000000002,780.0,-10.0,-0.1,0.2464,0.1464
45.592398747,770.0,0.55,760.0,10.0,0.09056453549998424,0.2926,0.38316453549998425,760.0,10.0,0.09056455005001227,0.2464,0.33696455005001225
45.607223874,770.0,0.55,760.0,10.0,0.09131986474998485,0.2926,0.38391986474998485,780.0,-10.0,-0.1,0.2464,0.1464
45.619284292,770.0,0.55,780.0,-10.0,-0.09938286240003436,0.2926,0.19321713759996567,780.0,-10.0,-0.1,0.2464,0.1464
45.635381377,770.0,0.55,780.0,-10.0,-0.1,0.2926,0.19260000000000002,760.0,10.0,0.09062450215000353,0.2464,0.33702450215000357
45.648540503,770.0,0.55,760.0,10.0,0.09074544174999574,0.2926,0.38334544174999574,780.0,-10.0,-0.1,0.2464,0.1464
45.660174213,770.0,0.55,780.0,-10.0,-0.09994850620000761,0.2926,0.1926514937999924,780.0,-10.0,-0.1,0.2464,0.1464
45.674618131,770.0,0.55,780.0,-10.0,-0.1,0.2926,0.19260000000000002,760.0,10.0,0.09056395215001431,0.2464,0.3369639521500143
45.687492007,770.0,0.55,780.0,-10.0,-0.1,0.2926,0.19260000000000002,780.0,-10.0,-0.1,0.2464,0.1464
45.69842455,770.0,0.55,780.0,-10.0,-0.1,0.2926,0.19260000000000002,760.0,10.0,0.0905518334000044,0.2464,0.3369518334000044
45.710892718,770.0,0.55,780.0,-10.0,-0.1,0.2926,0.19260000000000002,760.0,10.0,0.09117528554999353,0.2464,0.33757528554999355
45.723466469,770.0,0.55,780.0,-10.0,-0.1,0.2926,0.19260000000000002,780.0,-10.0,-0.09943604785000844,0.2464,0.14696395214999158
45.73885422,770.0,0.55,760.0,10.0,0.0906639062999966,0.2926,0.3832639062999966,760.0,10.0,0.09122788759999821,0.2464,0.33762788759999823
45.751543472,770.0,0.55,780.0,-10.0,-0.1,0.2926,0.19260000000000002,780.0,-10.0,-0.09947594790000949,0.2464,0.14692405209999052
45.771950807,770.0,0.55,780.0,-10.0,-0.1,0.2926,0.19260000000000002,760.0,10.0,0.09159168344998761,0.2464,0.33799168344998765
45.788756059,770.0,0.55,760.0,10.0,0.09076823549998153,0.2926,0.38336823549998156,780.0,-10.0,-0.0991765374500119,0.2464,0.1472234625499881
45.804165394,770.0,0.55,780.0,-10.0,-0.09992811870001787,0.2926,0.19267188129998214,760.0,10.0,0.09151981679998698,0.2464,0.337919816799987
45.817051228,770.0,0.55,760.0,10.0,0.09079543350000222,0.2926,0.38339543350000227,780.0,-10.0,-0.0992037353500109,0.2464,0.1471962646499891
45.831171105,770.0,0.55,780.0,-10.0,-0.09989867489998687,0.2926,0.19270132510001314,780.0,-10.0,-0.09989784374999999,0.2464,0.14650215625000002
45.845406189,770.0,0.55,780.0,-10.0,-0.1,0.2926,0.19260000000000002,760.0,10.0,0.09076752090001264,0.2464,0.3371675209000127
45.859924191,770.0,0.55,760.0,10.0,0.09076081259999227,0.2926,0.38336081259999233,780.0,-10.0,-0.09999329169997964,0.2464,0.14640670830002037
45.902329029,770.0,0.55,780.0,-10.0,-0.1,0.2926,0.19260000000000002,760.0,10.0,0.09215547520001564,0.2464,0.33855547520001567
45.918654197,770.0,0.55,780.0,-10.0,-0.1,0.2926,0.19260000000000002,760.0,10.0,0.09288311065003199,0.2464,0.339283110650032
45.931979865,770.0,0.55,780.0,-10.0,-0.1,0.2926,0.19260000000000002,780.0,-10.0,-0.097891118599955,0.2464,0.148508881400045
45.94710395,770.0,0.55,780.0,-10.0,-0.1,0.2926,0.19260000000000002,780.0,-10.0,-0.09867621244995917,0.2464,0.14772378755004084
45.961242784,770.0,0.55,780.0,-10.0,-0.1,0.2926,0.19260000000000002,780.0,-10.0,-0.09939603124996665,0.2464,0.14700396875003335
45.979495578,770.0,0.55,780.0,-10.0,-0.1,0.2926,0.19260000000000002,760.0,10.0,0.09149893345003421,0.2464,0.3378989334500342
45.993143829,770.0,0.55,780.0,-10.0,-0.1,0.2926,0.19260000000000002,760.0,10.0,0.09217912935002005,0.2464,0.33857912935002005
46.006226539,770.0,0.55,780.0,-10.0,-0.1,0.2926,0.19260000000000002,760.0,10.0,0.09283587525002532,0.2464,0.3392358752500253
46.017600957,770.0,0.55,780.0,-10.0,-0.1,0.2926,0.19260000000000002,780.0,-10.0,-0.09775346644996716,0.2464,0.14864653355003285
46.029559583,770.0,0.55,780.0,-10.0,-0.1,0.2926,0.19260000000000002,780.0,-10.0,-0.09835604984998554,0.2464,0.14804395015001448
46.041022376,770.0,0.55,780.0,-10.0,-0.1,0.2926,0.19260000000000002,760.0,10.0,0.09221421690000625,0.2464,0.33861421690000626
46.058433419,770.0,0.55,780.0,-10.0,-0.1,0.2926,0.19260000000000002,780.0,-10.0,-0.0986579539999866,0.2464,0.1477420460000134
46.06966842,770.0,0.55,780.0,-10.0,-0.1,0.2926,0.19260000000000002,780.0,-10.0,-0.09921763319998718,0.2464,0.14718236680001284
46.081783963,770.0,0.55,780.0,-10.0,-0.1,0.2926,0.19260000000000002,760.0,10.0,0.09138158145002763,0.2464,0.3377815814500276
46.094865215,770.0,0.55,760.0,10.0,0.09060738134998246,0.2926,0.3832073813499825,780.0,-10.0,-0.09922581444996012,0.2464,0.1471741855500399
46.108590174,770.0,0.55,780.0,-10.0,-0.1,0.2926,0.19260000000000002,760.0,10.0,0.09143710020004164,0.2464,0.33783710020004165
46.122936676,770.0,0.55,760.0,10.0,0.09067554380000274,0.2926,0.3832755438000028,760.0,10.0,0.09211264405004385,0.2464,0.3385126440500439
46.139081302,770.0,0.55,760.0,10.0,0.09142544805000853,0.2926,0.38402544805000854,780.0,-10.0,-0.0986372309999524,0.2464,0.1477627690000476
46.153892429,770.0,0.55,780.0,-10.0,-0.09942169784999351,0.2926,0.19317830215000653,780.0,-10.0,-0.09948433314996237,0.2464,0.14691566685003765
46.169127347,770.0,0.55,780.0,-10.0,-0.1,0.2926,0.19260000000000002,780.0,-10.0,-0.1,0.2464,0.1464
46.179030015,770.0,0.55,780.0,-10.0,-0.1,0.2926,0.19260000000000002,780.0,-10.0,-0.1,0.2464,0.1464
46.192039516,770.0,0.55,780.0,-10.0,-0.1,0.2926,0.19260000000000002,760.0,10.0,0.09053883964999386,0.2464,0.3369388396499939
46.209134393,770.0,0.55,780.0,-10.0,-0.1,0.2926,0.19260000000000002,780.0,-10.0,-0.1,0.2464,0.1464
46.222095186,770.0,0.55,780.0,-10.0,-0.1,0.2926,0.19260000000000002,760.0,10.0,0.09064417505000165,0.2464,0.33704417505000167
46.236322395,770.0,0.55,780.0,-10.0,-0.1,0.2926,0.19260000000000002,780.0,-10.0,-0.1,0.2464,0.1464
46.248501522,770.0,0.55,780.0,-10.0,-0.1,0.2926,0.19260000000000002,780.0,-10.0,-0.1,0.2464,0.1464
46.261256398,770.0,0.55,780.0,-10.0,-0.1,0.2926,0.19260000000000002,760.0,10.0,0.09053439170001185,0.2464,0.3369343917000118
46.28399415,770.0,0.55,760.0,10.0,0.09097377305000919,0.2926,0.3835737730500092,780.0,-10.0,-0.1,0.2464,0.1464
46.297478777,770.0,0.55,760.0,10.0,0.09172630230001687,0.2926,0.3843263023000169,760.0,10.0,0.09075255839999499,0.2464,0.33715255839999503
46.311593986,770.0,0.55,760.0,10.0,0.09245049610000479,0.2926,0.3850504961000048,780.0,-10.0,-0.09997162085001036,0.2464,0.14642837914998963
46.324491488,770.0,0.55,780.0,-10.0,-0.0982009122999898,0.2926,0.19439908770001024,780.0,-10.0,-0.1,0.2464,0.1464
46.338847906,770.0,0.55,760.0,10.0,0.09250325860001794,0.2926,0.385103258600018,760.0,10.0,0.09070415630000297,0.2464,0.337104156300003
46.351207282,770.0,0.55,780.0,-10.0,-0.09813431019997551,0.2926,0.19446568980002452,780.0,-10.0,-0.0999334417,0.2464,0.1464665583
46.365017992,770.0,0.55,780.0,-10.0,-0.09882331444998727,0.2926,0.19377668555001276,780.0,-10.0,-0.1,0.2464,0.1464
46.410731205,770.0,0.55,780.0,-10.0,-0.1,0.2926,0.19260000000000002,760.0,10.0,0.09225916274998781,0.2464,0.3386591627499878
46.42852054,770.0,0.55,760.0,10.0,0.09073763964999217,0.2926,0.3833376396499922,780.0,-10.0,-0.0984785060500144,0.2464,0.1479214939499856
46.442079541,770.0,0.55,780.0,-10.0,-0.1,0.2926,0.19260000000000002,760.0,10.0,0.09237412320000203,0.2464,0.33877412320000205
46.456974959,770.0,0.55,760.0,10.0,0.0907374647000006,0.2926,0.38333746470000063,780.0,-10.0,-0.0983633414499991,0.2464,0.14803665855000092
46.470411752,770.0,0.55,780.0,-10.0,-0.09993942075000177,0.2926,0.19266057924999824,780.0,-10.0,-0.0990402269499782,0.2464,0.1473597730500218
46.486015629,770.0,0.55,780.0,-10.0,-0.1,0.2926,0.19260000000000002,760.0,10.0,0.09173105645003489,0.2464,0.3381310564500349
46.501967172,770.0,0.55,760.0,10.0,0.09078465635001522,0.2926,0.38338465635001523,760.0,10.0,0.0925156982000226,0.2464,0.3389156982000226
46.518293507,770.0,0.55,780.0,-10.0,-0.1,0.2926,0.19260000000000002,760.0,10.0,0.09335496910004168,0.2464,0.33975496910004166
46.53405255,770.0,0.55,780.0,-10.0,-0.1,0.2926,0.19260000000000002,780.0,-10.0,-0.09748506014993837,0.2464,0.14891493985006166
46.546530052,770.0,0.55,780.0,-10.0,-0.1,0.2926,0.19260000000000002,780.0,-10.0,-0.09811800604995824,0.2464,0.14828199395004177
46.558802803,770.0,0.55,780.0,-10.0,-0.1,0.2926,0.19260000000000002,780.0,-10.0,-0.09872054569993907,0.2464,0.14767945430006094
46.574690471,770.0,0.55,780.0,-10.0,-0.1,0.2926,0.19260000000000002,760.0,10.0,0.09207482940006685,0.2464,0.33847482940006685
46.589500139,770.0,0.55,760.0,10.0,0.09067200005000814,0.2926,0.38327200005000817,760.0,10.0,0.0927468149000697,0.2464,0.3391468149000697
46.605270266,770.0,0.55,780.0,-10.0,-0.1,0.2926,0.19260000000000002,780.0,-10.0,-0.09799412054992444,0.2464,0.14840587945007555
46.622896559,770.0,0.55,760.0,10.0,0.09093597305001368,0.2926,0.3835359730500137,800.0,-30.0,-0.29,0.2464,-0.04359999999999997
# 46.635 Shooter Ready
46.642034561,770.0,0.55,780.0,-10.0,-0.09987213324998265,0.2926,0.19272786675001738,760.0,10.0,0.09080800424998416,0.2464,0.33720800424998415
46.655807063,770.0,0.55,780.0,-10.0,-0.1,0.2926,0.19260000000000002,760.0,10.0,0.09165242304999538,0.2464,0.3380524230499954
46.667281522,770.0,0.55,780.0,-10.0,-0.1,0.2926,0.19260000000000002,760.0,10.0,0.09228723559998799,0.2464,0.338687235599988
46.679358565,770.0,0.55,780.0,-10.0,-0.1,0.2926,0.19260000000000002,780.0,-10.0,-0.09831473530002768,0.2464,0.14808526469997232
46.691297066,770.0,0.55,780.0,-10.0,-0.1,0.2926,0.19260000000000002,780.0,-10.0,-0.09891685205002432,0.2464,0.1474831479499757
46.706514484,770.0,0.55,760.0,10.0,0.09065183130000151,0.2926,0.3832518313000015,780.0,-10.0,-0.09956866880002053,0.2464,0.1468313311999795
46.719316902,770.0,0.55,780.0,-10.0,-0.1,0.2926,0.19260000000000002,760.0,10.0,0.09112301874996774,0.2464,0.33752301874996776
46.733254195,770.0,0.55,760.0,10.0,0.09068060420001076,0.2926,0.38328060420001075,740.0,30.0,0.2831653126999572,0.2464,0.5295653126999572
46.745967947,770.0,0.55,760.0,10.0,0.09133271260001494,0.2926,0.38393271260001494,760.0,10.0,0.09381740649997937,0.2464,0.3402174064999794
46.76232199,770.0,0.55,780.0,-10.0,-0.09943355414998223,0.2926,0.1931664458500178,780.0,-10.0,-0.09694884565001302,0.2464,0.149451154349987
46.776390241,770.0,0.55,760.0,10.0,0.09131614594999973,0.2926,0.3839161459499998,760.0,10.0,0.0938008690499737,0.2464,0.3402008690499737
46.797562618,770.0,0.55,780.0,-10.0,-0.0996433062000051,0.2926,0.19295669379999492,760.0,10.0,0.09476032119997854,0.2464,0.3411603211999785
46.810026995,770.0,0.55,780.0,-10.0,-0.1,0.2926,0.19260000000000002,760.0,10.0,0.09548942959999294,0.2464,0.34188942959999297
46.821952079,770.0,0.55,780.0,-10.0,-0.1,0.2926,0.19260000000000002,780.0,-10.0,-0.09516585799999575,0.2464,0.15123414200000426
46.833422747,770.0,0.55,780.0,-10.0,-0.1,0.2926,0.19260000000000002,780.0,-10.0,-0.09574009139998907,0.2464,0.15065990860001094
46.845942248,770.0,0.55,780.0,-10.0,-0.1,0.2926,0.19260000000000002,760.0,10.0,0.09487345865001316,0.2464,0.3412734586500132
46.857808416,770.0,0.55,780.0,-10.0,-0.1,0.2926,0.19260000000000002,780.0,-10.0,-0.09572711224998329,0.2464,0.15067288775001672
46.871041918,770.0,0.55,780.0,-10.0,-0.1,0.2926,0.19260000000000002,780.0,-10.0,-0.09639559769998414,0.2464,0.15000440230001588
46.913547088,770.0,0.55,760.0,10.0,0.09206675019999239,0.2926,0.3846667501999924,780.0,-10.0,-0.09846234789999926,0.2464,0.14793765210000076
46.930449465,770.0,0.55,780.0,-10.0,-0.09861433530002159,0.2926,0.19398566469997844,780.0,-10.0,-0.09914346260000002,0.2464,0.1472565374
46.943374383,770.0,0.55,760.0,10.0,0.09218068974998005,0.2926,0.3847806897499801,780.0,-10.0,-0.09993848765000166,0.2464,0.14646151234999835
46.956525343,770.0,0.55,780.0,-10.0,-0.09849078530000951,0.2926,0.1941092146999905,760.0,10.0,0.09073300199999267,0.2464,0.3371330019999927
46.969803469,770.0,0.55,780.0,-10.0,-0.09912524790001953,0.2926,0.1934747520999805,780.0,-10.0,-0.09990143140000782,0.2464,0.1464985685999922
46.983528137,770.0,0.55,760.0,10.0,0.09159244174997185,0.2926,0.38419244174997186,780.0,-10.0,-0.1,0.2464,0.1464
46.995922222,770.0,0.55,780.0,-10.0,-0.09909875000003013,0.2926,0.1935012499999699,780.0,-10.0,-0.1,0.2464,0.1464
47.013168182,770.0,0.55,780.0,-10.0,-0.09995474800002739,0.2926,0.19264525199997262,780.0,-10.0,-0.1,0.2464,0.1464
47.027959183,770.0,0.55,780.0,-10.0,-0.1,0.2926,0.19260000000000002,760.0,10.0,0.09064295004999622,0.2464,0.33704295004999624
47.041036643,770.0,0.55,780.0,-10.0,-0.1,0.2926,0.19260000000000002,780.0,-10.0,-0.1,0.2464,0.1464
47.051648644,770.0,0.55,780.0,-10.0,-0.1,0.2926,0.19260000000000002,780.0,-10.0,-0.1,0.2464,0.1464
47.064227354,770.0,0.55,760.0,10.0,0.09046854794998126,0.2926,0.3830685479499813,760.0,10.0,0.09046857714999078,0.2464,0.3368685771499908
47.077104438,770.0,0.55,780.0,-10.0,-0.1,0.2926,0.19260000000000002,780.0,-10.0,-0.1,0.2464,0.1464
47.089504356,770.0,0.55,760.0,10.0,0.09061742924999636,0.2926,0.38321742924999636,760.0,10.0,0.09061744380000164,0.2464,0.33701744380000165
47.102259816,770.0,0.55,760.0,10.0,0.09125244595001278,0.2926,0.3838524459500128,760.0,10.0,0.09125243134998527,0.2464,0.3376524313499853
47.119031526,770.0,0.55,780.0,-10.0,-0.09958679579997351,0.2926,0.19301320420002652,760.0,10.0,0.09209164395000699,0.2464,0.33849164395000697
47.131866027,770.0,0.55,780.0,-10.0,-0.1,0.2926,0.19260000000000002,760.0,10.0,0.0927334273499946,0.2464,0.33913342734999463
47.147793945,770.0,0.55,780.0,-10.0,-0.1,0.2926,0.19260000000000002,780.0,-10.0,-0.09801783315001558,0.2464,0.14838216684998443
47.159085238,770.0,0.55,780.0,-10.0,-0.1,0.2926,0.19260000000000002,760.0,10.0,0.09265520234997894,0.2464,0.33905520234997893
47.174948115,770.0,0.55,760.0,10.0,0.0907318062999957,0.2926,0.38333180629999575,780.0,-10.0,-0.09807661855002152,0.2464,0.14832338144997848
47.189184949,770.0,0.55,780.0,-10.0,-0.09997396875000959,0.2926,0.19262603124999045,760.0,10.0,0.092629141899979,0.2464,0.339029141899979
47.203182326,770.0,0.55,780.0,-10.0,-0.1,0.2926,0.19260000000000002,760.0,10.0,0.09333255449997978,0.2464,0.3397325544999798
47.21407141,770.0,0.55,780.0,-10.0,-0.1,0.2926,0.19260000000000002,780.0,-10.0,-0.09727694140001404,0.2464,0.14912305859998598
47.22709287,770.0,0.55,780.0,-10.0,-0.1,0.2926,0.19260000000000002,760.0,10.0,0.09337472949997846,0.2464,0.33977472949997845
47.241100163,770.0,0.55,780.0,-10.0,-0.1,0.2926,0.19260000000000002,780.0,-10.0,-0.09732051640003192,0.2464,0.1490794835999681
47.255754665,770.0,0.55,760.0,10.0,0.09063895424998464,0.2926,0.38323895424998466,780.0,-10.0,-0.09795945605003453,0.2464,0.14844054394996548
47.270297749,770.0,0.55,780.0,-10.0,-0.1,0.2926,0.19260000000000002,760.0,10.0,0.0928053960999614,0.2464,0.3392053960999614
47.286718584,770.0,0.55,780.0,-10.0,-0.1,0.2926,0.19260000000000002,780.0,-10.0,-0.09799196230003418,0.2464,0.14840803769996583
47.304736294,770.0,0.55,780.0,-10.0,-0.1,0.2926,0.19260000000000002,760.0,10.0,0.09299107114997242,0.2464,0.3393910711499724
47.316925629,770.0,0.55,780.0,-10.0,-0.1,0.2926,0.19260000000000002,780.0,-10.0,-0.09762231850002082,0.2464,0.1487776814999792
47.331135339,770.0,0.55,760.0,10.0,0.09059758130000774,0.2926,0.38319758130000775,780.0,-10.0,-0.09821989980002854,0.2464,0.14818010019997147
47.34538209,770.0,0.55,760.0,10.0,0.09129069805000199,0.2926,0.38389069805000203,760.0,10.0,0.09247320234996095,0.2464,0.338873202349961
47.3590598,770.0,0.55,760.0,10.0,0.09204347520000283,0.2926,0.38464347520000286,780.0,-10.0,-0.09827957480003988,0.2464,0.14812042519996013
47.373039385,770.0,0.55,760.0,10.0,0.09274507945000551,0.2926,0.3853450794500055,780.0,-10.0,-0.09898119365004732,0.2464,0.1474188063499527
47.399127221,770.0,0.55,780.0,-10.0,-0.09855076649998865,0.2926,0.19404923350001138,760.0,10.0,0.09231463769994207,0.2464,0.3387146376999421
47.434608766,770.0,0.55,780.0,-10.0,-0.1,0.2926,0.19260000000000002,760.0,10.0,0.09391215454994836,0.2464,0.34031215454994834
47.447359267,770.0,0.55,780.0,-10.0,-0.1,0.2926,0.19260000000000002,780.0,-10.0,-0.09696415805005927,0.2464,0.14943584194994075
47.459425227,770.0,0.55,780.0,-10.0,-0.1,0.2926,0.19260000000000002,800.0,-30.0,-0.2887836769500745,0.2464,-0.0423836769500745
47.472751478,770.0,0.55,780.0,-10.0,-0.1,0.2926,0.19260000000000002,760.0,10.0,0.09187174184991363,0.2464,0.33827174184991365
47.486379021,770.0,0.55,780.0,-10.0,-0.1,0.2926,0.19260000000000002,780.0,-10.0,-0.09881517695009734,0.2464,0.14758482304990267
47.504245064,770.0,0.55,760.0,10.0,0.09083768130000408,0.2926,0.3834376813000041,760.0,10.0,0.09202250439988348,0.2464,0.3384225043998835
47.518363774,770.0,0.55,780.0,-10.0,-0.09986234794998836,0.2926,0.19273765205001167,780.0,-10.0,-0.09867751025012694,0.2464,0.14772248974987306
47.533793234,770.0,0.55,780.0,-10.0,-0.1,0.2926,0.19260000000000002,760.0,10.0,0.09206728984987876,0.2464,0.3384672898498788
47.545828277,770.0,0.55,780.0,-10.0,-0.1,0.2926,0.19260000000000002,780.0,-10.0,-0.09862237060010556,0.2464,0.14777762939989444
47.558560987,770.0,0.55,780.0,-10.0,-0.1,0.2926,0.19260000000000002,760.0,10.0,0.09201970449991223,0.2464,0.3384197044999122
47.571270655,770.0,0.55,780.0,-10.0,-0.1,0.2926,0.19260000000000002,760.0,10.0,0.09264926704990104,0.2464,0.339049267049901
47.586630698,770.0,0.55,780.0,-10.0,-0.1,0.2926,0.19260000000000002,780.0,-10.0,-0.09807371635010895,0.2464,0.14832628364989106
47.599131241,770.0,0.55,780.0,-10.0,-0.1,0.2926,0.19260000000000002,760.0,10.0,0.09260264414987432,0.2464,0.33900264414987435
47.614687867,770.0,0.55,780.0,-10.0,-0.1,0.2926,0.19260000000000002,780.0,-10.0,-0.098174953850139,0.2464,0.148225046149861
47.62917641,770.0,0.55,760.0,10.0,0.09066924384998401,0.2926,0.38326924384998406,760.0,10.0,0.09249424619985348,0.2464,0.3388942461998535
47.645493412,770.0,0.55,780.0,-10.0,-0.1,0.2926,0.19260000000000002,760.0,10.0,0.0932703275498534,0.2464,0.3396703275498534
47.66157533,770.0,0.55,760.0,10.0,0.09071990634999111,0.2926,0.38331990634999114,760.0,10.0,0.09399020469985772,0.2464,0.3403902046998577
47.67679829,770.0,0.55,780.0,-10.0,-0.1,0.2926,0.19260000000000002,780.0,-10.0,-0.09688252035014103,0.2464,0.14951747964985898
47.689218916,770.0,0.55,780.0,-10.0,-0.1,0.2926,0.19260000000000002,780.0,-10.0,-0.09757104335014902,0.2464,0.148828956649851
47.703466543,770.0,0.55,760.0,10.0,0.09065820419999909,0.2926,0.3832582041999991,760.0,10.0,0.09308716089984956,0.2464,0.33948716089984954
47.716388544,770.0,0.55,780.0,-10.0,-0.09998182919998726,0.2926,0.19261817080001276,780.0,-10.0,-0.09755285790015478,0.2464,0.14884714209984523
47.733246296,770.0,0.55,760.0,10.0,0.09082581050000954,0.2926,0.38342581050000957,760.0,10.0,0.09325478174984256,0.2464,0.33965478174984254
47.746932464,770.0,0.55,760.0,10.0,0.09153477930002737,0.2926,0.3841347793000274,780.0,-10.0,-0.09745420170015677,0.2464,0.14894579829984322
47.763474341,770.0,0.55,780.0,-10.0,-0.09929581454996424,0.2926,0.1933041854500358,780.0,-10.0,-0.0982847955001489,0.2464,0.1481152044998511
47.778015675,770.0,0.55,780.0,-10.0,-0.1,0.2926,0.19260000000000002,780.0,-10.0,-0.09902816640014862,0.2464,0.1473718335998514
47.791068343,770.0,0.55,780.0,-10.0,-0.1,0.2926,0.19260000000000002,780.0,-10.0,-0.09973542900015672,0.2464,0.14666457099984329
47.809688928,770.0,0.55,780.0,-10.0,-0.1,0.2926,0.19260000000000002,760.0,10.0,0.09115435859984246,0.2464,0.33755435859984245
47.821385638,770.0,0.55,780.0,-10.0,-0.1,0.2926,0.19260000000000002,780.0,-10.0,-0.09947386225014725,0.2464,0.14692613774985275
47.833528014,770.0,0.55,780.0,-10.0,-0.1,0.2926,0.19260000000000002,780.0,-10.0,-0.1,0.2464,0.1464
47.84321339,770.0,0.55,780.0,-10.0,-0.1,0.2926,0.19260000000000002,780.0,-10.0,-0.1,0.2464,0.1464
47.854793433,770.0,0.55,760.0,10.0,0.09045616669999618,0.2926,0.3830561666999962,780.0,-10.0,-0.1,0.2464,0.1464
47.868235184,770.0,0.55,780.0,-10.0,-0.1,0.2926,0.19260000000000002,760.0,10.0,0.0906266896500165,0.2464,0.3370266896500165
47.879682519,770.0,0.55,780.0,-10.0,-0.1,0.2926,0.19260000000000002,760.0,10.0,0.09126675220001289,0.2464,0.3376667522000129
47.902249063,770.0,0.55,780.0,-10.0,-0.1,0.2926,0.19260000000000002,780.0,-10.0,-0.09985353959998519,0.2464,0.14654646040001482
47.937535775,770.0,0.55,760.0,10.0,0.09153900850000354,0.2926,0.3841390085000036,760.0,10.0,0.09168548345000091,0.2464,0.3380854834500009
47.951488526,770.0,0.55,780.0,-10.0,-0.09930748115000369,0.2926,0.19329251884999632,760.0,10.0,0.09253195855000286,0.2464,0.33893195855000285
47.965007569,770.0,0.55,760.0,10.0,0.09136797514999216,0.2926,0.3839679751499922,780.0,-10.0,-0.09814348315001098,0.2464,0.14825651684998903
47.979804987,770.0,0.55,780.0,-10.0,-0.09938297910000529,0.2926,0.19321702089999473,780.0,-10.0,-0.09889439365001636,0.2464,0.14750560634998366
47.993779614,770.0,0.55,780.0,-10.0,-0.1,0.2926,0.19260000000000002,780.0,-10.0,-0.09957151250000607,0.2464,0.14682848749999394
48.00690724,770.0,0.55,780.0,-10.0,-0.1,0.2926,0.19260000000000002,760.0,10.0,0.09117169794998517,0.2464,0.3375716979499852
48.020078616,770.0,0.55,780.0,-10.0,-0.1,0.2926,0.19260000000000002,760.0,10.0,0.09182484179999847,0.2464,0.33822484179999845
48.034778034,770.0,0.55,760.0,10.0,0.09066917090000516,0.2926,0.3832691709000052,780.0,-10.0,-0.09884437284999877,0.2464,0.14755562715000126
48.05377662,770.0,0.55,780.0,-10.0,-0.1,0.2926,0.19260000000000002,780.0,-10.0,-0.09966363539999748,0.2464,0.14673636460000253
48.067813371,770.0,0.55,760.0,10.0,0.09083696674998919,0.2926,0.3834369667499892,760.0,10.0,0.09117325845001233,0.2464,0.33757325845001235
48.082060998,770.0,0.55,780.0,-10.0,-0.09985598955001933,0.2926,0.19274401044998068,760.0,10.0,0.0918662876999997,0.2464,0.3382662876999997
48.098112874,770.0,0.55,780.0,-10.0,-0.1,0.2926,0.19260000000000002,780.0,-10.0,-0.09889824360000148,0.2464,0.14750175639999852
48.112412126,770.0,0.55,760.0,10.0,0.09078725214998486,0.2926,0.38338725214998487,760.0,10.0,0.09188900860000558,0.2464,0.3382890086000056
48.126885502,770.0,0.55,780.0,-10.0,-0.09992120625001917,0.2926,0.19267879374998087,780.0,-10.0,-0.09881943519999367,0.2464,0.14758056480000634
48.140434003,770.0,0.55,780.0,-10.0,-0.1,0.2926,0.19260000000000002,780.0,-10.0,-0.09951067069998772,0.2464,0.1468893293000123
48.154802672,770.0,0.55,760.0,10.0,0.0907192208999868,0.2926,0.3833192208999868,760.0,10.0,0.09120856480000385,0.2464,0.33760856480000384
48.171052881,770.0,0.55,780.0,-10.0,-0.09997055625001394,0.2926,0.19262944374998608,760.0,10.0,0.09189832735002255,0.2464,0.3382983273500226
48.187024258,770.0,0.55,760.0,10.0,0.09094399384997814,0.2926,0.38354399384997817,760.0,10.0,0.09281284825000512,0.2464,0.33921284825000514
48.200243176,770.0,0.55,780.0,-10.0,-0.0997195624500364,0.2926,0.19288043754996365,780.0,-10.0,-0.0978507372499962,0.2464,0.1485492627500038
48.213944511,770.0,0.55,780.0,-10.0,-0.1,0.2926,0.19260000000000002,800.0,-30.0,-0.28991035619998456,0.2464,-0.04351035619998456
48.22598072,770.0,0.55,780.0,-10.0,-0.1,0.2926,0.19260000000000002,780.0,-10.0,-0.1,0.2464,0.1464
48.239313097,770.0,0.55,780.0,-10.0,-0.1,0.2926,0.19260000000000002,760.0,10.0,0.0906602312999803,0.2464,0.3370602312999803
48.254132681,770.0,0.55,780.0,-10.0,-0.1,0.2926,0.19260000000000002,760.0,10.0,0.09139286889998402,0.2464,0.33779286889998406
48.269787308,770.0,0.55,760.0,10.0,0.0907428459000039,0.2926,0.3833428459000039,780.0,-10.0,-0.09934994780003308,0.2464,0.14705005219996692
48.282894226,770.0,0.55,780.0,-10.0,-0.09992017084998679,0.2926,0.19267982915001325,780.0,-10.0,-0.1,0.2464,0.1464
48.296910561,770.0,0.55,760.0,10.0,0.0907688188000202,0.2926,0.3833688188000202,760.0,10.0,0.09068896049999695,0.2464,0.3370889604999969
48.316300271,770.0,0.55,780.0,-10.0,-0.1,0.2926,0.19260000000000002,760.0,10.0,0.09165876685000512,0.2464,0.33805876685000513
48.329053981,770.0,0.55,780.0,-10.0,-0.1,0.2926,0.19260000000000002,760.0,10.0,0.09235764400001699,0.2464,0.338757644000017
48.342368857,770.0,0.55,760.0,10.0,0.09061893130000499,0.2926,0.383218931300005,780.0,-10.0,-0.09826130189997002,0.2464,0.14813869810003
48.355789317,770.0,0.55,780.0,-10.0,-0.1,0.2926,0.19260000000000002,780.0,-10.0,-0.09892233529997156,0.2464,0.14747766470002843
48.36720836,770.0,0.55,780.0,-10.0,-0.1,0.2926,0.19260000000000002,760.0,10.0,0.09171304600003169,0.2464,0.33811304600003167
48.381230528,770.0,0.55,760.0,10.0,0.09059389169998668,0.2926,0.3831938916999867,760.0,10.0,0.09230696690002788,0.2464,0.3387069669000279
48.395548446,770.0,0.55,780.0,-10.0,-0.1,0.2926,0.19260000000000002,760.0,10.0,0.09306445445003192,0.2464,0.3394644544500319
48.436474825,770.0,0.55,780.0,-10.0,-0.1,0.2926,0.19260000000000002,780.0,-10.0,-0.09897958949995882,0.2464,0.14742041050004118
48.452079576,770.0,0.55,780.0,-10.0,-0.1,0.2926,0.19260000000000002,760.0,10.0,0.09175390850004078,0.2464,0.3381539085000408
48.465383953,770.0,0.55,760.0,10.0,0.09070227505000275,0.2926,0.3833022750500028,760.0,10.0,0.09245609610005887,0.2464,0.33885609610005885
48.481196079,770.0,0.55,780.0,-10.0,-0.1,0.2926,0.19260000000000002,780.0,-10.0,-0.09833125814993764,0.2464,0.14806874185006236
48.501882248,770.0,0.55,760.0,10.0,0.09093286675000854,0.2926,0.3835328667500086,780.0,-10.0,-0.09926413944992873,0.2464,0.14713586055007127
48.521316583,770.0,0.55,780.0,-10.0,-0.1,0.2926,0.19260000000000002,760.0,10.0,0.09174445860006927,0.2464,0.33814445860006925
48.53525271,770.0,0.55,780.0,-10.0,-0.1,0.2926,0.19260000000000002,760.0,10.0,0.09257604410007844,0.2464,0.3389760441000784
48.550518545,770.0,0.55,780.0,-10.0,-0.1,0.2926,0.19260000000000002,780.0,-10.0,-0.09819181219991151,0.2464,0.1482081878000885
48.564306504,770.0,0.55,780.0,-10.0,-0.1,0.2926,0.19260000000000002,780.0,-10.0,-0.09880518729992219,0.2464,0.14759481270007782
48.579997298,770.0,0.55,760.0,10.0,0.09076908130001812,0.2926,0.3833690813000181,780.0,-10.0,-0.09957426859991755,0.2464,0.14682573140008245
48.594812799,770.0,0.55,780.0,-10.0,-0.09993081669997536,0.2926,0.19266918330002467,780.0,-10.0,-0.1,0.2464,0.1464
48.610309051,770.0,0.55,780.0,-10.0,-0.1,0.2926,0.19260000000000002,760.0,10.0,0.09084866260001491,0.2464,0.3372486626000149
48.625999844,770.0,0.55,760.0,10.0,0.09077112300000409,0.2926,0.3833711230000041,760.0,10.0,0.09161978554999678,0.2464,0.3380197855499968
48.641672262,770.0,0.55,780.0,-10.0,-0.1,0.2926,0.19260000000000002,780.0,-10.0,-0.09916071455002111,0.2464,0.14723928544997889
48.65872893,770.0,0.55,760.0,10.0,0.09084742300000472,0.2926,0.38344742300000473,780.0,-10.0,-0.1,0.2464,0.1464
48.678359266,770.0,0.55,780.0,-10.0,-0.1,0.2926,0.19260000000000002,780.0,-10.0,-0.1,0.2464,0.1464
48.6911051,770.0,0.55,780.0,-10.0,-0.1,0.2926,0.19260000000000002,780.0,-10.0,-0.1,0.2464,0.1464
48.704501643,770.0,0.55,780.0,-10.0,-0.1,0.2926,0.19260000000000002,780.0,-10.0,-0.1,0.2464,0.1464
48.717091728,770.0,0.55,780.0,-10.0,-0.1,0.2926,0.19260000000000002,780.0,-10.0,-0.1,0.2464,0.1464
48.737889605,770.0,0.55,780.0,-10.0,-0.1,0.2926,0.19260000000000002,760.0,10.0,0.0907910146499853,0.2464,0.3371910146499853
48.751564981,770.0,0.55,780.0,-10.0,-0.1,0.2926,0.19260000000000002,780.0,-10.0,-0.1,0.2464,0.1464
48.7676329,770.0,0.55,780.0,-10.0,-0.1,0.2926,0.19260000000000002,760.0,10.0,0.09079827720001049,0.2464,0.3371982772000105
48.78516236,770.0,0.55,760.0,10.0,0.09081857715001661,0.2926,0.38341857715001665,780.0,-10.0,-0.1,0.2464,0.1464
48.80087707,770.0,0.55,780.0,-10.0,-0.1,0.2926,0.19260000000000002,780.0,-10.0,-0.1,0.2464,0.1464
48.818465447,770.0,0.55,760.0,10.0,0.0908791417500106,0.2926,0.38347914175001063,780.0,-10.0,-0.1,0.2464,0.1464
48.829603323,770.0,0.55,780.0,-10.0,-0.09967848124997544,0.2926,0.19292151875002458,780.0,-10.0,-0.1,0.2464,0.1464
48.843017949,770.0,0.55,780.0,-10.0,-0.1,0.2926,0.19260000000000002,760.0,10.0,0.09055670420001662,0.2464,0.3369567042000166
48.8578632,770.0,0.55,780.0,-10.0,-0.1,0.2926,0.19260000000000002,780.0,-10.0,-0.1,0.2464,0.1464
48.868931952,770.0,0.55,780.0,-10.0,-0.1,0.2926,0.19260000000000002,780.0,-10.0,-0.1,0.2464,0.1464
48.885241662,770.0,0.55,760.0,10.0,0.09055753545000243,0.2926,0.3831575354500025,760.0,10.0,0.09055782709998766,0.2464,0.3369578270999877
48.899971996,770.0,0.55,780.0,-10.0,-0.1,0.2926,0.19260000000000002,780.0,-10.0,-0.1,0.2464,0.1464
48.941043626,770.0,0.55,780.0,-10.0,-0.1,0.2926,0.19260000000000002,760.0,10.0,0.09205520019999312,0.2464,0.33845520019999314
48.955442627,770.0,0.55,760.0,10.0,0.09062421050001832,0.2926,0.3832242105000183,760.0,10.0,0.09267941070001143,0.2464,0.33907941070001146
48.96880592,770.0,0.55,780.0,-10.0,-0.1,0.2926,0.19260000000000002,780.0,-10.0,-0.09807327894998252,0.2464,0.14832672105001748
48.980995546,770.0,0.55,760.0,10.0,0.09061777925000115,0.2926,0.38321777925000117,760.0,10.0,0.09254451485002392,0.2464,0.3389445148500239
48.994325881,770.0,0.55,760.0,10.0,0.09126177929998903,0.2926,0.38386177929998905,780.0,-10.0,-0.09809947064995868,0.2464,0.14830052935004134
49.009721507,770.0,0.55,780.0,-10.0,-0.0994165499500241,0.2926,0.19318345004997595,760.0,10.0,0.09257882940004493,0.2464,0.3389788294000449
49.026819884,770.0,0.55,760.0,10.0,0.09153938759997346,0.2926,0.38413938759997346,780.0,-10.0,-0.09837713734996215,0.2464,0.14802286265003786
49.039837552,770.0,0.55,780.0,-10.0,-0.09910678540002209,0.2926,0.19349321459997793,760.0,10.0,0.0922690356500334,0.2464,0.3386690356500334
49.05291297,770.0,0.55,760.0,10.0,0.09157221464996837,0.2926,0.3841722146499684,760.0,10.0,0.09294805030002863,0.2464,0.3393480503000286
49.065833805,770.0,0.55,760.0,10.0,0.09220551054997031,0.2926,0.38480551054997036,780.0,-10.0,-0.09768523099996855,0.2464,0.14871476900003144
49.078915056,770.0,0.55,780.0,-10.0,-0.09844352080003774,0.2926,0.1941564791999623,760.0,10.0,0.09296378575003474,0.2464,0.33936378575003473
49.092050266,770.0,0.55,760.0,10.0,0.09222656884996014,0.2926,0.38482656884996014,780.0,-10.0,-0.09770631849996789,0.2464,0.14869368150003212
49.105402767,770.0,0.55,780.0,-10.0,-0.09843143120003787,0.2926,0.19416856879996214,780.0,-10.0,-0.09836430394996114,0.2464,0.14803569605003886
49.117855477,770.0,0.55,780.0,-10.0,-0.09905453335004495,0.2926,0.1935454666499551,760.0,10.0,0.09225875445005385,0.2464,0.3386587544500539
49.131473395,770.0,0.55,780.0,-10.0,-0.09974505425004736,0.2926,0.19285494574995266,780.0,-10.0,-0.09843182479994539,0.2464,0.14796817520005462
49.144326563,770.0,0.55,800.0,-30.0,-0.29,0.2926,0.0026000000000000467,780.0,-10.0,-0.09906408529993768,0.2464,0.14733591470006233
49.157415981,770.0,0.55,780.0,-10.0,-0.1,0.2926,0.19260000000000002,780.0,-10.0,-0.099719110349929,0.2464,0.146680889650071
49.16885194,770.0,0.55,780.0,-10.0,-0.1,0.2926,0.19260000000000002,780.0,-10.0,-0.1,0.2464,0.1464
49.180967483,770.0,0.55,780.0,-10.0,-0.1,0.2926,0.19260000000000002,760.0,10.0,0.09061662709999838,0.2464,0.33701662709999836
49.195407609,770.0,0.55,760.0,10.0,0.09057453965000604,0.2926,0.3831745396500061,760.0,10.0,0.09119115219999913,0.2464,0.33759115219999913
49.210599944,770.0,0.55,780.0,-10.0,-0.1,0.2926,0.19260000000000002,780.0,-10.0,-0.09964091454999106,0.2464,0.14675908545000893
49.223858529,770.0,0.55,760.0,10.0,0.09067302089998976,0.2926,0.38327302089998977,780.0,-10.0,-0.1,0.2464,0.1464
49.237043614,770.0,0.55,780.0,-10.0,-0.1,0.2926,0.19260000000000002,780.0,-10.0,-0.1,0.2464,0.1464
49.251410823,770.0,0.55,780.0,-10.0,-0.1,0.2926,0.19260000000000002,760.0,10.0,0.09056910010000593,0.2464,0.3369691001000059
49.266325492,770.0,0.55,760.0,10.0,0.09079534594999586,0.2926,0.3833953459499959,760.0,10.0,0.09136443140002029,0.2464,0.3377644314000203
49.283558035,770.0,0.55,780.0,-10.0,-0.09995744575001027,0.2926,0.19264255424998977,780.0,-10.0,-0.09938834574998054,0.2464,0.14701165425001947
49.297466745,770.0,0.55,780.0,-10.0,-0.1,0.2926,0.19260000000000002,780.0,-10.0,-0.1,0.2464,0.1464
49.309333788,770.0,0.55,780.0,-10.0,-0.1,0.2926,0.19260000000000002,760.0,10.0,0.09066306050000549,0.2464,0.3370630605000055
49.329105289,770.0,0.55,780.0,-10.0,-0.1,0.2926,0.19260000000000002,760.0,10.0,0.09164430014999653,0.2464,0.33804430014999653
49.341689832,770.0,0.55,780.0,-10.0,-0.1,0.2926,0.19260000000000002,760.0,10.0,0.09225408769999831,0.2464,0.33865408769999833
49.357583917,770.0,0.55,780.0,-10.0,-0.1,0.2926,0.19260000000000002,800.0,-30.0,-0.29,0.2464,-0.04359999999999997
49.370430377,770.0,0.55,780.0,-10.0,-0.1,0.2926,0.19260000000000002,780.0,-10.0,-0.1,0.2464,0.1464
49.383024545,770.0,0.55,780.0,-10.0,-0.1,0.2926,0.19260000000000002,760.0,10.0,0.09063087505000113,0.2464,0.3370308750500011
49.398398005,770.0,0.55,760.0,10.0,0.09064115630000288,0.2926,0.3832411563000029,760.0,10.0,0.09127204595000876,0.2464,0.33767204595000877
49.411236298,770.0,0.55,780.0,-10.0,-0.1,0.2926,0.19260000000000002,760.0,10.0,0.09198859810000158,0.2464,0.3383885981000016
49.451011177,770.0,0.55,780.0,-10.0,-0.1,0.2926,0.19260000000000002,780.0,-10.0,-0.09998390000000654,0.2464,0.14641609999999347
49.467323512,770.0,0.55,760.0,10.0,0.09071732509998129,0.2926,0.3833173250999813,760.0,10.0,0.09073339589998795,0.2464,0.337133395899988
49.480341763,770.0,0.55,780.0,-10.0,-0.1,0.2926,0.19260000000000002,780.0,-10.0,-0.1,0.2464,0.1464
49.492607514,770.0,0.55,760.0,10.0,0.09070742299999437,0.2926,0.38330742299999443,780.0,-10.0,-0.1,0.2464,0.1464
49.505802807,770.0,0.55,780.0,-10.0,-0.09994728125000166,0.2926,0.19265271874999837,780.0,-10.0,-0.1,0.2464,0.1464
49.525242684,770.0,0.55,760.0,10.0,0.09081396880000284,0.2926,0.3834139688000029,760.0,10.0,0.0907612354999992,0.2464,0.3371612354999992
49.541923978,770.0,0.55,780.0,-10.0,-0.1,0.2926,0.19260000000000002,760.0,10.0,0.09165566059999947,0.2464,0.3380556605999995
49.561950688,770.0,0.55,760.0,10.0,0.09105211470001905,0.2926,0.3836521147000191,760.0,10.0,0.09270787740000742,0.2464,0.3391078774000074
49.577022564,770.0,0.55,780.0,-10.0,-0.09968486869997832,0.2926,0.1929151313000217,780.0,-10.0,-0.09802910599998996,0.2464,0.14837089400001005
49.591701858,770.0,0.55,760.0,10.0,0.0910697460000074,0.2926,0.3836697460000074,780.0,-10.0,-0.09878370604999417,0.2464,0.14761629395000583
49.606872901,770.0,0.55,780.0,-10.0,-0.09968044990000635,0.2926,0.19291955009999368,760.0,10.0,0.09196646070000952,0.2464,0.33836646070000953
49.621655152,770.0,0.55,780.0,-10.0,-0.1,0.2926,0.19260000000000002,780.0,-10.0,-0.09878395394998733,0.2464,0.14761604605001266
49.63548132,770.0,0.55,760.0,10.0,0.09064232294998874,0.2926,0.3832423229499888,780.0,-10.0,-0.09942626234997079,0.2464,0.14697373765002922
49.650868488,770.0,0.55,780.0,-10.0,-0.1,0.2926,0.19260000000000002,780.0,-10.0,-0.1,0.2464,0.1464
49.66262499,770.0,0.55,780.0,-10.0,-0.1,0.2926,0.19260000000000002,760.0,10.0,0.09066055214999778,0.2464,0.3370605521499978
49.675809783,770.0,0.55,760.0,10.0,0.09059761049999451,0.2926,0.38319761049999457,760.0,10.0,0.09125817724999706,0.2464,0.3376581772499971
49.688780492,770.0,0.55,780.0,-10.0,-0.1,0.2926,0.19260000000000002,780.0,-10.0,-0.09937998944999435,0.2464,0.14702001055000566
49.701751202,770.0,0.55,780.0,-10.0,-0.1,0.2926,0.19260000000000002,780.0,-10.0,-0.1,0.2464,0.1464
49.712353578,770.0,0.55,760.0,10.0,0.09057190005002212,0.2926,0.38317190005002216,780.0,-10.0,-0.1,0.2464,0.1464
49.726114121,770.0,0.55,780.0,-10.0,-0.1,0.2926,0.19260000000000002,760.0,10.0,0.09058557925001423,0.2464,0.33698557925001427
49.737884914,770.0,0.55,780.0,-10.0,-0.1,0.2926,0.19260000000000002,760.0,10.0,0.09121496680001201,0.2464,0.337614966800012
49.75275904,770.0,0.55,780.0,-10.0,-0.1,0.2926,0.19260000000000002,760.0,10.0,0.09188699605000693,0.2464,0.33828699605000695
49.766771292,770.0,0.55,780.0,-10.0,-0.1,0.2926,0.19260000000000002,780.0,-10.0,-0.09885385190000306,0.2464,0.14754614809999694
49.782829877,770.0,0.55,780.0,-10.0,-0.1,0.2926,0.19260000000000002,780.0,-10.0,-0.0996634019999874,0.2464,0.1467365980000126
49.798383587,770.0,0.55,760.0,10.0,0.09075212089998332,0.2926,0.38335212089998333,760.0,10.0,0.09108874810002818,0.2464,0.33748874810002816
49.812864255,770.0,0.55,780.0,-10.0,-0.09997840210003232,0.2926,0.1926215978999677,760.0,10.0,0.09181928565002637,0.2464,0.33821928565002635
49.832623507,770.0,0.55,760.0,10.0,0.09099954174995674,0.2926,0.38359954174995675,780.0,-10.0,-0.09915862904997538,0.2464,0.14724137095002462
49.8477648,770.0,0.55,760.0,10.0,0.09170487929995033,0.2926,0.3843048792999504,780.0,-10.0,-0.09986398119997375,0.2464,0.14653601880002626
49.861263718,770.0,0.55,780.0,-10.0,-0.09902421455005879,0.2926,0.19357578544994125,780.0,-10.0,-0.1,0.2464,0.1464
49.876829095,770.0,0.55,760.0,10.0,0.09174935844993343,0.2926,0.38434935844993345,760.0,10.0,0.0907735584000102,0.2464,0.3371735584000102
49.891258138,770.0,0.55,780.0,-10.0,-0.09893261660006374,0.2926,0.19366738339993628,760.0,10.0,0.09145551890000206,0.2464,0.3378555189000021
49.908547264,770.0,0.55,780.0,-10.0,-0.09975606460006929,0.2926,0.19284393539993072,780.0,-10.0,-0.0993679291000035,0.2464,0.1470320708999965
49.922943641,770.0,0.55,780.0,-10.0,-0.1,0.2926,0.19260000000000002,780.0,-10.0,-0.1,0.2464,0.1464
49.967103145,770.0,0.55,760.0,10.0,0.0921457627000018,0.2926,0.3847457627000018,760.0,10.0,0.0921457627000018,0.2464,0.3385457627000018
49.98419598,770.0,0.55,780.0,-10.0,-0.09860641655000109,0.2926,0.19399358344999895,780.0,-10.0,-0.09860641655000109,0.2464,0.14779358344999893
49.997899357,770.0,0.55,760.0,10.0,0.09224188144998152,0.2926,0.38484188144998155,760.0,10.0,0.0922418668499995,0.2464,0.33864186684999953
50.012854567,770.0,0.55,780.0,-10.0,-0.09851737075002802,0.2926,0.194082629249972,780.0,-10.0,-0.0985173998999926,0.2464,0.14788260010000742
50.027043568,770.0,0.55,780.0,-10.0,-0.09921935415002281,0.2926,0.19338064584997722,780.0,-10.0,-0.09921936875000484,0.2464,0.14718063124999517
50.044856528,770.0,0.55,760.0,10.0,0.09152712299998257,0.2926,0.3841271229999826,760.0,10.0,0.0915271229499831,0.2464,0.3379271229499831
50.058448779,770.0,0.55,780.0,-10.0,-0.0992839000000231,0.2926,0.19331609999997693,780.0,-10.0,-0.09928388550001728,0.2464,0.14711611449998274
50.072366531,770.0,0.55,780.0,-10.0,-0.0999901563000094,0.2926,0.19260984369999062,780.0,-10.0,-0.09999014180002633,0.2464,0.14640985819997368
50.087371616,770.0,0.55,780.0,-10.0,-0.1,0.2926,0.19260000000000002,780.0,-10.0,-0.1,0.2464,0.1464
50.100921867,770.0,0.55,780.0,-10.0,-0.1,0.2926,0.19260000000000002,760.0,10.0,0.09075042925000162,0.2464,0.3371504292500016
50.113672077,770.0,0.55,780.0,-10.0,-0.1,0.2926,0.19260000000000002,760.0,10.0,0.0913990960000001,0.2464,0.33779909600000013
50.133626745,770.0,0.55,760.0,10.0,0.09093687720000163,0.2926,0.3835368772000016,780.0,-10.0,-0.09953781035001157,0.2464,0.14686218964998843
50.146878038,770.0,0.55,780.0,-10.0,-0.09973102494998329,0.2926,0.19286897505001674,780.0,-10.0,-0.1,0.2464,0.1464
50.157892831,770.0,0.55,760.0,10.0,0.09092785010001535,0.2926,0.3835278501000154,780.0,-10.0,-0.1,0.2464,0.1464
50.171646957,770.0,0.55,780.0,-10.0,-0.09964744784999766,0.2926,0.19295255215000237,760.0,10.0,0.09057529795001301,0.2464,0.336975297950013
50.185885834,770.0,0.55,780.0,-10.0,-0.1,0.2926,0.19260000000000002,760.0,10.0,0.09125495429999773,0.2464,0.33765495429999776
50.198250168,770.0,0.55,760.0,10.0,0.09065390214999752,0.2926,0.38325390214999755,780.0,-10.0,-0.09939893325001777,0.2464,0.14700106674998226
50.211738587,770.0,0.55,780.0,-10.0,-0.1,0.2926,0.19260000000000002,780.0,-10.0,-0.1,0.2464,0.1464
50.223223838,770.0,0.55,780.0,-10.0,-0.1,0.2926,0.19260000000000002,780.0,-10.0,-0.1,0.2464,0.1464
50.234810589,770.0,0.55,780.0,-10.0,-0.1,0.2926,0.19260000000000002,760.0,10.0,0.09048072505001073,0.2464,0.33688072505001077
50.246763382,770.0,0.55,780.0,-10.0,-0.1,0.2926,0.19260000000000002,760.0,10.0,0.09107471885000905,0.2464,0.33747471885000907
50.262382717,770.0,0.55,780.0,-10.0,-0.1,0.2926,0.19260000000000002,760.0,10.0,0.09175908559999699,0.2464,0.33815908559999697
50.276940968,770.0,0.55,760.0,10.0,0.09070539590001317,0.2926,0.3833053959000132,780.0,-10.0,-0.09894632485002149,0.2464,0.14745367514997854
50.291575636,770.0,0.55,780.0,-10.0,-0.1,0.2926,0.19260000000000002,780.0,-10.0,-0.0997006478500225,0.2464,0.1466993521499775
50.304327012,770.0,0.55,780.0,-10.0,-0.1,0.2926,0.19260000000000002,780.0,-10.0,-0.1,0.2464,0.1464
50.316719055,770.0,0.55,780.0,-10.0,-0.1,0.2926,0.19260000000000002,760.0,10.0,0.09061770629999956,0.2464,0.33701770629999955
50.334949974,770.0,0.55,780.0,-10.0,-0.1,0.2926,0.19260000000000002,780.0,-10.0,-0.1,0.2464,0.1464
50.34766985,770.0,0.55,760.0,10.0,0.09066377504999765,0.2926,0.38326377504999765,780.0,-10.0,-0.1,0.2464,0.1464
50.360021643,770.0,0.55,780.0,-10.0,-0.09990418750001026,0.2926,0.19269581249998977,780.0,-10.0,-0.1,0.2464,0.1464
50.373104644,770.0,0.55,780.0,-10.0,-0.1,0.2926,0.19260000000000002,780.0,-10.0,-0.1,0.2464,0.1464
50.386214479,770.0,0.55,760.0,10.0,0.09055186254999172,0.2926,0.38315186254999173,760.0,10.0,0.09055189170000176,0.2464,0.3369518917000018
50.399635814,770.0,0.55,780.0,-10.0,-0.1,0.2926,0.19260000000000002,760.0,10.0,0.09125187720000213,0.2464,0.3376518772000021
50.414054649,770.0,0.55,760.0,10.0,0.09066718755001603,0.2926,0.38326718755001604,780.0,-10.0,-0.09941529575000914,0.2464,0.14698470424999088
50.427853692,770.0,0.55,780.0,-10.0,-0.1,0.2926,0.19260000000000002,760.0,10.0,0.09130644809999013,0.2464,0.3377064480999901
50.467070029,770.0,0.55,780.0,-10.0,-0.1,0.2926,0.19260000000000002,760.0,10.0,0.09328861494997455,0.2464,0.33968861494997454
50.48010403,770.0,0.55,760.0,10.0,0.09063361675001944,0.2926,0.38323361675001943,780.0,-10.0,-0.09734500180004488,0.2464,0.14905499819995513
50.497505157,770.0,0.55,760.0,10.0,0.09141400015002091,0.2926,0.38401400015002096,780.0,-10.0,-0.09812538520004636,0.2464,0.14827461479995363
50.511001158,770.0,0.55,780.0,-10.0,-0.09935277699996732,0.2926,0.19324722300003272,760.0,10.0,0.09264140654994663,0.2464,0.33904140654994663
50.529194743,770.0,0.55,760.0,10.0,0.09136791685004028,0.2926,0.3839679168500403,780.0,-10.0,-0.09807925810005144,0.2464,0.14832074189994857
50.543917203,770.0,0.55,780.0,-10.0,-0.09953490819996205,0.2926,0.19306509180003797,780.0,-10.0,-0.09898211235004055,0.2464,0.14741788764995944
50.561317455,770.0,0.55,760.0,10.0,0.09135051900003874,0.2926,0.38395051900003874,780.0,-10.0,-0.09986752495005931,0.2464,0.1465324750499407
50.575987706,770.0,0.55,780.0,-10.0,-0.09938442274994941,0.2926,0.19321557725005062,760.0,10.0,0.09086741679992884,0.2464,0.33726741679992883
50.589830791,770.0,0.55,760.0,10.0,0.0913221544000544,0.2926,0.3839221544000544,760.0,10.0,0.09157402309991994,0.2464,0.33797402309992
50.601733709,770.0,0.55,760.0,10.0,0.09191762110005129,0.2926,0.38451762110005133,780.0,-10.0,-0.09902144365009917,0.2464,0.14737855634990082
50.614354419,770.0,0.55,780.0,-10.0,-0.09871888314994522,0.2926,0.19388111685005482,780.0,-10.0,-0.09965793330009091,0.2464,0.14674206669990908
50.626273378,770.0,0.55,780.0,-10.0,-0.09931617279994498,0.2926,0.19328382720005505,780.0,-10.0,-0.1,0.2464,0.1464
50.637510421,770.0,0.55,780.0,-10.0,-0.09997335619996192,0.2926,0.1926266438000381,780.0,-10.0,-0.1,0.2464,0.1464
50.647154964,770.0,0.55,780.0,-10.0,-0.1,0.2926,0.19260000000000002,780.0,-10.0,-0.1,0.2464,0.1464
50.658745506,770.0,0.55,780.0,-10.0,-0.1,0.2926,0.19260000000000002,760.0,10.0,0.09051804385000196,0.2464,0.33691804385000196
50.669003132,770.0,0.55,780.0,-10.0,-0.1,0.2926,0.19260000000000002,760.0,10.0,0.09105911470000137,0.2464,0.3374591147000014
50.681067925,770.0,0.55,780.0,-10.0,-0.1,0.2926,0.19260000000000002,780.0,-10.0,-0.099544095799979,0.2464,0.146855904200021
50.692349885,770.0,0.55,780.0,-10.0,-0.1,0.2926,0.19260000000000002,780.0,-10.0,-0.1,0.2464,0.1464
50.703428553,770.0,0.55,780.0,-10.0,-0.1,0.2926,0.19260000000000002,780.0,-10.0,-0.1,0.2464,0.1464
50.713608012,770.0,0.55,780.0,-10.0,-0.1,0.2926,0.19260000000000002,780.0,-10.0,-0.1,0.2464,0.1464
50.72681993,770.0,0.55,760.0,10.0,0.09059629795000547,0.2926,0.3831962979500055,780.0,-10.0,-0.1,0.2464,0.1464
50.74045739,770.0,0.55,780.0,-10.0,-0.09999664590000065,0.2926,0.19260335409999937,760.0,10.0,0.09059292925000137,0.2464,0.33699292925000135
50.753562266,770.0,0.55,780.0,-10.0,-0.1,0.2926,0.19260000000000002,780.0,-10.0,-0.1,0.2464,0.1464
50.770699434,770.0,0.55,760.0,10.0,0.09075410424999518,0.2926,0.3833541042499952,760.0,10.0,0.09075410424999518,0.2464,0.3371541042499952
50.786133561,770.0,0.55,780.0,-10.0,-0.1,0.2926,0.19260000000000002,760.0,10.0,0.09161291684999015,0.2464,0.33801291684999013
50.799437646,770.0,0.55,760.0,10.0,0.09065260420001323,0.2926,0.3832526042000133,780.0,-10.0,-0.0990396728000178,0.2464,0.1473603271999822
50.813448147,770.0,0.55,760.0,10.0,0.09137988970000152,0.2926,0.3839798897000015,760.0,10.0,0.09168759809998847,0.2464,0.33808759809998845
50.82663469,770.0,0.55,780.0,-10.0,-0.09928159580001647,0.2926,0.19331840419998356,780.0,-10.0,-0.0989739165499941,0.2464,0.1474260834500059
50.846136692,770.0,0.55,780.0,-10.0,-0.1,0.2926,0.19260000000000002,760.0,10.0,0.09198592935000761,0.2464,0.3383859293500076
50.857876568,770.0,0.55,780.0,-10.0,-0.1,0.2926,0.19260000000000002,780.0,-10.0,-0.09867993114999081,0.2464,0.1477200688500092
50.869549944,770.0,0.55,780.0,-10.0,-0.1,0.2926,0.19260000000000002,780.0,-10.0,-0.09926397910001014,0.2464,0.14713602089998987
50.881247237,770.0,0.55,780.0,-10.0,-0.1,0.2926,0.19260000000000002,760.0,10.0,0.09132265014997301,0.2464,0.33772265014997305
50.894553947,770.0,0.55,760.0,10.0,0.09060243754999192,0.2926,0.38320243754999195,780.0,-10.0,-0.09927977280003689,0.2464,0.14712022719996312
50.907233573,770.0,0.55,780.0,-10.0,-0.1,0.2926,0.19260000000000002,760.0,10.0,0.09135102934996212,0.2464,0.33775102934996215
50.919661491,770.0,0.55,780.0,-10.0,-0.1,0.2926,0.19260000000000002,760.0,10.0,0.09203802109995195,0.2464,0.33843802109995197
50.933056284,770.0,0.55,760.0,10.0,0.09056218755000828,0.2926,0.3831621875500083,780.0,-10.0,-0.09852418105006108,0.2464,0.14787581894993893
50.973669996,770.0,0.55,760.0,10.0,0.09258741899999677,0.2926,0.3851874189999968,780.0,-10.0,-0.1,0.2464,0.1464
50.986601914,770.0,0.55,780.0,-10.0,-0.09810921230000531,0.2926,0.19449078769999473,760.0,10.0,0.09069663130000208,0.2464,0.3370966313000021
51.001605541,770.0,0.55,780.0,-10.0,-0.09875201655002001,0.2926,0.19384798344998,780.0,-10.0,-0.09994617295001262,0.2464,0.14645382704998738
51.015990251,770.0,0.55,780.0,-10.0,-0.0995780312000079,0.2926,0.19302196879999212,760.0,10.0,0.09087979794998319,0.2464,0.3372797979499832
51.029564419,770.0,0.55,780.0,-10.0,-0.1,0.2926,0.19260000000000002,780.0,-10.0,-0.09979799170000661,0.2464,0.1466020082999934
51.043872712,770.0,0.55,780.0,-10.0,-0.1,0.2926,0.19260000000000002,780.0,-10.0,-0.1,0.2464,0.1464
51.061131797,770.0,0.55,780.0,-10.0,-0.1,0.2926,0.19260000000000002,760.0,10.0,0.09084980005001399,0.2464,0.337249800050014
51.074250965,770.0,0.55,780.0,-10.0,-0.1,0.2926,0.19260000000000002,780.0,-10.0,-0.09982168959998035,0.2464,0.14657831040001967
51.086514383,770.0,0.55,780.0,-10.0,-0.1,0.2926,0.19260000000000002,760.0,10.0,0.09078640630001701,0.2464,0.337186406300017
51.100017676,770.0,0.55,780.0,-10.0,-0.1,0.2926,0.19260000000000002,780.0,-10.0,-0.09989472294998905,0.2464,0.14650527705001096
51.113722802,770.0,0.55,760.0,10.0,0.09062849794999238,0.2926,0.3832284979499924,780.0,-10.0,-0.1,0.2464,0.1464
51.127835095,770.0,0.55,780.0,-10.0,-0.1,0.2926,0.19260000000000002,760.0,10.0,0.09069120635000673,0.2464,0.3370912063500067
51.14023968,770.0,0.55,780.0,-10.0,-0.1,0.2926,0.19260000000000002,780.0,-10.0,-0.1,0.2464,0.1464
51.152627931,770.0,0.55,760.0,10.0,0.09066494174998298,0.2926,0.383264941749983,780.0,-10.0,-0.1,0.2464,0.1464
51.164005557,770.0,0.55,780.0,-10.0,-0.09990067285002624,0.2926,0.1926993271499738,780.0,-10.0,-0.1,0.2464,0.1464
51.177053267,770.0,0.55,780.0,-10.0,-0.1,0.2926,0.19260000000000002,780.0,-10.0,-0.1,0.2464,0.1464
51.189199143,770.0,0.55,780.0,-10.0,-0.1,0.2926,0.19260000000000002,760.0,10.0,0.090562800050011,0.2464,0.336962800050011
51.203860061,770.0,0.55,780.0,-10.0,-0.1,0.2926,0.19260000000000002,760.0,10.0,0.09126873555000202,0.2464,0.33766873555000204
51.216595104,770.0,0.55,780.0,-10.0,-0.1,0.2926,0.19260000000000002,760.0,10.0,0.0919238189500129,0.2464,0.3383238189500129
51.231377647,770.0,0.55,760.0,10.0,0.09067940840001484,0.2926,0.38327940840001484,760.0,10.0,0.09260324195000977,0.2464,0.33900324195000975
51.244752607,770.0,0.55,760.0,10.0,0.09136142720000408,0.2926,0.3839614272000041,780.0,-10.0,-0.09807877684997948,0.2464,0.14832122315002053
51.26131315,770.0,0.55,780.0,-10.0,-0.09944018955000047,0.2926,0.19315981044999955,760.0,10.0,0.09272283990002507,0.2464,0.33912283990002506
51.276963694,770.0,0.55,760.0,10.0,0.09127052924999589,0.2926,0.38387052924999593,780.0,-10.0,-0.09798787894997077,0.2464,0.14841212105002924
51.291722612,770.0,0.55,780.0,-10.0,-0.09954931669999496,0.2926,0.19305068330000508,760.0,10.0,0.09283195235003859,0.2464,0.3392319523500386
51.307533572,770.0,0.55,760.0,10.0,0.09124443960000918,0.2926,0.3838444396000092,780.0,-10.0,-0.09796180399996501,0.2464,0.148438196000035
51.325051365,770.0,0.55,780.0,-10.0,-0.0995490979999886,0.2926,0.19305090200001143,760.0,10.0,0.09283170440002322,0.2464,0.33923170440002326
51.339348575,770.0,0.55,780.0,-10.0,-0.1,0.2926,0.19260000000000002,780.0,-10.0,-0.09796721444997729,0.2464,0.1484327855500227
51.359717119,770.0,0.55,780.0,-10.0,-0.1,0.2926,0.19260000000000002,760.0,10.0,0.09311128150003697,0.2464,0.33951128150003695
51.373601912,770.0,0.55,780.0,-10.0,-0.1,0.2926,0.19260000000000002,780.0,-10.0,-0.09759256854995328,0.2464,0.1488074314500467
51.38673158,770.0,0.55,780.0,-10.0,-0.1,0.2926,0.19260000000000002,760.0,10.0,0.09305927735005298,0.2464,0.339459277350053
51.400512539,770.0,0.55,760.0,10.0,0.09063246465001612,0.2926,0.38323246465001615,760.0,10.0,0.09369175660005112,0.2464,0.34009175660005114
51.414850582,770.0,0.55,780.0,-10.0,-0.1,0.2926,0.19260000000000002,780.0,-10.0,-0.09702851429995007,0.2464,0.14937148570004993
51.427380292,770.0,0.55,780.0,-10.0,-0.1,0.2926,0.19260000000000002,780.0,-10.0,-0.09771134974994311,0.2464,0.1486886502500569
51.443736085,770.0,0.55,760.0,10.0,0.09065279379998628,0.2926,0.38325279379998634,780.0,-10.0,-0.09836412899994684,0.2464,0.14803587100005317
51.489000423,770.0,0.55,780.0,-10.0,-0.1,0.2926,0.19260000000000002,760.0,10.0,0.09390302540004086,0.2464,0.34030302540004087
51.504528175,770.0,0.55,780.0,-10.0,-0.1,0.2926,0.19260000000000002,760.0,10.0,0.0947378630000594,0.2464,0.34113786300005944
51.520152468,770.0,0.55,800.0,-30.0,-0.29,0.2926,0.0026000000000000467,780.0,-10.0,-0.09603785374993094,0.2464,0.15036214625006905
51.536986595,770.0,0.55,780.0,-10.0,-0.1,0.2926,0.19260000000000002,780.0,-10.0,-0.09689070174993049,0.2464,0.14950929825006953
51.549461763,770.0,0.55,780.0,-10.0,-0.1,0.2926,0.19260000000000002,780.0,-10.0,-0.09760865389994251,0.2464,0.1487913461000575
51.569327181,770.0,0.55,780.0,-10.0,-0.1,0.2926,0.19260000000000002,760.0,10.0,0.09339097535004384,0.2464,0.3397909753500439
51.581796516,770.0,0.55,780.0,-10.0,-0.1,0.2926,0.19260000000000002,760.0,10.0,0.09401878790005412,0.2464,0.34041878790005414
51.594144517,770.0,0.55,780.0,-10.0,-0.1,0.2926,0.19260000000000002,780.0,-10.0,-0.09659743094994155,0.2464,0.14980256905005845
51.606573893,770.0,0.55,780.0,-10.0,-0.1,0.2926,0.19260000000000002,760.0,10.0,0.0940124003500523,0.2464,0.3404124003500523
51.62162652,770.0,0.55,760.0,10.0,0.09064516674999595,0.2926,0.383245166749996,780.0,-10.0,-0.09663278094994894,0.2464,0.14976721905005108
51.634465688,770.0,0.55,780.0,-10.0,-0.1,0.2926,0.19260000000000002,780.0,-10.0,-0.09733113309994224,0.2464,0.14906886690005777
51.647537314,770.0,0.55,760.0,10.0,0.09065019799999391,0.2926,0.38325019799999394,760.0,10.0,0.09331905030006965,0.2464,0.33971905030006966
51.659859649,770.0,0.55,760.0,10.0,0.09127507929998956,0.2926,0.3838750792999896,780.0,-10.0,-0.09730581644992072,0.2464,0.1490941835500793
51.672651858,770.0,0.55,780.0,-10.0,-0.09936569785002121,0.2926,0.19323430214997883,780.0,-10.0,-0.09794660814993676,0.2464,0.14845339185006323
51.687646443,770.0,0.55,780.0,-10.0,-0.09997758545000579,0.2926,0.19262241454999424,760.0,10.0,0.0926652940000531,0.2464,0.33906529400005314
51.700455861,770.0,0.55,780.0,-10.0,-0.1,0.2926,0.19260000000000002,780.0,-10.0,-0.09810606234993884,0.2464,0.14829393765006116
51.712537862,770.0,0.55,780.0,-10.0,-0.1,0.2926,0.19260000000000002,760.0,10.0,0.09255899605006107,0.2464,0.3389589960500611
51.727861739,770.0,0.55,760.0,10.0,0.09065909380000449,0.2926,0.3832590938000045,780.0,-10.0,-0.09810011234994817,0.2464,0.14829988765005184
51.74085024,770.0,0.55,780.0,-10.0,-0.1,0.2926,0.19260000000000002,760.0,10.0,0.09258941685005993,0.2464,0.33898941685005995
51.753105783,770.0,0.55,780.0,-10.0,-0.1,0.2926,0.19260000000000002,760.0,10.0,0.09327159610005765,0.2464,0.33967159610005765
51.767993618,770.0,0.55,760.0,10.0,0.0906728313000167,0.2926,0.3832728313000167,780.0,-10.0,-0.09740122064993102,0.2464,0.148998779350069
51.783715619,770.0,0.55,780.0,-10.0,-0.1,0.2926,0.19260000000000002,760.0,10.0,0.0932917356500775,0.2464,0.3396917356500775
51.798049871,770.0,0.55,780.0,-10.0,-0.1,0.2926,0.19260000000000002,780.0,-10.0,-0.0975486581999121,0.2464,0.1488513418000879
51.813122622,770.0,0.55,760.0,10.0,0.0906980021499885,0.2926,0.38329800214998855,780.0,-10.0,-0.09824667494992809,0.2464,0.14815332505007192
51.829539957,770.0,0.55,780.0,-10.0,-0.1,0.2926,0.19260000000000002,780.0,-10.0,-0.09910647919991789,0.2464,0.14729352080008212
51.842561709,770.0,0.55,780.0,-10.0,-0.1,0.2926,0.19260000000000002,760.0,10.0,0.09159827500008305,0.2464,0.33799827500008306
51.860031085,770.0,0.55,780.0,-10.0,-0.1,0.2926,0.19260000000000002,760.0,10.0,0.09247807305008791,0.2464,0.33887807305008794
51.872189212,770.0,0.55,780.0,-10.0,-0.1,0.2926,0.19260000000000002,780.0,-10.0,-0.09812319779991867,0.2464,0.14827680220008133
51.88460663,770.0,0.55,780.0,-10.0,-0.1,0.2926,0.19260000000000002,780.0,-10.0,-0.09875453954991827,0.2464,0.14764546045008176
51.897328839,770.0,0.55,780.0,-10.0,-0.1,0.2926,0.19260000000000002,780.0,-10.0,-0.09937583334990449,0.2464,0.14702416665009552
51.909308757,770.0,0.55,780.0,-10.0,-0.1,0.2926,0.19260000000000002,760.0,10.0,0.09123256880010558,0.2464,0.3376325688001056
51.92364155,770.0,0.55,780.0,-10.0,-0.1,0.2926,0.19260000000000002,760.0,10.0,0.09192807720009114,0.2464,0.33832807720009117
51.936013176,770.0,0.55,760.0,10.0,0.09056140005001453,0.2926,0.38316140005001453,780.0,-10.0,-0.0986333082999181,0.2464,0.14776669170008191
51.953577053,770.0,0.55,780.0,-10.0,-0.1,0.2926,0.19260000000000002,760.0,10.0,0.09220756675007578,0.2464,0.3386075667500758
51.993191224,770.0,0.55,780.0,-10.0,-0.1,0.2926,0.19260000000000002,760.0,10.0,0.09424872325008891,0.2464,0.34064872325008894
52.008048434,770.0,0.55,760.0,10.0,0.09063551255000221,0.2926,0.3832355125500022,780.0,-10.0,-0.09638678929991329,0.2464,0.15001321070008672
52.022057185,770.0,0.55,760.0,10.0,0.09143170429998917,0.2926,0.38403170429998923,780.0,-10.0,-0.09718295184989074,0.2464,0.14921704815010928
52.03674552,770.0,0.55,760.0,10.0,0.09216116269998566,0.2926,0.38476116269998567,780.0,-10.0,-0.09791241029990942,0.2464,0.14848758970009057
52.056430105,770.0,0.55,780.0,-10.0,-0.0986166103000187,0.2926,0.19398338969998133,780.0,-10.0,-0.09869016869990901,0.2464,0.147709831300091
52.072249815,770.0,0.55,780.0,-10.0,-0.09958679580001899,0.2926,0.19301320419998103,760.0,10.0,0.09228003140007332,0.2464,0.3386800314000733
52.085752816,770.0,0.55,780.0,-10.0,-0.1,0.2926,0.19260000000000002,780.0,-10.0,-0.09843020614994202,0.2464,0.14796979385005798
52.099044651,770.0,0.55,760.0,10.0,0.09066960840001684,0.2926,0.3832696084000169,760.0,10.0,0.09223937310004203,0.2464,0.33863937310004205
52.112085361,770.0,0.55,780.0,-10.0,-0.09991371039998284,0.2926,0.19268628960001719,780.0,-10.0,-0.09834397484996771,0.2464,0.1480560251500323
52.125450695,770.0,0.55,780.0,-10.0,-0.1,0.2926,0.19260000000000002,780.0,-10.0,-0.09907109994996972,0.2464,0.1473289000500303
52.138435405,770.0,0.55,780.0,-10.0,-0.1,0.2926,0.19260000000000002,760.0,10.0,0.09156022720002512,0.2464,0.3379602272000251
52.150380031,770.0,0.55,780.0,-10.0,-0.1,0.2926,0.19260000000000002,780.0,-10.0,-0.09912155824997626,0.2464,0.14727844175002375
52.162110574,770.0,0.55,780.0,-10.0,-0.1,0.2926,0.19260000000000002,780.0,-10.0,-0.09971129374998781,0.2464,0.14668870625001218
52.175379367,770.0,0.55,760.0,10.0,0.09058897715000512,0.2926,0.38318897715000516,760.0,10.0,0.09087766880001255,0.2464,0.33727766880001253
52.190466702,770.0,0.55,780.0,-10.0,-0.1,0.2926,0.19260000000000002,780.0,-10.0,-0.09975098959998832,0.2464,0.1466490104000117
52.202106537,770.0,0.55,780.0,-10.0,-0.1,0.2926,0.19260000000000002,780.0,-10.0,-0.1,0.2464,0.1464
52.213137954,770.0,0.55,760.0,10.0,0.09059298754999873,0.2926,0.38319298754999875,780.0,-10.0,-0.1,0.2464,0.1464
52.22384533,770.0,0.55,780.0,-10.0,-0.09994300835001013,0.2926,0.1926569916499899,780.0,-10.0,-0.1,0.2464,0.1464
52.239635582,770.0,0.55,760.0,10.0,0.09073586044998137,0.2926,0.3833358604499814,760.0,10.0,0.09067886884999098,0.2464,0.337078868849991
52.252858,770.0,0.55,760.0,10.0,0.09139120634999018,0.2926,0.3839912063499902,760.0,10.0,0.09133421474999978,0.2464,0.33773421474999976
52.266019168,770.0,0.55,780.0,-10.0,-0.09927657915000054,0.2926,0.19332342084999948,780.0,-10.0,-0.09933358529999622,0.2464,0.14706641470000378
52.279090503,770.0,0.55,760.0,10.0,0.09138474590000897,0.2926,0.383984745900009,760.0,10.0,0.09132771060000323,0.2464,0.33772771060000323
52.295208296,770.0,0.55,780.0,-10.0,-0.09923303334999219,0.2926,0.19336696665000785,780.0,-10.0,-0.09929009780000797,0.2464,0.14710990219999204
52.309097756,770.0,0.55,760.0,10.0,0.09165181049999319,0.2926,0.38425181049999324,760.0,10.0,0.0915947460499774,0.2464,0.3379947460499774
52.325171216,770.0,0.55,760.0,10.0,0.09237762305000616,0.2926,0.38497762305000616,760.0,10.0,0.0923205439999856,0.2464,0.33872054399998563
52.33896705,770.0,0.55,780.0,-10.0,-0.09836240829999951,0.2926,0.19423759170000052,780.0,-10.0,-0.09841950195002483,0.2464,0.14798049804997518
52.351253801,770.0,0.55,780.0,-10.0,-0.09899657914997988,0.2926,0.19360342085002014,780.0,-10.0,-0.09905367280000518,0.2464,0.14734632719999483
52.371554679,770.0,0.55,780.0,-10.0,-0.1,0.2926,0.19260000000000002,760.0,10.0,0.09195218359999671,0.2464,0.33835218359999675
52.38238893,770.0,0.55,780.0,-10.0,-0.1,0.2926,0.19260000000000002,760.0,10.0,0.09256089194999731,0.2464,0.33896089194999734
52.394649723,770.0,0.55,780.0,-10.0,-0.1,0.2926,0.19260000000000002,760.0,10.0,0.09316703370001506,0.2464,0.33956703370001506
52.406035224,770.0,0.55,780.0,-10.0,-0.1,0.2926,0.19260000000000002,780.0,-10.0,-0.09741131219998352,0.2464,0.1489886878000165
52.417691391,770.0,0.55,780.0,-10.0,-0.1,0.2926,0.19260000000000002,800.0,-30.0,-0.2891653811499418,0.2464,-0.04276538114994177
52.428487434,770.0,0.55,780.0,-10.0,-0.1,0.2926,0.19260000000000002,780.0,-10.0,-0.0997033749499451,0.2464,0.1466966250500549
52.442334894,770.0,0.55,760.0,10.0,0.0906414042499955,0.2926,0.38324140424999553,780.0,-10.0,-0.1,0.2464,0.1464
52.455796187,770.0,0.55,780.0,-10.0,-0.09995598750001591,0.2926,0.1926440124999841,760.0,10.0,0.09059737715000665,0.2464,0.33699737715000666
52.478025856,770.0,0.55,760.0,10.0,0.09122342509996542,0.2926,0.3838234250999655,780.0,-10.0,-0.1,0.2464,0.1464
52.512558609,770.0,0.55,780.0,-10.0,-0.1,0.2926,0.19260000000000002,760.0,10.0,0.09152051679999659,0.2464,0.3379205167999966
52.526071819,770.0,0.55,760.0,10.0,0.09087004174999948,0.2926,0.3834700417499995,760.0,10.0,0.0923905439499913,0.2464,0.3387905439499913
52.538802779,770.0,0.55,780.0,-10.0,-0.09977023955000278,0.2926,0.19282976044999725,760.0,10.0,0.0930308398499983,0.2464,0.33943083984999833
52.553242613,770.0,0.55,780.0,-10.0,-0.1,0.2926,0.19260000000000002,760.0,10.0,0.09371893994999937,0.2464,0.34011893994999937
52.566649365,770.0,0.55,780.0,-10.0,-0.1,0.2926,0.19260000000000002,760.0,10.0,0.09447496919998685,0.2464,0.34087496919998683
52.579701158,770.0,0.55,780.0,-10.0,-0.1,0.2926,0.19260000000000002,760.0,10.0,0.09514120885000012,0.2464,0.3415412088500001
52.593793618,770.0,0.55,780.0,-10.0,-0.1,0.2926,0.19260000000000002,780.0,-10.0,-0.095555757850002,0.2464,0.150844242149998
52.606415494,770.0,0.55,780.0,-10.0,-0.1,0.2926,0.19260000000000002,760.0,10.0,0.09507434429998739,0.2464,0.3414743442999874
52.619539912,770.0,0.55,780.0,-10.0,-0.1,0.2926,0.19260000000000002,780.0,-10.0,-0.09559115160002421,0.2464,0.1508088483999758
52.63221283,770.0,0.55,780.0,-10.0,-0.1,0.2926,0.19260000000000002,780.0,-10.0,-0.09621964960001606,0.2464,0.15018035039998395
52.647655123,770.0,0.55,760.0,10.0,0.09070208550000644,0.2926,0.38330208550000644,760.0,10.0,0.09448243589999038,0.2464,0.3408824358999904
52.662136083,770.0,0.55,780.0,-10.0,-0.1,0.2926,0.19260000000000002,780.0,-10.0,-0.09624266205000823,0.2464,0.15015733794999178
52.673807417,770.0,0.55,780.0,-10.0,-0.1,0.2926,0.19260000000000002,780.0,-10.0,-0.09689428920000864,0.2464,0.14950571079999136
52.686928627,770.0,0.55,780.0,-10.0,-0.1,0.2926,0.19260000000000002,780.0,-10.0,-0.09754241635000653,0.2464,0.14885758364999346
52.700594378,770.0,0.55,780.0,-10.0,-0.1,0.2926,0.19260000000000002,760.0,10.0,0.09314932955000131,0.2464,0.33954932955000133
52.714682755,770.0,0.55,760.0,10.0,0.09064319800001158,0.2926,0.3832431980000116,760.0,10.0,0.09379254214999491,0.2464,0.34019254214999495
52.728344423,770.0,0.55,780.0,-10.0,-0.1,0.2926,0.19260000000000002,780.0,-10.0,-0.096890380800005,0.2464,0.149509619199995
52.741235216,770.0,0.55,760.0,10.0,0.09065573965000567,0.2926,0.3832557396500057,780.0,-10.0,-0.09754612045001068,0.2464,0.14885387954998933
52.753509134,770.0,0.55,760.0,10.0,0.09125744805000068,0.2926,0.3838574480500007,780.0,-10.0,-0.09814782885000568,0.2464,0.14825217114999434
52.767174885,770.0,0.55,780.0,-10.0,-0.09942652494999038,0.2926,0.19317347505000965,760.0,10.0,0.09253614414998537,0.2464,0.3389361441499854
52.780116428,770.0,0.55,760.0,10.0,0.09122621055002128,0.2926,0.3838262105500213,760.0,10.0,0.09318887964999703,0.2464,0.33958887964999707
52.796378305,770.0,0.55,780.0,-10.0,-0.09946579784996175,0.2926,0.1931342021500383,760.0,10.0,0.09388087344999804,0.2464,0.340280873449998
52.809732848,770.0,0.55,780.0,-10.0,-0.1,0.2926,0.19260000000000002,780.0,-10.0,-0.0968942745500044,0.2464,0.1495057254499956
52.824836516,770.0,0.55,760.0,10.0,0.09076562505000765,0.2926,0.3833656250500077,780.0,-10.0,-0.09765992879999885,0.2464,0.14874007120000116
52.83854835,770.0,0.55,780.0,-10.0,-0.09989780004998465,0.2926,0.19270219995001536,760.0,10.0,0.09300348164998923,0.2464,0.33940348164998924
52.85283506,770.0,0.55,760.0,10.0,0.0908411667000246,0.2926,0.3834411667000246,760.0,10.0,0.09374244839999847,0.2464,0.34014244839999846
52.866604645,770.0,0.55,760.0,10.0,0.0915260438500036,0.2926,0.3841260438500036,780.0,-10.0,-0.09694245794999005,0.2464,0.14945754205000994
52.886762314,770.0,0.55,780.0,-10.0,-0.09948312290000558,0.2926,0.19311687709999445,780.0,-10.0,-0.09795162469999923,0.2464,0.14844837530000077
52.899406065,770.0,0.55,780.0,-10.0,-0.1,0.2926,0.19260000000000002,780.0,-10.0,-0.09858621850000873,0.2464,0.14781378149999128
52.911073899,770.0,0.55,780.0,-10.0,-0.1,0.2926,0.19260000000000002,760.0,10.0,0.09206298784999035,0.2464,0.33846298784999035
52.922168609,770.0,0.55,780.0,-10.0,-0.1,0.2926,0.19260000000000002,760.0,10.0,0.09261266289999184,0.2464,0.3390126628999919
52.934515152,770.0,0.55,780.0,-10.0,-0.1,0.2926,0.19260000000000002,780.0,-10.0,-0.09800110589999349,0.2464,0.1483988941000065
52.94590882,770.0,0.55,780.0,-10.0,-0.1,0.2926,0.19260000000000002,780.0,-10.0,-0.09856466429998818,0.2464,0.14783533570001184
52.959030613,770.0,0.55,780.0,-10.0,-0.1,0.2926,0.19260000000000002,780.0,-10.0,-0.09922547895000662,0.2464,0.1471745210499934
52.988243657,770.0,0.55,760.0,10.0,0.09132636884998192,0.2926,0.38392636884998194,760.0,10.0,0.09210087534999276,0.2464,0.33850087534999274
53.024490244,770.0,0.55,780.0,-10.0,-0.1,0.2926,0.19260000000000002,780.0,-10.0,-0.09962652065000839,0.2464,0.14677347934999163
53.038296871,770.0,0.55,780.0,-10.0,-0.1,0.2926,0.19260000000000002,780.0,-10.0,-0.1,0.2464,0.1464
53.049572413,770.0,0.55,780.0,-10.0,-0.1,0.2926,0.19260000000000002,780.0,-10.0,-0.1,0.2464,0.1464
53.063912206,770.0,0.55,780.0,-10.0,-0.1,0.2926,0.19260000000000002,760.0,10.0,0.09061426464999386,0.2464,0.33701426464999384
53.077232624,770.0,0.55,780.0,-10.0,-0.1,0.2926,0.19260000000000002,760.0,10.0,0.09126675219999016,0.2464,0.33766675219999015
53.090862501,770.0,0.55,780.0,-10.0,-0.1,0.2926,0.19260000000000002,780.0,-10.0,-0.09941719165001359,0.2464,0.14698280834998642
53.103165002,770.0,0.55,780.0,-10.0,-0.1,0.2926,0.19260000000000002,780.0,-10.0,-0.1,0.2464,0.1464
53.116304003,770.0,0.55,760.0,10.0,0.09067466885000158,0.2926,0.3832746688500016,780.0,-10.0,-0.1,0.2464,0.1464
53.130578755,770.0,0.55,780.0,-10.0,-0.0999489290999918,0.2926,0.19265107090000821,760.0,10.0,0.09062362710000343,0.2464,0.33702362710000344
53.148469882,770.0,0.55,760.0,10.0,0.09094517515001371,0.2926,0.38354517515001374,760.0,10.0,0.09151773140000842,0.2464,0.3379177314000084
53.161698133,770.0,0.55,780.0,-10.0,-0.09972809369996867,0.2926,0.19287190630003137,780.0,-10.0,-0.09915552279999247,0.2464,0.14724447720000755
53.177715593,770.0,0.55,760.0,10.0,0.09104862925004455,0.2926,0.38364862925004456,780.0,-10.0,-0.09993224579998242,0.2464,0.1464677542000176
53.191476719,770.0,0.55,780.0,-10.0,-0.09966134584994961,0.2926,0.1929386541500504,780.0,-10.0,-0.1,0.2464,0.1464
53.205767804,770.0,0.55,780.0,-10.0,-0.1,0.2926,0.19260000000000002,760.0,10.0,0.09071099589999904,0.2464,0.33711099589999904
53.21853143,770.0,0.55,780.0,-10.0,-0.1,0.2926,0.19260000000000002,760.0,10.0,0.09141163759999472,0.2464,0.3378116375999947
53.231176932,770.0,0.55,780.0,-10.0,-0.1,0.2926,0.19260000000000002,780.0,-10.0,-0.0992263687500099,0.2464,0.1471736312499901
53.244522433,770.0,0.55,780.0,-10.0,-0.1,0.2926,0.19260000000000002,780.0,-10.0,-0.09988732920000984,0.2464,0.14651267079999017
53.259718268,770.0,0.55,760.0,10.0,0.0906860584000151,0.2926,0.3832860584000151,780.0,-10.0,-0.1,0.2464,0.1464
53.274887853,770.0,0.55,760.0,10.0,0.09146584389999589,0.2926,0.38406584389999593,760.0,10.0,0.09077977094999824,0.2464,0.33717977094999824
53.289907812,770.0,0.55,780.0,-10.0,-0.09927687075000904,0.2926,0.19332312924999098,760.0,10.0,0.09152250015000846,0.2464,0.33792250015000846
53.306502772,770.0,0.55,760.0,10.0,0.09140758344998631,0.2926,0.3840075834499863,780.0,-10.0,-0.09916195409998636,0.2464,0.14723804590001366
53.322923899,770.0,0.55,780.0,-10.0,-0.09957049165002445,0.2926,0.19302950834997556,780.0,-10.0,-0.1,0.2464,0.1464
53.336764067,770.0,0.55,760.0,10.0,0.09110303969997859,0.2926,0.3837030396999786,760.0,10.0,0.0906735166999988,0.2464,0.3370735166999988
53.350682985,770.0,0.55,780.0,-10.0,-0.09961199580002358,0.2926,0.19298800419997644,760.0,10.0,0.09138859594999303,0.2464,0.33778859594999305
53.363732737,770.0,0.55,780.0,-10.0,-0.1,0.2926,0.19260000000000002,760.0,10.0,0.09201878560001206,0.2464,0.33841878560001204
53.376494321,770.0,0.55,780.0,-10.0,-0.1,0.2926,0.19260000000000002,780.0,-10.0,-0.09868716449998374,0.2464,0.14771283550001627
53.395601698,770.0,0.55,780.0,-10.0,-0.1,0.2926,0.19260000000000002,780.0,-10.0,-0.0996459458499885,0.2464,0.14675405415001153
53.407813199,770.0,0.55,780.0,-10.0,-0.1,0.2926,0.19260000000000002,760.0,10.0,0.09097173125000155,0.2464,0.3373717312500015
53.419447784,770.0,0.55,780.0,-10.0,-0.1,0.2926,0.19260000000000002,760.0,10.0,0.0915537084000016,0.2464,0.3379537084000016
53.434876369,770.0,0.55,760.0,10.0,0.09070316465000815,0.2926,0.3833031646500082,760.0,10.0,0.09225685850000445,0.2464,0.3386568585000045
53.448857995,770.0,0.55,780.0,-10.0,-0.0999969666999732,0.2926,0.19260303330002682,780.0,-10.0,-0.0984432436499901,0.2464,0.1479567563500099
53.463445997,770.0,0.55,780.0,-10.0,-0.1,0.2926,0.19260000000000002,780.0,-10.0,-0.09918043119998857,0.2464,0.14721956880001144
53.488462541,770.0,0.55,780.0,-10.0,-0.1,0.2926,0.19260000000000002,760.0,10.0,0.09212349395001183,0.2464,0.33852349395001186
53.503484834,770.0,0.55,760.0,10.0,0.090636168799997,0.2926,0.383236168799997,760.0,10.0,0.09275970650002364,0.2464,0.33915970650002364
53.538065421,770.0,0.55,780.0,-10.0,-0.1,0.2926,0.19260000000000002,800.0,-30.0,-0.29,0.2464,-0.04359999999999997
53.552324714,770.0,0.55,780.0,-10.0,-0.1,0.2926,0.19260000000000002,780.0,-10.0,-0.1,0.2464,0.1464
53.566877715,770.0,0.55,780.0,-10.0,-0.1,0.2926,0.19260000000000002,760.0,10.0,0.09073898130001454,0.2464,0.3371389813000145
53.580555717,770.0,0.55,760.0,10.0,0.09061155215000781,0.2926,0.38321155215000785,760.0,10.0,0.09135057720001441,0.2464,0.33775057720001445
53.593951676,770.0,0.55,760.0,10.0,0.09129147094999099,0.2926,0.383891470949991,780.0,-10.0,-0.09932934159996876,0.2464,0.14707065840003125
53.607343844,770.0,0.55,780.0,-10.0,-0.09937845830002061,0.2926,0.1932215416999794,780.0,-10.0,-0.09999924169997029,0.2464,0.14640075830002972
53.620451346,770.0,0.55,780.0,-10.0,-0.1,0.2926,0.19260000000000002,760.0,10.0,0.09065732920004393,0.2464,0.33705732920004394
53.63333368,770.0,0.55,780.0,-10.0,-0.1,0.2926,0.19260000000000002,760.0,10.0,0.09136389175004297,0.2464,0.33776389175004295
53.64613989,770.0,0.55,780.0,-10.0,-0.1,0.2926,0.19260000000000002,760.0,10.0,0.09196752515003027,0.2464,0.33836752515003027
53.658837308,770.0,0.55,780.0,-10.0,-0.1,0.2926,0.19260000000000002,780.0,-10.0,-0.09868735409997953,0.2464,0.14771264590002048
53.671134559,770.0,0.55,760.0,10.0,0.09056637299999239,0.2926,0.3831663729999924,780.0,-10.0,-0.0992537416499772,0.2464,0.14714625835002282
53.684419394,770.0,0.55,780.0,-10.0,-0.1,0.2926,0.19260000000000002,780.0,-10.0,-0.09991352084998653,0.2464,0.14648647915001348
53.698509229,770.0,0.55,780.0,-10.0,-0.1,0.2926,0.19260000000000002,760.0,10.0,0.0908491292500139,0.2464,0.33724912925001393
53.71240948,770.0,0.55,760.0,10.0,0.09063500215001113,0.2926,0.38323500215001116,760.0,10.0,0.09148418974999914,0.2464,0.3378841897499991
53.72650544,770.0,0.55,780.0,-10.0,-0.1,0.2926,0.19260000000000002,760.0,10.0,0.09215025439999863,0.2464,0.33855025439999864
53.739209274,770.0,0.55,780.0,-10.0,-0.1,0.2926,0.19260000000000002,780.0,-10.0,-0.09858732689999669,0.2464,0.14781267310000332
53.752649567,770.0,0.55,760.0,10.0,0.09060665215000882,0.2926,0.3832066521500088,780.0,-10.0,-0.09919397905000552,0.2464,0.1472060209499945
53.76735861,770.0,0.55,780.0,-10.0,-0.1,0.2926,0.19260000000000002,760.0,10.0,0.09152159599999778,0.2464,0.33792159599999777
53.780945028,770.0,0.55,760.0,10.0,0.09069893545000923,0.2926,0.38329893545000926,780.0,-10.0,-0.09917733949998819,0.2464,0.14722266050001181
53.79513928,770.0,0.55,760.0,10.0,0.09138451260002058,0.2926,0.3839845126000206,780.0,-10.0,-0.09986291664999954,0.2464,0.14653708335000049
53.811689615,770.0,0.55,780.0,-10.0,-0.09934821249996731,0.2926,0.19325178750003272,780.0,-10.0,-0.1,0.2464,0.1464
53.826747491,770.0,0.55,780.0,-10.0,-0.1,0.2926,0.19260000000000002,760.0,10.0,0.09086431049999191,0.2464,0.33726431049999195
53.848045285,770.0,0.55,780.0,-10.0,-0.1,0.2926,0.19260000000000002,780.0,-10.0,-0.1,0.2464,0.1464
53.86181137,770.0,0.55,780.0,-10.0,-0.1,0.2926,0.19260000000000002,760.0,10.0,0.0906877063500042,0.2464,0.3370877063500042
53.875784538,770.0,0.55,780.0,-10.0,-0.1,0.2926,0.19260000000000002,780.0,-10.0,-0.1,0.2464,0.1464
53.889447956,770.0,0.55,780.0,-10.0,-0.1,0.2926,0.19260000000000002,760.0,10.0,0.090689456300006,0.2464,0.337089456300006
53.909662208,770.0,0.55,760.0,10.0,0.09094955009999467,0.2926,0.3835495500999947,780.0,-10.0,-0.1,0.2464,0.1464
53.921036918,770.0,0.55,760.0,10.0,0.09162507934999212,0.2926,0.38422507934999217,780.0,-10.0,-0.1,0.2464,0.1464
53.935935544,770.0,0.55,780.0,-10.0,-0.09901063735001117,0.2926,0.19358936264998886,760.0,10.0,0.090635702149998,0.2464,0.337035702149998
53.949566879,770.0,0.55,760.0,10.0,0.09166178564998063,0.2926,0.38426178564998065,760.0,10.0,0.09130812515001253,0.2464,0.33770812515001253
53.963763172,770.0,0.55,780.0,-10.0,-0.09906052695002927,0.2926,0.19353947304997077,760.0,10.0,0.09203045230000498,0.2464,0.338430452300005
53.97904884,770.0,0.55,780.0,-10.0,-0.09980055825003546,0.2926,0.19279944174996455,780.0,-10.0,-0.09870956444999593,0.2464,0.14769043555000408
54.006554468,770.0,0.55,780.0,-10.0,-0.1,0.2926,0.19260000000000002,760.0,10.0,0.0926328898499969,0.2464,0.3390328898499969
54.036226304,770.0,0.55,780.0,-10.0,-0.1,0.2926,0.19260000000000002,780.0,-10.0,-0.09891037695001614,0.2464,0.14748962304998386
54.054213389,770.0,0.55,780.0,-10.0,-0.1,0.2926,0.19260000000000002,780.0,-10.0,-0.09957902285000272,0.2464,0.14682097714999728
54.067394391,770.0,0.55,760.0,10.0,0.09087815009999303,0.2926,0.3834781500999931,780.0,-10.0,-0.1,0.2464,0.1464
54.07827735,770.0,0.55,780.0,-10.0,-0.09977037080002446,0.2926,0.19282962919997557,780.0,-10.0,-0.1,0.2464,0.1464
54.092481226,770.0,0.55,780.0,-10.0,-0.1,0.2926,0.19260000000000002,760.0,10.0,0.09060851879998154,0.2464,0.33700851879998156
54.104774394,770.0,0.55,760.0,10.0,0.09062377294998442,0.2926,0.38322377294998444,760.0,10.0,0.0912322771999834,0.2464,0.3376322771999834
54.119217729,770.0,0.55,780.0,-10.0,-0.1,0.2926,0.19260000000000002,780.0,-10.0,-0.09948841660002472,0.2464,0.1469115833999753
54.130098064,770.0,0.55,780.0,-10.0,-0.1,0.2926,0.19260000000000002,780.0,-10.0,-0.1,0.2464,0.1464
54.141146398,770.0,0.55,760.0,10.0,0.09059581675000118,0.2926,0.3831958167500012,780.0,-10.0,-0.1,0.2464,0.1464
54.152080982,770.0,0.55,780.0,-10.0,-0.09995279369998115,0.2926,0.19264720630001886,780.0,-10.0,-0.1,0.2464,0.1464
54.165889359,770.0,0.55,780.0,-10.0,-0.1,0.2926,0.19260000000000002,760.0,10.0,0.09054381255001773,0.2464,0.3369438125500177
54.179014068,770.0,0.55,760.0,10.0,0.09065560839998398,0.2926,0.383255608399984,760.0,10.0,0.09119942095000169,0.2464,0.3375994209500017
54.194551737,770.0,0.55,780.0,-10.0,-0.1,0.2926,0.19260000000000002,780.0,-10.0,-0.09962407079999594,0.2464,0.14677592920000407
54.208022071,770.0,0.55,760.0,10.0,0.09066918550000992,0.2926,0.38326918550000993,780.0,-10.0,-0.1,0.2464,0.1464
54.224317781,770.0,0.55,780.0,-10.0,-0.1,0.2926,0.19260000000000002,760.0,10.0,0.09080819380000321,0.2464,0.3372081938000032
54.236037241,770.0,0.55,780.0,-10.0,-0.1,0.2926,0.19260000000000002,760.0,10.0,0.09145653970000694,0.2464,0.33785653970000695
54.250234117,770.0,0.55,760.0,10.0,0.09064213340001516,0.2926,0.3832421334000152,780.0,-10.0,-0.09918541869999445,0.2464,0.14721458130000556
54.26359741,770.0,0.55,780.0,-10.0,-0.1,0.2926,0.19260000000000002,780.0,-10.0,-0.09986169169999357,0.2464,0.14653830830000644
54.277114412,770.0,0.55,760.0,10.0,0.09067272925000452,0.2926,0.38327272925000455,780.0,-10.0,-0.1,0.2464,0.1464
54.290511538,770.0,0.55,760.0,10.0,0.09135034390000328,0.2926,0.3839503439000033,760.0,10.0,0.09067761464999877,0.2464,0.33707761464999875
54.304725039,770.0,0.55,780.0,-10.0,-0.09935884364999766,0.2926,0.19324115635000239,760.0,10.0,0.0913867876499944,0.2464,0.3377867876499944
54.320200874,770.0,0.55,780.0,-10.0,-0.1,0.2926,0.19260000000000002,780.0,-10.0,-0.09927716240001701,0.2464,0.14712283759998301
54.335072084,770.0,0.55,780.0,-10.0,-0.1,0.2926,0.19260000000000002,780.0,-10.0,-0.1,0.2464,0.1464
54.351807919,770.0,0.55,780.0,-10.0,-0.1,0.2926,0.19260000000000002,780.0,-10.0,-0.1,0.2464,0.1464
54.368407546,770.0,0.55,760.0,10.0,0.09055594590000965,0.2926,0.3831559459000097,760.0,10.0,0.09055405005000466,0.2464,0.33695405005000467
54.386572256,770.0,0.55,780.0,-10.0,-0.1,0.2926,0.19260000000000002,780.0,-10.0,-0.1,0.2464,0.1464
54.400962216,770.0,0.55,760.0,10.0,0.09071092300001965,0.2926,0.3833109230000197,760.0,10.0,0.09071092300001965,0.2464,0.33711092300001966
54.421056884,770.0,0.55,780.0,-10.0,-0.1,0.2926,0.19260000000000002,780.0,-10.0,-0.1,0.2464,0.1464
54.43833697,770.0,0.55,760.0,10.0,0.09091816675001155,0.2926,0.3835181667500116,760.0,10.0,0.0909182105500031,0.2464,0.3373182105500031
54.451084554,770.0,0.55,780.0,-10.0,-0.09973513744998855,0.2926,0.19286486255001148,760.0,10.0,0.09157150014999843,0.2464,0.33797150014999844
54.463215555,770.0,0.55,780.0,-10.0,-0.1,0.2926,0.19260000000000002,760.0,10.0,0.09217363149999983,0.2464,0.33857363149999986
54.474459598,770.0,0.55,780.0,-10.0,-0.1,0.2926,0.19260000000000002,780.0,-10.0,-0.09844861019998916,0.2464,0.14795138980001085
54.485814766,770.0,0.55,780.0,-10.0,-0.1,0.2926,0.19260000000000002,760.0,10.0,0.09211070445002406,0.2464,0.33851070445002407
54.507124518,770.0,0.55,780.0,-10.0,-0.1,0.2926,0.19260000000000002,780.0,-10.0,-0.09895892484996693,0.2464,0.14744107515003307
54.541050022,770.0,0.55,780.0,-10.0,-0.1,0.2926,0.19260000000000002,760.0,10.0,0.09268832115002625,0.2464,0.33908832115002624
54.554354106,770.0,0.55,780.0,-10.0,-0.1,0.2926,0.19260000000000002,760.0,10.0,0.09331116075003593,0.2464,0.33971116075003593
54.569215108,770.0,0.55,760.0,10.0,0.09073082925000563,0.2926,0.38333082925000567,780.0,-10.0,-0.09741963934995965,0.2464,0.14898036065004036
54.583715026,770.0,0.55,780.0,-10.0,-0.1,0.2926,0.19260000000000002,780.0,-10.0,-0.09816066234996015,0.2464,0.14823933765003985
54.596758069,770.0,0.55,760.0,10.0,0.09067055629999686,0.2926,0.3832705562999969,760.0,10.0,0.09250990855004147,0.2464,0.3389099085500415
54.611145987,770.0,0.55,760.0,10.0,0.09137030845000936,0.2926,0.3839703084500094,760.0,10.0,0.09320961695003917,0.2464,0.33960961695003916
54.624324072,770.0,0.55,780.0,-10.0,-0.09932636664998426,0.2926,0.19327363335001577,760.0,10.0,0.09390635035005289,0.2464,0.3403063503500529
54.636932531,770.0,0.55,760.0,10.0,0.09130275840001559,0.2926,0.38390275840001564,780.0,-10.0,-0.09672276009994221,0.2464,0.1496772399000578
54.650392949,770.0,0.55,780.0,-10.0,-0.0993771895999771,0.2926,0.19322281040002293,780.0,-10.0,-0.0974027080999349,0.2464,0.1489972919000651
54.666618076,770.0,0.55,780.0,-10.0,-0.1,0.2926,0.19260000000000002,760.0,10.0,0.09338415030007582,0.2464,0.3397841503000758
54.679297994,770.0,0.55,760.0,10.0,0.09064980424999704,0.2926,0.38324980424999705,760.0,10.0,0.09403393995006809,0.2464,0.3404339399500681
54.693280495,770.0,0.55,780.0,-10.0,-0.1,0.2926,0.19260000000000002,760.0,10.0,0.09473776085007103,0.2464,0.341137760850071
54.704905746,770.0,0.55,780.0,-10.0,-0.1,0.2926,0.19260000000000002,760.0,10.0,0.0953736963500569,0.2464,0.3417736963500569
54.718115331,770.0,0.55,760.0,10.0,0.09059784380000566,0.2926,0.38319784380000566,780.0,-10.0,-0.09522411829996144,0.2464,0.15117588170003857
54.731011957,770.0,0.55,780.0,-10.0,-0.1,0.2926,0.19260000000000002,780.0,-10.0,-0.09588245379995897,0.2464,0.15051754620004104
54.741775042,770.0,0.55,780.0,-10.0,-0.1,0.2926,0.19260000000000002,760.0,10.0,0.0947092504000375,0.2464,0.3411092504000375
54.75440421,770.0,0.55,760.0,10.0,0.09057400005000546,0.2926,0.38317400005000546,760.0,10.0,0.09528326505002496,0.2464,0.341683265050025
54.766702044,770.0,0.55,780.0,-10.0,-0.1,0.2926,0.19260000000000002,780.0,-10.0,-0.09532700374998057,0.2464,0.15107299625001944
54.778425587,770.0,0.55,780.0,-10.0,-0.1,0.2926,0.19260000000000002,760.0,10.0,0.09531833800002915,0.2464,0.34171833800002915
54.790136588,770.0,0.55,760.0,10.0,0.09052018760000011,0.2926,0.3831201876000001,780.0,-10.0,-0.09520184954997149,0.2464,0.15119815045002852
54.804750548,770.0,0.55,780.0,-10.0,-0.1,0.2926,0.19260000000000002,780.0,-10.0,-0.09587170584995874,0.2464,0.15052829415004126
54.816480799,770.0,0.55,780.0,-10.0,-0.1,0.2926,0.19260000000000002,760.0,10.0,0.09483242130005692,0.2464,0.34123242130005693
54.830805717,770.0,0.55,760.0,10.0,0.09056606670000292,0.2926,0.38316606670000297,780.0,-10.0,-0.09573364544994548,0.2464,0.15066635455005453
54.845240302,770.0,0.55,780.0,-10.0,-0.1,0.2926,0.19260000000000002,760.0,10.0,0.09508779005003817,0.2464,0.34148779005003815
54.856959762,770.0,0.55,780.0,-10.0,-0.1,0.2926,0.19260000000000002,780.0,-10.0,-0.09554840789996888,0.2464,0.15085159210003113
54.868156846,770.0,0.55,780.0,-10.0,-0.1,0.2926,0.19260000000000002,780.0,-10.0,-0.0961142996499575,0.2464,0.15028570035004252
54.879547306,770.0,0.55,780.0,-10.0,-0.1,0.2926,0.19260000000000002,760.0,10.0,0.09445621500005018,0.2464,0.3408562150000502
54.891632223,770.0,0.55,780.0,-10.0,-0.1,0.2926,0.19260000000000002,760.0,10.0,0.09506206505006048,0.2464,0.3414620650500605
54.9041176,770.0,0.55,780.0,-10.0,-0.1,0.2926,0.19260000000000002,780.0,-10.0,-0.09556243709994305,0.2464,0.15083756290005695
54.918419768,770.0,0.55,760.0,10.0,0.09063401049999356,0.2926,0.3832340104999936,780.0,-10.0,-0.09619644754993714,0.2464,0.15020355245006287
54.935683519,770.0,0.55,780.0,-10.0,-0.1,0.2926,0.19260000000000002,780.0,-10.0,-0.09707337264992474,0.2464,0.14932662735007526
54.948230437,770.0,0.55,780.0,-10.0,-0.1,0.2926,0.19260000000000002,760.0,10.0,0.0936221066000735,0.2464,0.3400221066000735
54.960343355,770.0,0.55,780.0,-10.0,-0.1,0.2926,0.19260000000000002,760.0,10.0,0.09422088375007662,0.2464,0.3406208837500766
54.972630107,770.0,0.55,780.0,-10.0,-0.1,0.2926,0.19260000000000002,760.0,10.0,0.09483841505008514,0.2464,0.3412384150500851
54.986816191,770.0,0.55,760.0,10.0,0.09062935839998773,0.2926,0.38322935839998773,780.0,-10.0,-0.09579095794990736,0.2464,0.15060904205009265
54.999952568,770.0,0.55,760.0,10.0,0.09130471264999415,0.2926,0.38390471264999415,780.0,-10.0,-0.0964663121499143,0.2464,0.1499336878500857
55.024696112,770.0,0.55,780.0,-10.0,-0.09988416455000788,0.2926,0.19271583544999216,760.0,10.0,0.09472255050008244,0.2464,0.34112255050008244
55.064512116,770.0,0.55,760.0,10.0,0.09199479604998487,0.2926,0.3845947960499849,780.0,-10.0,-0.09715641009991031,0.2464,0.14924358990008968
55.083083701,770.0,0.55,780.0,-10.0,-0.09902087485002084,0.2926,0.1935791251499792,780.0,-10.0,-0.09817203724992396,0.2464,0.14822796275007605
55.097038494,770.0,0.55,780.0,-10.0,-0.09973717910002051,0.2926,0.19286282089997953,760.0,10.0,0.09254429620006249,0.2464,0.3389442962000625
55.112828162,770.0,0.55,780.0,-10.0,-0.1,0.2926,0.19260000000000002,760.0,10.0,0.09338679000008142,0.2464,0.33978679000008144
55.12411158,770.0,0.55,780.0,-10.0,-0.1,0.2926,0.19260000000000002,780.0,-10.0,-0.09723621009991348,0.2464,0.14916378990008652
55.138484332,770.0,0.55,780.0,-10.0,-0.1,0.2926,0.19260000000000002,780.0,-10.0,-0.0979583622499149,0.2464,0.14844163775008512
55.150951624,770.0,0.55,760.0,10.0,0.09055857089998881,0.2926,0.38315857089998884,780.0,-10.0,-0.09851691854989894,0.2464,0.14788308145010107
55.166068126,770.0,0.55,780.0,-10.0,-0.1,0.2926,0.19260000000000002,780.0,-10.0,-0.09921416234990374,0.2464,0.14718583765009627
55.177076794,770.0,0.55,780.0,-10.0,-0.1,0.2926,0.19260000000000002,760.0,10.0,0.09145875650009658,0.2464,0.33785875650009656
55.19039342,770.0,0.55,760.0,10.0,0.0905994333999979,0.2926,0.38319943339999796,760.0,10.0,0.092058189850095,0.2464,0.338458189850095
55.20279713,770.0,0.55,780.0,-10.0,-0.1,0.2926,0.19260000000000002,780.0,-10.0,-0.09856063939992055,0.2464,0.14783936060007946
55.215306131,770.0,0.55,780.0,-10.0,-0.1,0.2926,0.19260000000000002,780.0,-10.0,-0.09924783529991146,0.2464,0.14715216470008854
55.229651466,770.0,0.55,760.0,10.0,0.09066454800000884,0.2926,0.38326454800000886,780.0,-10.0,-0.09991238329992029,0.2464,0.1464876167000797
55.242986759,770.0,0.55,780.0,-10.0,-0.09998404579998806,0.2926,0.19261595420001199,760.0,10.0,0.09073618135006654,0.2464,0.33713618135006657
55.255892135,770.0,0.55,780.0,-10.0,-0.1,0.2926,0.19260000000000002,780.0,-10.0,-0.09991433744994538,0.2464,0.14648566255005463
55.27018497,770.0,0.55,780.0,-10.0,-0.1,0.2926,0.19260000000000002,780.0,-10.0,-0.1,0.2464,0.1464
55.282613763,770.0,0.55,780.0,-10.0,-0.1,0.2926,0.19260000000000002,760.0,10.0,0.09061102714998924,0.2464,0.33701102714998926
55.295709306,770.0,0.55,760.0,10.0,0.09061318545001541,0.2926,0.3832131854500154,780.0,-10.0,-0.1,0.2464,0.1464
55.310300807,770.0,0.55,780.0,-10.0,-0.1,0.2926,0.19260000000000002,760.0,10.0,0.09070901259998664,0.2464,0.33710901259998666
55.323129183,770.0,0.55,760.0,10.0,0.09066129589999947,0.2926,0.38326129589999947,760.0,10.0,0.09137032304999139,0.2464,0.3377703230499914
55.338448977,770.0,0.55,760.0,10.0,0.09127871054999105,0.2926,0.38387871054999106,780.0,-10.0,-0.0992470916000002,0.2464,0.1471529083999998
55.353829145,770.0,0.55,780.0,-10.0,-0.09963163955001164,0.2926,0.19296836044998839,760.0,10.0,0.09166327310000724,0.2464,0.3380632731000073
55.366895229,770.0,0.55,780.0,-10.0,-0.1,0.2926,0.19260000000000002,780.0,-10.0,-0.09899001654998756,0.2464,0.14740998345001244
55.381840523,770.0,0.55,780.0,-10.0,-0.1,0.2926,0.19260000000000002,760.0,10.0,0.09182382100001632,0.2464,0.33822382100001636
55.393388482,770.0,0.55,780.0,-10.0,-0.1,0.2926,0.19260000000000002,760.0,10.0,0.09239647940002214,0.2464,0.33879647940002217
55.407002609,770.0,0.55,780.0,-10.0,-0.1,0.2926,0.19260000000000002,780.0,-10.0,-0.09827947274998224,0.2464,0.14812052725001779
55.42298711,770.0,0.55,780.0,-10.0,-0.1,0.2926,0.19260000000000002,760.0,10.0,0.09252946484999938,0.2464,0.3389294648499994
55.437249903,770.0,0.55,760.0,10.0,0.09064303755000311,0.2926,0.3832430375500031,760.0,10.0,0.09317253160001202,0.2464,0.339572531600012
55.45051578,770.0,0.55,780.0,-10.0,-0.1,0.2926,0.19260000000000002,780.0,-10.0,-0.09749639134997778,0.2464,0.14890360865002222
55.464703906,770.0,0.55,780.0,-10.0,-0.1,0.2926,0.19260000000000002,760.0,10.0,0.09326827125002182,0.2464,0.33966827125002186
55.477394324,770.0,0.55,760.0,10.0,0.09056828340000266,0.2926,0.3831682834000027,780.0,-10.0,-0.09730001214998082,0.2464,0.14909998785001918
55.490481992,770.0,0.55,780.0,-10.0,-0.1,0.2926,0.19260000000000002,780.0,-10.0,-0.09796456009999019,0.2464,0.14843543990000982
55.504985118,770.0,0.55,760.0,10.0,0.09073176254998089,0.2926,0.3833317625499809,760.0,10.0,0.09276723165000021,0.2464,0.33916723165000023
55.529927288,770.0,0.55,780.0,-10.0,-0.1,0.2926,0.19260000000000002,780.0,-10.0,-0.09844252890000008,0.2464,0.14795747109999993
55.560474999,770.0,0.55,780.0,-10.0,-0.1,0.2926,0.19260000000000002,760.0,10.0,0.09317934209999748,0.2464,0.3395793420999975
55.576726376,770.0,0.55,760.0,10.0,0.09057122925002205,0.2926,0.38317122925002206,760.0,10.0,0.09375052755000525,0.2464,0.34015052755000524
55.598376503,770.0,0.55,780.0,-10.0,-0.1,0.2926,0.19260000000000002,780.0,-10.0,-0.09738968509998358,0.2464,0.14901031490001643
55.611959421,770.0,0.55,760.0,10.0,0.09079180214997905,0.2926,0.3833918021499791,780.0,-10.0,-0.09818153100000018,0.2464,0.14821846899999983
55.629645798,770.0,0.55,780.0,-10.0,-0.1,0.2926,0.19260000000000002,760.0,10.0,0.09270344409998416,0.2464,0.33910344409998416
55.644006299,770.0,0.55,760.0,10.0,0.09065846669999701,0.2926,0.383258466699997,760.0,10.0,0.09336192539998592,0.2464,0.33976192539998595
55.657978884,770.0,0.55,780.0,-10.0,-0.1,0.2926,0.19260000000000002,780.0,-10.0,-0.09738207260002127,0.2464,0.14901792739997874
55.672488427,770.0,0.55,780.0,-10.0,-0.1,0.2926,0.19260000000000002,780.0,-10.0,-0.09818339765001838,0.2464,0.14821660234998163
55.686090595,770.0,0.55,780.0,-10.0,-0.1,0.2926,0.19260000000000002,760.0,10.0,0.09249272949997703,0.2464,0.33889272949997706
55.698647429,770.0,0.55,780.0,-10.0,-0.1,0.2926,0.19260000000000002,760.0,10.0,0.09312309414998708,0.2464,0.3395230941499871
55.711759889,770.0,0.55,780.0,-10.0,-0.1,0.2926,0.19260000000000002,760.0,10.0,0.09378408379997381,0.2464,0.34018408379997384
55.724396057,770.0,0.55,780.0,-10.0,-0.1,0.2926,0.19260000000000002,780.0,-10.0,-0.09683897460004118,0.2464,0.14956102539995883
55.738337142,770.0,0.55,780.0,-10.0,-0.1,0.2926,0.19260000000000002,780.0,-10.0,-0.09754050595004174,0.2464,0.14885949404995827
55.749994476,770.0,0.55,780.0,-10.0,-0.1,0.2926,0.19260000000000002,780.0,-10.0,-0.09813142265004444,0.2464,0.14826857734995558
55.764045811,770.0,0.55,760.0,10.0,0.09061958759999925,0.2926,0.3832195875999993,780.0,-10.0,-0.09875102480002625,0.2464,0.14764897519997378
55.776869812,770.0,0.55,780.0,-10.0,-0.1,0.2926,0.19260000000000002,760.0,10.0,0.09188963569999033,0.2464,0.3382896356999903
55.789895064,770.0,0.55,760.0,10.0,0.09066796050000449,0.2926,0.3832679605000045,780.0,-10.0,-0.09877828099999988,0.2464,0.14762171900000012
55.802297023,770.0,0.55,760.0,10.0,0.09129168969999682,0.2926,0.3838916896999969,780.0,-10.0,-0.09940203940000174,0.2464,0.14699796059999826
55.816874816,770.0,0.55,780.0,-10.0,-0.09942951455000185,0.2926,0.19317048544999818,780.0,-10.0,-0.1,0.2464,0.1464
55.829397818,770.0,0.55,760.0,10.0,0.09120000424999489,0.2926,0.38380000424999494,760.0,10.0,0.09062953340000149,0.2464,0.3370295334000015
55.845242028,770.0,0.55,780.0,-10.0,-0.09949945625000964,0.2926,0.1931005437499904,760.0,10.0,0.0913289646999965,0.2464,0.3377289646999965
55.858324154,770.0,0.55,760.0,10.0,0.09123442089998207,0.2926,0.3838344208999821,780.0,-10.0,-0.09940486870000313,0.2464,0.14699513129999686
55.873862697,770.0,0.55,760.0,10.0,0.09201190225000119,0.2926,0.3846119022500012,760.0,10.0,0.09137267100001281,0.2464,0.33777267100001285
55.88769849,770.0,0.55,780.0,-10.0,-0.09868351865000022,0.2926,0.1939164813499998,760.0,10.0,0.09206809190001422,0.2464,0.33846809190001426
55.900328533,770.0,0.55,760.0,10.0,0.09197354805000033,0.2926,0.3845735480500003,760.0,10.0,0.09272515859999203,0.2464,0.33912515859999204
55.913526451,770.0,0.55,780.0,-10.0,-0.09863192284999514,0.2926,0.1939680771500049,760.0,10.0,0.09333062950001023,0.2464,0.3397306295000102
55.928436161,770.0,0.55,780.0,-10.0,-0.09942583959998501,0.2926,0.193174160400015,780.0,-10.0,-0.09746330184998442,0.2464,0.1489366981500156
55.941556787,770.0,0.55,780.0,-10.0,-0.1,0.2926,0.19260000000000002,780.0,-10.0,-0.09812653734998093,0.2464,0.14827346265001906
55.953053122,770.0,0.55,780.0,-10.0,-0.1,0.2926,0.19260000000000002,780.0,-10.0,-0.09875472904998332,0.2464,0.14764527095001667
55.965574373,770.0,0.55,780.0,-10.0,-0.1,0.2926,0.19260000000000002,760.0,10.0,0.09186248145000718,0.2464,0.3382624814500072
55.977370832,770.0,0.55,780.0,-10.0,-0.1,0.2926,0.19260000000000002,760.0,10.0,0.09244673360002707,0.2464,0.3388467336000271
55.989471792,770.0,0.55,760.0,10.0,0.09056450629999745,0.2926,0.3831645062999975,780.0,-10.0,-0.09811777269997038,0.2464,0.14828222730002963
56.003716502,770.0,0.55,780.0,-10.0,-0.1,0.2926,0.19260000000000002,760.0,10.0,0.09252908570003002,0.2464,0.33892908570003
56.01484592,770.0,0.55,780.0,-10.0,-0.1,0.2926,0.19260000000000002,780.0,-10.0,-0.09814705599997069,0.2464,0.1482529440000293
56.03814338,770.0,0.55,780.0,-10.0,-0.1,0.2926,0.19260000000000002,760.0,10.0,0.09301005870001064,0.2464,0.3394100587000106
56.073577092,770.0,0.55,760.0,10.0,0.09172345850000965,0.2926,0.3843234585000097,760.0,10.0,0.09473354640002982,0.2464,0.3411335464000298
56.093343052,770.0,0.55,760.0,10.0,0.092494275250001,0.2926,0.38509427525000106,760.0,10.0,0.09550433395001165,0.2464,0.34190433395001163
56.114334888,770.0,0.55,780.0,-10.0,-0.09869184570000016,0.2926,0.19390815429999986,760.0,10.0,0.09669045490001281,0.2464,0.34309045490001283
56.128329931,770.0,0.55,760.0,10.0,0.09206851479999842,0.2926,0.3846685147999984,760.0,10.0,0.09745083000001614,0.2464,0.34385083000001615
56.144872391,770.0,0.55,780.0,-10.0,-0.09876554985000893,0.2926,0.1938344501499911,780.0,-10.0,-0.09338322009998593,0.2464,0.15301677990001408
56.159567142,770.0,0.55,780.0,-10.0,-0.09946655614999145,0.2926,0.19313344385000858,780.0,-10.0,-0.09408422639999117,0.2464,0.15231577360000884
56.178342894,770.0,0.55,780.0,-10.0,-0.1,0.2926,0.19260000000000002,780.0,-10.0,-0.09504324109998379,0.2464,0.1513567589000162
56.190449396,770.0,0.55,780.0,-10.0,-0.1,0.2926,0.19260000000000002,780.0,-10.0,-0.09571945574998608,0.2464,0.15068054425001393
56.208192356,770.0,0.55,760.0,10.0,0.09082484800000203,0.2926,0.38342484800000204,760.0,10.0,0.095105421400026,0.2464,0.341505421400026
56.222898482,770.0,0.55,780.0,-10.0,-0.09992651459999706,0.2926,0.19267348540000295,780.0,-10.0,-0.09564594119997309,0.2464,0.1507540588000269
56.240372817,770.0,0.55,760.0,10.0,0.09094260839998697,0.2926,0.383542608399987,760.0,10.0,0.09522316720000618,0.2464,0.3416231672000062
56.25432236,770.0,0.55,760.0,10.0,0.09158465429999524,0.2926,0.38418465429999527,780.0,-10.0,-0.09541889330000686,0.2464,0.15098110669999315
56.270294612,770.0,0.55,780.0,-10.0,-0.09925277909999294,0.2926,0.19334722090000708,780.0,-10.0,-0.09625629755000772,0.2464,0.15014370244999228
56.283395405,770.0,0.55,760.0,10.0,0.0914106897000147,0.2926,0.38401068970001473,760.0,10.0,0.09440715664999516,0.2464,0.34080715664999517
56.296957031,770.0,0.55,780.0,-10.0,-0.09926750829999946,0.2926,0.19333249170000055,780.0,-10.0,-0.09627104134999627,0.2464,0.15012895865000375
56.3133767,770.0,0.55,780.0,-10.0,-0.1,0.2926,0.19260000000000002,760.0,10.0,0.0945309399999951,0.2464,0.34093093999999513
56.328171493,770.0,0.55,780.0,-10.0,-0.1,0.2926,0.19260000000000002,780.0,-10.0,-0.09628795800001626,0.2464,0.15011204199998374
56.340640827,770.0,0.55,780.0,-10.0,-0.1,0.2926,0.19260000000000002,780.0,-10.0,-0.09691059345002487,0.2464,0.14948940654997514
56.356801496,770.0,0.55,780.0,-10.0,-0.1,0.2926,0.19260000000000002,760.0,10.0,0.09371799204997387,0.2464,0.3401179920499739
56.371555455,770.0,0.55,780.0,-10.0,-0.1,0.2926,0.19260000000000002,760.0,10.0,0.09464149629997337,0.2464,0.3410414962999734
56.383489873,770.0,0.55,780.0,-10.0,-0.1,0.2926,0.19260000000000002,760.0,10.0,0.09523658384995543,0.2464,0.34163658384995543
56.394714958,770.0,0.55,780.0,-10.0,-0.1,0.2926,0.19260000000000002,780.0,-10.0,-0.09532531205004488,0.2464,0.15107468794995513
56.408015251,770.0,0.55,760.0,10.0,0.09060461049999959,0.2926,0.3832046104999996,780.0,-10.0,-0.09592989335005768,0.2464,0.15047010664994231
56.420245127,770.0,0.55,780.0,-10.0,-0.1,0.2926,0.19260000000000002,780.0,-10.0,-0.09654821215005996,0.2464,0.14985178784994005
56.43644517,770.0,0.55,760.0,10.0,0.0907937125999888,0.2926,0.38339371259998883,760.0,10.0,0.09424550044992884,0.2464,0.34064550044992886
56.448889713,770.0,0.55,780.0,-10.0,-0.09983414370001356,0.2926,0.19276585629998647,760.0,10.0,0.09487335674993119,0.2464,0.3412733567499312
56.462649673,770.0,0.55,780.0,-10.0,-0.1,0.2926,0.19260000000000002,760.0,10.0,0.0955707755999265,0.2464,0.3419707755999265
56.475030924,770.0,0.55,760.0,10.0,0.09061493544999394,0.2926,0.38321493544999397,780.0,-10.0,-0.09504414525008542,0.2464,0.1513558547499146
56.488555217,770.0,0.55,780.0,-10.0,-0.1,0.2926,0.19260000000000002,780.0,-10.0,-0.09570275785008561,0.2464,0.1506972421499144
56.501346843,770.0,0.55,760.0,10.0,0.09065027089999603,0.2926,0.3832502708999961,780.0,-10.0,-0.09635302875008164,0.2464,0.15004697124991836
56.514445303,770.0,0.55,760.0,10.0,0.09130811055000777,0.2926,0.3839081105500078,760.0,10.0,0.09430481089993009,0.2464,0.3407048108999301
56.527256471,770.0,0.55,780.0,-10.0,-0.09933521864998056,0.2926,0.19326478135001945,760.0,10.0,0.09494814009991842,0.2464,0.34134814009991843
56.552441015,770.0,0.55,780.0,-10.0,-0.1,0.2926,0.19260000000000002,760.0,10.0,0.09618242984992321,0.2464,0.3425824298499232
56.582377977,770.0,0.55,760.0,10.0,0.09152827515000808,0.2926,0.38412827515000814,780.0,-10.0,-0.09534584530006214,0.2464,0.15105415469993788
56.605746896,770.0,0.55,780.0,-10.0,-0.09933434364997992,0.2926,0.1932656563500201,780.0,-10.0,-0.09620843495006284,0.2464,0.15019156504993716
56.624830648,770.0,0.55,760.0,10.0,0.09185421275002682,0.2926,0.38445421275002684,760.0,10.0,0.09498016514993651,0.2464,0.3413801651499365
56.638219316,770.0,0.55,780.0,-10.0,-0.09885881024997616,0.2926,0.19374118975002386,760.0,10.0,0.09569317359995694,0.2464,0.34209317359995695
56.652917859,770.0,0.55,760.0,10.0,0.09188244605001274,0.2926,0.38448244605001275,780.0,-10.0,-0.09504808270003196,0.2464,0.15135191729996805
56.668169985,770.0,0.55,780.0,-10.0,-0.09886582484998599,0.2926,0.19373417515001404,780.0,-10.0,-0.09579632445004335,0.2464,0.15060367554995666
56.681620195,770.0,0.55,760.0,10.0,0.09184078150002734,0.2926,0.38444078150002736,760.0,10.0,0.09491031104995727,0.2464,0.3413103110499573
56.694001446,770.0,0.55,760.0,10.0,0.09245834195002317,0.2926,0.3850583419500232,780.0,-10.0,-0.09570724940003857,0.2464,0.15069275059996146
56.711000365,770.0,0.55,780.0,-10.0,-0.09835119354997915,0.2926,0.19424880645002088,780.0,-10.0,-0.09651669740003399,0.2464,0.14988330259996602
56.727131866,770.0,0.55,760.0,10.0,0.09240843780002252,0.2926,0.38500843780002253,760.0,10.0,0.09424293394996766,0.2464,0.3406429339499677
56.744306951,770.0,0.55,780.0,-10.0,-0.09851414769996154,0.2926,0.1940858523000385,780.0,-10.0,-0.09667965155003913,0.2464,0.14972034844996088
56.76197962,770.0,0.55,780.0,-10.0,-0.09938563319997229,0.2926,0.19321436680002774,760.0,10.0,0.09419186309995894,0.2464,0.3405918630999589
56.77912408,770.0,0.55,780.0,-10.0,-0.1,0.2926,0.19260000000000002,760.0,10.0,0.09500893819994417,0.2464,0.34140893819994417
56.79493854,770.0,0.55,780.0,-10.0,-0.1,0.2926,0.19260000000000002,760.0,10.0,0.0959349070499593,0.2464,0.3423349070499593
56.807434416,770.0,0.55,780.0,-10.0,-0.1,0.2926,0.19260000000000002,780.0,-10.0,-0.09469332840003516,0.2464,0.15170667159996484
56.820386751,770.0,0.55,780.0,-10.0,-0.1,0.2926,0.19260000000000002,760.0,10.0,0.09595478419995743,0.2464,0.34235478419995746
56.832761293,770.0,0.55,780.0,-10.0,-0.1,0.2926,0.19260000000000002,780.0,-10.0,-0.09466284920004,0.2464,0.15173715079996
56.844958211,770.0,0.55,780.0,-10.0,-0.1,0.2926,0.19260000000000002,780.0,-10.0,-0.09520584505005444,0.2464,0.15119415494994556
56.861444088,770.0,0.55,760.0,10.0,0.09072501050001393,0.2926,0.38332501050001394,760.0,10.0,0.09551910709993991,0.2464,0.3419191070999399
56.876135339,770.0,0.55,780.0,-10.0,-0.1,0.2926,0.19260000000000002,780.0,-10.0,-0.09530542010006685,0.2464,0.15109457989993316
56.890452674,770.0,0.55,760.0,10.0,0.0907209272000182,0.2926,0.3833209272000182,760.0,10.0,0.09541550704992915,0.2464,0.34181550704992913
56.903542676,770.0,0.55,780.0,-10.0,-0.09993504574997587,0.2926,0.19266495425002417,780.0,-10.0,-0.09524045135005962,0.2464,0.15115954864994038
56.918307135,770.0,0.55,780.0,-10.0,-0.1,0.2926,0.19260000000000002,760.0,10.0,0.09549001329993644,0.2464,0.34189001329993646
56.931755012,770.0,0.55,760.0,10.0,0.09065578339999775,0.2926,0.3832557833999978,760.0,10.0,0.09614582584994423,0.2464,0.34254582584994425
56.950108139,770.0,0.55,780.0,-10.0,-0.1,0.2926,0.19260000000000002,760.0,10.0,0.09709191969995118,0.2464,0.3434919196999512
56.964299473,770.0,0.55,760.0,10.0,0.09065887509999812,0.2926,0.3832588750999981,780.0,-10.0,-0.09356698455003425,0.2464,0.15283301544996575
56.979747308,770.0,0.55,780.0,-10.0,-0.1,0.2926,0.19260000000000002,760.0,10.0,0.09722779259997424,0.2464,0.3436277925999742
56.992986351,770.0,0.55,780.0,-10.0,-0.1,0.2926,0.19260000000000002,760.0,10.0,0.0979808176999677,0.2464,0.3443808176999677
57.007097186,770.0,0.55,780.0,-10.0,-0.1,0.2926,0.19260000000000002,760.0,10.0,0.09868399689998114,0.2464,0.34508399689998115
57.020308812,770.0,0.55,780.0,-10.0,-0.1,0.2926,0.19260000000000002,760.0,10.0,0.09934676574997867,0.2464,0.34574676574997865
57.034597564,770.0,0.55,760.0,10.0,0.09059036254999683,0.2926,0.38319036254999683,780.0,-10.0,-0.09124358220001341,0.2464,0.1551564177999866
57.061928775,770.0,0.55,760.0,10.0,0.09202088559999538,0.2926,0.3846208855999954,780.0,-10.0,-0.09267409070002941,0.2464,0.1537259092999706
57.09403982,770.0,0.55,780.0,-10.0,-0.09957935835000171,0.2926,0.19302064164999833,780.0,-10.0,-0.09427436375001434,0.2464,0.15212563624998565
57.113545905,770.0,0.55,780.0,-10.0,-0.1,0.2926,0.19260000000000002,760.0,10.0,0.09648124259998894,0.2464,0.342881242599989
57.125525531,770.0,0.55,780.0,-10.0,-0.1,0.2926,0.19260000000000002,760.0,10.0,0.09735682600000019,0.2464,0.3437568260000002
57.139224533,770.0,0.55,780.0,-10.0,-0.1,0.2926,0.19260000000000002,760.0,10.0,0.0979564781499812,0.2464,0.3443564781499812
57.153570742,770.0,0.55,760.0,10.0,0.09069161465000888,0.2926,0.38329161465000894,780.0,-10.0,-0.0927351219500224,0.2464,0.1536648780499776
57.16788866,770.0,0.55,780.0,-10.0,-0.1,0.2926,0.19260000000000002,760.0,10.0,0.09804240309998932,0.2464,0.3444424030999893
57.17978312,770.0,0.55,780.0,-10.0,-0.1,0.2926,0.19260000000000002,780.0,-10.0,-0.09261186364999503,0.2464,0.153788136350005
57.193320538,770.0,0.55,760.0,10.0,0.09061738550000428,0.2926,0.3832173855000043,780.0,-10.0,-0.09322924909999983,0.2464,0.15317075090000018
57.209354915,770.0,0.55,780.0,-10.0,-0.1,0.2926,0.19260000000000002,760.0,10.0,0.09751842390000093,0.2464,0.34391842390000094
57.223128291,770.0,0.55,780.0,-10.0,-0.1,0.2926,0.19260000000000002,760.0,10.0,0.09831735730000674,0.2464,0.34471735730000674
57.235777292,770.0,0.55,780.0,-10.0,-0.1,0.2926,0.19260000000000002,760.0,10.0,0.09894559280000068,0.2464,0.34534559280000066
57.249824544,770.0,0.55,780.0,-10.0,-0.1,0.2926,0.19260000000000002,780.0,-10.0,-0.09176624895001169,0.2464,0.15463375104998833
57.262595753,770.0,0.55,760.0,10.0,0.09057497714999499,0.2926,0.38317497714999504,760.0,10.0,0.0988087427499886,0.2464,0.3452087427499886
57.277688921,770.0,0.55,780.0,-10.0,-0.1,0.2926,0.19260000000000002,780.0,-10.0,-0.0918706656500035,0.2464,0.1545293343499965
57.290038964,770.0,0.55,780.0,-10.0,-0.1,0.2926,0.19260000000000002,760.0,10.0,0.09888292820000061,0.2464,0.3452829282000006
57.303534382,770.0,0.55,760.0,10.0,0.09062050629999249,0.2926,0.3832205062999925,760.0,10.0,0.09950340535000578,0.2464,0.3459034053500058
57.31646455,770.0,0.55,780.0,-10.0,-0.09999762295001347,0.2926,0.19260237704998656,780.0,-10.0,-0.09111472384997796,0.2464,0.15528527615002205
57.330465135,770.0,0.55,780.0,-10.0,-0.1,0.2926,0.19260000000000002,760.0,10.0,0.09961490955003229,0.2464,0.3460149095500323
57.344811053,770.0,0.55,760.0,10.0,0.09070227510000223,0.2926,0.38330227510000225,780.0,-10.0,-0.09108735094996519,0.2464,0.15531264905003483
57.361833305,770.0,0.55,780.0,-10.0,-0.1,0.2926,0.19260000000000002,760.0,10.0,0.09963278870003706,0.2464,0.34603278870003706
57.376336723,770.0,0.55,760.0,10.0,0.0908582292500023,0.2926,0.38345822925000234,780.0,-10.0,-0.09122544054996524,0.2464,0.15517455945003478
57.39137185,770.0,0.55,780.0,-10.0,-0.0998863374999928,0.2926,0.1927136625000072,780.0,-10.0,-0.0919700218999651,0.2464,0.1544299781000349
57.406576726,770.0,0.55,780.0,-10.0,-0.1,0.2926,0.19260000000000002,780.0,-10.0,-0.09272297404995697,0.2464,0.15367702595004304
57.421295978,770.0,0.55,760.0,10.0,0.09074335629999496,0.2926,0.383343356299995,780.0,-10.0,-0.09346631579996938,0.2464,0.15293368420003062
57.435008104,770.0,0.55,780.0,-10.0,-0.09995222505001493,0.2926,0.19264777494998508,760.0,10.0,0.09722922175002623,0.2464,0.34362922175002625
57.451696397,770.0,0.55,760.0,10.0,0.09087788749997344,0.2926,0.38347788749997347,780.0,-10.0,-0.09360094919995846,0.2464,0.15279905080004155
57.466454149,770.0,0.55,760.0,10.0,0.09160237299996879,0.2926,0.38420237299996884,760.0,10.0,0.09712353625006018,0.2464,0.34352353625006016
57.480671734,770.0,0.55,780.0,-10.0,-0.09912743540003248,0.2926,0.19347256459996753,780.0,-10.0,-0.0936046388499335,0.2464,0.1527953611500665
57.495972277,770.0,0.55,780.0,-10.0,-0.09988856880004278,0.2926,0.19271143119995726,760.0,10.0,0.09715812790006112,0.2464,0.3435581279000611
57.511435278,770.0,0.55,780.0,-10.0,-0.1,0.2926,0.19260000000000002,760.0,10.0,0.09788235090005856,0.2464,0.34428235090005854
57.524491155,770.0,0.55,780.0,-10.0,-0.1,0.2926,0.19260000000000002,780.0,-10.0,-0.0928798324999434,0.2464,0.1535201675000566
57.539535323,770.0,0.55,760.0,10.0,0.09068877090000114,0.2926,0.3832887709000012,760.0,10.0,0.09780892380005299,0.2464,0.34420892380005297
57.567813867,770.0,0.55,780.0,-10.0,-0.1,0.2926,0.19260000000000002,780.0,-10.0,-0.09343923464996351,0.2464,0.1529607653500365
57.598941704,770.0,0.55,780.0,-10.0,-0.1,0.2926,0.19260000000000002,780.0,-10.0,-0.0952255910999611,0.2464,0.15117440890003891
57.623565956,770.0,0.55,760.0,10.0,0.0908431354999857,0.2926,0.3834431354999857,780.0,-10.0,-0.0960686828499547,0.2464,0.1503313171500453
57.638336249,770.0,0.55,780.0,-10.0,-0.1,0.2926,0.19260000000000002,760.0,10.0,0.09498798185003579,0.2464,0.3413879818500358
57.651256209,770.0,0.55,780.0,-10.0,-0.1,0.2926,0.19260000000000002,760.0,10.0,0.0956778173000339,0.2464,0.3420778173000339
57.668061169,770.0,0.55,760.0,10.0,0.09072737299999517,0.2926,0.3833273729999952,780.0,-10.0,-0.09504959944997608,0.2464,0.1513504005500239
57.681353879,770.0,0.55,780.0,-10.0,-0.1,0.2926,0.19260000000000002,780.0,-10.0,-0.09578410369997528,0.2464,0.15061589630002473
57.694827422,770.0,0.55,780.0,-10.0,-0.1,0.2926,0.19260000000000002,780.0,-10.0,-0.09653272459997879,0.2464,0.1498672754000212
57.706733548,770.0,0.55,780.0,-10.0,-0.1,0.2926,0.19260000000000002,760.0,10.0,0.09405896505001238,0.2464,0.3404589650500124
57.718997549,770.0,0.55,780.0,-10.0,-0.1,0.2926,0.19260000000000002,760.0,10.0,0.0946710130500287,0.2464,0.34107101305002874
57.731154509,770.0,0.55,780.0,-10.0,-0.1,0.2926,0.19260000000000002,760.0,10.0,0.0952747631000102,0.2464,0.3416747631000102
57.745253385,770.0,0.55,760.0,10.0,0.09064140420001877,0.2926,0.3832414042000188,780.0,-10.0,-0.09536659734999375,0.2464,0.15103340265000625
57.75984197,770.0,0.55,780.0,-10.0,-0.1,0.2926,0.19260000000000002,780.0,-10.0,-0.09605921825000223,0.2464,0.15034078174999777
57.77304893,770.0,0.55,780.0,-10.0,-0.1,0.2926,0.19260000000000002,780.0,-10.0,-0.09682459544999347,0.2464,0.14957540455000654
57.787306473,770.0,0.55,780.0,-10.0,-0.1,0.2926,0.19260000000000002,760.0,10.0,0.09379398585000673,0.2464,0.3401939858500067
57.800337849,770.0,0.55,780.0,-10.0,-0.1,0.2926,0.19260000000000002,760.0,10.0,0.0945373713500112,0.2464,0.34093737135001123
57.815366267,770.0,0.55,780.0,-10.0,-0.1,0.2926,0.19260000000000002,780.0,-10.0,-0.09613280579999355,0.2464,0.15026719420000645
57.829197685,770.0,0.55,780.0,-10.0,-0.1,0.2926,0.19260000000000002,780.0,-10.0,-0.09690289334998851,0.2464,0.14949710665001148
57.841908228,770.0,0.55,780.0,-10.0,-0.1,0.2926,0.19260000000000002,780.0,-10.0,-0.09752500384997802,0.2464,0.14887499615002198
57.85702298,770.0,0.55,760.0,10.0,0.0907043021500067,0.2926,0.3833043021500067,760.0,10.0,0.09317923995003184,0.2464,0.33957923995003186
57.872706481,770.0,0.55,780.0,-10.0,-0.09997007499998745,0.2926,0.19262992500001258,760.0,10.0,0.0938536608500408,0.2464,0.34025366085004083
57.889683233,770.0,0.55,760.0,10.0,0.09095477090001168,0.2926,0.3835547709000117,780.0,-10.0,-0.0970711850999578,0.2464,0.1493288149000422
57.905812401,770.0,0.55,780.0,-10.0,-0.09988947294998525,0.2926,0.1927105270500148,780.0,-10.0,-0.09791542894995472,0.2464,0.14848457105004528
57.920007236,770.0,0.55,760.0,10.0,0.09081764380001914,0.2926,0.3834176438000192,760.0,10.0,0.09279168775005019,0.2464,0.3391916877500502
57.933302571,770.0,0.55,780.0,-10.0,-0.09985477914999592,0.2926,0.19274522085000412,760.0,10.0,0.09346411075004199,0.2464,0.33986411075004197
57.947136614,770.0,0.55,760.0,10.0,0.09083370009999726,0.2926,0.3834337000999973,780.0,-10.0,-0.097224412249966,0.2464,0.149175587750034
57.961610282,770.0,0.55,780.0,-10.0,-0.09989820830001009,0.2926,0.19270179169998994,780.0,-10.0,-0.09795630604996859,0.2464,0.14844369395003143
57.9757112,770.0,0.55,780.0,-10.0,-0.1,0.2926,0.19260000000000002,780.0,-10.0,-0.09864348739995421,0.2464,0.1477565126000458
57.988103243,770.0,0.55,780.0,-10.0,-0.1,0.2926,0.19260000000000002,780.0,-10.0,-0.09933539369994833,0.2464,0.1470646063000517
58.000588911,770.0,0.55,780.0,-10.0,-0.1,0.2926,0.19260000000000002,760.0,10.0,0.09129307510005674,0.2464,0.33769307510005675
58.015018537,770.0,0.55,760.0,10.0,0.09064983340000708,0.2926,0.3832498334000071,760.0,10.0,0.09194285020006646,0.2464,0.3383428502000665
58.029371455,770.0,0.55,780.0,-10.0,-0.1,0.2926,0.19260000000000002,780.0,-10.0,-0.09878743944993858,0.2464,0.14761256055006144
58.04122479,770.0,0.55,780.0,-10.0,-0.1,0.2926,0.19260000000000002,780.0,-10.0,-0.09943181864991857,0.2464,0.14696818135008144
58.058553583,770.0,0.55,780.0,-10.0,-0.1,0.2926,0.19260000000000002,780.0,-10.0,-0.1,0.2464,0.1464
58.10515463,770.0,0.55,780.0,-10.0,-0.1,0.2926,0.19260000000000002,760.0,10.0,0.09232853565000823,0.2464,0.33872853565000827
58.130695882,770.0,0.55,780.0,-10.0,-0.1,0.2926,0.19260000000000002,780.0,-10.0,-0.09872684569998,0.2464,0.14767315430002
58.145186175,770.0,0.55,760.0,10.0,0.09087129590001496,0.2926,0.383471295900015,760.0,10.0,0.09214447940002174,0.2464,0.33854447940002175
58.161007344,770.0,0.55,760.0,10.0,0.09164817930001391,0.2926,0.3842481793000139,780.0,-10.0,-0.0986324477499693,0.2464,0.14776755225003071
58.17570472,770.0,0.55,760.0,10.0,0.0923034814500079,0.2926,0.3849034814500079,760.0,10.0,0.09202286895002999,0.2464,0.33842286895003
58.188204096,770.0,0.55,760.0,10.0,0.0930438044499988,0.2926,0.3856438044499988,780.0,-10.0,-0.09871745404998364,0.2464,0.14768254595001637
58.199866972,770.0,0.55,760.0,10.0,0.09363091490000898,0.2926,0.386230914900009,760.0,10.0,0.09186965645000328,0.2464,0.3382696564500033
58.211835807,770.0,0.55,780.0,-10.0,-0.09697158099997978,0.2926,0.19562841900002026,760.0,10.0,0.0924721086000227,0.2464,0.3388721086000227
58.223390767,770.0,0.55,780.0,-10.0,-0.0975474039999881,0.2926,0.19505259600001193,780.0,-10.0,-0.09810374354997294,0.2464,0.1482962564500271
58.236320643,770.0,0.55,760.0,10.0,0.09307854190000399,0.2926,0.385678541900004,760.0,10.0,0.09252221690002443,0.2464,0.33892221690002444
58.248404102,770.0,0.55,780.0,-10.0,-0.09751507275000222,0.2926,0.19508492724999782,780.0,-10.0,-0.09807139774998178,0.2464,0.14832860225001823
58.260645062,770.0,0.55,760.0,10.0,0.0931219419000081,0.2926,0.38572194190000814,780.0,-10.0,-0.09870841239996934,0.2464,0.14769158760003065
58.272521146,770.0,0.55,760.0,10.0,0.09371312110000872,0.2926,0.38631312110000876,760.0,10.0,0.09188275225002598,0.2464,0.338282752250026
58.289660356,770.0,0.55,780.0,-10.0,-0.09708528729997852,0.2926,0.19551471270002152,780.0,-10.0,-0.09891564154997923,0.2464,0.14748435845002078
58.304027275,770.0,0.55,760.0,10.0,0.09363647110002603,0.2926,0.38623647110002607,780.0,-10.0,-0.09963739994998377,0.2464,0.14676260005001623
58.318256818,770.0,0.55,780.0,-10.0,-0.0971186539999735,0.2926,0.19548134600002653,780.0,-10.0,-0.1,0.2464,0.1464
58.332154444,770.0,0.55,780.0,-10.0,-0.09782636864997585,0.2926,0.19477363135002418,760.0,10.0,0.0907077438000124,0.2464,0.3371077438000124
58.345846737,770.0,0.55,780.0,-10.0,-0.09849934579997352,0.2926,0.1941006542000265,760.0,10.0,0.09138073555001483,0.2464,0.33778073555001487
58.360145405,770.0,0.55,780.0,-10.0,-0.0992104000499694,0.2926,0.19338959995003063,780.0,-10.0,-0.09933028949997151,0.2464,0.14706971050002848
58.379142824,770.0,0.55,780.0,-10.0,-0.1,0.2926,0.19260000000000002,780.0,-10.0,-0.1,0.2464,0.1464
58.389801783,770.0,0.55,760.0,10.0,0.09078945425000257,0.2926,0.3833894542500026,780.0,-10.0,-0.1,0.2464,0.1464
58.40451491,770.0,0.55,780.0,-10.0,-0.0998381978999987,0.2926,0.19276180210000132,760.0,10.0,0.09062762299999122,0.2464,0.3370276229999912
58.418611161,770.0,0.55,760.0,10.0,0.09086321675000818,0.2926,0.3834632167500082,760.0,10.0,0.0913289938999833,0.2464,0.3377289938999833
58.433137038,770.0,0.55,760.0,10.0,0.09160283974998948,0.2926,0.3842028397499895,780.0,-10.0,-0.09941065825003079,0.2464,0.14698934174996922
58.447870289,770.0,0.55,780.0,-10.0,-0.09911467490001087,0.2926,0.19348532509998917,780.0,-10.0,-0.1,0.2464,0.1464
58.459711957,770.0,0.55,760.0,10.0,0.09160142519998772,0.2926,0.38420142519998773,780.0,-10.0,-0.1,0.2464,0.1464
58.476052292,770.0,0.55,780.0,-10.0,-0.09910602695001672,0.2926,0.1934939730499833,760.0,10.0,0.09070745214998169,0.2464,0.3371074521499817
58.490213585,770.0,0.55,780.0,-10.0,-0.09982190825000999,0.2926,0.19277809174999005,780.0,-10.0,-0.1,0.2464,0.1464
58.501499919,770.0,0.55,780.0,-10.0,-0.1,0.2926,0.19260000000000002,780.0,-10.0,-0.1,0.2464,0.1464
58.513683712,770.0,0.55,780.0,-10.0,-0.1,0.2926,0.19260000000000002,780.0,-10.0,-0.1,0.2464,0.1464
58.526729964,770.0,0.55,780.0,-10.0,-0.1,0.2926,0.19260000000000002,760.0,10.0,0.09053831464999804,0.2464,0.336938314649998
58.53925209,770.0,0.55,780.0,-10.0,-0.1,0.2926,0.19260000000000002,760.0,10.0,0.09117430845000399,0.2464,0.337574308450004
58.55258855,770.0,0.55,760.0,10.0,0.09060532504999173,0.2926,0.3832053250499918,760.0,10.0,0.09177963349999572,0.2464,0.33817963349999575
58.566951968,770.0,0.55,780.0,-10.0,-0.1,0.2926,0.19260000000000002,760.0,10.0,0.0924876544000108,0.2464,0.3388876544000108
58.606834472,770.0,0.55,780.0,-10.0,-0.1,0.2926,0.19260000000000002,760.0,10.0,0.09455249420001564,0.2464,0.34095249420001567
58.623901057,770.0,0.55,780.0,-10.0,-0.1,0.2926,0.19260000000000002,780.0,-10.0,-0.09630523924997761,0.2464,0.1500947607500224
58.639005308,770.0,0.55,780.0,-10.0,-0.1,0.2926,0.19260000000000002,760.0,10.0,0.09426412330002677,0.2464,0.34066412330002677
58.651336393,770.0,0.55,780.0,-10.0,-0.1,0.2926,0.19260000000000002,800.0,-30.0,-0.2881314518499175,0.2464,-0.0417314518499175
58.666704019,770.0,0.55,760.0,10.0,0.09069335004998266,0.2926,0.38329335004998266,800.0,-30.0,-0.29,0.2464,-0.04359999999999997
# 58.678 Shooter Ready
58.683033854,770.0,0.55,760.0,10.0,0.09145760430000337,0.2926,0.3840576043000034,760.0,10.0,0.09076423965001595,0.2464,0.33716423965001596
58.695508731,770.0,0.55,760.0,10.0,0.0921457627000018,0.2926,0.3847457627000018,760.0,10.0,0.09145239805001439,0.2464,0.3378523980500144
58.709432315,770.0,0.55,740.0,30.0,0.28422025669997764,0.2926,0.5768202566999776,740.0,30.0,0.2835268920499902,0.2464,0.5299268920499902
58.722259233,770.0,0.55,740.0,30.0,0.2861579006000102,0.2926,0.5787579006000102,760.0,10.0,0.0941727879499831,0.2464,0.34057278794998314
58.736641026,770.0,0.55,740.0,30.0,0.2882857257499654,0.2926,0.5808857257499654,760.0,10.0,0.09488206299999093,0.2464,0.3412820629999909
58.749380736,770.0,0.55,760.0,10.0,0.09893936539996503,0.2926,0.39153936539996503,740.0,30.0,0.2868429819499897,0.2464,0.5332429819499898
58.764166779,770.0,0.55,780.0,-10.0,-0.09171988885004793,0.2926,0.20088011114995208,760.0,10.0,0.09750222159999794,0.2464,0.34390222159999795
58.777488072,770.0,0.55,760.0,10.0,0.09901229664993935,0.2926,0.39161229664993935,760.0,10.0,0.09823442169998998,0.2464,0.34463442169999
58.79284024,770.0,0.55,780.0,-10.0,-0.09172147840006346,0.2926,0.20087852159993658,760.0,10.0,0.09896816759998274,0.2464,0.34536816759998273
58.806874658,770.0,0.55,780.0,-10.0,-0.09245901600006619,0.2926,0.20014098399993385,760.0,10.0,0.09970570514998599,0.2464,0.346105705149986
58.820462535,770.0,0.55,780.0,-10.0,-0.09314694105005401,0.2926,0.19945305894994603,780.0,-10.0,-0.09098220535001929,0.2464,0.15541779464998073
58.834531953,770.0,0.55,780.0,-10.0,-0.0938299953000751,0.2926,0.19877000469992492,780.0,-10.0,-0.09166528875002769,0.2464,0.15473471124997232
58.848389038,770.0,0.55,780.0,-10.0,-0.09453480785007287,0.2926,0.19806519214992716,760.0,10.0,0.09903952384996956,0.2464,0.34543952384996957
58.861459789,770.0,0.55,780.0,-10.0,-0.09519291000005978,0.2926,0.19740708999994025,780.0,-10.0,-0.09161851995002053,0.2464,0.1547814800499795
58.880445249,770.0,0.55,780.0,-10.0,-0.09599595595007031,0.2926,0.1966040440499297,760.0,10.0,0.09918455514997732,0.2464,0.3455845551499773
58.896385417,770.0,0.55,780.0,-10.0,-0.0969275685000639,0.2926,0.19567243149993613,780.0,-10.0,-0.09174707200002104,0.2464,0.15465292799997898
58.911223669,770.0,0.55,780.0,-10.0,-0.09767311235007128,0.2926,0.19492688764992874,800.0,-30.0,-0.28398352850005265,0.2464,-0.03758352850005264
58.92614242,770.0,0.55,760.0,10.0,0.09303678979992128,0.2926,0.38563678979992133,780.0,-10.0,-0.09469353275005687,0.2464,0.15170646724994313
58.939243213,770.0,0.55,780.0,-10.0,-0.09768014150008639,0.2926,0.19491985849991364,800.0,-30.0,-0.2868442828500656,0.2464,-0.04044428285006557
58.952252715,770.0,0.55,780.0,-10.0,-0.09831918325007791,0.2926,0.19428081674992212,780.0,-10.0,-0.09748332460005713,0.2464,0.14891667539994288
58.967752466,770.0,0.55,760.0,10.0,0.09236613139991277,0.2926,0.3849661313999128,780.0,-10.0,-0.09816865385005258,0.2464,0.14823134614994743
58.982485426,770.0,0.55,780.0,-10.0,-0.09846116660010011,0.2926,0.1941388333998999,780.0,-10.0,-0.0989959372500607,0.2464,0.1474040627499393
58.996691344,770.0,0.55,760.0,10.0,0.09222636469989084,0.2926,0.38482636469989084,760.0,10.0,0.09169157949994769,0.2464,0.3380915794999477
59.013122388,770.0,0.55,780.0,-10.0,-0.09858904790012275,0.2926,0.1940109520998773,740.0,30.0,0.2841378171499218,0.2464,0.5305378171499218
# 59.025 Shooter Ready
59.028146431,770.0,0.55,780.0,-10.0,-0.0993617896501064,0.2926,0.19323821034989364,760.0,10.0,0.09491055889992822,0.2464,0.34131055889992823
59.048211641,770.0,0.55,760.0,10.0,0.09139610624989927,0.2926,0.3839961062498993,740.0,30.0,0.2871842467498754,0.2464,0.5335842467498755
59.060655892,770.0,0.55,780.0,-10.0,-0.09948216050011069,0.2926,0.19311783949988934,780.0,-10.0,-0.0936940345501398,0.2464,0.1527059654498602
59.07370331,770.0,0.55,780.0,-10.0,-0.1,0.2926,0.19260000000000002,760.0,10.0,0.09694292179985041,0.2464,0.34334292179985043
59.113879814,770.0,0.55,780.0,-10.0,-0.1,0.2926,0.19260000000000002,760.0,10.0,0.09901833449984224,0.2464,0.34541833449984227
59.132549691,770.0,0.55,780.0,-10.0,-0.1,0.2926,0.19260000000000002,800.0,-30.0,-0.2837588720001713,0.2464,-0.037358872000171295
59.149607235,770.0,0.55,780.0,-10.0,-0.1,0.2926,0.19260000000000002,760.0,10.0,0.09694077804982953,0.2464,0.34334077804982954
59.165487028,770.0,0.55,760.0,10.0,0.09087516050000431,0.2926,0.38347516050000435,760.0,10.0,0.09781596774984337,0.2464,0.34421596774984337
59.180116446,770.0,0.55,780.0,-10.0,-0.09987211874999957,0.2926,0.19272788125000045,760.0,10.0,0.09856324699982452,0.2464,0.3449632469998245
59.195492531,770.0,0.55,760.0,10.0,0.09082726880000337,0.2926,0.3834272688000034,760.0,10.0,0.09926264914983221,0.2464,0.34566264914983225
59.209379074,770.0,0.55,780.0,-10.0,-0.09993040839999594,0.2926,0.19266959160000408,800.0,-30.0,-0.28301042610018157,0.2464,-0.03661042610018156
59.22232295,770.0,0.55,780.0,-10.0,-0.1,0.2926,0.19260000000000002,760.0,10.0,0.09765464684982363,0.2464,0.3440546468498236
59.235856285,770.0,0.55,760.0,10.0,0.09064064589998908,0.2926,0.3832406458999891,760.0,10.0,0.09829530734981745,0.2464,0.34469530734981746
59.253390412,770.0,0.55,780.0,-10.0,-0.1,0.2926,0.19260000000000002,760.0,10.0,0.09919782619980652,0.2464,0.3455978261998065
59.266195163,770.0,0.55,760.0,10.0,0.09064455419999376,0.2926,0.3832445541999938,760.0,10.0,0.09984236584981773,0.2464,0.3462423658498177
59.28326729,770.0,0.55,780.0,-10.0,-0.1,0.2926,0.19260000000000002,760.0,10.0,0.1,0.2464,0.34640000000000004
59.292291166,770.0,0.55,780.0,-10.0,-0.1,0.2926,0.19260000000000002,760.0,10.0,0.1,0.2464,0.34640000000000004
59.305736417,770.0,0.55,780.0,-10.0,-0.1,0.2926,0.19260000000000002,760.0,10.0,0.1,0.2464,0.34640000000000004
59.315425001,770.0,0.55,780.0,-10.0,-0.1,0.2926,0.19260000000000002,760.0,10.0,0.1,0.2464,0.34640000000000004
59.326769086,770.0,0.55,760.0,10.0,0.09049140005000936,0.2926,0.3830914000500094,760.0,10.0,0.1,0.2464,0.34640000000000004
59.343843837,770.0,0.55,760.0,10.0,0.09129427095000665,0.2926,0.38389427095000667,760.0,10.0,0.1,0.2464,0.34640000000000004
59.358577672,770.0,0.55,780.0,-10.0,-0.09939563744999305,0.2926,0.19320436255000698,780.0,-10.0,-0.0906899083999997,0.2464,0.15571009160000032
59.381811841,770.0,0.55,780.0,-10.0,-0.1,0.2926,0.19260000000000002,780.0,-10.0,-0.0916472168000064,0.2464,0.1547527831999936
59.40194851,770.0,0.55,780.0,-10.0,-0.1,0.2926,0.19260000000000002,760.0,10.0,0.09962649169999623,0.2464,0.3460264916999962
59.414531011,770.0,0.55,780.0,-10.0,-0.1,0.2926,0.19260000000000002,760.0,10.0,0.1,0.2464,0.34640000000000004
59.429137971,770.0,0.55,780.0,-10.0,-0.1,0.2926,0.19260000000000002,760.0,10.0,0.1,0.2464,0.34640000000000004
59.445137931,770.0,0.55,780.0,-10.0,-0.1,0.2926,0.19260000000000002,780.0,-10.0,-0.09049848755002131,0.2464,0.15590151244997869
59.4675881,770.0,0.55,760.0,10.0,0.09110244180000336,0.2926,0.3837024418000034,780.0,-10.0,-0.09160092930000246,0.2464,0.15479907069999754
59.481634185,770.0,0.55,760.0,10.0,0.09195122104998973,0.2926,0.38455122104998973,780.0,-10.0,-0.09244975230000364,0.2464,0.15395024769999638
59.509767187,770.0,0.55,780.0,-10.0,-0.09946378535000804,0.2926,0.19313621464999198,760.0,10.0,0.09896525409999413,0.2464,0.34536525409999413
59.523486022,770.0,0.55,780.0,-10.0,-0.1,0.2926,0.19260000000000002,780.0,-10.0,-0.09172318140000699,0.2464,0.15467681859999302
59.53811369,770.0,0.55,780.0,-10.0,-0.1,0.2926,0.19260000000000002,780.0,-10.0,-0.0924863127000117,0.2464,0.1539136872999883
59.550587983,770.0,0.55,780.0,-10.0,-0.1,0.2926,0.19260000000000002,780.0,-10.0,-0.09313862530001643,0.2464,0.15326137469998358
59.564470735,770.0,0.55,760.0,10.0,0.09062569799999892,0.2926,0.38322569799999895,760.0,10.0,0.09748708724998778,0.2464,0.3438870872499878
59.578027694,770.0,0.55,780.0,-10.0,-0.1,0.2926,0.19260000000000002,760.0,10.0,0.09814119354998638,0.2464,0.34454119354998636
59.629313783,770.0,0.55,760.0,10.0,0.09259987315000671,0.2926,0.38519987315000676,780.0,-10.0,-0.09445870880000712,0.2464,0.1519412911999929
59.65421366,770.0,0.55,780.0,-10.0,-0.09847895820000759,0.2926,0.19412104179999246,780.0,-10.0,-0.09553754014999868,0.2464,0.15086245985000132
59.66700937,770.0,0.55,760.0,10.0,0.0923210106499846,0.2926,0.38492101064998463,760.0,10.0,0.09526242870001625,0.2464,0.3416624287000163
59.682883913,770.0,0.55,780.0,-10.0,-0.09847959985002035,0.2926,0.19412040014997967,760.0,10.0,0.0960630392000212,0.2464,0.3424630392000212
59.698449873,770.0,0.55,780.0,-10.0,-0.09913617075001184,0.2926,0.19346382924998817,780.0,-10.0,-0.0945935462499756,0.2464,0.1518064537500244
59.71386125,770.0,0.55,760.0,10.0,0.09175335434998942,0.2926,0.38435335434998946,800.0,-30.0,-0.2872620778999635,0.2464,-0.04086207789996349
# 59.726 Shooter Ready
59.72991546,770.0,0.55,780.0,-10.0,-0.0990407811500063,0.2926,0.19355921884999372,760.0,10.0,0.09353201385004013,0.2464,0.3399320138500401
59.742881211,770.0,0.55,780.0,-10.0,-0.0996896374500011,0.2926,0.19291036254999894,760.0,10.0,0.094180913900027,0.2464,0.340580913900027
59.756091671,770.0,0.55,780.0,-10.0,-0.1,0.2926,0.19260000000000002,760.0,10.0,0.0948381848000281,0.2464,0.3412381848000281
59.766964713,770.0,0.55,780.0,-10.0,-0.1,0.2926,0.19260000000000002,760.0,10.0,0.09545376195003427,0.2464,0.34185376195003425
59.780492506,770.0,0.55,760.0,10.0,0.0905895896499851,0.2926,0.3831895896499851,780.0,-10.0,-0.09513584224995611,0.2464,0.1512641577500439
59.793649299,770.0,0.55,760.0,10.0,0.0912650313999984,0.2926,0.38386503139999845,760.0,10.0,0.09553958490005243,0.2464,0.34193958490005244
59.808535967,770.0,0.55,780.0,-10.0,-0.09948331240000244,0.2926,0.1931166875999976,760.0,10.0,0.09628789955004322,0.2464,0.3426878995500432
59.822979302,770.0,0.55,760.0,10.0,0.09121473350000088,0.2926,0.3838147335000009,780.0,-10.0,-0.09441017554996961,0.2464,0.1519898244500304
59.837090137,770.0,0.55,780.0,-10.0,-0.09951691244998528,0.2926,0.19308308755001474,780.0,-10.0,-0.09514179229996898,0.2464,0.151258207700031
59.851331347,770.0,0.55,780.0,-10.0,-0.1,0.2926,0.19260000000000002,760.0,10.0,0.09556541190002008,0.2464,0.34196541190002006
59.865860723,770.0,0.55,760.0,10.0,0.0907040687999961,0.2926,0.3833040687999961,760.0,10.0,0.09626948075003838,0.2464,0.3426694807500384
59.884037392,770.0,0.55,780.0,-10.0,-0.1,0.2926,0.19260000000000002,780.0,-10.0,-0.0945654442999421,0.2464,0.1518345557000579
59.900880852,770.0,0.55,760.0,10.0,0.09091926050001803,0.2926,0.38351926050001806,780.0,-10.0,-0.09548469024995485,0.2464,0.15091530975004516
59.920073979,770.0,0.55,780.0,-10.0,-0.0999949979499661,0.2926,0.19260500205003395,740.0,30.0,0.28725808495006727,0.2464,0.5336580849500673
# 59.935 Shooter Ready
59.938886481,770.0,0.55,760.0,10.0,0.09098777295004311,0.2926,0.38358777295004315,780.0,-10.0,-0.09372462764992179,0.2464,0.15267537235007822
59.953900899,770.0,0.55,780.0,-10.0,-0.09977678754994486,0.2926,0.19282321245005518,760.0,10.0,0.0970400058000905,0.2464,0.3434400058000905
59.968918817,770.0,0.55,780.0,-10.0,-0.1,0.2926,0.19260000000000002,800.0,-30.0,-0.2851815318498711,0.2464,-0.0387815318498711
59.981575401,770.0,0.55,780.0,-10.0,-0.1,0.2926,0.19260000000000002,760.0,10.0,0.0955320890501298,0.2464,0.34193208905012984
59.99636582,770.0,0.55,800.0,-30.0,-0.29,0.2926,0.0026000000000000467,780.0,-10.0,-0.09514306104987555,0.2464,0.15125693895012446
60.012587446,770.0,0.55,780.0,-10.0,-0.1,0.2926,0.19260000000000002,780.0,-10.0,-0.09593700694987548,0.2464,0.15046299305012453
60.024306322,770.0,0.55,780.0,-10.0,-0.1,0.2926,0.19260000000000002,760.0,10.0,0.09473245560011492,0.2464,0.34113245560011496
60.039194741,770.0,0.55,760.0,10.0,0.09066354175000925,0.2926,0.38326354175000926,780.0,-10.0,-0.09593108614989433,0.2464,0.1504689138501057
60.053409992,770.0,0.55,780.0,-10.0,-0.1,0.2926,0.19260000000000002,760.0,10.0,0.09473645140010375,0.2464,0.34113645140010374
60.066555118,770.0,0.55,780.0,-10.0,-0.1,0.2926,0.19260000000000002,780.0,-10.0,-0.09602227574988774,0.2464,0.15037772425011225
60.080065995,770.0,0.55,760.0,10.0,0.09063121050000064,0.2926,0.38323121050000064,760.0,10.0,0.09460892015010813,0.2464,0.34100892015010814
60.095430705,770.0,0.55,780.0,-10.0,-0.1,0.2926,0.19260000000000002,740.0,30.0,0.2869000642501669,0.2464,0.5333000642501668
# 60.148 Shooter Ready
60.151331544,770.0,0.55,760.0,10.0,0.09280317945000661,0.2926,0.3854031794500066,780.0,-10.0,-0.09590311519981697,0.2464,0.15049688480018303
60.175816379,770.0,0.55,780.0,-10.0,-0.09826661019999391,0.2926,0.1943333898000061,800.0,-30.0,-0.28911265919980905,0.2464,-0.042712659199809044
60.191097673,770.0,0.55,760.0,10.0,0.0926542982500132,0.2926,0.3852542982500132,800.0,-30.0,-0.29,0.2464,-0.04359999999999997
# 60.202 Shooter Ready
60.205014257,770.0,0.55,780.0,-10.0,-0.09806862679997722,0.2926,0.1945313732000228,800.0,-30.0,-0.29,0.2464,-0.04359999999999997
60.219237675,770.0,0.55,760.0,10.0,0.09257872745003169,0.2926,0.38517872745003173,780.0,-10.0,-0.1,0.2464,0.1464
60.232370843,770.0,0.55,760.0,10.0,0.09337868170001912,0.2926,0.38597868170001914,780.0,-10.0,-0.1,0.2464,0.1464
60.246580553,770.0,0.55,780.0,-10.0,-0.09723320584998874,0.2926,0.1953667941500113,760.0,10.0,0.09061188755000785,0.2464,0.3370118875500079
60.259391138,770.0,0.55,760.0,10.0,0.09340544215000592,0.2926,0.38600544215000593,780.0,-10.0,-0.1,0.2464,0.1464
60.271063347,770.0,0.55,780.0,-10.0,-0.09727408290000313,0.2926,0.19532591709999692,780.0,-10.0,-0.1,0.2464,0.1464
60.286057349,770.0,0.55,780.0,-10.0,-0.09787004545000855,0.2926,0.19472995454999148,760.0,10.0,0.09059596255000543,0.2464,0.3369959625500054
60.300370017,770.0,0.55,780.0,-10.0,-0.09863257889999204,0.2926,0.19396742110000798,780.0,-10.0,-0.1,0.2464,0.1464
60.314273477,770.0,0.55,780.0,-10.0,-0.09933186435000607,0.2926,0.19326813564999396,760.0,10.0,0.09069924175002143,0.2464,0.33709924175002143
60.330134603,770.0,0.55,780.0,-10.0,-0.1,0.2926,0.19260000000000002,760.0,10.0,0.09146243140000024,0.2464,0.3378624314000003
60.343680188,770.0,0.55,780.0,-10.0,-0.1,0.2926,0.19260000000000002,760.0,10.0,0.09223235855000894,0.2464,0.33863235855000895
60.357086939,770.0,0.55,780.0,-10.0,-0.1,0.2926,0.19260000000000002,760.0,10.0,0.09289765030001945,0.2464,0.33929765030001946
60.36936319,770.0,0.55,780.0,-10.0,-0.1,0.2926,0.19260000000000002,760.0,10.0,0.09351580870001272,0.2464,0.3399158087000127
60.386295609,770.0,0.55,780.0,-10.0,-0.1,0.2926,0.19260000000000002,780.0,-10.0,-0.09712922674998481,0.2464,0.1492707732500152
60.400560735,770.0,0.55,780.0,-10.0,-0.1,0.2926,0.19260000000000002,760.0,10.0,0.09376567960001922,0.2464,0.3401656796000192
60.41720032,770.0,0.55,760.0,10.0,0.09078087925001001,0.2926,0.38338087925001,760.0,10.0,0.09454657345001125,0.2464,0.3409465734500112
60.431270905,770.0,0.55,760.0,10.0,0.09148757310000746,0.2926,0.3840875731000075,760.0,10.0,0.09525322350001716,0.2464,0.34165322350001714
60.447723823,770.0,0.55,780.0,-10.0,-0.09932985195000583,0.2926,0.1932701480499942,780.0,-10.0,-0.09556423074998292,0.2464,0.15083576925001707
60.461006325,770.0,0.55,760.0,10.0,0.09133840019998388,0.2926,0.38393840019998393,780.0,-10.0,-0.09623246829999062,0.2464,0.1501675317000094
60.477746243,770.0,0.55,780.0,-10.0,-0.09950040405001345,0.2926,0.19309959594998657,760.0,10.0,0.09460635054998875,0.2464,0.34100635054998873
60.492503703,770.0,0.55,760.0,10.0,0.0912414501999956,0.2926,0.3838414501999956,760.0,10.0,0.09534820479999781,0.2464,0.3417482047999978
60.508010746,770.0,0.55,780.0,-10.0,-0.0995090227999981,0.2926,0.19309097720000193,780.0,-10.0,-0.0954022681999959,0.2464,0.15099773180000411
60.524696998,770.0,0.55,780.0,-10.0,-0.1,0.2926,0.19260000000000002,760.0,10.0,0.09546548395000173,0.2464,0.3418654839500017
60.539078208,770.0,0.55,780.0,-10.0,-0.1,0.2926,0.19260000000000002,780.0,-10.0,-0.09530402030000004,0.2464,0.15109597969999997
60.556688751,770.0,0.55,780.0,-10.0,-0.1,0.2926,0.19260000000000002,780.0,-10.0,-0.09600982455001486,0.2464,0.15039017544998515
60.571269752,770.0,0.55,760.0,10.0,0.0908475396499989,0.2926,0.38344753964999895,780.0,-10.0,-0.09685737880001852,0.2464,0.1495426211999815
60.588054587,770.0,0.55,760.0,10.0,0.09167730225000469,0.2926,0.3842773022500047,800.0,-30.0,-0.2893466664499692,0.2464,-0.042946666449969195
# 60.599 Shooter Ready
60.602923464,770.0,0.55,780.0,-10.0,-0.09907021034998706,0.2926,0.19352978965001297,760.0,10.0,0.09140078780004843,0.2464,0.3378007878000484
60.630618967,770.0,0.55,780.0,-10.0,-0.1,0.2926,0.19260000000000002,760.0,10.0,0.09276880670003265,0.2464,0.3391688067000327
60.669150762,770.0,0.55,780.0,-10.0,-0.1,0.2926,0.19260000000000002,780.0,-10.0,-0.09923704349996569,0.2464,0.1471629565000343
60.690954598,770.0,0.55,760.0,10.0,0.09085418969999864,0.2926,0.38345418969999867,760.0,10.0,0.09161714615003348,0.2464,0.3380171461500335
60.708010974,770.0,0.55,780.0,-10.0,-0.1,0.2926,0.19260000000000002,740.0,30.0,0.28449782145008157,0.2464,0.5308978214500816
# 60.720 Shooter Ready
60.723742601,770.0,0.55,760.0,10.0,0.09085331464999855,0.2926,0.38345331464999854,760.0,10.0,0.09535110695007007,0.2464,0.34175110695007005
60.737565852,770.0,0.55,780.0,-10.0,-0.09983357500000238,0.2926,0.19276642499999763,760.0,10.0,0.0960380258000805,0.2464,0.34243802580008054
60.750988645,770.0,0.55,780.0,-10.0,-0.1,0.2926,0.19260000000000002,780.0,-10.0,-0.09461234714990496,0.2464,0.15178765285009505
60.765458522,770.0,0.55,760.0,10.0,0.09073877714999071,0.2926,0.38333877714999076,760.0,10.0,0.09612645920009527,0.2464,0.3425264592000953
60.780033982,770.0,0.55,780.0,-10.0,-0.09996526250001807,0.2926,0.19263473749998195,760.0,10.0,0.09683044050010722,0.2464,0.3432304405001072
60.793635858,770.0,0.55,780.0,-10.0,-0.1,0.2926,0.19260000000000002,780.0,-10.0,-0.09389061789988773,0.2464,0.15250938210011228
60.805572901,770.0,0.55,780.0,-10.0,-0.1,0.2926,0.19260000000000002,780.0,-10.0,-0.09454637214989817,0.2464,0.15185362785010184
60.820298277,770.0,0.55,780.0,-10.0,-0.1,0.2926,0.19260000000000002,760.0,10.0,0.0961679633500944,0.2464,0.34256796335009443
60.836087654,770.0,0.55,760.0,10.0,0.09075591260001602,0.2926,0.38335591260001606,780.0,-10.0,-0.09458793464989412,0.2464,0.15181206535010588
60.84995378,770.0,0.55,780.0,-10.0,-0.09993137079998178,0.2926,0.19266862920001826,780.0,-10.0,-0.09527524719990196,0.2464,0.15112475280009804
60.86373999,770.0,0.55,760.0,10.0,0.09075618965001922,0.2926,0.3833561896500193,760.0,10.0,0.09541229870009374,0.2464,0.3418122987000938
60.878199658,770.0,0.55,780.0,-10.0,-0.09995944379998037,0.2926,0.19264055620001966,780.0,-10.0,-0.09530333469990637,0.2464,0.15109666530009364
60.896132202,770.0,0.55,780.0,-10.0,-0.1,0.2926,0.19260000000000002,780.0,-10.0,-0.09599280559991712,0.2464,0.15040719440008288
60.909992786,770.0,0.55,780.0,-10.0,-0.1,0.2926,0.19260000000000002,780.0,-10.0,-0.09695661819991983,0.2464,0.14944338180008018
60.922964079,770.0,0.55,780.0,-10.0,-0.1,0.2926,0.19260000000000002,780.0,-10.0,-0.09761388909992093,0.2464,0.1487861109000791
60.937938539,770.0,0.55,760.0,10.0,0.0906524875499963,0.2926,0.3832524875499963,760.0,10.0,0.09303858390007008,0.2464,0.3394385839000701
60.951383207,770.0,0.55,780.0,-10.0,-0.1,0.2926,0.19260000000000002,780.0,-10.0,-0.09767076409993933,0.2464,0.14872923590006068
60.967164709,770.0,0.55,760.0,10.0,0.09074239380001017,0.2926,0.38334239380001023,780.0,-10.0,-0.09841317249993153,0.2464,0.14798682750006847
60.980561544,770.0,0.55,760.0,10.0,0.091436341800013,0.2926,0.384036341800013,780.0,-10.0,-0.09910712044993489,0.2464,0.14729287955006512
60.994185003,770.0,0.55,780.0,-10.0,-0.09926912704997903,0.2926,0.193330872950021,780.0,-10.0,-0.09981260389993167,0.2464,0.14658739610006832
61.00878438,770.0,0.55,760.0,10.0,0.09144089175003046,0.2926,0.3840408917500305,780.0,-10.0,-0.1,0.2464,0.1464
61.023290714,770.0,0.55,780.0,-10.0,-0.09930615414996283,0.2926,0.1932938458500372,760.0,10.0,0.09074704590001602,0.2464,0.33714704590001604
61.038493258,770.0,0.55,780.0,-10.0,-0.1,0.2926,0.19260000000000002,780.0,-10.0,-0.1,0.2464,0.1464
61.048387175,770.0,0.55,780.0,-10.0,-0.1,0.2926,0.19260000000000002,780.0,-10.0,-0.1,0.2464,0.1464
61.064352719,770.0,0.55,780.0,-10.0,-0.1,0.2926,0.19260000000000002,760.0,10.0,0.09062981050000417,0.2464,0.3370298105000042
61.07751272,770.0,0.55,760.0,10.0,0.09065791254999113,0.2926,0.38325791254999114,780.0,-10.0,-0.1,0.2464,0.1464
61.087964013,770.0,0.55,760.0,10.0,0.09128867094999805,0.2926,0.38388867094999807,780.0,-10.0,-0.1,0.2464,0.1464
61.102218639,770.0,0.55,780.0,-10.0,-0.09930475409998962,0.2926,0.1932952459000104,760.0,10.0,0.09059343965001518,0.2464,0.33699343965001516
61.115322932,770.0,0.55,780.0,-10.0,-0.09996227289998387,0.2926,0.19263772710001614,780.0,-10.0,-0.1,0.2464,0.1464
61.136246518,770.0,0.55,780.0,-10.0,-0.1,0.2926,0.19260000000000002,760.0,10.0,0.09105211464999684,0.2464,0.33745211464999686
61.17420198,770.0,0.55,780.0,-10.0,-0.1,0.2926,0.19260000000000002,760.0,10.0,0.09301759819999461,0.2464,0.3394175981999946
61.196478607,770.0,0.55,760.0,10.0,0.0908842751000202,0.2926,0.38348427510002026,780.0,-10.0,-0.09786667690000286,0.2464,0.14853332309999714
61.212080442,770.0,0.55,780.0,-10.0,-0.09994838959996741,0.2926,0.19265161040003262,760.0,10.0,0.0929659877499853,0.2464,0.3393659877499853
61.227424735,770.0,0.55,760.0,10.0,0.09091676670003836,0.2926,0.38351676670003837,760.0,10.0,0.09383112949998576,0.2464,0.3402311294999858
61.240524653,770.0,0.55,780.0,-10.0,-0.09975698339994779,0.2926,0.19284301660005224,760.0,10.0,0.09450489414999994,0.2464,0.3409048941499999
61.255051113,770.0,0.55,780.0,-10.0,-0.1,0.2926,0.19260000000000002,780.0,-10.0,-0.09621282470000096,0.2464,0.15018717529999903
61.268184572,770.0,0.55,780.0,-10.0,-0.1,0.2926,0.19260000000000002,780.0,-10.0,-0.09692224559998977,0.2464,0.14947775440001024
61.281279532,770.0,0.55,780.0,-10.0,-0.1,0.2926,0.19260000000000002,780.0,-10.0,-0.09759029360000113,0.2464,0.14880970639999888
61.295393867,770.0,0.55,760.0,10.0,0.09062959169999886,0.2926,0.3832295916999989,780.0,-10.0,-0.09821988529999999,0.2464,0.14818011470000003
61.312058827,770.0,0.55,780.0,-10.0,-0.1,0.2926,0.19260000000000002,760.0,10.0,0.09252510435000204,0.2464,0.33892510435000206
61.326240245,770.0,0.55,760.0,10.0,0.09079496675000429,0.2926,0.3833949667500043,740.0,30.0,0.28491000460001487,0.2464,0.5313100046000149
61.341394663,770.0,0.55,780.0,-10.0,-0.09995565204999365,0.2926,0.19264434795000637,780.0,-10.0,-0.09584054129998094,0.2464,0.15055945870001908
61.35801529,770.0,0.55,760.0,10.0,0.09086018345000411,0.2926,0.38346018345000416,780.0,-10.0,-0.0966564059999655,0.2464,0.1497435940000345
61.374768041,770.0,0.55,780.0,-10.0,-0.09998697705000267,0.2926,0.19261302294999735,800.0,-30.0,-0.2891978874999859,0.2464,-0.042797887499985865
61.390577251,770.0,0.55,760.0,10.0,0.09081461054999182,0.2926,0.3834146105499918,760.0,10.0,0.09160370005000915,0.2464,0.3380037000500091
61.414649962,770.0,0.55,780.0,-10.0,-0.1,0.2926,0.19260000000000002,780.0,-10.0,-0.09937355839999781,0.2464,0.1470264416000022
61.432232797,770.0,0.55,760.0,10.0,0.09109481469999083,0.2926,0.38369481469999084,760.0,10.0,0.091721256299993,0.2464,0.338121256299993
61.44784834,770.0,0.55,780.0,-10.0,-0.09969666665001568,0.2926,0.19290333334998433,780.0,-10.0,-0.09907021045000874,0.2464,0.14732978954999126
61.464152217,770.0,0.55,760.0,10.0,0.09111582924998857,0.2926,0.3837158292499886,760.0,10.0,0.09174231460000556,0.2464,0.33814231460000554
61.47931626,770.0,0.55,780.0,-10.0,-0.0996421396000187,0.2926,0.1929578603999813,760.0,10.0,0.09250026885000807,0.2464,0.33890026885000807
61.501752721,770.0,0.55,760.0,10.0,0.09149161259996617,0.2926,0.3840916125999662,780.0,-10.0,-0.09863349794998158,0.2464,0.14776650205001843
61.517769014,770.0,0.55,780.0,-10.0,-0.09929273745003683,0.2926,0.1933072625499632,780.0,-10.0,-0.0994178334499793,0.2464,0.14698216655002072
61.534457016,770.0,0.55,780.0,-10.0,-0.1,0.2926,0.19260000000000002,780.0,-10.0,-0.1,0.2464,0.1464
61.550974976,770.0,0.55,780.0,-10.0,-0.1,0.2926,0.19260000000000002,760.0,10.0,0.09086708134999753,0.2464,0.33726708134999756
61.567653061,770.0,0.55,780.0,-10.0,-0.1,0.2926,0.19260000000000002,780.0,-10.0,-0.09999092915002165,0.2464,0.14640907084997834
61.583702604,770.0,0.55,760.0,10.0,0.09071841880001102,0.2926,0.38331841880001105,760.0,10.0,0.09072750424997139,0.2464,0.3371275042499714
61.599419064,770.0,0.55,780.0,-10.0,-0.1,0.2926,0.19260000000000002,780.0,-10.0,-0.1,0.2464,0.1464
61.611841732,770.0,0.55,780.0,-10.0,-0.1,0.2926,0.19260000000000002,760.0,10.0,0.09068118760000289,0.2464,0.3370811876000029
61.625274733,770.0,0.55,780.0,-10.0,-0.1,0.2926,0.19260000000000002,780.0,-10.0,-0.09998863954999707,0.2464,0.14641136045000294
61.644025402,770.0,0.55,780.0,-10.0,-0.1,0.2926,0.19260000000000002,760.0,10.0,0.09094185010000275,0.2464,0.3373418501000027
61.681938864,770.0,0.55,780.0,-10.0,-0.1,0.2926,0.19260000000000002,760.0,10.0,0.09284942319999573,0.2464,0.33924942319999574
61.702443324,770.0,0.55,780.0,-10.0,-0.1,0.2926,0.19260000000000002,780.0,-10.0,-0.09799802899999577,0.2464,0.14840197100000424
61.716981159,770.0,0.55,760.0,10.0,0.09077016049999656,0.2926,0.3833701604999966,760.0,10.0,0.09277210230001401,0.2464,0.33917210230001404
61.730158369,770.0,0.55,760.0,10.0,0.09151312309999413,0.2926,0.3841131230999941,780.0,-10.0,-0.09797090404997562,0.2464,0.1484290959500244
61.743963829,770.0,0.55,780.0,-10.0,-0.0991638644500199,0.2926,0.19343613554998013,780.0,-10.0,-0.09864790619997166,0.2464,0.14775209380002835
61.756867455,770.0,0.55,780.0,-10.0,-0.0998127937000163,0.2926,0.19278720629998372,760.0,10.0,0.09200100845004272,0.2464,0.33840100845004273
61.769725289,770.0,0.55,780.0,-10.0,-0.1,0.2926,0.19260000000000002,780.0,-10.0,-0.09864821244996165,0.2464,0.14775178755003837
61.782824332,770.0,0.55,760.0,10.0,0.09065515629999027,0.2926,0.3832551562999903,780.0,-10.0,-0.09930336874995191,0.2464,0.1470966312500481
61.795987834,770.0,0.55,760.0,10.0,0.09128394594999009,0.2926,0.3838839459499901,780.0,-10.0,-0.09993215839995173,0.2464,0.14646784160004828
61.809466918,770.0,0.55,760.0,10.0,0.09198810229999253,0.2926,0.3845881022999926,780.0,-10.0,-0.1,0.2464,0.1464
61.823604295,770.0,0.55,760.0,10.0,0.09267999399998189,0.2926,0.3852799939999819,760.0,10.0,0.09069189169998935,0.2464,0.3370918916999894
61.83731613,770.0,0.55,780.0,-10.0,-0.09800653110003169,0.2926,0.19459346889996834,760.0,10.0,0.09137840219999817,0.2464,0.33777840219999816
61.850182423,770.0,0.55,760.0,10.0,0.09262720229995922,0.2926,0.3852272022999592,780.0,-10.0,-0.09925534579999748,0.2464,0.14714465420000253
61.863699424,770.0,0.55,780.0,-10.0,-0.09807642900004794,0.2926,0.1945235709999521,780.0,-10.0,-0.09995897710000463,0.2464,0.1464410228999954
61.882460592,770.0,0.55,780.0,-10.0,-0.09900354990004416,0.2926,0.19359645009995585,780.0,-10.0,-0.1,0.2464,0.1464
61.901001261,770.0,0.55,780.0,-10.0,-0.09992965000005824,0.2926,0.1926703499999418,760.0,10.0,0.0909261292500014,0.2464,0.3373261292500014
61.922968138,770.0,0.55,780.0,-10.0,-0.1,0.2926,0.19260000000000002,780.0,-10.0,-0.09987108335001267,0.2464,0.14652891664998735
61.937398348,770.0,0.55,780.0,-10.0,-0.1,0.2926,0.19260000000000002,760.0,10.0,0.09119409799997356,0.2464,0.3375940979999736
61.951523474,770.0,0.55,780.0,-10.0,-0.1,0.2926,0.19260000000000002,780.0,-10.0,-0.09952343125003153,0.2464,0.14687656874996846
61.967072809,770.0,0.55,760.0,10.0,0.09070542505000048,0.2926,0.38330542505000054,760.0,10.0,0.09118199379996896,0.2464,0.33758199379996895
61.982072644,770.0,0.55,780.0,-10.0,-0.1,0.2926,0.19260000000000002,760.0,10.0,0.09193857719996232,0.2464,0.3383385771999623
61.996863937,770.0,0.55,760.0,10.0,0.09074778969999443,0.2926,0.38334778969999445,780.0,-10.0,-0.09880924165004216,0.2464,0.14759075834995783
62.009254814,770.0,0.55,780.0,-10.0,-0.0998646082500045,0.2926,0.19273539174999554,780.0,-10.0,-0.0994216250500358,0.2464,0.1469783749499642
62.024062732,770.0,0.55,780.0,-10.0,-0.1,0.2926,0.19260000000000002,780.0,-10.0,-0.1,0.2464,0.1464
62.037018566,770.0,0.55,760.0,10.0,0.09064332920001107,0.2926,0.3832433292000111,760.0,10.0,0.09064331465000577,0.2464,0.3370433146500058
62.050009984,770.0,0.55,780.0,-10.0,-0.1,0.2926,0.19260000000000002,760.0,10.0,0.0912986751499966,0.2464,0.33769867514999663
62.069449278,770.0,0.55,760.0,10.0,0.09096783760000107,0.2926,0.3835678376000011,780.0,-10.0,-0.09966911870001241,0.2464,0.1467308812999876
62.083217404,770.0,0.55,780.0,-10.0,-0.09970031244999973,0.2926,0.1928996875500003,780.0,-10.0,-0.1,0.2464,0.1464
62.093472989,770.0,0.55,780.0,-10.0,-0.1,0.2926,0.19260000000000002,780.0,-10.0,-0.1,0.2464,0.1464
62.10687974,770.0,0.55,760.0,10.0,0.09055142505000277,0.2926,0.38315142505000277,760.0,10.0,0.09055141044999801,0.2464,0.336951410449998
62.1194007,770.0,0.55,780.0,-10.0,-0.1,0.2926,0.19260000000000002,760.0,10.0,0.09119131260000814,0.2464,0.33759131260000813
62.133636368,770.0,0.55,780.0,-10.0,-0.1,0.2926,0.19260000000000002,780.0,-10.0,-0.09958634375000201,0.2464,0.14681365624999798
62.153122911,770.0,0.55,780.0,-10.0,-0.1,0.2926,0.19260000000000002,780.0,-10.0,-0.1,0.2464,0.1464
62.189697915,770.0,0.55,780.0,-10.0,-0.1,0.2926,0.19260000000000002,760.0,10.0,0.09183102519999921,0.2464,0.3382310251999992
62.210440667,770.0,0.55,760.0,10.0,0.09080250635000994,0.2926,0.38340250635000994,760.0,10.0,0.09263356069999645,0.2464,0.33903356069999646
62.224413544,770.0,0.55,780.0,-10.0,-0.1,0.2926,0.19260000000000002,760.0,10.0,0.0934449044999974,0.2464,0.3398449044999974
62.237930545,770.0,0.55,760.0,10.0,0.09071621675001552,0.2926,0.38331621675001554,780.0,-10.0,-0.09727132685000014,0.2464,0.14912867314999986
62.251580838,770.0,0.55,780.0,-10.0,-0.09998286459997416,0.2926,0.19261713540002587,760.0,10.0,0.09342769615001544,0.2464,0.33982769615001546
62.265830506,770.0,0.55,760.0,10.0,0.09072009585003343,0.2926,0.38332009585003346,780.0,-10.0,-0.09727527889997419,0.2464,0.14912472110002584
62.279665424,770.0,0.55,780.0,-10.0,-0.09997450839996418,0.2926,0.19262549160003584,760.0,10.0,0.09341932535002342,0.2464,0.33981932535002346
62.294610717,770.0,0.55,760.0,10.0,0.09077595000002475,0.2926,0.3833759500000248,760.0,10.0,0.09416976915003034,0.2464,0.34056976915003034
62.309011469,770.0,0.55,780.0,-10.0,-0.09994064589998289,0.2926,0.19265935410001714,760.0,10.0,0.09488639425002475,0.2464,0.34128639425002477
62.330218262,770.0,0.55,760.0,10.0,0.0909568271000262,0.2926,0.38355682710002625,780.0,-10.0,-0.09601109329998962,0.2464,0.15038890670001037
62.342574722,770.0,0.55,780.0,-10.0,-0.09984306884996386,0.2926,0.19275693115003617,780.0,-10.0,-0.09681098924997969,0.2464,0.14958901075002032
62.35713064,770.0,0.55,760.0,10.0,0.09086957495004754,0.2926,0.3834695749500476,780.0,-10.0,-0.09752363304999108,0.2464,0.14887636695000894
62.374522142,770.0,0.55,780.0,-10.0,-0.1,0.2926,0.19260000000000002,740.0,30.0,0.2851150172499774,0.2464,0.5315150172499774
# 62.385 Shooter Ready
62.389226518,770.0,0.55,760.0,10.0,0.09071551670000645,0.2926,0.38331551670000646,760.0,10.0,0.09583049024996854,0.2464,0.34223049024996854
62.40387052,770.0,0.55,760.0,10.0,0.09143635634999556,0.2926,0.38403635634999556,780.0,-10.0,-0.09489040770004067,0.2464,0.15150959229995933
62.41772673,770.0,0.55,780.0,-10.0,-0.0992591083499974,0.2926,0.19334089165000262,800.0,-30.0,-0.28697675800007344,0.2464,-0.04057675800007343
62.433041856,770.0,0.55,780.0,-10.0,-0.09995263340001656,0.2926,0.19264736659998347,780.0,-10.0,-0.09767031225005667,0.2464,0.14872968774994333
62.446312399,770.0,0.55,780.0,-10.0,-0.1,0.2926,0.19260000000000002,780.0,-10.0,-0.09840875395007061,0.2464,0.14799124604992941
62.460368109,770.0,0.55,760.0,10.0,0.09072040215000016,0.2926,0.3833204021500002,760.0,10.0,0.0923129607499186,0.2464,0.33871296074991863
62.474107944,770.0,0.55,760.0,10.0,0.09139085640000758,0.2926,0.38399085640000763,760.0,10.0,0.09298338579991651,0.2464,0.3393833857999165
62.489436778,770.0,0.55,780.0,-10.0,-0.09939059154999086,0.2926,0.19320940845000917,800.0,-30.0,-0.28936087060011684,0.2464,-0.04296087060011683
62.505370822,770.0,0.55,760.0,10.0,0.09140727730001799,0.2926,0.38400727730001805,760.0,10.0,0.09143701284987402,0.2464,0.337837012849874
62.524245449,770.0,0.55,780.0,-10.0,-0.09953266239997446,0.2926,0.19306733760002556,760.0,10.0,0.09237696709987177,0.2464,0.33877696709987176
62.539971242,770.0,0.55,760.0,10.0,0.09125701060003394,0.2926,0.38385701060003397,760.0,10.0,0.0931665963498881,0.2464,0.3395665963498881
62.554364118,770.0,0.55,780.0,-10.0,-0.09945451029996093,0.2926,0.19314548970003909,760.0,10.0,0.09387816099987503,0.2464,0.34027816099987507
62.57213012,770.0,0.55,780.0,-10.0,-0.1,0.2926,0.19260000000000002,760.0,10.0,0.09476236314987091,0.2464,0.3411623631498709
62.58656033,770.0,0.55,780.0,-10.0,-0.1,0.2926,0.19260000000000002,760.0,10.0,0.09552760909988592,0.2464,0.34192760909988595
62.598908331,770.0,0.55,780.0,-10.0,-0.1,0.2926,0.19260000000000002,760.0,10.0,0.09616793414988024,0.2464,0.34256793414988024
62.613132624,770.0,0.55,780.0,-10.0,-0.1,0.2926,0.19260000000000002,760.0,10.0,0.09689154464987496,0.2464,0.343291544649875
62.629138126,770.0,0.55,780.0,-10.0,-0.1,0.2926,0.19260000000000002,760.0,10.0,0.09767748429987023,0.2464,0.34407748429987023
62.642677002,770.0,0.55,780.0,-10.0,-0.1,0.2926,0.19260000000000002,760.0,10.0,0.09835951769988696,0.2464,0.344759517699887
62.664713588,770.0,0.55,760.0,10.0,0.09101704174999213,0.2926,0.38361704174999217,760.0,10.0,0.09937660319987117,0.2464,0.3457766031998712
62.705429092,770.0,0.55,760.0,10.0,0.09307808984998701,0.2926,0.385678089849987,780.0,-10.0,-0.09268444495014591,0.2464,0.1537155550498541
62.724744427,770.0,0.55,780.0,-10.0,-0.09765450400002465,0.2926,0.19494549599997538,760.0,10.0,0.09804813429983825,0.2464,0.3444481342998382
62.742598512,770.0,0.55,780.0,-10.0,-0.09870412495001801,0.2926,0.193895875049982,740.0,30.0,0.29,0.2464,0.5364
# 62.756 Shooter Ready
62.759989139,770.0,0.55,780.0,-10.0,-0.09963753130002714,0.2926,0.19296246869997288,780.0,-10.0,-0.0909351125999956,0.2464,0.15546488740000441
62.774027057,770.0,0.55,760.0,10.0,0.09107347914997718,0.2926,0.3836734791499772,760.0,10.0,0.09977599995002037,0.2464,0.34617599995002035
62.786589433,770.0,0.55,780.0,-10.0,-0.09955965635001576,0.2926,0.19304034364998426,780.0,-10.0,-0.09085715014997732,0.2464,0.1555428498500227
62.800326935,770.0,0.55,760.0,10.0,0.09113248329998896,0.2926,0.383732483299989,780.0,-10.0,-0.09154926059997251,0.2464,0.1548507394000275
62.813925603,770.0,0.55,760.0,10.0,0.09181269379997957,0.2926,0.3844126937999796,760.0,10.0,0.09913096450002286,0.2464,0.34553096450002285
62.829675604,770.0,0.55,780.0,-10.0,-0.0989722104500288,0.2926,0.19362778954997123,800.0,-30.0,-0.2832236606499737,0.2464,-0.036823660649973666
62.841992106,770.0,0.55,760.0,10.0,0.09164170419996026,0.2926,0.3842417041999603,780.0,-10.0,-0.09383761904997755,0.2464,0.15256238095002245
62.858648316,770.0,0.55,780.0,-10.0,-0.09914283545003855,0.2926,0.19345716454996148,800.0,-30.0,-0.28619119434995804,0.2464,-0.03979119434995804
62.871738609,770.0,0.55,780.0,-10.0,-0.09984671470003832,0.2926,0.19275328529996172,760.0,10.0,0.09451268490004168,0.2464,0.3409126849000417
62.887195193,770.0,0.55,780.0,-10.0,-0.1,0.2926,0.19260000000000002,760.0,10.0,0.09522639330004949,0.2464,0.3416263933000495
62.899199611,770.0,0.55,780.0,-10.0,-0.1,0.2926,0.19260000000000002,760.0,10.0,0.0959504850000485,0.2464,0.3423504850000485
62.911888279,770.0,0.55,780.0,-10.0,-0.1,0.2926,0.19260000000000002,760.0,10.0,0.09658468510003786,0.2464,0.3429846851000379
62.927605614,770.0,0.55,760.0,10.0,0.09068271879999884,0.2926,0.38328271879999887,760.0,10.0,0.09726743305004674,0.2464,0.34366743305004677
62.944391324,770.0,0.55,780.0,-10.0,-0.1,0.2926,0.19260000000000002,760.0,10.0,0.09802261650004311,0.2464,0.34442261650004313
62.956986367,770.0,0.55,780.0,-10.0,-0.1,0.2926,0.19260000000000002,760.0,10.0,0.09882615825003996,0.2464,0.34522615825004
62.972413494,770.0,0.55,760.0,10.0,0.09070666465001068,0.2926,0.38330666465001073,760.0,10.0,0.09953280830004588,0.2464,0.3459328083000459
62.993403287,770.0,0.55,780.0,-10.0,-0.1,0.2926,0.19260000000000002,740.0,30.0,0.29,0.2464,0.5364
# 63.005 Shooter Ready
63.009457206,770.0,0.55,760.0,10.0,0.09075496469999053,0.2926,0.38335496469999053,760.0,10.0,0.1,0.2464,0.34640000000000004
63.027559208,770.0,0.55,780.0,-10.0,-0.1,0.2926,0.19260000000000002,780.0,-10.0,-0.09094279805000496,0.2464,0.15545720194999504
63.040915792,770.0,0.55,780.0,-10.0,-0.1,0.2926,0.19260000000000002,780.0,-10.0,-0.09167333560000315,0.2464,0.15472666439999685
63.060939878,770.0,0.55,780.0,-10.0,-0.1,0.2926,0.19260000000000002,760.0,10.0,0.0992474852999976,0.2464,0.3456474852999976
63.078896046,770.0,0.55,780.0,-10.0,-0.1,0.2926,0.19260000000000002,760.0,10.0,0.1,0.2464,0.34640000000000004
63.092532922,770.0,0.55,760.0,10.0,0.09058288130001074,0.2926,0.38318288130001077,780.0,-10.0,-0.0905828959000155,0.2464,0.1558171040999845
63.109309299,770.0,0.55,780.0,-10.0,-0.1,0.2926,0.19260000000000002,800.0,-30.0,-0.2832846336499915,0.2464,-0.036884633649991505
63.120984425,770.0,0.55,780.0,-10.0,-0.1,0.2926,0.19260000000000002,780.0,-10.0,-0.09392307744998561,0.2464,0.15247692255001438
63.134127802,770.0,0.55,760.0,10.0,0.09060182505001194,0.2926,0.383201825050012,780.0,-10.0,-0.09452490254999703,0.2464,0.151875097450003
63.148614595,770.0,0.55,780.0,-10.0,-0.1,0.2926,0.19260000000000002,760.0,10.0,0.09615188084999318,0.2464,0.3425518808499932
63.173473639,770.0,0.55,760.0,10.0,0.09107703759999822,0.2926,0.38367703759999827,780.0,-10.0,-0.0949251859000151,0.2464,0.15147481409998492
63.211369309,770.0,0.55,780.0,-10.0,-0.1,0.2926,0.19260000000000002,760.0,10.0,0.0971778767999922,0.2464,0.3435778767999922
63.229668478,770.0,0.55,780.0,-10.0,-0.1,0.2926,0.19260000000000002,740.0,30.0,0.28956741459993734,0.2464,0.5359674145999374
# 63.241 Shooter Ready
63.246523313,770.0,0.55,760.0,10.0,0.09085074799999347,0.2926,0.3834507479999935,760.0,10.0,0.1,0.2464,0.34640000000000004
63.257227189,770.0,0.55,780.0,-10.0,-0.09987512290001632,0.2926,0.1927248770999837,760.0,10.0,0.1,0.2464,0.34640000000000004
63.270047982,770.0,0.55,780.0,-10.0,-0.1,0.2926,0.19260000000000002,780.0,-10.0,-0.09056619795000188,0.2464,0.15583380204999814
63.282389566,770.0,0.55,760.0,10.0,0.09061283550001008,0.2926,0.3832128355000101,760.0,10.0,0.1,0.2464,0.34640000000000004
63.294609234,770.0,0.55,780.0,-10.0,-0.1,0.2926,0.19260000000000002,760.0,10.0,0.1,0.2464,0.34640000000000004
63.309228444,770.0,0.55,760.0,10.0,0.09057763130000694,0.2926,0.383177631300007,780.0,-10.0,-0.09057763130000694,0.2464,0.15582236869999305
63.327207363,770.0,0.55,760.0,10.0,0.09134155010000541,0.2926,0.3839415501000054,780.0,-10.0,-0.09134150639999007,0.2464,0.15505849360000995
63.340550822,770.0,0.55,780.0,-10.0,-0.09950377289999324,0.2926,0.1930962271000068,780.0,-10.0,-0.09218685854999877,0.2464,0.15421314145000126
63.356350407,770.0,0.55,780.0,-10.0,-0.1,0.2926,0.19260000000000002,760.0,10.0,0.09853239149999808,0.2464,0.3449323914999981
63.371725909,770.0,0.55,780.0,-10.0,-0.1,0.2926,0.19260000000000002,760.0,10.0,0.09942209160001311,0.2464,0.3458220916000131
63.387521119,770.0,0.55,780.0,-10.0,-0.1,0.2926,0.19260000000000002,780.0,-10.0,-0.0913659917999803,0.2464,0.15503400820001972
63.402126912,770.0,0.55,760.0,10.0,0.09066609385000902,0.2926,0.38326609385000904,780.0,-10.0,-0.09203212939998139,0.2464,0.1543678706000186
63.419540872,770.0,0.55,780.0,-10.0,-0.1,0.2926,0.19260000000000002,780.0,-10.0,-0.09289986699997371,0.2464,0.1535001330000263
63.434751873,770.0,0.55,780.0,-10.0,-0.1,0.2926,0.19260000000000002,760.0,10.0,0.09792871430001923,0.2464,0.3443287143000192
63.454288584,770.0,0.55,780.0,-10.0,-0.1,0.2926,0.19260000000000002,780.0,-10.0,-0.09293689415000245,0.2464,0.15346310584999756
63.467576627,770.0,0.55,780.0,-10.0,-0.1,0.2926,0.19260000000000002,760.0,10.0,0.09784346009998898,0.2464,0.34424346009998896
63.483522337,770.0,0.55,760.0,10.0,0.09071060215000216,0.2926,0.3833106021500022,780.0,-10.0,-0.09286715660001846,0.2464,0.15353284339998155
63.501410255,770.0,0.55,780.0,-10.0,-0.1,0.2926,0.19260000000000002,760.0,10.0,0.09805382474996804,0.2464,0.34445382474996805
63.517728132,770.0,0.55,760.0,10.0,0.09080936049998854,0.2926,0.3834093604999886,780.0,-10.0,-0.09275555035002526,0.2464,0.15364444964997476
63.532879925,770.0,0.55,780.0,-10.0,-0.09995159790003072,0.2926,0.1926484020999693,780.0,-10.0,-0.09351650875004452,0.2464,0.15288349124995548
63.54863751,770.0,0.55,760.0,10.0,0.09082662719996734,0.2926,0.38342662719996734,760.0,10.0,0.09726171634995354,0.2464,0.34366171634995357
63.565123678,770.0,0.55,760.0,10.0,0.09163191894996545,0.2926,0.38423191894996545,780.0,-10.0,-0.09354357535004511,0.2464,0.15285642464995491
63.582662472,770.0,0.55,780.0,-10.0,-0.09927551445002791,0.2926,0.1933244855499721,760.0,10.0,0.09736385809994771,0.2464,0.3437638580999477
63.597225973,770.0,0.55,780.0,-10.0,-0.0999955083000259,0.2926,0.19260449169997412,800.0,-30.0,-0.2847961671000621,0.2464,-0.038396167100062106
63.611347308,770.0,0.55,780.0,-10.0,-0.1,0.2926,0.19260000000000002,760.0,10.0,0.09593660174994056,0.2464,0.34233660174994057
63.625369476,770.0,0.55,780.0,-10.0,-0.1,0.2926,0.19260000000000002,780.0,-10.0,-0.09481945665005696,0.2464,0.15158054334994303
63.638079727,770.0,0.55,780.0,-10.0,-0.1,0.2926,0.19260000000000002,760.0,10.0,0.09581639129994528,0.2464,0.3422163912999453
63.650085312,770.0,0.55,780.0,-10.0,-0.1,0.2926,0.19260000000000002,760.0,10.0,0.09640020594993075,0.2464,0.34280020594993077
63.664262938,770.0,0.55,780.0,-10.0,-0.1,0.2926,0.19260000000000002,760.0,10.0,0.09704716644994278,0.2464,0.3434471664499428
63.688022691,770.0,0.55,780.0,-10.0,-0.1,0.2926,0.19260000000000002,780.0,-10.0,-0.09421608575004484,0.2464,0.15218391424995517
63.727017361,770.0,0.55,780.0,-10.0,-0.1,0.2926,0.19260000000000002,760.0,10.0,0.09773440609997124,0.2464,0.34413440609997126
63.743173363,770.0,0.55,760.0,10.0,0.09060439170001701,0.2926,0.383204391700017,760.0,10.0,0.09833879784996498,0.2464,0.344738797849965
63.759399948,770.0,0.55,780.0,-10.0,-0.1,0.2926,0.19260000000000002,760.0,10.0,0.09917586664996633,0.2464,0.3455758666499663
63.771812407,770.0,0.55,780.0,-10.0,-0.1,0.2926,0.19260000000000002,780.0,-10.0,-0.09162436470002376,0.2464,0.15477563529997623
63.785176575,770.0,0.55,780.0,-10.0,-0.1,0.2926,0.19260000000000002,760.0,10.0,0.09904057704998195,0.2464,0.345440577049982
63.79801166,770.0,0.55,780.0,-10.0,-0.1,0.2926,0.19260000000000002,760.0,10.0,0.0996754041999793,0.2464,0.3460754041999793
63.814794162,770.0,0.55,760.0,10.0,0.09077433134999865,0.2926,0.38337433134999865,780.0,-10.0,-0.09109900005002146,0.2464,0.15530099994997854
63.830858288,770.0,0.55,780.0,-10.0,-0.1,0.2926,0.19260000000000002,760.0,10.0,0.09967582709998624,0.2464,0.34607582709998624
63.84503679,770.0,0.55,760.0,10.0,0.09073852924999756,0.2926,0.38333852924999756,760.0,10.0,0.1,0.2464,0.34640000000000004
63.855768082,770.0,0.55,780.0,-10.0,-0.09991061875000469,0.2926,0.19268938124999535,760.0,10.0,0.1,0.2464,0.34640000000000004
63.867005709,770.0,0.55,760.0,10.0,0.09065117505000672,0.2926,0.3832511750500067,760.0,10.0,0.1,0.2464,0.34640000000000004
63.879407668,770.0,0.55,760.0,10.0,0.09116975840001032,0.2926,0.3837697584000104,780.0,-10.0,-0.0905186563000052,0.2464,0.1558813436999948
63.89381892,770.0,0.55,780.0,-10.0,-0.09954580209998767,0.2926,0.19305419790001235,780.0,-10.0,-0.0912342168000032,0.2464,0.1551657831999968
63.907207879,770.0,0.55,760.0,10.0,0.09111842505000368,0.2926,0.3837184250500037,760.0,10.0,0.09942995199999131,0.2464,0.34582995199999134
63.922408381,770.0,0.55,780.0,-10.0,-0.09961326459999782,0.2926,0.19298673540000222,760.0,10.0,0.1,0.2464,0.34640000000000004
63.937807216,770.0,0.55,760.0,10.0,0.09115578760000972,0.2926,0.3837557876000097,780.0,-10.0,-0.09076902299999802,0.2464,0.155630977000002
63.956276134,770.0,0.55,780.0,-10.0,-0.09963233954997577,0.2926,0.19296766045002425,780.0,-10.0,-0.09155719389999831,0.2464,0.1548428061000017
63.970462802,770.0,0.55,760.0,10.0,0.09122666260003826,0.2926,0.3838266626000383,780.0,-10.0,-0.09241616690000229,0.2464,0.15398383309999772
63.984412345,770.0,0.55,780.0,-10.0,-0.09948991874996409,0.2926,0.19311008125003593,760.0,10.0,0.09830042900000535,0.2464,0.34470042900000536
63.998640138,770.0,0.55,780.0,-10.0,-0.1,0.2926,0.19260000000000002,760.0,10.0,0.09898126655000397,0.2464,0.345381266550004
64.012722682,770.0,0.55,760.0,10.0,0.09072751879999942,0.2926,0.38332751879999943,780.0,-10.0,-0.09174623769999016,0.2464,0.15465376230000985
64.026692933,770.0,0.55,780.0,-10.0,-0.09998617504998038,0.2926,0.19261382495001966,780.0,-10.0,-0.09245994609999798,0.2464,0.15394005390000204
64.040521726,770.0,0.55,760.0,10.0,0.09070326670002032,0.2926,0.38330326670002035,780.0,-10.0,-0.09314937324999392,0.2464,0.15325062675000609
64.05946227,770.0,0.55,760.0,10.0,0.09151032300002498,0.2926,0.384110323000025,780.0,-10.0,-0.093956400449988,0.2464,0.15244359955001202
64.073652438,770.0,0.55,780.0,-10.0,-0.09932417919997079,0.2926,0.19327582080002925,760.0,10.0,0.09687813085001835,0.2464,0.34327813085001835
64.090350648,770.0,0.55,780.0,-10.0,-0.1,0.2926,0.19260000000000002,780.0,-10.0,-0.09396481509997102,0.2464,0.152435184900029
64.103234732,770.0,0.55,780.0,-10.0,-0.1,0.2926,0.19260000000000002,760.0,10.0,0.0967508620500439,0.2464,0.3431508620500439
64.115673734,770.0,0.55,780.0,-10.0,-0.1,0.2926,0.19260000000000002,780.0,-10.0,-0.0938635046499394,0.2464,0.1525364953500606
64.12941911,770.0,0.55,760.0,10.0,0.09063227504999759,0.2926,0.38323227504999763,780.0,-10.0,-0.09449576514995442,0.2464,0.1519042348500456
64.143081653,770.0,0.55,780.0,-10.0,-0.1,0.2926,0.19260000000000002,760.0,10.0,0.0961933995000436,0.2464,0.34259339950004364
64.156319238,770.0,0.55,780.0,-10.0,-0.1,0.2926,0.19260000000000002,780.0,-10.0,-0.09450038804995074,0.2464,0.15189961195004925
64.169932197,770.0,0.55,760.0,10.0,0.09063952299999528,0.2926,0.3832395229999953,780.0,-10.0,-0.09513988189995871,0.2464,0.1512601181000413
64.190403991,770.0,0.55,780.0,-10.0,-0.1,0.2926,0.19260000000000002,780.0,-10.0,-0.0961676715499516,0.2464,0.1502323284500484
64.232517162,770.0,0.55,780.0,-10.0,-0.1,0.2926,0.19260000000000002,800.0,-30.0,-0.29,0.2464,-0.04359999999999997
64.250246414,770.0,0.55,760.0,10.0,0.0906185667499949,0.2926,0.38321856674999494,780.0,-10.0,-0.1,0.2464,0.1464
64.266087124,770.0,0.55,780.0,-10.0,-0.1,0.2926,0.19260000000000002,760.0,10.0,0.09092645009999614,0.2464,0.3373264500999962
64.278378833,770.0,0.55,780.0,-10.0,-0.1,0.2926,0.19260000000000002,760.0,10.0,0.09167167310000877,0.2464,0.3380716731000088
64.293226126,770.0,0.55,760.0,10.0,0.09068516880000971,0.2926,0.38328516880000973,760.0,10.0,0.0923568565000005,0.2464,0.33875685650000054
64.306632294,770.0,0.55,780.0,-10.0,-0.09997006044998216,0.2926,0.19262993955001786,760.0,10.0,0.0930120857500151,0.2464,0.33941208575001514
64.320757421,770.0,0.55,780.0,-10.0,-0.1,0.2926,0.19260000000000002,780.0,-10.0,-0.09770819969996865,0.2464,0.14869180030003137
64.336420214,770.0,0.55,760.0,10.0,0.09075802715000464,0.2926,0.38335802715000467,760.0,10.0,0.09304984205004076,0.2464,0.33944984205004075
64.357690591,770.0,0.55,780.0,-10.0,-0.1,0.2926,0.19260000000000002,740.0,30.0,0.2862914550000414,0.2464,0.5326914550000414
# 64.369 Shooter Ready
64.372883509,770.0,0.55,760.0,10.0,0.09075775004997923,0.2926,0.38335775004997924,760.0,10.0,0.09704917590003334,0.2464,0.3434491759000333
64.387456344,770.0,0.55,780.0,-10.0,-0.09991706460002661,0.2926,0.19268293539997342,760.0,10.0,0.09772401970004921,0.2464,0.34412401970004924
64.403025804,770.0,0.55,780.0,-10.0,-0.1,0.2926,0.19260000000000002,780.0,-10.0,-0.09309855329993297,0.2464,0.15330144670006704
64.417780639,770.0,0.55,780.0,-10.0,-0.1,0.2926,0.19260000000000002,760.0,10.0,0.09771347595007228,0.2464,0.3441134759500723
64.430491182,770.0,0.55,780.0,-10.0,-0.1,0.2926,0.19260000000000002,760.0,10.0,0.0983447739500798,0.2464,0.3447447739500798
64.444834767,770.0,0.55,780.0,-10.0,-0.1,0.2926,0.19260000000000002,760.0,10.0,0.09906879275007668,0.2464,0.3454687927500767
64.463084352,770.0,0.55,760.0,10.0,0.09074232089998532,0.2926,0.3833423208999853,780.0,-10.0,-0.09167351359992608,0.2464,0.15472648640007391
64.478120353,770.0,0.55,780.0,-10.0,-0.1,0.2926,0.19260000000000002,760.0,10.0,0.09913042190006763,0.2464,0.34553042190006766
64.492458396,770.0,0.55,760.0,10.0,0.09077396674998908,0.2926,0.38337396674998914,760.0,10.0,0.09990440320006201,0.2464,0.346304403200062
64.506092356,770.0,0.55,780.0,-10.0,-0.09990520830001515,0.2926,0.19269479169998488,780.0,-10.0,-0.09077475729993693,0.2464,0.15562524270006306
64.520865858,770.0,0.55,780.0,-10.0,-0.1,0.2926,0.19260000000000002,780.0,-10.0,-0.09149604904994249,0.2464,0.15490395095005752
64.534559317,770.0,0.55,760.0,10.0,0.09070823964999818,0.2926,0.3833082396499982,780.0,-10.0,-0.0922042740999359,0.2464,0.1541957259000641
64.549601735,770.0,0.55,780.0,-10.0,-0.1,0.2926,0.19260000000000002,760.0,10.0,0.09852530095007751,0.2464,0.3449253009500775
64.563173279,770.0,0.55,780.0,-10.0,-0.1,0.2926,0.19260000000000002,760.0,10.0,0.09925938230006978,0.2464,0.34565938230006976
64.576505072,770.0,0.55,780.0,-10.0,-0.1,0.2926,0.19260000000000002,780.0,-10.0,-0.09142189274994053,0.2464,0.15497810725005948
64.589209781,770.0,0.55,780.0,-10.0,-0.1,0.2926,0.19260000000000002,780.0,-10.0,-0.09206297614994127,0.2464,0.15433702385005874
64.605960491,770.0,0.55,760.0,10.0,0.09078268754998589,0.2926,0.38338268754998595,780.0,-10.0,-0.09284561999993457,0.2464,0.15355438000006544
64.620022909,770.0,0.55,780.0,-10.0,-0.09991271880001022,0.2926,0.1926872811999898,780.0,-10.0,-0.09354105549994074,0.2464,0.15285894450005927
64.636429744,770.0,0.55,760.0,10.0,0.09091412710000896,0.2926,0.383514127100009,760.0,10.0,0.09728580500006047,0.2464,0.34368580500006046
64.651296287,770.0,0.55,780.0,-10.0,-0.09981384379998418,0.2926,0.19278615620001585,780.0,-10.0,-0.0934421512999279,0.2464,0.15295784870007212
64.666163706,770.0,0.55,760.0,10.0,0.09093861255002139,0.2926,0.3835386125500214,760.0,10.0,0.09731031960008295,0.2464,0.34371031960008297
64.680345707,770.0,0.55,760.0,10.0,0.09160180425000362,0.2926,0.38420180425000366,780.0,-10.0,-0.09335284294991197,0.2464,0.15304715705008803
64.703045834,770.0,0.55,780.0,-10.0,-0.09956532925000375,0.2926,0.19303467074999628,780.0,-10.0,-0.09451997644991934,0.2464,0.15188002355008068
64.743180922,770.0,0.55,780.0,-10.0,-0.1,0.2926,0.19260000000000002,780.0,-10.0,-0.09654624329991748,0.2464,0.14985375670008252
64.75918234,770.0,0.55,780.0,-10.0,-0.1,0.2926,0.19260000000000002,780.0,-10.0,-0.09722754754991456,0.2464,0.14917245245008545
64.770843174,770.0,0.55,780.0,-10.0,-0.1,0.2926,0.19260000000000002,760.0,10.0,0.09353161710008863,0.2464,0.3399316171000886
64.788059968,770.0,0.55,760.0,10.0,0.09071960010000112,0.2926,0.38331960010000116,780.0,-10.0,-0.09718799754989504,0.2464,0.14921200245010496
64.801431719,770.0,0.55,780.0,-10.0,-0.1,0.2926,0.19260000000000002,780.0,-10.0,-0.0979425392999019,0.2464,0.1484574607000981
64.814009845,770.0,0.55,780.0,-10.0,-0.1,0.2926,0.19260000000000002,760.0,10.0,0.09274382535010318,0.2464,0.3391438253501032
64.828405347,770.0,0.55,760.0,10.0,0.09063037924999208,0.2926,0.3832303792499921,780.0,-10.0,-0.09788655384988942,0.2464,0.14851344615011058
64.843927557,770.0,0.55,780.0,-10.0,-0.1,0.2926,0.19260000000000002,760.0,10.0,0.09291649210012111,0.2464,0.3393164921001211
64.857630058,770.0,0.55,760.0,10.0,0.09067113964998953,0.2926,0.38327113964998955,780.0,-10.0,-0.09775463294986367,0.2464,0.14864536705013634
64.871339268,770.0,0.55,760.0,10.0,0.09136992929999452,0.2926,0.3839699292999945,780.0,-10.0,-0.09845339344988133,0.2464,0.14794660655011868
64.886394228,770.0,0.55,780.0,-10.0,-0.09937793330000204,0.2926,0.19322206669999797,760.0,10.0,0.09229451285010783,0.2464,0.3386945128501078
64.900582937,770.0,0.55,760.0,10.0,0.09132868759999382,0.2926,0.3839286875999939,760.0,10.0,0.09300111920012114,0.2464,0.33940111920012117
64.913188189,770.0,0.55,780.0,-10.0,-0.09932377080001516,0.2926,0.19327622919998488,760.0,10.0,0.09365357760010738,0.2464,0.3400535776001074
64.927541107,770.0,0.55,780.0,-10.0,-0.1,0.2926,0.19260000000000002,760.0,10.0,0.09436555055011922,0.2464,0.34076555055011926
64.941145608,770.0,0.55,760.0,10.0,0.0906627834000028,0.2926,0.38326278340000286,780.0,-10.0,-0.09629721829987829,0.2464,0.1501027817001217
64.956798485,770.0,0.55,780.0,-10.0,-0.1,0.2926,0.19260000000000002,780.0,-10.0,-0.09709026004986754,0.2464,0.14930973995013247
64.971173278,770.0,0.55,780.0,-10.0,-0.1,0.2926,0.19260000000000002,760.0,10.0,0.09360262335013886,0.2464,0.34000262335013887
64.983774446,770.0,0.55,760.0,10.0,0.0906708042499895,0.2926,0.3832708042499895,780.0,-10.0,-0.09706816629986861,0.2464,0.1493318337001314
64.995571489,770.0,0.55,780.0,-10.0,-0.099916831250016,0.2926,0.19268316874998404,760.0,10.0,0.0935194983501242,0.2464,0.3399194983501242
65.00876999,770.0,0.55,780.0,-10.0,-0.1,0.2926,0.19260000000000002,780.0,-10.0,-0.0971199954498843,0.2464,0.1492800045501157
65.0255277,770.0,0.55,780.0,-10.0,-0.1,0.2926,0.19260000000000002,780.0,-10.0,-0.09786098924987527,0.2464,0.14853901075012474
65.041338077,770.0,0.55,780.0,-10.0,-0.1,0.2926,0.19260000000000002,760.0,10.0,0.09310060670012718,0.2464,0.33950060670012716
65.059887495,770.0,0.55,760.0,10.0,0.09068258754999989,0.2926,0.3832825875499999,760.0,10.0,0.09378320885013182,0.2464,0.3401832088501318
65.075959497,770.0,0.55,780.0,-10.0,-0.1,0.2926,0.19260000000000002,780.0,-10.0,-0.0972043162498494,0.2464,0.1491956837501506
65.08836379,770.0,0.55,780.0,-10.0,-0.1,0.2926,0.19260000000000002,760.0,10.0,0.09347293380016254,0.2464,0.33987293380016254
65.1051215,770.0,0.55,760.0,10.0,0.09078117089999524,0.2926,0.38338117089999524,760.0,10.0,0.09425411930016253,0.2464,0.34065411930016254
65.120035876,770.0,0.55,780.0,-10.0,-0.09997061460001078,0.2926,0.19262938539998925,780.0,-10.0,-0.09649765159983872,0.2464,0.14990234840016128
65.136158336,770.0,0.55,760.0,10.0,0.09081902924998758,0.2926,0.3834190292499876,760.0,10.0,0.09429199225015963,0.2464,0.34069199225015967
65.149627212,770.0,0.55,780.0,-10.0,-0.09986748119999903,0.2926,0.192732518800001,760.0,10.0,0.094978517300151,0.2464,0.341378517300151
65.163411964,770.0,0.55,760.0,10.0,0.0908068376500205,0.2926,0.38340683765002054,760.0,10.0,0.09565282155016576,0.2464,0.34205282155016575
65.176051632,770.0,0.55,780.0,-10.0,-0.09981958949997534,0.2926,0.1927804105000247,780.0,-10.0,-0.09497362019983484,0.2464,0.15142637980016516
65.189502716,770.0,0.55,780.0,-10.0,-0.1,0.2926,0.19260000000000002,780.0,-10.0,-0.09565311609983382,0.2464,0.1507468839001662
65.209513093,770.0,0.55,780.0,-10.0,-0.1,0.2926,0.19260000000000002,760.0,10.0,0.09541883190016962,0.2464,0.3418188319001696
65.225102678,770.0,0.55,780.0,-10.0,-0.1,0.2926,0.19260000000000002,780.0,-10.0,-0.09534631194981102,0.2464,0.15105368805018898
65.254471181,770.0,0.55,780.0,-10.0,-0.1,0.2926,0.19260000000000002,780.0,-10.0,-0.09682622874981917,0.2464,0.14957377125018084
65.275149475,770.0,0.55,760.0,10.0,0.09080045009999595,0.2926,0.38340045009999596,760.0,10.0,0.09397423590018207,0.2464,0.34037423590018206
65.289178935,770.0,0.55,780.0,-10.0,-0.1,0.2926,0.19260000000000002,760.0,10.0,0.0947831006001843,0.2464,0.3411831006001843
65.305609978,770.0,0.55,760.0,10.0,0.09088900005000597,0.2926,0.38348900005000597,760.0,10.0,0.09567210065019026,0.2464,0.3420721006501903
65.318718354,770.0,0.55,780.0,-10.0,-0.09975937504998456,0.2926,0.19284062495001547,760.0,10.0,0.09632047575018078,0.2464,0.3427204757501808
65.335115564,770.0,0.55,760.0,10.0,0.0909495354000137,0.2926,0.38354953540001374,760.0,10.0,0.0970294008001838,0.2464,0.3434294008001838
65.350022358,770.0,0.55,780.0,-10.0,-0.09991767719998279,0.2926,0.19268232280001724,780.0,-10.0,-0.09383779719980793,0.2464,0.15256220280019206
65.364433609,770.0,0.55,760.0,10.0,0.09072677495002154,0.2926,0.38332677495002154,760.0,10.0,0.09680666955020115,0.2464,0.3432066695502012
65.377946527,770.0,0.55,760.0,10.0,0.09146558130002178,0.2926,0.3840655813000218,760.0,10.0,0.09754537380018974,0.2464,0.34394537380018975
65.392939945,770.0,0.55,760.0,10.0,0.09223091470002145,0.2926,0.3848309147000215,760.0,10.0,0.09831079470019631,0.2464,0.34471079470019633
65.406199697,770.0,0.55,760.0,10.0,0.09285694810002042,0.2926,0.38545694810002046,740.0,30.0,0.29,0.2464,0.5364
65.42207249,770.0,0.55,760.0,10.0,0.09368560235001497,0.2926,0.38628560235001497,760.0,10.0,0.1,0.2464,0.34640000000000004
65.434556699,770.0,0.55,780.0,-10.0,-0.0969310685499977,0.2926,0.19566893145000233,780.0,-10.0,-0.09061668545001794,0.2464,0.15578331454998207
65.455290118,770.0,0.55,780.0,-10.0,-0.0978314581999939,0.2926,0.19476854180000613,800.0,-30.0,-0.2833177670999748,0.2464,-0.036917767099974796
65.47217587,770.0,0.55,780.0,-10.0,-0.09871886869998434,0.2926,0.1938811313000157,780.0,-10.0,-0.09420517759998802,0.2464,0.15219482240001198
65.486611913,770.0,0.55,780.0,-10.0,-0.09948463964999518,0.2926,0.19311536035000484,780.0,-10.0,-0.09497096309998142,0.2464,0.15142903690001858
65.50290004,770.0,0.55,760.0,10.0,0.09137789165000867,0.2926,0.38397789165000873,760.0,10.0,0.09589150990002508,0.2464,0.3422915099000251
65.517838333,770.0,0.55,780.0,-10.0,-0.09930581884998446,0.2926,0.19329418115001556,760.0,10.0,0.09657527870001559,0.2464,0.3429752787000156
65.536129918,770.0,0.55,760.0,10.0,0.0916602833500201,0.2926,0.38426028335002016,780.0,-10.0,-0.09439082349998898,0.2464,0.15200917650001103
65.550253586,770.0,0.55,780.0,-10.0,-0.09905275419998816,0.2926,0.19354724580001187,760.0,10.0,0.09632221404999655,0.2464,0.3427222140499966
65.565398088,770.0,0.55,780.0,-10.0,-0.09979896884997289,0.2926,0.19280103115002714,760.0,10.0,0.09706845785001406,0.2464,0.34346845785001406
65.577751922,770.0,0.55,780.0,-10.0,-0.1,0.2926,0.19260000000000002,760.0,10.0,0.09770407250000517,0.2464,0.3441040725000052
65.589496465,770.0,0.55,780.0,-10.0,-0.1,0.2926,0.19260000000000002,760.0,10.0,0.09833443715001522,0.2464,0.3447344371500152
65.601656925,770.0,0.55,780.0,-10.0,-0.1,0.2926,0.19260000000000002,780.0,-10.0,-0.09228719209997052,0.2464,0.15411280790002949
65.615020509,770.0,0.55,780.0,-10.0,-0.1,0.2926,0.19260000000000002,780.0,-10.0,-0.09295957134997025,0.2464,0.15344042865002977
65.628337136,770.0,0.55,780.0,-10.0,-0.1,0.2926,0.19260000000000002,780.0,-10.0,-0.09363015679997716,0.2464,0.15276984320002285
65.641814179,770.0,0.55,760.0,10.0,0.09060894175001068,0.2926,0.3832089417500107,760.0,10.0,0.09697879955001554,0.2464,0.34337879955001555
65.661652181,770.0,0.55,780.0,-10.0,-0.1,0.2926,0.19260000000000002,760.0,10.0,0.09769637250001324,0.2464,0.34409637250001324
65.678737724,770.0,0.55,760.0,10.0,0.09113146265000524,0.2926,0.38373146265000524,780.0,-10.0,-0.09343507554998723,0.2464,0.15296492445001278
65.690700433,770.0,0.55,780.0,-10.0,-0.09947129570000471,0.2926,0.19312870429999532,780.0,-10.0,-0.09403784850000194,0.2464,0.15236215149999807
65.703423518,770.0,0.55,760.0,10.0,0.09116879605000122,0.2926,0.38376879605000125,780.0,-10.0,-0.09467794024998512,0.2464,0.1517220597500149
65.733901229,770.0,0.55,780.0,-10.0,-0.1,0.2926,0.19260000000000002,740.0,30.0,0.2898485227500623,0.2464,0.5362485227500623
# 65.761 Shooter Ready
65.763515607,770.0,0.55,780.0,-10.0,-0.1,0.2926,0.19260000000000002,780.0,-10.0,-0.09167905239993615,0.2464,0.15472094760006386
65.781189734,770.0,0.55,760.0,10.0,0.09068427920000431,0.2926,0.38328427920000435,800.0,-30.0,-0.28373193379989514,0.2464,-0.037331933799895134
# 65.792 Shooter Ready
65.796508361,770.0,0.55,780.0,-10.0,-0.1,0.2926,0.19260000000000002,780.0,-10.0,-0.09459531099991182,0.2464,0.1518046890000882
65.809411987,770.0,0.55,760.0,10.0,0.09069724379998206,0.2926,0.3832972437999821,780.0,-10.0,-0.09529424644989831,0.2464,0.1511057535501017
65.825985655,770.0,0.55,780.0,-10.0,-0.1,0.2926,0.19260000000000002,760.0,10.0,0.09552355780010657,0.2464,0.3419235578001066
65.841076199,770.0,0.55,760.0,10.0,0.0907640938500117,0.2926,0.38336409385001174,780.0,-10.0,-0.09524050689989508,0.2464,0.15115949310010493
65.855222325,770.0,0.55,780.0,-10.0,-0.09993084579998594,0.2926,0.19266915420001407,780.0,-10.0,-0.09593544654989274,0.2464,0.15046455345010729
65.87187941,770.0,0.55,780.0,-10.0,-0.1,0.2926,0.19260000000000002,760.0,10.0,0.09487133270010872,0.2464,0.34127133270010873
65.885235995,770.0,0.55,760.0,10.0,0.09070250839999063,0.2926,0.38330250839999064,760.0,10.0,0.09557384110009934,0.2464,0.3419738411000993
65.900198788,770.0,0.55,780.0,-10.0,-0.1,0.2926,0.19260000000000002,780.0,-10.0,-0.09517655894991549,0.2464,0.1512234410500845
65.915387914,770.0,0.55,760.0,10.0,0.09075567925000541,0.2926,0.38335567925000547,780.0,-10.0,-0.09593226734990822,0.2464,0.15046773265009178
65.929278541,770.0,0.55,780.0,-10.0,-0.09994108329999563,0.2926,0.1926589167000044,760.0,10.0,0.0947644952500923,0.2464,0.3411644952500923
65.943212334,770.0,0.55,780.0,-10.0,-0.1,0.2926,0.19260000000000002,780.0,-10.0,-0.09594249019991366,0.2464,0.15045750980008635
65.955654835,770.0,0.55,780.0,-10.0,-0.1,0.2926,0.19260000000000002,780.0,-10.0,-0.09661797569991905,0.2464,0.14978202430008097
65.967473753,770.0,0.55,780.0,-10.0,-0.1,0.2926,0.19260000000000002,760.0,10.0,0.09397448685008385,0.2464,0.34037448685008387
65.985211171,770.0,0.55,780.0,-10.0,-0.1,0.2926,0.19260000000000002,780.0,-10.0,-0.09679449239989936,0.2464,0.14960550760010066
65.997773256,770.0,0.55,780.0,-10.0,-0.1,0.2926,0.19260000000000002,760.0,10.0,0.09395042435010055,0.2464,0.34035042435010054
66.010375882,770.0,0.55,780.0,-10.0,-0.1,0.2926,0.19260000000000002,760.0,10.0,0.09458720565010026,0.2464,0.34098720565010027
66.023397925,770.0,0.55,760.0,10.0,0.09058480635000252,0.2926,0.3831848063500025,780.0,-10.0,-0.09599762984991231,0.2464,0.1504023701500877
66.037488052,770.0,0.55,780.0,-10.0,-0.1,0.2926,0.19260000000000002,760.0,10.0,0.09468069940007809,0.2464,0.3410806994000781
66.054437095,770.0,0.55,760.0,10.0,0.09088134385000558,0.2926,0.3834813438500056,780.0,-10.0,-0.09620065899993278,0.2464,0.1501993410000672
66.068538013,770.0,0.55,780.0,-10.0,-0.09981428119999691,0.2926,0.19278571880000311,760.0,10.0,0.09449496605006971,0.2464,0.34089496605006975
66.081082889,770.0,0.55,760.0,10.0,0.09081764389999535,0.2926,0.3834176438999954,760.0,10.0,0.09512689115006197,0.2464,0.34152689115006196
66.096144849,770.0,0.55,780.0,-10.0,-0.0999294166000027,0.2926,0.19267058339999732,760.0,10.0,0.09587395165006,0.2464,0.34227395165006
66.109117017,770.0,0.55,780.0,-10.0,-0.1,0.2926,0.19260000000000002,760.0,10.0,0.09653129545006323,0.2464,0.34293129545006323
66.122269143,770.0,0.55,760.0,10.0,0.09065897714998755,0.2926,0.3832589771499876,780.0,-10.0,-0.0941276670999423,0.2464,0.1522723329000577
66.13667077,770.0,0.55,780.0,-10.0,-0.1,0.2926,0.19260000000000002,780.0,-10.0,-0.09483895469992604,0.2464,0.15156104530007397
66.149558063,770.0,0.55,760.0,10.0,0.09065167090001523,0.2926,0.3832516709000153,780.0,-10.0,-0.09549062559994127,0.2464,0.15090937440005875
66.165005898,770.0,0.55,760.0,10.0,0.0914023626000153,0.2926,0.3840023626000153,780.0,-10.0,-0.09624130274993604,0.2464,0.15015869725006398
66.179387691,770.0,0.55,760.0,10.0,0.09213201060000756,0.2926,0.3847320106000076,760.0,10.0,0.09448833065005147,0.2464,0.3408883306500515
66.192946401,770.0,0.55,760.0,10.0,0.09279644194999946,0.2926,0.3853964419499995,760.0,10.0,0.0951527765500714,0.2464,0.34155277655007144
66.20824636,770.0,0.55,780.0,-10.0,-0.09798885600000631,0.2926,0.1946111439999937,780.0,-10.0,-0.0956325214499111,0.2464,0.1507674785500889
66.23506278,770.0,0.55,780.0,-10.0,-0.09934239364999939,0.2926,0.19325760635000064,780.0,-10.0,-0.09698605909992694,0.2464,0.14941394090007307
66.249385656,770.0,0.55,780.0,-10.0,-0.09999479370001155,0.2926,0.19260520629998848,760.0,10.0,0.09366632635005771,0.2464,0.34006632635005773
66.280905201,770.0,0.55,780.0,-10.0,-0.1,0.2926,0.19260000000000002,780.0,-10.0,-0.09790262174994041,0.2464,0.1484973782500596
66.296750578,770.0,0.55,780.0,-10.0,-0.1,0.2926,0.19260000000000002,780.0,-10.0,-0.09869951349995973,0.2464,0.14770048650004028
66.311218412,770.0,0.55,760.0,10.0,0.0907133875999898,0.2926,0.38331338759998984,760.0,10.0,0.09201393240002745,0.2464,0.3384139324000275
66.324538539,770.0,0.55,780.0,-10.0,-0.1,0.2926,0.19260000000000002,780.0,-10.0,-0.09870874474996981,0.2464,0.14769125525003018
66.335770332,770.0,0.55,780.0,-10.0,-0.1,0.2926,0.19260000000000002,760.0,10.0,0.09191860115004147,0.2464,0.3383186011500415
66.352873667,770.0,0.55,760.0,10.0,0.09081353134999062,0.2926,0.3834135313499907,760.0,10.0,0.09273214705003738,0.2464,0.33913214705003736
66.365579251,770.0,0.55,780.0,-10.0,-0.09980350415000885,0.2926,0.19279649584999117,780.0,-10.0,-0.0978848884499621,0.2464,0.1485151115500379
66.378981628,770.0,0.55,760.0,10.0,0.0908614375499974,0.2926,0.3834614375499974,760.0,10.0,0.0927800241000341,0.2464,0.3391800241000341
66.393151379,770.0,0.55,760.0,10.0,0.09157803344998229,0.2926,0.3841780334499823,780.0,-10.0,-0.0979366155499656,0.2464,0.1484633844500344
66.406587297,770.0,0.55,780.0,-10.0,-0.09908597495002595,0.2926,0.19351402504997406,760.0,10.0,0.09272739285004264,0.2464,0.3391273928500427
66.421625632,770.0,0.55,760.0,10.0,0.09167741889997615,0.2926,0.3842774188999762,760.0,10.0,0.09349077210003998,0.2464,0.33989077210004
66.435031508,770.0,0.55,780.0,-10.0,-0.09898755200001688,0.2926,0.19361244799998314,780.0,-10.0,-0.09717419879995305,0.2464,0.14922580120004697
66.448066093,770.0,0.55,780.0,-10.0,-0.09964011250001477,0.2926,0.19295988749998527,760.0,10.0,0.09347836170004484,0.2464,0.3398783617000448
66.465088928,770.0,0.55,760.0,10.0,0.09114617714998531,0.2926,0.3837461771499853,780.0,-10.0,-0.09730789874996845,0.2464,0.14909210125003156
66.478565096,770.0,0.55,780.0,-10.0,-0.09957232915000987,0.2926,0.19302767084999017,780.0,-10.0,-0.09802640509996309,0.2464,0.14837359490003693
66.495097056,770.0,0.55,780.0,-10.0,-0.1,0.2926,0.19260000000000002,760.0,10.0,0.09270316995002759,0.2464,0.3391031699500276
66.506894099,770.0,0.55,780.0,-10.0,-0.1,0.2926,0.19260000000000002,780.0,-10.0,-0.09806203224997262,0.2464,0.1483379677500274
66.519323767,770.0,0.55,780.0,-10.0,-0.1,0.2926,0.19260000000000002,760.0,10.0,0.09256204695002453,0.2464,0.3389620469500245
66.532663143,770.0,0.55,760.0,10.0,0.09059578754999166,0.2926,0.3831957875499917,760.0,10.0,0.09315784910004368,0.2464,0.3395578491000437
66.546573019,770.0,0.55,780.0,-10.0,-0.1,0.2926,0.19260000000000002,780.0,-10.0,-0.09754455719995804,0.2464,0.14885544280004198
66.558929771,770.0,0.55,780.0,-10.0,-0.1,0.2926,0.19260000000000002,780.0,-10.0,-0.0982129405999467,0.2464,0.1481870594000533
66.573679939,770.0,0.55,760.0,10.0,0.09069162924999091,0.2926,0.38329162924999094,780.0,-10.0,-0.09890456984993762,0.2464,0.1474954301500624
66.587679065,770.0,0.55,780.0,-10.0,-0.09998849370001608,0.2926,0.19261150629998394,760.0,10.0,0.09177553855006408,0.2464,0.3381755385500641
66.602414358,770.0,0.55,780.0,-10.0,-0.1,0.2926,0.19260000000000002,760.0,10.0,0.0925313782000785,0.2464,0.3389313782000785
66.615303693,770.0,0.55,780.0,-10.0,-0.1,0.2926,0.19260000000000002,780.0,-10.0,-0.0981747614499136,0.2464,0.1482252385500864
66.629116153,770.0,0.55,780.0,-10.0,-0.1,0.2926,0.19260000000000002,780.0,-10.0,-0.09883786569991117,0.2464,0.14756213430008885
66.647274155,770.0,0.55,760.0,10.0,0.09076897925000595,0.2926,0.38336897925000596,780.0,-10.0,-0.09960687409990442,0.2464,0.14679312590009558
66.662167823,770.0,0.55,780.0,-10.0,-0.1,0.2926,0.19260000000000002,780.0,-10.0,-0.1,0.2464,0.1464
66.676316866,770.0,0.55,760.0,10.0,0.09069466254999498,0.2926,0.383294662549995,760.0,10.0,0.09069466259999445,0.2464,0.33709466259999443
66.691637534,770.0,0.55,780.0,-10.0,-0.1,0.2926,0.19260000000000002,760.0,10.0,0.09146337935000247,0.2464,0.3378633793500025
66.703525577,770.0,0.55,780.0,-10.0,-0.1,0.2926,0.19260000000000002,780.0,-10.0,-0.09920377905000351,0.2464,0.14719622094999651
66.719215787,770.0,0.55,760.0,10.0,0.09070723340002132,0.2926,0.3833072334000214,780.0,-10.0,-0.09991101245000208,0.2464,0.14648898754999792
66.743248831,770.0,0.55,780.0,-10.0,-0.1,0.2926,0.19260000000000002,780.0,-10.0,-0.1,0.2464,0.1464
66.75520279,770.0,0.55,780.0,-10.0,-0.1,0.2926,0.19260000000000002,760.0,10.0,0.09063637294999807,0.2464,0.3370363729499981
66.788210127,770.0,0.55,760.0,10.0,0.0915209688999903,0.2926,0.3841209688999903,780.0,-10.0,-0.1,0.2464,0.1464
66.801749003,770.0,0.55,780.0,-10.0,-0.0992200541000102,0.2926,0.19337994589998983,780.0,-10.0,-0.1,0.2464,0.1464
66.817386713,770.0,0.55,780.0,-10.0,-0.09994636250003168,0.2926,0.19265363749996833,760.0,10.0,0.09072626465000667,0.2464,0.33712626465000667
66.83010134,770.0,0.55,780.0,-10.0,-0.1,0.2926,0.19260000000000002,760.0,10.0,0.09144197095000892,0.2464,0.3378419709500089
66.843600841,770.0,0.55,780.0,-10.0,-0.1,0.2926,0.19260000000000002,780.0,-10.0,-0.09922044789998381,0.2464,0.1471795521000162
66.858107467,770.0,0.55,760.0,10.0,0.0907178354999951,0.2926,0.3833178354999951,780.0,-10.0,-0.09993826879999687,0.2464,0.14646173120000314
66.870382552,770.0,0.55,780.0,-10.0,-0.09990522289999718,0.2926,0.19269477710000285,780.0,-10.0,-0.1,0.2464,0.1464
66.885751637,770.0,0.55,760.0,10.0,0.0908547875999966,0.2926,0.3834547875999966,760.0,10.0,0.09075998135000646,0.2464,0.33715998135000647
66.899469888,770.0,0.55,780.0,-10.0,-0.09982604995000202,0.2926,0.192773950049998,780.0,-10.0,-0.09992084164998687,0.2464,0.14647915835001313
66.912748598,770.0,0.55,780.0,-10.0,-0.1,0.2926,0.19260000000000002,780.0,-10.0,-0.1,0.2464,0.1464
66.925880308,770.0,0.55,760.0,10.0,0.09062638340000376,0.2926,0.3832263834000038,760.0,10.0,0.09062638340000376,0.2464,0.3370263834000038
66.940401809,770.0,0.55,780.0,-10.0,-0.1,0.2926,0.19260000000000002,780.0,-10.0,-0.1,0.2464,0.1464
66.951971935,770.0,0.55,760.0,10.0,0.09070857504999821,0.2926,0.38330857504999827,780.0,-10.0,-0.1,0.2464,0.1464
66.970731645,770.0,0.55,780.0,-10.0,-0.1,0.2926,0.19260000000000002,780.0,-10.0,-0.1,0.2464,0.1464
66.988728356,770.0,0.55,760.0,10.0,0.09077259590000267,0.2926,0.3833725959000027,760.0,10.0,0.0907725521500106,0.2464,0.33717255215001063
67.005963232,770.0,0.55,780.0,-10.0,-0.1,0.2926,0.19260000000000002,760.0,10.0,0.09155523974999596,0.2464,0.337955239749996
67.020249359,770.0,0.55,760.0,10.0,0.09078591050000796,0.2926,0.383385910500008,780.0,-10.0,-0.09923064160002468,0.2464,0.14716935839997533
67.034280277,770.0,0.55,760.0,10.0,0.09152315640000325,0.2926,0.3841231564000033,760.0,10.0,0.09150664804996268,0.2464,0.3379066480499627
67.049855862,770.0,0.55,780.0,-10.0,-0.09915498324999135,0.2926,0.1934450167500087,780.0,-10.0,-0.09917147700004988,0.2464,0.14722852299995012
67.064640738,770.0,0.55,780.0,-10.0,-0.1,0.2926,0.19260000000000002,760.0,10.0,0.09167641269993056,0.2464,0.33807641269993055
67.077117073,770.0,0.55,780.0,-10.0,-0.1,0.2926,0.19260000000000002,780.0,-10.0,-0.09900881445007599,0.2464,0.14739118554992403
67.090625907,770.0,0.55,780.0,-10.0,-0.1,0.2926,0.19260000000000002,780.0,-10.0,-0.09968147075007891,0.2464,0.1467185292499211
67.104663242,770.0,0.55,760.0,10.0,0.09064865215001647,0.2926,0.38324865215001647,760.0,10.0,0.09096721054992486,0.2464,0.33736721054992486
67.12008191,770.0,0.55,780.0,-10.0,-0.1,0.2926,0.19260000000000002,800.0,-30.0,-0.29,0.2464,-0.04359999999999997
67.13408337,770.0,0.55,780.0,-10.0,-0.1,0.2926,0.19260000000000002,760.0,10.0,0.09078061674998936,0.2464,0.33718061674998934
67.151988497,770.0,0.55,780.0,-10.0,-0.1,0.2926,0.19260000000000002,780.0,-10.0,-0.1,0.2464,0.1464
67.164386957,770.0,0.55,780.0,-10.0,-0.1,0.2926,0.19260000000000002,760.0,10.0,0.09060315214998355,0.2464,0.33700315214998355
67.179568208,770.0,0.55,760.0,10.0,0.09071108340000592,0.2926,0.38331108340000597,760.0,10.0,0.09131419179999739,0.2464,0.3377141917999974
67.192948126,770.0,0.55,780.0,-10.0,-0.09995711039998696,0.2926,0.19264288960001308,760.0,10.0,0.09198242934998234,0.2464,0.33838242934998236
67.208148919,770.0,0.55,760.0,10.0,0.09079950220001592,0.2926,0.38339950220001595,760.0,10.0,0.09273899819999315,0.2464,0.33913899819999316
67.221863087,770.0,0.55,760.0,10.0,0.09149251685002127,0.2926,0.3840925168500213,760.0,10.0,0.09343205659999057,0.2464,0.3398320565999906
67.249250007,770.0,0.55,760.0,10.0,0.09285085240000171,0.2926,0.38545085240000176,760.0,10.0,0.09479039214999375,0.2464,0.34119039214999375
67.265169467,770.0,0.55,780.0,-10.0,-0.0979431810000051,0.2926,0.19465681899999493,780.0,-10.0,-0.09600364125001307,0.2464,0.15039635874998694
67.300166262,770.0,0.55,780.0,-10.0,-0.09962341450000167,0.2926,0.19297658549999835,760.0,10.0,0.09567660684996554,0.2464,0.34207660684996555
67.320856806,770.0,0.55,780.0,-10.0,-0.1,0.2926,0.19260000000000002,740.0,30.0,0.2885239008499684,0.2464,0.5349239008499684
# 67.335 Shooter Ready
67.338843599,770.0,0.55,760.0,10.0,0.09104326260000108,0.2926,0.3836432626000011,780.0,-10.0,-0.09251928885003054,0.2464,0.15388071114996948
67.353127392,770.0,0.55,780.0,-10.0,-0.09970021039998755,0.2926,0.19289978960001247,780.0,-10.0,-0.09326284935004878,0.2464,0.15313715064995123
67.368044102,770.0,0.55,780.0,-10.0,-0.1,0.2926,0.19260000000000002,760.0,10.0,0.09742678194994824,0.2464,0.34382678194994826
67.381754478,770.0,0.55,760.0,10.0,0.090739754250003,0.2926,0.383339754250003,780.0,-10.0,-0.0933129868500373,0.2464,0.1530870131499627
67.397211647,770.0,0.55,780.0,-10.0,-0.1,0.2926,0.19260000000000002,780.0,-10.0,-0.09407913695004026,0.2464,0.15232086304995973
67.410289981,770.0,0.55,780.0,-10.0,-0.1,0.2926,0.19260000000000002,800.0,-30.0,-0.28623478710007016,0.2464,-0.03983478710007016
67.424611108,770.0,0.55,760.0,10.0,0.09065616254998986,0.2926,0.3832561625499899,780.0,-10.0,-0.09689090595006747,0.2464,0.14950909404993254
67.439876651,770.0,0.55,780.0,-10.0,-0.1,0.2926,0.19260000000000002,780.0,-10.0,-0.09761972265007443,0.2464,0.14878027734992558
67.452936902,770.0,0.55,780.0,-10.0,-0.1,0.2926,0.19260000000000002,760.0,10.0,0.09312776079990727,0.2464,0.33952776079990726
67.469839279,770.0,0.55,780.0,-10.0,-0.1,0.2926,0.19260000000000002,780.0,-10.0,-0.09770612885010906,0.2464,0.14869387114989097
67.485879197,770.0,0.55,780.0,-10.0,-0.1,0.2926,0.19260000000000002,760.0,10.0,0.0930938837498752,0.2464,0.3394938837498752
67.49984449,770.0,0.55,760.0,10.0,0.09064090840000973,0.2926,0.38324090840000974,780.0,-10.0,-0.09754702465013451,0.2464,0.1488529753498655
67.515890242,770.0,0.55,780.0,-10.0,-0.1,0.2926,0.19260000000000002,760.0,10.0,0.09313757539986454,0.2464,0.33953757539986457
67.526788951,770.0,0.55,780.0,-10.0,-0.1,0.2926,0.19260000000000002,780.0,-10.0,-0.09759531010013234,0.2464,0.14880468989986767
67.539713286,770.0,0.55,760.0,10.0,0.09058619169999474,0.2926,0.3831861916999948,760.0,10.0,0.09299088159986241,0.2464,0.3393908815998624
67.554363121,770.0,0.55,780.0,-10.0,-0.1,0.2926,0.19260000000000002,740.0,30.0,0.2851678818498885,0.2464,0.5315678818498886
# 67.568 Shooter Ready
67.571595372,770.0,0.55,760.0,10.0,0.09086391674999504,0.2926,0.3834639167499951,780.0,-10.0,-0.09569602030010174,0.2464,0.15070397969989827
67.585891999,770.0,0.55,780.0,-10.0,-0.09985165835000771,0.2926,0.19274834164999233,780.0,-10.0,-0.09641161000010925,0.2464,0.14998838999989075
67.601919959,770.0,0.55,780.0,-10.0,-0.1,0.2926,0.19260000000000002,780.0,-10.0,-0.09720718920011677,0.2464,0.14919281079988322
67.615422085,770.0,0.55,780.0,-10.0,-0.1,0.2926,0.19260000000000002,760.0,10.0,0.09353694004988938,0.2464,0.3399369400498894
67.628501878,770.0,0.55,780.0,-10.0,-0.1,0.2926,0.19260000000000002,780.0,-10.0,-0.09711196005009697,0.2464,0.14928803994990303
67.639576463,770.0,0.55,780.0,-10.0,-0.1,0.2926,0.19260000000000002,780.0,-10.0,-0.09767417675009256,0.2464,0.14872582324990746
67.655054631,770.0,0.55,760.0,10.0,0.09068836254999951,0.2926,0.38328836254999954,760.0,10.0,0.09301418579990696,0.2464,0.33941418579990695
67.66776109,770.0,0.55,780.0,-10.0,-0.09996209795001505,0.2926,0.192637902049985,780.0,-10.0,-0.0976362747001076,0.2464,0.1487637252998924
67.680666175,770.0,0.55,760.0,10.0,0.09069607709997399,0.2926,0.38329607709997404,760.0,10.0,0.09302190034988143,0.2464,0.33942190034988146
67.694067676,770.0,0.55,760.0,10.0,0.091365466749985,0.2926,0.383965466749985,760.0,10.0,0.09369130459989719,0.2464,0.3400913045998972
67.707360094,770.0,0.55,780.0,-10.0,-0.0992826604000129,0.2926,0.19331733959998712,780.0,-10.0,-0.09695680795009594,0.2464,0.14944319204990408
67.719819221,770.0,0.55,760.0,10.0,0.09134903134999149,0.2926,0.38394903134999153,780.0,-10.0,-0.09758851430008235,0.2464,0.14881148569991764
67.733324847,770.0,0.55,780.0,-10.0,-0.09931674165000004,0.2926,0.19328325835,780.0,-10.0,-0.09825428725009715,0.2464,0.14814571274990285
67.7579911,770.0,0.55,760.0,10.0,0.09186840220001159,0.2926,0.3844684022000116,760.0,10.0,0.09293084204988646,0.2464,0.33933084204988645
67.772449018,770.0,0.55,780.0,-10.0,-0.09891291454998737,0.2926,0.19368708545001267,760.0,10.0,0.09371217339989016,0.2464,0.3401121733998902
67.804121687,770.0,0.55,760.0,10.0,0.09260879810000461,0.2926,0.38520879810000463,780.0,-10.0,-0.09780952465011979,0.2464,0.14859047534988024
67.817293064,770.0,0.55,780.0,-10.0,-0.09809766239998226,0.2926,0.19450233760001778,760.0,10.0,0.09289692124988505,0.2464,0.3392969212498851
67.834420316,770.0,0.55,760.0,10.0,0.0925931939000202,0.2926,0.3851931939000202,760.0,10.0,0.09358774839987746,0.2464,0.33998774839987744
67.849689942,770.0,0.55,780.0,-10.0,-0.09829590829999688,0.2926,0.19430409170000315,780.0,-10.0,-0.09730136835012218,0.2464,0.14909863164987783
67.865116777,770.0,0.55,780.0,-10.0,-0.09910491879998062,0.2926,0.1934950812000194,780.0,-10.0,-0.09811033510011384,0.2464,0.14828966489988615
67.881575529,770.0,0.55,780.0,-10.0,-0.09992629594999017,0.2926,0.19267370405000986,780.0,-10.0,-0.09893171230012285,0.2464,0.14746828769987716
67.89676553,770.0,0.55,780.0,-10.0,-0.1,0.2926,0.19260000000000002,760.0,10.0,0.09181275234988334,0.2464,0.33821275234988335
67.912888865,770.0,0.55,760.0,10.0,0.09081124174998877,0.2926,0.3834112417499888,760.0,10.0,0.09262402324988216,0.2464,0.3390240232498822
67.927203867,770.0,0.55,780.0,-10.0,-0.09991712290002397,0.2926,0.19268287709997606,780.0,-10.0,-0.09810434140010785,0.2464,0.14829565859989216
67.94099066,770.0,0.55,780.0,-10.0,-0.1,0.2926,0.19260000000000002,780.0,-10.0,-0.09880940190012097,0.2464,0.14759059809987904
67.954042161,770.0,0.55,760.0,10.0,0.09065734380000322,0.2926,0.38325734380000326,780.0,-10.0,-0.09946677490011098,0.2464,0.14693322509988904
67.972392371,770.0,0.55,780.0,-10.0,-0.1,0.2926,0.19260000000000002,780.0,-10.0,-0.1,0.2464,0.1464
67.985988997,770.0,0.55,760.0,10.0,0.09067844590000732,0.2926,0.38327844590000737,760.0,10.0,0.09067843130000255,0.2464,0.3370784313000026
68.001080416,770.0,0.55,780.0,-10.0,-0.1,0.2926,0.19260000000000002,780.0,-10.0,-0.1,0.2464,0.1464
68.01133775,770.0,0.55,780.0,-10.0,-0.1,0.2926,0.19260000000000002,780.0,-10.0,-0.1,0.2464,0.1464
68.023089293,770.0,0.55,760.0,10.0,0.09052307505000044,0.2926,0.3831230750500005,780.0,-10.0,-0.1,0.2464,0.1464
68.035455669,770.0,0.55,780.0,-10.0,-0.1,0.2926,0.19260000000000002,780.0,-10.0,-0.1,0.2464,0.1464
68.046119295,770.0,0.55,780.0,-10.0,-0.1,0.2926,0.19260000000000002,780.0,-10.0,-0.1,0.2464,0.1464
68.060368963,770.0,0.55,780.0,-10.0,-0.1,0.2926,0.19260000000000002,760.0,10.0,0.09051584170000751,0.2464,0.33691584170000755
68.073661965,770.0,0.55,780.0,-10.0,-0.1,0.2926,0.19260000000000002,760.0,10.0,0.09124040015000447,0.2464,0.33764040015000446
68.085760882,770.0,0.55,780.0,-10.0,-0.1,0.2926,0.19260000000000002,780.0,-10.0,-0.0993831248999868,0.2464,0.1470168751000132
68.101516426,770.0,0.55,760.0,10.0,0.09067237924999973,0.2926,0.38327237924999974,780.0,-10.0,-0.1,0.2464,0.1464
68.112444302,770.0,0.55,760.0,10.0,0.09139231475000088,0.2926,0.3839923147500009,780.0,-10.0,-0.1,0.2464,0.1464
68.124560136,770.0,0.55,780.0,-10.0,-0.09921407489998728,0.2926,0.19338592510001273,780.0,-10.0,-0.1,0.2464,0.1464
68.138933763,770.0,0.55,760.0,10.0,0.09135813140002483,0.2926,0.3839581314000249,760.0,10.0,0.09057220629998938,0.2464,0.33697220629998936
68.152713556,770.0,0.55,780.0,-10.0,-0.09937412699996458,0.2926,0.19322587300003546,760.0,10.0,0.09130447929998355,0.2464,0.33770447929998354
68.176244642,770.0,0.55,780.0,-10.0,-0.1,0.2926,0.19260000000000002,780.0,-10.0,-0.0994834437000236,0.2464,0.1469165562999764
68.191516018,770.0,0.55,780.0,-10.0,-0.1,0.2926,0.19260000000000002,780.0,-10.0,-0.1,0.2464,0.1464
68.209398978,770.0,0.55,780.0,-10.0,-0.1,0.2926,0.19260000000000002,760.0,10.0,0.09091683969999395,0.2464,0.33731683969999393
68.222967605,770.0,0.55,760.0,10.0,0.09060767300001317,0.2926,0.3832076730000132,760.0,10.0,0.0915245272500124,0.2464,0.33792452725001243
68.237258106,770.0,0.55,780.0,-10.0,-0.1,0.2926,0.19260000000000002,780.0,-10.0,-0.0991788415499741,0.2464,0.14722115845002592
68.260794733,770.0,0.55,760.0,10.0,0.09120882720000281,0.2926,0.38380882720000287,780.0,-10.0,-0.1,0.2464,0.1464
68.273367026,770.0,0.55,780.0,-10.0,-0.09940612289999536,0.2926,0.19319387710000469,760.0,10.0,0.09061495009999818,0.2464,0.33701495009999816
68.307546571,770.0,0.55,780.0,-10.0,-0.1,0.2926,0.19260000000000002,780.0,-10.0,-0.1,0.2464,0.1464
68.320243989,770.0,0.55,760.0,10.0,0.09082398754998394,0.2926,0.38342398754998397,780.0,-10.0,-0.1,0.2464,0.1464
68.334853866,770.0,0.55,760.0,10.0,0.091378766799985,0.2926,0.383978766799985,780.0,-10.0,-0.1,0.2464,0.1464
68.350199034,770.0,0.55,780.0,-10.0,-0.09947110620003059,0.2926,0.19312889379996945,760.0,10.0,0.0908499021500029,0.2464,0.3372499021500029
68.36389891,770.0,0.55,760.0,10.0,0.09121031469996069,0.2926,0.38381031469996074,760.0,10.0,0.09153130844998941,0.2464,0.3379313084499894
68.377784578,770.0,0.55,780.0,-10.0,-0.09947501450003529,0.2926,0.19312498549996474,780.0,-10.0,-0.09915402080002877,0.2464,0.14724597919997123
68.393293955,770.0,0.55,760.0,10.0,0.09122599184996943,0.2926,0.38382599184996946,780.0,-10.0,-0.09985504170001605,0.2464,0.14654495829998396
68.408028373,770.0,0.55,780.0,-10.0,-0.09956726865002566,0.2926,0.19303273134997437,760.0,10.0,0.09093820419999701,0.2464,0.33733820419999705
68.423426625,770.0,0.55,780.0,-10.0,-0.1,0.2926,0.19260000000000002,780.0,-10.0,-0.09984276254999713,0.2464,0.14655723745000288
68.437641876,770.0,0.55,780.0,-10.0,-0.1,0.2926,0.19260000000000002,780.0,-10.0,-0.1,0.2464,0.1464
68.451691169,770.0,0.55,780.0,-10.0,-0.1,0.2926,0.19260000000000002,760.0,10.0,0.09071265839999341,0.2464,0.33711265839999344
68.468305088,770.0,0.55,760.0,10.0,0.09073581675001151,0.2926,0.38333581675001155,780.0,-10.0,-0.1,0.2464,0.1464
68.490058173,770.0,0.55,780.0,-10.0,-0.1,0.2926,0.19260000000000002,760.0,10.0,0.09107941470000697,0.2464,0.337479414700007
68.503505466,770.0,0.55,780.0,-10.0,-0.1,0.2926,0.19260000000000002,760.0,10.0,0.09185847105001357,0.2464,0.3382584710500136
68.516571842,770.0,0.55,780.0,-10.0,-0.1,0.2926,0.19260000000000002,780.0,-10.0,-0.09878811024998413,0.2464,0.14761188975001588
68.528239094,770.0,0.55,780.0,-10.0,-0.1,0.2926,0.19260000000000002,760.0,10.0,0.09180445440000767,0.2464,0.3382044544000077
68.549200304,770.0,0.55,760.0,10.0,0.09097985424999934,0.2926,0.38357985424999935,800.0,-30.0,-0.29,0.2464,-0.04359999999999997
# 68.561 Shooter Ready
68.566794222,770.0,0.55,780.0,-10.0,-0.09979064165002001,0.2926,0.19280935834998003,760.0,10.0,0.09077049589999661,0.2464,0.3371704958999966
68.581103974,770.0,0.55,760.0,10.0,0.09103871259996141,0.2926,0.3836387125999614,780.0,-10.0,-0.1,0.2464,0.1464
68.595171059,770.0,0.55,780.0,-10.0,-0.09966579375004585,0.2926,0.19293420624995417,760.0,10.0,0.09070449169998028,0.2464,0.3371044916999803
68.609243393,770.0,0.55,760.0,10.0,0.09103296669994962,0.2926,0.3836329666999496,760.0,10.0,0.09140323759999319,0.2464,0.3378032375999932
68.624199478,770.0,0.55,760.0,10.0,0.09177385844995115,0.2926,0.3843738584499512,760.0,10.0,0.09214415854998151,0.2464,0.33854415854998154
68.638725646,770.0,0.55,780.0,-10.0,-0.09893236870004785,0.2926,0.19366763129995218,780.0,-10.0,-0.09856205400003545,0.2464,0.14783794599996455
68.653731315,770.0,0.55,780.0,-10.0,-0.0997215459000472,0.2926,0.19287845409995283,760.0,10.0,0.09222712314996442,0.2464,0.33862712314996446
68.668009858,770.0,0.55,780.0,-10.0,-0.1,0.2926,0.19260000000000002,760.0,10.0,0.09290663364996818,0.2464,0.33930663364996816
68.683036526,770.0,0.55,780.0,-10.0,-0.1,0.2926,0.19260000000000002,760.0,10.0,0.093749375399957,0.2464,0.340149375399957
68.69593636,770.0,0.55,760.0,10.0,0.09057701880000422,0.2926,0.38317701880000427,760.0,10.0,0.09432639419996122,0.2464,0.3407263941999612
68.710292779,770.0,0.55,780.0,-10.0,-0.1,0.2926,0.19260000000000002,760.0,10.0,0.09503505674996632,0.2464,0.3414350567499663
68.724386113,770.0,0.55,780.0,-10.0,-0.1,0.2926,0.19260000000000002,780.0,-10.0,-0.09568818920001831,0.2464,0.1507118107999817
68.740795865,770.0,0.55,780.0,-10.0,-0.1,0.2926,0.19260000000000002,760.0,10.0,0.09518023379997885,0.2464,0.34158023379997887
68.766659993,770.0,0.55,760.0,10.0,0.09123446469999635,0.2926,0.3838344646999964,780.0,-10.0,-0.09605424550002226,0.2464,0.15034575449997775
68.779873369,770.0,0.55,780.0,-10.0,-0.09943336455000917,0.2926,0.19316663544999085,760.0,10.0,0.09461355454999648,0.2464,0.3410135545499965
68.812565122,770.0,0.55,780.0,-10.0,-0.1,0.2926,0.19260000000000002,760.0,10.0,0.09617023804998098,0.2464,0.342570238049981
68.827102082,770.0,0.55,760.0,10.0,0.09077641674999995,0.2926,0.38337641675,780.0,-10.0,-0.09460616410001421,0.2464,0.1517938358999858
68.846766251,770.0,0.55,760.0,10.0,0.09155741265000415,0.2926,0.3841574126500042,800.0,-30.0,-0.2869491518000268,0.2464,-0.04054915180002677
# 68.858 Shooter Ready
68.861890044,770.0,0.55,780.0,-10.0,-0.09941640414999711,0.2926,0.19318359585000291,780.0,-10.0,-0.09792289565002647,0.2464,0.14847710434997352
68.876668504,770.0,0.55,780.0,-10.0,-0.1,0.2926,0.19260000000000002,760.0,10.0,0.09280841484998291,0.2464,0.33920841484998293
68.888548088,770.0,0.55,780.0,-10.0,-0.1,0.2926,0.19260000000000002,760.0,10.0,0.09347837324998182,0.2464,0.3398783732499818
68.902631215,770.0,0.55,760.0,10.0,0.09064821465000478,0.2926,0.3832482146500048,780.0,-10.0,-0.09716985600000498,0.2464,0.149230143999995
68.916709383,770.0,0.55,780.0,-10.0,-0.1,0.2926,0.19260000000000002,780.0,-10.0,-0.09783123940001133,0.2464,0.1485687605999887
68.929791217,770.0,0.55,780.0,-10.0,-0.1,0.2926,0.19260000000000002,780.0,-10.0,-0.09857426030000624,0.2464,0.14782573969999377
68.944491802,770.0,0.55,760.0,10.0,0.09064105424999071,0.2926,0.3832410542499907,740.0,30.0,0.2833489461000499,0.2464,0.52974894610005
68.959298262,770.0,0.55,780.0,-10.0,-0.1,0.2926,0.19260000000000002,760.0,10.0,0.09413002950003829,0.2464,0.3405300295000383
68.976794764,770.0,0.55,760.0,10.0,0.09086625005001224,0.2926,0.3834662500500123,760.0,10.0,0.09499633795004683,0.2464,0.34139633795004687
68.997335974,770.0,0.55,780.0,-10.0,-0.1,0.2926,0.19260000000000002,780.0,-10.0,-0.09599912044993744,0.2464,0.15040087955006257
69.011598767,770.0,0.55,760.0,10.0,0.09075878550001107,0.2926,0.3833587855000111,760.0,10.0,0.09475981090007736,0.2464,0.34115981090007735
69.02653531,770.0,0.55,780.0,-10.0,-0.09996810624998034,0.2926,0.19263189375001968,780.0,-10.0,-0.09596708084991405,0.2464,0.15043291915008594
69.040167812,770.0,0.55,760.0,10.0,0.09072471880002922,0.2926,0.3833247188000293,780.0,-10.0,-0.09665990589992361,0.2464,0.14974009410007638
69.058086938,770.0,0.55,780.0,-10.0,-0.1,0.2926,0.19260000000000002,780.0,-10.0,-0.09754804554991096,0.2464,0.14885195445008903
69.072054857,770.0,0.55,780.0,-10.0,-0.1,0.2926,0.19260000000000002,780.0,-10.0,-0.09821670604992505,0.2464,0.14818329395007496
69.09009415,770.0,0.55,780.0,-10.0,-0.1,0.2926,0.19260000000000002,740.0,30.0,0.28468440045008264,0.2464,0.5310844004500826
# 69.101 Shooter Ready
69.102851651,770.0,0.55,780.0,-10.0,-0.1,0.2926,0.19260000000000002,780.0,-10.0,-0.09600025794991325,0.2464,0.15039974205008677
69.114857819,770.0,0.55,780.0,-10.0,-0.1,0.2926,0.19260000000000002,760.0,10.0,0.09459466920008254,0.2464,0.34099466920008253
69.126869529,770.0,0.55,760.0,10.0,0.09054047295000146,0.2926,0.3831404729500015,780.0,-10.0,-0.09594571629991151,0.2464,0.1504542837000885
69.138973113,770.0,0.55,780.0,-10.0,-0.1,0.2926,0.19260000000000002,800.0,-30.0,-0.2877927976999126,0.2464,-0.04139279769991261
69.149865989,770.0,0.55,780.0,-10.0,-0.1,0.2926,0.19260000000000002,780.0,-10.0,-0.0983917060999147,0.2464,0.1480082939000853
69.162506824,770.0,0.55,760.0,10.0,0.09057528340000773,0.2926,0.3831752834000077,760.0,10.0,0.0921835918500983,0.2464,0.33858359185009834
69.174116033,770.0,0.55,760.0,10.0,0.09115823759999785,0.2926,0.3837582375999979,780.0,-10.0,-0.09839936239989129,0.2464,0.14800063760010873
69.188332452,770.0,0.55,780.0,-10.0,-0.09954037710001558,0.2926,0.19305962289998446,780.0,-10.0,-0.09909794789989519,0.2464,0.14730205210010483
69.204031995,770.0,0.55,760.0,10.0,0.09122368754998661,0.2926,0.38382368754998664,760.0,10.0,0.09166607300009219,0.2464,0.33806607300009217
69.217722538,770.0,0.55,780.0,-10.0,-0.09946900625000125,0.2926,0.19313099374999876,780.0,-10.0,-0.09902669369992054,0.2464,0.14737330630007947
69.230228914,770.0,0.55,780.0,-10.0,-0.1,0.2926,0.19260000000000002,780.0,-10.0,-0.09967684794992238,0.2464,0.14672315205007763
69.243602707,770.0,0.55,760.0,10.0,0.09065323129999797,0.2926,0.383253231299998,760.0,10.0,0.0909763833500756,0.2464,0.3373763833500756
69.271113002,770.0,0.55,780.0,-10.0,-0.1,0.2926,0.19260000000000002,760.0,10.0,0.09234510225006944,0.2464,0.33874510225006943
69.285403211,770.0,0.55,760.0,10.0,0.09071414589999677,0.2926,0.3833141458999968,760.0,10.0,0.09305924815006619,0.2464,0.33945924815006623
69.318953923,770.0,0.55,780.0,-10.0,-0.1,0.2926,0.19260000000000002,780.0,-10.0,-0.09855750409994926,0.2464,0.14784249590005075
69.332306133,770.0,0.55,780.0,-10.0,-0.1,0.2926,0.19260000000000002,780.0,-10.0,-0.099361614599934,0.2464,0.147038385400066
69.347173259,770.0,0.55,780.0,-10.0,-0.1,0.2926,0.19260000000000002,760.0,10.0,0.09125241670007199,0.2464,0.337652416700072
69.363982594,770.0,0.55,780.0,-10.0,-0.1,0.2926,0.19260000000000002,780.0,-10.0,-0.09961300214993116,0.2464,0.14678699785006885
69.376728429,770.0,0.55,780.0,-10.0,-0.1,0.2926,0.19260000000000002,760.0,10.0,0.09112431670006572,0.2464,0.3375243167000657
69.389331347,770.0,0.55,780.0,-10.0,-0.1,0.2926,0.19260000000000002,780.0,-10.0,-0.09950886249994255,0.2464,0.14689113750005744
69.402510598,770.0,0.55,780.0,-10.0,-0.1,0.2926,0.19260000000000002,780.0,-10.0,-0.1,0.2464,0.1464
69.415455058,770.0,0.55,780.0,-10.0,-0.1,0.2926,0.19260000000000002,760.0,10.0,0.09064254174999406,0.2464,0.33704254174999404
69.428115142,770.0,0.55,780.0,-10.0,-0.1,0.2926,0.19260000000000002,780.0,-10.0,-0.09999273744999755,0.2464,0.14640726255000247
69.441408727,770.0,0.55,780.0,-10.0,-0.1,0.2926,0.19260000000000002,780.0,-10.0,-0.1,0.2464,0.1464
69.455325603,770.0,0.55,760.0,10.0,0.0906613542499963,0.2926,0.3832613542499963,780.0,-10.0,-0.1,0.2464,0.1464
69.468100313,770.0,0.55,780.0,-10.0,-0.1,0.2926,0.19260000000000002,780.0,-10.0,-0.1,0.2464,0.1464
69.479513522,770.0,0.55,780.0,-10.0,-0.1,0.2926,0.19260000000000002,780.0,-10.0,-0.1,0.2464,0.1464
69.497312483,770.0,0.55,760.0,10.0,0.09081780425000488,0.2926,0.38341780425000493,780.0,-10.0,-0.1,0.2464,0.1464
69.509055275,770.0,0.55,780.0,-10.0,-0.09977649579998342,0.2926,0.1928235042000166,780.0,-10.0,-0.1,0.2464,0.1464
69.524813444,770.0,0.55,780.0,-10.0,-0.1,0.2926,0.19260000000000002,760.0,10.0,0.09067811049998455,0.2464,0.33707811049998454
69.538045195,770.0,0.55,760.0,10.0,0.0906628563500044,0.2926,0.38326285635000445,780.0,-10.0,-0.09998473120001564,0.2464,0.14641526879998437
69.551508238,770.0,0.55,780.0,-10.0,-0.1,0.2926,0.19260000000000002,780.0,-10.0,-0.1,0.2464,0.1464
69.564457656,770.0,0.55,780.0,-10.0,-0.1,0.2926,0.19260000000000002,760.0,10.0,0.09064976045000549,0.2464,0.3370497604500055
69.579582033,770.0,0.55,780.0,-10.0,-0.1,0.2926,0.19260000000000002,780.0,-10.0,-0.1,0.2464,0.1464
69.591531325,770.0,0.55,780.0,-10.0,-0.1,0.2926,0.19260000000000002,760.0,10.0,0.09071472924998944,0.2464,0.3371147292499894
69.604317118,770.0,0.55,780.0,-10.0,-0.1,0.2926,0.19260000000000002,760.0,10.0,0.09134601264999219,0.2464,0.3377460126499922
69.616734828,770.0,0.55,780.0,-10.0,-0.1,0.2926,0.19260000000000002,780.0,-10.0,-0.099272262400018,0.2464,0.147127737599982
69.629347954,770.0,0.55,780.0,-10.0,-0.1,0.2926,0.19260000000000002,780.0,-10.0,-0.09990076040000986,0.2464,0.14649923959999014
69.642517289,770.0,0.55,760.0,10.0,0.09059885005000524,0.2926,0.38319885005000526,780.0,-10.0,-0.1,0.2464,0.1464
69.654912248,770.0,0.55,780.0,-10.0,-0.1,0.2926,0.19260000000000002,780.0,-10.0,-0.1,0.2464,0.1464
69.668071666,770.0,0.55,760.0,10.0,0.09055946044999473,0.2926,0.38315946044999477,760.0,10.0,0.09055947504999949,0.2464,0.3369594750499995
69.681810043,770.0,0.55,760.0,10.0,0.09125447304999398,0.2926,0.383854473049994,760.0,10.0,0.09125448759999927,0.2464,0.3376544875999993
69.697275961,770.0,0.55,760.0,10.0,0.09202294185000938,0.2926,0.3846229418500094,760.0,10.0,0.0920229564499914,0.2464,0.33842295644999143
69.710977296,770.0,0.55,760.0,10.0,0.09270480025001235,0.2926,0.38530480025001235,760.0,10.0,0.09270478564998484,0.2464,0.33910478564998486
69.724121547,770.0,0.55,780.0,-10.0,-0.0979462727499822,0.2926,0.19465372725001784,780.0,-10.0,-0.09794631650001975,0.2464,0.14845368349998025
69.738355173,770.0,0.55,760.0,10.0,0.09275474815000508,0.2926,0.3853547481500051,760.0,10.0,0.09275468984998497,0.2464,0.339154689849985
69.751835133,770.0,0.55,780.0,-10.0,-0.09792148110000198,0.2926,0.19467851889999804,780.0,-10.0,-0.09792151020001257,0.2464,0.14847848979998746
69.776672011,770.0,0.55,760.0,10.0,0.09333519400001024,0.2926,0.38593519400001025,780.0,-10.0,-0.09917821450001156,0.2464,0.14722178549998843
69.79002422,770.0,0.55,780.0,-10.0,-0.0973188102499762,0.2926,0.19528118975002384,780.0,-10.0,-0.09983223330000328,0.2464,0.14656776669999672
69.82268389,770.0,0.55,760.0,10.0,0.09427476905003915,0.2926,0.38687476905003915,780.0,-10.0,-0.1,0.2464,0.1464
69.837116142,770.0,0.55,780.0,-10.0,-0.09647630189995197,0.2926,0.19612369810004804,760.0,10.0,0.09075107089999165,0.2464,0.33715107089999163
69.852556977,770.0,0.55,780.0,-10.0,-0.09724466864995521,0.2926,0.19535533135004482,780.0,-10.0,-0.1,0.2464,0.1464
69.872243312,770.0,0.55,780.0,-10.0,-0.09815570414993999,0.2926,0.19444429585006004,760.0,10.0,0.09091105005001282,0.2464,0.33731105005001283
69.885968855,770.0,0.55,780.0,-10.0,-0.09895052504994055,0.2926,0.19364947495005946,780.0,-10.0,-0.0998837854499925,0.2464,0.14651621455000752
69.900234856,770.0,0.55,760.0,10.0,0.09175616875008018,0.2926,0.3843561687500802,760.0,10.0,0.0908228938000002,0.2464,0.3372228938000002
69.917180691,770.0,0.55,780.0,-10.0,-0.0990968396999051,0.2926,0.19350316030009493,740.0,30.0,0.2833819190000258,0.2464,0.5297819190000258
# 69.928 Shooter Ready
69.931490151,770.0,0.55,780.0,-10.0,-0.09981200644990622,0.2926,0.1927879935500938,780.0,-10.0,-0.09733323319996998,0.2464,0.14906676680003003
69.945063153,770.0,0.55,760.0,10.0,0.09087545195010535,0.2926,0.38347545195010535,760.0,10.0,0.09335425435002889,0.2464,0.33975425435002893
69.959286862,770.0,0.55,780.0,-10.0,-0.09977721059988198,0.2926,0.19282278940011804,800.0,-30.0,-0.2886036458499711,0.2464,-0.042203645849971105
69.973118864,770.0,0.55,760.0,10.0,0.09094906865012944,0.2926,0.3835490686501295,760.0,10.0,0.0921226625500276,0.2464,0.3385226625500276
69.986214115,770.0,0.55,780.0,-10.0,-0.09970572304987399,0.2926,0.19289427695012604,780.0,-10.0,-0.09853211459997055,0.2464,0.14786788540002946
70.0044287,770.0,0.55,780.0,-10.0,-0.1,0.2926,0.19260000000000002,760.0,10.0,0.09236971880003694,0.2464,0.3387697188000369
70.01731191,770.0,0.55,780.0,-10.0,-0.1,0.2926,0.19260000000000002,780.0,-10.0,-0.09832358754995311,0.2464,0.14807641245004688
70.031564495,770.0,0.55,780.0,-10.0,-0.1,0.2926,0.19260000000000002,780.0,-10.0,-0.09906510634996266,0.2464,0.14733489365003735
70.045594829,770.0,0.55,760.0,10.0,0.09064821465000478,0.2926,0.3832482146500048,780.0,-10.0,-0.09971330644996215,0.2464,0.14668669355003786
70.060618581,770.0,0.55,780.0,-10.0,-0.1,0.2926,0.19260000000000002,760.0,10.0,0.09103391445002217,0.2464,0.3374339144500222
70.071776582,770.0,0.55,780.0,-10.0,-0.1,0.2926,0.19260000000000002,760.0,10.0,0.09166223740002352,0.2464,0.3380622374000235
70.087060792,770.0,0.55,760.0,10.0,0.09060337090001212,0.2926,0.38320337090001216,760.0,10.0,0.0922656229000404,0.2464,0.33866562290004043
70.099314585,770.0,0.55,780.0,-10.0,-0.1,0.2926,0.19260000000000002,760.0,10.0,0.09297771255002317,0.2464,0.3393777125500232
70.112339544,770.0,0.55,780.0,-10.0,-0.1,0.2926,0.19260000000000002,780.0,-10.0,-0.09768859999999221,0.2464,0.1487114000000078
70.124903962,770.0,0.55,760.0,10.0,0.09060837295000056,0.2926,0.3832083729500006,780.0,-10.0,-0.09829697299999225,0.2464,0.14810302700000777
70.138362922,770.0,0.55,780.0,-10.0,-0.1,0.2926,0.19260000000000002,760.0,10.0,0.09237817704999088,0.2464,0.3387781770499909
70.150370257,770.0,0.55,760.0,10.0,0.09060700215001362,0.2926,0.38320700215001363,780.0,-10.0,-0.09822883970002749,0.2464,0.14817116029997252
70.1641273,770.0,0.55,760.0,10.0,0.09127435014999265,0.2926,0.38387435014999266,760.0,10.0,0.09243843534997268,0.2464,0.3388384353499727
70.178102509,770.0,0.55,780.0,-10.0,-0.09936706865000815,0.2926,0.19323293134999187,780.0,-10.0,-0.09820304180002495,0.2464,0.14819695819997505
70.191266594,770.0,0.55,760.0,10.0,0.09136358560000644,0.2926,0.3839635856000065,760.0,10.0,0.09252762704997167,0.2464,0.3389276270499717
70.207059471,770.0,0.55,780.0,-10.0,-0.09941010404997996,0.2926,0.19318989595002006,780.0,-10.0,-0.09824604800003271,0.2464,0.14815395199996728
70.221110805,770.0,0.55,780.0,-10.0,-0.1,0.2926,0.19260000000000002,780.0,-10.0,-0.09895539600001939,0.2464,0.1474446039999806
70.233983807,770.0,0.55,760.0,10.0,0.09065003755000817,0.2926,0.3832500375500082,760.0,10.0,0.09169464154998877,0.2464,0.3380946415499888
70.249517392,770.0,0.55,780.0,-10.0,-0.1,0.2926,0.19260000000000002,780.0,-10.0,-0.09907003560001612,0.2464,0.1473299643999839
70.261536684,770.0,0.55,780.0,-10.0,-0.1,0.2926,0.19260000000000002,760.0,10.0,0.09160281034998206,0.2464,0.3380028103499821
70.28629802,770.0,0.55,780.0,-10.0,-0.1,0.2926,0.19260000000000002,780.0,-10.0,-0.09962886890000391,0.2464,0.1467711310999961
70.298495813,770.0,0.55,780.0,-10.0,-0.1,0.2926,0.19260000000000002,760.0,10.0,0.09098134160000428,0.2464,0.33738134160000427
70.329904525,770.0,0.55,780.0,-10.0,-0.1,0.2926,0.19260000000000002,760.0,10.0,0.09249638965001396,0.2464,0.33889638965001395
70.342578609,770.0,0.55,780.0,-10.0,-0.1,0.2926,0.19260000000000002,760.0,10.0,0.0931933272500055,0.2464,0.3395933272500055
70.356088027,770.0,0.55,760.0,10.0,0.09060834380001324,0.2926,0.3832083438000133,780.0,-10.0,-0.09741503114998977,0.2464,0.14898496885001022
70.37115582,770.0,0.55,780.0,-10.0,-0.1,0.2926,0.19260000000000002,760.0,10.0,0.09333235015000355,0.2464,0.3397323501500036
70.385121113,770.0,0.55,780.0,-10.0,-0.1,0.2926,0.19260000000000002,780.0,-10.0,-0.09733415200000764,0.2464,0.14906584799999237
70.398107281,770.0,0.55,780.0,-10.0,-0.1,0.2926,0.19260000000000002,780.0,-10.0,-0.09808760000000802,0.2464,0.148312399999992
70.411393866,770.0,0.55,760.0,10.0,0.09058315834999121,0.2926,0.3831831583499912,760.0,10.0,0.09249560214999747,0.2464,0.3388956021499975
70.425431784,770.0,0.55,760.0,10.0,0.09129829595000502,0.2926,0.383898295950005,780.0,-10.0,-0.09821952084998883,0.2464,0.14818047915001117
70.439132536,770.0,0.55,780.0,-10.0,-0.09938029579998328,0.2926,0.19321970420001675,780.0,-10.0,-0.09889805425000305,0.2464,0.14750194574999698
70.453198745,770.0,0.55,760.0,10.0,0.09133893965003154,0.2926,0.38393893965003156,780.0,-10.0,-0.09961736264999672,0.2464,0.1467826373500033
70.467333497,770.0,0.55,780.0,-10.0,-0.09930096249995586,0.2926,0.19329903750004418,760.0,10.0,0.09102252490000864,0.2464,0.3374225249000087
70.482348498,770.0,0.55,780.0,-10.0,-0.1,0.2926,0.19260000000000002,760.0,10.0,0.09183504999999968,0.2464,0.3382350499999997
70.494391708,770.0,0.55,780.0,-10.0,-0.1,0.2926,0.19260000000000002,780.0,-10.0,-0.09883391670000492,0.2464,0.1475660832999951
70.512449085,770.0,0.55,780.0,-10.0,-0.1,0.2926,0.19260000000000002,780.0,-10.0,-0.09971569804999944,0.2464,0.14668430195000057
70.529970961,770.0,0.55,760.0,10.0,0.09082980629999839,0.2926,0.3834298062999984,780.0,-10.0,-0.1,0.2464,0.1464
70.545318463,770.0,0.55,780.0,-10.0,-0.09993746669999837,0.2926,0.19266253330000166,760.0,10.0,0.09076728755000205,0.2464,0.337167287550002
70.559499881,770.0,0.55,760.0,10.0,0.09076323339999362,0.2926,0.3833632333999937,760.0,10.0,0.0914679292999972,0.2464,0.3378679292999972
70.573539257,770.0,0.55,780.0,-10.0,-0.09994227915001375,0.2926,0.19265772084998628,780.0,-10.0,-0.09923762700000224,0.2464,0.14716237299999776
70.592590634,770.0,0.55,760.0,10.0,0.09091753969998081,0.2926,0.3835175396999808,800.0,-30.0,-0.29,0.2464,-0.04359999999999997
# 70.604 Shooter Ready
70.608370094,770.0,0.55,780.0,-10.0,-0.09995349370003623,0.2926,0.1926465062999638,780.0,-10.0,-0.1,0.2464,0.1464
70.624797054,770.0,0.55,760.0,10.0,0.09085525429994959,0.2926,0.38345525429994964,760.0,10.0,0.09080877715001862,0.2464,0.3372087771500186
70.637825514,770.0,0.55,780.0,-10.0,-0.09982113535006647,0.2926,0.19277886464993355,760.0,10.0,0.091485195950022,0.2464,0.337885195950022
70.650864765,770.0,0.55,780.0,-10.0,-0.1,0.2926,0.19260000000000002,780.0,-10.0,-0.09917092284997579,0.2464,0.1472290771500242
70.663117975,770.0,0.55,760.0,10.0,0.09062246044999483,0.2926,0.38322246044999486,760.0,10.0,0.09145153765001851,0.2464,0.3378515376500185
70.677570935,770.0,0.55,780.0,-10.0,-0.1,0.2926,0.19260000000000002,760.0,10.0,0.09215325855001538,0.2464,0.3385532585500154
70.688685186,770.0,0.55,780.0,-10.0,-0.1,0.2926,0.19260000000000002,760.0,10.0,0.09278247110002212,0.2464,0.33918247110002214
70.701556729,770.0,0.55,760.0,10.0,0.09058928339999511,0.2926,0.38318928339999514,760.0,10.0,0.09337173995001194,0.2464,0.339771739950012
70.716523605,770.0,0.55,780.0,-10.0,-0.1,0.2926,0.19260000000000002,760.0,10.0,0.09410762960002558,0.2464,0.34050762960002556
70.730198106,770.0,0.55,760.0,10.0,0.09068637925000986,0.2926,0.38328637925000986,760.0,10.0,0.0947940525500053,0.2464,0.3411940525500053
70.742537358,770.0,0.55,760.0,10.0,0.09131565015001343,0.2926,0.38391565015001344,760.0,10.0,0.09542330890002632,0.2464,0.3418233089000263
70.755916401,770.0,0.55,780.0,-10.0,-0.09933405199997196,0.2926,0.19326594800002805,780.0,-10.0,-0.09522640779996436,0.2464,0.15117359220003565
70.768479069,770.0,0.55,760.0,10.0,0.09130103765002331,0.2926,0.38390103765002337,760.0,10.0,0.09540866730002563,0.2464,0.3418086673000256
70.792457279,770.0,0.55,780.0,-10.0,-0.09990617079997718,0.2926,0.19269382920002284,780.0,-10.0,-0.09579855569998016,0.2464,0.15060144430001984
70.805279531,770.0,0.55,780.0,-10.0,-0.1,0.2926,0.19260000000000002,760.0,10.0,0.09483968395001284,0.2464,0.34123968395001286
70.835029534,770.0,0.55,780.0,-10.0,-0.1,0.2926,0.19260000000000002,780.0,-10.0,-0.09664732040000672,0.2464,0.14975267959999328
70.846253451,770.0,0.55,780.0,-10.0,-0.1,0.2926,0.19260000000000002,780.0,-10.0,-0.09727447669999947,0.2464,0.14912552330000053
70.859107494,770.0,0.55,760.0,10.0,0.09058374169998387,0.2926,0.3831837416999839,760.0,10.0,0.09330927959998916,0.2464,0.3397092795999892
70.871371787,770.0,0.55,780.0,-10.0,-0.1,0.2926,0.19260000000000002,780.0,-10.0,-0.09730042045002847,0.2464,0.14909957954997155
70.883133247,770.0,0.55,780.0,-10.0,-0.1,0.2926,0.19260000000000002,760.0,10.0,0.09335039004996816,0.2464,0.33975039004996815
70.896198165,770.0,0.55,780.0,-10.0,-0.1,0.2926,0.19260000000000002,760.0,10.0,0.0938879754999698,0.2464,0.3402879754999698
70.907956708,770.0,0.55,780.0,-10.0,-0.1,0.2926,0.19260000000000002,780.0,-10.0,-0.09681600585001889,0.2464,0.14958399414998114
70.919075042,770.0,0.55,780.0,-10.0,-0.1,0.2926,0.19260000000000002,780.0,-10.0,-0.097371922550019,0.2464,0.149028077449981
70.93040221,770.0,0.55,780.0,-10.0,-0.1,0.2926,0.19260000000000002,760.0,10.0,0.09319501919998402,0.2464,0.339595019199984
70.941555253,770.0,0.55,780.0,-10.0,-0.1,0.2926,0.19260000000000002,780.0,-10.0,-0.09736174335000669,0.2464,0.14903825664999332
70.954219712,770.0,0.55,760.0,10.0,0.09057599795002261,0.2926,0.38317599795002266,780.0,-10.0,-0.09793774130000657,0.2464,0.14846225869999344
70.967717464,770.0,0.55,780.0,-10.0,-0.1,0.2926,0.19260000000000002,760.0,10.0,0.09268213795000066,0.2464,0.33908213795000064
70.981205298,770.0,0.55,760.0,10.0,0.09073225840001214,0.2926,0.38333225840001217,780.0,-10.0,-0.09805012045001149,0.2464,0.14834987954998852
70.9934973,770.0,0.55,760.0,10.0,0.09132890639999915,0.2926,0.38392890639999916,780.0,-10.0,-0.09864678300000378,0.2464,0.14775321699999622
71.006004259,770.0,0.55,760.0,10.0,0.09197143355001117,0.2926,0.3845714335500112,760.0,10.0,0.09199572960000296,0.2464,0.33839572960000297
71.022149469,770.0,0.55,760.0,10.0,0.09277672525000981,0.2926,0.3853767252500098,780.0,-10.0,-0.09880956209999567,0.2464,0.14759043790000434
71.035690679,770.0,0.55,780.0,-10.0,-0.09788436649998858,0.2926,0.19471563350001145,780.0,-10.0,-0.0994705517499824,0.2464,0.1469294482500176
71.054149389,770.0,0.55,780.0,-10.0,-0.09865718114997435,0.2926,0.19394281885002568,780.0,-10.0,-0.1,0.2464,0.1464
71.067512974,770.0,0.55,780.0,-10.0,-0.09947574374998566,0.2926,0.19312425625001436,760.0,10.0,0.09081865009999547,0.2464,0.33721865009999547
71.079684225,770.0,0.55,780.0,-10.0,-0.1,0.2926,0.19260000000000002,760.0,10.0,0.09144038139999339,0.2464,0.3378403813999934
71.093629101,770.0,0.55,780.0,-10.0,-0.1,0.2926,0.19260000000000002,760.0,10.0,0.09210433150000427,0.2464,0.33850433150000425
71.106141603,770.0,0.55,780.0,-10.0,-0.1,0.2926,0.19260000000000002,780.0,-10.0,-0.09858328729999358,0.2464,0.14781671270000643
71.118315187,770.0,0.55,780.0,-10.0,-0.1,0.2926,0.19260000000000002,780.0,-10.0,-0.09921693319997757,0.2464,0.14718306680002244
71.129735105,770.0,0.55,780.0,-10.0,-0.1,0.2926,0.19260000000000002,780.0,-10.0,-0.09976481449998573,0.2464,0.14663518550001428
71.142696773,770.0,0.55,760.0,10.0,0.09062126464999892,0.2926,0.38322126464999895,760.0,10.0,0.09085646475001795,0.2464,0.33725646475001797
71.156111983,770.0,0.55,780.0,-10.0,-0.1,0.2926,0.19260000000000002,760.0,10.0,0.0914892210500193,0.2464,0.3378892210500193
71.169395651,770.0,0.55,760.0,10.0,0.09069008339999073,0.2926,0.38329008339999077,780.0,-10.0,-0.09920087694997619,0.2464,0.1471991230500238
71.182212944,770.0,0.55,760.0,10.0,0.09133603759998096,0.2926,0.38393603759998096,760.0,10.0,0.09144507725001404,0.2464,0.33784507725001406
71.195266195,770.0,0.55,780.0,-10.0,-0.09931262915001753,0.2926,0.1932873708499825,780.0,-10.0,-0.09920356034999714,0.2464,0.14719643965000287
71.20921603,770.0,0.55,760.0,10.0,0.09136828134998268,0.2926,0.38396828134998273,780.0,-10.0,-0.09988445624999258,0.2464,0.14651554375000742
71.225780365,770.0,0.55,780.0,-10.0,-0.09946751870002117,0.2926,0.19313248129997884,780.0,-10.0,-0.1,0.2464,0.1464
71.236943324,770.0,0.55,780.0,-10.0,-0.1,0.2926,0.19260000000000002,780.0,-10.0,-0.1,0.2464,0.1464
71.251475034,770.0,0.55,760.0,10.0,0.09062295630000336,0.2926,0.38322295630000336,760.0,10.0,0.09062300004999543,0.2464,0.3370230000499954
71.269081494,770.0,0.55,780.0,-10.0,-0.1,0.2926,0.19260000000000002,760.0,10.0,0.09133896889999506,0.2464,0.33773896889999505
71.289125413,770.0,0.55,760.0,10.0,0.09114608970000063,0.2926,0.3837460897000007,780.0,-10.0,-0.0998071645500204,0.2464,0.1465928354499796
71.341098668,770.0,0.55,780.0,-10.0,-0.1,0.2926,0.19260000000000002,760.0,10.0,0.09275928359997124,0.2464,0.3391592835999713
71.359808795,770.0,0.55,780.0,-10.0,-0.1,0.2926,0.19260000000000002,800.0,-30.0,-0.29,0.2464,-0.04359999999999997
71.371915004,770.0,0.55,780.0,-10.0,-0.1,0.2926,0.19260000000000002,780.0,-10.0,-0.1,0.2464,0.1464
71.382940297,770.0,0.55,780.0,-10.0,-0.1,0.2926,0.19260000000000002,780.0,-10.0,-0.1,0.2464,0.1464
71.395294715,770.0,0.55,780.0,-10.0,-0.1,0.2926,0.19260000000000002,760.0,10.0,0.09050626044999263,0.2464,0.3369062604499926
71.41026655,770.0,0.55,780.0,-10.0,-0.1,0.2926,0.19260000000000002,760.0,10.0,0.09114963344999524,0.2464,0.3375496334499952
71.429332218,770.0,0.55,780.0,-10.0,-0.1,0.2926,0.19260000000000002,780.0,-10.0,-0.09991133334999631,0.2464,0.1464886666500037
71.441354136,770.0,0.55,780.0,-10.0,-0.1,0.2926,0.19260000000000002,760.0,10.0,0.09069558125001095,0.2464,0.33709558125001093
71.455061888,770.0,0.55,780.0,-10.0,-0.1,0.2926,0.19260000000000002,760.0,10.0,0.09136268135001956,0.2464,0.3377626813500196
71.467195514,770.0,0.55,780.0,-10.0,-0.1,0.2926,0.19260000000000002,780.0,-10.0,-0.09926214159997926,0.2464,0.14713785840002075
71.481319182,770.0,0.55,760.0,10.0,0.09059873339998831,0.2926,0.38319873339998833,760.0,10.0,0.0913365772500265,0.2464,0.3377365772500265
71.495392392,770.0,0.55,780.0,-10.0,-0.1,0.2926,0.19260000000000002,780.0,-10.0,-0.0994061811499705,0.2464,0.1469938188500295
71.508789226,770.0,0.55,760.0,10.0,0.0906570813000053,0.2926,0.38325708130000535,760.0,10.0,0.09125090015001205,0.2464,0.3376509001500121
71.521188561,770.0,0.55,760.0,10.0,0.0912950584500004,0.2926,0.38389505845000044,760.0,10.0,0.0918888773000299,0.2464,0.3382888773000299
71.537423021,770.0,0.55,780.0,-10.0,-0.09941071659998216,0.2926,0.19318928340001787,780.0,-10.0,-0.0988168394499553,0.2464,0.14758316055004472
71.550098856,770.0,0.55,780.0,-10.0,-0.1,0.2926,0.19260000000000002,760.0,10.0,0.09192847105004148,0.2464,0.3383284710500415
71.565843607,770.0,0.55,780.0,-10.0,-0.1,0.2926,0.19260000000000002,760.0,10.0,0.09276650235005036,0.2464,0.33916650235005036
71.577545275,770.0,0.55,780.0,-10.0,-0.1,0.2926,0.19260000000000002,760.0,10.0,0.09334935450005105,0.2464,0.33974935450005106
71.589424568,770.0,0.55,780.0,-10.0,-0.1,0.2926,0.19260000000000002,780.0,-10.0,-0.09724013304994514,0.2464,0.14915986695005487
71.604448319,770.0,0.55,760.0,10.0,0.09057808340000065,0.2926,0.3831780834000007,760.0,10.0,0.09333795035005552,0.2464,0.3397379503500555
71.620767946,770.0,0.55,780.0,-10.0,-0.1,0.2926,0.19260000000000002,780.0,-10.0,-0.09753153724993809,0.2464,0.14886846275006194
71.633455447,770.0,0.55,760.0,10.0,0.09070961049998459,0.2926,0.38330961049998463,760.0,10.0,0.09317808780007454,0.2464,0.33957808780007454
71.646197782,770.0,0.55,780.0,-10.0,-0.09992028745002698,0.2926,0.19267971254997304,780.0,-10.0,-0.09745179559993175,0.2464,0.14894820440006826
71.659321033,770.0,0.55,780.0,-10.0,-0.1,0.2926,0.19260000000000002,760.0,10.0,0.09316372320005485,0.2464,0.33956372320005485
71.67362291,770.0,0.55,760.0,10.0,0.09075516879999214,0.2926,0.38335516879999215,760.0,10.0,0.09391884830005438,0.2464,0.3403188483000544
71.687088286,770.0,0.55,780.0,-10.0,-0.09991686045000278,0.2926,0.19268313954999725,780.0,-10.0,-0.09675318094994054,0.2464,0.14964681905005947
71.701029954,770.0,0.55,780.0,-10.0,-0.1,0.2926,0.19260000000000002,760.0,10.0,0.09394457325007807,0.2464,0.34034457325007805
71.71409808,770.0,0.55,760.0,10.0,0.09065760630000114,0.2926,0.38325760630000116,780.0,-10.0,-0.09671301849991779,0.2464,0.14968698150008222
71.728440498,770.0,0.55,780.0,-10.0,-0.1,0.2926,0.19260000000000002,760.0,10.0,0.09400719405008659,0.2464,0.34040719405008657
71.751799501,770.0,0.55,760.0,10.0,0.09115730429999985,0.2926,0.3837573042999999,780.0,-10.0,-0.0971501248498953,0.2464,0.1492498751501047
71.765266335,770.0,0.55,780.0,-10.0,-0.09950387494998267,0.2926,0.19309612505001736,760.0,10.0,0.09351103980010521,0.2464,0.33991103980010523
71.778710128,770.0,0.55,780.0,-10.0,-0.1,0.2926,0.19260000000000002,780.0,-10.0,-0.09718745819991455,0.2464,0.14921254180008547
71.792930047,770.0,0.55,760.0,10.0,0.09068597089998548,0.2926,0.3832859708999855,760.0,10.0,0.09349851270007094,0.2464,0.33989851270007093
71.807250006,770.0,0.55,780.0,-10.0,-0.1,0.2926,0.19260000000000002,780.0,-10.0,-0.09722264774993619,0.2464,0.14917735225006382
71.848495761,770.0,0.55,780.0,-10.0,-0.1,0.2926,0.19260000000000002,780.0,-10.0,-0.09928910629994334,0.2464,0.14711089370005667
71.862986929,770.0,0.55,760.0,10.0,0.09072655634999137,0.2926,0.3833265563499914,760.0,10.0,0.0914374208500385,0.2464,0.33783742085003854
71.887608264,770.0,0.55,780.0,-10.0,-0.1,0.2926,0.19260000000000002,780.0,-10.0,-0.09980908969996563,0.2464,0.14659091030003438
71.899851849,770.0,0.55,760.0,10.0,0.09061782299999323,0.2926,0.38321782299999324,760.0,10.0,0.0908087916000477,0.2464,0.3372087916000477
71.916017767,770.0,0.55,780.0,-10.0,-0.1,0.2926,0.19260000000000002,780.0,-10.0,-0.09986188139994283,0.2464,0.14653811860005717
71.929206935,770.0,0.55,760.0,10.0,0.09076302924999255,0.2926,0.38336302924999255,760.0,10.0,0.09090114785004971,0.2464,0.3373011478500497
71.943187103,770.0,0.55,760.0,10.0,0.09148636265000733,0.2926,0.38408636265000734,760.0,10.0,0.09162449585004652,0.2464,0.3380244958500465
71.956162771,770.0,0.55,780.0,-10.0,-0.09915552284999193,0.2926,0.1934444771500081,780.0,-10.0,-0.0990173458499612,0.2464,0.14738265415003882
71.972085731,770.0,0.55,760.0,10.0,0.09163546265000605,0.2926,0.3842354626500061,760.0,10.0,0.09177365425004155,0.2464,0.33817365425004153
71.986608983,770.0,0.55,780.0,-10.0,-0.09902802074998363,0.2926,0.1935719792500164,780.0,-10.0,-0.09888982914994812,0.2464,0.14751017085005189
72.000806442,770.0,0.55,780.0,-10.0,-0.09979511869998987,0.2926,0.19280488130001017,760.0,10.0,0.091877195900056,0.2464,0.338277195900056
72.015921194,770.0,0.55,780.0,-10.0,-0.1,0.2926,0.19260000000000002,780.0,-10.0,-0.09888899794996178,0.2464,0.14751100205003823
72.02917832,770.0,0.55,780.0,-10.0,-0.1,0.2926,0.19260000000000002,760.0,10.0,0.09181663130001652,0.2464,0.33821663130001656
72.046722947,770.0,0.55,780.0,-10.0,-0.1,0.2926,0.19260000000000002,780.0,-10.0,-0.09898096044998965,0.2464,0.14741903955001034
72.060431865,770.0,0.55,760.0,10.0,0.09072760635000578,0.2926,0.3833276063500058,780.0,-10.0,-0.09970862509999279,0.2464,0.14669137490000722
72.072909658,770.0,0.55,780.0,-10.0,-0.09989922909999223,0.2926,0.1927007709000078,760.0,10.0,0.09091821035000522,0.2464,0.3373182103500052
72.086045743,770.0,0.55,780.0,-10.0,-0.1,0.2926,0.19260000000000002,760.0,10.0,0.09157281250001234,0.2464,0.3379728125000123
72.098932161,770.0,0.55,760.0,10.0,0.09063395214999673,0.2926,0.3832339521499968,780.0,-10.0,-0.09906113964998439,0.2464,0.14733886035001562
72.114106412,770.0,0.55,780.0,-10.0,-0.1,0.2926,0.19260000000000002,760.0,10.0,0.091597122950011,0.2464,0.337997122950011
72.126658288,770.0,0.55,780.0,-10.0,-0.1,0.2926,0.19260000000000002,780.0,-10.0,-0.09918970629998966,0.2464,0.14721029370001035
72.142394582,770.0,0.55,760.0,10.0,0.09069992715000354,0.2926,0.38329992715000355,780.0,-10.0,-0.09988964799999848,0.2464,0.1465103520000015
72.155851208,770.0,0.55,780.0,-10.0,-0.09999754999998914,0.2926,0.1926024500000109,780.0,-10.0,-0.1,0.2464,0.1464
72.170284626,770.0,0.55,760.0,10.0,0.0907316896500015,0.2926,0.38333168965000153,760.0,10.0,0.09072922510000808,0.2464,0.3371292251000081
72.190045045,770.0,0.55,780.0,-10.0,-0.1,0.2926,0.19260000000000002,780.0,-10.0,-0.1,0.2464,0.1464
72.202756754,770.0,0.55,780.0,-10.0,-0.1,0.2926,0.19260000000000002,760.0,10.0,0.09071316884998396,0.2464,0.337113168849984
72.215049047,770.0,0.55,780.0,-10.0,-0.1,0.2926,0.19260000000000002,780.0,-10.0,-0.09990267080002013,0.2464,0.14649732919997988
72.227763965,770.0,0.55,780.0,-10.0,-0.1,0.2926,0.19260000000000002,780.0,-10.0,-0.1,0.2464,0.1464
72.239762841,770.0,0.55,780.0,-10.0,-0.1,0.2926,0.19260000000000002,760.0,10.0,0.09058100005001052,0.2464,0.3369810000500105
72.255814718,770.0,0.55,780.0,-10.0,-0.1,0.2926,0.19260000000000002,780.0,-10.0,-0.1,0.2464,0.1464
72.27912997,770.0,0.55,760.0,10.0,0.0910861084499993,0.2926,0.38368610844999934,760.0,10.0,0.09108609384999454,0.2464,0.33748609384999456
72.293730805,770.0,0.55,760.0,10.0,0.09179201475000355,0.2926,0.38439201475000356,780.0,-10.0,-0.09961982705001446,0.2464,0.14678017294998555
72.310091265,770.0,0.55,780.0,-10.0,-0.09908027284998297,0.2926,0.19351972715001706,760.0,10.0,0.09125243134998527,0.2464,0.3376524313499853
72.358644437,770.0,0.55,760.0,10.0,0.09325116490002984,0.2926,0.38585116490002985,780.0,-10.0,-0.1,0.2464,0.1464
72.381216814,770.0,0.55,780.0,-10.0,-0.09768243099997562,0.2926,0.1949175690000244,800.0,-30.0,-0.29,0.2464,-0.04359999999999997
72.396010149,770.0,0.55,760.0,10.0,0.09329035035001652,0.2926,0.38589035035001656,780.0,-10.0,-0.1,0.2464,0.1464
72.409397067,770.0,0.55,780.0,-10.0,-0.09741543929997079,0.2926,0.19518456070002924,760.0,10.0,0.0907058041999926,0.2464,0.3371058041999926
72.42825186,770.0,0.55,760.0,10.0,0.09340402745002849,0.2926,0.3860040274500285,780.0,-10.0,-0.1,0.2464,0.1464
72.441100362,770.0,0.55,780.0,-10.0,-0.09737553929999195,0.2926,0.1952244607000081,760.0,10.0,0.09077961049998975,0.2464,0.3371796104999898
72.457727988,770.0,0.55,760.0,10.0,0.09341521289999491,0.2926,0.38601521289999496,760.0,10.0,0.09157034804999512,0.2464,0.33797034804999515
72.47079874,770.0,0.55,780.0,-10.0,-0.09727307675000248,0.2926,0.19532692324999756,760.0,10.0,0.09225863769999251,0.2464,0.3386586376999925
72.490033575,770.0,0.55,780.0,-10.0,-0.09816602890000467,0.2926,0.19443397109999536,740.0,30.0,0.2849374504999832,0.2464,0.5313374504999833
# 72.501 Shooter Ready
72.504591826,770.0,0.55,760.0,10.0,0.09265237324999817,0.2926,0.38525237324999817,780.0,-10.0,-0.0958809516500196,0.2464,0.15051904834998042
72.517121244,770.0,0.55,780.0,-10.0,-0.09794812474999617,0.2926,0.19465187525000385,780.0,-10.0,-0.09648147880002397,0.2464,0.14991852119997603
72.530094287,770.0,0.55,760.0,10.0,0.09271716700001434,0.2926,0.3853171670000144,760.0,10.0,0.09418379834998178,0.2464,0.34058379834998176
72.546374831,770.0,0.55,780.0,-10.0,-0.09810158514997055,0.2926,0.19449841485002947,760.0,10.0,0.09500256509997143,0.2464,0.34140256509997147
72.55935429,770.0,0.55,760.0,10.0,0.09254116075004731,0.2926,0.38514116075004734,780.0,-10.0,-0.09564016625001841,0.2464,0.1507598337499816
72.572915333,770.0,0.55,760.0,10.0,0.09320928165003807,0.2926,0.3858092816500381,760.0,10.0,0.09502796920000037,0.2464,0.3414279692000004
72.58490371,770.0,0.55,780.0,-10.0,-0.09741788924995945,0.2926,0.19518211075004058,780.0,-10.0,-0.09559920169999714,0.2464,0.15080079830000287
72.598412836,770.0,0.55,760.0,10.0,0.09323716495004192,0.2926,0.38583716495004194,780.0,-10.0,-0.09625422674998844,0.2464,0.15014577325001155
72.610281629,770.0,0.55,780.0,-10.0,-0.0973735705499621,0.2926,0.19522642945003793,760.0,10.0,0.09435653790000288,0.2464,0.3407565379000029
72.626181547,770.0,0.55,780.0,-10.0,-0.09803520184996159,0.2926,0.19456479815003844,760.0,10.0,0.09501815465001982,0.2464,0.34141815465001984
72.64002609,770.0,0.55,780.0,-10.0,-0.0988482519499712,0.2926,0.19375174805002882,760.0,10.0,0.09583114640000986,0.2464,0.34223114640000984
72.65441955,770.0,0.55,780.0,-10.0,-0.09956553324996094,0.2926,0.1930344667500391,760.0,10.0,0.09654845690000911,0.2464,0.34294845690000914
72.667716926,770.0,0.55,780.0,-10.0,-0.1,0.2926,0.19260000000000002,780.0,-10.0,-0.09411269314998663,0.2464,0.15228730685001338
72.681686886,770.0,0.55,760.0,10.0,0.0907098438499952,0.2926,0.3833098438499952,760.0,10.0,0.0965971507000313,0.2464,0.34299715070003134
72.694626679,770.0,0.55,760.0,10.0,0.09134954185000424,0.2926,0.3839495418500043,780.0,-10.0,-0.09404257644996505,0.2464,0.15235742355003495
72.708731972,770.0,0.55,780.0,-10.0,-0.0993512310999904,0.2926,0.19324876890000964,760.0,10.0,0.09665819650002959,0.2464,0.3430581965000296
72.720992765,770.0,0.55,760.0,10.0,0.09128413565000756,0.2926,0.38388413565000756,780.0,-10.0,-0.09397717024996836,0.2464,0.15242282975003163
72.734731433,770.0,0.55,780.0,-10.0,-0.09938427689999116,0.2926,0.19321572310000887,780.0,-10.0,-0.09464558279996708,0.2464,0.1517544172000329
72.747994393,770.0,0.55,780.0,-10.0,-0.1,0.2926,0.19260000000000002,780.0,-10.0,-0.09531256619995929,0.2464,0.15108743380004072
72.762430727,770.0,0.55,760.0,10.0,0.0907029459000023,0.2926,0.38330294590000236,780.0,-10.0,-0.09601552669996635,0.2464,0.15038447330003366
72.77703827,770.0,0.55,780.0,-10.0,-0.1,0.2926,0.19260000000000002,760.0,10.0,0.09473224835004658,0.2464,0.3411322483500466
72.790635189,770.0,0.55,780.0,-10.0,-0.1,0.2926,0.19260000000000002,780.0,-10.0,-0.09600757884993527,0.2464,0.15039242115006474
72.80481194,770.0,0.55,760.0,10.0,0.09064733965000414,0.2926,0.3832473396500042,780.0,-10.0,-0.09665491849993942,0.2464,0.1497450815000606
72.818418483,770.0,0.55,780.0,-10.0,-0.1,0.2926,0.19260000000000002,780.0,-10.0,-0.09733862894993309,0.2464,0.14906137105006692
72.87228028,770.0,0.55,780.0,-10.0,-0.1,0.2926,0.19260000000000002,760.0,10.0,0.09536573385006705,0.2464,0.34176573385006703
72.88613299,770.0,0.55,780.0,-10.0,-0.1,0.2926,0.19260000000000002,760.0,10.0,0.09610841935008466,0.2464,0.3425084193500847
72.898860449,770.0,0.55,780.0,-10.0,-0.1,0.2926,0.19260000000000002,760.0,10.0,0.09673150690008697,0.2464,0.343131506900087
72.913276367,770.0,0.55,760.0,10.0,0.0906605375999925,0.2926,0.3832605375999925,780.0,-10.0,-0.0939309410498936,0.2464,0.15246905895010643
72.927849786,770.0,0.55,780.0,-10.0,-0.1,0.2926,0.19260000000000002,760.0,10.0,0.09680276115010657,0.2464,0.34320276115010656
72.945098079,770.0,0.55,760.0,10.0,0.09075570839999272,0.2926,0.3833557083999928,780.0,-10.0,-0.09395296179991419,0.2464,0.15244703820008582
72.959227289,770.0,0.55,780.0,-10.0,-0.1,0.2926,0.19260000000000002,760.0,10.0,0.09686186745008399,0.2464,0.343261867450084
72.97254829,770.0,0.55,780.0,-10.0,-0.1,0.2926,0.19260000000000002,760.0,10.0,0.09760290505006651,0.2464,0.34400290505006653
72.989973042,770.0,0.55,780.0,-10.0,-0.1,0.2926,0.19260000000000002,760.0,10.0,0.09847250930007703,0.2464,0.34487250930007707
73.002046585,770.0,0.55,780.0,-10.0,-0.1,0.2926,0.19260000000000002,760.0,10.0,0.09907674060008503,0.2464,0.34547674060008504
73.016322211,770.0,0.55,760.0,10.0,0.09060268549998454,0.2926,0.3832026854999846,760.0,10.0,0.09967941150006482,0.2464,0.3460794115000648
73.029379546,770.0,0.55,780.0,-10.0,-0.1,0.2926,0.19260000000000002,760.0,10.0,0.1,0.2464,0.34640000000000004
73.041069255,770.0,0.55,780.0,-10.0,-0.1,0.2926,0.19260000000000002,780.0,-10.0,-0.09064605635000135,0.2464,0.15575394364999867
73.059306007,770.0,0.55,780.0,-10.0,-0.1,0.2926,0.19260000000000002,760.0,10.0,0.1,0.2464,0.34640000000000004
73.071265508,770.0,0.55,780.0,-10.0,-0.1,0.2926,0.19260000000000002,780.0,-10.0,-0.0906202730000041,0.2464,0.15577972699999593
73.08623851,770.0,0.55,760.0,10.0,0.09066259380000702,0.2926,0.38326259380000705,760.0,10.0,0.1,0.2464,0.34640000000000004
73.098616553,770.0,0.55,780.0,-10.0,-0.1,0.2926,0.19260000000000002,760.0,10.0,0.1,0.2464,0.34640000000000004
73.117191346,770.0,0.55,760.0,10.0,0.0907086334000178,0.2926,0.3833086334000178,780.0,-10.0,-0.09070866254998236,0.2464,0.15569133745001765
73.137335598,770.0,0.55,760.0,10.0,0.09160044809999818,0.2926,0.3842004480999982,780.0,-10.0,-0.09160044809999818,0.2464,0.15479955190000183
73.152453558,770.0,0.55,760.0,10.0,0.09258670440000515,0.2926,0.3851867044000052,780.0,-10.0,-0.09258668984999986,0.2464,0.15381331015000016
73.169976602,770.0,0.55,760.0,10.0,0.09344157950000863,0.2926,0.38604157950000867,760.0,10.0,0.09826821439999094,0.2464,0.34466821439999096
73.185273645,770.0,0.55,780.0,-10.0,-0.0973391247499876,0.2926,0.19526087525001243,760.0,10.0,0.09904893319999246,0.2464,0.3454489331999925
73.199600896,770.0,0.55,780.0,-10.0,-0.0980806143999871,0.2926,0.19451938560001292,780.0,-10.0,-0.0916925710500118,0.2464,0.1547074289499882
73.213777064,770.0,0.55,760.0,10.0,0.09263207320001585,0.2926,0.38523207320001585,780.0,-10.0,-0.09240528780000204,0.2464,0.15399471219999797
73.2334109,770.0,0.55,780.0,-10.0,-0.09834735814997657,0.2926,0.19425264185002344,780.0,-10.0,-0.0933847191500172,0.2464,0.1530152808499828
73.248005026,770.0,0.55,760.0,10.0,0.09237006900003962,0.2926,0.38497006900003966,760.0,10.0,0.0973326933999715,0.2464,0.3437326933999715
73.262406069,770.0,0.55,780.0,-10.0,-0.0983540081499541,0.2926,0.19424599185004593,780.0,-10.0,-0.09339139835002698,0.2464,0.15300860164997304
73.277906112,770.0,0.55,780.0,-10.0,-0.09911137904996395,0.2926,0.19348862095003608,760.0,10.0,0.09736592879996805,0.2464,0.34376592879996803
73.293388656,770.0,0.55,760.0,10.0,0.09166602935003085,0.2926,0.38426602935003085,780.0,-10.0,-0.09341150880003625,0.2464,0.15298849119996377
73.309890282,770.0,0.55,780.0,-10.0,-0.09912612284995248,0.2926,0.19347387715004755,780.0,-10.0,-0.09420364640003755,0.2464,0.15219635359996248
73.32463695,770.0,0.55,780.0,-10.0,-0.09991066249997402,0.2926,0.192689337500026,760.0,10.0,0.09658090779996656,0.2464,0.3429809077999666
73.341092202,770.0,0.55,780.0,-10.0,-0.1,0.2926,0.19260000000000002,760.0,10.0,0.09740472039995893,0.2464,0.3438047203999589
73.38721579,770.0,0.55,760.0,10.0,0.09217752519999976,0.2926,0.3847775251999998,780.0,-10.0,-0.09477279025003554,0.2464,0.15162720974996446
73.401469542,770.0,0.55,780.0,-10.0,-0.09866569779999282,0.2926,0.1939343022000072,760.0,10.0,0.09607043274997977,0.2464,0.3424704327499798
73.415294835,770.0,0.55,760.0,10.0,0.09200357520002399,0.2926,0.38460357520002403,780.0,-10.0,-0.09459884025001429,0.2464,0.1518011597499857
73.431130586,770.0,0.55,780.0,-10.0,-0.09876581234996137,0.2926,0.19383418765003865,780.0,-10.0,-0.09536821320001763,0.2464,0.15103178679998236
73.444643504,770.0,0.55,780.0,-10.0,-0.09947431454997968,0.2926,0.19312568545002035,780.0,-10.0,-0.09607674455002325,0.2464,0.15032325544997677
73.461327423,770.0,0.55,780.0,-10.0,-0.1,0.2926,0.19260000000000002,780.0,-10.0,-0.09681085505002557,0.2464,0.14958914494997444
73.473530465,770.0,0.55,780.0,-10.0,-0.1,0.2926,0.19260000000000002,760.0,10.0,0.09396780749996196,0.2464,0.340367807499962
73.487869967,770.0,0.55,760.0,10.0,0.09064020840000012,0.2926,0.38324020840000017,780.0,-10.0,-0.09667238635003286,0.2464,0.14972761364996715
73.501568968,770.0,0.55,780.0,-10.0,-0.1,0.2926,0.19260000000000002,780.0,-10.0,-0.09737103015003414,0.2464,0.1490289698499659
73.51723847,770.0,0.55,760.0,10.0,0.09071712090000347,0.2926,0.38331712090000347,780.0,-10.0,-0.0980881510500376,0.2464,0.1483118489499624
73.530343638,770.0,0.55,760.0,10.0,0.09145134804999998,0.2926,0.38405134805,780.0,-10.0,-0.09882239280003888,0.2464,0.14757760719996113
73.543134681,770.0,0.55,780.0,-10.0,-0.09918029990001287,0.2926,0.19341970009998716,760.0,10.0,0.091809269749956,0.2464,0.338209269749956
73.556360015,770.0,0.55,760.0,10.0,0.09145726894998006,0.2926,0.3840572689499801,780.0,-10.0,-0.0988282845000549,0.2464,0.1475717154999451
73.570173058,770.0,0.55,780.0,-10.0,-0.09926044985002136,0.2926,0.19333955014997867,780.0,-10.0,-0.0995460179000611,0.2464,0.1468539820999389
73.582549351,770.0,0.55,780.0,-10.0,-0.09988165615002345,0.2926,0.19271834384997658,760.0,10.0,0.09107515924993095,0.2464,0.337475159249931
73.598903395,770.0,0.55,760.0,10.0,0.0909250793499632,0.2926,0.3835250793499632,800.0,-30.0,-0.29,0.2464,-0.04359999999999997
# 73.611 Shooter Ready
73.614682855,770.0,0.55,780.0,-10.0,-0.09986511865004104,0.2926,0.19273488134995898,760.0,10.0,0.09079021259998626,0.2464,0.33719021259998627
73.628218231,770.0,0.55,780.0,-10.0,-0.1,0.2926,0.19260000000000002,780.0,-10.0,-0.09986529370003154,0.2464,0.14653470629996845
73.643215733,770.0,0.55,780.0,-10.0,-0.1,0.2926,0.19260000000000002,760.0,10.0,0.0908406709499468,0.2464,0.3372406709499468
73.655865609,770.0,0.55,780.0,-10.0,-0.1,0.2926,0.19260000000000002,780.0,-10.0,-0.09990570415006914,0.2464,0.14649429584993087
73.669783069,770.0,0.55,780.0,-10.0,-0.1,0.2926,0.19260000000000002,760.0,10.0,0.09077064174993212,0.2464,0.3371706417499321
73.68347332,770.0,0.55,780.0,-10.0,-0.1,0.2926,0.19260000000000002,740.0,30.0,0.282867579349936,0.2464,0.529267579349936
# 73.696 Shooter Ready
73.698326738,770.0,0.55,780.0,-10.0,-0.1,0.2926,0.19260000000000002,760.0,10.0,0.09361111069992148,0.2464,0.3400111106999215
73.710212156,770.0,0.55,780.0,-10.0,-0.1,0.2926,0.19260000000000002,760.0,10.0,0.094223581599922,0.2464,0.340623581599922
73.724680866,770.0,0.55,760.0,10.0,0.09063514799999212,0.2926,0.38323514799999214,760.0,10.0,0.09485872954993738,0.2464,0.3412587295499374
73.743316326,770.0,0.55,780.0,-10.0,-0.1,0.2926,0.19260000000000002,780.0,-10.0,-0.09606713720004337,0.2464,0.15033286279995664
73.757885661,770.0,0.55,760.0,10.0,0.09073050840001087,0.2926,0.3833305084000109,760.0,10.0,0.09466335664996223,0.2464,0.34106335664996223
73.773191454,770.0,0.55,780.0,-10.0,-0.1,0.2926,0.19260000000000002,780.0,-10.0,-0.09610741635003706,0.2464,0.15029258364996295
73.789821997,770.0,0.55,760.0,10.0,0.09083668965000925,0.2926,0.38343668965000927,760.0,10.0,0.09472927329997219,0.2464,0.3411292732999722
73.806604791,770.0,0.55,780.0,-10.0,-0.1,0.2926,0.19260000000000002,780.0,-10.0,-0.09611015805003262,0.2464,0.1502898419499674
73.821614542,770.0,0.55,760.0,10.0,0.09072738759999993,0.2926,0.38332738759999996,780.0,-10.0,-0.09683753105002779,0.2464,0.14956246894997222
73.83526746,770.0,0.55,760.0,10.0,0.09143125224999495,0.2926,0.38403125224999496,760.0,10.0,0.09386636274997727,0.2464,0.3402663627499773
73.849780795,770.0,0.55,780.0,-10.0,-0.0993265853000139,0.2926,0.19327341469998613,780.0,-10.0,-0.0968914894000136,0.2464,0.1495085105999864
73.891039966,770.0,0.55,780.0,-10.0,-0.1,0.2926,0.19260000000000002,780.0,-10.0,-0.09888113755000631,0.2464,0.14751886244999368
73.903450967,770.0,0.55,780.0,-10.0,-0.1,0.2926,0.19260000000000002,760.0,10.0,0.09186211664999974,0.2464,0.3382621166499997
73.91506601,770.0,0.55,780.0,-10.0,-0.1,0.2926,0.19260000000000002,780.0,-10.0,-0.09871926260000237,0.2464,0.14768073739999765
73.927798719,770.0,0.55,780.0,-10.0,-0.1,0.2926,0.19260000000000002,760.0,10.0,0.09191582704999292,0.2464,0.3383158270499929
73.942300096,770.0,0.55,760.0,10.0,0.09058998339998198,0.2926,0.383189983399982,760.0,10.0,0.09250582500000291,0.2464,0.33890582500000294
73.956361931,770.0,0.55,780.0,-10.0,-0.1,0.2926,0.19260000000000002,780.0,-10.0,-0.0982646563499884,0.2464,0.1481353436500116
73.972267391,770.0,0.55,780.0,-10.0,-0.1,0.2926,0.19260000000000002,780.0,-10.0,-0.09898857309999584,0.2464,0.14741142690000417
73.986539225,770.0,0.55,780.0,-10.0,-0.1,0.2926,0.19260000000000002,780.0,-10.0,-0.09982918564999181,0.2464,0.14657081435000818
73.999993518,770.0,0.55,780.0,-10.0,-0.1,0.2926,0.19260000000000002,760.0,10.0,0.09084428735001439,0.2464,0.3372442873500144
74.017973312,770.0,0.55,760.0,10.0,0.09076479384999857,0.2926,0.3833647938499986,760.0,10.0,0.09160909575001824,0.2464,0.33800909575001825
74.035269147,770.0,0.55,780.0,-10.0,-0.1,0.2926,0.19260000000000002,800.0,-30.0,-0.29,0.2464,-0.04359999999999997
74.055056107,770.0,0.55,760.0,10.0,0.09084039380001287,0.2926,0.3834403938000129,780.0,-10.0,-0.1,0.2464,0.1464
74.072566609,770.0,0.55,780.0,-10.0,-0.1,0.2926,0.19260000000000002,760.0,10.0,0.09101971049998611,0.2464,0.3374197104999861
74.085158152,770.0,0.55,780.0,-10.0,-0.1,0.2926,0.19260000000000002,760.0,10.0,0.09173626264997893,0.2464,0.3381362626499789
74.098910528,770.0,0.55,780.0,-10.0,-0.1,0.2926,0.19260000000000002,760.0,10.0,0.09241704189998018,0.2464,0.3388170418999802
74.112184863,770.0,0.55,760.0,10.0,0.09059806255001149,0.2926,0.38319806255001154,780.0,-10.0,-0.09818102065003131,0.2464,0.1482189793499687
74.127431448,770.0,0.55,780.0,-10.0,-0.1,0.2926,0.19260000000000002,760.0,10.0,0.09255978359996334,0.2464,0.33895978359996337
74.146471158,770.0,0.55,760.0,10.0,0.09083208135001769,0.2926,0.3834320813500177,740.0,30.0,0.2850559838500021,0.2464,0.5314559838500021
74.164012576,770.0,0.55,780.0,-10.0,-0.1,0.2926,0.19260000000000002,760.0,10.0,0.09606825684999422,0.2464,0.3424682568499942
74.179035453,770.0,0.55,760.0,10.0,0.0907364730000063,0.2926,0.38333647300000634,760.0,10.0,0.09680470069999046,0.2464,0.3432047006999905
74.194763871,770.0,0.55,780.0,-10.0,-0.1,0.2926,0.19260000000000002,780.0,-10.0,-0.09398459310000362,0.2464,0.1524154068999964
74.210074623,770.0,0.55,760.0,10.0,0.0907645458999832,0.2926,0.38336454589998326,780.0,-10.0,-0.09474909525001748,0.2464,0.15165090474998252
74.225686666,770.0,0.55,760.0,10.0,0.09155780639997829,0.2926,0.3841578063999783,780.0,-10.0,-0.09554239950000465,0.2464,0.15085760049999536
74.24722071,770.0,0.55,760.0,10.0,0.09261205024999072,0.2926,0.3852120502499907,760.0,10.0,0.09551182980000249,0.2464,0.3419118298000025
74.261851586,770.0,0.55,780.0,-10.0,-0.09814443110001321,0.2926,0.19445556889998683,760.0,10.0,0.09626829655000166,0.2464,0.34266829655000164
74.279213046,770.0,0.55,780.0,-10.0,-0.09898451865001334,0.2926,0.19361548134998668,780.0,-10.0,-0.09457180560000325,0.2464,0.15182819439999676
74.293896131,770.0,0.55,780.0,-10.0,-0.09974527290000879,0.2926,0.19285472709999124,780.0,-10.0,-0.0953325598499987,0.2464,0.15106744015000131
74.310330091,770.0,0.55,780.0,-10.0,-0.1,0.2926,0.19260000000000002,780.0,-10.0,-0.09615341199998965,0.2464,0.15024658800001034
74.324660551,770.0,0.55,780.0,-10.0,-0.1,0.2926,0.19260000000000002,760.0,10.0,0.0946386381000275,0.2464,0.3410386381000275
74.339917053,770.0,0.55,760.0,10.0,0.09068457090001175,0.2926,0.3832845709000118,760.0,10.0,0.09532319440001175,0.2464,0.34172319440001175
74.358528304,770.0,0.55,780.0,-10.0,-0.1,0.2926,0.19260000000000002,780.0,-10.0,-0.09560987654999735,0.2464,0.15079012345000264
74.402310684,770.0,0.55,780.0,-10.0,-0.1,0.2926,0.19260000000000002,780.0,-10.0,-0.0978255663500022,0.2464,0.1485744336499978
74.415825352,770.0,0.55,760.0,10.0,0.09067096464999849,0.2926,0.38327096464999855,760.0,10.0,0.0928453982999963,0.2464,0.33924539829999634
74.429325145,770.0,0.55,780.0,-10.0,-0.09997560204999445,0.2926,0.19262439795000558,780.0,-10.0,-0.09780116839999664,0.2464,0.14859883160000337
74.442546104,770.0,0.55,780.0,-10.0,-0.1,0.2926,0.19260000000000002,780.0,-10.0,-0.09849884974998986,0.2464,0.14790115025001016
74.455366897,770.0,0.55,760.0,10.0,0.09061948545001088,0.2926,0.3832194854500109,780.0,-10.0,-0.09911834980000549,0.2464,0.1472816501999945
74.472153191,770.0,0.55,780.0,-10.0,-0.1,0.2926,0.19260000000000002,780.0,-10.0,-0.099782358199991,0.2464,0.14661764180000902
74.500707069,770.0,0.55,760.0,10.0,0.09151590850000503,0.2926,0.38411590850000504,780.0,-10.0,-0.1,0.2464,0.1464
74.515690862,770.0,0.55,780.0,-10.0,-0.09931284780000169,0.2926,0.19328715219999834,760.0,10.0,0.09082877090001149,0.2464,0.33722877090001147
74.529872572,770.0,0.55,760.0,10.0,0.0913672168499852,0.2926,0.38396721684998525,780.0,-10.0,-0.09985129374997541,0.2464,0.14654870625002459
74.54291124,770.0,0.55,760.0,10.0,0.09206981280000491,0.2926,0.38466981280000495,780.0,-10.0,-0.1,0.2464,0.1464
74.557920116,770.0,0.55,780.0,-10.0,-0.0986242518499921,0.2926,0.19397574815000793,760.0,10.0,0.09069400634999966,0.2464,0.33709400634999964
74.573559576,770.0,0.55,760.0,10.0,0.09218165240000872,0.2926,0.3847816524000087,780.0,-10.0,-0.1,0.2464,0.1464
74.591444578,770.0,0.55,780.0,-10.0,-0.09874384974998521,0.2926,0.19385615025001482,760.0,10.0,0.09092551674999869,0.2464,0.33732551674999867
74.606874038,770.0,0.55,780.0,-10.0,-0.09941455189998578,0.2926,0.19318544810001426,780.0,-10.0,-0.0997451854000019,0.2464,0.1466548145999981
74.625641331,770.0,0.55,780.0,-10.0,-0.1,0.2926,0.19260000000000002,760.0,10.0,0.09127882725000745,0.2464,0.3376788272500075
74.638567416,770.0,0.55,780.0,-10.0,-0.1,0.2926,0.19260000000000002,780.0,-10.0,-0.09943323319998854,0.2464,0.14696676680001147
74.661134835,770.0,0.55,760.0,10.0,0.09090845425002045,0.2926,0.38350845425002045,760.0,10.0,0.09147522105000917,0.2464,0.33787522105000917
74.674515919,770.0,0.55,780.0,-10.0,-0.09992473539996354,0.2926,0.19267526460003648,760.0,10.0,0.09230842529999791,0.2464,0.3387084252999979
74.693140005,770.0,0.55,780.0,-10.0,-0.1,0.2926,0.19260000000000002,760.0,10.0,0.09324737335001829,0.2464,0.33964737335001827
74.708607673,770.0,0.55,780.0,-10.0,-0.1,0.2926,0.19260000000000002,780.0,-10.0,-0.09754324754997015,0.2464,0.14885675245002986
74.727625216,770.0,0.55,780.0,-10.0,-0.1,0.2926,0.19260000000000002,760.0,10.0,0.09340484420003123,0.2464,0.3398048442000312
74.744433676,770.0,0.55,780.0,-10.0,-0.1,0.2926,0.19260000000000002,760.0,10.0,0.09428741305004223,0.2464,0.34068741305004224
74.761270428,770.0,0.55,780.0,-10.0,-0.1,0.2926,0.19260000000000002,760.0,10.0,0.09513111730003856,0.2464,0.3415311173000386
74.775402263,770.0,0.55,760.0,10.0,0.09063882300000842,0.2926,0.38323882300000844,780.0,-10.0,-0.0955077202499524,0.2464,0.1508922797500476
74.793535181,770.0,0.55,780.0,-10.0,-0.1,0.2926,0.19260000000000002,780.0,-10.0,-0.09641370994995668,0.2464,0.14998629005004332
74.807163016,770.0,0.55,760.0,10.0,0.09067466885000158,0.2926,0.3832746688500016,760.0,10.0,0.09426094425004067,0.2464,0.3406609442500407
74.83043831,770.0,0.55,780.0,-10.0,-0.1,0.2926,0.19260000000000002,760.0,10.0,0.09540505065005164,0.2464,0.3418050506500516
74.84483702,770.0,0.55,780.0,-10.0,-0.1,0.2926,0.19260000000000002,780.0,-10.0,-0.09539448064992939,0.2464,0.15100551935007062
74.865834105,770.0,0.55,760.0,10.0,0.09098433135001414,0.2926,0.3835843313500142,780.0,-10.0,-0.09637879744993824,0.2464,0.15002120255006177
74.913206318,770.0,0.55,760.0,10.0,0.09333221910000247,0.2926,0.3859322191000025,760.0,10.0,0.09596910485005537,0.2464,0.3423691048500554
74.930673362,770.0,0.55,780.0,-10.0,-0.09757865599999604,0.2926,0.19502134400000398,780.0,-10.0,-0.0949417848499479,0.2464,0.1514582151500521
74.943188488,770.0,0.55,780.0,-10.0,-0.09820553520000885,0.2926,0.19439446479999117,780.0,-10.0,-0.09556863489995067,0.2464,0.15083136510004935
74.962336698,770.0,0.55,780.0,-10.0,-0.09916562905000319,0.2926,0.19343437094999683,760.0,10.0,0.09539147350004896,0.2464,0.34179147350004896
74.976231116,770.0,0.55,780.0,-10.0,-0.09985628120000456,0.2926,0.19274371879999547,780.0,-10.0,-0.09529919324995717,0.2464,0.15110080675004284
74.992377785,770.0,0.55,780.0,-10.0,-0.1,0.2926,0.19260000000000002,780.0,-10.0,-0.09611291414994412,0.2464,0.1502870858500559
75.006121994,770.0,0.55,780.0,-10.0,-0.1,0.2926,0.19260000000000002,760.0,10.0,0.09450346510006057,0.2464,0.3409034651000606
75.020813246,770.0,0.55,780.0,-10.0,-0.1,0.2926,0.19260000000000002,780.0,-10.0,-0.0963682828999481,0.2464,0.15003171710005192
75.031631747,770.0,0.55,780.0,-10.0,-0.1,0.2926,0.19260000000000002,780.0,-10.0,-0.09690709334993244,0.2464,0.14949290665006756
75.047919582,770.0,0.55,780.0,-10.0,-0.1,0.2926,0.19260000000000002,780.0,-10.0,-0.09770103929993183,0.2464,0.14869896070006816
75.060378708,770.0,0.55,780.0,-10.0,-0.1,0.2926,0.19260000000000002,760.0,10.0,0.09293979615007629,0.2464,0.3393397961500763
75.079534502,770.0,0.55,760.0,10.0,0.09079048970001168,0.2926,0.3833904897000117,760.0,10.0,0.0937302275000684,0.2464,0.3401302275000684
75.09342017,770.0,0.55,780.0,-10.0,-0.09998656869997831,0.2926,0.19261343130002173,760.0,10.0,0.09450732965007319,0.2464,0.3409073296500732
75.110872922,770.0,0.55,760.0,10.0,0.09090092930001901,0.2926,0.38350092930001906,780.0,-10.0,-0.09638013919993682,0.2464,0.1500198608000632
75.124664673,770.0,0.55,780.0,-10.0,-0.09978588744997978,0.2926,0.19281411255002023,780.0,-10.0,-0.09706698509992293,0.2464,0.14933301490007708
75.141821675,770.0,0.55,760.0,10.0,0.09108085845001825,0.2926,0.38368085845001826,780.0,-10.0,-0.0979337164499384,0.2464,0.1484662835500616
75.155702968,770.0,0.55,780.0,-10.0,-0.09960528744998101,0.2926,0.19299471255001902,760.0,10.0,0.09275242945006085,0.2464,0.33915242945006085
75.17575972,770.0,0.55,760.0,10.0,0.09128575430003366,0.2926,0.3838857543000337,760.0,10.0,0.09364345660004801,0.2464,0.34004345660004803
75.189560221,770.0,0.55,780.0,-10.0,-0.09949592704995211,0.2926,0.19310407295004792,780.0,-10.0,-0.09713823929996579,0.2464,0.14926176070003422
75.209193182,770.0,0.55,760.0,10.0,0.09146534805005559,0.2926,0.3840653480500556,780.0,-10.0,-0.0980994998499682,0.2464,0.14830050015003182
75.222452933,770.0,0.55,780.0,-10.0,-0.09924080619994129,0.2926,0.19335919380005873,780.0,-10.0,-0.09880568324995238,0.2464,0.14759431675004764
75.241259018,770.0,0.55,760.0,10.0,0.0917008397000609,0.2926,0.3843008397000609,760.0,10.0,0.09213596265004981,0.2464,0.3385359626500498
75.255655103,770.0,0.55,780.0,-10.0,-0.09901374369994756,0.2926,0.19358625630005247,780.0,-10.0,-0.09857860619995336,0.2464,0.14782139380004666
75.27322248,770.0,0.55,780.0,-10.0,-0.09990235004993338,0.2926,0.19269764995006666,760.0,10.0,0.09231002930004252,0.2464,0.3387100293000425
75.287032023,770.0,0.55,780.0,-10.0,-0.1,0.2926,0.19260000000000002,780.0,-10.0,-0.09838031659996886,0.2464,0.14801968340003113
75.303319566,770.0,0.55,780.0,-10.0,-0.1,0.2926,0.19260000000000002,780.0,-10.0,-0.09925412084996879,0.2464,0.14714587915003122
75.318035901,770.0,0.55,760.0,10.0,0.09062776884999493,0.2926,0.383227768849995,780.0,-10.0,-0.09988183134996689,0.2464,0.14651816865003311
75.341208236,770.0,0.55,780.0,-10.0,-0.1,0.2926,0.19260000000000002,760.0,10.0,0.09131919375003236,0.2464,0.33771919375003234
75.354266154,770.0,0.55,760.0,10.0,0.09064768964998621,0.2926,0.38324768964998623,760.0,10.0,0.09196686880003654,0.2464,0.3383668688000365
75.37637274,770.0,0.55,780.0,-10.0,-0.1,0.2926,0.19260000000000002,760.0,10.0,0.09306153770002311,0.2464,0.33946153770002313
75.426645287,770.0,0.55,760.0,10.0,0.09244222735000221,0.2926,0.38504222735000226,760.0,10.0,0.09550377960003062,0.2464,0.3419037796000306
75.446867122,770.0,0.55,780.0,-10.0,-0.09856863104998866,0.2926,0.19403136895001138,780.0,-10.0,-0.09550706424997771,0.2464,0.1508929357500223
75.461706832,770.0,0.55,760.0,10.0,0.09226470445002179,0.2926,0.3848647044500218,780.0,-10.0,-0.09634041434997016,0.2464,0.15005958565002986
75.476765875,770.0,0.55,780.0,-10.0,-0.09845565394996356,0.2926,0.19414434605003647,760.0,10.0,0.09437988570001835,0.2464,0.3407798857000184
75.493623918,770.0,0.55,760.0,10.0,0.09239773365003658,0.2926,0.3849977336500366,760.0,10.0,0.0952332441000317,0.2464,0.3416332441000317
75.514907129,770.0,0.55,780.0,-10.0,-0.0983945059999769,0.2926,0.19420549400002313,780.0,-10.0,-0.09555901014996379,0.2464,0.15084098985003622
75.531680589,770.0,0.55,760.0,10.0,0.09271525665002628,0.2926,0.3853152566500263,780.0,-10.0,-0.09666878734997227,0.2464,0.14973121265002776
75.548999174,770.0,0.55,780.0,-10.0,-0.09810464759996193,0.2926,0.1944953524000381,780.0,-10.0,-0.09748867704995519,0.2464,0.14891132295004483
75.567914926,770.0,0.55,760.0,10.0,0.09284466915004487,0.2926,0.3854446691500449,760.0,10.0,0.09346063970005161,0.2464,0.33986063970005165
75.58921097,770.0,0.55,780.0,-10.0,-0.0981847829999424,0.2926,0.19441521700005762,780.0,-10.0,-0.09756881244995838,0.2464,0.14883118755004163
75.604956888,770.0,0.55,780.0,-10.0,-0.09904746019994945,0.2926,0.19355253980005058,780.0,-10.0,-0.09843154799993954,0.2464,0.14796845200006048
75.619208889,770.0,0.55,780.0,-10.0,-0.0997537164999585,0.2926,0.19284628350004152,780.0,-10.0,-0.09913781889995335,0.2464,0.14726218110004666
75.633949433,770.0,0.55,780.0,-10.0,-0.1,0.2926,0.19260000000000002,780.0,-10.0,-0.09987857934995645,0.2464,0.14652142065004356
75.651573393,770.0,0.55,760.0,10.0,0.09091160425001818,0.2926,0.3835116042500182,760.0,10.0,0.09103303950004374,0.2464,0.3374330395000438
75.667639269,770.0,0.55,780.0,-10.0,-0.09980967289998262,0.2926,0.19279032710001742,780.0,-10.0,-0.09968816474995493,0.2464,0.14671183525004508
75.682531479,770.0,0.55,780.0,-10.0,-0.1,0.2926,0.19260000000000002,780.0,-10.0,-0.1,0.2464,0.1464
75.693479772,770.0,0.55,780.0,-10.0,-0.1,0.2926,0.19260000000000002,780.0,-10.0,-0.1,0.2464,0.1464
75.703124023,770.0,0.55,780.0,-10.0,-0.1,0.2926,0.19260000000000002,780.0,-10.0,-0.1,0.2464,0.1464
75.716647441,770.0,0.55,760.0,10.0,0.09048695214998134,0.2926,0.38308695214998134,760.0,10.0,0.0904869521000046,0.2464,0.33688695210000463
75.731955276,770.0,0.55,760.0,10.0,0.09119659179999871,0.2926,0.38379659179999875,760.0,10.0,0.09119654805000664,0.2464,0.33759654805000666
75.747719277,770.0,0.55,780.0,-10.0,-0.0995821145500031,0.2926,0.19301788544999693,780.0,-10.0,-0.09958220199998777,0.2464,0.14681779800001224
75.76290082,770.0,0.55,760.0,10.0,0.09124573759999294,0.2926,0.38384573759999296,780.0,-10.0,-0.1,0.2464,0.1464
75.776148905,770.0,0.55,780.0,-10.0,-0.09953941455000859,0.2926,0.19306058544999144,780.0,-10.0,-0.1,0.2464,0.1464
75.79051699,770.0,0.55,780.0,-10.0,-0.1,0.2926,0.19260000000000002,780.0,-10.0,-0.1,0.2464,0.1464
75.8048772,770.0,0.55,760.0,10.0,0.09059857300000204,0.2926,0.38319857300000204,760.0,10.0,0.09059855839999728,0.2464,0.33699855839999726
75.82259391,770.0,0.55,780.0,-10.0,-0.1,0.2926,0.19260000000000002,760.0,10.0,0.09147182309999607,0.2464,0.3378718230999961
75.842037578,770.0,0.55,760.0,10.0,0.0910061480000104,0.2926,0.3836061480000104,760.0,10.0,0.09247805859999061,0.2464,0.33887805859999065
75.856192455,770.0,0.55,780.0,-10.0,-0.09968415414998617,0.2926,0.19291584585001387,780.0,-10.0,-0.09821224355000595,0.2464,0.14818775644999405
75.869511706,770.0,0.55,780.0,-10.0,-0.1,0.2926,0.19260000000000002,800.0,-30.0,-0.29,0.2464,-0.04359999999999997
75.884762083,770.0,0.55,760.0,10.0,0.0907864209499985,0.2926,0.38338642094999853,760.0,10.0,0.09078643550000379,0.2464,0.3371864355000038
75.929294337,770.0,0.55,780.0,-10.0,-0.1,0.2926,0.19260000000000002,780.0,-10.0,-0.1,0.2464,0.1464
75.940724172,770.0,0.55,780.0,-10.0,-0.1,0.2926,0.19260000000000002,780.0,-10.0,-0.1,0.2464,0.1464
75.955735673,770.0,0.55,780.0,-10.0,-0.1,0.2926,0.19260000000000002,760.0,10.0,0.0906350167500159,0.2464,0.3370350167500159
75.968650383,770.0,0.55,780.0,-10.0,-0.1,0.2926,0.19260000000000002,780.0,-10.0,-0.1,0.2464,0.1464
75.980311801,770.0,0.55,780.0,-10.0,-0.1,0.2926,0.19260000000000002,760.0,10.0,0.09058608965000531,0.2464,0.3369860896500053
75.992519802,770.0,0.55,780.0,-10.0,-0.1,0.2926,0.19260000000000002,760.0,10.0,0.09119504594999853,0.2464,0.33759504594999856
76.005403012,770.0,0.55,760.0,10.0,0.0905703104499844,0.2926,0.3831703104499844,760.0,10.0,0.09176535640000566,0.2464,0.33816535640000567
76.023614097,770.0,0.55,780.0,-10.0,-0.1,0.2926,0.19260000000000002,760.0,10.0,0.09252530860000206,0.2464,0.3389253086000021
76.034955556,770.0,0.55,780.0,-10.0,-0.1,0.2926,0.19260000000000002,780.0,-10.0,-0.0982632269000078,0.2464,0.1481367730999922
76.053973391,770.0,0.55,760.0,10.0,0.09069703965000372,0.2926,0.3832970396500037,760.0,10.0,0.09243379814999117,0.2464,0.33883379814999115
76.07194881,770.0,0.55,780.0,-10.0,-0.1,0.2926,0.19260000000000002,760.0,10.0,0.09348747324999294,0.2464,0.33988747324999297
76.091758229,770.0,0.55,760.0,10.0,0.09093460220000452,0.2926,0.38353460220000457,760.0,10.0,0.09442207544999746,0.2464,0.3408220754499975
76.109396772,770.0,0.55,780.0,-10.0,-0.1,0.2926,0.19260000000000002,780.0,-10.0,-0.09652902044999792,0.2464,0.1498709795500021
76.121468857,770.0,0.55,780.0,-10.0,-0.1,0.2926,0.19260000000000002,780.0,-10.0,-0.09720332469998993,0.2464,0.14919667530001007
76.134635858,770.0,0.55,780.0,-10.0,-0.1,0.2926,0.19260000000000002,760.0,10.0,0.09346841285002029,0.2464,0.3398684128500203
76.147031109,770.0,0.55,780.0,-10.0,-0.1,0.2926,0.19260000000000002,760.0,10.0,0.09408878795001328,0.2464,0.3404887879500133
76.160539652,770.0,0.55,780.0,-10.0,-0.1,0.2926,0.19260000000000002,760.0,10.0,0.09474118800002543,0.2464,0.34114118800002546
76.174600612,770.0,0.55,760.0,10.0,0.09064550210001926,0.2926,0.3832455021000193,780.0,-10.0,-0.0959042995499658,0.2464,0.15049570045003421
76.192345905,770.0,0.55,780.0,-10.0,-0.1,0.2926,0.19260000000000002,780.0,-10.0,-0.09671255169996584,0.2464,0.14968744830003416
76.204793365,770.0,0.55,780.0,-10.0,-0.1,0.2926,0.19260000000000002,760.0,10.0,0.09406666505002705,0.2464,0.34046666505002704
76.218339825,770.0,0.55,780.0,-10.0,-0.1,0.2926,0.19260000000000002,760.0,10.0,0.09473383805003778,0.2464,0.3411338380500378
76.231279034,770.0,0.55,780.0,-10.0,-0.1,0.2926,0.19260000000000002,760.0,10.0,0.09539249435003058,0.2464,0.34179249435003056
76.245254244,770.0,0.55,760.0,10.0,0.09063812300002155,0.2926,0.3832381230000216,780.0,-10.0,-0.09524565779997829,0.2464,0.15115434220002172
76.263071871,770.0,0.55,760.0,10.0,0.09152675850001743,0.2926,0.38412675850001743,800.0,-30.0,-0.28791147684993573,0.2464,-0.041511476849935725
# 76.275 Shooter Ready
76.278141414,770.0,0.55,780.0,-10.0,-0.09923016034997545,0.2926,0.19336983965002458,780.0,-10.0,-0.09866835194993655,0.2464,0.14773164805006345
76.294104041,770.0,0.55,760.0,10.0,0.09154288760002147,0.2926,0.38414288760002147,760.0,10.0,0.09210478350006725,0.2464,0.33850478350006724
76.30646575,770.0,0.55,780.0,-10.0,-0.09909077289999005,0.2926,0.19350922710000998,760.0,10.0,0.09273845860006077,0.2464,0.33913845860006075
76.320161251,770.0,0.55,760.0,10.0,0.09161609589999899,0.2926,0.384216095899999,780.0,-10.0,-0.09796836644995892,0.2464,0.14843163355004108
76.332993711,770.0,0.55,760.0,10.0,0.09222315640000943,0.2926,0.38482315640000947,760.0,10.0,0.09263873780002087,0.2464,0.33903873780002086
76.352435046,770.0,0.55,780.0,-10.0,-0.09876069369997822,0.2926,0.1938393063000218,760.0,10.0,0.09362257330002649,0.2464,0.3400225733000265
76.365832464,770.0,0.55,780.0,-10.0,-0.09943986874998245,0.2926,0.19316013125001757,760.0,10.0,0.09430176295003548,0.2464,0.3407017629500355
76.379799216,770.0,0.55,780.0,-10.0,-0.1,0.2926,0.19260000000000002,780.0,-10.0,-0.0964039537999497,0.2464,0.1499960462000503
76.3933238,770.0,0.55,780.0,-10.0,-0.1,0.2926,0.19260000000000002,760.0,10.0,0.09432757545006552,0.2464,0.34072757545006555
76.43439543,770.0,0.55,780.0,-10.0,-0.1,0.2926,0.19260000000000002,760.0,10.0,0.09633214230006161,0.2464,0.3427321423000616
76.446883139,770.0,0.55,760.0,10.0,0.0906207250999978,0.2926,0.3832207250999978,780.0,-10.0,-0.09428856819993144,0.2464,0.15211143180006859
76.460283766,770.0,0.55,760.0,10.0,0.09128044600000976,0.2926,0.3838804460000098,780.0,-10.0,-0.09494828909994339,0.2464,0.1514517109000566
76.473048559,770.0,0.55,780.0,-10.0,-0.09935998109997399,0.2926,0.19324001890002604,780.0,-10.0,-0.09558871619992715,0.2464,0.15081128380007286
76.485901726,770.0,0.55,760.0,10.0,0.09128769400002966,0.2926,0.3838876940000297,760.0,10.0,0.09505891515008444,0.2464,0.3414589151500844
76.498450978,770.0,0.55,780.0,-10.0,-0.09933373104997827,0.2926,0.19326626895002175,760.0,10.0,0.0956803985500892,0.2464,0.3420803985500892
76.512791646,770.0,0.55,780.0,-10.0,-0.1,0.2926,0.19260000000000002,780.0,-10.0,-0.09502836609990481,0.2464,0.1513716339000952
76.528396981,770.0,0.55,780.0,-10.0,-0.1,0.2926,0.19260000000000002,780.0,-10.0,-0.09566211404990099,0.2464,0.15073788595009902
76.540222024,770.0,0.55,780.0,-10.0,-0.1,0.2926,0.19260000000000002,780.0,-10.0,-0.09647164954990331,0.2464,0.1499283504500967
76.552346025,770.0,0.55,780.0,-10.0,-0.1,0.2926,0.19260000000000002,760.0,10.0,0.09413255260009465,0.2464,0.34053255260009463
76.566452776,770.0,0.55,760.0,10.0,0.09061811465000119,0.2926,0.3832181146500012,760.0,10.0,0.09475068185010059,0.2464,0.3411506818501006
76.58261782,770.0,0.55,760.0,10.0,0.09142037304999576,0.2926,0.3840203730499958,780.0,-10.0,-0.0960515327999019,0.2464,0.1503484672000981
76.599453405,770.0,0.55,780.0,-10.0,-0.09938082080000185,0.2926,0.19321917919999818,780.0,-10.0,-0.09685272664989952,0.2464,0.14954727335010048
76.613950989,770.0,0.55,760.0,10.0,0.09141262930001176,0.2926,0.3840126293000118,760.0,10.0,0.0939406796500998,0.2464,0.34034067965009984
76.627940199,770.0,0.55,780.0,-10.0,-0.09929273739999189,0.2926,0.19330726260000813,760.0,10.0,0.09464609015009501,0.2464,0.341046090150095
76.642034992,770.0,0.55,780.0,-10.0,-0.1,0.2926,0.19260000000000002,760.0,10.0,0.09535556940010338,0.2464,0.3417555694001034
76.655499785,770.0,0.55,780.0,-10.0,-0.1,0.2926,0.19260000000000002,800.0,-30.0,-0.2867663058498829,0.2464,-0.04036630584988288
76.667732286,770.0,0.55,780.0,-10.0,-0.1,0.2926,0.19260000000000002,780.0,-10.0,-0.09740085589987757,0.2464,0.14899914410012244
76.681212246,770.0,0.55,780.0,-10.0,-0.1,0.2926,0.19260000000000002,780.0,-10.0,-0.09807682264988671,0.2464,0.1483231773501133
76.697395373,770.0,0.55,760.0,10.0,0.09058212295000431,0.2926,0.3831821229500043,780.0,-10.0,-0.09865894559989101,0.2464,0.14774105440010898
76.711379916,770.0,0.55,780.0,-10.0,-0.1,0.2926,0.19260000000000002,760.0,10.0,0.09218146280010388,0.2464,0.33858146280010387
76.726252292,770.0,0.55,760.0,10.0,0.09073615219998829,0.2926,0.3833361521999883,760.0,10.0,0.09291760040011013,0.2464,0.33931760040011016
76.741661919,770.0,0.55,780.0,-10.0,-0.1,0.2926,0.19260000000000002,760.0,10.0,0.09371701505009697,0.2464,0.34011701505009695
76.753611503,770.0,0.55,780.0,-10.0,-0.1,0.2926,0.19260000000000002,780.0,-10.0,-0.09694193294990328,0.2464,0.14945806705009673
76.766605546,770.0,0.55,780.0,-10.0,-0.1,0.2926,0.19260000000000002,760.0,10.0,0.09368690045008862,0.2464,0.3400869004500886
76.779004589,770.0,0.55,780.0,-10.0,-0.1,0.2926,0.19260000000000002,780.0,-10.0,-0.09693687249991853,0.2464,0.14946312750008148
76.792595674,770.0,0.55,760.0,10.0,0.09063802089998717,0.2926,0.3832380208999872,780.0,-10.0,-0.09757489339992845,0.2464,0.14882510660007156
76.806579925,770.0,0.55,780.0,-10.0,-0.1,0.2926,0.19260000000000002,780.0,-10.0,-0.09824674764993233,0.2464,0.14815325235006768
76.819361052,770.0,0.55,780.0,-10.0,-0.1,0.2926,0.19260000000000002,760.0,10.0,0.09247460240004785,0.2464,0.33887460240004785
76.833535178,770.0,0.55,780.0,-10.0,-0.1,0.2926,0.19260000000000002,760.0,10.0,0.09315927540004851,0.2464,0.3395592754000485
76.847326346,770.0,0.55,780.0,-10.0,-0.1,0.2926,0.19260000000000002,780.0,-10.0,-0.09755316424996181,0.2464,0.1488468357500382
76.865367098,770.0,0.55,760.0,10.0,0.09083613550000337,0.2926,0.3834361355000034,780.0,-10.0,-0.09838929974996517,0.2464,0.14801070025003482
76.880279433,770.0,0.55,760.0,10.0,0.09158253974998389,0.2926,0.3841825397499839,760.0,10.0,0.09235706075002327,0.2464,0.33875706075002326
76.893973767,770.0,0.55,780.0,-10.0,-0.09910784990001957,0.2926,0.19349215009998044,780.0,-10.0,-0.09833335804999024,0.2464,0.14806664195000976
76.940587647,770.0,0.55,760.0,10.0,0.09315357324998332,0.2926,0.38575357324998333,760.0,10.0,0.09392806510001264,0.2464,0.3403280651000127
76.956787399,770.0,0.55,780.0,-10.0,-0.09772256430001107,0.2926,0.19487743569998894,780.0,-10.0,-0.09694808709998597,0.2464,0.14945191290001403
76.974602984,770.0,0.55,760.0,10.0,0.09316620250000597,0.2926,0.385766202500006,780.0,-10.0,-0.0978368538499808,0.2464,0.1485631461500192
76.989542444,770.0,0.55,780.0,-10.0,-0.09757861214998229,0.2926,0.19502138785001774,760.0,10.0,0.09290790245001063,0.2464,0.33930790245001063
77.002806278,770.0,0.55,760.0,10.0,0.09308898375001264,0.2926,0.38568898375001265,760.0,10.0,0.09357554210002036,0.2464,0.33997554210002034
77.017095613,770.0,0.55,780.0,-10.0,-0.09762008714999411,0.2926,0.19497991285000593,780.0,-10.0,-0.0971335142499811,0.2464,0.1492664857500189
77.032332281,770.0,0.55,760.0,10.0,0.0930303587500157,0.2926,0.3856303587500157,760.0,10.0,0.09351696080001602,0.2464,0.33991696080001604
77.050162741,770.0,0.55,780.0,-10.0,-0.09780109549997178,0.2926,0.19479890450002824,780.0,-10.0,-0.09731447884998942,0.2464,0.14908552115001059
77.064436618,770.0,0.55,780.0,-10.0,-0.09869575389998317,0.2926,0.19390424610001686,780.0,-10.0,-0.09820915189998232,0.2464,0.1481908481000177
77.080762953,770.0,0.55,780.0,-10.0,-0.09948637484997107,0.2926,0.19311362515002894,760.0,10.0,0.0925814690000061,0.2464,0.33898146900000614
77.093568871,770.0,0.55,780.0,-10.0,-0.1,0.2926,0.19260000000000002,780.0,-10.0,-0.0980784706500117,0.2464,0.14832152934998832
77.108383789,770.0,0.55,760.0,10.0,0.09065196259999994,0.2926,0.38325196259999994,760.0,10.0,0.09257352104997608,0.2464,0.3389735210499761
77.121812415,770.0,0.55,780.0,-10.0,-0.1,0.2926,0.19260000000000002,760.0,10.0,0.0933383002999699,0.2464,0.3397383002999699
77.13536675,770.0,0.55,760.0,10.0,0.09066800424999656,0.2926,0.3832680042499966,780.0,-10.0,-0.0973297039500494,0.2464,0.1490702960499506
77.150527293,770.0,0.55,760.0,10.0,0.09142301264997968,0.2926,0.38402301264997973,760.0,10.0,0.09342526069994164,0.2464,0.3398252606999417
77.165033045,770.0,0.55,780.0,-10.0,-0.09930036450002717,0.2926,0.19329963549997287,780.0,-10.0,-0.09729814565005199,0.2464,0.14910185434994802
77.178307963,770.0,0.55,760.0,10.0,0.09136580224998397,0.2926,0.383965802249984,760.0,10.0,0.09336800649995439,0.2464,0.3397680064999544
77.192503381,770.0,0.55,780.0,-10.0,-0.09935562074999779,0.2926,0.19324437925000224,760.0,10.0,0.0940894440499642,0.2464,0.3404894440499642
77.208963299,770.0,0.55,760.0,10.0,0.09134744180002144,0.2926,0.3839474418000215,760.0,10.0,0.0947924920499554,0.2464,0.3411924920499554
77.223867176,770.0,0.55,760.0,10.0,0.09217000025002108,0.2926,0.3847700002500211,780.0,-10.0,-0.09603008095004953,0.2464,0.15036991904995048
77.237628302,770.0,0.55,780.0,-10.0,-0.09854456854995988,0.2926,0.19405543145004014,760.0,10.0,0.09468447329994888,0.2464,0.3410844732999489
77.253502554,770.0,0.55,780.0,-10.0,-0.09935166864997882,0.2926,0.1932483313500212,760.0,10.0,0.09549158794995037,0.2464,0.3418915879499504
77.267244722,770.0,0.55,780.0,-10.0,-0.1,0.2926,0.19260000000000002,760.0,10.0,0.09617518174994985,0.2464,0.34257518174994983
77.280352806,770.0,0.55,780.0,-10.0,-0.1,0.2926,0.19260000000000002,760.0,10.0,0.09688980889995037,0.2464,0.34328980889995037
77.293661266,770.0,0.55,780.0,-10.0,-0.1,0.2926,0.19260000000000002,780.0,-10.0,-0.09378461200003585,0.2464,0.15261538799996416
77.307151726,770.0,0.55,780.0,-10.0,-0.1,0.2926,0.19260000000000002,760.0,10.0,0.09686756934996993,0.2464,0.34326756934996994
77.319938685,770.0,0.55,780.0,-10.0,-0.1,0.2926,0.19260000000000002,780.0,-10.0,-0.09378984735003541,0.2464,0.15261015264996458
77.333722853,770.0,0.55,780.0,-10.0,-0.1,0.2926,0.19260000000000002,780.0,-10.0,-0.09445585370003755,0.2464,0.15194414629996245
77.347232855,770.0,0.55,780.0,-10.0,-0.1,0.2926,0.19260000000000002,760.0,10.0,0.09623294634995092,0.2464,0.3426329463499509
77.361850898,770.0,0.55,780.0,-10.0,-0.1,0.2926,0.19260000000000002,780.0,-10.0,-0.09449177250005505,0.2464,0.15190822749994495
77.38512065,770.0,0.55,760.0,10.0,0.09108817924999585,0.2926,0.3836881792499959,760.0,10.0,0.09659642134994556,0.2464,0.34299642134994557
77.39961386,770.0,0.55,780.0,-10.0,-0.0996613166500083,0.2926,0.19293868334999173,780.0,-10.0,-0.0941531037000459,0.2464,0.1522468962999541
77.447247698,770.0,0.55,760.0,10.0,0.09265438569999787,0.2926,0.3852543856999979,760.0,10.0,0.09816261319996557,0.2464,0.34456261319996556
77.463203616,770.0,0.55,780.0,-10.0,-0.09820292479998897,0.2926,0.19439707520001104,760.0,10.0,0.09901983619996826,0.2464,0.3454198361999683
77.47833441,770.0,0.55,760.0,10.0,0.09254957525000919,0.2926,0.3851495752500092,780.0,-10.0,-0.09173270765002144,0.2464,0.15466729234997856
77.494663953,770.0,0.55,780.0,-10.0,-0.0982466602499926,0.2926,0.19435333975000743,780.0,-10.0,-0.09252891395003644,0.2464,0.15387108604996358
77.510071538,770.0,0.55,760.0,10.0,0.0925320606500145,0.2926,0.38513206065001454,780.0,-10.0,-0.09330766405003033,0.2464,0.15309233594996968
77.527280456,770.0,0.55,760.0,10.0,0.09337453990000541,0.2926,0.3859745399000054,760.0,10.0,0.09753481519996057,0.2464,0.3439348151999606
77.544109624,770.0,0.55,760.0,10.0,0.09414475874999881,0.2926,0.3867447587499988,760.0,10.0,0.09830503404997672,0.2464,0.3447050340499767
77.560548251,770.0,0.55,780.0,-10.0,-0.09673502465000183,0.2926,0.1958649753499982,780.0,-10.0,-0.09257476395000594,0.2464,0.15382523604999407
77.573566502,770.0,0.55,760.0,10.0,0.09398101709999993,0.2926,0.3865810170999999,780.0,-10.0,-0.09329086400000505,0.2464,0.15310913599999496
77.586969462,770.0,0.55,780.0,-10.0,-0.09668389545001901,0.2926,0.195916104549981,760.0,10.0,0.09737404854999113,0.2464,0.34377404854999116
77.600986089,770.0,0.55,760.0,10.0,0.09399555669996516,0.2926,0.3865955566999652,760.0,10.0,0.09805347155001073,0.2464,0.3444534715500107
77.617658049,770.0,0.55,760.0,10.0,0.09474600054997154,0.2926,0.3873460005499716,760.0,10.0,0.09880395915000918,0.2464,0.3452039591500092
77.630404758,770.0,0.55,780.0,-10.0,-0.09599009325002043,0.2926,0.19660990674997958,780.0,-10.0,-0.09193210549997274,0.2464,0.15446789450002726
77.64677426,770.0,0.55,780.0,-10.0,-0.0968187767000245,0.2926,0.19578122329997552,780.0,-10.0,-0.0927608034999821,0.2464,0.1536391965000179
77.660988345,770.0,0.55,780.0,-10.0,-0.09753287885002919,0.2926,0.19506712114997082,780.0,-10.0,-0.0934749056499868,0.2464,0.15292509435001322
77.673885554,770.0,0.55,780.0,-10.0,-0.09817613515003813,0.2926,0.19442386484996188,780.0,-10.0,-0.09411817654997776,0.2464,0.15228182345002225
77.688225056,770.0,0.55,760.0,10.0,0.092481310749954,0.2926,0.385081310749954,760.0,10.0,0.09653925475003235,0.2464,0.34293925475003234
77.701254974,770.0,0.55,780.0,-10.0,-0.09823442475003503,0.2926,0.194365575249965,780.0,-10.0,-0.09417648074995669,0.2464,0.15222351925004332
77.715722517,770.0,0.55,780.0,-10.0,-0.09886137690004944,0.2926,0.1937386230999506,780.0,-10.0,-0.09480341829996633,0.2464,0.15159658170003368
77.729824601,770.0,0.55,760.0,10.0,0.09189218774994515,0.2926,0.3844921877499452,780.0,-10.0,-0.09555699754996567,0.2464,0.15084300245003435
77.748350687,770.0,0.55,780.0,-10.0,-0.09905739150005957,0.2926,0.19354260849994046,760.0,10.0,0.09539258170003904,0.2464,0.34179258170003907
77.762264938,770.0,0.55,780.0,-10.0,-0.09978200825005387,0.2926,0.19281799174994615,760.0,10.0,0.09611719845003336,0.2464,0.34251719845003337
77.776136023,770.0,0.55,780.0,-10.0,-0.1,0.2926,0.19260000000000002,780.0,-10.0,-0.09456124744997396,0.2464,0.15183875255002605
77.789105857,770.0,0.55,780.0,-10.0,-0.1,0.2926,0.19260000000000002,780.0,-10.0,-0.09526360999996086,0.2464,0.15113639000003914
77.800809275,770.0,0.55,780.0,-10.0,-0.1,0.2926,0.19260000000000002,780.0,-10.0,-0.09585767674996078,0.2464,0.15054232325003924
77.81619411,770.0,0.55,760.0,10.0,0.09067236464999497,0.2926,0.383272364649995,780.0,-10.0,-0.09653005599996049,0.2464,0.1498699440000395
77.832949487,770.0,0.55,780.0,-10.0,-0.1,0.2926,0.19260000000000002,760.0,10.0,0.0942884774000413,0.2464,0.3406884774000413
77.84834803,770.0,0.55,760.0,10.0,0.09081135845000518,0.2926,0.3834113584500052,780.0,-10.0,-0.0965228809999644,0.2464,0.1498771190000356
77.861395156,770.0,0.55,780.0,-10.0,-0.09986726244999318,0.2926,0.19273273755000686,780.0,-10.0,-0.0972014727499527,0.2464,0.1491985272500473
77.875408866,770.0,0.55,780.0,-10.0,-0.1,0.2926,0.19260000000000002,780.0,-10.0,-0.09786218529995949,0.2464,0.14853781470004052
77.887781076,770.0,0.55,760.0,10.0,0.09065493755000717,0.2926,0.38325493755000717,760.0,10.0,0.09279272310003762,0.2464,0.3391927231000376
77.900759952,770.0,0.55,780.0,-10.0,-0.09999832295000033,0.2926,0.1926016770499997,760.0,10.0,0.09344599820004987,0.2464,0.3398459982000499
77.91304962,770.0,0.55,780.0,-10.0,-0.1,0.2926,0.19260000000000002,760.0,10.0,0.09405725865005024,0.2464,0.3404572586500503
77.956414624,770.0,0.55,760.0,10.0,0.0920984835499803,0.2926,0.3846984835499803,760.0,10.0,0.0961557713500406,0.2464,0.3425557713500406
77.971262792,770.0,0.55,780.0,-10.0,-0.0987076248500216,0.2926,0.19389237514997842,760.0,10.0,0.09696187980004198,0.2464,0.34336187980004196
77.984726419,770.0,0.55,780.0,-10.0,-0.09938506450002933,0.2926,0.1932149354999707,780.0,-10.0,-0.09371553064995623,0.2464,0.15268446935004376
77.998058795,770.0,0.55,780.0,-10.0,-0.1,0.2926,0.19260000000000002,760.0,10.0,0.09694436525004677,0.2464,0.34334436525004675
78.00971963,770.0,0.55,780.0,-10.0,-0.1,0.2926,0.19260000000000002,760.0,10.0,0.09757849240005725,0.2464,0.3439784924000573
78.023446631,770.0,0.55,760.0,10.0,0.09061502295000082,0.2926,0.38321502295000087,760.0,10.0,0.09819350080005279,0.2464,0.3445935008000528
78.036165924,770.0,0.55,760.0,10.0,0.09125588759999573,0.2926,0.3838558875999958,780.0,-10.0,-0.09244736384994212,0.2464,0.1539526361500579
78.051376925,770.0,0.55,760.0,10.0,0.09194385644999784,0.2926,0.3845438564499979,780.0,-10.0,-0.09313533269994423,0.2464,0.15326466730005578
78.063561302,770.0,0.55,760.0,10.0,0.09264913564999461,0.2926,0.38524913564999463,780.0,-10.0,-0.0938405973499357,0.2464,0.1525594026500643
78.077085011,770.0,0.55,760.0,10.0,0.09331941489998827,0.2926,0.38591941489998827,760.0,10.0,0.09682966730007593,0.2464,0.3432296673000759
78.091151804,770.0,0.55,780.0,-10.0,-0.09737562685002103,0.2926,0.19522437314997898,760.0,10.0,0.09752475275007783,0.2464,0.34392475275007783
78.108397764,770.0,0.55,760.0,10.0,0.09344541489996573,0.2926,0.38604541489996574,780.0,-10.0,-0.09329624524991686,0.2464,0.15310375475008314
78.122528141,770.0,0.55,740.0,30.0,0.28557569000000055,0.2926,0.5781756900000006,760.0,10.0,0.0974138902500863,0.2464,0.3438138902500863
78.139824559,770.0,0.55,720.0,50.0,0.48,0.2926,0.7726,680.0,90.0,0.86,0.2464,1.0
78.150523185,770.0,0.55,680.0,90.0,0.86,0.2926,1.0,640.0,130.0,1.2399999999999998,0.2464,1.0
78.161086478,770.0,0.55,680.0,90.0,0.86,0.2926,1.0,620.0,150.0,1.43,0.2464,1.0
78.171897688,770.0,0.55,660.0,110.0,1.0499999999999998,0.2926,1.0,640.0,130.0,1.2399999999999998,0.2464,1.0
78.182141314,770.0,0.55,680.0,90.0,0.86,0.2926,1.0,640.0,130.0,1.2399999999999998,0.2464,1.0
78.193306315,770.0,0.55,700.0,70.0,0.67,0.2926,0.9626000000000001,660.0,110.0,1.0499999999999998,0.2464,1.0
78.201838441,770.0,0.55,700.0,70.0,0.67,0.2926,0.9626000000000001,660.0,110.0,1.0499999999999998,0.2464,1.0
78.215028484,770.0,0.55,720.0,50.0,0.48,0.2926,0.7726,680.0,90.0,0.86,0.2464,1.0
78.22517586,770.0,0.55,740.0,30.0,0.29,0.2926,0.5826,680.0,90.0,0.86,0.2464,1.0
78.239250528,770.0,0.55,740.0,30.0,0.29,0.2926,0.5826,720.0,50.0,0.48,0.2464,0.7263999999999999
# 78.255 Shooter Ready
78.258807363,770.0,0.55,760.0,10.0,0.1,0.2926,0.39260000000000006,740.0,30.0,0.29,0.2464,0.5364
78.269589406,770.0,0.55,760.0,10.0,0.1,0.2926,0.39260000000000006,760.0,10.0,0.1,0.2464,0.34640000000000004
78.279824282,770.0,0.55,780.0,-10.0,-0.09055340840001463,0.2926,0.2020465915999854,760.0,10.0,0.1,0.2464,0.34640000000000004
78.291621033,770.0,0.55,780.0,-10.0,-0.0911411167999995,0.2926,0.20145888320000052,760.0,10.0,0.1,0.2464,0.34640000000000004
78.306447618,770.0,0.55,800.0,-30.0,-0.2830641044999811,0.2926,0.009535895500018932,780.0,-10.0,-0.09064099589999387,0.2464,0.15575900410000615
78.319870702,770.0,0.55,800.0,-30.0,-0.28509432345004365,0.2926,0.007505676549956375,780.0,-10.0,-0.09131773555001474,0.2464,0.15508226444998527
78.333270162,770.0,0.55,800.0,-30.0,-0.28703870490003736,0.2926,0.005561295099962671,800.0,-30.0,-0.283262160649956,0.2464,-0.03686216064995601
78.346712205,770.0,0.55,780.0,-10.0,-0.09770294660003401,0.2926,0.19489705339996602,780.0,-10.0,-0.0939264023999749,0.2464,0.1524735976000251
78.360624706,770.0,0.55,780.0,-10.0,-0.09840633000002527,0.2926,0.19419366999997476,780.0,-10.0,-0.09462975664995611,0.2464,0.1517702433500439
78.374476833,770.0,0.55,780.0,-10.0,-0.09911688845003483,0.2926,0.1934831115499652,780.0,-10.0,-0.09534030044996143,0.2464,0.15105969955003856
78.387465334,770.0,0.55,780.0,-10.0,-0.09975324685002761,0.2926,0.1928467531499724,780.0,-10.0,-0.09597667344995899,0.2464,0.15042332655004104
78.401084711,770.0,0.55,800.0,-30.0,-0.29,0.2926,0.0026000000000000467,780.0,-10.0,-0.09667308599995522,0.2464,0.1497269140000448
78.416105545,770.0,0.55,780.0,-10.0,-0.1,0.2926,0.19260000000000002,760.0,10.0,0.09406111200005399,0.2464,0.340461112000054
78.464580259,770.0,0.55,740.0,30.0,0.2871173819499563,0.2926,0.5797173819499564,740.0,30.0,0.29,0.2464,0.5364
78.480101302,770.0,0.55,740.0,30.0,0.2896377321999853,0.2926,0.5822377321999853,720.0,50.0,0.48,0.2464,0.7263999999999999
78.493228636,770.0,0.55,720.0,50.0,0.48,0.2926,0.7726,700.0,70.0,0.67,0.2464,0.9164000000000001
78.503147346,770.0,0.55,720.0,50.0,0.48,0.2926,0.7726,700.0,70.0,0.67,0.2464,0.9164000000000001
78.514720389,770.0,0.55,720.0,50.0,0.48,0.2926,0.7726,720.0,50.0,0.48,0.2464,0.7263999999999999
78.524699473,770.0,0.55,720.0,50.0,0.48,0.2926,0.7726,720.0,50.0,0.48,0.2464,0.7263999999999999
78.534519891,770.0,0.55,720.0,50.0,0.48,0.2926,0.7726,720.0,50.0,0.48,0.2464,0.7263999999999999
# 78.546 Shooter Ready
78.549515059,770.0,0.55,740.0,30.0,0.29,0.2926,0.5826,740.0,30.0,0.29,0.2464,0.5364
78.566248269,770.0,0.55,760.0,10.0,0.1,0.2926,0.39260000000000006,760.0,10.0,0.1,0.2464,0.34640000000000004
78.576987728,770.0,0.55,760.0,10.0,0.1,0.2926,0.39260000000000006,760.0,10.0,0.1,0.2464,0.34640000000000004
78.590344896,770.0,0.55,780.0,-10.0,-0.09049179380000624,0.2926,0.20210820619999378,780.0,-10.0,-0.090491808400011,0.2464,0.155908191599989
78.608373981,770.0,0.55,780.0,-10.0,-0.09138725430001614,0.2926,0.20121274569998387,780.0,-10.0,-0.09138728350000293,0.2464,0.1550127164999971
78.626538692,770.0,0.55,800.0,-30.0,-0.2838553234000119,0.2926,0.008744676599988122,760.0,10.0,0.09943536240000413,0.2464,0.3458353624000041
# 78.639 Shooter Ready
78.64206061,770.0,0.55,780.0,-10.0,-0.0947401380500105,0.2926,0.19785986194998953,780.0,-10.0,-0.09144948144998125,0.2464,0.15495051855001876
78.656134986,770.0,0.55,780.0,-10.0,-0.095425029800017,0.2926,0.19717497019998304,780.0,-10.0,-0.09213438774999304,0.2464,0.15426561225000696
78.669244529,770.0,0.55,780.0,-10.0,-0.09608001110001624,0.2926,0.1965199888999838,800.0,-30.0,-0.2840992441999606,0.2464,-0.03769924419996057
78.682290197,770.0,0.55,780.0,-10.0,-0.09674947365000662,0.2926,0.1958505263499934,780.0,-10.0,-0.09476876509997055,0.2464,0.15163123490002944
78.695313115,770.0,0.55,800.0,-30.0,-0.2886728114500374,0.2926,0.003927188549962601,780.0,-10.0,-0.0954098484999713,0.2464,0.1509901515000287
78.709337325,770.0,0.55,780.0,-10.0,-0.0993669636000186,0.2926,0.1932330363999814,780.0,-10.0,-0.0961039568999604,0.2464,0.1502960431000396
78.721425451,770.0,0.55,780.0,-10.0,-0.09999324490003346,0.2926,0.19260675509996655,760.0,10.0,0.09452238275005129,0.2464,0.34092238275005127
78.735391911,770.0,0.55,780.0,-10.0,-0.1,0.2926,0.19260000000000002,800.0,-30.0,-0.2874950174999003,0.2464,-0.0410950174999003
78.750397287,770.0,0.55,760.0,10.0,0.09064340215001267,0.2926,0.3832434021500127,760.0,10.0,0.09314837005010759,0.2464,0.33954837005010763
78.768226872,770.0,0.55,780.0,-10.0,-0.1,0.2926,0.19260000000000002,780.0,-10.0,-0.09785515294990091,0.2464,0.1485448470500991
78.779433582,770.0,0.55,780.0,-10.0,-0.1,0.2926,0.19260000000000002,760.0,10.0,0.09277416170009474,0.2464,0.33917416170009473
78.792214708,770.0,0.55,780.0,-10.0,-0.1,0.2926,0.19260000000000002,760.0,10.0,0.09341192010008399,0.2464,0.339811920100084
78.807859418,770.0,0.55,760.0,10.0,0.09062040425000305,0.2926,0.3832204042500031,740.0,30.0,0.2852730890500788,0.2464,0.5316730890500788
78.823048545,770.0,0.55,720.0,50.0,0.47494458175005544,0.2926,0.7675445817500555,700.0,70.0,0.67,0.2464,0.9164000000000001
78.836340671,770.0,0.55,660.0,110.0,1.0499999999999998,0.2926,1.0,660.0,110.0,1.0499999999999998,0.2464,1.0
78.848547797,770.0,0.55,640.0,130.0,1.2399999999999998,0.2926,1.0,640.0,130.0,1.2399999999999998,0.2464,1.0
78.860828132,770.0,0.55,640.0,130.0,1.2399999999999998,0.2926,1.0,640.0,130.0,1.2399999999999998,0.2464,1.0
78.87166355,770.0,0.55,660.0,110.0,1.0499999999999998,0.2926,1.0,660.0,110.0,1.0499999999999998,0.2464,1.0
78.882207592,770.0,0.55,660.0,110.0,1.0499999999999998,0.2926,1.0,660.0,110.0,1.0499999999999998,0.2464,1.0
78.892805885,770.0,0.55,680.0,90.0,0.86,0.2926,1.0,680.0,90.0,0.86,0.2464,1.0
78.902715553,770.0,0.55,680.0,90.0,0.86,0.2926,1.0,680.0,90.0,0.86,0.2464,1.0
78.916879762,770.0,0.55,720.0,50.0,0.48,0.2926,0.7726,720.0,50.0,0.48,0.2464,0.7263999999999999
78.929100889,770.0,0.55,720.0,50.0,0.48,0.2926,0.7726,720.0,50.0,0.48,0.2464,0.7263999999999999
# 78.970 Shooter Ready
78.974629477,770.0,0.55,760.0,10.0,0.1,0.2926,0.39260000000000006,760.0,10.0,0.1,0.2464,0.34640000000000004
78.989272603,770.0,0.55,780.0,-10.0,-0.09077673754999524,0.2926,0.2018232624500048,780.0,-10.0,-0.09077683969998361,0.2464,0.15562316030001638
79.002531188,770.0,0.55,800.0,-30.0,-0.28279181909997986,0.2926,0.00980818090002017,780.0,-10.0,-0.09144853350000176,0.2464,0.15495146649999825
79.018573439,770.0,0.55,820.0,-50.0,-0.4767720486000098,0.2926,-0.1841720486000098,800.0,-30.0,-0.28383662755000383,0.2464,-0.03743662755000382
79.031825899,770.0,0.55,820.0,-50.0,-0.48,0.2926,-0.18739999999999996,820.0,-50.0,-0.477174752799915,0.2464,-0.230774752799915
# 79.046 Shooter Ready
79.050040776,770.0,0.55,800.0,-30.0,-0.29,0.2926,0.0026000000000000467,800.0,-30.0,-0.28979935934997225,0.2464,-0.043399359349972244
79.063107152,770.0,0.55,780.0,-10.0,-0.1,0.2926,0.19260000000000002,800.0,-30.0,-0.29,0.2464,-0.04359999999999997
79.078083945,770.0,0.55,780.0,-10.0,-0.1,0.2926,0.19260000000000002,780.0,-10.0,-0.1,0.2464,0.1464
79.091747363,770.0,0.55,800.0,-30.0,-0.29,0.2926,0.0026000000000000467,780.0,-10.0,-0.1,0.2464,0.1464
79.108603365,770.0,0.55,780.0,-10.0,-0.1,0.2926,0.19260000000000002,760.0,10.0,0.09076181884999188,0.2464,0.33716181884999186
79.122041033,770.0,0.55,780.0,-10.0,-0.1,0.2926,0.19260000000000002,760.0,10.0,0.09152723974999845,0.2464,0.33792723974999844
79.140475243,770.0,0.55,760.0,10.0,0.09078048549999039,0.2926,0.38338048549999043,760.0,10.0,0.09230768149999677,0.2464,0.33870768149999675
79.153835328,770.0,0.55,760.0,10.0,0.09152705015000265,0.2926,0.3841270501500027,760.0,10.0,0.09305430450000586,0.2464,0.33945430450000585
79.171733163,770.0,0.55,780.0,-10.0,-0.09930118119998496,0.2926,0.19329881880001507,760.0,10.0,0.093882535799994,0.2464,0.340282535799994
79.185321331,770.0,0.55,780.0,-10.0,-0.1,0.2926,0.19260000000000002,760.0,10.0,0.09462393795000935,0.2464,0.34102393795000935
79.201545583,770.0,0.55,780.0,-10.0,-0.1,0.2926,0.19260000000000002,740.0,30.0,0.28723248820002023,0.2464,0.5336324882000203
79.214545751,770.0,0.55,780.0,-10.0,-0.1,0.2926,0.19260000000000002,740.0,30.0,0.2891551697499653,0.2464,0.5355551697499653
# 79.227 Shooter Ready
79.230910294,770.0,0.55,760.0,10.0,0.09077772924998953,0.2926,0.3833777292499896,760.0,10.0,0.0999329427499697,0.2464,0.34633294274996973
79.242396712,770.0,0.55,780.0,-10.0,-0.0998076603500067,0.2926,0.19279233964999332,760.0,10.0,0.1,0.2464,0.34640000000000004
79.253349671,770.0,0.55,760.0,10.0,0.09083679179999762,0.2926,0.3834367917999977,760.0,10.0,0.1,0.2464,0.34640000000000004
79.271588465,770.0,0.55,760.0,10.0,0.09154548355001225,0.2926,0.38414548355001227,780.0,-10.0,-0.09070867714998712,0.2464,0.1556913228500129
79.284701216,770.0,0.55,780.0,-10.0,-0.09917176859996743,0.2926,0.1934282314000326,780.0,-10.0,-0.09142592929998955,0.2464,0.15497407070001046
79.296536176,770.0,0.55,760.0,10.0,0.09145931065003424,0.2926,0.3840593106500343,780.0,-10.0,-0.09205702309999651,0.2464,0.15434297690000348
79.310931677,770.0,0.55,780.0,-10.0,-0.09925851024997882,0.2926,0.1933414897500212,780.0,-10.0,-0.09277484399998684,0.2464,0.15362515600001317
79.322794053,770.0,0.55,780.0,-10.0,-0.0998520519999829,0.2926,0.19274794800001713,760.0,10.0,0.09781869775001724,0.2464,0.34421869775001723
79.335768263,770.0,0.55,760.0,10.0,0.09079260429999977,0.2926,0.3833926042999998,780.0,-10.0,-0.09282595854998818,0.2464,0.15357404145001183
79.352512264,770.0,0.55,780.0,-10.0,-0.09991394370001672,0.2926,0.1926860562999833,780.0,-10.0,-0.09353250654998192,0.2464,0.1528674934500181
79.367333016,770.0,0.55,780.0,-10.0,-0.1,0.2926,0.19260000000000002,780.0,-10.0,-0.09439785244998347,0.2464,0.15200214755001654
79.379933309,770.0,0.55,760.0,10.0,0.09062475004999669,0.2926,0.38322475004999673,780.0,-10.0,-0.09502263169998969,0.2464,0.1513773683000103
79.393100894,770.0,0.55,780.0,-10.0,-0.1,0.2926,0.19260000000000002,760.0,10.0,0.09563472669999555,0.2464,0.3420347266999956
79.404822395,770.0,0.55,780.0,-10.0,-0.1,0.2926,0.19260000000000002,780.0,-10.0,-0.09498809835000885,0.2464,0.15141190164999116
79.416778979,770.0,0.55,780.0,-10.0,-0.1,0.2926,0.19260000000000002,780.0,-10.0,-0.09562047550001808,0.2464,0.15077952449998194
79.428354064,770.0,0.55,780.0,-10.0,-0.1,0.2926,0.19260000000000002,780.0,-10.0,-0.09619851515000391,0.2464,0.1502014848499961
79.441598065,770.0,0.55,780.0,-10.0,-0.1,0.2926,0.19260000000000002,800.0,-30.0,-0.2881769341500603,0.2464,-0.041776934150060285
79.490630737,770.0,0.55,780.0,-10.0,-0.1,0.2926,0.19260000000000002,740.0,30.0,0.2889426352498867,0.2464,0.5353426352498867
# 79.505 Shooter Ready
79.508583405,770.0,0.55,760.0,10.0,0.09089791049999804,0.2926,0.38349791049999804,760.0,10.0,0.09984053114990274,0.2464,0.3462405311499027
79.523601615,770.0,0.55,780.0,-10.0,-0.09985680624999986,0.2926,0.19274319375000015,760.0,10.0,0.1,0.2464,0.34640000000000004
79.541192908,770.0,0.55,760.0,10.0,0.09101408135001293,0.2926,0.38361408135001296,740.0,30.0,0.29,0.2464,0.5364
79.556135577,770.0,0.55,780.0,-10.0,-0.09984261664997121,0.2926,0.19275738335002882,740.0,30.0,0.29,0.2464,0.5364
79.568367495,770.0,0.55,780.0,-10.0,-0.1,0.2926,0.19260000000000002,740.0,30.0,0.29,0.2464,0.5364
# 79.581 Shooter Ready
79.584725329,770.0,0.55,760.0,10.0,0.09072336260000156,0.2926,0.3833233626000016,740.0,30.0,0.29,0.2464,0.5364
79.600101706,770.0,0.55,780.0,-10.0,-0.1,0.2926,0.19260000000000002,760.0,10.0,0.1,0.2464,0.34640000000000004
79.616100499,770.0,0.55,760.0,10.0,0.09076025839998693,0.2926,0.38336025839998694,780.0,-10.0,-0.09076025840000966,0.2464,0.15563974159999033
79.630288917,770.0,0.55,780.0,-10.0,-0.09999642710001808,0.2926,0.19260357289998195,780.0,-10.0,-0.09151695845001996,0.2464,0.15488304154998006
79.646578794,770.0,0.55,780.0,-10.0,-0.1,0.2926,0.19260000000000002,780.0,-10.0,-0.09224246480001966,0.2464,0.15415753519998035
79.65929167,770.0,0.55,780.0,-10.0,-0.1,0.2926,0.19260000000000002,760.0,10.0,0.09851703524996083,0.2464,0.34491703524996087
79.673759505,770.0,0.55,780.0,-10.0,-0.1,0.2926,0.19260000000000002,780.0,-10.0,-0.09224107945005017,0.2464,0.15415892054994984
79.68741709,770.0,0.55,760.0,10.0,0.09060939379998217,0.2926,0.3832093937999822,780.0,-10.0,-0.09285047325005508,0.2464,0.15354952674994493
79.701368966,770.0,0.55,780.0,-10.0,-0.1,0.2926,0.19260000000000002,800.0,-30.0,-0.2849755421500322,0.2464,-0.03857554215003217
79.715893968,770.0,0.55,760.0,10.0,0.09072097089998807,0.2926,0.38332097089998807,780.0,-10.0,-0.09569648390003295,0.2464,0.15070351609996707
79.729938594,770.0,0.55,760.0,10.0,0.0914273001499987,0.2926,0.38402730014999875,780.0,-10.0,-0.09640279855003883,0.2464,0.14999720144996118
79.743127762,770.0,0.55,780.0,-10.0,-0.09923296029999165,0.2926,0.19336703970000838,780.0,-10.0,-0.09706310280004346,0.2464,0.14933689719995655
79.757003222,770.0,0.55,760.0,10.0,0.09145744395001656,0.2926,0.3840574439500166,760.0,10.0,0.09362730139994255,0.2464,0.3400273013999425
79.772204307,770.0,0.55,780.0,-10.0,-0.09920373529998869,0.2926,0.19339626470001134,780.0,-10.0,-0.09703386325005794,0.2464,0.14936613674994206
79.7866036,770.0,0.55,780.0,-10.0,-0.1,0.2926,0.19260000000000002,760.0,10.0,0.093770713949948,0.2464,0.340170713949948
79.800057018,770.0,0.55,760.0,10.0,0.09069498340001246,0.2926,0.3832949834000125,780.0,-10.0,-0.09692428400004702,0.2464,0.149475715999953
79.81796827,770.0,0.55,780.0,-10.0,-0.1,0.2926,0.19260000000000002,760.0,10.0,0.0939693827999463,0.2464,0.34036938279994633
79.829802937,770.0,0.55,780.0,-10.0,-0.1,0.2926,0.19260000000000002,760.0,10.0,0.09461091824996401,0.2464,0.341010918249964
79.845814856,770.0,0.55,780.0,-10.0,-0.1,0.2926,0.19260000000000002,780.0,-10.0,-0.09619723185002385,0.2464,0.15020276814997616
79.859662607,770.0,0.55,780.0,-10.0,-0.1,0.2926,0.19260000000000002,760.0,10.0,0.09448719319998418,0.2464,0.3408871931999842
79.872850317,770.0,0.55,780.0,-10.0,-0.1,0.2926,0.19260000000000002,760.0,10.0,0.09515541619998658,0.2464,0.3415554161999866
79.88550836,770.0,0.55,760.0,10.0,0.09058105839998462,0.2926,0.3831810583999846,760.0,10.0,0.09573648914997648,0.2464,0.3421364891499765
79.899051611,770.0,0.55,780.0,-10.0,-0.1,0.2926,0.19260000000000002,760.0,10.0,0.09641599964998022,0.2464,0.3428159996499802
79.910682696,770.0,0.55,780.0,-10.0,-0.1,0.2926,0.19260000000000002,760.0,10.0,0.09704114344997379,0.2464,0.3434411434499738
79.926710656,770.0,0.55,760.0,10.0,0.09074832924999555,0.2926,0.38334832924999557,800.0,-30.0,-0.28520384430008106,0.2464,-0.03880384430008105
# 79.938 Shooter Ready
79.941389365,770.0,0.55,780.0,-10.0,-0.09999333539999497,0.2926,0.19260666460000506,780.0,-10.0,-0.09594546520007953,0.2464,0.1504545347999205
79.953609908,770.0,0.55,780.0,-10.0,-0.1,0.2926,0.19260000000000002,760.0,10.0,0.09466764739991049,0.2464,0.34106764739991047
79.996348704,770.0,0.55,760.0,10.0,0.0920720730999983,0.2926,0.38467207309999835,780.0,-10.0,-0.09740441110008305,0.2464,0.14899558889991696
80.009773247,770.0,0.55,760.0,10.0,0.0927948523500072,0.2926,0.38539485235000726,760.0,10.0,0.09331836814992585,0.2464,0.33971836814992584
80.022310832,770.0,0.55,780.0,-10.0,-0.09784383940000226,0.2926,0.19475616059999779,760.0,10.0,0.0939570598999353,0.2464,0.3403570598999353
80.03577825,770.0,0.55,760.0,10.0,0.09282047524999598,0.2926,0.385420475249996,780.0,-10.0,-0.09670724015005817,0.2464,0.14969275984994185
80.048471293,770.0,0.55,780.0,-10.0,-0.09779183519999606,0.2926,0.19480816480000396,760.0,10.0,0.09390507034993334,0.2464,0.34030507034993335
80.061304627,770.0,0.55,780.0,-10.0,-0.09847048530000393,0.2926,0.1941295146999961,780.0,-10.0,-0.09677359430007983,0.2464,0.1496264056999202
80.073617045,770.0,0.55,780.0,-10.0,-0.09907824575000176,0.2926,0.19352175424999826,780.0,-10.0,-0.09738135475007767,0.2464,0.14901864524992234
80.086755463,770.0,0.55,780.0,-10.0,-0.0997295228999974,0.2926,0.19287047710000263,760.0,10.0,0.09326993699992273,0.2464,0.33966993699992276
80.102830673,770.0,0.55,780.0,-10.0,-0.1,0.2926,0.19260000000000002,780.0,-10.0,-0.09735258180006895,0.2464,0.14904741819993106
80.116036466,770.0,0.55,760.0,10.0,0.09082903345000887,0.2926,0.3834290334500089,760.0,10.0,0.09347643704993516,0.2464,0.3398764370499352
80.129134343,770.0,0.55,780.0,-10.0,-0.09984756034998554,0.2926,0.19275243965001448,780.0,-10.0,-0.09720017135006401,0.2464,0.149199828649936
80.141938219,770.0,0.55,780.0,-10.0,-0.1,0.2926,0.19260000000000002,760.0,10.0,0.09344533079993197,0.2464,0.33984533079993196
80.15528547,770.0,0.55,760.0,10.0,0.09060700215001362,0.2926,0.38320700215001363,760.0,10.0,0.09405231834994084,0.2464,0.34045231834994083
80.168572346,770.0,0.55,780.0,-10.0,-0.1,0.2926,0.19260000000000002,780.0,-10.0,-0.0966604129500547,0.2464,0.1497395870499453
80.179527931,770.0,0.55,780.0,-10.0,-0.1,0.2926,0.19260000000000002,780.0,-10.0,-0.09727333595004893,0.2464,0.14912666404995106
80.192810724,770.0,0.55,760.0,10.0,0.0906043333999969,0.2926,0.38320433339999693,780.0,-10.0,-0.0978776839500506,0.2464,0.14852231604994942
80.205293184,770.0,0.55,780.0,-10.0,-0.1,0.2926,0.19260000000000002,760.0,10.0,0.09273058689996105,0.2464,0.33913058689996106
80.218182226,770.0,0.55,760.0,10.0,0.09066198134998103,0.2926,0.3832619813499811,760.0,10.0,0.09339256824994209,0.2464,0.3397925682499421
80.229954186,770.0,0.55,760.0,10.0,0.09125298554999063,0.2926,0.38385298554999064,760.0,10.0,0.09398357244995167,0.2464,0.34038357244995165
80.242780812,770.0,0.55,780.0,-10.0,-0.09939161245001742,0.2926,0.1932083875499826,780.0,-10.0,-0.09666104015003839,0.2464,0.1497389598499616
80.255459564,770.0,0.55,780.0,-10.0,-0.09999285420001343,0.2926,0.1926071457999866,780.0,-10.0,-0.09726228185005767,0.2464,0.14913771814994234
80.268309523,770.0,0.55,780.0,-10.0,-0.1,0.2926,0.19260000000000002,780.0,-10.0,-0.09792211940004109,0.2464,0.14847788059995892
80.281960108,770.0,0.55,780.0,-10.0,-0.1,0.2926,0.19260000000000002,760.0,10.0,0.0927316952499723,0.2464,0.33913169524997233
80.294753484,770.0,0.55,780.0,-10.0,-0.1,0.2926,0.19260000000000002,760.0,10.0,0.0934676140999727,0.2464,0.3398676140999727
80.308544944,770.0,0.55,760.0,10.0,0.09059971050000058,0.2926,0.3831997105000006,780.0,-10.0,-0.09713209635002841,0.2464,0.1492679036499716
80.328405988,770.0,0.55,780.0,-10.0,-0.1,0.2926,0.19260000000000002,780.0,-10.0,-0.09812135690002834,0.2464,0.14827864309997169
80.342269489,770.0,0.55,760.0,10.0,0.09071844799999781,0.2926,0.3833184479999978,780.0,-10.0,-0.09883981945000869,0.2464,0.14756018054999132
80.359717866,770.0,0.55,780.0,-10.0,-0.1,0.2926,0.19260000000000002,760.0,10.0,0.09199757025000962,0.2464,0.3383975702500096
80.372120409,770.0,0.55,780.0,-10.0,-0.1,0.2926,0.19260000000000002,760.0,10.0,0.09270901820000291,0.2464,0.33910901820000294
80.390116244,770.0,0.55,780.0,-10.0,-0.1,0.2926,0.19260000000000002,780.0,-10.0,-0.09819781734999197,0.2464,0.14820218265000804
80.402796745,770.0,0.55,780.0,-10.0,-0.1,0.2926,0.19260000000000002,780.0,-10.0,-0.09882847364998724,0.2464,0.14757152635001275
80.417086663,770.0,0.55,760.0,10.0,0.09064152090001244,0.2926,0.38324152090001246,760.0,10.0,0.09181303265002043,0.2464,0.33821303265002045
80.432404415,770.0,0.55,780.0,-10.0,-0.1,0.2926,0.19260000000000002,760.0,10.0,0.09259189940003125,0.2464,0.33899189940003127
80.445739124,770.0,0.55,780.0,-10.0,-0.1,0.2926,0.19260000000000002,780.0,-10.0,-0.0981337089999579,0.2464,0.14826629100004213
80.459420334,770.0,0.55,760.0,10.0,0.09063363130000199,0.2926,0.383233631300002,780.0,-10.0,-0.09876735489996463,0.2464,0.14763264510003538
80.504538255,770.0,0.55,760.0,10.0,0.09282571070001723,0.2926,0.38542571070001724,760.0,10.0,0.09342472450002788,0.2464,0.3398247245000279
80.520360298,770.0,0.55,780.0,-10.0,-0.09801019144997554,0.2926,0.1945898085500245,780.0,-10.0,-0.09741114849997758,0.2464,0.14898885150002245
80.535195633,770.0,0.55,780.0,-10.0,-0.09875541444996543,0.2926,0.1938445855500346,760.0,10.0,0.09333404530002554,0.2464,0.33973404530002554
80.551981635,770.0,0.55,780.0,-10.0,-0.09959443744996861,0.2926,0.19300556255003143,780.0,-10.0,-0.09750499229995967,0.2464,0.14889500770004033
80.567257678,770.0,0.55,780.0,-10.0,-0.1,0.2926,0.19260000000000002,760.0,10.0,0.09323880150004697,0.2464,0.339638801500047
80.581983055,770.0,0.55,780.0,-10.0,-0.1,0.2926,0.19260000000000002,760.0,10.0,0.09404613495005379,0.2464,0.3404461349500538
80.595588139,770.0,0.55,780.0,-10.0,-0.1,0.2926,0.19260000000000002,780.0,-10.0,-0.09664600469995094,0.2464,0.14975399530004907
80.620552767,770.0,0.55,780.0,-10.0,-0.1,0.2926,0.19260000000000002,780.0,-10.0,-0.09760283184993114,0.2464,0.14879716815006888
80.636739102,770.0,0.55,760.0,10.0,0.0910319167500029,0.2926,0.3836319167500029,780.0,-10.0,-0.09863476319993879,0.2464,0.1477652368000612
80.652311478,770.0,0.55,780.0,-10.0,-0.09970083749999503,0.2926,0.192899162500005,760.0,10.0,0.09209797650005384,0.2464,0.33849797650005387
80.669632397,770.0,0.55,780.0,-10.0,-0.1,0.2926,0.19260000000000002,780.0,-10.0,-0.09874629649995313,0.2464,0.14765370350004686
80.684556398,770.0,0.55,780.0,-10.0,-0.1,0.2926,0.19260000000000002,760.0,10.0,0.0921386202500571,0.2464,0.3385386202500571
80.69952415,770.0,0.55,780.0,-10.0,-0.1,0.2926,0.19260000000000002,780.0,-10.0,-0.09860972354994374,0.2464,0.14779027645005627
80.713703818,770.0,0.55,760.0,10.0,0.09066117925000526,0.2926,0.3832611792500053,780.0,-10.0,-0.09927093194993632,0.2464,0.1471290680500637
80.728806319,770.0,0.55,780.0,-10.0,-0.1,0.2926,0.19260000000000002,760.0,10.0,0.09147442230005254,0.2464,0.33787442230005255
80.740959487,770.0,0.55,780.0,-10.0,-0.1,0.2926,0.19260000000000002,780.0,-10.0,-0.09919851109995306,0.2464,0.14720148890004695
80.75474278,770.0,0.55,760.0,10.0,0.09062444385000618,0.2926,0.3832244438500062,760.0,10.0,0.0914259473000584,0.2464,0.33782594730005844
80.768809573,770.0,0.55,780.0,-10.0,-0.1,0.2926,0.19260000000000002,780.0,-10.0,-0.09925771944994267,0.2464,0.14714228055005735
80.78780495,770.0,0.55,780.0,-10.0,-0.1,0.2926,0.19260000000000002,780.0,-10.0,-0.09996145284993872,0.2464,0.14643854715006127
80.800281868,770.0,0.55,780.0,-10.0,-0.1,0.2926,0.19260000000000002,760.0,10.0,0.09098703265005952,0.2464,0.33738703265005954
80.813167411,770.0,0.55,780.0,-10.0,-0.1,0.2926,0.19260000000000002,780.0,-10.0,-0.0996562673999415,0.2464,0.14674373260005852
80.83155058,770.0,0.55,760.0,10.0,0.09084231879998242,0.2926,0.3834423187999825,760.0,10.0,0.09118606605004516,0.2464,0.33758606605004515
80.846154623,770.0,0.55,760.0,10.0,0.091574708499993,0.2926,0.384174708499993,780.0,-10.0,-0.09954632359996594,0.2464,0.14685367640003405
80.861250999,770.0,0.55,760.0,10.0,0.092289306449984,0.2926,0.38488930644998404,760.0,10.0,0.09116827440002453,0.2464,0.33756827440002457
80.877144501,770.0,0.55,780.0,-10.0,-0.09849081450001904,0.2926,0.194109185499981,780.0,-10.0,-0.09961180274998696,0.2464,0.14678819725001305
80.890793627,770.0,0.55,760.0,10.0,0.09226584179997645,0.2926,0.38486584179997646,760.0,10.0,0.09114486815001328,0.2464,0.3375448681500133
80.904214962,770.0,0.55,780.0,-10.0,-0.09839940620001926,0.2926,0.19420059379998078,760.0,10.0,0.09181015990000105,0.2464,0.33821015990000103
80.916940672,770.0,0.55,780.0,-10.0,-0.09903954165004052,0.2926,0.1935604583499595,780.0,-10.0,-0.09882996100001493,0.2464,0.14757003899998508
80.930550131,770.0,0.55,760.0,10.0,0.09164434384994366,0.2926,0.38424434384994366,760.0,10.0,0.09185390989998723,0.2464,0.33825390989998727
80.943009258,770.0,0.55,780.0,-10.0,-0.09898543745005099,0.2926,0.19361456254994902,780.0,-10.0,-0.09877590054999473,0.2464,0.14762409945000526
80.957052426,770.0,0.55,780.0,-10.0,-0.09967323130006207,0.2926,0.19292676869993797,760.0,10.0,0.09191187870001158,0.2464,0.33831187870001156
80.972541386,770.0,0.55,760.0,10.0,0.09109668124994187,0.2926,0.3836966812499419,760.0,10.0,0.09268177670001024,0.2464,0.3390817767000103
81.017557223,770.0,0.55,780.0,-10.0,-0.1,0.2926,0.19260000000000002,780.0,-10.0,-0.09950566520000394,0.2464,0.14689433479999608
81.030094808,770.0,0.55,780.0,-10.0,-0.1,0.2926,0.19260000000000002,780.0,-10.0,-0.1,0.2464,0.1464
81.040224684,770.0,0.55,780.0,-10.0,-0.1,0.2926,0.19260000000000002,780.0,-10.0,-0.1,0.2464,0.1464
81.05319306,770.0,0.55,780.0,-10.0,-0.1,0.2926,0.19260000000000002,760.0,10.0,0.09054381254999498,0.2464,0.336943812549995
81.064927978,770.0,0.55,780.0,-10.0,-0.1,0.2926,0.19260000000000002,780.0,-10.0,-0.1,0.2464,0.1464
81.076067021,770.0,0.55,780.0,-10.0,-0.1,0.2926,0.19260000000000002,780.0,-10.0,-0.1,0.2464,0.1464
81.086579564,770.0,0.55,780.0,-10.0,-0.1,0.2926,0.19260000000000002,780.0,-10.0,-0.1,0.2464,0.1464
81.095936815,770.0,0.55,780.0,-10.0,-0.1,0.2926,0.19260000000000002,780.0,-10.0,-0.1,0.2464,0.1464
81.107333691,770.0,0.55,760.0,10.0,0.09049685425001372,0.2926,0.3830968542500137,780.0,-10.0,-0.1,0.2464,0.1464
81.119696567,770.0,0.55,780.0,-10.0,-0.1,0.2926,0.19260000000000002,760.0,10.0,0.09053795004998846,0.2464,0.3369379500499885
81.134045693,770.0,0.55,780.0,-10.0,-0.1,0.2926,0.19260000000000002,760.0,10.0,0.09117922299998554,0.2464,0.33757922299998555
81.148109862,770.0,0.55,760.0,10.0,0.0907472646999986,0.2926,0.38334726469999864,780.0,-10.0,-0.09956804170001306,0.2464,0.14683195829998696
81.161188196,770.0,0.55,780.0,-10.0,-0.09993648950000988,0.2926,0.19266351049999014,780.0,-10.0,-0.1,0.2464,0.1464
81.173828739,770.0,0.55,780.0,-10.0,-0.1,0.2926,0.19260000000000002,780.0,-10.0,-0.1,0.2464,0.1464
81.18718824,770.0,0.55,760.0,10.0,0.09062950425001418,0.2926,0.38322950425001423,760.0,10.0,0.09062950425001418,0.2464,0.3370295042500142
81.199790283,770.0,0.55,780.0,-10.0,-0.09999072494997563,0.2926,0.1926092750500244,760.0,10.0,0.09124973345000399,0.2464,0.337649733450004
81.21505641,770.0,0.55,780.0,-10.0,-0.1,0.2926,0.19260000000000002,780.0,-10.0,-0.09951928954999403,0.2464,0.14688071045000597
81.229488661,770.0,0.55,760.0,10.0,0.09064076260000548,0.2926,0.3832407626000055,780.0,-10.0,-0.1,0.2464,0.1464
81.240729788,770.0,0.55,780.0,-10.0,-0.1,0.2926,0.19260000000000002,780.0,-10.0,-0.1,0.2464,0.1464
81.250074497,770.0,0.55,780.0,-10.0,-0.1,0.2926,0.19260000000000002,780.0,-10.0,-0.1,0.2464,0.1464
81.260914581,770.0,0.55,760.0,10.0,0.09048230004999823,0.2926,0.38308230004999827,780.0,-10.0,-0.1,0.2464,0.1464
81.273896666,770.0,0.55,760.0,10.0,0.09102914594999675,0.2926,0.38362914594999675,760.0,10.0,0.09054684589999852,0.2464,0.3369468458999985
81.289699167,770.0,0.55,780.0,-10.0,-0.09965555620001396,0.2926,0.19294444379998607,780.0,-10.0,-0.1,0.2464,0.1464
81.300605169,770.0,0.55,780.0,-10.0,-0.1,0.2926,0.19260000000000002,780.0,-10.0,-0.1,0.2464,0.1464
81.311776003,770.0,0.55,780.0,-10.0,-0.1,0.2926,0.19260000000000002,760.0,10.0,0.09051374170000145,0.2464,0.33691374170000143
81.324805921,770.0,0.55,780.0,-10.0,-0.1,0.2926,0.19260000000000002,780.0,-10.0,-0.1,0.2464,0.1464
81.339655256,770.0,0.55,760.0,10.0,0.0908413417500151,0.2926,0.3834413417500151,780.0,-10.0,-0.1,0.2464,0.1464
81.35281759,770.0,0.55,760.0,10.0,0.09139445849999903,0.2926,0.383994458499999,760.0,10.0,0.0905531458499945,0.2464,0.33695314584999453
81.366907717,770.0,0.55,780.0,-10.0,-0.09924362070000825,0.2926,0.19335637929999178,780.0,-10.0,-0.1,0.2464,0.1464
81.381436802,770.0,0.55,780.0,-10.0,-0.1,0.2926,0.19260000000000002,760.0,10.0,0.09079215214998385,0.2464,0.3371921521499839
81.394054595,770.0,0.55,780.0,-10.0,-0.1,0.2926,0.19260000000000002,760.0,10.0,0.0914741709999953,0.2464,0.3378741709999953
81.406654304,770.0,0.55,780.0,-10.0,-0.1,0.2926,0.19260000000000002,780.0,-10.0,-0.09916559989999314,0.2464,0.14723440010000688
81.418564805,770.0,0.55,780.0,-10.0,-0.1,0.2926,0.19260000000000002,760.0,10.0,0.09142979390002438,0.2464,0.3378297939000244
81.432257682,770.0,0.55,760.0,10.0,0.0906273750499986,0.2926,0.3832273750499986,780.0,-10.0,-0.09919756654996945,0.2464,0.14720243345003056
81.4475906,770.0,0.55,780.0,-10.0,-0.1,0.2926,0.19260000000000002,760.0,10.0,0.09146101685002123,0.2464,0.33786101685002123
81.463496352,770.0,0.55,780.0,-10.0,-0.1,0.2926,0.19260000000000002,780.0,-10.0,-0.09950267909998729,0.2464,0.14689732090001273
81.474708894,770.0,0.55,780.0,-10.0,-0.1,0.2926,0.19260000000000002,780.0,-10.0,-0.1,0.2464,0.1464
81.489633479,770.0,0.55,780.0,-10.0,-0.1,0.2926,0.19260000000000002,760.0,10.0,0.09074824175001141,0.2464,0.3371482417500114
81.528999442,770.0,0.55,780.0,-10.0,-0.1,0.2926,0.19260000000000002,760.0,10.0,0.09265650025000924,0.2464,0.3390565002500092
81.541515734,770.0,0.55,760.0,10.0,0.0906287167499977,0.2926,0.3832287167499977,780.0,-10.0,-0.09797223104999375,0.2464,0.14842776895000626
81.555933694,770.0,0.55,780.0,-10.0,-0.1,0.2926,0.19260000000000002,780.0,-10.0,-0.09865594154998689,0.2464,0.14774405845001312
81.568512404,770.0,0.55,760.0,10.0,0.09065550629999507,0.2926,0.3832555062999951,760.0,10.0,0.09199957935001293,0.2464,0.33839957935001297
81.581866072,770.0,0.55,760.0,10.0,0.09133284389999062,0.2926,0.38393284389999066,780.0,-10.0,-0.09867774364997786,0.2464,0.14772225635002215
81.594573406,770.0,0.55,760.0,10.0,0.09196793349998643,0.2926,0.38456793349998647,760.0,10.0,0.09195736055002271,0.2464,0.33835736055002275
81.608235074,770.0,0.55,760.0,10.0,0.09264406065000458,0.2926,0.3852440606500046,760.0,10.0,0.09263348770004086,0.2464,0.3390334877000409
81.621055867,770.0,0.55,780.0,-10.0,-0.09800221444997988,0.2926,0.19459778555002016,780.0,-10.0,-0.0980127873999436,0.2464,0.1483872126000564
81.636781952,770.0,0.55,760.0,10.0,0.09263058560003629,0.2926,0.3852305856000363,780.0,-10.0,-0.09864558744995974,0.2464,0.14775441255004026
81.65065537,770.0,0.55,780.0,-10.0,-0.09818287279995275,0.2926,0.19441712720004728,780.0,-10.0,-0.09945903129994349,0.2464,0.14694096870005652
81.664767663,770.0,0.55,780.0,-10.0,-0.09890028539996365,0.2926,0.19369971460003638,780.0,-10.0,-0.1,0.2464,0.1464
81.680161248,770.0,0.55,780.0,-10.0,-0.09958899794994522,0.2926,0.1930110020500548,760.0,10.0,0.09068869799999903,0.2464,0.337088697999999
81.695089917,770.0,0.55,780.0,-10.0,-0.1,0.2926,0.19260000000000002,780.0,-10.0,-0.1,0.2464,0.1464
81.705057918,770.0,0.55,780.0,-10.0,-0.1,0.2926,0.19260000000000002,780.0,-10.0,-0.1,0.2464,0.1464
81.719444961,770.0,0.55,760.0,10.0,0.09053478545000872,0.2926,0.38313478545000873,760.0,10.0,0.09053475629999866,0.2464,0.3369347562999987
81.73289342,770.0,0.55,780.0,-10.0,-0.1,0.2926,0.19260000000000002,780.0,-10.0,-0.1,0.2464,0.1464
81.743455255,770.0,0.55,780.0,-10.0,-0.1,0.2926,0.19260000000000002,780.0,-10.0,-0.1,0.2464,0.1464
81.756528923,770.0,0.55,760.0,10.0,0.09047782300000563,0.2926,0.38307782300000565,760.0,10.0,0.09047783755001092,0.2464,0.33687783755001094
81.770181841,770.0,0.55,780.0,-10.0,-0.1,0.2926,0.19260000000000002,780.0,-10.0,-0.1,0.2464,0.1464
81.7798188,770.0,0.55,780.0,-10.0,-0.1,0.2926,0.19260000000000002,780.0,-10.0,-0.1,0.2464,0.1464
81.791653468,770.0,0.55,760.0,10.0,0.0905291563000128,0.2926,0.3831291563000128,780.0,-10.0,-0.1,0.2464,0.1464
81.806975303,770.0,0.55,760.0,10.0,0.0910412355499966,0.2926,0.38364123554999663,760.0,10.0,0.0905120792499838,0.2464,0.3369120792499838
81.819981596,770.0,0.55,780.0,-10.0,-0.09975988535002216,0.2926,0.19284011464997786,780.0,-10.0,-0.1,0.2464,0.1464
81.830147638,770.0,0.55,760.0,10.0,0.09085973139996441,0.2926,0.3834597313999644,780.0,-10.0,-0.1,0.2464,0.1464
81.846441307,770.0,0.55,780.0,-10.0,-0.0999413166000295,0.2926,0.19265868339997053,780.0,-10.0,-0.1,0.2464,0.1464
81.857695266,770.0,0.55,780.0,-10.0,-0.1,0.2926,0.19260000000000002,780.0,-10.0,-0.1,0.2464,0.1464
81.872254393,770.0,0.55,760.0,10.0,0.0906079646499984,0.2926,0.3832079646499984,760.0,10.0,0.09060799384998518,0.2464,0.3370079938499852
81.889479061,770.0,0.55,780.0,-10.0,-0.1,0.2926,0.19260000000000002,780.0,-10.0,-0.1,0.2464,0.1464
81.902213812,770.0,0.55,780.0,-10.0,-0.1,0.2926,0.19260000000000002,760.0,10.0,0.09072916674998852,0.2464,0.3371291667499885
81.915062605,770.0,0.55,780.0,-10.0,-0.1,0.2926,0.19260000000000002,780.0,-10.0,-0.09990302080002493,0.2464,0.14649697919997506
81.92887069,770.0,0.55,780.0,-10.0,-0.1,0.2926,0.19260000000000002,780.0,-10.0,-0.1,0.2464,0.1464
81.941578316,770.0,0.55,780.0,-10.0,-0.1,0.2926,0.19260000000000002,760.0,10.0,0.09065751884999372,0.2464,0.33705751884999374
81.956899568,770.0,0.55,760.0,10.0,0.09066860214999452,0.2926,0.38326860214999453,780.0,-10.0,-0.1,0.2464,0.1464
81.970330236,770.0,0.55,780.0,-10.0,-0.1,0.2926,0.19260000000000002,760.0,10.0,0.0907042876000014,0.2464,0.33710428760000144
81.984085237,770.0,0.55,780.0,-10.0,-0.1,0.2926,0.19260000000000002,780.0,-10.0,-0.1,0.2464,0.1464
81.99883278,770.0,0.55,780.0,-10.0,-0.1,0.2926,0.19260000000000002,760.0,10.0,0.0907534041999861,0.2464,0.33715340419998613
82.045482243,770.0,0.55,760.0,10.0,0.09211426270000175,0.2926,0.38471426270000175,760.0,10.0,0.09286760859999049,0.2464,0.3392676085999905
82.062562828,770.0,0.55,780.0,-10.0,-0.09886179990000983,0.2926,0.1937382000999902,780.0,-10.0,-0.09810845400002108,0.2464,0.14829154599997893
82.07783158,770.0,0.55,760.0,10.0,0.09190487519998897,0.2926,0.384504875199989,760.0,10.0,0.09265823564996026,0.2464,0.3390582356499603
82.09296704,770.0,0.55,780.0,-10.0,-0.09888611030000902,0.2926,0.193713889699991,780.0,-10.0,-0.09813279360005253,0.2464,0.14826720639994748
82.10696675,770.0,0.55,760.0,10.0,0.09181024394998985,0.2926,0.3844102439499899,760.0,10.0,0.0925634585499347,0.2464,0.3389634585499347
82.121120459,770.0,0.55,760.0,10.0,0.0925308502499911,0.2926,0.3851308502499911,760.0,10.0,0.09328419614993436,0.2464,0.3396841961499344
82.141360961,770.0,0.55,780.0,-10.0,-0.09823073525001291,0.2926,0.19436926474998711,780.0,-10.0,-0.09747738935006964,0.2464,0.14892261064993037
82.15674113,770.0,0.55,780.0,-10.0,-0.09920643324999219,0.2926,0.19339356675000785,800.0,-30.0,-0.29,0.2464,-0.04359999999999997
82.169208423,770.0,0.55,780.0,-10.0,-0.09988291039999239,0.2926,0.19271708960000763,780.0,-10.0,-0.1,0.2464,0.1464
82.184145549,770.0,0.55,780.0,-10.0,-0.1,0.2926,0.19260000000000002,760.0,10.0,0.09066625425001804,0.2464,0.337066254250018
82.195232967,770.0,0.55,780.0,-10.0,-0.1,0.2926,0.19260000000000002,760.0,10.0,0.0913491480500079,0.2464,0.3377491480500079
82.207198885,770.0,0.55,780.0,-10.0,-0.1,0.2926,0.19260000000000002,760.0,10.0,0.091935587700018,0.2464,0.33833558770001804
82.217969844,770.0,0.55,780.0,-10.0,-0.1,0.2926,0.19260000000000002,780.0,-10.0,-0.09861841859997185,0.2464,0.14778158140002817
82.230486429,770.0,0.55,760.0,10.0,0.09057058755000981,0.2926,0.3831705875500098,780.0,-10.0,-0.09918902074996368,0.2464,0.14721097925003634
82.242652138,770.0,0.55,760.0,10.0,0.09116768765001325,0.2926,0.3837676876500133,760.0,10.0,0.0914080793000403,0.2464,0.3378080793000403
82.256215223,770.0,0.55,780.0,-10.0,-0.09949754574997768,0.2926,0.19310245425002234,760.0,10.0,0.09207331270005398,0.2464,0.338473312700054
82.269971391,770.0,0.55,760.0,10.0,0.09111491055001807,0.2926,0.3837149105500181,760.0,10.0,0.09268576900004974,0.2464,0.3390857690000497
82.283095517,770.0,0.55,780.0,-10.0,-0.09963585409998359,0.2926,0.19296414590001643,780.0,-10.0,-0.09806496649994187,0.2464,0.14833503350005814
82.296336894,770.0,0.55,760.0,10.0,0.09101037720000932,0.2926,0.38361037720000934,780.0,-10.0,-0.09871121239993955,0.2464,0.14768878760006046
82.311627228,770.0,0.55,760.0,10.0,0.0916913023000143,0.2926,0.3842913023000143,780.0,-10.0,-0.0993921520499498,0.2464,0.1470078479500502
82.324161896,770.0,0.55,780.0,-10.0,-0.0990311414999951,0.2926,0.19356885850000494,760.0,10.0,0.09133026260004953,0.2464,0.33773026260004957
82.337721773,770.0,0.55,780.0,-10.0,-0.09970359364999695,0.2926,0.19289640635000307,760.0,10.0,0.0920027002000461,0.2464,0.3384027002000461
82.355127566,770.0,0.55,780.0,-10.0,-0.1,0.2926,0.19260000000000002,780.0,-10.0,-0.0988615956999638,0.2464,0.1475384043000362
82.367832567,770.0,0.55,780.0,-10.0,-0.1,0.2926,0.19260000000000002,780.0,-10.0,-0.09956741454996063,0.2464,0.14683258545003938
82.382344736,770.0,0.55,780.0,-10.0,-0.1,0.2926,0.19260000000000002,780.0,-10.0,-0.1,0.2464,0.1464
82.39654482,770.0,0.55,780.0,-10.0,-0.1,0.2926,0.19260000000000002,760.0,10.0,0.09067676880000818,0.2464,0.3370767688000082
82.410426113,770.0,0.55,780.0,-10.0,-0.1,0.2926,0.19260000000000002,760.0,10.0,0.09139878975001012,0.2464,0.3377987897500101
82.425076823,770.0,0.55,760.0,10.0,0.09066389174999132,0.2926,0.3832638917499913,780.0,-10.0,-0.09926510194998173,0.2464,0.14713489805001828
82.440972075,770.0,0.55,780.0,-10.0,-0.1,0.2926,0.19260000000000002,780.0,-10.0,-0.1,0.2464,0.1464
82.45477141,770.0,0.55,780.0,-10.0,-0.1,0.2926,0.19260000000000002,760.0,10.0,0.0907538271499925,0.2464,0.33715382714999254
82.468054494,770.0,0.55,760.0,10.0,0.09059788759999719,0.2926,0.38319788759999723,760.0,10.0,0.091351729299995,0.2464,0.337751729299995
82.482216371,770.0,0.55,780.0,-10.0,-0.1,0.2926,0.19260000000000002,760.0,10.0,0.09206488354999692,0.2464,0.33846488354999693
82.495997914,770.0,0.55,760.0,10.0,0.09068528550000338,0.2926,0.3832852855000034,780.0,-10.0,-0.09862046025000382,0.2464,0.1477795397499962
82.511512249,770.0,0.55,760.0,10.0,0.09147425850000218,0.2926,0.3840742585000022,780.0,-10.0,-0.09940941869999734,0.2464,0.14699058130000267
82.551271378,770.0,0.55,780.0,-10.0,-0.1,0.2926,0.19260000000000002,760.0,10.0,0.09251330645000963,0.2464,0.3389133064500096
82.562980337,770.0,0.55,780.0,-10.0,-0.1,0.2926,0.19260000000000002,760.0,10.0,0.09322049615001561,0.2464,0.3396204961500156
82.574809463,770.0,0.55,780.0,-10.0,-0.1,0.2926,0.19260000000000002,780.0,-10.0,-0.09736242889998721,0.2464,0.1490375711000128
82.58739984,770.0,0.55,780.0,-10.0,-0.1,0.2926,0.19260000000000002,780.0,-10.0,-0.09799565184996481,0.2464,0.1484043481500352
82.599519174,770.0,0.55,780.0,-10.0,-0.1,0.2926,0.19260000000000002,760.0,10.0,0.09259350030005407,0.2464,0.3389935003000541
82.6120343,770.0,0.55,780.0,-10.0,-0.1,0.2926,0.19260000000000002,780.0,-10.0,-0.09804533724993689,0.2464,0.14835466275006312
82.628346344,770.0,0.55,760.0,10.0,0.0905970125499971,0.2926,0.3831970125499971,780.0,-10.0,-0.09864236439993875,0.2464,0.14775763560006128
82.650131804,770.0,0.55,780.0,-10.0,-0.1,0.2926,0.19260000000000002,780.0,-10.0,-0.09969669574993531,0.2464,0.1467033042500647
82.666952514,770.0,0.55,760.0,10.0,0.09100116050000452,0.2926,0.38360116050000453,760.0,10.0,0.09130440645007185,0.2464,0.3377044064500718
82.680141974,770.0,0.55,780.0,-10.0,-0.0996943624999858,0.2926,0.19290563750001422,760.0,10.0,0.09200003150007433,0.2464,0.33840003150007436
82.695676142,770.0,0.55,780.0,-10.0,-0.1,0.2926,0.19260000000000002,780.0,-10.0,-0.09870978319991082,0.2464,0.1476902168000892
82.708187477,770.0,0.55,780.0,-10.0,-0.1,0.2926,0.19260000000000002,780.0,-10.0,-0.09942766239992125,0.2464,0.14697233760007877
82.720651853,770.0,0.55,780.0,-10.0,-0.1,0.2926,0.19260000000000002,780.0,-10.0,-0.1,0.2464,0.1464
82.729931229,770.0,0.55,780.0,-10.0,-0.1,0.2926,0.19260000000000002,780.0,-10.0,-0.1,0.2464,0.1464
82.742280397,770.0,0.55,780.0,-10.0,-0.1,0.2926,0.19260000000000002,760.0,10.0,0.0905142959000068,0.2464,0.3369142959000068
82.75781369,770.0,0.55,760.0,10.0,0.09058263339999485,0.2926,0.38318263339999487,760.0,10.0,0.09109688555000958,0.2464,0.33749688555000956
82.772322358,770.0,0.55,780.0,-10.0,-0.1,0.2926,0.19260000000000002,780.0,-10.0,-0.09975443119997181,0.2464,0.14664556880002821
82.787364485,770.0,0.55,780.0,-10.0,-0.1,0.2926,0.19260000000000002,780.0,-10.0,-0.1,0.2464,0.1464
82.801301778,770.0,0.55,760.0,10.0,0.09063991674999215,0.2926,0.3832399167499922,760.0,10.0,0.09063988755000538,0.2464,0.33703988755000536
82.817690529,770.0,0.55,780.0,-10.0,-0.1,0.2926,0.19260000000000002,760.0,10.0,0.09133928970001307,0.2464,0.3377392897000131
82.828627739,770.0,0.55,780.0,-10.0,-0.1,0.2926,0.19260000000000002,780.0,-10.0,-0.09940310414997384,0.2464,0.14699689585002618
82.840358573,770.0,0.55,760.0,10.0,0.09053055629998653,0.2926,0.38313055629998655,780.0,-10.0,-0.0999336749999884,0.2464,0.1464663250000116
82.85823395,770.0,0.55,780.0,-10.0,-0.1,0.2926,0.19260000000000002,760.0,10.0,0.09092593970000508,0.2464,0.3373259397000051
82.870062493,770.0,0.55,780.0,-10.0,-0.1,0.2926,0.19260000000000002,760.0,10.0,0.09159880015000908,0.2464,0.3379988001500091
82.886150245,770.0,0.55,760.0,10.0,0.09072550630000023,0.2926,0.3833255063000003,760.0,10.0,0.0923243356499961,0.2464,0.3387243356499961
82.903248038,770.0,0.55,780.0,-10.0,-0.1,0.2926,0.19260000000000002,780.0,-10.0,-0.09855234155002109,0.2464,0.14784765844997894
82.918359581,770.0,0.55,760.0,10.0,0.09073074170002202,0.2926,0.383330741700022,780.0,-10.0,-0.0992831416000172,0.2464,0.14711685839998281
82.932165332,770.0,0.55,780.0,-10.0,-0.09998363754996262,0.2926,0.1926163624500374,780.0,-10.0,-0.0999975062500198,0.2464,0.1464024937499802
82.946569584,770.0,0.55,780.0,-10.0,-0.1,0.2926,0.19260000000000002,760.0,10.0,0.0907238729999699,0.2464,0.33712387299996993
82.960282877,770.0,0.55,760.0,10.0,0.09067185420000443,0.2926,0.3832718542000044,760.0,10.0,0.09139572724997379,0.2464,0.3377957272499738
82.974219878,770.0,0.55,780.0,-10.0,-0.1,0.2926,0.19260000000000002,780.0,-10.0,-0.0993124394500228,0.2464,0.1470875605499772
82.986646046,770.0,0.55,780.0,-10.0,-0.1,0.2926,0.19260000000000002,780.0,-10.0,-0.09999734580003405,0.2464,0.14640265419996595
83.000937714,770.0,0.55,760.0,10.0,0.0906387937999989,0.2926,0.3832387937999989,780.0,-10.0,-0.1,0.2464,0.1464
83.016856008,770.0,0.55,780.0,-10.0,-0.1,0.2926,0.19260000000000002,760.0,10.0,0.09079648339999494,0.2464,0.337196483399995
83.059613762,770.0,0.55,780.0,-10.0,-0.1,0.2926,0.19260000000000002,760.0,10.0,0.09294148779998977,0.2464,0.3393414877999898
83.072720972,770.0,0.55,780.0,-10.0,-0.1,0.2926,0.19260000000000002,780.0,-10.0,-0.09778050390000317,0.2464,0.14861949609999683
83.08594164,770.0,0.55,760.0,10.0,0.09059597714998745,0.2926,0.3831959771499875,780.0,-10.0,-0.09837646650000806,0.2464,0.14802353349999195
83.100303016,770.0,0.55,780.0,-10.0,-0.1,0.2926,0.19260000000000002,760.0,10.0,0.09232187105000321,0.2464,0.33872187105000323
83.112344767,770.0,0.55,780.0,-10.0,-0.1,0.2926,0.19260000000000002,780.0,-10.0,-0.09836437694998494,0.2464,0.14803562305001505
83.12490481,770.0,0.55,780.0,-10.0,-0.1,0.2926,0.19260000000000002,760.0,10.0,0.09226910850001332,0.2464,0.3386691085000133
83.137659978,770.0,0.55,780.0,-10.0,-0.1,0.2926,0.19260000000000002,760.0,10.0,0.09290113565001776,0.2464,0.33930113565001774
83.152643188,770.0,0.55,780.0,-10.0,-0.1,0.2926,0.19260000000000002,780.0,-10.0,-0.09772314774997995,0.2464,0.14867685225002006
83.167303231,770.0,0.55,760.0,10.0,0.09078558964999048,0.2926,0.3833855896499905,780.0,-10.0,-0.09850875199997518,0.2464,0.14789124800002484
83.182349149,770.0,0.55,780.0,-10.0,-0.09998317085000963,0.2926,0.1926168291499904,780.0,-10.0,-0.09927752709998003,0.2464,0.14712247290001998
83.196818734,770.0,0.55,760.0,10.0,0.09067093549998845,0.2926,0.3832709354999885,780.0,-10.0,-0.09993160424999133,0.2464,0.1464683957500087
83.210427902,770.0,0.55,780.0,-10.0,-0.1,0.2926,0.19260000000000002,760.0,10.0,0.09081689994999578,0.2464,0.3372168999499958
83.223111028,770.0,0.55,760.0,10.0,0.0906379041999935,0.2926,0.38323790419999354,760.0,10.0,0.09145480419998876,0.2464,0.33785480419998876
83.236565321,770.0,0.55,780.0,-10.0,-0.1,0.2926,0.19260000000000002,780.0,-10.0,-0.09921476045001328,0.2464,0.14718523954998675
83.248365864,770.0,0.55,780.0,-10.0,-0.1,0.2926,0.19260000000000002,780.0,-10.0,-0.09986109385001782,0.2464,0.1465389061499822
83.260993282,770.0,0.55,780.0,-10.0,-0.1,0.2926,0.19260000000000002,780.0,-10.0,-0.1,0.2464,0.1464
83.270553241,770.0,0.55,780.0,-10.0,-0.1,0.2926,0.19260000000000002,780.0,-10.0,-0.1,0.2464,0.1464
83.281066076,770.0,0.55,780.0,-10.0,-0.1,0.2926,0.19260000000000002,780.0,-10.0,-0.1,0.2464,0.1464
83.292994077,770.0,0.55,780.0,-10.0,-0.1,0.2926,0.19260000000000002,760.0,10.0,0.09049786045001383,0.2464,0.33689786045001385
83.306150578,770.0,0.55,760.0,10.0,0.09058349379999073,0.2926,0.3831834937999907,780.0,-10.0,-0.1,0.2464,0.1464
83.317129205,770.0,0.55,780.0,-10.0,-0.1,0.2926,0.19260000000000002,780.0,-10.0,-0.1,0.2464,0.1464
83.332068373,770.0,0.55,760.0,10.0,0.09053898544999811,0.2926,0.38313898544999814,760.0,10.0,0.09053898545002084,0.2464,0.3369389854500209
83.344919207,770.0,0.55,760.0,10.0,0.09127337304998037,0.2926,0.38387337304998037,780.0,-10.0,-0.1,0.2464,0.1464
83.360895251,770.0,0.55,760.0,10.0,0.09219393144998321,0.2926,0.38479393144998325,780.0,-10.0,-0.1,0.2464,0.1464
83.372405877,770.0,0.55,760.0,10.0,0.09276473779999833,0.2926,0.38536473779999836,780.0,-10.0,-0.1,0.2464,0.1464
83.384399211,770.0,0.55,780.0,-10.0,-0.09784203099998194,0.2926,0.19475796900001807,780.0,-10.0,-0.1,0.2464,0.1464
83.401617755,770.0,0.55,780.0,-10.0,-0.09858963104998111,0.2926,0.1940103689500189,760.0,10.0,0.09074761470000339,0.2464,0.33714761470000343
83.417277048,770.0,0.55,780.0,-10.0,-0.09932550614998945,0.2926,0.19327449385001058,760.0,10.0,0.09148321264998685,0.2464,0.3378832126499869
83.430740674,770.0,0.55,780.0,-10.0,-0.1,0.2926,0.19260000000000002,780.0,-10.0,-0.099241127050027,0.2464,0.147158872949973
83.445785717,770.0,0.55,760.0,10.0,0.09075064799998472,0.2926,0.38335064799998475,780.0,-10.0,-0.09999181875002705,0.2464,0.14640818124997296
83.458625469,770.0,0.55,780.0,-10.0,-0.09989537915002984,0.2926,0.1927046208499702,780.0,-10.0,-0.1,0.2464,0.1464
83.471562345,770.0,0.55,780.0,-10.0,-0.1,0.2926,0.19260000000000002,760.0,10.0,0.09065553545000513,0.2464,0.3370555354500051
83.48402818,770.0,0.55,760.0,10.0,0.09060445005001384,0.2926,0.38320445005001386,760.0,10.0,0.09125997095001367,0.2464,0.33765997095001365
83.498333556,770.0,0.55,780.0,-10.0,-0.1,0.2926,0.19260000000000002,780.0,-10.0,-0.09945607079998808,0.2464,0.14694392920001192
83.509813266,770.0,0.55,780.0,-10.0,-0.1,0.2926,0.19260000000000002,760.0,10.0,0.09117476049999823,0.2464,0.33757476049999824
83.524617392,770.0,0.55,780.0,-10.0,-0.1,0.2926,0.19260000000000002,780.0,-10.0,-0.09958008749999862,0.2464,0.14681991250000137
83.565047354,770.0,0.55,760.0,10.0,0.09191254604999358,0.2926,0.38451254604999363,780.0,-10.0,-0.1,0.2464,0.1464
83.579551648,770.0,0.55,780.0,-10.0,-0.09884053734999725,0.2926,0.19375946265000277,760.0,10.0,0.09075305420000404,0.2464,0.3371530542000041
83.593069816,770.0,0.55,760.0,10.0,0.09182441895001375,0.2926,0.3844244189500138,760.0,10.0,0.09141801054999178,0.2464,0.3378180105499918
83.608512692,770.0,0.55,780.0,-10.0,-0.09896821444997386,0.2926,0.19363178555002616,760.0,10.0,0.09221062934999737,0.2464,0.33861062934999736
83.622666402,770.0,0.55,780.0,-10.0,-0.09967824789998758,0.2926,0.19292175210001244,780.0,-10.0,-0.09849941864999892,0.2464,0.1479005813500011
83.636826528,770.0,0.55,780.0,-10.0,-0.1,0.2926,0.19260000000000002,780.0,-10.0,-0.09921391455000048,0.2464,0.14718608544999953
83.650212863,770.0,0.55,780.0,-10.0,-0.1,0.2926,0.19260000000000002,780.0,-10.0,-0.09993963965000603,0.2464,0.146460360349994
83.670476698,770.0,0.55,760.0,10.0,0.09083902299998045,0.2926,0.38343902299998045,760.0,10.0,0.0908993687499924,0.2464,0.3372993687499924
83.682924741,770.0,0.55,780.0,-10.0,-0.09991219375003765,0.2926,0.19268780624996237,760.0,10.0,0.09165062925000257,0.2464,0.33805062925000257
83.697174409,770.0,0.55,760.0,10.0,0.0907255646499516,0.2926,0.3833255646499516,780.0,-10.0,-0.09898711454998192,0.2464,0.14741288545001807
83.709654536,770.0,0.55,780.0,-10.0,-0.09995229790004032,0.2926,0.1926477020999597,780.0,-10.0,-0.0996649916999786,0.2464,0.1467350083000214
83.722533954,770.0,0.55,780.0,-10.0,-0.1,0.2926,0.19260000000000002,780.0,-10.0,-0.1,0.2464,0.1464
83.735879163,770.0,0.55,760.0,10.0,0.09065791255001386,0.2926,0.3832579125500139,760.0,10.0,0.09065791255001386,0.2464,0.3370579125500139
83.748989581,770.0,0.55,780.0,-10.0,-0.09999654374998954,0.2926,0.1926034562500105,760.0,10.0,0.09131235430001197,0.2464,0.337712354300012
83.761089082,770.0,0.55,760.0,10.0,0.09062332090001292,0.2926,0.38322332090001293,760.0,10.0,0.09193223350001972,0.2464,0.33833223350001973
83.77443575,770.0,0.55,760.0,10.0,0.09128041680000024,0.2926,0.3838804168000003,760.0,10.0,0.09258931480000229,0.2464,0.3389893148000023
83.78683421,770.0,0.55,780.0,-10.0,-0.09933825200000683,0.2926,0.19326174799999318,780.0,-10.0,-0.09802938320001431,0.2464,0.1483706167999857
83.79960892,770.0,0.55,760.0,10.0,0.09131095434999224,0.2926,0.3839109543499923,780.0,-10.0,-0.09867857495000862,0.2464,0.1477214250499914
83.812117338,770.0,0.55,780.0,-10.0,-0.09931054359999507,0.2926,0.19328945640000494,780.0,-10.0,-0.09930005835001339,0.2464,0.14709994164998663
83.825862422,770.0,0.55,780.0,-10.0,-0.09998583950000466,0.2926,0.19261416049999536,780.0,-10.0,-0.09997535425000023,0.2464,0.14642464574999978
83.840378382,770.0,0.55,760.0,10.0,0.09063912934999735,0.2926,0.3832391293499974,760.0,10.0,0.09064962915000706,0.2464,0.3370496291500071
83.855162675,770.0,0.55,780.0,-10.0,-0.1,0.2926,0.19260000000000002,780.0,-10.0,-0.1,0.2464,0.1464
83.868749677,770.0,0.55,780.0,-10.0,-0.1,0.2926,0.19260000000000002,780.0,-10.0,-0.1,0.2464,0.1464
83.882044136,770.0,0.55,760.0,10.0,0.0904949000500119,0.2926,0.3830949000500119,760.0,10.0,0.09049488545000714,0.2464,0.3368948854500071
83.896236929,770.0,0.55,780.0,-10.0,-0.1,0.2926,0.19260000000000002,780.0,-10.0,-0.1,0.2464,0.1464
83.906978722,770.0,0.55,780.0,-10.0,-0.1,0.2926,0.19260000000000002,780.0,-10.0,-0.1,0.2464,0.1464
83.922694599,770.0,0.55,760.0,10.0,0.09059949175001748,0.2926,0.3831994917500175,760.0,10.0,0.09059949174999474,0.2464,0.3369994917499948
83.93786185,770.0,0.55,780.0,-10.0,-0.1,0.2926,0.19260000000000002,780.0,-10.0,-0.1,0.2464,0.1464
83.951334227,770.0,0.55,780.0,-10.0,-0.1,0.2926,0.19260000000000002,760.0,10.0,0.09076970845000233,0.2464,0.3371697084500023
83.964633061,770.0,0.55,780.0,-10.0,-0.1,0.2926,0.19260000000000002,780.0,-10.0,-0.09988945825000428,0.2464,0.14651054174999573
83.976563687,770.0,0.55,780.0,-10.0,-0.1,0.2926,0.19260000000000002,760.0,10.0,0.09071529809999902,0.2464,0.337115298099999
83.988220147,770.0,0.55,780.0,-10.0,-0.1,0.2926,0.19260000000000002,760.0,10.0,0.09130011895000735,0.2464,0.33770011895000734
84.000634648,770.0,0.55,760.0,10.0,0.09056226050000987,0.2926,0.3831622605000099,780.0,-10.0,-0.09926215614998454,0.2464,0.14713784385001547
84.013545858,770.0,0.55,780.0,-10.0,-0.1,0.2926,0.19260000000000002,780.0,-10.0,-0.09991131869999208,0.2464,0.14648868130000792
84.026506359,770.0,0.55,780.0,-10.0,-0.1,0.2926,0.19260000000000002,780.0,-10.0,-0.1,0.2464,0.1464
84.03720411,770.0,0.55,760.0,10.0,0.09057859380001446,0.2926,0.3831785938000145,780.0,-10.0,-0.1,0.2464,0.1464
84.075951447,770.0,0.55,760.0,10.0,0.09234985644999597,0.2926,0.384949856449996,760.0,10.0,0.0917712626499815,0.2464,0.33817126264998154
84.089514824,770.0,0.55,780.0,-10.0,-0.0983709249000185,0.2926,0.19422907509998152,760.0,10.0,0.09249202939999122,0.2464,0.33889202939999125
84.101362617,770.0,0.55,780.0,-10.0,-0.09899271455001327,0.2926,0.19360728544998676,780.0,-10.0,-0.09812978940001357,0.2464,0.14827021059998644
84.114518826,770.0,0.55,760.0,10.0,0.09165624384999319,0.2926,0.38425624384999324,780.0,-10.0,-0.09877873325001474,0.2464,0.14762126674998527
84.126654494,770.0,0.55,780.0,-10.0,-0.09895188119999147,0.2926,0.19364811880000854,780.0,-10.0,-0.09938685829999941,0.2464,0.1470131417000006
84.139498037,770.0,0.55,780.0,-10.0,-0.09959799584999018,0.2926,0.19300200415000984,760.0,10.0,0.0912592563499993,0.2464,0.3376592563499993
84.152613122,770.0,0.55,780.0,-10.0,-0.1,0.2926,0.19260000000000002,760.0,10.0,0.09187779390000742,0.2464,0.33827779390000745
84.165753873,770.0,0.55,780.0,-10.0,-0.1,0.2926,0.19260000000000002,780.0,-10.0,-0.09886266035000517,0.2464,0.14753733964999483
84.179128833,770.0,0.55,780.0,-10.0,-0.1,0.2926,0.19260000000000002,760.0,10.0,0.09170445634998942,0.2464,0.3381044563499894
84.192701251,770.0,0.55,760.0,10.0,0.09071105424999587,0.2926,0.3833110542499959,780.0,-10.0,-0.0990065833000017,0.2464,0.1473934166999983
84.207242294,770.0,0.55,780.0,-10.0,-0.09992868750000525,0.2926,0.19267131249999478,760.0,10.0,0.09163318760000948,0.2464,0.3380331876000095
84.22005317,770.0,0.55,780.0,-10.0,-0.1,0.2926,0.19260000000000002,760.0,10.0,0.09237922730000264,0.2464,0.33877922730000265
84.231841171,770.0,0.55,780.0,-10.0,-0.1,0.2926,0.19260000000000002,780.0,-10.0,-0.09826853524998569,0.2464,0.14813146475001432
84.244040714,770.0,0.55,780.0,-10.0,-0.1,0.2926,0.19260000000000002,760.0,10.0,0.09233256065002934,0.2464,0.3387325606500293
84.255157882,770.0,0.55,780.0,-10.0,-0.1,0.2926,0.19260000000000002,780.0,-10.0,-0.09822886854997251,0.2464,0.1481711314500275
84.268452342,770.0,0.55,760.0,10.0,0.09060035209999115,0.2926,0.38320035209999115,780.0,-10.0,-0.09882920609995835,0.2464,0.14757079390004166
84.28061426,770.0,0.55,760.0,10.0,0.09121563759998935,0.2926,0.3838156375999894,760.0,10.0,0.09178607940003985,0.2464,0.33818607940003986
84.293605094,770.0,0.55,780.0,-10.0,-0.09944077290001588,0.2926,0.19315922709998415,760.0,10.0,0.09244248990004508,0.2464,0.33884248990004506
84.305886304,770.0,0.55,760.0,10.0,0.09115922924999267,0.2926,0.38375922924999273,780.0,-10.0,-0.09815751224996347,0.2464,0.14824248775003654
84.319431597,770.0,0.55,780.0,-10.0,-0.09950550830001248,0.2926,0.19309449169998755,760.0,10.0,0.09250722530004168,0.2464,0.3389072253000417
84.332952098,770.0,0.55,780.0,-10.0,-0.1,0.2926,0.19260000000000002,760.0,10.0,0.09320696285002669,0.2464,0.3396069628500267
84.351892058,770.0,0.55,760.0,10.0,0.09068691885001044,0.2926,0.3832869188500105,760.0,10.0,0.09389383795002232,0.2464,0.3402938379500223
84.364536393,770.0,0.55,780.0,-10.0,-0.1,0.2926,0.19260000000000002,780.0,-10.0,-0.09699345584999719,0.2464,0.14940654415000282
84.381731311,770.0,0.55,760.0,10.0,0.09086391674999504,0.2926,0.3834639167499951,780.0,-10.0,-0.097857387199997,0.2464,0.14854261280000303
84.395888521,770.0,0.55,780.0,-10.0,-0.09977005000000645,0.2926,0.1928299499999936,780.0,-10.0,-0.09849131019998367,0.2464,0.14790868980001634
84.409302564,770.0,0.55,780.0,-10.0,-0.1,0.2926,0.19260000000000002,760.0,10.0,0.09223482320002405,0.2464,0.338634823200024
84.422907066,770.0,0.55,760.0,10.0,0.09069957714999874,0.2926,0.38329957714999874,760.0,10.0,0.09293441495002754,0.2464,0.33933441495002753
84.439757526,770.0,0.55,780.0,-10.0,-0.1,0.2926,0.19260000000000002,780.0,-10.0,-0.09790366009997342,0.2464,0.14849633990002659
84.452649777,770.0,0.55,780.0,-10.0,-0.1,0.2926,0.19260000000000002,780.0,-10.0,-0.09859908099997483,0.2464,0.14780091900002518
84.468324237,770.0,0.55,780.0,-10.0,-0.1,0.2926,0.19260000000000002,780.0,-10.0,-0.09938792274997468,0.2464,0.14701207725002532
84.480512405,770.0,0.55,780.0,-10.0,-0.1,0.2926,0.19260000000000002,780.0,-10.0,-0.09999769574997117,0.2464,0.14640230425002884
84.498449615,770.0,0.55,760.0,10.0,0.09080798965000213,0.2926,0.38340798965000217,760.0,10.0,0.09081029390003095,0.2464,0.337210293900031
84.512146866,770.0,0.55,780.0,-10.0,-0.09988606045001233,0.2926,0.1927139395499877,780.0,-10.0,-0.0998837124499687,0.2464,0.14651628755003132
84.533335577,770.0,0.55,780.0,-10.0,-0.1,0.2926,0.19260000000000002,760.0,10.0,0.09116522305002037,0.2464,0.33756522305002035
84.549094037,770.0,0.55,780.0,-10.0,-0.1,0.2926,0.19260000000000002,780.0,-10.0,-0.09970633534999251,0.2464,0.1466936646500075
84.597273291,770.0,0.55,780.0,-10.0,-0.1,0.2926,0.19260000000000002,760.0,10.0,0.09263587950000783,0.2464,0.33903587950000785
84.615866752,770.0,0.55,780.0,-10.0,-0.1,0.2926,0.19260000000000002,780.0,-10.0,-0.09835109139999076,0.2464,0.14804890860000924
84.63085667,770.0,0.55,760.0,10.0,0.0906939917499949,0.2926,0.3832939917499949,780.0,-10.0,-0.0990450685499809,0.2464,0.1473549314500191
84.650916047,770.0,0.55,760.0,10.0,0.09167858560000695,0.2926,0.384278585600007,780.0,-10.0,-0.1,0.2464,0.1464
84.669321965,770.0,0.55,760.0,10.0,0.09257795444999829,0.2926,0.3851779544499983,760.0,10.0,0.0908993834499961,0.2464,0.3372993834499961
84.691974843,770.0,0.55,760.0,10.0,0.09365157955000086,0.2926,0.3862515795500009,780.0,-10.0,-0.1,0.2464,0.1464
84.707150844,770.0,0.55,780.0,-10.0,-0.0972119580000026,0.2926,0.19538804199999743,780.0,-10.0,-0.1,0.2464,0.1464
84.722034304,770.0,0.55,780.0,-10.0,-0.09793303100000231,0.2926,0.19466696899999772,760.0,10.0,0.0907210292499849,0.2464,0.3371210292499849
84.736312555,770.0,0.55,780.0,-10.0,-0.09865815814998768,0.2926,0.19394184185001234,760.0,10.0,0.09144618555000307,0.2464,0.33784618555000306
84.750533932,770.0,0.55,780.0,-10.0,-0.09938607074998344,0.2926,0.19321392925001657,780.0,-10.0,-0.09928172704999269,0.2464,0.14711827295000732
84.764231475,770.0,0.55,780.0,-10.0,-0.1,0.2926,0.19260000000000002,760.0,10.0,0.09140175010001259,0.2464,0.33780175010001257
84.778105476,770.0,0.55,780.0,-10.0,-0.1,0.2926,0.19260000000000002,780.0,-10.0,-0.09934759994998785,0.2464,0.14705240005001216
84.790558478,770.0,0.55,780.0,-10.0,-0.1,0.2926,0.19260000000000002,780.0,-10.0,-0.09997461044997635,0.2464,0.14642538955002365
84.807672021,770.0,0.55,760.0,10.0,0.09073526260000563,0.2926,0.38333526260000567,780.0,-10.0,-0.1,0.2464,0.1464
84.821042022,770.0,0.55,780.0,-10.0,-0.09999221244997898,0.2926,0.19260778755002106,760.0,10.0,0.09072747510000681,0.2464,0.33712747510000685
84.835084024,770.0,0.55,760.0,10.0,0.09069514390002041,0.2926,0.38329514390002045,760.0,10.0,0.0914148460000115,0.2464,0.3378148460000115
84.849386775,770.0,0.55,780.0,-10.0,-0.09999927074998141,0.2926,0.19260072925001862,760.0,10.0,0.09210923150000326,0.2464,0.3385092315000033
84.865964527,770.0,0.55,780.0,-10.0,-0.1,0.2926,0.19260000000000002,760.0,10.0,0.09285471699999107,0.2464,0.3392547169999911
84.882882362,770.0,0.55,780.0,-10.0,-0.1,0.2926,0.19260000000000002,780.0,-10.0,-0.09817133725002805,0.2464,0.14822866274997196
84.897612988,770.0,0.55,760.0,10.0,0.09058786880001662,0.2926,0.38318786880001665,780.0,-10.0,-0.09875916230002986,0.2464,0.14764083769997016
84.91240574,770.0,0.55,760.0,10.0,0.09139434180000536,0.2926,0.38399434180000536,760.0,10.0,0.09204735444995095,0.2464,0.33844735444995094
84.929124658,770.0,0.55,760.0,10.0,0.09222050230001969,0.2926,0.38482050230001974,760.0,10.0,0.09287350034996053,0.2464,0.3392735003499605
84.942976785,770.0,0.55,760.0,10.0,0.09294683985000575,0.2926,0.38554683985000576,760.0,10.0,0.09359985254995082,0.2464,0.3399998525499508
84.957402328,770.0,0.55,780.0,-10.0,-0.09774104149998948,0.2926,0.19485895850001056,780.0,-10.0,-0.09708802875006768,0.2464,0.14931197124993234
84.971328246,770.0,0.55,760.0,10.0,0.09298606895003104,0.2926,0.38558606895003106,780.0,-10.0,-0.09781515380004749,0.2464,0.14858484619995252
84.98397433,770.0,0.55,780.0,-10.0,-0.09764909364996584,0.2926,0.1949509063500342,780.0,-10.0,-0.0984503164000671,0.2464,0.1479496835999329
84.997604207,770.0,0.55,780.0,-10.0,-0.09832807909995153,0.2926,0.1942719209000485,760.0,10.0,0.09222866904991861,0.2464,0.3386286690499186
85.009979041,770.0,0.55,760.0,10.0,0.09229441055005282,0.2926,0.38489441055005286,780.0,-10.0,-0.09839382060008575,0.2464,0.14800617939991426
85.022834543,770.0,0.55,780.0,-10.0,-0.09834993954993934,0.2926,0.19425006045006069,780.0,-10.0,-0.09903815610009588,0.2464,0.14736184389990414
85.036424461,770.0,0.55,780.0,-10.0,-0.09900152294994768,0.2926,0.19359847705005234,780.0,-10.0,-0.09968972490007673,0.2464,0.1467102750999233
85.052190504,770.0,0.55,780.0,-10.0,-0.09980936674994609,0.2926,0.19279063325005394,780.0,-10.0,-0.1,0.2464,0.1464
85.086997424,770.0,0.55,760.0,10.0,0.09192998760005594,0.2926,0.38452998760005597,760.0,10.0,0.09173933979999674,0.2464,0.3381393397999968
85.109494843,770.0,0.55,780.0,-10.0,-0.09911191874994074,0.2926,0.19348808125005929,780.0,-10.0,-0.09930256655002268,0.2464,0.14709743344997733
85.122611969,770.0,0.55,780.0,-10.0,-0.09985625214994798,0.2926,0.19274374785005205,780.0,-10.0,-0.1,0.2464,0.1464
85.13418472,770.0,0.55,780.0,-10.0,-0.1,0.2926,0.19260000000000002,780.0,-10.0,-0.1,0.2464,0.1464
85.144106055,770.0,0.55,780.0,-10.0,-0.1,0.2926,0.19260000000000002,780.0,-10.0,-0.1,0.2464,0.1464
85.157071806,770.0,0.55,780.0,-10.0,-0.1,0.2926,0.19260000000000002,760.0,10.0,0.0905209313000023,0.2464,0.33692093130000234
85.170022099,770.0,0.55,760.0,10.0,0.09060862089999319,0.2926,0.3832086208999932,760.0,10.0,0.0911295521999955,0.2464,0.3375295521999955
85.185448642,770.0,0.55,780.0,-10.0,-0.1,0.2926,0.19260000000000002,780.0,-10.0,-0.0996374874500134,0.2464,0.14676251254998662
85.19927306,770.0,0.55,780.0,-10.0,-0.1,0.2926,0.19260000000000002,760.0,10.0,0.09101587514998301,0.2464,0.337415875149983
85.214963562,770.0,0.55,760.0,10.0,0.09075683129998652,0.2926,0.38335683129998654,780.0,-10.0,-0.09974095615002625,0.2464,0.14665904384997375
85.228451688,770.0,0.55,780.0,-10.0,-0.09997393965002174,0.2926,0.19262606034997828,760.0,10.0,0.0909898147499598,0.2464,0.3373898147499598
85.242662273,770.0,0.55,760.0,10.0,0.09073692499997833,0.2926,0.38333692499997835,760.0,10.0,0.09170069399996464,0.2464,0.3381006939999647
85.255921149,770.0,0.55,780.0,-10.0,-0.09993525005002084,0.2926,0.19266474994997917,780.0,-10.0,-0.09897146650002923,0.2464,0.14742853349997076
85.269939234,770.0,0.55,780.0,-10.0,-0.1,0.2926,0.19260000000000002,760.0,10.0,0.09172738144997311,0.2464,0.3381273814499731
85.282882235,770.0,0.55,760.0,10.0,0.09065089799998077,0.2926,0.3832508979999808,780.0,-10.0,-0.09892353115003516,0.2464,0.14747646884996485
85.297103903,770.0,0.55,780.0,-10.0,-0.1,0.2926,0.19260000000000002,760.0,10.0,0.09177875849994963,0.2464,0.3381787584999496
85.30910628,770.0,0.55,780.0,-10.0,-0.1,0.2926,0.19260000000000002,760.0,10.0,0.09244771064997168,0.2464,0.33884771064997166
85.322818114,770.0,0.55,760.0,10.0,0.09062422510000033,0.2926,0.38322422510000037,780.0,-10.0,-0.09817649980002444,0.2464,0.14822350019997557
85.336276782,770.0,0.55,780.0,-10.0,-0.1,0.2926,0.19260000000000002,760.0,10.0,0.09248438779997287,0.2464,0.3388843877999729
85.35026745,770.0,0.55,760.0,10.0,0.09070401049999874,0.2926,0.38330401049999874,780.0,-10.0,-0.0982196226500264,0.2464,0.1481803773499736
85.365603869,770.0,0.55,760.0,10.0,0.09137965640001312,0.2926,0.38397965640001314,780.0,-10.0,-0.09889526855001804,0.2464,0.14750473144998197
85.379456287,770.0,0.55,780.0,-10.0,-0.09941514989998268,0.2926,0.19318485010001735,760.0,10.0,0.09189950864998991,0.2464,0.3382995086499899
85.397758372,770.0,0.55,780.0,-10.0,-0.1,0.2926,0.19260000000000002,780.0,-10.0,-0.09900484770000731,0.2464,0.1473951522999927
85.410919832,770.0,0.55,780.0,-10.0,-0.1,0.2926,0.19260000000000002,760.0,10.0,0.09172259819998999,0.2464,0.33812259819999
85.425035625,770.0,0.55,760.0,10.0,0.09064954174999912,0.2926,0.38324954174999915,780.0,-10.0,-0.09892701645001126,0.2464,0.14747298354998875
85.440990668,770.0,0.55,780.0,-10.0,-0.1,0.2926,0.19260000000000002,780.0,-10.0,-0.09972459360001266,0.2464,0.14667540639998733
85.454170794,770.0,0.55,780.0,-10.0,-0.1,0.2926,0.19260000000000002,780.0,-10.0,-0.1,0.2464,0.1464
85.467665921,770.0,0.55,760.0,10.0,0.09070542505000048,0.2926,0.38330542505000054,780.0,-10.0,-0.1,0.2464,0.1464
85.482731964,770.0,0.55,780.0,-10.0,-0.09996303129998978,0.2926,0.19263696870001024,760.0,10.0,0.09066848550000031,0.2464,0.33706848550000035
85.497740257,770.0,0.55,780.0,-10.0,-0.1,0.2926,0.19260000000000002,780.0,-10.0,-0.1,0.2464,0.1464
85.50865355,770.0,0.55,760.0,10.0,0.09065231255000526,0.2926,0.3832523125500053,780.0,-10.0,-0.1,0.2464,0.1464
85.522651801,770.0,0.55,780.0,-10.0,-0.09993966874999387,0.2926,0.19266033125000614,760.0,10.0,0.09059196670001711,0.2464,0.33699196670001713
85.538417844,770.0,0.55,780.0,-10.0,-0.1,0.2926,0.19260000000000002,780.0,-10.0,-0.1,0.2464,0.1464
85.550438596,770.0,0.55,760.0,10.0,0.09081701675001114,0.2926,0.38341701675001116,780.0,-10.0,-0.1,0.2464,0.1464
85.56359393,770.0,0.55,780.0,-10.0,-0.09984197499998118,0.2926,0.19275802500001885,780.0,-10.0,-0.1,0.2464,0.1464
85.599653851,770.0,0.55,780.0,-10.0,-0.1,0.2926,0.19260000000000002,760.0,10.0,0.09167493975000071,0.2464,0.3380749397500007
85.623825145,770.0,0.55,760.0,10.0,0.09118050640001002,0.2926,0.38378050640001005,760.0,10.0,0.09285544615001072,0.2464,0.33925544615001074
85.636780396,770.0,0.55,780.0,-10.0,-0.09951752489998852,0.2926,0.1930824751000115,780.0,-10.0,-0.09784259974999258,0.2464,0.1485574002500074
85.649876522,770.0,0.55,760.0,10.0,0.09114153975000591,0.2926,0.3837415397500059,760.0,10.0,0.09281647950000661,0.2464,0.3392164795000066
85.662865899,770.0,0.55,760.0,10.0,0.09176418979999654,0.2926,0.38436418979999654,780.0,-10.0,-0.09780615594997925,0.2464,0.14859384405002074
85.67700065,770.0,0.55,780.0,-10.0,-0.09893174155001816,0.2926,0.19366825844998187,760.0,10.0,0.09288974620002591,0.2464,0.33928974620002594
85.691429401,770.0,0.55,760.0,10.0,0.09175832724996781,0.2926,0.3843583272499678,760.0,10.0,0.09357985880002616,0.2464,0.3399798588000262
85.70745532,770.0,0.55,780.0,-10.0,-0.09900457075004851,0.2926,0.19359542924995152,780.0,-10.0,-0.0971829516499838,0.2464,0.1492170483500162
85.721822529,770.0,0.55,780.0,-10.0,-0.09977290830004222,0.2926,0.19282709169995782,760.0,10.0,0.0935854443000062,0.2464,0.3399854443000062
85.735961364,770.0,0.55,780.0,-10.0,-0.1,0.2926,0.19260000000000002,780.0,-10.0,-0.0971573140999908,0.2464,0.14924268590000922
85.747744699,770.0,0.55,780.0,-10.0,-0.1,0.2926,0.19260000000000002,760.0,10.0,0.0935073943000043,0.2464,0.33990739430000433
85.759804825,770.0,0.55,780.0,-10.0,-0.1,0.2926,0.19260000000000002,760.0,10.0,0.0941166422500055,0.2464,0.3405166422500055
85.77219191,770.0,0.55,760.0,10.0,0.09054872714999875,0.2926,0.38314872714999876,780.0,-10.0,-0.0964320703500107,0.2464,0.1499679296499893
85.785402078,770.0,0.55,780.0,-10.0,-0.1,0.2926,0.19260000000000002,760.0,10.0,0.09423712969998178,0.2464,0.3406371296999818
85.798056037,770.0,0.55,760.0,10.0,0.09061820215000807,0.2926,0.3832182021500081,780.0,-10.0,-0.09638104325001677,0.2464,0.15001895674998322
85.811058247,770.0,0.55,760.0,10.0,0.09128709595001055,0.2926,0.3838870959500106,780.0,-10.0,-0.09704992250001396,0.2464,0.14935007749998605
85.823316415,770.0,0.55,780.0,-10.0,-0.09932293954998386,0.2926,0.19327706045001616,760.0,10.0,0.0935601421499905,0.2464,0.3399601421499905
85.839617375,770.0,0.55,760.0,10.0,0.09149194805001117,0.2926,0.3840919480500112,780.0,-10.0,-0.09725471625001773,0.2464,0.14914528374998226
85.852760168,770.0,0.55,780.0,-10.0,-0.09916091864999999,0.2926,0.19343908135000004,780.0,-10.0,-0.09790758300000561,0.2464,0.14849241699999438
85.870527919,770.0,0.55,760.0,10.0,0.09152723974999845,0.2926,0.38412723974999846,780.0,-10.0,-0.09859574140000404,0.2464,0.14780425859999596
85.885054088,770.0,0.55,760.0,10.0,0.09241252109999551,0.2926,0.3850125210999955,780.0,-10.0,-0.09948097900000903,0.2464,0.146919020999991
85.903058964,770.0,0.55,780.0,-10.0,-0.09852960610000991,0.2926,0.19407039389999012,760.0,10.0,0.091461191899989,0.2464,0.337861191899989
85.916793549,770.0,0.55,780.0,-10.0,-0.09919527700001254,0.2926,0.19340472299998748,780.0,-10.0,-0.09920447900001364,0.2464,0.14719552099998637
85.932758801,770.0,0.55,780.0,-10.0,-0.09997300625000208,0.2926,0.19262699374999795,760.0,10.0,0.09157319194997854,0.2464,0.33797319194997855
85.951821553,770.0,0.55,780.0,-10.0,-0.1,0.2926,0.19260000000000002,780.0,-10.0,-0.0993782685500264,0.2464,0.1470217314499736
85.964992346,770.0,0.55,780.0,-10.0,-0.1,0.2926,0.19260000000000002,760.0,10.0,0.09138290859997597,0.2464,0.33778290859997595
85.977998347,770.0,0.55,780.0,-10.0,-0.1,0.2926,0.19260000000000002,780.0,-10.0,-0.0992674206500169,0.2464,0.1471325793499831
85.991201223,770.0,0.55,780.0,-10.0,-0.1,0.2926,0.19260000000000002,780.0,-10.0,-0.09993091860001187,0.2464,0.14646908139998815
86.005259266,770.0,0.55,760.0,10.0,0.0905781125500107,0.2926,0.3831781125500107,760.0,10.0,0.0906472085500036,0.2464,0.3370472085500036
86.019392851,770.0,0.55,780.0,-10.0,-0.1,0.2926,0.19260000000000002,780.0,-10.0,-0.1,0.2464,0.1464
86.028996269,770.0,0.55,780.0,-10.0,-0.1,0.2926,0.19260000000000002,780.0,-10.0,-0.1,0.2464,0.1464
86.04182027,770.0,0.55,760.0,10.0,0.09047772089999398,0.2926,0.38307772089999403,760.0,10.0,0.09047772089999398,0.2464,0.336877720899994
86.055162563,770.0,0.55,780.0,-10.0,-0.1,0.2926,0.19260000000000002,780.0,-10.0,-0.1,0.2464,0.1464
86.07206669,770.0,0.55,780.0,-10.0,-0.1,0.2926,0.19260000000000002,760.0,10.0,0.0909199313000181,0.2464,0.33731993130001814
86.11091786,770.0,0.55,760.0,10.0,0.09186595224997746,0.2926,0.3844659522499775,760.0,10.0,0.09278581065001618,0.2464,0.3391858106500162
86.138178488,770.0,0.55,780.0,-10.0,-0.09940625415003979,0.2926,0.19319374584996024,760.0,10.0,0.0940580899500128,0.2464,0.3404580899500128
86.154203531,770.0,0.55,760.0,10.0,0.09145432299996173,0.2926,0.3840543229999618,760.0,10.0,0.09491866715001379,0.2464,0.3413186671500138
86.169858741,770.0,0.55,780.0,-10.0,-0.09936317500003042,0.2926,0.1932368249999696,780.0,-10.0,-0.09589883084997837,0.2464,0.15050116915002165
86.188433535,770.0,0.55,760.0,10.0,0.09155817094996564,0.2926,0.3841581709499657,780.0,-10.0,-0.09682019134997973,0.2464,0.1495798086500203
86.205518495,770.0,0.55,780.0,-10.0,-0.0993028145500375,0.2926,0.19329718544996252,780.0,-10.0,-0.09768117684998287,0.2464,0.14871882315001714
86.225220288,770.0,0.55,780.0,-10.0,-0.1,0.2926,0.19260000000000002,760.0,10.0,0.0931012190500178,0.2464,0.3395012190500178
86.238761206,770.0,0.55,780.0,-10.0,-0.1,0.2926,0.19260000000000002,780.0,-10.0,-0.09786004149998462,0.2464,0.1485399585000154
86.252850749,770.0,0.55,780.0,-10.0,-0.1,0.2926,0.19260000000000002,780.0,-10.0,-0.09857519364998098,0.2464,0.14782480635001904
86.266132376,770.0,0.55,760.0,10.0,0.09059348340000725,0.2926,0.38319348340000725,780.0,-10.0,-0.0991686478499787,0.2464,0.1472313521500213
86.27900421,770.0,0.55,780.0,-10.0,-0.1,0.2926,0.19260000000000002,780.0,-10.0,-0.09978127914998822,0.2464,0.1466187208500118
86.290829837,770.0,0.55,780.0,-10.0,-0.1,0.2926,0.19260000000000002,760.0,10.0,0.09090094385000157,0.2464,0.3373009438500016
86.307269338,770.0,0.55,780.0,-10.0,-0.1,0.2926,0.19260000000000002,780.0,-10.0,-0.09992273749999185,0.2464,0.14647726250000814
86.321218006,770.0,0.55,780.0,-10.0,-0.1,0.2926,0.19260000000000002,780.0,-10.0,-0.1,0.2464,0.1464
86.334185799,770.0,0.55,760.0,10.0,0.0906743917499989,0.2926,0.38327439174999894,780.0,-10.0,-0.1,0.2464,0.1464
86.347882759,770.0,0.55,780.0,-10.0,-0.1,0.2926,0.19260000000000002,780.0,-10.0,-0.1,0.2464,0.1464
86.359120677,770.0,0.55,780.0,-10.0,-0.1,0.2926,0.19260000000000002,780.0,-10.0,-0.1,0.2464,0.1464
86.379368471,770.0,0.55,760.0,10.0,0.09069126465000409,0.2926,0.3832912646500041,760.0,10.0,0.09069127925000885,0.2464,0.33709127925000887
86.395974514,770.0,0.55,780.0,-10.0,-0.1,0.2926,0.19260000000000002,760.0,10.0,0.09159264600001735,0.2464,0.3379926460000173
86.421439058,770.0,0.55,780.0,-10.0,-0.1,0.2926,0.19260000000000002,780.0,-10.0,-0.0996398644999772,0.2464,0.14676013550002281
86.442605602,770.0,0.55,760.0,10.0,0.09116866470000332,0.2926,0.38376866470000337,800.0,-30.0,-0.29,0.2464,-0.04359999999999997
# 86.455 Shooter Ready
86.458411895,770.0,0.55,760.0,10.0,0.09196577520000573,0.2926,0.3845657752000058,780.0,-10.0,-0.1,0.2464,0.1464
86.472542855,770.0,0.55,760.0,10.0,0.09267577945000995,0.2926,0.38527577945000996,760.0,10.0,0.09071004799999628,0.2464,0.3371100479999963
86.487489023,770.0,0.55,760.0,10.0,0.09334786700000222,0.2926,0.3859478670000023,760.0,10.0,0.091382121000006,0.2464,0.33778212100000604
86.500238358,770.0,0.55,760.0,10.0,0.0940804900000012,0.2926,0.3866804900000012,760.0,10.0,0.09211475855001026,0.2464,0.3385147585500103
86.512683484,770.0,0.55,780.0,-10.0,-0.09653322050000952,0.2926,0.19606677949999052,760.0,10.0,0.09272846904999824,0.2464,0.33912846904999827
86.526868402,770.0,0.55,760.0,10.0,0.0941120336999711,0.2926,0.38671203369997115,760.0,10.0,0.09337369409999155,0.2464,0.3397736940999916
86.539346195,770.0,0.55,780.0,-10.0,-0.09656060805004926,0.2926,0.19603939194995076,760.0,10.0,0.09404635044999396,0.2464,0.34044635044999394
86.552667488,770.0,0.55,780.0,-10.0,-0.09724224770004639,0.2926,0.19535775229995364,780.0,-10.0,-0.09663526000001639,0.2464,0.14976473999998363
86.566091739,770.0,0.55,760.0,10.0,0.09340813984994384,0.2926,0.38600813984994387,760.0,10.0,0.09401514214997861,0.2464,0.3404151421499786
86.581565533,770.0,0.55,780.0,-10.0,-0.09738059985006657,0.2926,0.19521940014993344,760.0,10.0,0.09480388184998902,0.2464,0.341203881849989
86.613260661,770.0,0.55,760.0,10.0,0.09421971694993317,0.2926,0.3868197169499332,760.0,10.0,0.09640418404998399,0.2464,0.34280418404998403
86.625507745,770.0,0.55,780.0,-10.0,-0.09638171435005916,0.2926,0.19621828564994087,780.0,-10.0,-0.09419727645001785,0.2464,0.15220272354998216
86.648289831,770.0,0.55,780.0,-10.0,-0.09738934990004963,0.2926,0.1952106500999504,760.0,10.0,0.09681035904997316,0.2464,0.34321035904997316
86.663185832,770.0,0.55,780.0,-10.0,-0.09824110415006544,0.2926,0.1943588958499346,760.0,10.0,0.09766208414997891,0.2464,0.3440620841499789
86.677696542,770.0,0.55,780.0,-10.0,-0.09893395835006231,0.2926,0.19366604164993773,760.0,10.0,0.09835489464998318,0.2464,0.3447548946499832
86.69404971,770.0,0.55,760.0,10.0,0.09187521259992991,0.2926,0.38447521259992995,780.0,-10.0,-0.09245432000000164,0.2464,0.15394567999999836
86.709429587,770.0,0.55,780.0,-10.0,-0.09895023330007006,0.2926,0.19364976669992995,780.0,-10.0,-0.09327964925000742,0.2464,0.15312035074999258
86.727371464,770.0,0.55,780.0,-10.0,-0.09967903545007176,0.2926,0.19292096454992827,760.0,10.0,0.09744928414999322,0.2464,0.3438492841499932
86.741327424,770.0,0.55,780.0,-10.0,-0.1,0.2926,0.19260000000000002,760.0,10.0,0.09831486340000538,0.2464,0.3447148634000054
86.755455758,770.0,0.55,760.0,10.0,0.09068931045000227,0.2926,0.3832893104500023,780.0,-10.0,-0.09237446169997839,0.2464,0.15402553830002164
86.769227676,770.0,0.55,760.0,10.0,0.09138551884999743,0.2926,0.38398551884999743,780.0,-10.0,-0.09307065549999152,0.2464,0.15332934450000849
86.783350761,770.0,0.55,780.0,-10.0,-0.0993381354000121,0.2926,0.19326186459998793,780.0,-10.0,-0.09379430974997831,0.2464,0.15260569025002169
86.796636471,770.0,0.55,760.0,10.0,0.09130590839999059,0.2926,0.3839059083999906,760.0,10.0,0.09684973405002438,0.2464,0.3432497340500244
86.811488722,770.0,0.55,780.0,-10.0,-0.09943889169999238,0.2926,0.19316110830000766,760.0,10.0,0.09759453415003008,0.2464,0.3439945341500301
86.82529389,770.0,0.55,780.0,-10.0,-0.1,0.2926,0.19260000000000002,780.0,-10.0,-0.09310927214996809,0.2464,0.15329072785003192
86.839808392,770.0,0.55,760.0,10.0,0.09072199169999294,0.2926,0.383321991699993,780.0,-10.0,-0.09383124929997848,0.2464,0.15256875070002152
86.855486643,770.0,0.55,780.0,-10.0,-0.1,0.2926,0.19260000000000002,780.0,-10.0,-0.0946197847999656,0.2464,0.1517802152000344
86.868352936,770.0,0.55,780.0,-10.0,-0.1,0.2926,0.19260000000000002,760.0,10.0,0.09608666110003924,0.2464,0.3424866611000392
86.882722188,770.0,0.55,760.0,10.0,0.09056431675000112,0.2926,0.3831643167500012,760.0,10.0,0.09665096325003561,0.2464,0.3430509632500356
86.896907981,770.0,0.55,780.0,-10.0,-0.1,0.2926,0.19260000000000002,780.0,-10.0,-0.09415300139996816,0.2464,0.15224699860003185
86.912457316,770.0,0.55,780.0,-10.0,-0.1,0.2926,0.19260000000000002,760.0,10.0,0.09667339245003405,0.2464,0.34307339245003404
86.924794234,770.0,0.55,780.0,-10.0,-0.1,0.2926,0.19260000000000002,780.0,-10.0,-0.09394743469995319,0.2464,0.1524525653000468
86.937943735,770.0,0.55,780.0,-10.0,-0.1,0.2926,0.19260000000000002,760.0,10.0,0.0967121695000651,0.2464,0.3431121695000651
86.950923486,770.0,0.55,780.0,-10.0,-0.1,0.2926,0.19260000000000002,760.0,10.0,0.09734772585005885,0.2464,0.34374772585005886
86.964832196,770.0,0.55,760.0,10.0,0.09057973134998974,0.2926,0.3831797313499898,780.0,-10.0,-0.09323202004993618,0.2464,0.15316797995006382
86.978603822,770.0,0.55,780.0,-10.0,-0.1,0.2926,0.19260000000000002,760.0,10.0,0.09751057790007508,0.2464,0.34391057790007507
86.991034657,770.0,0.55,760.0,10.0,0.09064095214997905,0.2926,0.3832409521499791,780.0,-10.0,-0.09313037424990397,0.2464,0.15326962575009603
87.004608533,770.0,0.55,760.0,10.0,0.09129409599999236,0.2926,0.38389409599999236,780.0,-10.0,-0.09378351809991728,0.2464,0.15261648190008273
87.017672285,770.0,0.55,780.0,-10.0,-0.09937195405000239,0.2926,0.19322804594999765,760.0,10.0,0.09688253195007747,0.2464,0.34328253195007746
87.030371161,770.0,0.55,760.0,10.0,0.09128445645000284,0.2926,0.38388445645000285,780.0,-10.0,-0.09377387854992776,0.2464,0.15262612145007226
87.042792954,770.0,0.55,780.0,-10.0,-0.09933384774999468,0.2926,0.19326615225000535,780.0,-10.0,-0.09439218274992527,0.2464,0.15200781725007473
87.058149497,770.0,0.55,760.0,10.0,0.09139227110000775,0.2926,0.3839922711000078,780.0,-10.0,-0.0951182140999208,0.2464,0.1512817859000792
87.072768707,770.0,0.55,760.0,10.0,0.0921383399000115,0.2926,0.3847383399000115,780.0,-10.0,-0.09586428289992455,0.2464,0.15053571710007546
87.09048425,770.0,0.55,780.0,-10.0,-0.09874907059997895,0.2926,0.19385092940002108,760.0,10.0,0.0950231276000659,0.2464,0.3414231276000659
87.128569212,770.0,0.55,780.0,-10.0,-0.1,0.2926,0.19260000000000002,780.0,-10.0,-0.09687046009994446,0.2464,0.14952953990005555
87.152527298,770.0,0.55,760.0,10.0,0.09114639594999062,0.2926,0.38374639594999066,760.0,10.0,0.09427597960006097,0.2464,0.34067597960006096
87.166664675,770.0,0.55,780.0,-10.0,-0.09960441250002532,0.2926,0.1929955874999747,780.0,-10.0,-0.09647484339993753,0.2464,0.14992515660006248
87.180540426,770.0,0.55,780.0,-10.0,-0.1,0.2926,0.19260000000000002,780.0,-10.0,-0.09720088929993835,0.2464,0.14919911070006164
87.195740636,770.0,0.55,760.0,10.0,0.09066969590000099,0.2926,0.38326969590000104,760.0,10.0,0.09346879200005788,0.2464,0.3398687920000579
87.211934846,770.0,0.55,780.0,-10.0,-0.1,0.2926,0.19260000000000002,780.0,-10.0,-0.09743253104993528,0.2464,0.14896746895006474
87.225879139,770.0,0.55,760.0,10.0,0.09064838959999634,0.2926,0.38324838959999635,760.0,10.0,0.09321585855006106,0.2464,0.33961585855006104
87.240881307,770.0,0.55,780.0,-10.0,-0.1,0.2926,0.19260000000000002,780.0,-10.0,-0.09750134989994877,0.2464,0.14889865010005124
87.252743683,770.0,0.55,780.0,-10.0,-0.1,0.2926,0.19260000000000002,780.0,-10.0,-0.09824082704994908,0.2464,0.14815917295005093
87.26612681,770.0,0.55,760.0,10.0,0.09059874794999359,0.2926,0.38319874794999365,760.0,10.0,0.09235792090004452,0.2464,0.33875792090004453
87.278593811,770.0,0.55,780.0,-10.0,-0.1,0.2926,0.19260000000000002,780.0,-10.0,-0.0982663187499611,0.2464,0.1481336812500389
87.29047777,770.0,0.55,780.0,-10.0,-0.1,0.2926,0.19260000000000002,760.0,10.0,0.09239579385004162,0.2464,0.33879579385004166
87.301531647,770.0,0.55,780.0,-10.0,-0.1,0.2926,0.19260000000000002,760.0,10.0,0.09295198765004443,0.2464,0.33935198765004443
87.313574273,770.0,0.55,780.0,-10.0,-0.1,0.2926,0.19260000000000002,780.0,-10.0,-0.0976515290499492,0.2464,0.1487484709500508
87.327497274,770.0,0.55,780.0,-10.0,-0.1,0.2926,0.19260000000000002,760.0,10.0,0.09301345645004858,0.2464,0.3394134564500486
87.339702359,770.0,0.55,780.0,-10.0,-0.1,0.2926,0.19260000000000002,780.0,-10.0,-0.09762780194994321,0.2464,0.14877219805005681
87.352442943,770.0,0.55,760.0,10.0,0.09057484589999604,0.2926,0.38317484589999606,780.0,-10.0,-0.09820267699994929,0.2464,0.14819732300005073
87.366376153,770.0,0.55,780.0,-10.0,-0.1,0.2926,0.19260000000000002,760.0,10.0,0.0924885876500548,0.2464,0.3388885876500548
87.379227571,770.0,0.55,760.0,10.0,0.09063112299999375,0.2926,0.3832311229999938,780.0,-10.0,-0.09814253534993896,0.2464,0.14825746465006107
87.394931781,770.0,0.55,760.0,10.0,0.09129295844999433,0.2926,0.3838929584499944,760.0,10.0,0.09251930010006162,0.2464,0.33891930010006166
87.408281074,770.0,0.55,780.0,-10.0,-0.09949579580002137,0.2926,0.19310420419997865,780.0,-10.0,-0.09826943959994879,0.2464,0.14813056040005124
87.425978534,770.0,0.55,780.0,-10.0,-0.1,0.2926,0.19260000000000002,760.0,10.0,0.09261051880004288,0.2464,0.3390105188000429
87.438051494,770.0,0.55,780.0,-10.0,-0.1,0.2926,0.19260000000000002,780.0,-10.0,-0.09807087294996109,0.2464,0.14832912705003892
87.450711578,770.0,0.55,780.0,-10.0,-0.1,0.2926,0.19260000000000002,780.0,-10.0,-0.09870078549995469,0.2464,0.1476992145000453
87.463845329,770.0,0.55,760.0,10.0,0.09059801879999668,0.2926,0.3831980187999967,760.0,10.0,0.0918971604000626,0.2464,0.33829716040006264
87.476843747,770.0,0.55,780.0,-10.0,-0.1,0.2926,0.19260000000000002,780.0,-10.0,-0.09875645004992747,0.2464,0.14764354995007253
87.489275457,770.0,0.55,780.0,-10.0,-0.1,0.2926,0.19260000000000002,760.0,10.0,0.09192517505006435,0.2464,0.3383251750500644
87.502452375,770.0,0.55,760.0,10.0,0.09060681259999456,0.2926,0.38320681259999456,760.0,10.0,0.09253198760008217,0.2464,0.3389319876000822
87.51477646,770.0,0.55,780.0,-10.0,-0.1,0.2926,0.19260000000000002,780.0,-10.0,-0.09808124164990203,0.2464,0.14831875835009797
87.529163794,770.0,0.55,760.0,10.0,0.09067636050000602,0.2926,0.383276360500006,760.0,10.0,0.09259508965009446,0.2464,0.33899508965009445
87.541205546,770.0,0.55,760.0,10.0,0.09133170640001481,0.2926,0.38393170640001484,760.0,10.0,0.09325043555010325,0.2464,0.33965043555010327
87.554292047,770.0,0.55,780.0,-10.0,-0.0993051915499791,0.2926,0.19329480845002092,780.0,-10.0,-0.09738649159990018,0.2464,0.14901350840009983
87.568086132,770.0,0.55,760.0,10.0,0.09138693355002034,0.2926,0.38398693355002034,760.0,10.0,0.09330551680010558,0.2464,0.3397055168001056
87.581379133,770.0,0.55,780.0,-10.0,-0.0992842643999893,0.2926,0.19331573560001072,760.0,10.0,0.09397681685010412,0.2464,0.3403768168501041
87.595960718,770.0,0.55,780.0,-10.0,-0.1,0.2926,0.19260000000000002,760.0,10.0,0.09469758360009109,0.2464,0.3410975836000911
87.627905221,770.0,0.55,780.0,-10.0,-0.1,0.2926,0.19260000000000002,780.0,-10.0,-0.09696509154991872,0.2464,0.14943490845008128
87.639125055,770.0,0.55,780.0,-10.0,-0.1,0.2926,0.19260000000000002,760.0,10.0,0.0935942814500686,0.2464,0.3399942814500686
87.659187932,770.0,0.55,780.0,-10.0,-0.1,0.2926,0.19260000000000002,780.0,-10.0,-0.09735049989994878,0.2464,0.14904950010005125
87.672744892,770.0,0.55,780.0,-10.0,-0.1,0.2926,0.19260000000000002,780.0,-10.0,-0.09808408539993252,0.2464,0.1483159146000675
87.688466894,770.0,0.55,760.0,10.0,0.09072670215001835,0.2926,0.3833267021500184,780.0,-10.0,-0.09881078754992814,0.2464,0.14758921245007187
87.703355895,770.0,0.55,780.0,-10.0,-0.1,0.2926,0.19260000000000002,760.0,10.0,0.09194225210009335,0.2464,0.3383422521000934
87.720951855,770.0,0.55,760.0,10.0,0.09087679384998865,0.2926,0.3834767938499887,760.0,10.0,0.09281903135007724,0.2464,0.33921903135007725
87.73436444,770.0,0.55,780.0,-10.0,-0.09973586660000819,0.2926,0.19286413339999184,780.0,-10.0,-0.09779361454993704,0.2464,0.14860638545006297
87.756110234,770.0,0.55,760.0,10.0,0.09129987099999198,0.2926,0.383899870999992,800.0,-30.0,-0.29,0.2464,-0.04359999999999997
# 87.771 Shooter Ready
87.773856111,770.0,0.55,780.0,-10.0,-0.0996997145500245,0.2926,0.1929002854499755,780.0,-10.0,-0.1,0.2464,0.1464
87.786249029,770.0,0.55,780.0,-10.0,-0.1,0.2926,0.19260000000000002,760.0,10.0,0.09060714794999512,0.2464,0.33700714794999515
87.797301446,770.0,0.55,780.0,-10.0,-0.1,0.2926,0.19260000000000002,760.0,10.0,0.09122409595001045,0.2464,0.33762409595001047
87.816643032,770.0,0.55,760.0,10.0,0.09088376470000639,0.2926,0.38348376470000645,760.0,10.0,0.09210784605001208,0.2464,0.3385078460500121
87.829568825,770.0,0.55,780.0,-10.0,-0.09978887704999125,0.2926,0.1928111229500088,780.0,-10.0,-0.09856479564998608,0.2464,0.14783520435001393
87.847485326,770.0,0.55,760.0,10.0,0.09109474175001196,0.2926,0.383694741750012,760.0,10.0,0.09231880860001183,0.2464,0.33871880860001186
87.861409786,770.0,0.55,780.0,-10.0,-0.0996160937500008,0.2926,0.19298390624999923,760.0,10.0,0.09302964410000186,0.2464,0.33942964410000187
87.880086371,770.0,0.55,760.0,10.0,0.0913061271999959,0.2926,0.38390612719999595,760.0,10.0,0.09394972130000043,0.2464,0.3403497213000004
87.896078748,770.0,0.55,780.0,-10.0,-0.09937297495000622,0.2926,0.1932270250499938,760.0,10.0,0.0946309525999959,0.2464,0.34103095259999594
87.915417125,770.0,0.55,760.0,10.0,0.09170474804997411,0.2926,0.38430474804997417,760.0,10.0,0.09570871935001378,0.2464,0.3421087193500138
87.933055085,770.0,0.55,780.0,-10.0,-0.09917659580003146,0.2926,0.19342340419996856,780.0,-10.0,-0.09517260994998651,0.2464,0.1512273900500135
87.953684962,770.0,0.55,760.0,10.0,0.09184108764997291,0.2926,0.3844410876499729,760.0,10.0,0.09584507344999565,0.2464,0.34224507344999566
87.968937964,770.0,0.55,780.0,-10.0,-0.09891975410002943,0.2926,0.1936802458999706,760.0,10.0,0.09660591519999798,0.2464,0.343005915199998
87.987179382,770.0,0.55,780.0,-10.0,-0.09984210625002561,0.2926,0.19275789374997443,780.0,-10.0,-0.09431645155000297,0.2464,0.15208354844999705
88.000655842,770.0,0.55,780.0,-10.0,-0.1,0.2926,0.19260000000000002,780.0,-10.0,-0.09501286414999868,0.2464,0.15138713585000133
88.019381427,770.0,0.55,760.0,10.0,0.09091772929999933,0.2926,0.3835177292999994,780.0,-10.0,-0.09593054965000647,0.2464,0.15046945034999354
88.03348322,770.0,0.55,780.0,-10.0,-0.09979403950001142,0.2926,0.1928059604999886,760.0,10.0,0.09478124834999108,0.2464,0.3411812483499911
88.051757597,770.0,0.55,760.0,10.0,0.09112202724999406,0.2926,0.3837220272499941,760.0,10.0,0.09569731509999656,0.2464,0.3420973150999966
88.064860723,770.0,0.55,760.0,10.0,0.09178053774998261,0.2926,0.38438053774998265,780.0,-10.0,-0.09496119540001473,0.2464,0.15143880459998527
88.082519975,770.0,0.55,760.0,10.0,0.09265260659998603,0.2926,0.38525260659998606,780.0,-10.0,-0.0958332788000007,0.2464,0.1505667211999993
88.09628606,770.0,0.55,780.0,-10.0,-0.09802782260001094,0.2926,0.19457217739998908,760.0,10.0,0.09484715044999575,0.2464,0.34124715044999576
88.126202313,770.0,0.55,780.0,-10.0,-0.09954306025001643,0.2926,0.1930569397499836,780.0,-10.0,-0.09666808720000972,0.2464,0.1497319127999903
88.165057275,770.0,0.55,780.0,-10.0,-0.1,0.2926,0.19260000000000002,780.0,-10.0,-0.09852457485001195,0.2464,0.14787542514998805
88.18451961,770.0,0.55,760.0,10.0,0.09105233345000216,0.2926,0.38365233345000216,760.0,10.0,0.0925277585999902,0.2464,0.3389277585999902
88.199558528,770.0,0.55,780.0,-10.0,-0.09969869369999743,0.2926,0.1929013063000026,780.0,-10.0,-0.09822326855000937,0.2464,0.14817673144999063
88.220640197,770.0,0.55,760.0,10.0,0.09132431264999014,0.2926,0.38392431264999016,780.0,-10.0,-0.09924623115000486,0.2464,0.14715376884999515
88.237566782,770.0,0.55,760.0,10.0,0.0921268919000022,0.2926,0.3847268919000022,760.0,10.0,0.09155639184999928,0.2464,0.33795639184999926
88.26021966,770.0,0.55,780.0,-10.0,-0.0989532373999964,0.2926,0.19364676260000363,760.0,10.0,0.09263647740000579,0.2464,0.3390364774000058
88.275727869,770.0,0.55,760.0,10.0,0.09193599599999744,0.2926,0.38453599599999744,780.0,-10.0,-0.09825282894998963,0.2464,0.14814717105001038
88.297323163,770.0,0.55,780.0,-10.0,-0.09913668120000238,0.2926,0.19346331879999765,780.0,-10.0,-0.09932549154998468,0.2464,0.14707450845001532
88.312754956,770.0,0.55,760.0,10.0,0.09164960844999769,0.2926,0.3842496084499977,760.0,10.0,0.09146079810001538,0.2464,0.3378607981000154
88.332998375,770.0,0.55,780.0,-10.0,-0.09936623749999854,0.2926,0.1932337625000015,760.0,10.0,0.0924766440500116,0.2464,0.3388766440500116
88.348348793,770.0,0.55,760.0,10.0,0.09138146465001228,0.2926,0.3839814646500123,760.0,10.0,0.09322434620002241,0.2464,0.3396243462000224
88.369031462,770.0,0.55,780.0,-10.0,-0.09965851669996936,0.2926,0.19294148330003066,780.0,-10.0,-0.09781560599997192,0.2464,0.1485843940000281
88.38475988,770.0,0.55,780.0,-10.0,-0.1,0.2926,0.19260000000000002,760.0,10.0,0.09298450865002451,0.2464,0.3393845086500245
88.407105341,770.0,0.55,780.0,-10.0,-0.1,0.2926,0.19260000000000002,780.0,-10.0,-0.09804080184997019,0.2464,0.14835919815002982
88.421280342,770.0,0.55,780.0,-10.0,-0.1,0.2926,0.19260000000000002,780.0,-10.0,-0.09891026029997647,0.2464,0.14748973970002355
88.44491847,770.0,0.55,780.0,-10.0,-0.1,0.2926,0.19260000000000002,760.0,10.0,0.09226811690001796,0.2464,0.33866811690001797
88.460096513,770.0,0.55,780.0,-10.0,-0.1,0.2926,0.19260000000000002,760.0,10.0,0.09298414405001496,0.2464,0.33938414405001494
88.47580364,770.0,0.55,780.0,-10.0,-0.1,0.2926,0.19260000000000002,780.0,-10.0,-0.09784267269999418,0.2464,0.14855732730000581
88.489694849,770.0,0.55,780.0,-10.0,-0.1,0.2926,0.19260000000000002,780.0,-10.0,-0.09854388319999999,0.2464,0.14785611680000002
88.506391893,770.0,0.55,760.0,10.0,0.09074547089998306,0.2926,0.38334547089998305,780.0,-10.0,-0.09928935410000576,0.2464,0.14711064589999423
88.520412602,770.0,0.55,780.0,-10.0,-0.09997743960002481,0.2926,0.19262256039997522,760.0,10.0,0.09143360014999416,0.2464,0.3378336001499942
88.534945479,770.0,0.55,760.0,10.0,0.09076193544998659,0.2926,0.38336193544998665,760.0,10.0,0.09217300434999288,0.2464,0.3385730043499929
88.548953647,770.0,0.55,780.0,-10.0,-0.09992781255000409,0.2926,0.19267218744999592,780.0,-10.0,-0.09851668530000098,0.2464,0.14788331469999905
88.56386569,770.0,0.55,780.0,-10.0,-0.1,0.2926,0.19260000000000002,780.0,-10.0,-0.09923931875000562,0.2464,0.14716068124999437
88.577387358,770.0,0.55,760.0,10.0,0.09070632925001064,0.2926,0.3833063292500107,780.0,-10.0,-0.09994563339998877,0.2464,0.14645436660001124
88.591394359,770.0,0.55,780.0,-10.0,-0.1,0.2926,0.19260000000000002,780.0,-10.0,-0.1,0.2464,0.1464
88.604871986,770.0,0.55,760.0,10.0,0.09067568965000647,0.2926,0.38327568965000647,760.0,10.0,0.09067570424998848,0.2464,0.3370757042499885
88.631632697,770.0,0.55,760.0,10.0,0.09200258355000643,0.2926,0.3846025835500064,780.0,-10.0,-0.1,0.2464,0.1464
88.657354199,770.0,0.55,780.0,-10.0,-0.09928524155000104,0.2926,0.19331475844999899,760.0,10.0,0.09128781055000218,0.2464,0.3376878105500022
88.676674201,770.0,0.55,780.0,-10.0,-0.1,0.2926,0.19260000000000002,760.0,10.0,0.0921934065000096,0.2464,0.3385934065000096
88.689764786,770.0,0.55,780.0,-10.0,-0.1,0.2926,0.19260000000000002,760.0,10.0,0.09297470865000378,0.2464,0.3393747086500038
88.702513829,770.0,0.55,780.0,-10.0,-0.1,0.2926,0.19260000000000002,780.0,-10.0,-0.09765739140000278,0.2464,0.14874260859999722
88.717555955,770.0,0.55,780.0,-10.0,-0.1,0.2926,0.19260000000000002,780.0,-10.0,-0.0983896352499869,0.2464,0.1480103647500131
88.733086915,770.0,0.55,780.0,-10.0,-0.1,0.2926,0.19260000000000002,780.0,-10.0,-0.0991529561499874,0.2464,0.1472470438500126
88.748608834,770.0,0.55,760.0,10.0,0.09066050840000571,0.2926,0.38326050840000575,760.0,10.0,0.0915076397500252,0.2464,0.3379076397500252
88.764954127,770.0,0.55,780.0,-10.0,-0.1,0.2926,0.19260000000000002,760.0,10.0,0.0922587252500216,0.2464,0.3386587252500216
88.77963867,770.0,0.55,760.0,10.0,0.09089085219999561,0.2926,0.3834908521999956,780.0,-10.0,-0.09863211229996978,0.2464,0.14776788770003024
88.792699505,770.0,0.55,780.0,-10.0,-0.09976743950001037,0.2926,0.19283256049998965,780.0,-10.0,-0.09929041864997998,0.2464,0.14710958135002003
88.808967506,770.0,0.55,760.0,10.0,0.09103658349999023,0.2926,0.38363658349999025,760.0,10.0,0.0915135751500111,0.2464,0.3379135751500111
88.821694966,770.0,0.55,780.0,-10.0,-0.09960111660000166,0.2926,0.19299888339999838,760.0,10.0,0.09215128980003101,0.2464,0.338551289800031
88.835763801,770.0,0.55,760.0,10.0,0.09110999594999157,0.2926,0.3837099959499916,780.0,-10.0,-0.09855985194994901,0.2464,0.147840148050051
88.848837177,770.0,0.55,760.0,10.0,0.09176114185001097,0.2926,0.384361141850011,780.0,-10.0,-0.09921092494996628,0.2464,0.14718907505003373
88.862661303,770.0,0.55,780.0,-10.0,-0.09893128944997898,0.2926,0.19366871055002105,780.0,-10.0,-0.09990341459995307,0.2464,0.14649658540004695
88.875787471,770.0,0.55,760.0,10.0,0.09172983145002946,0.2926,0.38432983145002947,780.0,-10.0,-0.1,0.2464,0.1464
88.889500181,770.0,0.55,780.0,-10.0,-0.09894784154996614,0.2926,0.1936521584500339,760.0,10.0,0.09067765839999084,0.2464,0.3370776583999908
88.902533307,770.0,0.55,780.0,-10.0,-0.09960883119995287,0.2926,0.19299116880004716,760.0,10.0,0.09133866265000506,0.2464,0.3377386626500051
88.918339601,770.0,0.55,780.0,-10.0,-0.1,0.2926,0.19260000000000002,780.0,-10.0,-0.09933622489998015,0.2464,0.14706377510001986
88.93026731,770.0,0.55,780.0,-10.0,-0.1,0.2926,0.19260000000000002,780.0,-10.0,-0.1,0.2464,0.1464
88.946401728,770.0,0.55,760.0,10.0,0.09084441880001123,0.2926,0.38344441880001123,780.0,-10.0,-0.1,0.2464,0.1464
88.959941188,770.0,0.55,780.0,-10.0,-0.09973130209998544,0.2926,0.1928686979000146,760.0,10.0,0.09057573549997869,0.2464,0.3369757354999787
88.976068023,770.0,0.55,760.0,10.0,0.09104470630001288,0.2926,0.3836447063000129,760.0,10.0,0.09135170014998494,0.2464,0.33775170014998496
88.989492274,770.0,0.55,760.0,10.0,0.09175010220002605,0.2926,0.3843501022000261,780.0,-10.0,-0.09935376865000763,0.2464,0.1470462313499924
89.003041067,770.0,0.55,780.0,-10.0,-0.09893258744996274,0.2926,0.19366741255003728,780.0,-10.0,-0.1,0.2464,0.1464
89.014348694,770.0,0.55,760.0,10.0,0.09173098345003382,0.2926,0.38433098345003386,780.0,-10.0,-0.1,0.2464,0.1464
89.028015028,770.0,0.55,780.0,-10.0,-0.09884078539996607,0.2926,0.19375921460003395,760.0,10.0,0.09057178340000518,0.2464,0.3369717834000052
89.040155363,770.0,0.55,780.0,-10.0,-0.09946207919997505,0.2926,0.19313792080002498,760.0,10.0,0.09119307720001416,0.2464,0.3375930772000142
89.053133656,770.0,0.55,760.0,10.0,0.0911921583500225,0.2926,0.38379215835002256,760.0,10.0,0.09184731475001172,0.2464,0.33824731475001174
89.065441699,770.0,0.55,780.0,-10.0,-0.099417308399984,0.2926,0.19318269160001603,780.0,-10.0,-0.09876215199999479,0.2464,0.14763784800000523
89.079330575,770.0,0.55,780.0,-10.0,-0.1,0.2926,0.19260000000000002,780.0,-10.0,-0.0994442145499761,0.2464,0.1469557854500239
89.090256993,770.0,0.55,780.0,-10.0,-0.1,0.2926,0.19260000000000002,780.0,-10.0,-0.1,0.2464,0.1464
89.102355619,770.0,0.55,780.0,-10.0,-0.1,0.2926,0.19260000000000002,760.0,10.0,0.09059650214998329,0.2464,0.3369965021499833
89.114756412,770.0,0.55,780.0,-10.0,-0.1,0.2926,0.19260000000000002,760.0,10.0,0.09121089804999884,0.2464,0.33761089804999883
89.14034754,770.0,0.55,760.0,10.0,0.09123485844999323,0.2926,0.38383485844999327,780.0,-10.0,-0.1,0.2464,0.1464
89.164401875,770.0,0.55,760.0,10.0,0.09252503149999938,0.2926,0.38512503149999944,780.0,-10.0,-0.1,0.2464,0.1464
89.183140586,770.0,0.55,780.0,-10.0,-0.09825220190000436,0.2926,0.19434779809999567,760.0,10.0,0.09077723340000375,0.2464,0.3371772334000038
89.197553587,770.0,0.55,760.0,10.0,0.09252096274998621,0.2926,0.38512096274998625,760.0,10.0,0.09155039805001706,0.2464,0.3379503980500171
89.211748422,770.0,0.55,780.0,-10.0,-0.09816088110001146,0.2926,0.19443911889998855,780.0,-10.0,-0.09913144574998115,0.2464,0.14726855425001886
89.231181882,770.0,0.55,780.0,-10.0,-0.0991365353500214,0.2926,0.19346346464997863,780.0,-10.0,-0.1,0.2464,0.1464
89.245141633,770.0,0.55,780.0,-10.0,-0.09983102290002535,0.2926,0.19276897709997468,760.0,10.0,0.09069454590000078,0.2464,0.33709454590000076
89.261107177,770.0,0.55,780.0,-10.0,-0.1,0.2926,0.19260000000000002,760.0,10.0,0.09146737514999131,0.2464,0.3378673751499913
89.277474928,770.0,0.55,760.0,10.0,0.09077164799999991,0.2926,0.38337164799999995,780.0,-10.0,-0.09930431655002395,0.2464,0.14709568344997606
89.291634763,770.0,0.55,780.0,-10.0,-0.1,0.2926,0.19260000000000002,780.0,-10.0,-0.1,0.2464,0.1464
89.303758473,770.0,0.55,760.0,10.0,0.09070387924999977,0.2926,0.3833038792499998,780.0,-10.0,-0.1,0.2464,0.1464
89.316390557,770.0,0.55,780.0,-10.0,-0.09992388955001844,0.2926,0.1926761104499816,780.0,-10.0,-0.1,0.2464,0.1464
89.329382559,770.0,0.55,780.0,-10.0,-0.1,0.2926,0.19260000000000002,760.0,10.0,0.09055200839999543,0.2464,0.33695200839999545
89.343226227,770.0,0.55,760.0,10.0,0.09069394800000283,0.2926,0.3832939480000028,760.0,10.0,0.09124595634999878,0.2464,0.3376459563499988
89.358320562,770.0,0.55,780.0,-10.0,-0.1,0.2926,0.19260000000000002,780.0,-10.0,-0.09950190624999777,0.2464,0.14689809375000223
89.371220979,770.0,0.55,780.0,-10.0,-0.1,0.2926,0.19260000000000002,780.0,-10.0,-0.1,0.2464,0.1464
89.38147423,770.0,0.55,760.0,10.0,0.0905512938000038,0.2926,0.38315129380000384,780.0,-10.0,-0.1,0.2464,0.1464
89.394610023,770.0,0.55,780.0,-10.0,-0.09999858539999877,0.2926,0.19260141460000124,760.0,10.0,0.0905499084000121,0.2464,0.3369499084000121
89.40739815,770.0,0.55,760.0,10.0,0.09063481259999208,0.2926,0.3832348125999921,760.0,10.0,0.09118330640000295,0.2464,0.33758330640000295
89.424619318,770.0,0.55,760.0,10.0,0.09139435645000958,0.2926,0.3839943564500096,760.0,10.0,0.09194280645000617,0.2464,0.3383428064500062
89.438175986,770.0,0.55,780.0,-10.0,-0.09938149154997973,0.2926,0.1932185084500203,780.0,-10.0,-0.09883304154998314,0.2464,0.14756695845001688
89.456494113,770.0,0.55,780.0,-10.0,-0.1,0.2926,0.19260000000000002,780.0,-10.0,-0.09974066454999501,0.2464,0.14665933545000498
89.469093531,770.0,0.55,780.0,-10.0,-0.1,0.2926,0.19260000000000002,760.0,10.0,0.09096324385001481,0.2464,0.3373632438500148
89.487671241,770.0,0.55,760.0,10.0,0.09079063550001593,0.2926,0.38339063550001595,760.0,10.0,0.09175387935000799,0.2464,0.338153879350008
89.502425784,770.0,0.55,780.0,-10.0,-0.1,0.2926,0.19260000000000002,780.0,-10.0,-0.09904518534999625,0.2464,0.14735481465000377
89.520455453,770.0,0.55,760.0,10.0,0.09092451049999908,0.2926,0.38352451049999914,800.0,-30.0,-0.29,0.2464,-0.04359999999999997
# 89.533 Shooter Ready
89.536573538,770.0,0.55,780.0,-10.0,-0.09986062710001989,0.2926,0.19273937289998014,780.0,-10.0,-0.1,0.2464,0.1464
89.549872372,770.0,0.55,780.0,-10.0,-0.1,0.2926,0.19260000000000002,760.0,10.0,0.09066917090000516,0.2464,0.33706917090000516
89.563004665,770.0,0.55,760.0,10.0,0.09068232505000197,0.2926,0.383282325050002,760.0,10.0,0.09135151054998915,0.2464,0.33775151054998914
89.575426167,770.0,0.55,780.0,-10.0,-0.09993306255000789,0.2926,0.19266693744999214,780.0,-10.0,-0.09926387705002071,0.2464,0.1471361229499793
89.588770793,770.0,0.55,780.0,-10.0,-0.1,0.2926,0.19260000000000002,760.0,10.0,0.09138025424996613,0.2464,0.33778025424996616
89.601982128,770.0,0.55,760.0,10.0,0.09067261255001086,0.2926,0.3832726125500109,760.0,10.0,0.0920528522499717,0.2464,0.3384528522499717
89.616619421,770.0,0.55,780.0,-10.0,-0.1,0.2926,0.19260000000000002,760.0,10.0,0.09276397939996969,0.2464,0.3391639793999697
89.629729255,770.0,0.55,760.0,10.0,0.09067962714999794,0.2926,0.38327962714999797,760.0,10.0,0.09344359194998561,0.2464,0.3398435919499856
89.655756425,770.0,0.55,780.0,-10.0,-0.1,0.2926,0.19260000000000002,780.0,-10.0,-0.09785503944999618,0.2464,0.14854496055000382
89.686635761,770.0,0.55,780.0,-10.0,-0.1,0.2926,0.19260000000000002,760.0,10.0,0.09369750235001903,0.2464,0.340097502350019
89.699422721,770.0,0.55,780.0,-10.0,-0.1,0.2926,0.19260000000000002,760.0,10.0,0.09438446495002153,0.2464,0.34078446495002157
89.712724764,770.0,0.55,760.0,10.0,0.09061034170000767,0.2926,0.3832103417000077,760.0,10.0,0.09499482125001123,0.2464,0.34139482125001125
89.728133224,770.0,0.55,780.0,-10.0,-0.1,0.2926,0.19260000000000002,760.0,10.0,0.09575856505001866,0.2464,0.3421585650500187
89.741133975,770.0,0.55,780.0,-10.0,-0.1,0.2926,0.19260000000000002,780.0,-10.0,-0.09496331004997956,0.2464,0.15143668995002046
89.754904435,770.0,0.55,780.0,-10.0,-0.1,0.2926,0.19260000000000002,780.0,-10.0,-0.09564620384996943,0.2464,0.1507537961500306
89.767417228,770.0,0.55,780.0,-10.0,-0.1,0.2926,0.19260000000000002,760.0,10.0,0.09497947955004747,0.2464,0.3413794795500475
89.784797063,770.0,0.55,760.0,10.0,0.09065686254999947,0.2926,0.38325686254999947,780.0,-10.0,-0.09567739759993402,0.2464,0.150722602400066
89.799100397,770.0,0.55,780.0,-10.0,-0.1,0.2926,0.19260000000000002,760.0,10.0,0.09516909205007323,0.2464,0.34156909205007324
89.812550899,770.0,0.55,780.0,-10.0,-0.1,0.2926,0.19260000000000002,760.0,10.0,0.09592697340007363,0.2464,0.3423269734000736
89.8256724,770.0,0.55,780.0,-10.0,-0.1,0.2926,0.19260000000000002,780.0,-10.0,-0.09472192664993599,0.2464,0.151678073350064
89.839025193,770.0,0.55,780.0,-10.0,-0.1,0.2926,0.19260000000000002,760.0,10.0,0.09594759425005123,0.2464,0.34234759425005123
89.852926903,770.0,0.55,760.0,10.0,0.09063723339999342,0.2926,0.38323723339999344,780.0,-10.0,-0.09468963914994219,0.2464,0.15171036085005782
89.868638113,770.0,0.55,780.0,-10.0,-0.1,0.2926,0.19260000000000002,760.0,10.0,0.09607225260007454,0.2464,0.3424722526000745
89.881903989,770.0,0.55,760.0,10.0,0.09069437090000974,0.2926,0.3832943709000098,760.0,10.0,0.0967666381000663,0.2464,0.3431666381000663
89.896813699,770.0,0.55,780.0,-10.0,-0.1,0.2926,0.19260000000000002,780.0,-10.0,-0.09397066614992582,0.2464,0.15242933385007418
89.910240575,770.0,0.55,760.0,10.0,0.0906763167499912,0.2926,0.38327631674999124,760.0,10.0,0.0967056651500934,0.2464,0.34310566515009344
89.926831452,770.0,0.55,780.0,-10.0,-0.1,0.2926,0.19260000000000002,780.0,-10.0,-0.094021693249897,0.2464,0.152378306750103
89.939042078,770.0,0.55,780.0,-10.0,-0.1,0.2926,0.19260000000000002,760.0,10.0,0.09674611935010034,0.2464,0.34314611935010036
89.957217288,770.0,0.55,780.0,-10.0,-0.1,0.2926,0.19260000000000002,780.0,-10.0,-0.09416510569990351,0.2464,0.1522348943000965
89.980102624,770.0,0.55,760.0,10.0,0.09098860425000567,0.2926,0.3835886042500057,760.0,10.0,0.09682351315008418,0.2464,0.3432235131500842
89.996533376,770.0,0.55,780.0,-10.0,-0.09993437504999747,0.2926,0.19266562495000256,780.0,-10.0,-0.09409953904992108,0.2464,0.15230046095007893
90.009569419,770.0,0.55,760.0,10.0,0.09067965624998578,0.2926,0.38327965624998583,780.0,-10.0,-0.09471349744992494,0.2464,0.15168650255007507
90.023415712,770.0,0.55,760.0,10.0,0.09140936254999815,0.2926,0.3840093625499982,760.0,10.0,0.09601626720008426,0.2464,0.3424162672000843
90.036555588,770.0,0.55,760.0,10.0,0.09205137929999638,0.2926,0.3846513792999964,780.0,-10.0,-0.09462574954991396,0.2464,0.15177425045008605
90.049819131,770.0,0.55,760.0,10.0,0.09271124604998932,0.2926,0.38531124604998934,780.0,-10.0,-0.09528561624990743,0.2464,0.15111438375009256
90.062586549,770.0,0.55,780.0,-10.0,-0.09794892690001689,0.2926,0.19465107309998314,760.0,10.0,0.095374571350103,0.2464,0.34177457135010303
90.0767948,770.0,0.55,780.0,-10.0,-0.09863014365000708,0.2926,0.19396985634999295,780.0,-10.0,-0.09530663079988244,0.2464,0.15109336920011757
90.089521385,770.0,0.55,780.0,-10.0,-0.09928971870001532,0.2926,0.1933102812999847,760.0,10.0,0.09535292965012104,0.2464,0.34175292965012105
90.10291472,770.0,0.55,780.0,-10.0,-0.09996583130002819,0.2926,0.19263416869997185,760.0,10.0,0.09602905680011645,0.2464,0.3424290568001165
90.116651638,770.0,0.55,760.0,10.0,0.09071382499995707,0.2926,0.3833138249999571,780.0,-10.0,-0.09465059954989101,0.2464,0.15174940045010898
90.129724722,770.0,0.55,760.0,10.0,0.09136271049996139,0.2926,0.38396271049996145,780.0,-10.0,-0.0952994995998779,0.2464,0.15110050040012213
90.142948307,770.0,0.55,780.0,-10.0,-0.09929451665004763,0.2926,0.1933054833499524,780.0,-10.0,-0.0959566975998996,0.2464,0.1504433024001004
90.169696476,770.0,0.55,780.0,-10.0,-0.1,0.2926,0.19260000000000002,760.0,10.0,0.09540321295009108,0.2464,0.3418032129500911
90.199309688,770.0,0.55,760.0,10.0,0.09139973765001287,0.2926,0.3839997376500129,780.0,-10.0,-0.09599651009991703,0.2464,0.15040348990008298
90.212531814,770.0,0.55,780.0,-10.0,-0.09933613744997274,0.2926,0.19326386255002728,780.0,-10.0,-0.09673237059989788,0.2464,0.14966762940010214
90.224332357,770.0,0.55,760.0,10.0,0.09125784175004356,0.2926,0.38385784175004356,760.0,10.0,0.09386162320012317,0.2464,0.3402616232001232
90.239080775,770.0,0.55,760.0,10.0,0.09194324390004113,0.2926,0.38454324390004113,760.0,10.0,0.0945469962001107,0.2464,0.3409469962001107
90.251614276,770.0,0.55,780.0,-10.0,-0.09871988949996649,0.2926,0.19388011050003354,760.0,10.0,0.09521014415010086,0.2464,0.3416101441501009
90.264682111,770.0,0.55,760.0,10.0,0.0919328606000272,0.2926,0.3845328606000272,780.0,-10.0,-0.09544260594991556,0.2464,0.15095739405008446
90.278243446,770.0,0.55,780.0,-10.0,-0.09873235819995899,0.2926,0.19386764180004104,780.0,-10.0,-0.09610782474990173,0.2464,0.15029217525009828
90.294880406,770.0,0.55,780.0,-10.0,-0.09940450409997084,0.2926,0.19319549590002918,780.0,-10.0,-0.09677992689992151,0.2464,0.1496200731000785
90.309212324,770.0,0.55,760.0,10.0,0.09145758975002082,0.2926,0.38405758975002086,760.0,10.0,0.09408219610005744,0.2464,0.3404821961000575
90.323345617,770.0,0.55,780.0,-10.0,-0.09927917489999345,0.2926,0.1933208251000066,760.0,10.0,0.09481893160006166,0.2464,0.34121893160006167
90.337544535,770.0,0.55,780.0,-10.0,-0.09998785204998058,0.2926,0.19261214795001946,780.0,-10.0,-0.09588977469993551,0.2464,0.1505102253000645
90.35442387,770.0,0.55,760.0,10.0,0.09085411680001926,0.2926,0.3834541168000193,800.0,-30.0,-0.28841563744998894,0.2464,-0.04201563744998893
# 90.366 Shooter Ready
90.36990408,770.0,0.55,780.0,-10.0,-0.0999231165999845,0.2926,0.19267688340001554,760.0,10.0,0.0923615522,0.2464,0.33876155220000004
90.382865456,770.0,0.55,780.0,-10.0,-0.1,0.2926,0.19260000000000002,760.0,10.0,0.09301517729999433,0.2464,0.3394151772999943
90.395818957,770.0,0.55,780.0,-10.0,-0.1,0.2926,0.19260000000000002,760.0,10.0,0.09371625655000117,0.2464,0.34011625655000116
90.406906375,770.0,0.55,780.0,-10.0,-0.1,0.2926,0.19260000000000002,780.0,-10.0,-0.0968391788999952,0.2464,0.1495608211000048
90.419880002,770.0,0.55,760.0,10.0,0.09059693965001771,0.2926,0.3831969396500177,780.0,-10.0,-0.09743611854999017,0.2464,0.14896388145000983
90.434283378,770.0,0.55,760.0,10.0,0.09121546265002053,0.2926,0.38381546265002053,780.0,-10.0,-0.0980546123500062,0.2464,0.1483453876499938
90.448269088,770.0,0.55,780.0,-10.0,-0.09958116659997814,0.2926,0.1930188334000219,760.0,10.0,0.09274204604997976,0.2464,0.3391420460499798
90.464659006,770.0,0.55,780.0,-10.0,-0.1,0.2926,0.19260000000000002,760.0,10.0,0.09356626699999651,0.2464,0.33996626699999655
90.476889174,770.0,0.55,780.0,-10.0,-0.1,0.2926,0.19260000000000002,760.0,10.0,0.0942287586999919,0.2464,0.3406287586999919
90.490208717,770.0,0.55,760.0,10.0,0.0906198354999924,0.2926,0.38321983549999245,780.0,-10.0,-0.09639109140000528,0.2464,0.15000890859999472
90.50324826,770.0,0.55,760.0,10.0,0.09126872094999726,0.2926,0.3838687209499973,760.0,10.0,0.0942578086499816,0.2464,0.34065780864998163
90.515832803,770.0,0.55,780.0,-10.0,-0.09935076454999034,0.2926,0.1932492354500097,760.0,10.0,0.09487727954998718,0.2464,0.3412772795499872
90.529126387,770.0,0.55,760.0,10.0,0.091311085500015,0.2926,0.383911085500015,760.0,10.0,0.09553911499998777,0.2464,0.34193911499998775
90.541235222,770.0,0.55,780.0,-10.0,-0.09930869164998057,0.2926,0.19329130835001945,760.0,10.0,0.09615892134999285,0.2464,0.3425589213499929
90.554754265,770.0,0.55,780.0,-10.0,-0.09995444169999246,0.2926,0.19264555830000757,760.0,10.0,0.09680465679999997,0.2464,0.3432046568
90.568057183,770.0,0.55,760.0,10.0,0.09073039169999447,0.2926,0.3833303916999945,780.0,-10.0,-0.09388019119999172,0.2464,0.1525198088000083
90.581188018,770.0,0.55,780.0,-10.0,-0.09994211880000421,0.2926,0.19265788119999583,780.0,-10.0,-0.09455270169999039,0.2464,0.15184729830000962
90.593057102,770.0,0.55,780.0,-10.0,-0.1,0.2926,0.19260000000000002,760.0,10.0,0.0960394108500077,0.2464,0.34243941085000773
90.607954854,770.0,0.55,760.0,10.0,0.09072600215000876,0.2926,0.3833260021500088,780.0,-10.0,-0.09468657669999629,0.2464,0.1517134233000037
90.620218855,770.0,0.55,780.0,-10.0,-0.09990097914999296,0.2926,0.19269902085000706,760.0,10.0,0.09594041920001019,0.2464,0.3423404192000102
90.635197106,770.0,0.55,780.0,-10.0,-0.1,0.2926,0.19260000000000002,780.0,-10.0,-0.09480080794999139,0.2464,0.1515991920500086
90.647969774,770.0,0.55,760.0,10.0,0.09062915424998665,0.2926,0.38322915424998666,780.0,-10.0,-0.09542994759997328,0.2464,0.15097005240002673
90.673367235,770.0,0.55,780.0,-10.0,-0.1,0.2926,0.19260000000000002,780.0,-10.0,-0.0967104518999804,0.2464,0.1496895481000196
90.703661488,770.0,0.55,780.0,-10.0,-0.1,0.2926,0.19260000000000002,760.0,10.0,0.09481060450001678,0.2464,0.3412106045000168
90.716008906,770.0,0.55,760.0,10.0,0.09060975839999173,0.2926,0.3832097583999918,760.0,10.0,0.09542037750001328,0.2464,0.34182037750001326
90.728927699,770.0,0.55,760.0,10.0,0.09125631055000213,0.2926,0.38385631055000213,760.0,10.0,0.09606691505001891,0.2464,0.3424669150500189
90.741439325,770.0,0.55,780.0,-10.0,-0.09937790409999252,0.2926,0.1932220959000075,780.0,-10.0,-0.09456729959997574,0.2464,0.15183270040002428
90.75501991,770.0,0.55,760.0,10.0,0.09130070220002381,0.2926,0.3839007022000238,760.0,10.0,0.09611132130002262,0.2464,0.3425113213000226
90.767183578,770.0,0.55,780.0,-10.0,-0.09930749579996245,0.2926,0.19329250420003757,780.0,-10.0,-0.0944968474999996,0.2464,0.15190315250000042
90.780592079,770.0,0.55,780.0,-10.0,-0.09998159584997665,0.2926,0.19261840415002338,780.0,-10.0,-0.09517097674997785,0.2464,0.15122902325002216
90.793961206,770.0,0.55,780.0,-10.0,-0.1,0.2926,0.19260000000000002,760.0,10.0,0.09544072125003368,0.2464,0.3418407212500337
90.808915249,770.0,0.55,780.0,-10.0,-0.1,0.2926,0.19260000000000002,780.0,-10.0,-0.09530957674996898,0.2464,0.15109042325003103
90.819932083,770.0,0.55,780.0,-10.0,-0.1,0.2926,0.19260000000000002,760.0,10.0,0.0953508003500383,0.2464,0.3417508003500383
90.831443876,770.0,0.55,780.0,-10.0,-0.1,0.2926,0.19260000000000002,760.0,10.0,0.09592500460002157,0.2464,0.3423250046000216
90.843027419,770.0,0.55,780.0,-10.0,-0.1,0.2926,0.19260000000000002,780.0,-10.0,-0.09465571834998628,0.2464,0.15174428165001375
90.854873754,770.0,0.55,780.0,-10.0,-0.1,0.2926,0.19260000000000002,760.0,10.0,0.09593569425000169,0.2464,0.3423356942500017
90.867074755,770.0,0.55,760.0,10.0,0.09055324795000616,0.2926,0.38315324795000616,780.0,-10.0,-0.0946175390999997,0.2464,0.1517824609000003
90.879957964,770.0,0.55,760.0,10.0,0.09119567300000654,0.2926,0.38379567300000655,780.0,-10.0,-0.0952599933500096,0.2464,0.1511400066499904
90.892262216,770.0,0.55,780.0,-10.0,-0.09941300625000622,0.2926,0.19318699374999382,760.0,10.0,0.09534868589998041,0.2464,0.3417486858999804
90.9059338,770.0,0.55,760.0,10.0,0.0912702083999784,0.2926,0.38387020839997843,780.0,-10.0,-0.09533449955001742,0.2464,0.15106550044998257
90.920681052,770.0,0.55,780.0,-10.0,-0.09935922290003418,0.2926,0.19324077709996584,780.0,-10.0,-0.09596396005003953,0.2464,0.15043603994996047
90.937246553,770.0,0.55,760.0,10.0,0.09147304804995657,0.2926,0.38407304804995657,780.0,-10.0,-0.09679617265003344,0.2464,0.14960382734996658
90.95045293,770.0,0.55,760.0,10.0,0.09223772519996146,0.2926,0.3848377251999615,760.0,10.0,0.09396853364995877,0.2464,0.3403685336499588
90.969711098,770.0,0.55,780.0,-10.0,-0.09871703115004493,0.2926,0.1938829688499551,760.0,10.0,0.09492326084995512,0.2464,0.3413232608499551
90.983686308,770.0,0.55,760.0,10.0,0.09197970224994606,0.2926,0.3845797022499461,780.0,-10.0,-0.09577344335004909,0.2464,0.15062655664995092
90.999031768,770.0,0.55,780.0,-10.0,-0.09875577905006594,0.2926,0.1938442209499341,780.0,-10.0,-0.09650896845005263,0.2464,0.14989103154994737
91.013408311,770.0,0.55,780.0,-10.0,-0.0994810666500598,0.2926,0.19311893334994024,760.0,10.0,0.09421490454994,0.2464,0.34061490454994003
91.026729021,770.0,0.55,780.0,-10.0,-0.1,0.2926,0.19260000000000002,760.0,10.0,0.09491309624994756,0.2464,0.34131309624994755
91.03870748,770.0,0.55,780.0,-10.0,-0.1,0.2926,0.19260000000000002,780.0,-10.0,-0.09574906010004725,0.2464,0.15065093989995276
91.05120569,770.0,0.55,780.0,-10.0,-0.1,0.2926,0.19260000000000002,760.0,10.0,0.09487991909994889,0.2464,0.3412799190999489
91.064474775,770.0,0.55,760.0,10.0,0.09059714379999605,0.2926,0.3831971437999961,780.0,-10.0,-0.0957172101500646,0.2464,0.1506827898499354
91.078450859,770.0,0.55,780.0,-10.0,-0.1,0.2926,0.19260000000000002,760.0,10.0,0.0949720419999403,0.2464,0.3413720419999403
91.091334652,770.0,0.55,760.0,10.0,0.09066504379999515,0.2926,0.38326504379999515,760.0,10.0,0.09563711499992224,0.2464,0.34203711499992223
91.105211279,770.0,0.55,780.0,-10.0,-0.1,0.2926,0.19260000000000002,780.0,-10.0,-0.09504943920007917,0.2464,0.15135056079992082
91.117451072,770.0,0.55,780.0,-10.0,-0.1,0.2926,0.19260000000000002,760.0,10.0,0.09561715044991616,0.2464,0.34201715044991615
91.131180115,770.0,0.55,760.0,10.0,0.09062911049999457,0.2926,0.3832291104999946,780.0,-10.0,-0.09501196005010115,0.2464,0.15138803994989886
91.144331074,770.0,0.55,780.0,-10.0,-0.1,0.2926,0.19260000000000002,760.0,10.0,0.09563707124988469,0.2464,0.3420370712498847
91.157254826,770.0,0.55,780.0,-10.0,-0.1,0.2926,0.19260000000000002,760.0,10.0,0.09632957549989897,0.2464,0.34272957549989896
91.183230953,770.0,0.55,780.0,-10.0,-0.1,0.2926,0.19260000000000002,780.0,-10.0,-0.0949939204500879,0.2464,0.15140607954991211
91.215048873,770.0,0.55,760.0,10.0,0.09147297514999991,0.2926,0.38407297514999994,780.0,-10.0,-0.09646689560008781,0.2464,0.1499331043999122
91.230226916,770.0,0.55,760.0,10.0,0.09221226270000443,0.2926,0.38481226270000446,760.0,10.0,0.09427234824992411,0.2464,0.3406723482499241
91.24598596,770.0,0.55,780.0,-10.0,-0.09864086239999778,0.2926,0.19395913760000225,780.0,-10.0,-0.09658083515007547,0.2464,0.14981916484992452
91.260006961,770.0,0.55,780.0,-10.0,-0.09935169789998781,0.2926,0.1932483021000122,760.0,10.0,0.0941299857499098,0.2464,0.3405299857499098
91.272772046,770.0,0.55,760.0,10.0,0.09129836880000766,0.2926,0.3838983688000077,780.0,-10.0,-0.0965201101500952,0.2464,0.1498798898499048
91.286666755,770.0,0.55,780.0,-10.0,-0.09934232084999621,0.2926,0.1932576791500038,760.0,10.0,0.09412057949990868,0.2464,0.34052057949990866
91.300097423,770.0,0.55,760.0,10.0,0.09133278549999432,0.2926,0.3839327854999943,760.0,10.0,0.0947956858498992,0.2464,0.34119568584989923
91.314646633,770.0,0.55,760.0,10.0,0.09201563555001485,0.2926,0.3846156355500149,780.0,-10.0,-0.09588717880010336,0.2464,0.15051282119989665
91.326871551,770.0,0.55,760.0,10.0,0.09272186270001384,0.2926,0.3853218627000139,760.0,10.0,0.09481903374991361,0.2464,0.34121903374991364
91.339512094,770.0,0.55,760.0,10.0,0.09335641275000853,0.2926,0.3859564127500086,780.0,-10.0,-0.09581553090008584,0.2464,0.1505844690999142
91.351474512,770.0,0.55,780.0,-10.0,-0.0972352914999874,0.2926,0.19536470850001264,780.0,-10.0,-0.09640723510008228,0.2464,0.14999276489991772
91.364794055,770.0,0.55,760.0,10.0,0.09341912105002394,0.2926,0.38601912105002395,760.0,10.0,0.09424716289990101,0.2464,0.34064716289990105
91.377318223,770.0,0.55,780.0,-10.0,-0.09720419984996624,0.2926,0.19539580015003377,780.0,-10.0,-0.0963761580001119,0.2464,0.1500238419998881
91.390253057,770.0,0.55,780.0,-10.0,-0.09785802909996164,0.2926,0.1947419709000384,780.0,-10.0,-0.09702995805012052,0.2464,0.1493700419498795
91.404459267,770.0,0.55,780.0,-10.0,-0.09850949579997632,0.2926,0.19409050420002372,760.0,10.0,0.0936215086998709,0.2464,0.3400215086998709
91.41897406,770.0,0.55,780.0,-10.0,-0.09928136254995934,0.2926,0.1933186374500407,780.0,-10.0,-0.0971503289001248,0.2464,0.1492496710998752
91.43229827,770.0,0.55,780.0,-10.0,-0.09994898764996378,0.2926,0.19265101235003623,760.0,10.0,0.09351729614988016,0.2464,0.3399172961498802
91.452550147,770.0,0.55,760.0,10.0,0.09096327285004918,0.2926,0.3835632728500492,780.0,-10.0,-0.09739497895011481,0.2464,0.1490050210498852
91.477572524,770.0,0.55,760.0,10.0,0.09228351670002667,0.2926,0.3848835167000267,780.0,-10.0,-0.09871525200012457,0.2464,0.14768474799987544
91.491199192,770.0,0.55,760.0,10.0,0.09299729805003608,0.2926,0.3855972980500361,760.0,10.0,0.09199852929986264,0.2464,0.33839852929986264
91.507678361,770.0,0.55,780.0,-10.0,-0.09782092909997572,0.2926,0.1947790709000243,760.0,10.0,0.09281674189986916,0.2464,0.33921674189986917
91.522857571,770.0,0.55,760.0,10.0,0.09294328140000743,0.2926,0.3855432814000075,780.0,-10.0,-0.0979474831501193,0.2464,0.1484525168498807
91.539572114,770.0,0.55,780.0,-10.0,-0.09789317494999068,0.2926,0.19470682505000936,780.0,-10.0,-0.09878392490013539,0.2464,0.14761607509986463
91.553659615,770.0,0.55,780.0,-10.0,-0.09859499789999973,0.2926,0.1940050021000003,760.0,10.0,0.09191788349986837,0.2464,0.33831788349986835
91.569157909,770.0,0.55,780.0,-10.0,-0.09938052924999283,0.2926,0.1932194707500072,760.0,10.0,0.09270342944986623,0.2464,0.33910342944986627
91.582479202,770.0,0.55,780.0,-10.0,-0.1,0.2926,0.19260000000000002,780.0,-10.0,-0.09796539145013412,0.2464,0.1484346085498659
91.595997661,770.0,0.55,780.0,-10.0,-0.1,0.2926,0.19260000000000002,780.0,-10.0,-0.09869696440011921,0.2464,0.1477030355998808
91.609075996,770.0,0.55,760.0,10.0,0.09059098965000431,0.2926,0.3831909896500043,760.0,10.0,0.09189403984988985,0.2464,0.33829403984988987
91.622945331,770.0,0.55,780.0,-10.0,-0.1,0.2926,0.19260000000000002,760.0,10.0,0.0925952357498909,0.2464,0.3389952357498909
91.639875124,770.0,0.55,760.0,10.0,0.09079881675001161,0.2926,0.38339881675001164,760.0,10.0,0.09339405249987977,0.2464,0.33979405249987976
91.654639001,770.0,0.55,780.0,-10.0,-0.09998604374998195,0.2926,0.1926139562500181,800.0,-30.0,-0.28896057280011517,0.2464,-0.04256057280011516
91.668767627,770.0,0.55,780.0,-10.0,-0.1,0.2926,0.19260000000000002,780.0,-10.0,-0.09966674160011735,0.2464,0.14673325839988266
91.693822963,770.0,0.55,780.0,-10.0,-0.1,0.2926,0.19260000000000002,760.0,10.0,0.0916464730998905,0.2464,0.3380464730998905
91.724803508,770.0,0.55,780.0,-10.0,-0.1,0.2926,0.19260000000000002,780.0,-10.0,-0.09984725415010871,0.2464,0.1465527458498913
91.740170551,770.0,0.55,780.0,-10.0,-0.1,0.2926,0.19260000000000002,760.0,10.0,0.09097817719988598,0.2464,0.337378177199886
91.755902469,770.0,0.55,760.0,10.0,0.09065829175000545,0.2926,0.3832582917500055,760.0,10.0,0.09163648349989671,0.2464,0.33803648349989673
91.772767512,770.0,0.55,780.0,-10.0,-0.1,0.2926,0.19260000000000002,760.0,10.0,0.09253261484988343,0.2464,0.33893261484988346
91.786950389,770.0,0.55,760.0,10.0,0.09069009799999549,0.2926,0.3832900979999955,780.0,-10.0,-0.09815748310013532,0.2464,0.14824251689986467
91.801651557,770.0,0.55,780.0,-10.0,-0.1,0.2926,0.19260000000000002,760.0,10.0,0.09255683784985194,0.2464,0.338956837849852
91.816724892,770.0,0.55,760.0,10.0,0.09071038339999632,0.2926,0.38331038339999635,760.0,10.0,0.09326722124984826,0.2464,0.3396672212498483
91.830460643,770.0,0.55,780.0,-10.0,-0.1,0.2926,0.19260000000000002,760.0,10.0,0.09405157129985128,0.2464,0.34045157129985126
91.846497645,770.0,0.55,760.0,10.0,0.09078876879999825,0.2926,0.3833887687999983,780.0,-10.0,-0.09673716835015966,0.2464,0.14966283164984034
91.860583105,770.0,0.55,780.0,-10.0,-0.0999184646499998,0.2926,0.1926815353500002,760.0,10.0,0.09397007964984369,0.2464,0.34037007964984367
91.873885439,770.0,0.55,780.0,-10.0,-0.1,0.2926,0.19260000000000002,780.0,-10.0,-0.0966986392001445,0.2464,0.14970136079985552
91.889364774,770.0,0.55,760.0,10.0,0.09076680629999828,0.2926,0.3833668062999983,760.0,10.0,0.09406818169985855,0.2464,0.34046818169985854
91.903498942,770.0,0.55,780.0,-10.0,-0.09994785004998903,0.2926,0.192652149950011,760.0,10.0,0.09478280884985907,0.2464,0.3411828088498591
91.917464819,770.0,0.55,760.0,10.0,0.0907439396000109,0.2926,0.3833439396000109,760.0,10.0,0.09547461309986374,0.2464,0.3418746130998638
91.93151032,770.0,0.55,780.0,-10.0,-0.09995385839999926,0.2926,0.19264614160000076,780.0,-10.0,-0.09522319945012896,0.2464,0.15117680054987104
91.946255238,770.0,0.55,760.0,10.0,0.0907887250000067,0.2926,0.38338872500000676,760.0,10.0,0.09551938394987701,0.2464,0.34191938394987703
91.96232374,770.0,0.55,780.0,-10.0,-0.09988888964999205,0.2926,0.19271111035000799,760.0,10.0,0.09619698404987048,0.2464,0.3425969840498705
91.981049617,770.0,0.55,760.0,10.0,0.09117500834999191,0.2926,0.38377500834999195,760.0,10.0,0.09726088204987718,0.2464,0.3436608820498772
92.004668494,770.0,0.55,780.0,-10.0,-0.09999041885000678,0.2926,0.19260958114999324,780.0,-10.0,-0.09390454515012152,0.2464,0.15249545484987848
92.018584787,770.0,0.55,760.0,10.0,0.09071289165000508,0.2926,0.3833128916500051,780.0,-10.0,-0.09460785565011065,0.2464,0.15179214434988936
92.032533455,770.0,0.55,780.0,-10.0,-0.09999380219999239,0.2926,0.19260619780000765,780.0,-10.0,-0.09531454945010864,0.2464,0.15108545054989136
92.046633498,770.0,0.55,760.0,10.0,0.09069900825001241,0.2926,0.38329900825001245,760.0,10.0,0.0953782756499004,0.2464,0.3417782756499004
92.06044275,770.0,0.55,780.0,-10.0,-0.1,0.2926,0.19260000000000002,760.0,10.0,0.09608547984988945,0.2464,0.3424854798498895
92.072140334,770.0,0.55,780.0,-10.0,-0.1,0.2926,0.19260000000000002,760.0,10.0,0.09673220699989088,0.2464,0.3431322069998909
92.086573169,770.0,0.55,760.0,10.0,0.09064655214998765,0.2926,0.3832465521499877,780.0,-10.0,-0.09391435975012427,0.2464,0.15248564024987574
92.099585879,770.0,0.55,780.0,-10.0,-0.1,0.2926,0.19260000000000002,780.0,-10.0,-0.09457648690010956,0.2464,0.15182351309989045
92.112245963,770.0,0.55,780.0,-10.0,-0.1,0.2926,0.19260000000000002,780.0,-10.0,-0.09527497030012455,0.2464,0.15112502969987546
92.125373298,770.0,0.55,780.0,-10.0,-0.1,0.2926,0.19260000000000002,760.0,10.0,0.09533631934986261,0.2464,0.3417363193498626
92.140174799,770.0,0.55,780.0,-10.0,-0.1,0.2926,0.19260000000000002,760.0,10.0,0.09610779234987149,0.2464,0.3425077923498715
92.152260009,770.0,0.55,780.0,-10.0,-0.1,0.2926,0.19260000000000002,780.0,-10.0,-0.09449862645012672,0.2464,0.1519013735498733
92.166624594,770.0,0.55,780.0,-10.0,-0.1,0.2926,0.19260000000000002,780.0,-10.0,-0.09522770570013109,0.2464,0.15117229429986892
92.17896297,770.0,0.55,780.0,-10.0,-0.1,0.2926,0.19260000000000002,780.0,-10.0,-0.09584320990013566,0.2464,0.15055679009986433
92.205884681,770.0,0.55,760.0,10.0,0.09127095220000228,0.2926,0.38387095220000234,760.0,10.0,0.09542774234984336,0.2464,0.34182774234984337
92.238553393,770.0,0.55,780.0,-10.0,-0.1,0.2926,0.19260000000000002,780.0,-10.0,-0.09614353905017196,0.2464,0.15025646094982803
92.253760311,770.0,0.55,780.0,-10.0,-0.1,0.2926,0.19260000000000002,780.0,-10.0,-0.09702233080017778,0.2464,0.14937766919982223
92.268322937,770.0,0.55,780.0,-10.0,-0.1,0.2926,0.19260000000000002,780.0,-10.0,-0.0977484788001675,0.2464,0.1486515211998325
92.283578855,770.0,0.55,760.0,10.0,0.09070609590000003,0.2926,0.3833060959000001,760.0,10.0,0.09295763164983782,0.2464,0.33935763164983784
92.297794399,770.0,0.55,760.0,10.0,0.09140552719999505,0.2926,0.3840055271999951,780.0,-10.0,-0.09774177050014714,0.2464,0.14865822949985286
92.313864942,770.0,0.55,760.0,10.0,0.09217494394998994,0.2926,0.38477494394998996,780.0,-10.0,-0.09851120185014679,0.2464,0.14788879814985323
92.330679527,770.0,0.55,780.0,-10.0,-0.09858681655000509,0.2926,0.19401318344999494,780.0,-10.0,-0.09927297695014659,0.2464,0.14712702304985342
92.344654737,770.0,0.55,780.0,-10.0,-0.09942884375000176,0.2926,0.19317115624999825,760.0,10.0,0.09156905019987335,0.2464,0.33796905019987333
92.358167363,770.0,0.55,780.0,-10.0,-0.1,0.2926,0.19260000000000002,760.0,10.0,0.09223445859985532,0.2464,0.3386344585998553
92.373057239,770.0,0.55,760.0,10.0,0.09075274800001353,0.2926,0.38335274800001357,780.0,-10.0,-0.09851823105016137,0.2464,0.14788176894983862
92.387249741,770.0,0.55,780.0,-10.0,-0.09995186039998316,0.2926,0.19264813960001687,780.0,-10.0,-0.09922286860014537,0.2464,0.14717713139985464
92.402575659,770.0,0.55,760.0,10.0,0.09082341885001824,0.2926,0.3834234188500183,780.0,-10.0,-0.09999814785014678,0.2464,0.14640185214985324
92.41615916,770.0,0.55,780.0,-10.0,-0.0998419749499817,0.2926,0.19275802505001832,760.0,10.0,0.09066724599985264,0.2464,0.33706724599985266
92.431276829,770.0,0.55,760.0,10.0,0.09091657720001876,0.2926,0.3835165772000188,760.0,10.0,0.09142581274985787,0.2464,0.3378258127498579
92.44472733,770.0,0.55,780.0,-10.0,-0.099746337449983,0.2926,0.192853662550017,760.0,10.0,0.09208868364986757,0.2464,0.33848868364986756
92.458559331,770.0,0.55,760.0,10.0,0.09094949180002004,0.2926,0.38354949180002007,780.0,-10.0,-0.09860717475012279,0.2464,0.14779282524987722
92.474146,770.0,0.55,760.0,10.0,0.09164364395002395,0.2926,0.38424364395002397,780.0,-10.0,-0.09930126855012986,0.2464,0.14709873144987015
92.495762585,770.0,0.55,780.0,-10.0,-0.09952306659995429,0.2926,0.19307693340004572,740.0,30.0,0.2841990817998794,0.2464,0.5305990817998794
# 92.508 Shooter Ready
92.511501503,770.0,0.55,780.0,-10.0,-0.1,0.2926,0.19260000000000002,760.0,10.0,0.09499450064987741,0.2464,0.3413945006498774
92.52547788,770.0,0.55,780.0,-10.0,-0.1,0.2926,0.19260000000000002,780.0,-10.0,-0.09576196610012175,0.2464,0.15063803389987826
92.541396465,770.0,0.55,760.0,10.0,0.0907432104999907,0.2926,0.38334321049999076,800.0,-30.0,-0.28799159745009545,0.2464,-0.04159159745009544
# 92.553 Shooter Ready
92.557072675,770.0,0.55,780.0,-10.0,-0.1,0.2926,0.19260000000000002,780.0,-10.0,-0.0987632309000901,0.2464,0.14763676909990991
92.569962301,770.0,0.55,760.0,10.0,0.09065524379999715,0.2926,0.3832552437999972,760.0,10.0,0.0918920420499171,0.2464,0.33829204204991714
92.583784969,770.0,0.55,760.0,10.0,0.09134713554998598,0.2926,0.383947135549986,760.0,10.0,0.09258391919992391,0.2464,0.33898391919992393
92.597150012,770.0,0.55,760.0,10.0,0.09200816894998752,0.2926,0.38460816894998756,780.0,-10.0,-0.09807711420007763,0.2464,0.14832288579992237
92.612275555,770.0,0.55,760.0,10.0,0.0927506793999919,0.2926,0.3853506793999919,760.0,10.0,0.09266541089990823,0.2464,0.33906541089990827
92.62591039,770.0,0.55,780.0,-10.0,-0.097947906100012,0.2926,0.19465209389998803,760.0,10.0,0.09336398179990738,0.2464,0.3397639817999074
92.639879183,770.0,0.55,780.0,-10.0,-0.09864940825000304,0.2926,0.193950591749997,760.0,10.0,0.09406548394992115,0.2464,0.34046548394992115
92.653306351,770.0,0.55,780.0,-10.0,-0.09932174375001068,0.2926,0.19327825624998934,760.0,10.0,0.09473783399991134,0.2464,0.3411378339999114
92.667251227,770.0,0.55,780.0,-10.0,-0.1,0.2926,0.19260000000000002,760.0,10.0,0.09543071739991774,0.2464,0.34183071739991777
92.681620479,770.0,0.55,780.0,-10.0,-0.1,0.2926,0.19260000000000002,780.0,-10.0,-0.09534247645008236,0.2464,0.15105752354991764
92.708834148,770.0,0.55,780.0,-10.0,-0.1,0.2926,0.19260000000000002,760.0,10.0,0.09601119244990969,0.2464,0.3424111924499097
92.744397652,770.0,0.55,780.0,-10.0,-0.1,0.2926,0.19260000000000002,760.0,10.0,0.09772040299991659,0.2464,0.3441204029999166
92.761015362,770.0,0.55,760.0,10.0,0.09080068340000708,0.2926,0.3834006834000071,780.0,-10.0,-0.0930802950000725,0.2464,0.1533197049999275
92.776189322,770.0,0.55,780.0,-10.0,-0.09999633959998847,0.2926,0.19260366040001156,760.0,10.0,0.09771674259992778,0.2464,0.3441167425999278
92.791911907,770.0,0.55,780.0,-10.0,-0.1,0.2926,0.19260000000000002,760.0,10.0,0.09849690724994617,0.2464,0.34489690724994615
92.806096241,770.0,0.55,780.0,-10.0,-0.1,0.2926,0.19260000000000002,760.0,10.0,0.09927920109993466,0.2464,0.34567920109993466
92.823143285,770.0,0.55,760.0,10.0,0.09071615839999594,0.2926,0.383316158399996,780.0,-10.0,-0.09143694270005653,0.2464,0.15496305729994347
92.843063537,770.0,0.55,760.0,10.0,0.09168052520000401,0.2926,0.38428052520000405,800.0,-30.0,-0.2843300867500966,0.2464,-0.03793008675009657
# 92.857 Shooter Ready
92.86097158,770.0,0.55,760.0,10.0,0.09268269195000813,0.2926,0.38528269195000814,760.0,10.0,0.0966720362498927,0.2464,0.3430720362498927
92.878031457,770.0,0.55,780.0,-10.0,-0.09816462894998494,0.2926,0.19443537105001507,760.0,10.0,0.09751940094990005,0.2464,0.34391940094990003
92.894313458,770.0,0.55,760.0,10.0,0.09264321490001294,0.2926,0.38524321490001295,760.0,10.0,0.09832720099990638,0.2464,0.3447272009999064
92.911063877,770.0,0.55,780.0,-10.0,-0.09819108310000502,0.2926,0.194408916899995,780.0,-10.0,-0.09250712620009835,0.2464,0.15389287379990166
92.926008295,770.0,0.55,760.0,10.0,0.09255291489997944,0.2926,0.3851529148999795,760.0,10.0,0.09823682804989403,0.2464,0.34463682804989404
92.941785713,770.0,0.55,780.0,-10.0,-0.09825154560003284,0.2926,0.19434845439996717,760.0,10.0,0.0990413322998984,0.2464,0.3454413322998984
92.956577006,770.0,0.55,760.0,10.0,0.09247888989995318,0.2926,0.3850788898999532,760.0,10.0,0.09977182609988176,0.2464,0.3461718260998818
92.970172466,770.0,0.55,780.0,-10.0,-0.09822421640005814,0.2926,0.1943757835999419,760.0,10.0,0.1,0.2464,0.34640000000000004
92.984485718,770.0,0.55,780.0,-10.0,-0.09884587480005394,0.2926,0.1937541251999461,780.0,-10.0,-0.0906216583999958,0.2464,0.1557783416000042
93.002397844,770.0,0.55,760.0,10.0,0.09214630239995586,0.2926,0.3847463023999559,760.0,10.0,0.1,0.2464,0.34640000000000004
93.012826095,770.0,0.55,780.0,-10.0,-0.09846786015002636,0.2926,0.19413213984997368,760.0,10.0,0.1,0.2464,0.34640000000000004
93.025188097,770.0,0.55,760.0,10.0,0.09216270864998478,0.2926,0.3847627086499848,760.0,10.0,0.1,0.2464,0.34640000000000004
93.038044473,770.0,0.55,780.0,-10.0,-0.09836790600002132,0.2926,0.1942320939999787,780.0,-10.0,-0.09053060005000134,0.2464,0.15586939994999865
93.051053099,770.0,0.55,780.0,-10.0,-0.09902491440000176,0.2926,0.19357508559999825,760.0,10.0,0.1,0.2464,0.34640000000000004
93.063493559,770.0,0.55,780.0,-10.0,-0.0996466019500076,0.2926,0.19295339804999243,780.0,-10.0,-0.09062174590000269,0.2464,0.15577825409999732
93.07645056,770.0,0.55,780.0,-10.0,-0.1,0.2926,0.19260000000000002,760.0,10.0,0.1,0.2464,0.34640000000000004
93.086147311,770.0,0.55,780.0,-10.0,-0.1,0.2926,0.19260000000000002,760.0,10.0,0.1,0.2464,0.34640000000000004
93.099813937,770.0,0.55,760.0,10.0,0.09052015840001332,0.2926,0.38312015840001334,780.0,-10.0,-0.09052020210000591,0.2464,0.1558797978999941
93.112619272,770.0,0.55,760.0,10.0,0.09116210220000995,0.2926,0.38376210220000995,760.0,10.0,0.1,0.2464,0.34640000000000004
93.126759857,770.0,0.55,780.0,-10.0,-0.09952669789997799,0.2926,0.19307330210002205,780.0,-10.0,-0.09068881464999322,0.2464,0.15571118535000678
93.1397749,770.0,0.55,760.0,10.0,0.09114375630002997,0.2926,0.38374375630003,780.0,-10.0,-0.09135926890000065,0.2464,0.15504073109999936
93.153590276,770.0,0.55,780.0,-10.0,-0.09953406254996935,0.2926,0.19306593745003067,760.0,10.0,0.09931854989999919,0.2464,0.3457185498999992
93.166400861,770.0,0.55,760.0,10.0,0.09111718540003949,0.2926,0.3837171854000395,780.0,-10.0,-0.09133269810000912,0.2464,0.1550673018999909
93.180303737,770.0,0.55,760.0,10.0,0.09180423550002616,0.2926,0.38440423550002617,760.0,10.0,0.09935433739999552,0.2464,0.3457543373999955
93.193737905,770.0,0.55,780.0,-10.0,-0.09886025414998585,0.2926,0.1937397458500142,760.0,10.0,0.1,0.2464,0.34640000000000004
93.221475116,770.0,0.55,780.0,-10.0,-0.1,0.2926,0.19260000000000002,760.0,10.0,0.1,0.2464,0.34640000000000004
93.25704737,770.0,0.55,780.0,-10.0,-0.1,0.2926,0.19260000000000002,780.0,-10.0,-0.09163153974999659,0.2464,0.1547684602500034
93.273298455,770.0,0.55,760.0,10.0,0.0908637126000167,0.2926,0.3834637126000167,780.0,-10.0,-0.09249535440000273,0.2464,0.15390464559999728
93.286734665,770.0,0.55,780.0,-10.0,-0.09978781249997155,0.2926,0.1928121875000285,780.0,-10.0,-0.09314690865000103,0.2464,0.15325309134999898
93.301270749,770.0,0.55,760.0,10.0,0.09095927715003654,0.2926,0.38355927715003657,760.0,10.0,0.09760015184999701,0.2464,0.344000151849997
93.314511834,770.0,0.55,780.0,-10.0,-0.09970836249995045,0.2926,0.19289163750004956,760.0,10.0,0.09826780605001204,0.2464,0.344667806050012
93.330923919,770.0,0.55,760.0,10.0,0.0910416000500527,0.2926,0.3836416000500527,780.0,-10.0,-0.09248209819997101,0.2464,0.153917901800029
93.346016212,770.0,0.55,760.0,10.0,0.09175845845005824,0.2926,0.3843584584500583,780.0,-10.0,-0.09319901494997339,0.2464,0.1532009850500266
93.360858255,770.0,0.55,760.0,10.0,0.09259704395004974,0.2926,0.3851970439500498,760.0,10.0,0.09763958515002287,0.2464,0.34403958515002286
93.373794548,770.0,0.55,760.0,10.0,0.09325282735004749,0.2926,0.3858528273500475,760.0,10.0,0.09829536855004335,0.2464,0.34469536855004335
93.3876318,770.0,0.55,780.0,-10.0,-0.0974305331499636,0.2926,0.19516946685003644,760.0,10.0,0.09897871445002693,0.2464,0.34537871445002694
93.402492801,770.0,0.55,760.0,10.0,0.09329971275002663,0.2926,0.38589971275002666,780.0,-10.0,-0.0917514730999892,0.2464,0.1546485269000108
93.418624594,770.0,0.55,780.0,-10.0,-0.09749942484997973,0.2926,0.1951005751500203,780.0,-10.0,-0.09255062524997812,0.2464,0.1538493747500219
93.432942221,770.0,0.55,760.0,10.0,0.09322996065001463,0.2926,0.3858299606500146,760.0,10.0,0.09817876025001623,0.2464,0.3445787602500162
93.449812806,770.0,0.55,780.0,-10.0,-0.09758763939998971,0.2926,0.19501236060001031,760.0,10.0,0.09899636035002005,0.2464,0.3453963603500201
93.464501724,770.0,0.55,760.0,10.0,0.0931588961000125,0.2926,0.3857588961000125,780.0,-10.0,-0.09175017514998217,0.2464,0.15464982485001783
93.480417684,770.0,0.55,780.0,-10.0,-0.09763959979998163,0.2926,0.1949604002000184,780.0,-10.0,-0.09254864189998899,0.2464,0.15385135810001102
93.497177436,770.0,0.55,760.0,10.0,0.09309680030002256,0.2926,0.38569680030002257,760.0,10.0,0.0981878019000078,0.2464,0.3445878019000078
93.517600813,770.0,0.55,760.0,10.0,0.09421433580002031,0.2926,0.38681433580002034,760.0,10.0,0.09930536660001507,0.2464,0.34570536660001505
93.531242939,770.0,0.55,760.0,10.0,0.09492005255002824,0.2926,0.38752005255002825,760.0,10.0,0.1,0.2464,0.34640000000000004
93.545241482,770.0,0.55,760.0,10.0,0.09562406305002696,0.2926,0.388224063050027,780.0,-10.0,-0.09070398134998868,0.2464,0.15569601865001131
93.559485025,770.0,0.55,780.0,-10.0,-0.09506590369996956,0.2926,0.19753409630003047,760.0,10.0,0.09998598540003059,0.2464,0.3463859854000306
93.574450152,770.0,0.55,780.0,-10.0,-0.09583441624997704,0.2926,0.19676558375002298,760.0,10.0,0.1,0.2464,0.34640000000000004
93.585492361,770.0,0.55,780.0,-10.0,-0.09648793924995971,0.2926,0.1961120607500403,760.0,10.0,0.1,0.2464,0.34640000000000004
93.600253904,770.0,0.55,800.0,-30.0,-0.28873472070000844,0.2926,0.0038652792999915864,760.0,10.0,0.1,0.2464,0.34640000000000004
# 93.611 Shooter Ready
93.613969239,770.0,0.55,760.0,10.0,0.09184592934997454,0.2926,0.38444592934997457,780.0,-10.0,-0.09058065004998297,0.2464,0.15581934995001703
93.626990115,770.0,0.55,780.0,-10.0,-0.09880159990002539,0.2926,0.19379840009997462,780.0,-10.0,-0.09122817929998292,0.2464,0.1551718207000171
93.639458867,770.0,0.55,780.0,-10.0,-0.09941561660002662,0.2926,0.1931843833999734,760.0,10.0,0.09938582285003576,0.2464,0.3457858228500358
93.652533118,770.0,0.55,760.0,10.0,0.09125679179998315,0.2926,0.38385679179998317,760.0,10.0,0.1,0.2464,0.34640000000000004
93.663305536,770.0,0.55,780.0,-10.0,-0.09937383535002482,0.2926,0.19322616464997522,760.0,10.0,0.1,0.2464,0.34640000000000004
93.674021662,770.0,0.55,760.0,10.0,0.09116830014997049,0.2926,0.38376830014997054,760.0,10.0,0.1,0.2464,0.34640000000000004
93.687390205,770.0,0.55,760.0,10.0,0.09167367099995773,0.2926,0.38427367099995774,780.0,-10.0,-0.090505385449992,0.2464,0.15589461455000803
93.701078123,770.0,0.55,760.0,10.0,0.09240730024995628,0.2926,0.38500730024995633,780.0,-10.0,-0.09123901469999054,0.2464,0.15516098530000946
93.727420001,770.0,0.55,780.0,-10.0,-0.09891104780006117,0.2926,0.19368895219993887,760.0,10.0,0.1,0.2464,0.34640000000000004
93.75776267,770.0,0.55,780.0,-10.0,-0.1,0.2926,0.19260000000000002,760.0,10.0,0.1,0.2464,0.34640000000000004
93.770741547,770.0,0.55,760.0,10.0,0.09061817294999855,0.2926,0.3832181729499986,780.0,-10.0,-0.09061817299999803,0.2464,0.15578182700000198
93.787962132,770.0,0.55,800.0,-30.0,-0.29,0.2926,0.0026000000000000467,760.0,10.0,0.1,0.2464,0.34640000000000004
# 93.801 Shooter Ready
93.802681091,770.0,0.55,780.0,-10.0,-0.1,0.2926,0.19260000000000002,760.0,10.0,0.1,0.2464,0.34640000000000004
93.813843176,770.0,0.55,780.0,-10.0,-0.1,0.2926,0.19260000000000002,760.0,10.0,0.1,0.2464,0.34640000000000004
93.824892969,770.0,0.55,760.0,10.0,0.09048870210000587,0.2926,0.3830887021000059,760.0,10.0,0.1,0.2464,0.34640000000000004
93.840069262,770.0,0.55,760.0,10.0,0.09108098965001774,0.2926,0.38368098965001773,780.0,-10.0,-0.09059227300000658,0.2464,0.15580772699999343
93.855416472,770.0,0.55,760.0,10.0,0.09181161474999953,0.2926,0.3844116147499996,760.0,10.0,0.1,0.2464,0.34640000000000004
93.867806473,770.0,0.55,760.0,10.0,0.09261977940001544,0.2926,0.38521977940001545,760.0,10.0,0.1,0.2464,0.34640000000000004
93.879257307,770.0,0.55,780.0,-10.0,-0.09795656859998872,0.2926,0.1946434314000113,760.0,10.0,0.1,0.2464,0.34640000000000004
93.891265517,770.0,0.55,760.0,10.0,0.09265396269999202,0.2926,0.385253962699992,760.0,10.0,0.1,0.2464,0.34640000000000004
93.90322881,770.0,0.55,780.0,-10.0,-0.09792514150001352,0.2926,0.1946748584999865,760.0,10.0,0.1,0.2464,0.34640000000000004
93.917664561,770.0,0.55,760.0,10.0,0.0926785356499886,0.2926,0.3852785356499886,780.0,-10.0,-0.09060364795001533,0.2464,0.15579635204998468
93.933635355,770.0,0.55,760.0,10.0,0.09349636909998026,0.2926,0.3860963690999803,780.0,-10.0,-0.09142149595001228,0.2464,0.15497850404998773
93.948560814,770.0,0.55,760.0,10.0,0.09423940454998046,0.2926,0.3868394045499805,760.0,10.0,0.09932153954998739,0.2464,0.3457215395499874
93.961964066,770.0,0.55,760.0,10.0,0.09492396089998692,0.2926,0.387523960899987,760.0,10.0,0.1,0.2464,0.34640000000000004
93.972877942,770.0,0.55,780.0,-10.0,-0.09573771415000465,0.2926,0.19686228584999538,760.0,10.0,0.1,0.2464,0.34640000000000004
93.985739568,770.0,0.55,760.0,10.0,0.09478110255000957,0.2926,0.38738110255000957,780.0,-10.0,-0.09051880210000945,0.2464,0.15588119789999055
94.002124236,770.0,0.55,780.0,-10.0,-0.09594485589998385,0.2926,0.19665514410001617,780.0,-10.0,-0.09124476055000287,0.2464,0.15515523944999715
94.020804613,770.0,0.55,780.0,-10.0,-0.09696195599999555,0.2926,0.19563804400000448,760.0,10.0,0.09977228119998927,0.2464,0.3461722811999893
94.036943115,770.0,0.55,780.0,-10.0,-0.09773246644999745,0.2926,0.19486753355000258,760.0,10.0,0.1,0.2464,0.34640000000000004
94.048445574,770.0,0.55,780.0,-10.0,-0.09846698529997866,0.2926,0.19413301470002137,760.0,10.0,0.1,0.2464,0.34640000000000004
94.063480993,770.0,0.55,760.0,10.0,0.0921837814500259,0.2926,0.3847837814500259,780.0,-10.0,-0.09065076674998182,0.2464,0.1557492332500182
94.077877661,770.0,0.55,780.0,-10.0,-0.09851932484998542,0.2926,0.1940806751500146,780.0,-10.0,-0.09135385849998784,0.2464,0.15504614150001217
94.093758621,770.0,0.55,760.0,10.0,0.09228949605000253,0.2926,0.38488949605000256,780.0,-10.0,-0.09216267939999853,0.2464,0.15423732060000148
94.107205039,770.0,0.55,780.0,-10.0,-0.09837747280000712,0.2926,0.1942225271999929,760.0,10.0,0.09850430399999369,0.2464,0.3449043039999937
94.12357454,770.0,0.55,800.0,-30.0,-0.29,0.2926,0.0026000000000000467,760.0,10.0,0.09934440614999858,0.2464,0.3457444061499986
# 94.136 Shooter Ready
94.139651792,770.0,0.55,780.0,-10.0,-0.1,0.2926,0.19260000000000002,760.0,10.0,0.1,0.2464,0.34640000000000004
94.151359876,770.0,0.55,780.0,-10.0,-0.1,0.2926,0.19260000000000002,780.0,-10.0,-0.09066536465001264,0.2464,0.15573463534998738
94.164855294,770.0,0.55,760.0,10.0,0.0905980916999988,0.2926,0.38319809169999886,760.0,10.0,0.09993274164999093,0.2464,0.34633274164999095
94.179390213,770.0,0.55,780.0,-10.0,-0.1,0.2926,0.19260000000000002,760.0,10.0,0.1,0.2464,0.34640000000000004
94.19127213,770.0,0.55,760.0,10.0,0.09059405209999569,0.2926,0.3831940520999957,780.0,-10.0,-0.09059405210001842,0.2464,0.1558059478999816
94.204425715,770.0,0.55,760.0,10.0,0.0912496021999823,0.2926,0.3838496021999823,760.0,10.0,0.1,0.2464,0.34640000000000004
94.229256468,770.0,0.55,760.0,10.0,0.092494581499991,0.2926,0.38509458149999104,780.0,-10.0,-0.09124497930000872,0.2464,0.1551550206999913
94.241957969,770.0,0.55,780.0,-10.0,-0.09813549145001162,0.2926,0.19446450854998842,780.0,-10.0,-0.09187505225001133,0.2464,0.15452494774998868
94.278353598,770.0,0.55,780.0,-10.0,-0.09984853744999782,0.2926,0.1927514625500022,760.0,10.0,0.09983796459998757,0.2464,0.34623796459998757
94.292477266,770.0,0.55,780.0,-10.0,-0.1,0.2926,0.19260000000000002,760.0,10.0,0.1,0.2464,0.34640000000000004
94.304311058,770.0,0.55,780.0,-10.0,-0.1,0.2926,0.19260000000000002,800.0,-30.0,-0.28197334404997487,0.2464,-0.035573344049974864
94.317339226,770.0,0.55,780.0,-10.0,-0.1,0.2926,0.19260000000000002,780.0,-10.0,-0.09262459199998375,0.2464,0.15377540800001627
94.330320728,770.0,0.55,760.0,10.0,0.09059362919998876,0.2926,0.3831936291999888,780.0,-10.0,-0.09321826499996405,0.2464,0.15318173500003596
94.346726688,770.0,0.55,760.0,10.0,0.09128902094998012,0.2926,0.3838890209499801,760.0,10.0,0.09747712670005057,0.2464,0.34387712670005055
94.362234314,770.0,0.55,760.0,10.0,0.09208944184998927,0.2926,0.3846894418499893,760.0,10.0,0.09827754765003646,0.2464,0.34467754765003644
94.375903566,770.0,0.55,780.0,-10.0,-0.09870265200001996,0.2926,0.19389734799998007,760.0,10.0,0.09906965605005098,0.2464,0.345469656050051
94.389338317,770.0,0.55,780.0,-10.0,-0.09937364580000577,0.2926,0.19322635419999426,760.0,10.0,0.09974060610004472,0.2464,0.3461406061000447
94.405273235,770.0,0.55,760.0,10.0,0.091373560549996,0.2926,0.38397356054999604,760.0,10.0,0.1,0.2464,0.34640000000000004
94.416864361,770.0,0.55,780.0,-10.0,-0.09933634159999656,0.2926,0.19326365840000348,760.0,10.0,0.1,0.2464,0.34640000000000004
94.428210779,770.0,0.55,760.0,10.0,0.09125224175001222,0.2926,0.38385224175001226,760.0,10.0,0.1,0.2464,0.34640000000000004
94.43906778,770.0,0.55,760.0,10.0,0.09179450850000649,0.2926,0.3843945085000065,760.0,10.0,0.1,0.2464,0.34640000000000004
94.45162024,770.0,0.55,760.0,10.0,0.09240487940002368,0.2926,0.3850048794000237,760.0,10.0,0.1,0.2464,0.34640000000000004
94.462690449,770.0,0.55,760.0,10.0,0.09296680445001129,0.2926,0.38556680445001135,760.0,10.0,0.1,0.2464,0.34640000000000004
94.476953534,770.0,0.55,760.0,10.0,0.09358112740002525,0.2926,0.3861811274000253,780.0,-10.0,-0.09061430840000867,0.2464,0.15578569159999134
94.490152619,770.0,0.55,760.0,10.0,0.09422693580001124,0.2926,0.38682693580001126,780.0,-10.0,-0.09126013139999942,0.2464,0.1551398686000006
94.509887954,770.0,0.55,760.0,10.0,0.09512200260002374,0.2926,0.38772200260002376,760.0,10.0,0.09963490620000356,0.2464,0.34603490620000354
94.536137082,770.0,0.55,800.0,-30.0,-0.2891199540499565,0.2926,0.003480045950043531,760.0,10.0,0.1,0.2464,0.34640000000000004
# 94.549 Shooter Ready
94.552968292,770.0,0.55,800.0,-30.0,-0.29,0.2926,0.0026000000000000467,780.0,-10.0,-0.09080720215000838,0.2464,0.15559279784999164
94.566039626,770.0,0.55,800.0,-30.0,-0.29,0.2926,0.0026000000000000467,760.0,10.0,0.09994280419998632,0.2464,0.3463428041999863
# 94.578 Shooter Ready
94.581007086,770.0,0.55,780.0,-10.0,-0.1,0.2926,0.19260000000000002,760.0,10.0,0.1,0.2464,0.34640000000000004
94.592272712,770.0,0.55,780.0,-10.0,-0.1,0.2926,0.19260000000000002,780.0,-10.0,-0.09061881464998806,0.2464,0.15578118535001195
94.604457964,770.0,0.55,780.0,-10.0,-0.1,0.2926,0.19260000000000002,780.0,-10.0,-0.09123455220000323,0.2464,0.15516544779999678
94.616415131,770.0,0.55,780.0,-10.0,-0.1,0.2926,0.19260000000000002,780.0,-10.0,-0.09181930014998671,0.2464,0.1545806998500133
94.629486758,770.0,0.55,760.0,10.0,0.09059513129999687,0.2926,0.3831951312999969,780.0,-10.0,-0.09241441690000102,0.2464,0.153985583099999
94.641568467,770.0,0.55,760.0,10.0,0.0912175917499917,0.2926,0.38381759174999175,760.0,10.0,0.09820804354999382,0.2464,0.34460804354999386
94.658541719,770.0,0.55,800.0,-30.0,-0.29,0.2926,0.0026000000000000467,760.0,10.0,0.09901708324998708,0.2464,0.3454170832499871
# 94.670 Shooter Ready
94.673704012,770.0,0.55,760.0,10.0,0.09076776885000527,0.2926,0.3833677688500053,780.0,-10.0,-0.09175065640000866,0.2464,0.15464934359999133
94.689573597,770.0,0.55,800.0,-30.0,-0.29,0.2926,0.0026000000000000467,800.0,-30.0,-0.28403970035004017,0.2464,-0.03763970035004016
94.705875724,770.0,0.55,760.0,10.0,0.09084390844999689,0.2926,0.38344390844999693,780.0,-10.0,-0.09488360875003764,0.2464,0.15151639124996236
94.72092835,770.0,0.55,780.0,-10.0,-0.09990975830000934,0.2926,0.1926902416999907,760.0,10.0,0.09587007259997335,0.2464,0.34227007259997333
94.751752562,770.0,0.55,800.0,-30.0,-0.29,0.2926,0.0026000000000000467,780.0,-10.0,-0.09557956920001744,0.2464,0.15082043079998259
94.797902983,770.0,0.55,780.0,-10.0,-0.1,0.2926,0.19260000000000002,740.0,30.0,0.29,0.2464,0.5364
# 94.811 Shooter Ready
94.81516411,770.0,0.55,760.0,10.0,0.09094683760000863,0.2926,0.3835468376000086,760.0,10.0,0.1,0.2464,0.34640000000000004
94.829827653,770.0,0.55,780.0,-10.0,-0.09977754579999783,0.2926,0.1928224542000022,780.0,-10.0,-0.09072438340000645,0.2464,0.15567561659999357
94.846879071,770.0,0.55,760.0,10.0,0.09099941055000273,0.2926,0.38359941055000274,780.0,-10.0,-0.09150133975000699,0.2464,0.15489866024999302
94.861601531,770.0,0.55,780.0,-10.0,-0.09981996869998966,0.2926,0.19278003130001037,780.0,-10.0,-0.09232071899999937,0.2464,0.15407928100000062
94.87970995,770.0,0.55,760.0,10.0,0.09096137720001934,0.2926,0.38356137720001937,760.0,10.0,0.09846064150001439,0.2464,0.3448606415000144
94.894629576,770.0,0.55,780.0,-10.0,-0.09990280204997362,0.2926,0.1926971979500264,760.0,10.0,0.09932480615000258,0.2464,0.34572480615000256
94.910421578,770.0,0.55,760.0,10.0,0.09087909805001801,0.2926,0.383479098050018,760.0,10.0,0.1,0.2464,0.34640000000000004
94.925000537,770.0,0.55,760.0,10.0,0.09162192935001713,0.2926,0.38422192935001714,780.0,-10.0,-0.0907428459000039,0.2464,0.15565715409999611
94.941049206,770.0,0.55,780.0,-10.0,-0.09915297074999216,0.2926,0.19344702925000787,780.0,-10.0,-0.09151771685000312,0.2464,0.15488228314999689
94.956831291,770.0,0.55,760.0,10.0,0.09163527305001026,0.2926,0.38423527305001026,760.0,10.0,0.09927054155000406,0.2464,0.3456705415500041
94.972589751,770.0,0.55,780.0,-10.0,-0.09916842914999506,0.2926,0.19343157085000495,760.0,10.0,0.1,0.2464,0.34640000000000004
94.987718794,770.0,0.55,760.0,10.0,0.09158576255000753,0.2926,0.3841857625500076,780.0,-10.0,-0.09075416259999201,0.2464,0.15564583740000798
95.005438712,770.0,0.55,780.0,-10.0,-0.09923600839997562,0.2926,0.1933639916000244,780.0,-10.0,-0.09157596264998574,0.2464,0.15482403735001427
95.022588422,770.0,0.55,780.0,-10.0,-0.1,0.2926,0.19260000000000002,780.0,-10.0,-0.0924002127499898,0.2464,0.1539997872500102
95.045402591,770.0,0.55,780.0,-10.0,-0.1,0.2926,0.19260000000000002,760.0,10.0,0.09892243740000595,0.2464,0.34532243740000595
95.060557301,770.0,0.55,780.0,-10.0,-0.1,0.2926,0.19260000000000002,780.0,-10.0,-0.09183661060000305,0.2464,0.15456338939999698
95.076735469,770.0,0.55,780.0,-10.0,-0.1,0.2926,0.19260000000000002,780.0,-10.0,-0.09264216484999907,0.2464,0.15375783515000094
95.089420637,770.0,0.55,780.0,-10.0,-0.1,0.2926,0.19260000000000002,780.0,-10.0,-0.0932886294500031,0.2464,0.1531113705499969
95.102906722,770.0,0.55,780.0,-10.0,-0.1,0.2926,0.19260000000000002,760.0,10.0,0.09738181019999956,0.2464,0.34378181019999954
95.116344973,770.0,0.55,760.0,10.0,0.09059657505000815,0.2926,0.38319657505000815,760.0,10.0,0.09797841444999449,0.2464,0.3443784144499945
95.131564725,770.0,0.55,760.0,10.0,0.09138072100000955,0.2926,0.3839807210000096,780.0,-10.0,-0.09280573145000745,0.2464,0.15359426854999256
95.145630935,770.0,0.55,760.0,10.0,0.092069827299988,0.2926,0.384669827299988,760.0,10.0,0.09788334569998369,0.2464,0.3442833456999837
95.160393644,770.0,0.55,780.0,-10.0,-0.09867581860003156,0.2926,0.19392418139996848,760.0,10.0,0.09862899159998051,0.2464,0.3450289915999805
95.174335313,770.0,0.55,760.0,10.0,0.09202295649996814,0.2926,0.38462295649996814,760.0,10.0,0.09932781044999502,0.2464,0.345727810449995
95.189173564,770.0,0.55,780.0,-10.0,-0.09870953520003241,0.2926,0.19389046479996763,760.0,10.0,0.1,0.2464,0.34640000000000004
95.20099919,770.0,0.55,760.0,10.0,0.09199899614995047,0.2926,0.3845989961499505,760.0,10.0,0.1,0.2464,0.34640000000000004
95.215818483,770.0,0.55,780.0,-10.0,-0.09862923930006673,0.2926,0.1939707606999333,780.0,-10.0,-0.0906282500999987,0.2464,0.1557717499000013
95.229567651,770.0,0.55,780.0,-10.0,-0.09931927895006538,0.2926,0.19328072104993466,760.0,10.0,0.1,0.2464,0.34640000000000004
95.259072946,770.0,0.55,780.0,-10.0,-0.1,0.2926,0.19260000000000002,780.0,-10.0,-0.09144427514999279,0.2464,0.15495572485000722
95.292827824,770.0,0.55,780.0,-10.0,-0.1,0.2926,0.19260000000000002,760.0,10.0,0.1,0.2464,0.34640000000000004
95.306371076,770.0,0.55,760.0,10.0,0.09064133130001664,0.2926,0.3832413313000167,760.0,10.0,0.1,0.2464,0.34640000000000004
95.320275994,770.0,0.55,780.0,-10.0,-0.1,0.2926,0.19260000000000002,780.0,-10.0,-0.0906485792499916,0.2464,0.15575142075000842
95.335039579,770.0,0.55,760.0,10.0,0.0907600688499906,0.2926,0.38336006884999063,780.0,-10.0,-0.09140864805000547,0.2464,0.15499135194999453
95.352680747,770.0,0.55,780.0,-10.0,-0.1,0.2926,0.19260000000000002,780.0,-10.0,-0.09223161480000727,0.2464,0.15416838519999274
95.367494499,770.0,0.55,760.0,10.0,0.09077595010000096,0.2926,0.383375950100001,760.0,10.0,0.09854434989997571,0.2464,0.3449443498999757
95.387947042,770.0,0.55,760.0,10.0,0.09166554810000435,0.2926,0.38426554810000435,760.0,10.0,0.09943393329997434,0.2464,0.34583393329997436
95.402553419,770.0,0.55,760.0,10.0,0.09255349819999538,0.2926,0.3851534981999954,760.0,10.0,0.1,0.2464,0.34640000000000004
95.414036337,770.0,0.55,760.0,10.0,0.09322576075000143,0.2926,0.38582576075000147,760.0,10.0,0.1,0.2464,0.34640000000000004
95.428170505,770.0,0.55,760.0,10.0,0.09382398374999866,0.2926,0.3864239837499987,780.0,-10.0,-0.09059825215000729,0.2464,0.15580174784999273
95.443711381,770.0,0.55,780.0,-10.0,-0.09694868505000613,0.2926,0.19565131494999388,780.0,-10.0,-0.09137092100001155,0.2464,0.15502907899998847
95.459116633,770.0,0.55,780.0,-10.0,-0.09774109975001011,0.2926,0.19485890024998992,760.0,10.0,0.09942150824997498,0.2464,0.345821508249975
95.472149759,770.0,0.55,760.0,10.0,0.09290485444998012,0.2926,0.38550485444998017,760.0,10.0,0.1,0.2464,0.34640000000000004
95.482951927,770.0,0.55,760.0,10.0,0.09355436699996972,0.2926,0.38615436699996974,760.0,10.0,0.1,0.2464,0.34640000000000004
95.496326303,770.0,0.55,760.0,10.0,0.0940952920999871,0.2926,0.3866952920999871,780.0,-10.0,-0.09054092504999517,0.2464,0.15585907495000484
95.509393846,770.0,0.55,760.0,10.0,0.09476966924998123,0.2926,0.3873696692499813,760.0,10.0,0.1,0.2464,0.34640000000000004
95.523512556,770.0,0.55,780.0,-10.0,-0.09582527245001984,0.2926,0.19677472754998018,780.0,-10.0,-0.09059497090001059,0.2464,0.15580502909998942
95.543789225,770.0,0.55,760.0,10.0,0.09529851934998078,0.2926,0.3878985193499808,760.0,10.0,0.1,0.2464,0.34640000000000004
95.554094976,770.0,0.55,760.0,10.0,0.09591132564998134,0.2926,0.38851132564998136,760.0,10.0,0.1,0.2464,0.34640000000000004
95.56559831,770.0,0.55,760.0,10.0,0.0964845381999703,0.2926,0.38908453819997035,760.0,10.0,0.1,0.2464,0.34640000000000004
95.57816477,770.0,0.55,760.0,10.0,0.09700557159998426,0.2926,0.38960557159998427,780.0,-10.0,-0.09052104799999597,0.2464,0.15587895200000404
95.591245729,770.0,0.55,760.0,10.0,0.09767089249998208,0.2926,0.3902708924999821,760.0,10.0,0.1,0.2464,0.34640000000000004
95.60163723,770.0,0.55,760.0,10.0,0.09828543419997914,0.2926,0.3908854341999792,760.0,10.0,0.1,0.2464,0.34640000000000004
95.614066607,770.0,0.55,760.0,10.0,0.09890987804998531,0.2926,0.3915098780499853,760.0,10.0,0.1,0.2464,0.34640000000000004
95.625890483,770.0,0.55,780.0,-10.0,-0.09167249280001215,0.2926,0.20092750719998786,760.0,10.0,0.1,0.2464,0.34640000000000004
95.639654818,770.0,0.55,780.0,-10.0,-0.09227510540001731,0.2926,0.2003248945999827,780.0,-10.0,-0.09060261255000569,0.2464,0.15579738744999433
95.653492652,770.0,0.55,760.0,10.0,0.09840672379997614,0.2926,0.39100672379997614,760.0,10.0,0.1,0.2464,0.34640000000000004
95.664994529,770.0,0.55,780.0,-10.0,-0.0922721742000249,0.2926,0.20032782579997513,760.0,10.0,0.1,0.2464,0.34640000000000004
95.676111988,770.0,0.55,760.0,10.0,0.0982794258499689,0.2926,0.39087942584996893,760.0,10.0,0.1,0.2464,0.34640000000000004
95.687486989,770.0,0.55,760.0,10.0,0.0988587633999623,0.2926,0.39145876339996233,760.0,10.0,0.1,0.2464,0.34640000000000004
95.700838324,770.0,0.55,780.0,-10.0,-0.09179096795005534,0.2926,0.20080903204994469,760.0,10.0,0.1,0.2464,0.34640000000000004
95.715118034,770.0,0.55,760.0,10.0,0.09882964044992605,0.2926,0.39142964044992606,780.0,-10.0,-0.09062062300000889,0.2464,0.15577937699999111
95.729088868,770.0,0.55,780.0,-10.0,-0.09185902835008619,0.2926,0.20074097164991384,780.0,-10.0,-0.0913092772499931,0.2464,0.1550907227500069
95.742998745,770.0,0.55,780.0,-10.0,-0.09256096800008891,0.2926,0.20003903199991113,760.0,10.0,0.09939266240000962,0.2464,0.3457926624000096
95.773612081,770.0,0.55,780.0,-10.0,-0.09408230150008876,0.2926,0.19851769849991127,760.0,10.0,0.1,0.2464,0.34640000000000004
95.811478585,770.0,0.55,780.0,-10.0,-0.09592009335008242,0.2926,0.1966799066499176,780.0,-10.0,-0.09183779184999366,0.2464,0.15456220815000635
95.825590586,770.0,0.55,760.0,10.0,0.0948496587999125,0.2926,0.38744965879991256,760.0,10.0,0.09893198950001078,0.2464,0.34533198950001076
95.838982754,770.0,0.55,780.0,-10.0,-0.09581748500008871,0.2926,0.1967825149999113,760.0,10.0,0.099599133300012,0.2464,0.345999133300012
95.853597589,770.0,0.55,760.0,10.0,0.09487411509991489,0.2926,0.3874741150999149,760.0,10.0,0.1,0.2464,0.34640000000000004
95.864264424,770.0,0.55,760.0,10.0,0.09555913804992087,0.2926,0.3881591380499209,760.0,10.0,0.1,0.2464,0.34640000000000004
95.876638966,770.0,0.55,760.0,10.0,0.09616072979992168,0.2926,0.3887607297999217,760.0,10.0,0.1,0.2464,0.34640000000000004
95.891550135,770.0,0.55,760.0,10.0,0.09672399649990894,0.2926,0.38932399649990895,780.0,-10.0,-0.09056328130001476,0.2464,0.15583671869998525
95.906188594,770.0,0.55,760.0,10.0,0.09754521324990947,0.2926,0.3901452132499095,760.0,10.0,0.1,0.2464,0.34640000000000004
95.917837179,770.0,0.55,780.0,-10.0,-0.09313991185010764,0.2926,0.19946008814989238,760.0,10.0,0.1,0.2464,0.34640000000000004
95.931795764,770.0,0.55,760.0,10.0,0.09756495904988696,0.2926,0.390164959049887,760.0,10.0,0.1,0.2464,0.34640000000000004
95.947606724,770.0,0.55,780.0,-10.0,-0.09309549100009917,0.2926,0.19950450899990085,780.0,-10.0,-0.09066045004998614,0.2464,0.15573954995001388
95.965930684,770.0,0.55,780.0,-10.0,-0.09394699735009908,0.2926,0.19865300264990093,780.0,-10.0,-0.09151197094999133,0.2464,0.15488802905000867
95.98155381,770.0,0.55,780.0,-10.0,-0.09481276620010703,0.2926,0.197787233799893,760.0,10.0,0.09935378330001185,0.2464,0.34575378330001183
95.998945895,770.0,0.55,760.0,10.0,0.09602710259988725,0.2926,0.3886271025998873,760.0,10.0,0.1,0.2464,0.34640000000000004
96.011933522,770.0,0.55,760.0,10.0,0.09681320269989101,0.2926,0.38941320269989105,760.0,10.0,0.1,0.2464,0.34640000000000004
96.032636607,770.0,0.55,760.0,10.0,0.09752368819989897,0.2926,0.390123688199899,780.0,-10.0,-0.09071045629999844,0.2464,0.15568954370000157
96.055787943,770.0,0.55,760.0,10.0,0.09888607789988782,0.2926,0.3914860778998879,740.0,30.0,0.29,0.2464,0.5364
96.072782778,770.0,0.55,780.0,-10.0,-0.09196592425012114,0.2926,0.2006340757498789,760.0,10.0,0.1,0.2464,0.34640000000000004
96.089557405,770.0,0.55,760.0,10.0,0.09889542584986885,0.2926,0.39149542584986885,780.0,-10.0,-0.09086139385000479,0.2464,0.1555386061499952
96.102320156,770.0,0.55,780.0,-10.0,-0.09174406795013965,0.2926,0.20085593204986038,760.0,10.0,0.09977811454998572,0.2464,0.3461781145499857
96.118140157,770.0,0.55,760.0,10.0,0.09904060299985759,0.2926,0.3916406029998576,780.0,-10.0,-0.09100655635001204,0.2464,0.15539344364998797
96.132081534,770.0,0.55,780.0,-10.0,-0.09166189080015101,0.2926,0.200938109199849,780.0,-10.0,-0.09170902100003332,0.2464,0.1546909789999667
96.148486619,770.0,0.55,760.0,10.0,0.0991437509498519,0.2926,0.3917437509498519,760.0,10.0,0.09909664994995637,0.2464,0.3454966499499564
96.161224578,770.0,0.55,780.0,-10.0,-0.09151102620014626,0.2926,0.20108897379985377,760.0,10.0,0.09975141249994976,0.2464,0.34615141249994974
96.17660533,770.0,0.55,760.0,10.0,0.09925405929983754,0.2926,0.3918540592998376,760.0,10.0,0.1,0.2464,0.34640000000000004
96.189279706,770.0,0.55,780.0,-10.0,-0.09138256160017591,0.2926,0.20121743839982412,780.0,-10.0,-0.09063656254999387,0.2464,0.15576343745000615
96.202897916,770.0,0.55,760.0,10.0,0.09930200929981312,0.2926,0.3919020092998131,780.0,-10.0,-0.09132122094998976,0.2464,0.15507877905001025
96.217370709,770.0,0.55,780.0,-10.0,-0.09140398450019802,0.2926,0.201196015499802,760.0,10.0,0.09938475830001607,0.2464,0.3457847583000161
96.23100496,770.0,0.55,780.0,-10.0,-0.09208702415019161,0.2926,0.20051297584980843,760.0,10.0,0.1,0.2464,0.34640000000000004
96.24491017,770.0,0.55,760.0,10.0,0.09857634259980387,0.2926,0.3911763425998039,780.0,-10.0,-0.09066338135000024,0.2464,0.15573661864999977
96.260162588,770.0,0.55,760.0,10.0,0.09934797599979903,0.2926,0.391947975999799,760.0,10.0,0.1,0.2464,0.34640000000000004
96.286087966,770.0,0.55,780.0,-10.0,-0.09207990750021508,0.2926,0.20052009249978495,760.0,10.0,0.1,0.2464,0.34640000000000004
96.321058511,770.0,0.55,780.0,-10.0,-0.09367673890021706,0.2926,0.19892326109978298,780.0,-10.0,-0.09159684600000674,0.2464,0.15480315399999328
96.335220388,770.0,0.55,760.0,10.0,0.09707198409977537,0.2926,0.3896719840997754,780.0,-10.0,-0.09234558360000392,0.2464,0.1540544163999961
96.348400806,770.0,0.55,780.0,-10.0,-0.09357599720021881,0.2926,0.19902400279978122,780.0,-10.0,-0.09299355029999333,0.2464,0.15340644970000666
96.366978807,770.0,0.55,800.0,-30.0,-0.28611371625026094,0.2926,0.006486283749739086,760.0,10.0,0.0978523123000059,0.2464,0.3442523123000059
# 96.379 Shooter Ready
96.382538642,770.0,0.55,780.0,-10.0,-0.09699570175025655,0.2926,0.19560429824974346,760.0,10.0,0.0987342832000195,0.2464,0.3451342832000195
96.398829102,770.0,0.55,760.0,10.0,0.0936642087497512,0.2926,0.3862642087497512,780.0,-10.0,-0.09192567104998034,0.2464,0.15447432895001967
96.413438687,770.0,0.55,760.0,10.0,0.09455128379974212,0.2926,0.3871512837997422,780.0,-10.0,-0.09281274614997073,0.2464,0.15358725385002928
96.427233938,770.0,0.55,760.0,10.0,0.09523191719973965,0.2926,0.3878319171997397,780.0,-10.0,-0.09349337954996827,0.2464,0.15290662045003173
96.441375107,770.0,0.55,740.0,30.0,0.2873732174497536,0.2926,0.5799732174497536,760.0,10.0,0.09722035800002686,0.2464,0.3436203580000269
96.45531065,770.0,0.55,780.0,-10.0,-0.09331664720025401,0.2926,0.19928335279974602,780.0,-10.0,-0.09346953584999028,0.2464,0.15293046415000972
96.469668526,770.0,0.55,760.0,10.0,0.09737868619974052,0.2926,0.3899786861997405,780.0,-10.0,-0.09416485464998005,0.2464,0.15223514535001997
96.482694069,770.0,0.55,780.0,-10.0,-0.09329780555026446,0.2926,0.19930219444973557,760.0,10.0,0.09651165165003021,0.2464,0.34291165165003024
96.497633237,770.0,0.55,780.0,-10.0,-0.09403454105024593,0.2926,0.19856545894975408,780.0,-10.0,-0.09422506924996923,0.2464,0.15217493075003077
96.511329322,770.0,0.55,780.0,-10.0,-0.09470598695024819,0.2926,0.19789401304975185,760.0,10.0,0.09644631835003566,0.2464,0.34284631835003565
96.529510949,770.0,0.55,780.0,-10.0,-0.09559923080025783,0.2926,0.1970007691997422,780.0,-10.0,-0.09444692549995125,0.2464,0.15195307450004875
96.552598409,770.0,0.55,780.0,-10.0,-0.09666165590026594,0.2926,0.1959383440997341,760.0,10.0,0.09661551415006216,0.2464,0.34301551415006215
96.571499286,770.0,0.55,780.0,-10.0,-0.09768451640024978,0.2926,0.19491548359975025,780.0,-10.0,-0.0944073317999164,0.2464,0.1519926682000836
96.588006163,770.0,0.55,780.0,-10.0,-0.09855324565025966,0.2926,0.19404675434974036,760.0,10.0,0.0964613974500935,0.2464,0.3428613974500935
96.604660623,770.0,0.55,760.0,10.0,0.09220074194974132,0.2926,0.38480074194974134,780.0,-10.0,-0.09429260469991277,0.2464,0.15210739530008724
96.621392375,770.0,0.55,780.0,-10.0,-0.09872560605024319,0.2926,0.19387439394975683,760.0,10.0,0.09663371415008441,0.2464,0.34303371415008443
96.63733196,770.0,0.55,780.0,-10.0,-0.09947273945024335,0.2926,0.19312726054975668,780.0,-10.0,-0.09411343384992052,0.2464,0.1522865661500795
96.659527795,770.0,0.55,780.0,-10.0,-0.1,0.2926,0.19260000000000002,760.0,10.0,0.09700965795007051,0.2464,0.3434096579500705
96.673408213,770.0,0.55,760.0,10.0,0.09073947719999978,0.2926,0.38333947719999983,780.0,-10.0,-0.09372989209993193,0.2464,0.15267010790006807
96.687949256,770.0,0.55,760.0,10.0,0.0914226918499844,0.2926,0.38402269184998444,760.0,10.0,0.09695323505006855,0.2464,0.34335323505006854
96.701591966,770.0,0.55,780.0,-10.0,-0.09930325195002751,0.2926,0.19329674804997252,780.0,-10.0,-0.09377279629992699,0.2464,0.15262720370007302
96.715774551,770.0,0.55,780.0,-10.0,-0.1,0.2926,0.19260000000000002,760.0,10.0,0.09693281835006928,0.2464,0.3433328183500693
96.727764385,770.0,0.55,780.0,-10.0,-0.1,0.2926,0.19260000000000002,760.0,10.0,0.09759348715008401,0.2464,0.34399348715008404
96.740797512,770.0,0.55,780.0,-10.0,-0.1,0.2926,0.19260000000000002,780.0,-10.0,-0.09305803789990477,0.2464,0.15334196210009524
96.754068638,770.0,0.55,760.0,10.0,0.09060205839999981,0.2926,0.3832020583999998,780.0,-10.0,-0.09366011089990935,0.2464,0.15273988910009068
96.770168348,770.0,0.55,780.0,-10.0,-0.1,0.2926,0.19260000000000002,780.0,-10.0,-0.09443950264991599,0.2464,0.15196049735008402
96.797764101,770.0,0.55,780.0,-10.0,-0.1,0.2926,0.19260000000000002,760.0,10.0,0.09702043500008131,0.2464,0.34342043500008135
96.832498104,770.0,0.55,760.0,10.0,0.09161475429999882,0.2926,0.38421475429999885,760.0,10.0,0.09863514555006532,0.2464,0.3450351455500653
96.849539606,770.0,0.55,760.0,10.0,0.09251836689999436,0.2926,0.3851183668999944,780.0,-10.0,-0.0922685253999498,0.2464,0.15413147460005022
96.866515191,770.0,0.55,780.0,-10.0,-0.09827435400002286,0.2926,0.19432564599997715,760.0,10.0,0.09852421010004946,0.2464,0.3449242101000495
96.880406401,770.0,0.55,760.0,10.0,0.09249478569996882,0.2926,0.38509478569996886,780.0,-10.0,-0.09224490039995545,0.2464,0.15415509960004456
96.893552985,770.0,0.55,760.0,10.0,0.09314997114996913,0.2926,0.3857499711499692,780.0,-10.0,-0.09290010044993778,0.2464,0.1534998995500622
96.909747779,770.0,0.55,760.0,10.0,0.09384991289997743,0.2926,0.38644991289997743,760.0,10.0,0.0977998558500758,0.2464,0.34419985585007584
96.924366697,770.0,0.55,760.0,10.0,0.0946354879999626,0.2926,0.38723548799996266,780.0,-10.0,-0.09298571924990938,0.2464,0.15341428075009061
96.939082157,770.0,0.55,780.0,-10.0,-0.09615017455005273,0.2926,0.1964498254499473,760.0,10.0,0.09779992875010066,0.2464,0.34419992875010064
96.953581491,770.0,0.55,760.0,10.0,0.09457350884994412,0.2926,0.38717350884994417,760.0,10.0,0.0985236121500975,0.2464,0.3449236121500975
96.969363576,770.0,0.55,780.0,-10.0,-0.09620737040004315,0.2926,0.19639262959995687,780.0,-10.0,-0.09225723794990245,0.2464,0.15414276205009755
96.982557119,770.0,0.55,780.0,-10.0,-0.09688335175005705,0.2926,0.19571664824994298,760.0,10.0,0.09841878710010406,0.2464,0.34481878710010405
96.996766246,770.0,0.55,780.0,-10.0,-0.09758777055005793,0.2926,0.1950122294499421,780.0,-10.0,-0.09228563169989684,0.2464,0.15411436830010317
97.010166289,770.0,0.55,780.0,-10.0,-0.09824934355006007,0.2926,0.19435065644993996,780.0,-10.0,-0.09294720469989898,0.2464,0.15345279530010103
97.025949249,770.0,0.55,760.0,10.0,0.09254270649993487,0.2926,0.3851427064999349,780.0,-10.0,-0.09373922559988387,0.2464,0.15266077440011613
97.039708333,770.0,0.55,780.0,-10.0,-0.09814160190005623,0.2926,0.1944583980999438,780.0,-10.0,-0.09442351944989241,0.2464,0.1519764805501076
97.056311168,770.0,0.55,780.0,-10.0,-0.09883575405006013,0.2926,0.1937642459499399,760.0,10.0,0.0962706618500988,0.2464,0.3426706618500988
97.07045642,770.0,0.55,760.0,10.0,0.09201452729993434,0.2926,0.3846145272999344,780.0,-10.0,-0.09457961949991842,0.2464,0.1518203805000816
97.086958338,770.0,0.55,780.0,-10.0,-0.098768306100078,0.2926,0.19383169389992203,760.0,10.0,0.09620322850007597,0.2464,0.34260322850007596
97.100353714,770.0,0.55,780.0,-10.0,-0.09948465410006975,0.2926,0.1931153458999303,780.0,-10.0,-0.0945131194499163,0.2464,0.1518868805500837
97.114429549,770.0,0.55,760.0,10.0,0.09121089804993063,0.2926,0.3838108980499306,760.0,10.0,0.09618243270008406,0.2464,0.34258243270008404
97.128078384,770.0,0.55,780.0,-10.0,-0.09947677910006406,0.2926,0.19312322089993597,760.0,10.0,0.09687006615008613,0.2464,0.34327006615008615
97.143002677,770.0,0.55,760.0,10.0,0.09125387514995055,0.2926,0.38385387514995056,780.0,-10.0,-0.09386061724991578,0.2464,0.15253938275008422
97.156480595,770.0,0.55,780.0,-10.0,-0.09942853740003557,0.2926,0.19317146259996446,760.0,10.0,0.09682180990007509,0.2464,0.3432218099000751
97.170205263,770.0,0.55,780.0,-10.0,-0.1,0.2926,0.19260000000000002,780.0,-10.0,-0.09387168599993402,0.2464,0.152528314000066
97.183675306,770.0,0.55,760.0,10.0,0.09065867089999756,0.2926,0.3832586708999976,780.0,-10.0,-0.09453034229992682,0.2464,0.15186965770007319
97.198998308,770.0,0.55,780.0,-10.0,-0.1,0.2926,0.19260000000000002,760.0,10.0,0.09622883695008114,0.2464,0.3426288369500812
97.212946976,770.0,0.55,760.0,10.0,0.09069652919999044,0.2926,0.38329652919999047,780.0,-10.0,-0.09446767769992676,0.2464,0.15193232230007325
97.227349185,770.0,0.55,780.0,-10.0,-0.1,0.2926,0.19260000000000002,760.0,10.0,0.09625565570006529,0.2464,0.3426556557000653
97.23913077,770.0,0.55,780.0,-10.0,-0.1,0.2926,0.19260000000000002,780.0,-10.0,-0.09441201309993176,0.2464,0.15198798690006826
97.253399105,770.0,0.55,760.0,10.0,0.09065646880000258,0.2926,0.38325646880000264,780.0,-10.0,-0.0950684964999391,0.2464,0.15133150350006092
97.266443898,770.0,0.55,780.0,-10.0,-0.09997729374999835,0.2926,0.19262270625000166,760.0,10.0,0.09556525150005654,0.2464,0.3419652515000565
97.280320232,770.0,0.55,780.0,-10.0,-0.1,0.2926,0.19260000000000002,780.0,-10.0,-0.09514370274993325,0.2464,0.15125629725006676
97.311355611,770.0,0.55,780.0,-10.0,-0.1,0.2926,0.19260000000000002,780.0,-10.0,-0.09675341124995157,0.2464,0.14964658875004844
97.344605906,770.0,0.55,780.0,-10.0,-0.1,0.2926,0.19260000000000002,760.0,10.0,0.09485289930003091,0.2464,0.3412528993000309
97.363418991,770.0,0.55,760.0,10.0,0.09092195839999931,0.2926,0.38352195839999936,760.0,10.0,0.09577484315004767,0.2464,0.34217484315004765
97.377575034,770.0,0.55,780.0,-10.0,-0.0997312583500161,0.2926,0.1928687416499839,780.0,-10.0,-0.09487837359994501,0.2464,0.151521626400055
97.393756994,770.0,0.55,760.0,10.0,0.09113187089998519,0.2926,0.38373187089998523,780.0,-10.0,-0.0957415028499463,0.2464,0.1506584971500537
97.40840187,770.0,0.55,780.0,-10.0,-0.09954059584999868,0.2926,0.19305940415000133,760.0,10.0,0.09493097845004286,0.2464,0.3413309784500429
97.424951622,770.0,0.55,760.0,10.0,0.09124422090000281,0.2926,0.3838442209000028,760.0,10.0,0.09571576605005702,0.2464,0.342115766050057
97.439253207,770.0,0.55,760.0,10.0,0.09202769595000518,0.2926,0.38462769595000523,760.0,10.0,0.09649925570006417,0.2464,0.3428992557000642
97.453621292,770.0,0.55,760.0,10.0,0.09277809604999675,0.2926,0.3853780960499968,780.0,-10.0,-0.09425108604993057,0.2464,0.15214891395006944
97.466871418,770.0,0.55,780.0,-10.0,-0.09788121650001358,0.2926,0.19471878349998645,780.0,-10.0,-0.09491047154991974,0.2464,0.15148952845008026
97.482274044,770.0,0.55,760.0,10.0,0.09289235649997864,0.2926,0.38549235649997865,760.0,10.0,0.09586304310007562,0.2464,0.3422630431000756
97.497745796,770.0,0.55,780.0,-10.0,-0.09786300190003203,0.2926,0.194736998099968,760.0,10.0,0.09661834315008946,0.2464,0.3430183431500895
97.514235464,770.0,0.55,760.0,10.0,0.09297206904997438,0.2926,0.38557206904997443,760.0,10.0,0.09745347240009324,0.2464,0.34385347240009323
97.530365216,770.0,0.55,780.0,-10.0,-0.09783768520001104,0.2926,0.19476231479998898,780.0,-10.0,-0.09335625269990487,0.2464,0.15304374730009512
97.558021344,770.0,0.55,760.0,10.0,0.09341509615000178,0.2926,0.3860150961500018,760.0,10.0,0.09789657240010001,0.2464,0.34429657240010003
97.576345596,770.0,0.55,760.0,10.0,0.09445695874998364,0.2926,0.3870569587499837,760.0,10.0,0.09893843500008188,0.2464,0.3453384350000819
97.59101118,770.0,0.55,780.0,-10.0,-0.0962932371500301,0.2926,0.19630676284996992,760.0,10.0,0.0996886309500951,0.2464,0.3460886309500951
97.607787265,770.0,0.55,760.0,10.0,0.09451691084997492,0.2926,0.38711691084997496,760.0,10.0,0.1,0.2464,0.34640000000000004
97.622730517,770.0,0.55,780.0,-10.0,-0.0962690726000119,0.2926,0.19633092739998814,780.0,-10.0,-0.09078599799999211,0.2464,0.1556140020000079
97.639214935,770.0,0.55,760.0,10.0,0.09451871909999682,0.2926,0.38711871909999684,760.0,10.0,0.1,0.2464,0.34640000000000004
97.65717402,770.0,0.55,760.0,10.0,0.0954244754499905,0.2926,0.3880244754499905,780.0,-10.0,-0.09090577094999844,0.2464,0.15549422905000157
97.67273998,770.0,0.55,780.0,-10.0,-0.09537367050002103,0.2926,0.19722632949997898,760.0,10.0,0.09989238954999564,0.2464,0.34629238954999564
97.689453649,770.0,0.55,780.0,-10.0,-0.0961541268000019,0.2926,0.19644587319999812,780.0,-10.0,-0.09088805220002541,0.2464,0.1555119477999746
97.710252984,770.0,0.55,800.0,-30.0,-0.28937508970003817,0.2926,0.0032249102999618584,760.0,10.0,0.1,0.2464,0.34640000000000004
# 97.724 Shooter Ready
97.731066903,770.0,0.55,780.0,-10.0,-0.1,0.2926,0.19260000000000002,780.0,-10.0,-0.09087749384999824,0.2464,0.15552250615000177
97.743012987,770.0,0.55,780.0,-10.0,-0.1,0.2926,0.19260000000000002,760.0,10.0,0.09997927704998802,0.2464,0.34637927704998805
97.757646489,770.0,0.55,760.0,10.0,0.09064458340000328,0.2926,0.38324458340000334,780.0,-10.0,-0.09066532095002003,0.2464,0.15573467904997998
97.77075399,770.0,0.55,780.0,-10.0,-0.1,0.2926,0.19260000000000002,780.0,-10.0,-0.0913332960000298,0.2464,0.1550667039999702
97.783208741,770.0,0.55,780.0,-10.0,-0.1,0.2926,0.19260000000000002,780.0,-10.0,-0.09203096275001826,0.2464,0.15436903724998174
97.797449951,770.0,0.55,780.0,-10.0,-0.1,0.2926,0.19260000000000002,780.0,-10.0,-0.09273787535002156,0.2464,0.15366212464997844
97.823636662,770.0,0.55,760.0,10.0,0.09125639800000954,0.2926,0.3838563980000096,760.0,10.0,0.09851855184997475,0.2464,0.3449185518499748
97.856890165,770.0,0.55,760.0,10.0,0.09283623985001213,0.2926,0.3854362398500122,780.0,-10.0,-0.09306126080001832,0.2464,0.1533387391999817
97.870535208,770.0,0.55,760.0,10.0,0.0936063274000071,0.2926,0.38620632740000715,780.0,-10.0,-0.09383140670003286,0.2464,0.15256859329996714
97.885255043,770.0,0.55,760.0,10.0,0.09421580874999563,0.2926,0.38681580874999566,760.0,10.0,0.0967780745999562,0.2464,0.3431780745999562
97.898593545,770.0,0.55,780.0,-10.0,-0.09657087465002405,0.2926,0.19602912534997596,780.0,-10.0,-0.0940085942500582,0.2464,0.1523914057499418
97.910906254,770.0,0.55,760.0,10.0,0.09404604414995901,0.2926,0.38664604414995907,780.0,-10.0,-0.09462551305004127,0.2464,0.15177448694995874
97.92370838,770.0,0.55,780.0,-10.0,-0.09659989550004866,0.2926,0.19600010449995137,780.0,-10.0,-0.09527143810004418,0.2464,0.15112856189995583
97.938786382,770.0,0.55,780.0,-10.0,-0.09724312265004756,0.2926,0.19535687734995247,760.0,10.0,0.09537180364995948,0.2464,0.3417718036499595
97.95211205,770.0,0.55,780.0,-10.0,-0.09800604980005119,0.2926,0.19459395019994885,760.0,10.0,0.09613474539996787,0.2464,0.34253474539996787
97.965280218,770.0,0.55,780.0,-10.0,-0.09865992280003866,0.2926,0.19394007719996137,780.0,-10.0,-0.09451911300001484,0.2464,0.15188088699998517
97.979636928,770.0,0.55,780.0,-10.0,-0.0993870478500412,0.2926,0.19321295214995882,760.0,10.0,0.09620799750000515,0.2464,0.34260799750000515
97.993151887,770.0,0.55,760.0,10.0,0.09128616264996708,0.2926,0.3838861626499671,780.0,-10.0,-0.09446519839997564,0.2464,0.15193480160002437
98.009418431,770.0,0.55,780.0,-10.0,-0.09951752495003348,0.2926,0.19308247504996656,760.0,10.0,0.09633848915002545,0.2464,0.34273848915002547
98.022666807,770.0,0.55,780.0,-10.0,-0.1,0.2926,0.19260000000000002,760.0,10.0,0.09701073715002621,0.2464,0.34341073715002624
98.035889517,770.0,0.55,780.0,-10.0,-0.1,0.2926,0.19260000000000002,760.0,10.0,0.09773119765002321,0.2464,0.3441311976500232
98.053122643,770.0,0.55,780.0,-10.0,-0.1,0.2926,0.19260000000000002,780.0,-10.0,-0.09310747534997518,0.2464,0.15329252465002483
98.073021895,770.0,0.55,760.0,10.0,0.09082595635001325,0.2926,0.3834259563500133,760.0,10.0,0.09771849555004337,0.2464,0.34411849555004337
98.088959147,770.0,0.55,780.0,-10.0,-0.1,0.2926,0.19260000000000002,780.0,-10.0,-0.09310722744995928,0.2464,0.15329277255004073
98.104122899,770.0,0.55,780.0,-10.0,-0.1,0.2926,0.19260000000000002,760.0,10.0,0.09781734140003664,0.2464,0.3442173414000367
98.115919358,770.0,0.55,780.0,-10.0,-0.1,0.2926,0.19260000000000002,780.0,-10.0,-0.09275515659996017,0.2464,0.15364484340003984
98.129156651,770.0,0.55,760.0,10.0,0.09060627294999449,0.2926,0.38320627294999454,780.0,-10.0,-0.0933614149499499,0.2464,0.1530385850500501
98.142470361,770.0,0.55,760.0,10.0,0.09129007094999451,0.2926,0.38389007094999456,760.0,10.0,0.09732233930005804,0.2464,0.343722339300058
98.156967071,770.0,0.55,760.0,10.0,0.09200488769999084,0.2926,0.38460488769999085,780.0,-10.0,-0.09339252119993034,0.2464,0.15300747880006965
98.170519655,770.0,0.55,760.0,10.0,0.09268082524999045,0.2926,0.38528082524999047,780.0,-10.0,-0.0940684441999474,0.2464,0.1523315558000526
98.187065907,770.0,0.55,760.0,10.0,0.09350823989999754,0.2926,0.38610823989999754,780.0,-10.0,-0.09489587344993652,0.2464,0.15150412655006348
98.199998117,770.0,0.55,760.0,10.0,0.09415998374999163,0.2926,0.38675998374999165,760.0,10.0,0.0957558703500581,0.2464,0.3421558703500581
98.214849493,770.0,0.55,780.0,-10.0,-0.09655576630002542,0.2926,0.1960442336999746,760.0,10.0,0.09647160585006986,0.2464,0.34287160585006987
98.227681953,770.0,0.55,760.0,10.0,0.09411266084995532,0.2926,0.38671266084995537,780.0,-10.0,-0.0941968650499257,0.2464,0.15220313495007431
98.240441496,770.0,0.55,780.0,-10.0,-0.09653864545005035,0.2926,0.19606135454994966,760.0,10.0,0.09645442665007523,0.2464,0.34285442665007526
98.254186289,770.0,0.55,780.0,-10.0,-0.09721608510005808,0.2926,0.19538391489994195,760.0,10.0,0.0971318809000877,0.2464,0.3435318809000877
98.267371082,770.0,0.55,760.0,10.0,0.09343172124994453,0.2926,0.38603172124994456,760.0,10.0,0.09777967265008555,0.2464,0.34417967265008553
98.279622833,770.0,0.55,780.0,-10.0,-0.09719534755004133,0.2926,0.1954046524499587,760.0,10.0,0.09840675605007618,0.2464,0.34480675605007616
98.293615251,770.0,0.55,780.0,-10.0,-0.09788142055003846,0.2926,0.19471857944996157,780.0,-10.0,-0.09227930234991619,0.2464,0.15412069765008382
98.308470127,770.0,0.55,760.0,10.0,0.09286642739997661,0.2926,0.3854664273999766,780.0,-10.0,-0.09302715029993124,0.2464,0.15337284970006876
98.333113922,770.0,0.55,780.0,-10.0,-0.09837023940001473,0.2926,0.1942297605999853,760.0,10.0,0.09820947275006801,0.2464,0.34460947275006804
98.36544955,770.0,0.55,780.0,-10.0,-0.09987809790002303,0.2926,0.192721902099977,780.0,-10.0,-0.09329844409993712,0.2464,0.15310155590006289
98.378491718,770.0,0.55,780.0,-10.0,-0.1,0.2926,0.19260000000000002,780.0,-10.0,-0.09406172124992282,0.2464,0.1523382787500772
98.392435428,770.0,0.55,760.0,10.0,0.09063479795001059,0.2926,0.3832347979500106,760.0,10.0,0.0965730184000904,0.2464,0.3429730184000904
98.406518262,770.0,0.55,760.0,10.0,0.09137542720001421,0.2926,0.3839754272000142,760.0,10.0,0.0973136914000861,0.2464,0.3437136914000861
98.41983693,770.0,0.55,760.0,10.0,0.09206262310000511,0.2926,0.38466262310000515,780.0,-10.0,-0.09337350449990481,0.2464,0.1530264955000952
98.434439807,770.0,0.55,760.0,10.0,0.09278887320000649,0.2926,0.38538887320000653,780.0,-10.0,-0.09409975454990673,0.2464,0.1523002454500933
98.451941559,770.0,0.55,780.0,-10.0,-0.0979958560499881,0.2926,0.1946041439500119,780.0,-10.0,-0.0948844691999193,0.2464,0.1515155308000807
98.466696102,770.0,0.55,780.0,-10.0,-0.0988330998499805,0.2926,0.19376690015001952,760.0,10.0,0.0959527309000805,0.2464,0.3423527309000805
98.479936895,770.0,0.55,780.0,-10.0,-0.09949309784999513,0.2926,0.1931069021500049,760.0,10.0,0.09661277265006447,0.2464,0.34301277265006447
98.494301188,770.0,0.55,780.0,-10.0,-0.1,0.2926,0.19260000000000002,780.0,-10.0,-0.09410627324993129,0.2464,0.15229372675006872
98.508836981,770.0,0.55,760.0,10.0,0.0907069271500086,0.2926,0.38330692715000864,780.0,-10.0,-0.09481468789994324,0.2464,0.15158531210005677
98.524297066,770.0,0.55,780.0,-10.0,-0.1,0.2926,0.19260000000000002,760.0,10.0,0.0959229226000616,0.2464,0.3423229226000616
98.536640984,770.0,0.55,780.0,-10.0,-0.1,0.2926,0.19260000000000002,760.0,10.0,0.09664180805004889,0.2464,0.3430418080500489
98.550201443,770.0,0.55,760.0,10.0,0.09063603754999804,0.2926,0.3832360375499981,760.0,10.0,0.09727784565004641,0.2464,0.34367784565004644
98.56328357,770.0,0.55,780.0,-10.0,-0.1,0.2926,0.19260000000000002,780.0,-10.0,-0.09337195854995116,0.2464,0.15302804145004884
98.579279155,770.0,0.55,780.0,-10.0,-0.1,0.2926,0.19260000000000002,780.0,-10.0,-0.09410981699997137,0.2464,0.15229018300002864
98.593208573,770.0,0.55,760.0,10.0,0.09075656884998808,0.2926,0.3833565688499881,780.0,-10.0,-0.09486641494997003,0.2464,0.15153358505002998
98.611413533,770.0,0.55,780.0,-10.0,-0.1,0.2926,0.19260000000000002,760.0,10.0,0.09596899140001369,0.2464,0.3423689914000137
98.629050035,770.0,0.55,760.0,10.0,0.09093541885000832,0.2926,0.38353541885000836,760.0,10.0,0.09690438110001195,0.2464,0.34330438110001193
98.643064619,770.0,0.55,780.0,-10.0,-0.09978388954998536,0.2926,0.19281611045001468,760.0,10.0,0.09762371865001569,0.2464,0.3440237186500157
98.656896037,770.0,0.55,760.0,10.0,0.0909007105000137,0.2926,0.3835007105000137,780.0,-10.0,-0.09306086685000083,0.2464,0.1533391331499992
98.670493247,770.0,0.55,760.0,10.0,0.09159674390001783,0.2926,0.38419674390001785,780.0,-10.0,-0.0937569002499822,0.2464,0.1526430997500178
98.682986207,770.0,0.55,780.0,-10.0,-0.09902826864997678,0.2926,0.19357173135002326,780.0,-10.0,-0.09438192739998158,0.2464,0.15201807260001843
98.701598917,770.0,0.55,780.0,-10.0,-0.0999493666999797,0.2926,0.19265063330002033,760.0,10.0,0.09653917060002186,0.2464,0.3429391706000219
98.714555918,770.0,0.55,760.0,10.0,0.09070506045001367,0.2926,0.38330506045001367,760.0,10.0,0.09719359775003795,0.2464,0.34359359775003795
98.729873378,770.0,0.55,760.0,10.0,0.09145530010001948,0.2926,0.38405530010001954,780.0,-10.0,-0.09355664189994514,0.2464,0.15284335810005487
98.742973879,770.0,0.55,780.0,-10.0,-0.09921503744999427,0.2926,0.19338496255000576,780.0,-10.0,-0.09422697944995889,0.2464,0.15217302055004112
98.757415464,770.0,0.55,780.0,-10.0,-0.09992337919998136,0.2926,0.19267662080001868,780.0,-10.0,-0.09493530664994068,0.2464,0.15146469335005933
98.770863341,770.0,0.55,780.0,-10.0,-0.1,0.2926,0.19260000000000002,760.0,10.0,0.09573573090005993,0.2464,0.34213573090005994
98.78348405,770.0,0.55,780.0,-10.0,-0.1,0.2926,0.19260000000000002,760.0,10.0,0.096433791400068,0.2464,0.342833791400068
98.795816885,770.0,0.55,780.0,-10.0,-0.1,0.2926,0.19260000000000002,780.0,-10.0,-0.09417542739992314,0.2464,0.15222457260007688
98.81330347,770.0,0.55,760.0,10.0,0.0907714875999909,0.2926,0.38337148759999096,760.0,10.0,0.09659606015009103,0.2464,0.34299606015009104
98.840257264,770.0,0.55,780.0,-10.0,-0.1,0.2926,0.19260000000000002,780.0,-10.0,-0.09481204834991332,0.2464,0.1515879516500867
98.872564017,770.0,0.55,780.0,-10.0,-0.1,0.2926,0.19260000000000002,760.0,10.0,0.09680256015008126,0.2464,0.34320256015008127
98.888294186,770.0,0.55,760.0,10.0,0.09077011675000449,0.2926,0.38337011675000454,760.0,10.0,0.09757266230008099,0.2464,0.343972662300081
98.903806771,770.0,0.55,780.0,-10.0,-0.0999637458000052,0.2926,0.19263625419999483,780.0,-10.0,-0.0931611856999234,0.2464,0.1532388143000766
98.918919189,770.0,0.55,780.0,-10.0,-0.1,0.2926,0.19260000000000002,780.0,-10.0,-0.09394785449991559,0.2464,0.1524521455000844
98.930029065,770.0,0.55,780.0,-10.0,-0.1,0.2926,0.19260000000000002,780.0,-10.0,-0.09458628374992714,0.2464,0.15181371625007287
98.941754066,770.0,0.55,780.0,-10.0,-0.1,0.2926,0.19260000000000002,760.0,10.0,0.09600104550006563,0.2464,0.34240104550006567
98.956477693,770.0,0.55,760.0,10.0,0.09057117090000247,0.2926,0.3831711709000025,760.0,10.0,0.09657220180006335,0.2464,0.3429722018000634
98.970347319,770.0,0.55,760.0,10.0,0.09137130015000366,0.2926,0.3839713001500037,780.0,-10.0,-0.0942279128499331,0.2464,0.15217208715006691
98.98290882,770.0,0.55,780.0,-10.0,-0.09925617700000658,0.2926,0.19334382299999345,780.0,-10.0,-0.09485538999994333,0.2464,0.15154461000005667
98.995729905,770.0,0.55,760.0,10.0,0.09138661264998063,0.2926,0.3839866126499807,780.0,-10.0,-0.0954981942499353,0.2464,0.1509018057500647
99.007931781,770.0,0.55,780.0,-10.0,-0.0992252311500124,0.2926,0.1933747688499876,760.0,10.0,0.09511364955005774,0.2464,0.34151364955005775
99.020880907,770.0,0.55,780.0,-10.0,-0.09987782080002035,0.2926,0.1927221791999797,760.0,10.0,0.09576625375007097,0.2464,0.342166253750071
99.032680867,770.0,0.55,760.0,10.0,0.09071354799997608,0.2926,0.3833135479999761,760.0,10.0,0.0963576080000621,0.2464,0.3427576080000621
99.046433535,770.0,0.55,780.0,-10.0,-0.0999231312500342,0.2926,0.1926768687499658,780.0,-10.0,-0.09427907124994818,0.2464,0.15212092875005184
99.058961203,770.0,0.55,780.0,-10.0,-0.1,0.2926,0.19260000000000002,780.0,-10.0,-0.09493711504993826,0.2464,0.15146288495006174
99.073020704,770.0,0.55,760.0,10.0,0.09067395420001048,0.2926,0.38327395420001054,780.0,-10.0,-0.09561106929994821,0.2464,0.15078893070005178
99.089876414,770.0,0.55,780.0,-10.0,-0.1,0.2926,0.19260000000000002,760.0,10.0,0.09510460785004397,0.2464,0.341504607850044
99.104692499,770.0,0.55,760.0,10.0,0.0909077688500156,0.2926,0.38350776885001564,780.0,-10.0,-0.09580316094994942,0.2464,0.15059683905005058
99.117475959,770.0,0.55,780.0,-10.0,-0.09972220204997484,0.2926,0.1928777979500252,760.0,10.0,0.09482679540005848,0.2464,0.3412267954000585
99.13023696,770.0,0.55,780.0,-10.0,-0.1,0.2926,0.19260000000000002,780.0,-10.0,-0.09581597964994672,0.2464,0.1505840203500533
99.142432711,770.0,0.55,760.0,10.0,0.09062288340000123,0.2926,0.38322288340000127,780.0,-10.0,-0.09643880469995111,0.2464,0.1499611953000489
99.155259046,770.0,0.55,780.0,-10.0,-0.1,0.2926,0.19260000000000002,760.0,10.0,0.0942023516500285,0.2464,0.3406023516500285
99.167448089,770.0,0.55,760.0,10.0,0.09060011879998,0.2926,0.38320011879998006,780.0,-10.0,-0.09639776714997425,0.2464,0.15000223285002576
99.18003059,770.0,0.55,760.0,10.0,0.09123825634998411,0.2926,0.38383825634998414,780.0,-10.0,-0.09703589009997358,0.2464,0.1493641099000264
99.19195305,770.0,0.55,780.0,-10.0,-0.09935623330002272,0.2926,0.1932437666999773,760.0,10.0,0.09355859955003325,0.2464,0.33995859955003327
99.205484051,770.0,0.55,780.0,-10.0,-0.1,0.2926,0.19260000000000002,780.0,-10.0,-0.09709269219996713,0.2464,0.14930730780003287
99.21677126,770.0,0.55,780.0,-10.0,-0.1,0.2926,0.19260000000000002,760.0,10.0,0.09354123075004281,0.2464,0.3399412307500428
99.228405553,770.0,0.55,780.0,-10.0,-0.1,0.2926,0.19260000000000002,760.0,10.0,0.09412718915002642,0.2464,0.34052718915002644
99.239518929,770.0,0.55,780.0,-10.0,-0.1,0.2926,0.19260000000000002,780.0,-10.0,-0.09643119214998933,0.2464,0.14996880785001068
99.252898847,770.0,0.55,760.0,10.0,0.09060955419999119,0.2926,0.3832095541999912,780.0,-10.0,-0.09704073179997522,0.2464,0.1493592682000248
99.26547289,770.0,0.55,780.0,-10.0,-0.1,0.2926,0.19260000000000002,760.0,10.0,0.09358499535003376,0.2464,0.3399849953500338
99.278903267,770.0,0.55,760.0,10.0,0.09065444169999864,0.2926,0.38325444169999867,760.0,10.0,0.0942394225000271,0.2464,0.3406394225000271
99.291273726,770.0,0.55,760.0,10.0,0.09129453345000457,0.2926,0.38389453345000457,760.0,10.0,0.09487951425003302,0.2464,0.341279514250033
99.308348186,770.0,0.55,780.0,-10.0,-0.09955328329999702,0.2926,0.193046716700003,780.0,-10.0,-0.09596830249996856,0.2464,0.15043169750003144
99.322741938,770.0,0.55,760.0,10.0,0.09117328759999964,0.2926,0.3837732875999997,780.0,-10.0,-0.09669487339996521,0.2464,0.1497051266000348
99.354055566,770.0,0.55,780.0,-10.0,-0.1,0.2926,0.19260000000000002,760.0,10.0,0.09458106630004295,0.2464,0.340981066300043
99.389092319,770.0,0.55,780.0,-10.0,-0.1,0.2926,0.19260000000000002,780.0,-10.0,-0.09740798389995234,0.2464,0.14899201610004767
99.404764154,770.0,0.55,760.0,10.0,0.09075882920000368,0.2926,0.3833588292000037,780.0,-10.0,-0.0981668422999428,0.2464,0.1482331577000572
99.419225572,770.0,0.55,780.0,-10.0,-0.1,0.2926,0.19260000000000002,760.0,10.0,0.092605199450054,0.2464,0.33900519945005403
99.434847532,770.0,0.55,760.0,10.0,0.09079447090001849,0.2926,0.38339447090001855,780.0,-10.0,-0.09818928604994653,0.2464,0.14821071395005347
99.450316951,770.0,0.55,780.0,-10.0,-0.09995315834996746,0.2926,0.19264684165003257,780.0,-10.0,-0.09893688614994517,0.2464,0.14746311385005484
99.469903827,770.0,0.55,760.0,10.0,0.09088729380004225,0.2926,0.38348729380004226,780.0,-10.0,-0.09977735289995962,0.2464,0.1466226471000404
99.485256579,770.0,0.55,780.0,-10.0,-0.1,0.2926,0.19260000000000002,760.0,10.0,0.09114373050003906,0.2464,0.33754373050003905
99.500672914,770.0,0.55,780.0,-10.0,-0.1,0.2926,0.19260000000000002,760.0,10.0,0.09198909725002977,0.2464,0.33838909725002975
99.51446554,770.0,0.55,780.0,-10.0,-0.1,0.2926,0.19260000000000002,760.0,10.0,0.09268269525002779,0.2464,0.33908269525002777
99.527653833,770.0,0.55,780.0,-10.0,-0.1,0.2926,0.19260000000000002,780.0,-10.0,-0.09797125064998455,0.2464,0.14842874935001546
99.546003168,770.0,0.55,760.0,10.0,0.09085556050000833,0.2926,0.38345556050000834,760.0,10.0,0.09288435360001586,0.2464,0.33928435360001585
99.560288712,770.0,0.55,760.0,10.0,0.09156636679998884,0.2926,0.38416636679998883,760.0,10.0,0.09359514535001381,0.2464,0.33999514535001385
99.57773913,770.0,0.55,780.0,-10.0,-0.09926599165003154,0.2926,0.1933340083499685,780.0,-10.0,-0.09723724224999387,0.2464,0.14916275775000615
99.593533757,770.0,0.55,760.0,10.0,0.09147799174994817,0.2926,0.38407799174994817,760.0,10.0,0.09350674114998583,0.2464,0.33990674114998587
99.606678008,770.0,0.55,780.0,-10.0,-0.09927011875006428,0.2926,0.19332988124993575,780.0,-10.0,-0.09724136935002661,0.2464,0.1491586306499734
99.620936718,770.0,0.55,760.0,10.0,0.0914338479499429,0.2926,0.38403384794994294,760.0,10.0,0.09346259734998057,0.2464,0.3398625973499806
99.633637927,770.0,0.55,760.0,10.0,0.09209116259993608,0.2926,0.3846911625999361,780.0,-10.0,-0.09719468815000255,0.2464,0.14920531184999747
99.648429512,770.0,0.55,780.0,-10.0,-0.0986086333000685,0.2926,0.19399136669993153,780.0,-10.0,-0.09789451320001717,0.2464,0.14850548679998282
99.661201597,770.0,0.55,780.0,-10.0,-0.09929001045006772,0.2926,0.1933099895499323,760.0,10.0,0.09278689314996882,0.2464,0.33918689314996886
99.675258473,770.0,0.55,780.0,-10.0,-0.09996812095005225,0.2926,0.19263187904994777,780.0,-10.0,-0.09789118815002894,0.2464,0.14850881184997106
99.689365516,770.0,0.55,780.0,-10.0,-0.1,0.2926,0.19260000000000002,780.0,-10.0,-0.09861224655004662,0.2464,0.14778775344995337
99.701304601,770.0,0.55,780.0,-10.0,-0.1,0.2926,0.19260000000000002,760.0,10.0,0.0920481743499522,0.2464,0.3384481743499522
99.71454306,770.0,0.55,760.0,10.0,0.09056991674998699,0.2926,0.383169916749987,760.0,10.0,0.0926180910999392,0.2464,0.3390180910999392
99.730788312,770.0,0.55,800.0,-30.0,-0.29,0.2926,0.0026000000000000467,760.0,10.0,0.09345580159995279,0.2464,0.33985580159995277
# 99.742 Shooter Ready
99.745091063,770.0,0.55,780.0,-10.0,-0.1,0.2926,0.19260000000000002,760.0,10.0,0.0941715516499471,0.2464,0.3405715516499471
99.759076773,770.0,0.55,800.0,-30.0,-0.29,0.2926,0.0026000000000000467,780.0,-10.0,-0.09649266090003948,0.2464,0.1499073390999605
99.773477525,770.0,0.55,780.0,-10.0,-0.1,0.2926,0.19260000000000002,780.0,-10.0,-0.0972518839000395,0.2464,0.1491481160999605
99.785705068,770.0,0.55,780.0,-10.0,-0.1,0.2926,0.19260000000000002,760.0,10.0,0.09340844949997518,0.2464,0.3398084494999752
99.800704611,770.0,0.55,760.0,10.0,0.09069514379999874,0.2926,0.38329514379999874,760.0,10.0,0.0941036224999607,0.2464,0.3405036224999607
99.814929195,770.0,0.55,760.0,10.0,0.09140551264998976,0.2926,0.3840055126499898,780.0,-10.0,-0.0966067463000536,0.2464,0.1497932536999464
99.831573739,770.0,0.55,780.0,-10.0,-0.09942127490000985,0.2926,0.19317872509999018,780.0,-10.0,-0.09743354850005745,0.2464,0.14896645149994256
99.859034742,770.0,0.55,780.0,-10.0,-0.1,0.2926,0.19260000000000002,780.0,-10.0,-0.09878144240004985,0.2464,0.14761855759995016
99.89769312,770.0,0.55,760.0,10.0,0.0918913564499826,0.2926,0.3844913564499826,760.0,10.0,0.09310991399995601,0.2464,0.339509913999956
99.912558497,770.0,0.55,760.0,10.0,0.09265098774998479,0.2926,0.3852509877499848,760.0,10.0,0.0938695307499529,0.2464,0.3402695307499529
99.928615915,770.0,0.55,760.0,10.0,0.09338261909998892,0.2926,0.38598261909998893,780.0,-10.0,-0.09685969435005518,0.2464,0.14954030564994483
99.944366792,770.0,0.55,760.0,10.0,0.09423084414999267,0.2926,0.3868308441499927,780.0,-10.0,-0.09771038400005182,0.2464,0.14868961599994818
99.95723921,770.0,0.55,780.0,-10.0,-0.09648053094999795,0.2926,0.19611946905000208,780.0,-10.0,-0.09842172990003292,0.2464,0.14797827009996709
99.97188117,770.0,0.55,760.0,10.0,0.09416600660000768,0.2926,0.3867660066000077,760.0,10.0,0.09222482224997748,0.2464,0.3386248222499775
99.984710713,770.0,0.55,780.0,-10.0,-0.09656854139998358,0.2926,0.19603145860001644,760.0,10.0,0.09295937024996874,0.2464,0.33935937024996876
99.998162089,770.0,0.55,760.0,10.0,0.09408676075003314,0.2926,0.38668676075003316,780.0,-10.0,-0.09769594650003001,0.2464,0.14870405349997
100.011156424,770.0,0.55,760.0,10.0,0.09475256290003473,0.2926,0.3873525629000347,760.0,10.0,0.09296984104998955,0.2464,0.3393698410499896
100.02485805,770.0,0.55,780.0,-10.0,-0.0959145225999464,0.2926,0.19668547740005363,780.0,-10.0,-0.09769724444999156,0.2464,0.14870275555000845
100.038115468,770.0,0.55,760.0,10.0,0.09474455660007607,0.2926,0.3873445566000761,780.0,-10.0,-0.09835632364999128,0.2464,0.14804367635000873
100.052726219,770.0,0.55,780.0,-10.0,-0.0960156434999135,0.2926,0.19658435650008654,760.0,10.0,0.09240386185001626,0.2464,0.33880386185001626
100.064907971,770.0,0.55,780.0,-10.0,-0.09662490604991944,0.2926,0.1959750939500806,780.0,-10.0,-0.09820541529999446,0.2464,0.14819458470000554
100.07910193,770.0,0.55,760.0,10.0,0.0940329919500664,0.2926,0.3866329919500664,760.0,10.0,0.0924524535000046,0.2464,0.3388524535000046
100.094305349,770.0,0.55,780.0,-10.0,-0.09664950809994935,0.2926,0.19595049190005068,760.0,10.0,0.09313496815000236,0.2464,0.3395349681500024
100.10905785,770.0,0.55,780.0,-10.0,-0.09749841859993466,0.2926,0.19510158140006537,780.0,-10.0,-0.09771395694998773,0.2464,0.14868604305001226
100.121648226,770.0,0.55,760.0,10.0,0.09313697730007334,0.2926,0.3857369773000734,760.0,10.0,0.09292143895002028,0.2464,0.3393214389500203
100.135230853,770.0,0.55,780.0,-10.0,-0.09753439569992679,0.2926,0.19506560430007325,780.0,-10.0,-0.09774994859998515,0.2464,0.14865005140001486
100.147670729,770.0,0.55,780.0,-10.0,-0.09816197489992647,0.2926,0.19443802510007357,760.0,10.0,0.09287758689999918,0.2464,0.3392775868999992
100.161196772,770.0,0.55,780.0,-10.0,-0.09884284164993459,0.2926,0.19375715835006543,760.0,10.0,0.0935584244499978,0.2464,0.3399584244499978
100.17448919,770.0,0.55,780.0,-10.0,-0.09951309169991873,0.2926,0.1930869083000813,760.0,10.0,0.0942287037000142,0.2464,0.3406287037000142
100.188370483,770.0,0.55,780.0,-10.0,-0.1,0.2926,0.19260000000000002,760.0,10.0,0.09489997460000268,0.2464,0.3412999746000027
100.201197984,770.0,0.55,760.0,10.0,0.09065985214998819,0.2926,0.3832598521499882,780.0,-10.0,-0.09575990669999555,0.2464,0.15064009330000444
100.215230361,770.0,0.55,780.0,-10.0,-0.1,0.2926,0.19260000000000002,780.0,-10.0,-0.09645882759999949,0.2464,0.14994117240000052
100.227122487,770.0,0.55,780.0,-10.0,-0.1,0.2926,0.19260000000000002,780.0,-10.0,-0.0971109943500005,0.2464,0.1492890056499995
100.240707155,770.0,0.55,760.0,10.0,0.09061922299998969,0.2926,0.38321922299998973,780.0,-10.0,-0.0977302318999955,0.2464,0.1486697681000045
100.254060531,770.0,0.55,780.0,-10.0,-0.1,0.2926,0.19260000000000002,760.0,10.0,0.0929388807000123,0.2464,0.3393388807000123
100.266262991,770.0,0.55,780.0,-10.0,-0.1,0.2926,0.19260000000000002,760.0,10.0,0.09361592660000043,0.2464,0.34001592660000046
100.279063367,770.0,0.55,760.0,10.0,0.09058057715000359,0.2926,0.38318057715000364,780.0,-10.0,-0.0969646505000037,0.2464,0.14943534949999632
100.295723077,770.0,0.55,780.0,-10.0,-0.1,0.2926,0.19260000000000002,780.0,-10.0,-0.09777606725000623,0.2464,0.14862393274999378
100.307596245,770.0,0.55,780.0,-10.0,-0.1,0.2926,0.19260000000000002,780.0,-10.0,-0.09843638610001562,0.2464,0.1479636138999844
100.321604705,770.0,0.55,760.0,10.0,0.09065377089999857,0.2926,0.38325377089999857,780.0,-10.0,-0.09909018615000151,0.2464,0.1473098138499985
100.338239623,770.0,0.55,780.0,-10.0,-0.1,0.2926,0.19260000000000002,760.0,10.0,0.09169492225000794,0.2464,0.3380949222500079
100.363187042,770.0,0.55,760.0,10.0,0.09129421265000928,0.2926,0.38389421265000934,780.0,-10.0,-0.09959929040000134,0.2464,0.14680070959999866
100.399089171,770.0,0.55,780.0,-10.0,-0.1,0.2926,0.19260000000000002,760.0,10.0,0.09212733269998807,0.2464,0.3385273326999881
100.416248798,770.0,0.55,800.0,-30.0,-0.29,0.2926,0.0026000000000000467,760.0,10.0,0.09298013694999555,0.2464,0.3393801369499956
# 100.432 Shooter Ready
100.435059258,770.0,0.55,780.0,-10.0,-0.1,0.2926,0.19260000000000002,780.0,-10.0,-0.0980283735499961,0.2464,0.1483716264500039
100.448271176,770.0,0.55,780.0,-10.0,-0.1,0.2926,0.19260000000000002,780.0,-10.0,-0.09873111529999733,0.2464,0.14766888470000267
100.464444094,770.0,0.55,760.0,10.0,0.09070736464999754,0.2926,0.3833073646499976,780.0,-10.0,-0.09943849454999963,0.2464,0.14696150545000036
100.479653637,770.0,0.55,780.0,-10.0,-0.09997787704999155,0.2926,0.19262212295000847,760.0,10.0,0.09124671800000214,0.2464,0.3376467180000021
100.494207805,770.0,0.55,760.0,10.0,0.09087546680001651,0.2926,0.38347546680001654,780.0,-10.0,-0.0996065966499964,0.2464,0.14679340335000363
100.50909389,770.0,0.55,780.0,-10.0,-0.09981926869998006,0.2926,0.19278073130001996,760.0,10.0,0.09108816800001023,0.2464,0.33748816800001025
100.523107308,770.0,0.55,760.0,10.0,0.09093614805002745,0.2926,0.38353614805002745,780.0,-10.0,-0.09966729249998935,0.2464,0.14673270750001066
100.538360893,770.0,0.55,780.0,-10.0,-0.09981735824997032,0.2926,0.1927826417500297,760.0,10.0,0.09108619925000312,0.2464,0.3374861992500031
100.556627978,770.0,0.55,760.0,10.0,0.091113627250038,0.2926,0.38371362725003805,780.0,-10.0,-0.09984477169999992,0.2464,0.1465552283000001
100.569032855,770.0,0.55,780.0,-10.0,-0.09949512489995413,0.2926,0.1931048751000459,780.0,-10.0,-0.1,0.2464,0.1464
100.581764689,770.0,0.55,780.0,-10.0,-0.1,0.2926,0.19260000000000002,780.0,-10.0,-0.1,0.2464,0.1464
100.598199524,770.0,0.55,760.0,10.0,0.09055342299999666,0.2926,0.38315342299999666,760.0,10.0,0.0905534230000194,0.2464,0.3369534230000194
100.612362859,770.0,0.55,780.0,-10.0,-0.1,0.2926,0.19260000000000002,760.0,10.0,0.09139476475001175,0.2464,0.33779476475001174
100.622926443,770.0,0.55,780.0,-10.0,-0.1,0.2926,0.19260000000000002,780.0,-10.0,-0.09922641234998082,0.2464,0.1471735876500192
100.634980736,770.0,0.55,780.0,-10.0,-0.1,0.2926,0.19260000000000002,780.0,-10.0,-0.09980375199997979,0.2464,0.14659624800002022
100.648215988,770.0,0.55,780.0,-10.0,-0.1,0.2926,0.19260000000000002,780.0,-10.0,-0.1,0.2464,0.1464
100.661616906,770.0,0.55,760.0,10.0,0.09061945630000082,0.2926,0.38321945630000087,760.0,10.0,0.0906194563500003,0.2464,0.3370194563500003
100.673583115,770.0,0.55,760.0,10.0,0.09122101885001485,0.2926,0.38382101885001485,760.0,10.0,0.09122100430000955,0.2464,0.3376210043000096
100.68746995,770.0,0.55,780.0,-10.0,-0.09941442079998523,0.2926,0.19318557920001478,760.0,10.0,0.0918564585500144,0.2464,0.3382564585500144
100.699465034,770.0,0.55,760.0,10.0,0.0912402834500108,0.2926,0.3838402834500108,780.0,-10.0,-0.09879824564998216,0.2464,0.14760175435001785
100.712163327,770.0,0.55,780.0,-10.0,-0.09936944574999415,0.2926,0.19323055425000588,780.0,-10.0,-0.09940797489998658,0.2464,0.1469920251000134
100.728409454,770.0,0.55,780.0,-10.0,-0.1,0.2926,0.19260000000000002,760.0,10.0,0.09140265434999947,0.2464,0.33780265434999945
100.744859456,770.0,0.55,780.0,-10.0,-0.1,0.2926,0.19260000000000002,760.0,10.0,0.09229923775000316,0.2464,0.33869923775000316
100.759522999,770.0,0.55,760.0,10.0,0.09067109589999746,0.2926,0.38327109589999747,760.0,10.0,0.09297033365000061,0.2464,0.33937033365000063
100.774528084,770.0,0.55,760.0,10.0,0.09140975639999396,0.2926,0.384009756399994,780.0,-10.0,-0.09776828310000382,0.2464,0.14863171689999619
100.789345918,770.0,0.55,760.0,10.0,0.09213629815000332,0.2926,0.3847362981500033,760.0,10.0,0.09295825864998278,0.2464,0.3393582586499828
100.80351567,770.0,0.55,760.0,10.0,0.0928578085999925,0.2926,0.3854578085999925,760.0,10.0,0.09367981289998625,0.2464,0.34007981289998623
100.81709538,770.0,0.55,760.0,10.0,0.09353058159998909,0.2926,0.38613058159998914,780.0,-10.0,-0.09699296005001087,0.2464,0.14940703994998913
100.831336298,770.0,0.55,760.0,10.0,0.09422969209998883,0.2926,0.38682969209998885,760.0,10.0,0.0937061359000063,0.2464,0.3401061359000063
100.848099258,770.0,0.55,780.0,-10.0,-0.09656747670001095,0.2926,0.19603252329998908,780.0,-10.0,-0.0970910474999755,0.2464,0.14930895250002452
100.87463451,770.0,0.55,780.0,-10.0,-0.09796746230001645,0.2926,0.19463253769998357,760.0,10.0,0.0943089089000432,0.2464,0.34070890890004324
100.908166264,770.0,0.55,780.0,-10.0,-0.09958851660001074,0.2926,0.1930114833999893,780.0,-10.0,-0.09731217459993786,0.2464,0.14908782540006216
100.92289864,770.0,0.55,780.0,-10.0,-0.1,0.2926,0.19260000000000002,760.0,10.0,0.09342826505006997,0.2464,0.33982826505006997
100.936494392,770.0,0.55,760.0,10.0,0.0907169458999897,0.2926,0.3833169458999897,780.0,-10.0,-0.09728868084994247,0.2464,0.14911131915005754
100.950477768,770.0,0.55,780.0,-10.0,-0.0999859708500253,0.2926,0.19261402914997472,780.0,-10.0,-0.09799158299992997,0.2464,0.14840841700007004
100.963400936,770.0,0.55,780.0,-10.0,-0.1,0.2926,0.19260000000000002,760.0,10.0,0.09267028165008015,0.2464,0.33907028165008013
100.978358479,770.0,0.55,760.0,10.0,0.09074703129998853,0.2926,0.38334703129998854,780.0,-10.0,-0.09807674964990838,0.2464,0.14832325035009164
100.992552439,770.0,0.55,760.0,10.0,0.09136564179999823,0.2926,0.38396564179999826,760.0,10.0,0.09254187545010609,0.2464,0.3389418754501061
101.006116982,770.0,0.55,760.0,10.0,0.09211878349998642,0.2926,0.38471878349998645,780.0,-10.0,-0.0982112662498821,0.2464,0.1481887337501179
101.018860191,770.0,0.55,760.0,10.0,0.09275451484999395,0.2926,0.38535451484999395,780.0,-10.0,-0.09884698299988486,0.2464,0.14755301700011514
101.031706651,770.0,0.55,760.0,10.0,0.093414760749979,0.2926,0.38601476074997904,760.0,10.0,0.09181329205011025,0.2464,0.33821329205011025
101.046909486,770.0,0.55,780.0,-10.0,-0.09729517055002361,0.2926,0.1953048294499764,780.0,-10.0,-0.09889662469988707,0.2464,0.14750337530011293
101.060309237,770.0,0.55,780.0,-10.0,-0.09801920395002525,0.2926,0.19458079604997477,760.0,10.0,0.0918273649501225,0.2464,0.3382273649501225
101.073075197,770.0,0.55,780.0,-10.0,-0.09865286445003676,0.2926,0.19394713554996326,760.0,10.0,0.09246104005011603,0.2464,0.338861040050116
101.087672823,770.0,0.55,760.0,10.0,0.09202927104996889,0.2926,0.3846292710499689,760.0,10.0,0.0931431755001222,0.2464,0.3395431755001222
101.104310075,770.0,0.55,780.0,-10.0,-0.09873539150003126,0.2926,0.19386460849996878,760.0,10.0,0.0939078526501271,0.2464,0.3403078526501271
101.117466285,770.0,0.55,780.0,-10.0,-0.09950543535001088,0.2926,0.19309456464998914,780.0,-10.0,-0.09686219119987527,0.2464,0.14953780880012474
101.129730286,770.0,0.55,780.0,-10.0,-0.1,0.2926,0.19260000000000002,760.0,10.0,0.09375967135012162,0.2464,0.3401596713501216
101.141571662,770.0,0.55,780.0,-10.0,-0.1,0.2926,0.19260000000000002,780.0,-10.0,-0.09688899539987687,0.2464,0.14951100460012312
101.15267133,770.0,0.55,780.0,-10.0,-0.1,0.2926,0.19260000000000002,780.0,-10.0,-0.0974502350498824,0.2464,0.1489497649501176
101.165952956,770.0,0.55,760.0,10.0,0.09058738754999013,0.2926,0.38318738754999015,760.0,10.0,0.09313715250010773,0.2464,0.33953715250010774
101.178761499,770.0,0.55,760.0,10.0,0.09123923344999639,0.2926,0.38383923344999643,780.0,-10.0,-0.09751464964988373,0.2464,0.1488853503501163
101.191740084,770.0,0.55,780.0,-10.0,-0.09941399785000157,0.2926,0.19318600214999845,780.0,-10.0,-0.09816791009989174,0.2464,0.14823208990010828
101.20551171,770.0,0.55,780.0,-10.0,-0.1,0.2926,0.19260000000000002,760.0,10.0,0.09247719830010738,0.2464,0.3388771983001074
101.21727492,770.0,0.55,780.0,-10.0,-0.1,0.2926,0.19260000000000002,780.0,-10.0,-0.0982036392998907,0.2464,0.1481963607001093
101.228238087,770.0,0.55,780.0,-10.0,-0.1,0.2926,0.19260000000000002,780.0,-10.0,-0.09875795184989329,0.2464,0.14764204815010673
101.241219589,770.0,0.55,760.0,10.0,0.09059330839999348,0.2926,0.3831933083999935,760.0,10.0,0.0918353565501002,0.2464,0.3382353565501002
101.258624799,770.0,0.55,760.0,10.0,0.09144700225000633,0.2926,0.3840470022500064,780.0,-10.0,-0.09901832269990792,0.2464,0.1473816773000921
101.274905926,770.0,0.55,760.0,10.0,0.09225012104999677,0.2926,0.38485012104999683,760.0,10.0,0.09178479610008253,0.2464,0.33818479610008256
101.289323302,770.0,0.55,780.0,-10.0,-0.0984574623500066,0.2926,0.19414253764999342,780.0,-10.0,-0.09892277274991557,0.2464,0.14747722725008444
101.303493345,770.0,0.55,780.0,-10.0,-0.09918006660000174,0.2926,0.1934199333999983,780.0,-10.0,-0.09964537699993344,0.2464,0.1467546230000666
101.316835638,770.0,0.55,780.0,-10.0,-0.09983310835000339,0.2926,0.19276689164999664,760.0,10.0,0.09100769390005553,0.2464,0.33740769390005554
101.333087598,770.0,0.55,760.0,10.0,0.09098910004999197,0.2926,0.383589100049992,780.0,-10.0,-0.09981448534995252,0.2464,0.1465855146500475
101.346026224,770.0,0.55,780.0,-10.0,-0.09968039170000793,0.2926,0.1929196082999921,760.0,10.0,0.0908550355500347,0.2464,0.3372550355500347
101.363098643,770.0,0.55,760.0,10.0,0.09118652920000386,0.2926,0.3837865292000039,760.0,10.0,0.0917219564500465,0.2464,0.3381219564500465
101.387848312,770.0,0.55,780.0,-10.0,-0.1,0.2926,0.19260000000000002,780.0,-10.0,-0.0994840998999507,0.2464,0.1469159001000493
101.421250274,770.0,0.55,780.0,-10.0,-0.1,0.2926,0.19260000000000002,760.0,10.0,0.09220450445003735,0.2464,0.33860450445003737
101.438622817,770.0,0.55,760.0,10.0,0.09077412715002084,0.2926,0.38337412715002084,760.0,10.0,0.09297868995005501,0.2464,0.33937868995005505
101.458273569,770.0,0.55,740.0,30.0,0.2839599149000196,0.2926,0.5765599149000196,700.0,70.0,0.67,0.2464,0.9164000000000001
101.473211279,770.0,0.55,680.0,90.0,0.86,0.2926,1.0,660.0,110.0,1.0499999999999998,0.2464,1.0
101.487357989,770.0,0.55,660.0,110.0,1.0499999999999998,0.2926,1.0,600.0,170.0,1.6199999999999999,0.2464,1.0
101.501334073,770.0,0.55,680.0,90.0,0.86,0.2926,1.0,620.0,150.0,1.43,0.2464,1.0
101.515290325,770.0,0.55,700.0,70.0,0.67,0.2926,0.9626000000000001,640.0,130.0,1.2399999999999998,0.2464,1.0
101.525862076,770.0,0.55,700.0,70.0,0.67,0.2926,0.9626000000000001,660.0,110.0,1.0499999999999998,0.2464,1.0
101.537063535,770.0,0.55,700.0,70.0,0.67,0.2926,0.9626000000000001,680.0,90.0,0.86,0.2464,1.0
101.548401786,770.0,0.55,720.0,50.0,0.48,0.2926,0.7726,680.0,90.0,0.86,0.2464,1.0
101.561767413,770.0,0.55,720.0,50.0,0.48,0.2926,0.7726,700.0,70.0,0.67,0.2464,0.9164000000000001
101.576468872,770.0,0.55,760.0,10.0,0.1,0.2926,0.39260000000000006,720.0,50.0,0.48,0.2464,0.7263999999999999
101.590453999,770.0,0.55,780.0,-10.0,-0.09071767504998661,0.2926,0.2018823249500134,740.0,30.0,0.29,0.2464,0.5364
# 101.602 Shooter Ready
101.609705751,770.0,0.55,780.0,-10.0,-0.09149403344998973,0.2926,0.20110596655001028,780.0,-10.0,-0.0907763291999936,0.2464,0.15562367080000641
101.624911794,770.0,0.55,800.0,-30.0,-0.2843339338000123,0.2926,0.00826606619998771,780.0,-10.0,-0.09172299179998845,0.2464,0.15467700820001157
101.640667629,770.0,0.55,800.0,-30.0,-0.2866392527500284,0.2926,0.005960747249971643,800.0,-30.0,-0.2840282232999743,0.2464,-0.037628223299974284
101.653958297,770.0,0.55,800.0,-30.0,-0.2887118654499818,0.2926,0.0038881345500182407,780.0,-10.0,-0.09471912339999108,0.2464,0.15168087660000892
101.669540007,770.0,0.55,780.0,-10.0,-0.09944718634998481,0.2926,0.19315281365001521,780.0,-10.0,-0.09545442969998931,0.2464,0.1509455703000107
101.685208633,770.0,0.55,800.0,-30.0,-0.29,0.2926,0.0026000000000000467,780.0,-10.0,-0.09620086309997987,0.2464,0.15019913690002012
101.700293635,770.0,0.55,780.0,-10.0,-0.1,0.2926,0.19260000000000002,780.0,-10.0,-0.09703091734997088,0.2464,0.14936908265002913
101.712899178,770.0,0.55,780.0,-10.0,-0.1,0.2926,0.19260000000000002,800.0,-30.0,-0.28909504259998353,0.2464,-0.042695042599983524
101.728607471,770.0,0.55,780.0,-10.0,-0.1,0.2926,0.19260000000000002,780.0,-10.0,-0.09988573644999633,0.2464,0.1465142635500037
101.741258806,770.0,0.55,780.0,-10.0,-0.1,0.2926,0.19260000000000002,800.0,-30.0,-0.29,0.2464,-0.04359999999999997
101.756237932,770.0,0.55,800.0,-30.0,-0.29,0.2926,0.0026000000000000467,780.0,-10.0,-0.1,0.2464,0.1464
101.766446558,770.0,0.55,800.0,-30.0,-0.29,0.2926,0.0026000000000000467,780.0,-10.0,-0.1,0.2464,0.1464
101.778583393,770.0,0.55,780.0,-10.0,-0.1,0.2926,0.19260000000000002,780.0,-10.0,-0.1,0.2464,0.1464
101.792766269,770.0,0.55,780.0,-10.0,-0.1,0.2926,0.19260000000000002,760.0,10.0,0.09064467090001017,0.2464,0.33704467090001017
101.805270312,770.0,0.55,780.0,-10.0,-0.1,0.2926,0.19260000000000002,780.0,-10.0,-0.09999575624997306,0.2464,0.14640424375002695
101.817004647,770.0,0.55,780.0,-10.0,-0.1,0.2926,0.19260000000000002,760.0,10.0,0.09059408130002794,0.2464,0.33699408130002795
101.831805565,770.0,0.55,800.0,-30.0,-0.29,0.2926,0.0026000000000000467,760.0,10.0,0.09127198765003414,0.2464,0.33767198765003414
# 101.844 Shooter Ready
101.848709108,770.0,0.55,780.0,-10.0,-0.1,0.2926,0.19260000000000002,760.0,10.0,0.0920515981500239,0.2464,0.3384515981500239
101.866764152,770.0,0.55,760.0,10.0,0.09095566049999435,0.2926,0.38355566049999434,760.0,10.0,0.09300727325002299,0.2464,0.339407273250023
101.892372779,770.0,0.55,780.0,-10.0,-0.1,0.2926,0.19260000000000002,760.0,10.0,0.09427831295003217,0.2464,0.34067831295003215
101.923813866,770.0,0.55,780.0,-10.0,-0.1,0.2926,0.19260000000000002,780.0,-10.0,-0.0973167392999585,0.2464,0.14908326070004152
101.942238451,770.0,0.55,780.0,-10.0,-0.1,0.2926,0.19260000000000002,760.0,10.0,0.09366264830004184,0.2464,0.34006264830004185
101.957628536,770.0,0.55,760.0,10.0,0.09063571675000276,0.2926,0.3832357167500028,760.0,10.0,0.09429837960004989,0.2464,0.3406983796000499
101.973465454,770.0,0.55,780.0,-10.0,-0.1,0.2926,0.19260000000000002,780.0,-10.0,-0.09656868714994289,0.2464,0.14983131285005713
101.986080914,770.0,0.55,780.0,-10.0,-0.1,0.2926,0.19260000000000002,780.0,-10.0,-0.09725400179995632,0.2464,0.1491459982000437
102.00019029,770.0,0.55,760.0,10.0,0.09064302299999781,0.2926,0.38324302299999785,780.0,-10.0,-0.09789699559994461,0.2464,0.1485030044000554
102.01664875,770.0,0.55,780.0,-10.0,-0.1,0.2926,0.19260000000000002,760.0,10.0,0.09282324615006929,0.2464,0.33922324615006927
102.029137043,770.0,0.55,780.0,-10.0,-0.1,0.2926,0.19260000000000002,760.0,10.0,0.09361345875005554,0.2464,0.34001345875005556
102.042924711,770.0,0.55,760.0,10.0,0.09062400634999448,0.2926,0.38322400634999454,780.0,-10.0,-0.09701054754996222,0.2464,0.1493894524500378
102.058402004,770.0,0.55,780.0,-10.0,-0.1,0.2926,0.19260000000000002,780.0,-10.0,-0.09777211844996145,0.2464,0.14862788155003856
102.072327339,770.0,0.55,760.0,10.0,0.09068231044999721,0.2926,0.3832823104499972,760.0,10.0,0.09291020665001724,0.2464,0.33931020665001727
102.089282799,770.0,0.55,780.0,-10.0,-0.1,0.2926,0.19260000000000002,760.0,10.0,0.09366384420003669,0.2464,0.3400638442000367
102.102457967,770.0,0.55,780.0,-10.0,-0.1,0.2926,0.19260000000000002,780.0,-10.0,-0.09718041419996552,0.2464,0.14921958580003447
102.118979427,770.0,0.55,780.0,-10.0,-0.1,0.2926,0.19260000000000002,780.0,-10.0,-0.09785108719995605,0.2464,0.14854891280004395
102.13293947,770.0,0.55,780.0,-10.0,-0.1,0.2926,0.19260000000000002,760.0,10.0,0.09300531915004286,0.2464,0.33940531915004285
102.150303263,770.0,0.55,760.0,10.0,0.09075344795000093,0.2926,0.3833534479500009,760.0,10.0,0.09375873795003373,0.2464,0.3401587379500337
102.164991307,770.0,0.55,780.0,-10.0,-0.1,0.2926,0.19260000000000002,780.0,-10.0,-0.09699917254997673,0.2464,0.14940082745002328
102.178138183,770.0,0.55,780.0,-10.0,-0.1,0.2926,0.19260000000000002,780.0,-10.0,-0.09774935389998518,0.2464,0.14865064610001483
102.191121143,770.0,0.55,760.0,10.0,0.09058817505000662,0.2926,0.38318817505000663,780.0,-10.0,-0.09833754354997382,0.2464,0.1480624564500262
102.205869269,770.0,0.55,780.0,-10.0,-0.1,0.2926,0.19260000000000002,780.0,-10.0,-0.0990499539999746,0.2464,0.1473500460000254
102.220484396,770.0,0.55,760.0,10.0,0.09073310420000326,0.2926,0.38333310420000327,760.0,10.0,0.09168315025002813,0.2464,0.3380831502500281
102.234954855,770.0,0.55,760.0,10.0,0.09147199804998764,0.2926,0.38407199804998765,780.0,-10.0,-0.09905572899997424,0.2464,0.14734427100002578
102.248645982,770.0,0.55,780.0,-10.0,-0.0992128499500268,0.2926,0.19338715004997323,780.0,-10.0,-0.09974059154997121,0.2464,0.14665940845002878
102.262819816,770.0,0.55,760.0,10.0,0.09150478134996774,0.2926,0.3841047813499678,760.0,10.0,0.0909770398000228,0.2464,0.3373770398000228
102.276440068,770.0,0.55,780.0,-10.0,-0.09914770620002855,0.2926,0.19345229379997148,780.0,-10.0,-0.09967546234997826,0.2464,0.14672453765002175
102.291105361,770.0,0.55,780.0,-10.0,-0.09990908755003147,0.2926,0.19269091244996855,780.0,-10.0,-0.1,0.2464,0.1464
102.30251857,770.0,0.55,780.0,-10.0,-0.1,0.2926,0.19260000000000002,780.0,-10.0,-0.1,0.2464,0.1464
102.31550328,770.0,0.55,780.0,-10.0,-0.1,0.2926,0.19260000000000002,760.0,10.0,0.09060601044999658,0.2464,0.33700601044999656
102.328233073,770.0,0.55,780.0,-10.0,-0.1,0.2926,0.19260000000000002,760.0,10.0,0.09124624800000675,0.2464,0.33764624800000675
102.342398158,770.0,0.55,760.0,10.0,0.090641229200005,0.2926,0.38324122920000503,760.0,10.0,0.09188746265000645,0.2464,0.3382874626500065
102.356126909,770.0,0.55,780.0,-10.0,-0.1,0.2926,0.19260000000000002,780.0,-10.0,-0.0987989749499775,0.2464,0.1476010250500225
102.371195577,770.0,0.55,780.0,-10.0,-0.1,0.2926,0.19260000000000002,780.0,-10.0,-0.0996145770999874,0.2464,0.14678542290001262
102.397037247,770.0,0.55,780.0,-10.0,-0.1,0.2926,0.19260000000000002,760.0,10.0,0.09168153135000466,0.2464,0.3380815313500047
102.427528083,770.0,0.55,780.0,-10.0,-0.1,0.2926,0.19260000000000002,780.0,-10.0,-0.09978024380000079,0.2464,0.14661975619999923
102.445899585,770.0,0.55,760.0,10.0,0.09086522924998462,0.2926,0.38346522924998466,780.0,-10.0,-0.1,0.2464,0.1464
102.460069045,770.0,0.55,780.0,-10.0,-0.09981426665001436,0.2926,0.19278573334998567,760.0,10.0,0.09067945215000692,0.2464,0.3370794521500069
102.475747296,770.0,0.55,760.0,10.0,0.09105877925000186,0.2926,0.3836587792500019,760.0,10.0,0.09155252725000992,0.2464,0.3379525272500099
102.488305881,770.0,0.55,780.0,-10.0,-0.0995664374999933,0.2926,0.19303356250000672,780.0,-10.0,-0.0990726311499884,0.2464,0.1473273688500116
102.501002424,770.0,0.55,760.0,10.0,0.09107797089999622,0.2926,0.3836779708999962,780.0,-10.0,-0.09971709789997477,0.2464,0.14668290210002524
102.516197967,770.0,0.55,780.0,-10.0,-0.09964860000002318,0.2926,0.19295139999997685,780.0,-10.0,-0.1,0.2464,0.1464
102.531211802,770.0,0.55,760.0,10.0,0.09102426049995757,0.2926,0.38362426049995757,760.0,10.0,0.09067287504998603,0.2464,0.33707287504998606
102.543581095,770.0,0.55,760.0,10.0,0.09175199804996283,0.2926,0.38435199804996284,760.0,10.0,0.09140061264999076,0.2464,0.3378006126499908
102.556744888,770.0,0.55,800.0,-30.0,-0.29,0.2926,0.0026000000000000467,780.0,-10.0,-0.0992492645000084,0.2464,0.1471507354999916
102.570401597,770.0,0.55,760.0,10.0,0.09061960215000454,0.2926,0.38321960215000456,760.0,10.0,0.09137033764999615,0.2464,0.33777033764999614
102.58317689,770.0,0.55,780.0,-10.0,-0.1,0.2926,0.19260000000000002,780.0,-10.0,-0.09934042489999229,0.2464,0.14705957510000772
102.598309433,770.0,0.55,760.0,10.0,0.09073255009999684,0.2926,0.3833325500999969,760.0,10.0,0.09139212515000508,0.2464,0.3377921251500051
102.612110518,770.0,0.55,760.0,10.0,0.09143752309998035,0.2926,0.3840375230999804,760.0,10.0,0.09209706900002403,0.2464,0.338497069000024
102.630246937,770.0,0.55,760.0,10.0,0.09225324189998446,0.2926,0.3848532418999845,760.0,10.0,0.09291278785000487,0.2464,0.33931278785000485
102.643220855,770.0,0.55,760.0,10.0,0.09300092949998998,0.2926,0.38560092949999003,780.0,-10.0,-0.09783491430000595,0.2464,0.14856508569999405
102.656416439,770.0,0.55,780.0,-10.0,-0.0976484809500107,0.2926,0.1949515190499893,760.0,10.0,0.09281449614999474,0.2464,0.33921449614999477
102.669437607,770.0,0.55,760.0,10.0,0.09301110869997956,0.2926,0.3856111086999796,760.0,10.0,0.09347408579998501,0.2464,0.339874085799985
102.681779484,770.0,0.55,780.0,-10.0,-0.09759306430003108,0.2926,0.19500693569996896,780.0,-10.0,-0.09713011635001294,0.2464,0.14926988364998706
102.696612193,770.0,0.55,780.0,-10.0,-0.09833735395002349,0.2926,0.19426264604997653,760.0,10.0,0.09361415874999693,0.2464,0.34001415874999696
102.709263236,770.0,0.55,760.0,10.0,0.09227952109999024,0.2926,0.38487952109999024,780.0,-10.0,-0.09700268715000675,0.2464,0.14939731284999325
102.722691571,770.0,0.55,780.0,-10.0,-0.09840200190001269,0.2926,0.19419799809998733,780.0,-10.0,-0.09768423929999699,0.2464,0.14871576070000303
102.735203489,770.0,0.55,780.0,-10.0,-0.09903723740001169,0.2926,0.19356276259998834,780.0,-10.0,-0.09831946020001396,0.2464,0.14808053979998603
102.75012924,770.0,0.55,780.0,-10.0,-0.09978441455000393,0.2926,0.1928155854499961,760.0,10.0,0.09242773149998357,0.2464,0.3388277314999836
102.76254695,770.0,0.55,780.0,-10.0,-0.1,0.2926,0.19260000000000002,760.0,10.0,0.09305221909998182,0.2464,0.3394522190999818
102.77479841,770.0,0.55,780.0,-10.0,-0.1,0.2926,0.19260000000000002,780.0,-10.0,-0.0976124163500117,0.2464,0.14878758364998831
102.790219119,770.0,0.55,760.0,10.0,0.09070376260000558,0.2926,0.3833037626000056,760.0,10.0,0.09309136079999916,0.2464,0.3394913607999992
102.807726996,770.0,0.55,780.0,-10.0,-0.1,0.2926,0.19260000000000002,760.0,10.0,0.09387820464998185,0.2464,0.3402782046499819
102.819601914,770.0,0.55,780.0,-10.0,-0.1,0.2926,0.19260000000000002,760.0,10.0,0.09463147764999122,0.2464,0.3410314776499912
102.83368504,770.0,0.55,760.0,10.0,0.09063233339999442,0.2926,0.38323233339999446,780.0,-10.0,-0.09600089949999528,0.2464,0.1503991005000047
102.847709542,770.0,0.55,780.0,-10.0,-0.1,0.2926,0.19260000000000002,760.0,10.0,0.09467095470000914,0.2464,0.34107095470000914
102.861473877,770.0,0.55,760.0,10.0,0.09073393550001128,0.2926,0.3833339355000113,780.0,-10.0,-0.09606299540000691,0.2464,0.1503370045999931
102.879265253,770.0,0.55,780.0,-10.0,-0.1,0.2926,0.19260000000000002,760.0,10.0,0.09480762969998523,0.2464,0.34120762969998525
102.903548547,770.0,0.55,760.0,10.0,0.09123579180001343,0.2926,0.3838357918000135,780.0,-10.0,-0.0964282787500224,0.2464,0.1499717212499776
102.935304634,770.0,0.55,760.0,10.0,0.0927609024000185,0.2926,0.3853609024000185,760.0,10.0,0.0950968172499779,0.2464,0.34149681724997794
102.951792844,770.0,0.55,780.0,-10.0,-0.09810377264998352,0.2926,0.1944962273500165,760.0,10.0,0.0959614485499651,0.2464,0.3423614485499651
102.965400554,770.0,0.55,780.0,-10.0,-0.09873876024996661,0.2926,0.19386123975003342,780.0,-10.0,-0.09467358280003282,0.2464,0.15172641719996718
102.978441847,770.0,0.55,780.0,-10.0,-0.09945716444997288,0.2926,0.19314283555002715,780.0,-10.0,-0.09539198700003908,0.2464,0.15100801299996092
102.991211015,770.0,0.55,780.0,-10.0,-0.1,0.2926,0.19260000000000002,780.0,-10.0,-0.09600181835003241,0.2464,0.1503981816499676
103.003566891,770.0,0.55,780.0,-10.0,-0.1,0.2926,0.19260000000000002,760.0,10.0,0.09470220669997162,0.2464,0.3411022066999716
103.016612851,770.0,0.55,760.0,10.0,0.09058114584999202,0.2926,0.3831811458499921,760.0,10.0,0.09528335259996311,0.2464,0.34168335259996313
103.030370769,770.0,0.55,780.0,-10.0,-0.1,0.2926,0.19260000000000002,760.0,10.0,0.095984300599971,0.2464,0.342384300599971
103.04769927,770.0,0.55,780.0,-10.0,-0.1,0.2926,0.19260000000000002,780.0,-10.0,-0.09466633485003513,0.2464,0.1517336651499649
103.062495522,770.0,0.55,760.0,10.0,0.09095217505001983,0.2926,0.3835521750500199,780.0,-10.0,-0.09561852455003646,0.2464,0.15078147544996356
103.076562315,770.0,0.55,780.0,-10.0,-0.09975132504996509,0.2926,0.19284867495003494,760.0,10.0,0.09508499009995376,0.2464,0.34148499009995376
103.0898174,770.0,0.55,760.0,10.0,0.09090792920004788,0.2926,0.3835079292000479,760.0,10.0,0.09574424434996673,0.2464,0.3421442443499667
103.102793943,770.0,0.55,780.0,-10.0,-0.09973486039993987,0.2926,0.19286513960006016,760.0,10.0,0.09638704854995922,0.2464,0.34278704854995923
103.118818111,770.0,0.55,760.0,10.0,0.09103260220007542,0.2926,0.38363260220007545,780.0,-10.0,-0.09438038485004654,0.2464,0.15201961514995346
103.134168529,770.0,0.55,760.0,10.0,0.09172780435007098,0.2926,0.384327804350071,780.0,-10.0,-0.09507560160004687,0.2464,0.15132439839995315
103.151384447,770.0,0.55,780.0,-10.0,-0.09923924574991361,0.2926,0.19336075425008642,760.0,10.0,0.09589146309994248,0.2464,0.3422914630999425
103.163759574,770.0,0.55,780.0,-10.0,-0.09987690204991395,0.2926,0.19272309795008608,760.0,10.0,0.09652910479993806,0.2464,0.3429291047999381
103.178909325,770.0,0.55,780.0,-10.0,-0.1,0.2926,0.19260000000000002,780.0,-10.0,-0.09421920985007545,0.2464,0.15218079014992456
103.19227116,770.0,0.55,780.0,-10.0,-0.1,0.2926,0.19260000000000002,780.0,-10.0,-0.09494871205006347,0.2464,0.15145128794993654
103.204664369,770.0,0.55,780.0,-10.0,-0.1,0.2926,0.19260000000000002,760.0,10.0,0.09567256714994074,0.2464,0.3420725671499407
103.217340787,770.0,0.55,780.0,-10.0,-0.1,0.2926,0.19260000000000002,760.0,10.0,0.09629639844994473,0.2464,0.3426963984499447
103.231654039,770.0,0.55,760.0,10.0,0.09065196255000046,0.2926,0.3832519625500005,760.0,10.0,0.09694837559994994,0.2464,0.34334837559994996
103.24550529,770.0,0.55,760.0,10.0,0.09134786469998289,0.2926,0.38394786469998293,740.0,30.0,0.28903603839994957,0.2464,0.5354360383999496
103.263022792,770.0,0.55,720.0,50.0,0.4756455007000295,0.2926,0.7682455007000295,740.0,30.0,0.29,0.2464,0.5364
103.276495168,770.0,0.55,680.0,90.0,0.86,0.2926,1.0,640.0,130.0,1.2399999999999998,0.2464,1.0
103.28925442,770.0,0.55,680.0,90.0,0.86,0.2926,1.0,620.0,150.0,1.43,0.2464,1.0
103.299824712,770.0,0.55,640.0,130.0,1.2399999999999998,0.2926,1.0,600.0,170.0,1.6199999999999999,0.2464,1.0
103.31030488,770.0,0.55,660.0,110.0,1.0499999999999998,0.2926,1.0,600.0,170.0,1.6199999999999999,0.2464,1.0
103.320280756,770.0,0.55,660.0,110.0,1.0499999999999998,0.2926,1.0,620.0,150.0,1.43,0.2464,1.0
103.330333049,770.0,0.55,680.0,90.0,0.86,0.2926,1.0,640.0,130.0,1.2399999999999998,0.2464,1.0
103.340530883,770.0,0.55,680.0,90.0,0.86,0.2926,1.0,640.0,130.0,1.2399999999999998,0.2464,1.0
103.351502509,770.0,0.55,700.0,70.0,0.67,0.2926,0.9626000000000001,660.0,110.0,1.0499999999999998,0.2464,1.0
103.363702052,770.0,0.55,720.0,50.0,0.48,0.2926,0.7726,660.0,110.0,1.0499999999999998,0.2464,1.0
103.381564012,770.0,0.55,740.0,30.0,0.29,0.2926,0.5826,680.0,90.0,0.86,0.2464,1.0
103.41023864,770.0,0.55,780.0,-10.0,-0.09135123344998647,0.2926,0.20124876655001356,740.0,30.0,0.29,0.2464,0.5364
# 103.443 Shooter Ready
103.449200352,770.0,0.55,800.0,-30.0,-0.2867715089499643,0.2926,0.0058284910500357445,780.0,-10.0,-0.09180671480000001,0.2464,0.15459328519999999
103.467719729,770.0,0.55,800.0,-30.0,-0.28977866559999255,0.2926,0.0028213344000074803,780.0,-10.0,-0.09280912944999728,0.2464,0.15359087055000273
103.481883647,770.0,0.55,800.0,-30.0,-0.29,0.2926,0.0026000000000000467,800.0,-30.0,-0.2850511422499994,0.2464,-0.03865114224999938
103.497285107,770.0,0.55,780.0,-10.0,-0.1,0.2926,0.19260000000000002,800.0,-30.0,-0.28737094250000605,0.2464,-0.04097094250000605
103.512647192,770.0,0.55,800.0,-30.0,-0.29,0.2926,0.0026000000000000467,800.0,-30.0,-0.2897302926500333,0.2464,-0.0433302926500333
103.529111194,770.0,0.55,780.0,-10.0,-0.1,0.2926,0.19260000000000002,800.0,-30.0,-0.29,0.2464,-0.04359999999999997
103.54137607,770.0,0.55,780.0,-10.0,-0.1,0.2926,0.19260000000000002,780.0,-10.0,-0.1,0.2464,0.1464
103.556183113,770.0,0.55,800.0,-30.0,-0.29,0.2926,0.0026000000000000467,780.0,-10.0,-0.1,0.2464,0.1464
103.567060239,770.0,0.55,800.0,-30.0,-0.29,0.2926,0.0026000000000000467,780.0,-10.0,-0.1,0.2464,0.1464
103.584951074,770.0,0.55,780.0,-10.0,-0.1,0.2926,0.19260000000000002,760.0,10.0,0.09073285635000958,0.2464,0.33713285635000956
103.598230951,770.0,0.55,780.0,-10.0,-0.1,0.2926,0.19260000000000002,760.0,10.0,0.09142209389998698,0.2464,0.33782209389998696
103.616997369,770.0,0.55,780.0,-10.0,-0.1,0.2926,0.19260000000000002,740.0,30.0,0.28433186304999253,0.2464,0.5307318630499925
# 103.635 Shooter Ready
103.64041558,770.0,0.55,780.0,-10.0,-0.1,0.2926,0.19260000000000002,760.0,10.0,0.09536363394999171,0.2464,0.3417636339499917
103.655108873,770.0,0.55,780.0,-10.0,-0.1,0.2926,0.19260000000000002,760.0,10.0,0.09623819654999807,0.2464,0.34263819654999805
103.67353375,770.0,0.55,760.0,10.0,0.09085505009999452,0.2926,0.38345505009999453,780.0,-10.0,-0.09461683895001442,0.2464,0.15178316104998557
103.687317335,770.0,0.55,780.0,-10.0,-0.09980382495002686,0.2926,0.19279617504997315,780.0,-10.0,-0.09527568485000301,0.2464,0.151124315149997
103.704959378,770.0,0.55,760.0,10.0,0.09111432724995666,0.2926,0.3837143272499567,760.0,10.0,0.09564248190000854,0.2464,0.3420424819000085
103.718561546,770.0,0.55,780.0,-10.0,-0.09953859780005132,0.2926,0.19306140219994872,760.0,10.0,0.0962953923999885,0.2464,0.3426953923999885
103.737556048,770.0,0.55,780.0,-10.0,-0.1,0.2926,0.19260000000000002,780.0,-10.0,-0.09465869310001836,0.2464,0.15174130689998166
103.750452674,770.0,0.55,780.0,-10.0,-0.1,0.2926,0.19260000000000002,780.0,-10.0,-0.0953832661000206,0.2464,0.1510167338999794
103.765320092,770.0,0.55,780.0,-10.0,-0.1,0.2926,0.19260000000000002,760.0,10.0,0.09532259644999158,0.2464,0.3417225964499916
103.778325219,770.0,0.55,780.0,-10.0,-0.1,0.2926,0.19260000000000002,760.0,10.0,0.0960112944499906,0.2464,0.34241129444999063
103.792167428,770.0,0.55,760.0,10.0,0.09062006880000353,0.2926,0.3832200688000036,760.0,10.0,0.09663140699998621,0.2464,0.34303140699998624
103.806914388,770.0,0.55,780.0,-10.0,-0.1,0.2926,0.19260000000000002,780.0,-10.0,-0.09407499515000381,0.2464,0.1523250048499962
103.82102464,770.0,0.55,760.0,10.0,0.09075403129999358,0.2926,0.3833540312999936,780.0,-10.0,-0.09482904110000163,0.2464,0.1515709588999984
103.834233933,770.0,0.55,760.0,10.0,0.09141515220000201,0.2926,0.38401515220000204,760.0,10.0,0.09583206520000204,0.2464,0.34223206520000204
103.849085892,770.0,0.55,780.0,-10.0,-0.09928738539999812,0.2926,0.1933126146000019,760.0,10.0,0.09653458819999741,0.2464,0.34293458819999745
103.862560019,770.0,0.55,760.0,10.0,0.09141981884999041,0.2926,0.3840198188499904,760.0,10.0,0.097241821599996,0.2464,0.343641821599996
103.878226895,770.0,0.55,780.0,-10.0,-0.09933018745000481,0.2926,0.1932698125499952,780.0,-10.0,-0.09350809720001507,0.2464,0.15289190279998494
103.895976272,770.0,0.55,760.0,10.0,0.09154169180000281,0.2926,0.38414169180000285,780.0,-10.0,-0.09438003480001952,0.2464,0.15201996519998048
103.920934775,770.0,0.55,780.0,-10.0,-0.09975575835001109,0.2926,0.19284424164998892,760.0,10.0,0.09691742989997693,0.2464,0.34331742989997693
103.957985487,770.0,0.55,780.0,-10.0,-0.1,0.2926,0.19260000000000002,780.0,-10.0,-0.09485269530002824,0.2464,0.15154730469997177
103.971134696,770.0,0.55,780.0,-10.0,-0.1,0.2926,0.19260000000000002,780.0,-10.0,-0.09565318915001626,0.2464,0.15074681084998376
103.984088198,770.0,0.55,780.0,-10.0,-0.1,0.2926,0.19260000000000002,760.0,10.0,0.09499155464999604,0.2464,0.34139155464999604
103.998213032,770.0,0.55,780.0,-10.0,-0.1,0.2926,0.19260000000000002,760.0,10.0,0.09568102554998405,0.2464,0.34208102554998404
104.018647785,770.0,0.55,760.0,10.0,0.09088108135000766,0.2926,0.3834810813500077,760.0,10.0,0.09656215064998377,0.2464,0.3429621506499838
104.032633786,770.0,0.55,780.0,-10.0,-0.09991435204999562,0.2926,0.19268564795000442,760.0,10.0,0.09735758404998705,0.2464,0.3437575840499871
104.046765621,770.0,0.55,780.0,-10.0,-0.1,0.2926,0.19260000000000002,760.0,10.0,0.09806560494997939,0.2464,0.3444656049499794
104.063675872,770.0,0.55,760.0,10.0,0.09072501049999118,0.2926,0.38332501049999124,760.0,10.0,0.09879064459998063,0.2464,0.3451906445999806
104.07788704,770.0,0.55,780.0,-10.0,-0.1,0.2926,0.19260000000000002,760.0,10.0,0.09956739674998062,0.2464,0.3459673967499806
104.092395709,770.0,0.55,760.0,10.0,0.0907799021999972,0.2926,0.38337990219999724,760.0,10.0,0.1,0.2464,0.34640000000000004
104.103729001,770.0,0.55,780.0,-10.0,-0.09989641449999453,0.2926,0.1927035855000055,760.0,10.0,0.1,0.2464,0.34640000000000004
104.117537961,770.0,0.55,760.0,10.0,0.09078744185000233,0.2926,0.38338744185000234,760.0,10.0,0.1,0.2464,0.34640000000000004
104.131282463,770.0,0.55,760.0,10.0,0.09146553775000485,0.2926,0.38406553775000485,760.0,10.0,0.1,0.2464,0.34640000000000004
104.144721006,770.0,0.55,780.0,-10.0,-0.09921923730000799,0.2926,0.19338076269999205,760.0,10.0,0.1,0.2464,0.34640000000000004
104.155970298,770.0,0.55,760.0,10.0,0.09133348569997907,0.2926,0.3839334856999791,760.0,10.0,0.1,0.2464,0.34640000000000004
104.167886925,770.0,0.55,780.0,-10.0,-0.09925498100003552,0.2926,0.1933450189999645,760.0,10.0,0.1,0.2464,0.34640000000000004
104.183734926,770.0,0.55,780.0,-10.0,-0.09983058525003799,0.2926,0.19276941474996204,780.0,-10.0,-0.09057561880000776,0.2464,0.15582438119999226
104.197888928,770.0,0.55,780.0,-10.0,-0.1,0.2926,0.19260000000000002,760.0,10.0,0.1,0.2464,0.34640000000000004
104.207522387,770.0,0.55,780.0,-10.0,-0.1,0.2926,0.19260000000000002,760.0,10.0,0.1,0.2464,0.34640000000000004
104.217972805,770.0,0.55,780.0,-10.0,-0.1,0.2926,0.19260000000000002,760.0,10.0,0.1,0.2464,0.34640000000000004
104.227916306,770.0,0.55,780.0,-10.0,-0.1,0.2926,0.19260000000000002,760.0,10.0,0.1,0.2464,0.34640000000000004
104.241419599,770.0,0.55,760.0,10.0,0.09049472504999813,0.2926,0.38309472504999814,780.0,-10.0,-0.09049466675000076,0.2464,0.15590533324999925
104.256589767,770.0,0.55,780.0,-10.0,-0.1,0.2926,0.19260000000000002,780.0,-10.0,-0.09125755015001233,0.2464,0.15514244984998768
104.268543726,770.0,0.55,780.0,-10.0,-0.1,0.2926,0.19260000000000002,780.0,-10.0,-0.09192355645001499,0.2464,0.15447644354998502
104.282989686,770.0,0.55,760.0,10.0,0.09064716465001312,0.2926,0.38324716465001313,780.0,-10.0,-0.0925707065000006,0.2464,0.1538292934999994
104.297189771,770.0,0.55,780.0,-10.0,-0.1,0.2926,0.19260000000000002,760.0,10.0,0.09814158735000547,0.2464,0.3445415873500055
104.311665772,770.0,0.55,760.0,10.0,0.09073591885000042,0.2926,0.38333591885000046,780.0,-10.0,-0.09259433144999549,0.2464,0.15380566855000452
104.326018982,770.0,0.55,780.0,-10.0,-0.0999713874500003,0.2926,0.19262861254999974,760.0,10.0,0.0981129749000047,0.2464,0.3445129749000047
104.340507525,770.0,0.55,780.0,-10.0,-0.1,0.2926,0.19260000000000002,780.0,-10.0,-0.0926174459999993,0.2464,0.1537825540000007
104.357637985,770.0,0.55,780.0,-10.0,-0.1,0.2926,0.19260000000000002,760.0,10.0,0.09829770199999074,0.2464,0.3446977019999907
104.372211695,770.0,0.55,780.0,-10.0,-0.1,0.2926,0.19260000000000002,760.0,10.0,0.0990379374999975,0.2464,0.3454379374999975
104.387585447,770.0,0.55,760.0,10.0,0.09070126885000264,0.2926,0.38330126885000265,780.0,-10.0,-0.09166334589998769,0.2464,0.1547366541000123
104.407956615,770.0,0.55,780.0,-10.0,-0.1,0.2926,0.19260000000000002,780.0,-10.0,-0.09267992100000357,0.2464,0.15372007899999646
104.434486618,770.0,0.55,780.0,-10.0,-0.1,0.2926,0.19260000000000002,760.0,10.0,0.09871198539999568,0.2464,0.34511198539999566
104.470222788,770.0,0.55,780.0,-10.0,-0.1,0.2926,0.19260000000000002,780.0,-10.0,-0.09301428769998893,0.2464,0.15338571230001108
104.487739123,770.0,0.55,760.0,10.0,0.09082401674999346,0.2926,0.3834240167499935,780.0,-10.0,-0.09383831900001041,0.2464,0.1525616809999896
104.500708083,770.0,0.55,780.0,-10.0,-0.09987827290001405,0.2926,0.19272172709998597,760.0,10.0,0.09686397064997436,0.2464,0.3432639706499744
104.515025418,770.0,0.55,760.0,10.0,0.09081898549999551,0.2926,0.38341898549999553,780.0,-10.0,-0.0938332877500352,0.2464,0.15256671224996482
104.529848794,770.0,0.55,780.0,-10.0,-0.09986484164999183,0.2926,0.1927351583500082,780.0,-10.0,-0.09451710035003999,0.2464,0.15188289964996002
104.544730796,770.0,0.55,760.0,10.0,0.09093328970001494,0.2926,0.383533289700015,780.0,-10.0,-0.09531524625002931,0.2464,0.1510847537499707
104.559947339,770.0,0.55,780.0,-10.0,-0.09978934369999024,0.2926,0.1928106563000098,780.0,-10.0,-0.09603776300004029,0.2464,0.1503622369999597
104.576869257,770.0,0.55,740.0,30.0,0.28260518145000785,0.2926,0.5752051814500079,760.0,10.0,0.09476051414994799,0.2464,0.34116051414994797
104.590588384,770.0,0.55,780.0,-10.0,-0.09818215824998333,0.2926,0.1944178417500167,760.0,10.0,0.09554785379993973,0.2464,0.34194785379993975
104.609536802,770.0,0.55,720.0,50.0,0.4765354047500022,0.2926,0.7691354047500023,720.0,50.0,0.48,0.2464,0.7263999999999999
104.62353272,770.0,0.55,720.0,50.0,0.48,0.2926,0.7726,700.0,70.0,0.67,0.2464,0.9164000000000001
104.640167347,770.0,0.55,660.0,110.0,1.0499999999999998,0.2926,1.0,660.0,110.0,1.0499999999999998,0.2464,1.0
104.651547015,770.0,0.55,660.0,110.0,1.0499999999999998,0.2926,1.0,660.0,110.0,1.0499999999999998,0.2464,1.0
104.662672641,770.0,0.55,680.0,90.0,0.86,0.2926,1.0,680.0,90.0,0.86,0.2464,1.0
104.6745286,770.0,0.55,700.0,70.0,0.67,0.2926,0.9626000000000001,680.0,90.0,0.86,0.2464,1.0
104.69007531,770.0,0.55,700.0,70.0,0.67,0.2926,0.9626000000000001,700.0,70.0,0.67,0.2464,0.9164000000000001
104.703106687,770.0,0.55,720.0,50.0,0.48,0.2926,0.7726,720.0,50.0,0.48,0.2464,0.7263999999999999
# 104.716 Shooter Ready
104.719533063,770.0,0.55,740.0,30.0,0.29,0.2926,0.5826,740.0,30.0,0.29,0.2464,0.5364
104.73431619,770.0,0.55,780.0,-10.0,-0.09076170214999821,0.2926,0.20183829785000182,760.0,10.0,0.1,0.2464,0.34640000000000004
104.749027566,770.0,0.55,780.0,-10.0,-0.09147214389999135,0.2926,0.20112785610000866,780.0,-10.0,-0.09071044175001589,0.2464,0.15568955824998412
104.762459984,770.0,0.55,780.0,-10.0,-0.09217170645000806,0.2926,0.20042829354999198,780.0,-10.0,-0.09141001890001463,0.2464,0.15498998109998538
104.777172236,770.0,0.55,800.0,-30.0,-0.2843633628999487,0.2926,0.008236637100051347,780.0,-10.0,-0.09214055645001282,0.2464,0.1542594435499872
104.790533195,770.0,0.55,800.0,-30.0,-0.28636877560000357,0.2926,0.00623122439999646,800.0,-30.0,-0.28414596914999946,0.2464,-0.03774596914999945
104.804833905,770.0,0.55,800.0,-30.0,-0.2884114632999899,0.2926,0.004188536700010126,780.0,-10.0,-0.09482686504999492,0.2464,0.15157313495000507
104.82049699,770.0,0.55,800.0,-30.0,-0.29,0.2926,0.0026000000000000467,780.0,-10.0,-0.09560520680000992,0.2464,0.1507947931999901
104.837316242,770.0,0.55,780.0,-10.0,-0.1,0.2926,0.19260000000000002,780.0,-10.0,-0.09646552144999078,0.2464,0.14993447855000924
104.849284201,770.0,0.55,780.0,-10.0,-0.1,0.2926,0.19260000000000002,760.0,10.0,0.09421954530002949,0.2464,0.34061954530002947
104.862069119,770.0,0.55,780.0,-10.0,-0.1,0.2926,0.19260000000000002,780.0,-10.0,-0.09641348809995179,0.2464,0.14998651190004822
104.874534662,770.0,0.55,780.0,-10.0,-0.1,0.2926,0.19260000000000002,780.0,-10.0,-0.09703940484995656,0.2464,0.14936059515004346
104.890997206,770.0,0.55,800.0,-30.0,-0.29,0.2926,0.0026000000000000467,780.0,-10.0,-0.09772136529997169,0.2464,0.14867863470002832
104.911187833,770.0,0.55,800.0,-30.0,-0.29,0.2926,0.0026000000000000467,780.0,-10.0,-0.09887009459995624,0.2464,0.14752990540004376
104.924808959,770.0,0.55,780.0,-10.0,-0.1,0.2926,0.19260000000000002,780.0,-10.0,-0.09948365924996325,0.2464,0.14691634075003676
104.947942795,770.0,0.55,780.0,-10.0,-0.1,0.2926,0.19260000000000002,760.0,10.0,0.0917433679500391,0.2464,0.3381433679500391
104.98162359,770.0,0.55,780.0,-10.0,-0.1,0.2926,0.19260000000000002,780.0,-10.0,-0.09988414679995913,0.2464,0.14651585320004087
104.993494132,770.0,0.55,780.0,-10.0,-0.1,0.2926,0.19260000000000002,780.0,-10.0,-0.1,0.2464,0.1464
105.0067183,770.0,0.55,780.0,-10.0,-0.1,0.2926,0.19260000000000002,760.0,10.0,0.09064871049999056,0.2464,0.3370487104999906
105.01902051,770.0,0.55,780.0,-10.0,-0.1,0.2926,0.19260000000000002,760.0,10.0,0.09126713139998174,0.2464,0.3376671313999817
105.031508803,770.0,0.55,780.0,-10.0,-0.1,0.2926,0.19260000000000002,760.0,10.0,0.0918996980999873,0.2464,0.3382996980999873
105.044668804,770.0,0.55,780.0,-10.0,-0.1,0.2926,0.19260000000000002,780.0,-10.0,-0.09873030200001268,0.2464,0.14766969799998733
105.061304014,770.0,0.55,760.0,10.0,0.09070926045000306,0.2926,0.3833092604500031,800.0,-30.0,-0.29,0.2464,-0.04359999999999997
# 105.072 Shooter Ready
105.075948307,770.0,0.55,780.0,-10.0,-0.1,0.2926,0.19260000000000002,780.0,-10.0,-0.1,0.2464,0.1464
105.090103767,770.0,0.55,780.0,-10.0,-0.1,0.2926,0.19260000000000002,760.0,10.0,0.09068697715000781,0.2464,0.3370869771500078
105.103011768,770.0,0.55,760.0,10.0,0.09068153760000769,0.2926,0.3832815376000077,760.0,10.0,0.09136852930002079,0.2464,0.33776852930002077
105.116174103,770.0,0.55,780.0,-10.0,-0.09995323119999285,0.2926,0.1926467688000072,780.0,-10.0,-0.09926625409996177,0.2464,0.14713374590003825
105.129296188,770.0,0.55,760.0,10.0,0.09071505010000692,0.2926,0.38331505010000694,760.0,10.0,0.09140199805005068,0.2464,0.3378019980500507
105.144629398,770.0,0.55,760.0,10.0,0.09148615855000572,0.2926,0.3840861585500057,780.0,-10.0,-0.09936911034994864,0.2464,0.14703088965005137
105.157953024,770.0,0.55,780.0,-10.0,-0.0991777768999782,0.2926,0.19342222310002183,760.0,10.0,0.09129485430004479,0.2464,0.3376948543000448
105.17037015,770.0,0.55,760.0,10.0,0.09145054610002262,0.2926,0.38405054610002265,740.0,30.0,0.2831798233000472,0.2464,0.5295798233000473
105.183259485,770.0,0.55,780.0,-10.0,-0.0991979164499753,0.2926,0.19340208355002472,760.0,10.0,0.09382828585004518,0.2464,0.34022828585004516
105.197626403,770.0,0.55,780.0,-10.0,-0.09980755819999558,0.2926,0.19279244180000443,780.0,-10.0,-0.0967813412999476,0.2464,0.14961865870005242
105.212157529,770.0,0.55,760.0,10.0,0.09102431894999882,0.2926,0.3836243189499988,760.0,10.0,0.09405053585006953,0.2464,0.34045053585006957
105.224798947,770.0,0.55,780.0,-10.0,-0.09959296444999381,0.2926,0.1930070355500062,780.0,-10.0,-0.09656674754992309,0.2464,0.14983325245007692
105.238559782,770.0,0.55,800.0,-30.0,-0.29,0.2926,0.0026000000000000467,780.0,-10.0,-0.09725963094992948,0.2464,0.14914036905007053
105.2513902,770.0,0.55,760.0,10.0,0.09064401464999264,0.2926,0.3832440146499927,760.0,10.0,0.09338438370006316,0.2464,0.33978438370006314
105.264650535,770.0,0.55,780.0,-10.0,-0.1,0.2926,0.19260000000000002,780.0,-10.0,-0.09728383929993925,0.2464,0.14911616070006076
105.275865119,770.0,0.55,780.0,-10.0,-0.1,0.2926,0.19260000000000002,760.0,10.0,0.09333529615006683,0.2464,0.3397352961500668
105.289238912,770.0,0.55,760.0,10.0,0.09060148964998917,0.2926,0.3832014896499892,760.0,10.0,0.0939367712500507,0.2464,0.3403367712500507
105.301620455,770.0,0.55,780.0,-10.0,-0.1,0.2926,0.19260000000000002,780.0,-10.0,-0.09669483294997008,0.2464,0.14970516705002992
105.31339854,770.0,0.55,780.0,-10.0,-0.1,0.2926,0.19260000000000002,760.0,10.0,0.09395045045002007,0.2464,0.3403504504500201
105.329096916,770.0,0.55,760.0,10.0,0.09071076260001064,0.2926,0.3833107626000107,780.0,-10.0,-0.09676028294998104,0.2464,0.14963971705001897
105.342207918,770.0,0.55,780.0,-10.0,-0.09995877284998186,0.2926,0.19264122715001816,780.0,-10.0,-0.09742981844997303,0.2464,0.14897018155002698
105.358412044,770.0,0.55,780.0,-10.0,-0.1,0.2926,0.19260000000000002,760.0,10.0,0.09326707535002697,0.2464,0.339667075350027
105.372601921,770.0,0.55,760.0,10.0,0.09081676879999577,0.2926,0.3834167687999958,780.0,-10.0,-0.09754967889998625,0.2464,0.14885032110001375
105.38693238,770.0,0.55,780.0,-10.0,-0.0998307458499994,0.2926,0.19276925415000062,760.0,10.0,0.09309783575000893,0.2464,0.3394978357500089
105.407265632,770.0,0.55,760.0,10.0,0.0912344938500064,0.2926,0.38383449385000645,780.0,-10.0,-0.09796740394999688,0.2464,0.14843259605000314
105.422894301,770.0,0.55,780.0,-10.0,-0.09956022499998199,0.2926,0.19303977500001804,760.0,10.0,0.0928273148999915,0.2464,0.33922731489999153
105.43764651,770.0,0.55,760.0,10.0,0.0911716688000206,0.2926,0.3837716688000206,780.0,-10.0,-0.09790456430000631,0.2464,0.14849543569999368
105.46378393,770.0,0.55,780.0,-10.0,-0.1,0.2926,0.19260000000000002,780.0,-10.0,-0.09923021860001882,0.2464,0.1471697813999812
105.496164183,770.0,0.55,780.0,-10.0,-0.1,0.2926,0.19260000000000002,760.0,10.0,0.09239898784998332,0.2464,0.3387989878499833
105.506952351,770.0,0.55,780.0,-10.0,-0.1,0.2926,0.19260000000000002,780.0,-10.0,-0.09818218720001823,0.2464,0.14821781279998178
105.518719352,770.0,0.55,780.0,-10.0,-0.1,0.2926,0.19260000000000002,780.0,-10.0,-0.09876216640000166,0.2464,0.14763783359999835
105.531312353,770.0,0.55,760.0,10.0,0.0905841208999982,0.2926,0.3831841208999982,780.0,-10.0,-0.09934628729999986,0.2464,0.14705371270000014
105.54500523,770.0,0.55,780.0,-10.0,-0.1,0.2926,0.19260000000000002,780.0,-10.0,-0.1,0.2464,0.1464
105.556692314,770.0,0.55,780.0,-10.0,-0.1,0.2926,0.19260000000000002,760.0,10.0,0.09064013550002073,0.2464,0.33704013550002077
105.571262816,770.0,0.55,760.0,10.0,0.09062555210001846,0.2926,0.3832255521000185,760.0,10.0,0.09126571680000325,0.2464,0.33766571680000323
105.583877983,770.0,0.55,780.0,-10.0,-0.1,0.2926,0.19260000000000002,780.0,-10.0,-0.09941313745000571,0.2464,0.1469868625499943
105.599376277,770.0,0.55,760.0,10.0,0.09067617089998749,0.2926,0.3832761708999875,760.0,10.0,0.09126304799998707,0.2464,0.3376630479999871
105.61235282,770.0,0.55,760.0,10.0,0.0914158813999984,0.2926,0.3840158813999984,780.0,-10.0,-0.09947667710002861,0.2464,0.1469233228999714
105.626717696,770.0,0.55,780.0,-10.0,-0.09928863949999141,0.2926,0.19331136050000863,760.0,10.0,0.09122782919995644,0.2464,0.33762782919995643
105.640069906,770.0,0.55,780.0,-10.0,-0.09996976874999745,0.2926,0.19263023125000256,760.0,10.0,0.09190890009996565,0.2464,0.33830890009996567
105.656151241,770.0,0.55,780.0,-10.0,-0.1,0.2926,0.19260000000000002,780.0,-10.0,-0.09883985210003629,0.2464,0.14756014789996372
105.669244159,770.0,0.55,780.0,-10.0,-0.1,0.2926,0.19260000000000002,760.0,10.0,0.09193229169994993,0.2464,0.33833229169994994
105.686320369,770.0,0.55,760.0,10.0,0.0907357729999967,0.2926,0.3833357729999967,780.0,-10.0,-0.09880348130004676,0.2464,0.14759651869995324
105.702667995,770.0,0.55,780.0,-10.0,-0.1,0.2926,0.19260000000000002,760.0,10.0,0.09194630624996535,0.2464,0.33834630624996537
105.716431455,770.0,0.55,780.0,-10.0,-0.1,0.2926,0.19260000000000002,780.0,-10.0,-0.09892064385003323,0.2464,0.14747935614996677
105.730980957,770.0,0.55,760.0,10.0,0.09063456459999998,0.2926,0.3832345646,760.0,10.0,0.09171393539997098,0.2464,0.338113935399971
105.746460583,770.0,0.55,780.0,-10.0,-0.1,0.2926,0.19260000000000002,780.0,-10.0,-0.09909478340002806,0.2464,0.14730521659997195
105.759865293,770.0,0.55,760.0,10.0,0.09067297714999768,0.2926,0.3832729771499977,780.0,-10.0,-0.09976773140001569,0.2464,0.14663226859998432
105.774649003,770.0,0.55,760.0,10.0,0.09141324184999121,0.2926,0.38401324184999125,780.0,-10.0,-0.1,0.2464,0.1464
105.786759879,770.0,0.55,780.0,-10.0,-0.09927983110001151,0.2926,0.19332016889998851,780.0,-10.0,-0.1,0.2464,0.1464
105.800955589,770.0,0.55,760.0,10.0,0.09134541479999371,0.2926,0.3839454147999937,760.0,10.0,0.09062526049998723,0.2464,0.33702526049998727
105.815869965,770.0,0.55,780.0,-10.0,-0.09936467694999465,0.2926,0.19323532305000538,780.0,-10.0,-0.1,0.2464,0.1464
105.830221133,770.0,0.55,780.0,-10.0,-0.1,0.2926,0.19260000000000002,760.0,10.0,0.09075375424999038,0.2464,0.3371537542499904
105.842343093,770.0,0.55,780.0,-10.0,-0.1,0.2926,0.19260000000000002,780.0,-10.0,-0.09990962705001039,0.2464,0.14649037294998962
105.855743719,770.0,0.55,780.0,-10.0,-0.1,0.2926,0.19260000000000002,760.0,10.0,0.09075130430000172,0.2464,0.33715130430000173
105.86846447,770.0,0.55,780.0,-10.0,-0.1,0.2926,0.19260000000000002,760.0,10.0,0.09138072099998681,0.2464,0.3377807209999868
105.882338763,770.0,0.55,780.0,-10.0,-0.1,0.2926,0.19260000000000002,780.0,-10.0,-0.09931917700000667,0.2464,0.14708082299999334
105.897798265,770.0,0.55,760.0,10.0,0.09067959795001115,0.2926,0.3832795979500112,760.0,10.0,0.09136042100000395,0.2464,0.337760421000004
105.913431892,770.0,0.55,780.0,-10.0,-0.1,0.2926,0.19260000000000002,780.0,-10.0,-0.09942153739998502,0.2464,0.146978462600015
105.929364768,770.0,0.55,760.0,10.0,0.09083628135000708,0.2926,0.3834362813500071,760.0,10.0,0.09141472935001729,0.2464,0.33781472935001733
105.94286952,770.0,0.55,760.0,10.0,0.0915287710000166,0.2926,0.38412877100001663,780.0,-10.0,-0.09927777489999698,0.2464,0.14712222510000303
105.968068939,770.0,0.55,780.0,-10.0,-0.09970850829997743,0.2926,0.1928914917000226,760.0,10.0,0.0919594897999923,0.2464,0.3383594897999923
106.005244484,770.0,0.55,780.0,-10.0,-0.1,0.2926,0.19260000000000002,780.0,-10.0,-0.09984219370001028,0.2464,0.1465578062999897
106.020718861,770.0,0.55,760.0,10.0,0.09083161469999596,0.2926,0.383431614699996,780.0,-10.0,-0.1,0.2464,0.1464
106.034836404,770.0,0.55,780.0,-10.0,-0.09987678535001124,0.2926,0.1927232146499888,760.0,10.0,0.09070841465001195,0.2464,0.33710841465001196
106.05095303,770.0,0.55,780.0,-10.0,-0.1,0.2926,0.19260000000000002,760.0,10.0,0.09148700434999682,0.2464,0.33788700434999686
106.06452924,770.0,0.55,780.0,-10.0,-0.1,0.2926,0.19260000000000002,780.0,-10.0,-0.09928074990000368,0.2464,0.14711925009999632
106.077565575,770.0,0.55,780.0,-10.0,-0.1,0.2926,0.19260000000000002,780.0,-10.0,-0.09993004370001017,0.2464,0.14646995629998982
106.088836159,770.0,0.55,780.0,-10.0,-0.1,0.2926,0.19260000000000002,780.0,-10.0,-0.1,0.2464,0.1464
106.105077619,770.0,0.55,760.0,10.0,0.09059206879998329,0.2926,0.3831920687999833,760.0,10.0,0.09059206879998329,0.2464,0.3369920687999833
106.118227412,770.0,0.55,780.0,-10.0,-0.1,0.2926,0.19260000000000002,760.0,10.0,0.0913938605500016,0.2464,0.3377938605500016
106.132357497,770.0,0.55,780.0,-10.0,-0.1,0.2926,0.19260000000000002,780.0,-10.0,-0.0993838832999927,0.2464,0.1470161167000073
106.147827207,770.0,0.55,780.0,-10.0,-0.1,0.2926,0.19260000000000002,780.0,-10.0,-0.1,0.2464,0.1464
106.161890792,770.0,0.55,780.0,-10.0,-0.1,0.2926,0.19260000000000002,760.0,10.0,0.09070743754999967,0.2464,0.33710743754999967
106.174884543,770.0,0.55,760.0,10.0,0.09058870010000192,0.2926,0.38318870010000194,760.0,10.0,0.09129612304999682,0.2464,0.33769612304999685
106.188855961,770.0,0.55,780.0,-10.0,-0.1,0.2926,0.19260000000000002,760.0,10.0,0.09199405225000647,0.2464,0.33839405225000646
106.200170004,770.0,0.55,780.0,-10.0,-0.1,0.2926,0.19260000000000002,780.0,-10.0,-0.09863399364999167,0.2464,0.14776600635000833
106.215979797,770.0,0.55,760.0,10.0,0.09061735629999476,0.2926,0.38321735629999476,780.0,-10.0,-0.09925134994998644,0.2464,0.14714865005001357
106.228632298,770.0,0.55,780.0,-10.0,-0.1,0.2926,0.19260000000000002,780.0,-10.0,-0.09999104589999205,0.2464,0.14640895410000795
106.242781925,770.0,0.55,760.0,10.0,0.09070821050001086,0.2926,0.3833082105000109,760.0,10.0,0.09071716454999659,0.2464,0.33711716454999663
106.256334509,770.0,0.55,780.0,-10.0,-0.09996078539998052,0.2926,0.1926392146000195,760.0,10.0,0.09138614590000543,0.2464,0.33778614590000544
106.270577177,770.0,0.55,780.0,-10.0,-0.1,0.2926,0.19260000000000002,780.0,-10.0,-0.09933094579998851,0.2464,0.14706905420001148
106.286708679,770.0,0.55,760.0,10.0,0.09068128964999232,0.2926,0.38328128964999236,780.0,-10.0,-0.1,0.2464,0.1464
106.299129014,770.0,0.55,780.0,-10.0,-0.1,0.2926,0.19260000000000002,780.0,-10.0,-0.1,0.2464,0.1464
106.311251265,770.0,0.55,780.0,-10.0,-0.1,0.2926,0.19260000000000002,760.0,10.0,0.0905608750500187,0.2464,0.3369608750500187
106.324396975,770.0,0.55,780.0,-10.0,-0.1,0.2926,0.19260000000000002,760.0,10.0,0.09122341050000614,0.2464,0.33762341050000616
106.337426893,770.0,0.55,780.0,-10.0,-0.1,0.2926,0.19260000000000002,780.0,-10.0,-0.09941580624999916,0.2464,0.14698419375000085
106.352201269,770.0,0.55,760.0,10.0,0.09068457089998902,0.2926,0.383284570899989,780.0,-10.0,-0.1,0.2464,0.1464
106.365011562,770.0,0.55,780.0,-10.0,-0.1,0.2926,0.19260000000000002,780.0,-10.0,-0.1,0.2464,0.1464
106.378371938,770.0,0.55,760.0,10.0,0.09069750630000271,0.2926,0.38329750630000275,780.0,-10.0,-0.1,0.2464,0.1464
106.392173606,770.0,0.55,760.0,10.0,0.09128476259999388,0.2926,0.38388476259999393,760.0,10.0,0.09058730009998271,0.2464,0.33698730009998273
106.4103319,770.0,0.55,780.0,-10.0,-0.09963394375001826,0.2926,0.19296605624998175,780.0,-10.0,-0.1,0.2464,0.1464
106.423593693,770.0,0.55,760.0,10.0,0.09103667089997544,0.2926,0.38363667089997544,760.0,10.0,0.0906705416999921,0.2464,0.3370705416999921
106.439827861,770.0,0.55,780.0,-10.0,-0.0997711146000256,0.2926,0.19282888539997442,780.0,-10.0,-0.1,0.2464,0.1464
106.454427529,770.0,0.55,760.0,10.0,0.09094997299997885,0.2926,0.3835499729999789,760.0,10.0,0.09072108760000447,0.2464,0.3371210876000045
106.478448323,770.0,0.55,780.0,-10.0,-0.1,0.2926,0.19260000000000002,780.0,-10.0,-0.1,0.2464,0.1464
106.513860452,770.0,0.55,780.0,-10.0,-0.1,0.2926,0.19260000000000002,760.0,10.0,0.09178896684999473,0.2464,0.3381889668499947
106.527812912,770.0,0.55,760.0,10.0,0.09063100630000008,0.2926,0.3832310063000001,760.0,10.0,0.09241997314999481,0.2464,0.3388199731499948
106.542499788,770.0,0.55,780.0,-10.0,-0.1,0.2926,0.19260000000000002,780.0,-10.0,-0.09836525195000831,0.2464,0.1480347480499917
106.555993164,770.0,0.55,760.0,10.0,0.09067113965001226,0.2926,0.3832711396500123,760.0,10.0,0.0923059022499865,0.2464,0.33870590224998653
106.570394499,770.0,0.55,760.0,10.0,0.09136412515000757,0.2926,0.3839641251500076,780.0,-10.0,-0.0983870832500088,0.2464,0.1480129167499912
106.583192251,770.0,0.55,780.0,-10.0,-0.0993161436499804,0.2926,0.19328385635001963,760.0,10.0,0.09229318560000138,0.2464,0.3386931856000014
106.597206835,770.0,0.55,780.0,-10.0,-0.1,0.2926,0.19260000000000002,760.0,10.0,0.09298147524999877,0.2464,0.3393814752499988
106.614727545,770.0,0.55,800.0,-30.0,-0.29,0.2926,0.0026000000000000467,780.0,-10.0,-0.09773205814999528,0.2464,0.14866794185000473
106.629013963,770.0,0.55,780.0,-10.0,-0.1,0.2926,0.19260000000000002,780.0,-10.0,-0.09859988319999502,0.2464,0.147800116800005
106.640892965,770.0,0.55,780.0,-10.0,-0.1,0.2926,0.19260000000000002,780.0,-10.0,-0.09927512080000725,0.2464,0.14712487919999276
106.656147425,770.0,0.55,760.0,10.0,0.09065722714998628,0.2926,0.38325722714998633,760.0,10.0,0.09138209174997428,0.2464,0.3377820917499743
106.670141884,770.0,0.55,780.0,-10.0,-0.1,0.2926,0.19260000000000002,760.0,10.0,0.0921248793499808,0.2464,0.3385248793499808
106.687383178,770.0,0.55,760.0,10.0,0.09081181049999941,0.2926,0.38341181049999945,780.0,-10.0,-0.09868693115001861,0.2464,0.1477130688499814
106.700743262,770.0,0.55,760.0,10.0,0.0915246439000066,0.2926,0.3841246439000066,780.0,-10.0,-0.09939974995002103,0.2464,0.14700025004997896
106.716713472,770.0,0.55,760.0,10.0,0.09221825650000938,0.2926,0.3848182565000094,780.0,-10.0,-0.1,0.2464,0.1464
106.729898849,770.0,0.55,780.0,-10.0,-0.09854643524997755,0.2926,0.19405356475002247,760.0,10.0,0.09076464799999485,0.2464,0.33716464799999485
106.747547017,770.0,0.55,780.0,-10.0,-0.09943654364997201,0.2926,0.19316345635002802,760.0,10.0,0.09165481474998614,0.2464,0.33805481474998617
106.759727893,770.0,0.55,780.0,-10.0,-0.1,0.2926,0.19260000000000002,780.0,-10.0,-0.09896007700001519,0.2464,0.14743992299998482
106.77714127,770.0,0.55,760.0,10.0,0.09086493754999993,0.2926,0.38346493754999994,780.0,-10.0,-0.09982500000000982,0.2464,0.14657499999999019
106.789460396,770.0,0.55,780.0,-10.0,-0.09975769795000815,0.2926,0.19284230204999186,780.0,-10.0,-0.1,0.2464,0.1464
106.807083773,770.0,0.55,780.0,-10.0,-0.1,0.2926,0.19260000000000002,760.0,10.0,0.09082979174999309,0.2464,0.3372297917499931
106.821453024,770.0,0.55,760.0,10.0,0.09077018965000662,0.2926,0.38337018965000663,760.0,10.0,0.09159995219999019,0.2464,0.3379999521999902
106.834258359,770.0,0.55,780.0,-10.0,-0.0998714916499921,0.2926,0.19272850835000793,780.0,-10.0,-0.099041729150008,0.2464,0.147358270849992
106.847907485,770.0,0.55,780.0,-10.0,-0.1,0.2926,0.19260000000000002,780.0,-10.0,-0.09971600420001323,0.2464,0.14668399579998678
106.860846112,770.0,0.55,760.0,10.0,0.09065928340000028,0.2926,0.3832592834000003,780.0,-10.0,-0.1,0.2464,0.1464
106.87330203,770.0,0.55,780.0,-10.0,-0.09995062084999518,0.2926,0.19264937915000485,760.0,10.0,0.09060990424999546,0.2464,0.33700990424999544
106.888379156,770.0,0.55,780.0,-10.0,-0.1,0.2926,0.19260000000000002,760.0,10.0,0.09126055430000633,0.2464,0.33766055430000635
106.900595324,770.0,0.55,760.0,10.0,0.09072065009999278,0.2926,0.38332065009999283,780.0,-10.0,-0.09946008119998169,0.2464,0.14693991880001833
106.913980492,770.0,0.55,780.0,-10.0,-0.09993689785001152,0.2926,0.1926631021499885,760.0,10.0,0.09119748135002738,0.2464,0.3375974813500274
106.928172994,770.0,0.55,780.0,-10.0,-0.1,0.2926,0.19260000000000002,780.0,-10.0,-0.09950960624996696,0.2464,0.14689039375003304
106.943154745,770.0,0.55,760.0,10.0,0.09076833754999371,0.2926,0.3833683375499937,760.0,10.0,0.09125873130002674,0.2464,0.33765873130002677
106.955840788,770.0,0.55,780.0,-10.0,-0.09985234375001255,0.2926,0.19274765624998746,760.0,10.0,0.09187942720003775,0.2464,0.3382794272000378
106.969091206,770.0,0.55,780.0,-10.0,-0.1,0.2926,0.19260000000000002,780.0,-10.0,-0.098793593699952,0.2464,0.147606406300048
106.990785375,770.0,0.55,780.0,-10.0,-0.1,0.2926,0.19260000000000002,760.0,10.0,0.0923389335000502,0.2464,0.3387389335000502
107.026255837,770.0,0.55,780.0,-10.0,-0.1,0.2926,0.19260000000000002,760.0,10.0,0.09406721910005672,0.2464,0.34046721910005673
107.037062963,770.0,0.55,780.0,-10.0,-0.1,0.2926,0.19260000000000002,780.0,-10.0,-0.09652727054995011,0.2464,0.1498727294500499
107.050784131,770.0,0.55,760.0,10.0,0.09062267920000068,0.2926,0.3832226792000007,780.0,-10.0,-0.0971499351999455,0.2464,0.1492500648000545
107.063168007,770.0,0.55,760.0,10.0,0.09124616049999987,0.2926,0.38384616049999987,780.0,-10.0,-0.09777343104994998,0.2464,0.14862656895005003
107.076243133,770.0,0.55,760.0,10.0,0.09189228975000333,0.2926,0.3844922897500034,780.0,-10.0,-0.09841954569994868,0.2464,0.14798045430005133
107.08909076,770.0,0.55,760.0,10.0,0.09252624190000006,0.2926,0.3851262419000001,760.0,10.0,0.09221440645004805,0.2464,0.33861440645004803
107.105453553,770.0,0.55,780.0,-10.0,-0.0983052998499943,0.2926,0.19429470015000572,780.0,-10.0,-0.09861716449995583,0.2464,0.14778283550004417
107.12230343,770.0,0.55,760.0,10.0,0.09233081065000534,0.2926,0.38493081065000534,780.0,-10.0,-0.09925326039995071,0.2464,0.14714673960004931
107.139968515,770.0,0.55,780.0,-10.0,-0.09857719149999866,0.2926,0.19402280850000136,780.0,-10.0,-0.1,0.2464,0.1464
107.154580141,770.0,0.55,760.0,10.0,0.09241297319998922,0.2926,0.38501297319998923,780.0,-10.0,-0.1,0.2464,0.1464
107.169283059,770.0,0.55,780.0,-10.0,-0.09823226645000886,0.2926,0.19436773354999115,760.0,10.0,0.09064532715000496,0.2464,0.33704532715000496
107.182675227,770.0,0.55,780.0,-10.0,-0.0989004894000118,0.2926,0.19369951059998824,780.0,-10.0,-0.1,0.2464,0.1464
107.19464202,770.0,0.55,760.0,10.0,0.09180751694999799,0.2926,0.38440751694999803,780.0,-10.0,-0.1,0.2464,0.1464
107.208710855,770.0,0.55,780.0,-10.0,-0.09875884144998963,0.2926,0.19384115855001038,760.0,10.0,0.09056638755002042,0.2464,0.3369663875500204
107.227066024,770.0,0.55,780.0,-10.0,-0.09958702900000845,0.2926,0.1930129709999916,780.0,-10.0,-0.1,0.2464,0.1464
107.238597066,770.0,0.55,760.0,10.0,0.09121598774996983,0.2926,0.38381598774996983,780.0,-10.0,-0.1,0.2464,0.1464
107.252667359,770.0,0.55,780.0,-10.0,-0.0993875727500381,0.2926,0.19321242724996193,760.0,10.0,0.09060357504999048,0.2464,0.33700357504999046
107.266361694,770.0,0.55,800.0,-30.0,-0.29,0.2926,0.0026000000000000467,780.0,-10.0,-0.1,0.2464,0.1464
107.280402821,770.0,0.55,760.0,10.0,0.09071074799998315,0.2926,0.38331074799998316,760.0,10.0,0.09071079174999795,0.2464,0.337110791749998
107.294993155,770.0,0.55,780.0,-10.0,-0.09999104580001586,0.2926,0.19260895419998417,780.0,-10.0,-0.09999100210000052,0.2464,0.1464089978999995
107.309195865,770.0,0.55,780.0,-10.0,-0.1,0.2926,0.19260000000000002,760.0,10.0,0.09073091669999031,0.2464,0.3371309166999903
107.322494116,770.0,0.55,760.0,10.0,0.0906791313499889,0.2926,0.3832791313499889,760.0,10.0,0.09141007719998925,0.2464,0.33781007719998923
107.336908285,770.0,0.55,780.0,-10.0,-0.1,0.2926,0.19260000000000002,780.0,-10.0,-0.09930157495002731,0.2464,0.1470984250499727
107.348508744,770.0,0.55,780.0,-10.0,-0.1,0.2926,0.19260000000000002,760.0,10.0,0.0913511750999669,0.2464,0.3377511750999669
107.362509037,770.0,0.55,760.0,10.0,0.0906381667499909,0.2926,0.3832381667499909,780.0,-10.0,-0.099286991650024,0.2464,0.147113008349976
107.376476372,770.0,0.55,780.0,-10.0,-0.1,0.2926,0.19260000000000002,760.0,10.0,0.09139211049997811,0.2464,0.33779211049997815
107.38894454,770.0,0.55,780.0,-10.0,-0.1,0.2926,0.19260000000000002,760.0,10.0,0.09209426889998668,0.2464,0.3384942688999867
107.402623125,770.0,0.55,760.0,10.0,0.0906121646499878,0.2926,0.3832121646499878,780.0,-10.0,-0.0985178666000138,0.2464,0.1478821333999862
107.417446501,770.0,0.55,780.0,-10.0,-0.1,0.2926,0.19260000000000002,760.0,10.0,0.09220648759998312,0.2464,0.33860648759998313
107.429790419,770.0,0.55,780.0,-10.0,-0.1,0.2926,0.19260000000000002,760.0,10.0,0.09290392099998371,0.2464,0.33930392099998374
107.44425592,770.0,0.55,760.0,10.0,0.09065818965001654,0.2926,0.38325818965001657,760.0,10.0,0.09356206689998545,0.2464,0.3399620668999854
107.460989422,770.0,0.55,780.0,-10.0,-0.1,0.2926,0.19260000000000002,760.0,10.0,0.09435445239997989,0.2464,0.3407544523999799
107.477724965,770.0,0.55,760.0,10.0,0.09089289379998264,0.2926,0.38349289379998264,800.0,-30.0,-0.2883242291500346,0.2464,-0.041924229150034575
# 107.504 Shooter Ready
107.507658135,770.0,0.55,780.0,-10.0,-0.1,0.2926,0.19260000000000002,760.0,10.0,0.09314682099995025,0.2464,0.33954682099995026
107.542242805,770.0,0.55,780.0,-10.0,-0.1,0.2926,0.19260000000000002,760.0,10.0,0.09490072949996829,0.2464,0.3413007294999683
107.553280056,770.0,0.55,780.0,-10.0,-0.1,0.2926,0.19260000000000002,760.0,10.0,0.09552298579996205,0.2464,0.34192298579996205
107.564873224,770.0,0.55,780.0,-10.0,-0.1,0.2926,0.19260000000000002,760.0,10.0,0.09610442339996098,0.2464,0.342504423399961
107.577490725,770.0,0.55,780.0,-10.0,-0.1,0.2926,0.19260000000000002,760.0,10.0,0.09672777344996121,0.2464,0.3431277734499612
107.59116056,770.0,0.55,760.0,10.0,0.09061478964998969,0.2926,0.38321478964998973,760.0,10.0,0.09734254849996887,0.2464,0.3437425484999689
107.604115811,770.0,0.55,760.0,10.0,0.09126592095000433,0.2926,0.3838659209500044,760.0,10.0,0.09799366524995548,0.2464,0.3443936652499555
107.61842498,770.0,0.55,760.0,10.0,0.09195617935000883,0.2926,0.38455617935000885,760.0,10.0,0.09868390904995522,0.2464,0.34508390904995523
107.635199315,770.0,0.55,760.0,10.0,0.09262955025000338,0.2926,0.3852295502500034,760.0,10.0,0.09935729454995454,0.2464,0.3457572945499545
107.651028649,770.0,0.55,780.0,-10.0,-0.09832982899999934,0.2926,0.19427017100000069,760.0,10.0,0.1,0.2464,0.34640000000000004
107.663970484,770.0,0.55,780.0,-10.0,-0.09909351449998667,0.2926,0.19350648550001337,760.0,10.0,0.1,0.2464,0.34640000000000004
107.678272652,770.0,0.55,780.0,-10.0,-0.09981400414999371,0.2926,0.19278599585000633,760.0,10.0,0.1,0.2464,0.34640000000000004
107.692474487,770.0,0.55,780.0,-10.0,-0.1,0.2926,0.19260000000000002,760.0,10.0,0.1,0.2464,0.34640000000000004
107.703278405,770.0,0.55,780.0,-10.0,-0.1,0.2926,0.19260000000000002,760.0,10.0,0.1,0.2464,0.34640000000000004
107.714858156,770.0,0.55,780.0,-10.0,-0.1,0.2926,0.19260000000000002,780.0,-10.0,-0.09047788129998026,0.2464,0.15592211870001976
107.730583657,770.0,0.55,780.0,-10.0,-0.1,0.2926,0.19260000000000002,780.0,-10.0,-0.091156925149985,0.2464,0.155243074850015
107.745519034,770.0,0.55,780.0,-10.0,-0.1,0.2926,0.19260000000000002,780.0,-10.0,-0.09200474189998659,0.2464,0.15439525810001342
107.757979619,770.0,0.55,780.0,-10.0,-0.1,0.2926,0.19260000000000002,760.0,10.0,0.0986251415000197,0.2464,0.3450251415000197
107.769760328,770.0,0.55,780.0,-10.0,-0.1,0.2926,0.19260000000000002,760.0,10.0,0.09921197490002669,0.2464,0.3456119749000267
107.782980413,770.0,0.55,760.0,10.0,0.09060815425001692,0.2926,0.383208154250017,780.0,-10.0,-0.09139620844995534,0.2464,0.15500379155004468
107.795819289,770.0,0.55,780.0,-10.0,-0.1,0.2926,0.19260000000000002,760.0,10.0,0.0992209583000431,0.2464,0.34562095830004314
107.80974404,770.0,0.55,760.0,10.0,0.09071439380001266,0.2926,0.3833143938000127,780.0,-10.0,-0.09149343549996956,0.2464,0.15490656450003043
107.822802542,770.0,0.55,760.0,10.0,0.09135021265000433,0.2926,0.38395021265000434,780.0,-10.0,-0.09212925434996123,0.2464,0.1542707456500388
107.836276376,770.0,0.55,760.0,10.0,0.09203179395000462,0.2926,0.38463179395000463,760.0,10.0,0.09855234155004382,0.2464,0.34495234155004384
107.849264878,770.0,0.55,760.0,10.0,0.09269120860000385,0.2926,0.3852912086000039,780.0,-10.0,-0.09210705849995066,0.2464,0.15429294150004935
107.862640421,770.0,0.55,780.0,-10.0,-0.09798067480001009,0.2926,0.19461932519998992,780.0,-10.0,-0.09277894189996459,0.2464,0.1536210581000354
107.876233839,770.0,0.55,760.0,10.0,0.09268753359998755,0.2926,0.3852875335999876,780.0,-10.0,-0.09344712114995218,0.2464,0.15295287885004782
107.88912959,770.0,0.55,780.0,-10.0,-0.09797275605001232,0.2926,0.1946272439499877,780.0,-10.0,-0.0941074399499621,0.2464,0.1522925600500379
107.902187508,770.0,0.55,780.0,-10.0,-0.09861462695000682,0.2926,0.1939853730499932,760.0,10.0,0.09653440180002235,0.2464,0.3429344018000223
107.920038385,770.0,0.55,760.0,10.0,0.09225669814999492,0.2926,0.38485669814999496,760.0,10.0,0.09740575605003414,0.2464,0.34380575605003416
107.933700345,770.0,0.55,780.0,-10.0,-0.09845383110000512,0.2926,0.19414616889999492,780.0,-10.0,-0.09330475859996114,0.2464,0.15309524140003888
107.949098013,770.0,0.55,780.0,-10.0,-0.09922806029999265,0.2926,0.19337193970000738,780.0,-10.0,-0.09407897324996611,0.2464,0.1523210267500339
107.964950973,770.0,0.55,760.0,10.0,0.09150784395002574,0.2926,0.3841078439500258,760.0,10.0,0.09665696015003959,0.2464,0.3430569601500396
107.979132974,770.0,0.55,780.0,-10.0,-0.09924278944997696,0.2926,0.19335721055002308,760.0,10.0,0.09740756440003225,0.2464,0.34380756440003224
107.991865684,770.0,0.55,780.0,-10.0,-0.0998801686999741,0.2926,0.19271983130002593,760.0,10.0,0.09804495820003467,0.2464,0.3444449582000347
108.015068644,770.0,0.55,780.0,-10.0,-0.1,0.2926,0.19260000000000002,780.0,-10.0,-0.09312423149996449,0.2464,0.15327576850003552
108.051150148,770.0,0.55,780.0,-10.0,-0.1,0.2926,0.19260000000000002,760.0,10.0,0.09858111455002927,0.2464,0.3449811145500293
108.065960691,770.0,0.55,-0.0,770.0,7.319999999999999,0.2926,1.0,0.0,770.0,7.319999999999999,0.2464,1.0
