# Timestamp,ShooterReady,IsShooting,TargetTPS,Tilt,RightTPS,RightError,RightPowerPID,RightPowerFF,RightPower,LeftTPS,LeftError,LeftPowerPID,LeftPowerFF,LeftPower
# 0.000 PIDF Config: kP=0.0095 kI=0.005 kD=0.0
# 0.001 Feedforward Config: kS=0.0 kV_Left=3.2E-4 kV_Right=3.8E-4 kA=0.01
3.62897624,0.0,0.0,695.0,0.0,-0.0,695.0,6.6025,0.2641,1.0,0.0,695.0,6.6025,0.22240000000000001,1.0
3.658996618,0.0,0.0,695.0,0.0,20.0,675.0,6.4174999999999995,0.2641,1.0,20.0,675.0,6.4174999999999995,0.22240000000000001,1.0
3.673931994,0.0,0.0,695.0,0.0,60.0,635.0,6.0375,0.2641,1.0,40.0,655.0,6.2275,0.22240000000000001,1.0
3.692454288,0.0,0.0,695.0,0.0,60.0,635.0,6.0375,0.2641,1.0,60.0,635.0,6.0375,0.22240000000000001,1.0
3.708231123,0.0,0.0,695.0,0.0,100.0,595.0,5.6575,0.2641,1.0,80.0,615.0,5.8475,0.22240000000000001,1.0
3.730754792,0.0,0.0,695.0,0.0,120.0,575.0,5.467499999999999,0.2641,1.0,120.0,575.0,5.467499999999999,0.22240000000000001,1.0
3.746627585,0.0,0.0,695.0,0.0,160.0,535.0,5.0874999999999995,0.2641,1.0,160.0,535.0,5.0874999999999995,0.22240000000000001,1.0
3.765417337,0.0,0.0,695.0,0.0,200.0,495.0,4.7075,0.2641,1.0,200.0,495.0,4.7075,0.22240000000000001,1.0
3.781024714,0.0,0.0,695.0,0.0,240.0,455.0,4.3275,0.2641,1.0,220.0,475.0,4.5175,0.22240000000000001,1.0
3.794073298,0.0,0.0,695.0,0.0,280.0,415.0,3.9475,0.2641,1.0,240.0,455.0,4.3275,0.22240000000000001,1.0
3.810567925,0.0,0.0,695.0,0.0,280.0,415.0,3.9475,0.2641,1.0,280.0,415.0,3.9475,0.22240000000000001,1.0
3.825499218,0.0,0.0,695.0,0.0,320.0,375.0,3.5675,0.2641,1.0,300.0,395.0,3.7575,0.22240000000000001,1.0
3.840974761,0.0,0.0,695.0,0.0,340.0,355.0,3.3775,0.2641,1.0,300.0,395.0,3.7575,0.22240000000000001,1.0
3.853181304,0.0,0.0,695.0,0.0,380.0,315.0,2.9974999999999996,0.2641,1.0,340.0,355.0,3.3775,0.22240000000000001,1.0
3.866913264,0.0,0.0,695.0,0.0,400.0,295.0,2.8074999999999997,0.2641,1.0,360.0,335.0,3.1875,0.22240000000000001,1.0
3.886043682,0.0,0.0,695.0,0.0,420.0,275.0,2.6174999999999997,0.2641,1.0,420.0,275.0,2.6174999999999997,0.22240000000000001,1.0
3.897645017,0.0,0.0,695.0,0.0,460.0,235.0,2.2375,0.2641,1.0,420.0,275.0,2.6174999999999997,0.22240000000000001,1.0
3.91112556,0.0,0.0,695.0,0.0,460.0,235.0,2.2375,0.2641,1.0,440.0,255.0,2.4274999999999998,0.22240000000000001,1.0
3.92944427,0.0,0.0,695.0,0.0,500.0,195.0,1.8575,0.2641,1.0,460.0,235.0,2.2375,0.22240000000000001,1.0
3.946070438,0.0,0.0,695.0,0.0,540.0,155.0,1.4774999999999998,0.2641,1.0,500.0,195.0,1.8575,0.22240000000000001,1.0
3.958686773,0.0,0.0,695.0,0.0,560.0,135.0,1.2874999999999999,0.2641,1.0,500.0,195.0,1.8575,0.22240000000000001,1.0
3.977800275,0.0,0.0,695.0,0.0,600.0,95.0,0.9075,0.2641,1.0,560.0,135.0,1.2874999999999999,0.22240000000000001,1.0
3.989907068,0.0,0.0,695.0,0.0,600.0,95.0,0.9075,0.2641,1.0,560.0,135.0,1.2874999999999999,0.22240000000000001,1.0
4.009535361,0.0,0.0,695.0,0.0,620.0,75.0,0.7175,0.2641,0.9816,600.0,95.0,0.9075,0.22240000000000001,1.0
4.023330613,0.0,0.0,695.0,0.0,660.0,35.0,0.3375,0.2641,0.6016,600.0,95.0,0.9075,0.22240000000000001,1.0
4.044085907,0.0,0.0,695.0,0.0,680.0,15.0,0.1475,0.2641,0.41159999999999997,640.0,55.0,0.5275,0.22240000000000001,0.7499
4.060285367,0.0,0.0,695.0,0.0,720.0,-25.0,-0.23452916162499987,0.2641,0.02957083837500013,660.0,35.0,0.3375,0.22240000000000001,0.5599000000000001
4.090108578,0.0,0.0,695.0,0.0,740.0,-45.0,-0.4312311153499968,0.2641,-0.1671311153499968,700.0,-5.0,-0.04324470527500026,0.22240000000000001,0.17915529472499975
4.114660205,1.0,0.0,695.0,0.0,720.0,-25.0,-0.2425,0.2641,0.021600000000000008,720.0,-25.0,-0.23632853377499968,0.22240000000000001,-0.013928533774999668
4.153456834,1.0,0.0,695.0,0.0,720.0,-25.0,-0.2425,0.2641,0.021600000000000008,720.0,-25.0,-0.24061705502500003,0.22240000000000001,-0.018217055025000012
4.193050297,1.0,0.0,695.0,0.0,700.0,-5.0,-0.0525,0.2641,0.2116,700.0,-5.0,-0.0516744124249999,0.22240000000000001,0.17072558757500012
4.215640466,1.0,0.0,695.0,0.0,720.0,-25.0,-0.2425,0.2641,0.021600000000000008,700.0,-5.0,-0.05227396977500007,0.22240000000000001,0.17012603022499995
4.232403426,1.0,0.0,695.0,0.0,700.0,-5.0,-0.0525,0.2641,0.2116,680.0,15.0,0.13898408344999977,0.22240000000000001,0.3613840834499998
4.254884803,1.0,0.0,695.0,0.0,700.0,-5.0,-0.0525,0.2641,0.2116,680.0,15.0,0.14077853367499868,0.22240000000000001,0.3631785336749987
4.273951055,1.0,0.0,695.0,0.0,700.0,-5.0,-0.0525,0.2641,0.2116,680.0,15.0,0.14221069002499914,0.22240000000000001,0.36461069002499913
4.293623682,1.0,0.0,695.0,0.0,700.0,-5.0,-0.0525,0.2641,0.2116,700.0,-5.0,-0.04828521627500095,0.22240000000000001,0.17411478372499906
4.309514558,1.0,0.0,695.0,0.0,700.0,-5.0,-0.0525,0.2641,0.2116,680.0,15.0,0.14289994947499934,0.22240000000000001,0.36529994947499933
4.329628477,1.0,0.0,695.0,0.0,700.0,-5.0,-0.0525,0.2641,0.2116,680.0,15.0,0.14441282464999772,0.22240000000000001,0.36681282464999776
4.345799354,1.0,0.0,695.0,0.0,680.0,15.0,0.1385945157249992,0.2641,0.4026945157249992,680.0,15.0,0.14550731847499832,0.22240000000000001,0.36790731847499836
4.364050689,1.0,0.0,695.0,0.0,680.0,15.0,0.13993656895000015,0.2641,0.4040365689500002,700.0,-5.0,-0.044936802400001884,0.22240000000000001,0.17746319759999812
4.385615649,1.0,0.0,695.0,0.0,700.0,-5.0,-0.05061424362499963,0.2641,0.21348575637500036,680.0,15.0,0.146725304024997,0.22240000000000001,0.369125304024997
4.408556693,1.0,0.0,695.0,0.0,700.0,-5.0,-0.05118235929999969,0.2641,0.2129176407000003,680.0,15.0,0.1475,0.22240000000000001,0.3699
4.423547778,1.0,0.0,695.0,0.0,700.0,-5.0,-0.05162069787499931,0.2641,0.21247930212500069,680.0,15.0,0.1475,0.22240000000000001,0.3699
4.443374697,1.0,0.0,695.0,0.0,700.0,-5.0,-0.05203213749999961,0.2641,0.2120678625000004,700.0,-5.0,-0.04291143232500005,0.22240000000000001,0.17948856767499996
4.463973657,1.0,0.0,695.0,0.0,700.0,-5.0,-0.0525,0.2641,0.2116,700.0,-5.0,-0.0434515625749998,0.22240000000000001,0.17894843742500022
4.483410909,1.0,0.0,695.0,0.0,700.0,-5.0,-0.0525,0.2641,0.2116,700.0,-5.0,-0.04397945742499971,0.22240000000000001,0.1784205425750003
4.498593911,1.0,0.0,695.0,0.0,700.0,-5.0,-0.0525,0.2641,0.2116,680.0,15.0,0.14714417397500112,0.22240000000000001,0.36954417397500117
4.515710954,1.0,0.0,695.0,0.0,700.0,-5.0,-0.0525,0.2641,0.2116,700.0,-5.0,-0.043285582299998564,0.22240000000000001,0.17911441770000144
4.536075706,1.0,0.0,695.0,0.0,700.0,-5.0,-0.0525,0.2641,0.2116,680.0,15.0,0.1475,0.22240000000000001,0.3699
4.554041208,1.0,0.0,695.0,0.0,680.0,15.0,0.13873081885000146,0.2641,0.4028308188500015,700.0,-5.0,-0.04291028755000028,0.22240000000000001,0.17948971244999973
4.578898794,1.0,0.0,695.0,0.0,680.0,15.0,0.14057905967500017,0.2641,0.4046790596750002,680.0,15.0,0.1475,0.22240000000000001,0.3699
4.601467963,1.0,0.0,695.0,0.0,700.0,-5.0,-0.04999662474999994,0.2641,0.21410337525000006,720.0,-25.0,-0.2353784951249996,0.22240000000000001,-0.012978495124999573
4.627706882,1.0,0.0,695.0,0.0,700.0,-5.0,-0.05065146022500017,0.2641,0.21344853977499983,700.0,-5.0,-0.046033337900000075,0.22240000000000001,0.17636666209999993
4.648347259,1.0,0.0,695.0,0.0,700.0,-5.0,-0.05116138840000005,0.2641,0.21293861159999994,680.0,15.0,0.14549646852499817,0.22240000000000001,0.3678964685249982
4.678532429,1.0,0.0,695.0,0.0,700.0,-5.0,-0.051783010349999756,0.2641,0.21231698965000023,700.0,-5.0,-0.04512514610000224,0.22240000000000001,0.17727485389999778
4.713906641,1.0,0.0,695.0,0.0,700.0,-5.0,-0.0525,0.2641,0.2116,680.0,15.0,0.1475,0.22240000000000001,0.3699
4.731979184,1.0,0.0,695.0,0.0,700.0,-5.0,-0.0525,0.2641,0.2116,680.0,15.0,0.1475,0.22240000000000001,0.3699
4.746964727,1.0,0.0,695.0,0.0,700.0,-5.0,-0.0525,0.2641,0.2116,700.0,-5.0,-0.042817369825000215,0.22240000000000001,0.1795826301749998
4.767343771,1.0,0.0,695.0,0.0,700.0,-5.0,-0.0525,0.2641,0.2116,680.0,15.0,0.1475,0.22240000000000001,0.3699
4.779687106,1.0,0.0,695.0,0.0,700.0,-5.0,-0.0525,0.2641,0.2116,680.0,15.0,0.1475,0.22240000000000001,0.3699
4.796991982,1.0,0.0,695.0,0.0,680.0,15.0,0.13866698755000115,0.2641,0.4027669875500012,680.0,15.0,0.1475,0.22240000000000001,0.3699
4.817937151,1.0,0.0,695.0,0.0,680.0,15.0,0.140104875250001,0.2641,0.40420487525000104,700.0,-5.0,-0.042979310475000004,0.22240000000000001,0.179420689525
4.839949237,1.0,0.0,695.0,0.0,680.0,15.0,0.14172533162500114,0.2641,0.4058253316250011,700.0,-5.0,-0.043519477199999844,0.22240000000000001,0.17888052280000016
4.86083403,1.0,0.0,695.0,0.0,700.0,-5.0,-0.04879196114999843,0.2641,0.21530803885000158,700.0,-5.0,-0.044036777249999944,0.22240000000000001,0.17836322275000008
4.883619616,1.0,0.0,695.0,0.0,700.0,-5.0,-0.049368549749998325,0.2641,0.21473145025000168,700.0,-5.0,-0.04461334397500025,0.22240000000000001,0.17778665602499977
4.900163534,1.0,0.0,695.0,0.0,700.0,-5.0,-0.04977468832499824,0.2641,0.21432531167500177,700.0,-5.0,-0.04501948985000041,0.22240000000000001,0.17738051014999962
4.917549203,1.0,0.0,695.0,0.0,700.0,-5.0,-0.050223891499998674,0.2641,0.21387610850000133,680.0,15.0,0.14632814149999815,0.22240000000000001,0.36872814149999816
4.937768121,1.0,0.0,695.0,0.0,700.0,-5.0,-0.05072426029999889,0.2641,0.21337573970000112,700.0,-5.0,-0.044172234600002296,0.22240000000000001,0.1782277653999977
4.963887457,0.0,0.0,695.0,0.0,720.0,-25.0,-0.2425,0.2641,0.021600000000000008,680.0,15.0,0.1475,0.22240000000000001,0.3699
4.988100168,1.0,0.0,695.0,0.0,700.0,-5.0,-0.0525,0.2641,0.2116,700.0,-5.0,-0.04309765422500036,0.22240000000000001,0.17930234577499965
5.004431753,1.0,0.0,695.0,0.0,700.0,-5.0,-0.0525,0.2641,0.2116,700.0,-5.0,-0.04355506780000013,0.22240000000000001,0.1788449321999999
5.022147297,1.0,0.0,695.0,0.0,700.0,-5.0,-0.0525,0.2641,0.2116,700.0,-5.0,-0.043938084500000515,0.22240000000000001,0.1784619154999995
5.040857132,1.0,0.0,695.0,0.0,680.0,15.0,0.1389315658000001,0.2641,0.4030315658000001,700.0,-5.0,-0.04441522205000041,0.22240000000000001,0.17798477794999962
5.062485384,1.0,0.0,695.0,0.0,680.0,15.0,0.14050394094999985,0.2641,0.40460394094999985,680.0,15.0,0.14715732814999838,0.22240000000000001,0.3695573281499984
5.088733637,1.0,0.0,695.0,0.0,720.0,-25.0,-0.2425,0.2641,0.021600000000000008,700.0,-5.0,-0.04352455212500203,0.22240000000000001,0.17887544787499798
5.107572097,1.0,0.0,695.0,0.0,720.0,-25.0,-0.2425,0.2641,0.021600000000000008,720.0,-25.0,-0.23608899512500273,0.22240000000000001,-0.013688995125002712
5.127600849,0.0,0.0,695.0,0.0,720.0,-25.0,-0.2425,0.2641,0.021600000000000008,680.0,15.0,0.14539047684999656,0.22240000000000001,0.36779047684999655
5.146116434,1.0,0.0,695.0,0.0,700.0,-5.0,-0.0525,0.2641,0.2116,700.0,-5.0,-0.04503978987500361,0.22240000000000001,0.17736021012499642
5.162997811,1.0,0.0,695.0,0.0,700.0,-5.0,-0.0525,0.2641,0.2116,700.0,-5.0,-0.04549778680000315,0.22240000000000001,0.17690221319999686
5.192447105,1.0,0.0,695.0,0.0,700.0,-5.0,-0.0525,0.2641,0.2116,680.0,15.0,0.14627246962499768,0.22240000000000001,0.36867246962499767
5.216922608,1.0,0.0,695.0,0.0,700.0,-5.0,-0.0525,0.2641,0.2116,700.0,-5.0,-0.044487030450002435,0.22240000000000001,0.17791296954999758
5.233314276,1.0,0.0,695.0,0.0,700.0,-5.0,-0.0525,0.2641,0.2116,700.0,-5.0,-0.04490145235000213,0.22240000000000001,0.1774985476499979
5.257309695,1.0,0.0,695.0,0.0,700.0,-5.0,-0.0525,0.2641,0.2116,700.0,-5.0,-0.045496671175002064,0.22240000000000001,0.17690332882499796
5.273928864,1.0,0.0,695.0,0.0,700.0,-5.0,-0.0525,0.2641,0.2116,700.0,-5.0,-0.045916970175002375,0.22240000000000001,0.17648302982499764
5.293824324,1.0,0.0,695.0,0.0,700.0,-5.0,-0.0525,0.2641,0.2116,700.0,-5.0,-0.04640831187500211,0.22240000000000001,0.1759916881249979
5.309255242,1.0,0.0,695.0,0.0,700.0,-5.0,-0.0525,0.2641,0.2116,700.0,-5.0,-0.04679756295000203,0.22240000000000001,0.17560243704999798
5.329276411,1.0,0.0,695.0,0.0,700.0,-5.0,-0.0525,0.2641,0.2116,680.0,15.0,0.14470728414999795,0.22240000000000001,0.36710728414999794
5.343500704,1.0,0.0,695.0,0.0,700.0,-5.0,-0.0525,0.2641,0.2116,680.0,15.0,0.14576574984999893,0.22240000000000001,0.36816574984999895
5.363248581,1.0,0.0,695.0,0.0,700.0,-5.0,-0.0525,0.2641,0.2116,700.0,-5.0,-0.04472255125000075,0.22240000000000001,0.17767744874999927
5.382449291,1.0,0.0,695.0,0.0,700.0,-5.0,-0.0525,0.2641,0.2116,700.0,-5.0,-0.04518942942500132,0.22240000000000001,0.1772105705749987
5.399578001,1.0,0.0,695.0,0.0,700.0,-5.0,-0.0525,0.2641,0.2116,680.0,15.0,0.14615056752499866,0.22240000000000001,0.3685505675249987
5.428809421,1.0,0.0,695.0,0.0,700.0,-5.0,-0.0525,0.2641,0.2116,700.0,-5.0,-0.04457850442500117,0.22240000000000001,0.17782149557499885
5.453271798,1.0,0.0,695.0,0.0,680.0,15.0,0.13909162517499993,0.2641,0.40319162517499996,700.0,-5.0,-0.04510898052500096,0.22240000000000001,0.17729101947499906
5.473606509,1.0,0.0,695.0,0.0,700.0,-5.0,-0.05145691967499971,0.2641,0.2126430803250003,700.0,-5.0,-0.045657569125001206,0.22240000000000001,0.1767424308749988
5.494530969,1.0,0.0,695.0,0.0,700.0,-5.0,-0.05199053847499983,0.2641,0.21210946152500018,680.0,15.0,0.14594337479999864,0.22240000000000001,0.3683433747999987
5.512986179,1.0,0.0,695.0,0.0,700.0,-5.0,-0.052455141649999745,0.2641,0.21164485835000024,700.0,-5.0,-0.044521162750001085,0.22240000000000001,0.17787883724999892
5.533847348,1.0,0.0,695.0,0.0,700.0,-5.0,-0.0525,0.2641,0.2116,700.0,-5.0,-0.04503303050000113,0.22240000000000001,0.1773669694999989
5.550652016,1.0,0.0,695.0,0.0,680.0,15.0,0.13878360325000116,0.2641,0.40288360325000117,700.0,-5.0,-0.04546092742500136,0.22240000000000001,0.17693907257499866
5.572094185,1.0,0.0,695.0,0.0,680.0,15.0,0.14039349400000134,0.2641,0.40449349400000134,700.0,-5.0,-0.04599755037500117,0.22240000000000001,0.17640244962499885
5.588253395,1.0,0.0,695.0,0.0,680.0,15.0,0.1415575722249997,0.2641,0.4056575722249997,700.0,-5.0,-0.046385583750000875,0.22240000000000001,0.17601441624999914
5.616531356,1.0,0.0,695.0,0.0,700.0,-5.0,-0.049160299725000696,0.2641,0.2149397002749993,700.0,-5.0,-0.04710347030000108,0.22240000000000001,0.17529652969999893
5.644916068,1.0,0.0,695.0,0.0,700.0,-5.0,-0.0498705081250003,0.2641,0.2142294918749997,700.0,-5.0,-0.047813664100000895,0.22240000000000001,0.1745863358999991
5.671950654,1.0,0.0,695.0,0.0,700.0,-5.0,-0.050532423825000596,0.2641,0.2135675761749994,680.0,15.0,0.14417199547500045,0.22240000000000001,0.36657199547500047
5.717238908,1.0,0.0,695.0,0.0,700.0,-5.0,-0.05149302810000066,0.2641,0.21260697189999933,720.0,-25.0,-0.2406309530249996,0.22240000000000001,-0.01823095302499958
5.750474328,1.0,0.0,695.0,0.0,700.0,-5.0,-0.052487188600000824,0.2641,0.21161281139999918,680.0,15.0,0.14235141912499982,0.22240000000000001,0.36475141912499986
5.780305123,1.0,0.0,695.0,0.0,700.0,-5.0,-0.0525,0.2641,0.2116,700.0,-5.0,-0.048399680950000176,0.22240000000000001,0.17400031904999985
5.796690958,1.0,0.0,695.0,0.0,700.0,-5.0,-0.0525,0.2641,0.2116,700.0,-5.0,-0.04885942057500003,0.22240000000000001,0.17354057942499998
5.821240252,1.0,0.0,695.0,0.0,700.0,-5.0,-0.0525,0.2641,0.2116,680.0,15.0,0.14298297962499956,0.22240000000000001,0.36538297962499955
5.847809338,1.0,0.0,695.0,0.0,680.0,15.0,0.13938426894999834,0.2641,0.40348426894999834,680.0,15.0,0.1448672047750007,0.22240000000000001,0.36726720477500074
5.865791173,1.0,0.0,695.0,0.0,680.0,15.0,0.1407593972499981,0.2641,0.4048593972499981,700.0,-5.0,-0.04559117862499946,0.22240000000000001,0.17680882137500056
5.892722801,1.0,0.0,695.0,0.0,680.0,15.0,0.142767172449998,0.2641,0.40686717244999804,700.0,-5.0,-0.046260444299999225,0.22240000000000001,0.17613955570000078
5.909530969,1.0,0.0,695.0,0.0,700.0,-5.0,-0.047648831750002216,0.2641,0.21645116824999777,700.0,-5.0,-0.0466764339249994,0.22240000000000001,0.17572356607500061
5.933730555,1.0,0.0,695.0,0.0,700.0,-5.0,-0.048259793275002634,0.2641,0.21584020672499737,700.0,-5.0,-0.04728740274999936,0.22240000000000001,0.17511259725000067
5.956246057,0.0,0.0,695.0,0.0,720.0,-25.0,-0.24070457990000121,0.2641,0.023395420099998787,680.0,15.0,0.1441792505249998,0.22240000000000001,0.36657925052499984
5.991497186,1.0,0.0,695.0,0.0,700.0,-5.0,-0.051661443550001136,0.2641,0.21243855644999887,700.0,-5.0,-0.046777620400000615,0.22240000000000001,0.1756223795999994
6.017520563,1.0,0.0,695.0,0.0,700.0,-5.0,-0.05230378112500148,0.2641,0.21179621887499853,680.0,15.0,0.14514961102499824,0.22240000000000001,0.3675496110249983
6.033110148,1.0,0.0,695.0,0.0,700.0,-5.0,-0.0525,0.2641,0.2116,680.0,15.0,0.1463272517999981,0.22240000000000001,0.3687272517999981
6.050844067,1.0,0.0,695.0,0.0,700.0,-5.0,-0.0525,0.2641,0.2116,700.0,-5.0,-0.044148048250002174,0.22240000000000001,0.17825195174999783
6.066582693,1.0,0.0,695.0,0.0,700.0,-5.0,-0.0525,0.2641,0.2116,720.0,-25.0,-0.23610403800000027,0.22240000000000001,-0.013704038000000252
6.083851112,1.0,0.0,695.0,0.0,700.0,-5.0,-0.0525,0.2641,0.2116,720.0,-25.0,-0.23827196012500065,0.22240000000000001,-0.01587196012500064
6.09923828,1.0,0.0,695.0,0.0,700.0,-5.0,-0.0525,0.2641,0.2116,700.0,-5.0,-0.04864638722500089,0.22240000000000001,0.17375361277499912
6.116847073,1.0,0.0,695.0,0.0,700.0,-5.0,-0.0525,0.2641,0.2116,700.0,-5.0,-0.04909554665000073,0.22240000000000001,0.17330445334999928
6.148740535,0.0,0.0,695.0,0.0,720.0,-25.0,-0.2425,0.2641,0.021600000000000008,680.0,15.0,0.14319032547499885,0.22240000000000001,0.36559032547499887
6.184425372,1.0,0.0,695.0,0.0,680.0,15.0,0.14017570652500097,0.2641,0.404275706525001,680.0,15.0,0.14586590075000017,0.22240000000000001,0.3682659007500002
6.231017085,1.0,0.0,695.0,0.0,700.0,-5.0,-0.05070755502499878,0.2641,0.2133924449750012,700.0,-5.0,-0.04501745557499987,0.22240000000000001,0.17738254442500015
6.261099004,0.0,0.0,695.0,0.0,720.0,-25.0,-0.2425,0.2641,0.021600000000000008,680.0,15.0,0.1475,0.22240000000000001,0.3699
6.277894339,1.0,0.0,695.0,0.0,720.0,-25.0,-0.2425,0.2641,0.021600000000000008,700.0,-5.0,-0.0429533229499998,0.22240000000000001,0.17944667705000023
6.308932926,1.0,0.0,695.0,0.0,700.0,-5.0,-0.0525,0.2641,0.2116,700.0,-5.0,-0.043695804299999995,0.22240000000000001,0.1787041957
6.325347344,1.0,0.0,695.0,0.0,700.0,-5.0,-0.0525,0.2641,0.2116,680.0,15.0,0.1475,0.22240000000000001,0.3699
6.341238804,1.0,0.0,695.0,0.0,700.0,-5.0,-0.0525,0.2641,0.2116,700.0,-5.0,-0.04288026044999953,0.22240000000000001,0.1795197395500005
6.356094264,1.0,0.0,695.0,0.0,700.0,-5.0,-0.0525,0.2641,0.2116,700.0,-5.0,-0.04326831569999953,0.22240000000000001,0.17913168430000048
6.377934266,1.0,0.0,695.0,0.0,700.0,-5.0,-0.0525,0.2641,0.2116,700.0,-5.0,-0.04381293762499993,0.22240000000000001,0.17858706237500008
6.394083851,1.0,0.0,695.0,0.0,700.0,-5.0,-0.0525,0.2641,0.2116,700.0,-5.0,-0.04421538662499984,0.22240000000000001,0.1781846133750002
6.419560062,1.0,0.0,695.0,0.0,680.0,15.0,0.139277343925,0.2641,0.403377343925,700.0,-5.0,-0.04480786377499967,0.22240000000000001,0.17759213622500034
6.435225189,1.0,0.0,695.0,0.0,680.0,15.0,0.14050367845000053,0.2641,0.40460367845000056,700.0,-5.0,-0.045216627350000066,0.22240000000000001,0.17718337264999995
6.462770775,1.0,0.0,695.0,0.0,680.0,15.0,0.14234480987499934,0.2641,0.4064448098749993,700.0,-5.0,-0.04583033782499967,0.22240000000000001,0.17656966217500034
6.491267194,1.0,0.0,695.0,0.0,720.0,-25.0,-0.24157952900000296,0.2641,0.022520470999997044,700.0,-5.0,-0.04661519832499963,0.22240000000000001,0.17578480167500038
6.512882905,1.0,0.0,695.0,0.0,720.0,-25.0,-0.2425,0.2641,0.021600000000000008,700.0,-5.0,-0.04715142754999945,0.22240000000000001,0.17524857245000056
6.538826074,1.0,0.0,695.0,0.0,700.0,-5.0,-0.0525,0.2641,0.2116,700.0,-5.0,-0.04780357239999972,0.22240000000000001,0.1745964276000003
6.553433325,1.0,0.0,695.0,0.0,700.0,-5.0,-0.0525,0.2641,0.2116,700.0,-5.0,-0.04820429327500008,0.22240000000000001,0.17419570672499993
6.57969237,1.0,0.0,695.0,0.0,720.0,-25.0,-0.2425,0.2641,0.021600000000000008,700.0,-5.0,-0.04882178812499973,0.22240000000000001,0.17357821187500028
6.595608621,1.0,0.0,695.0,0.0,720.0,-25.0,-0.2425,0.2641,0.021600000000000008,700.0,-5.0,-0.04925721004999943,0.22240000000000001,0.1731427899500006
6.62787775,1.0,0.0,695.0,0.0,700.0,-5.0,-0.0525,0.2641,0.2116,680.0,15.0,0.143061671450001,0.22240000000000001,0.365461671450001
6.657339586,1.0,0.0,695.0,0.0,700.0,-5.0,-0.0525,0.2641,0.2116,680.0,15.0,0.1453783873250016,0.22240000000000001,0.3677783873250016
6.682218463,1.0,0.0,695.0,0.0,700.0,-5.0,-0.0525,0.2641,0.2116,700.0,-5.0,-0.045244007524998436,0.22240000000000001,0.17715599247500158
6.707722966,1.0,0.0,695.0,0.0,700.0,-5.0,-0.0525,0.2641,0.2116,700.0,-5.0,-0.045878907574998636,0.22240000000000001,0.17652109242500139
6.745338345,1.0,0.0,695.0,0.0,700.0,-5.0,-0.0525,0.2641,0.2116,700.0,-5.0,-0.04665157642499864,0.22240000000000001,0.17574842357500137
6.771328181,1.0,0.0,695.0,0.0,720.0,-25.0,-0.2425,0.2641,0.021600000000000008,700.0,-5.0,-0.04742870774999829,0.22240000000000001,0.17497129225000171
6.788553141,1.0,0.0,695.0,0.0,700.0,-5.0,-0.0525,0.2641,0.2116,700.0,-5.0,-0.04785345464999821,0.22240000000000001,0.1745465453500018
6.817287269,1.0,0.0,695.0,0.0,680.0,15.0,0.1396939095999997,0.2641,0.4037939095999997,700.0,-5.0,-0.04858475784999811,0.22240000000000001,0.1738152421500019
6.834217062,1.0,0.0,695.0,0.0,700.0,-5.0,-0.05072480712500053,0.2641,0.21337519287499948,700.0,-5.0,-0.049003459974998546,0.22240000000000001,0.17339654002500146
6.864060982,1.0,0.0,695.0,0.0,700.0,-5.0,-0.05147532385000005,0.2641,0.21262467614999994,700.0,-5.0,-0.049753947549998685,0.22240000000000001,0.17264605245000134
6.889550026,1.0,0.0,695.0,0.0,700.0,-5.0,-0.052113767675000276,0.2641,0.21198623232499972,680.0,15.0,0.14216149327500088,0.22240000000000001,0.36456149327500087
6.907329153,1.0,0.0,695.0,0.0,680.0,15.0,0.13921360745000014,0.2641,0.4033136074500001,700.0,-5.0,-0.04828098697499882,0.22240000000000001,0.17411901302500118
6.935811572,1.0,0.0,695.0,0.0,700.0,-5.0,-0.0515010998999999,0.2641,0.2125989001000001,720.0,-25.0,-0.24185448735000006,0.22240000000000001,-0.01945448735000005
6.955224032,1.0,0.0,695.0,0.0,700.0,-5.0,-0.051980293699999576,0.2641,0.21211970630000043,700.0,-5.0,-0.05233365927500017,0.22240000000000001,0.17006634072499985
6.987141994,1.0,0.0,695.0,0.0,700.0,-5.0,-0.0525,0.2641,0.2116,680.0,15.0,0.1398534253249997,0.22240000000000001,0.3622534253249997
7.012126455,1.0,0.0,695.0,0.0,680.0,15.0,0.139593765850001,0.2641,0.403693765850001,700.0,-5.0,-0.05084451850000022,0.22240000000000001,0.1715554814999998
7.02831979,1.0,0.0,695.0,0.0,700.0,-5.0,-0.050810549799998626,0.2641,0.21328945020000137,680.0,15.0,0.14036842844999867,0.22240000000000001,0.3627684284499987
7.051051709,1.0,0.0,695.0,0.0,700.0,-5.0,-0.051382894649998574,0.2641,0.21271710535000143,680.0,15.0,0.14208522239999993,0.22240000000000001,0.3644852223999999
7.067105335,1.0,0.0,695.0,0.0,700.0,-5.0,-0.05178397282499901,0.2641,0.21231602717500098,680.0,15.0,0.14328922252499848,0.22240000000000001,0.36568922252499847
7.088013462,1.0,0.0,695.0,0.0,700.0,-5.0,-0.05230738329999852,0.2641,0.2117926167000015,680.0,15.0,0.1448594320499984,0.22240000000000001,0.36725943204999845
7.104899214,1.0,0.0,695.0,0.0,680.0,15.0,0.13893820117500297,0.2641,0.403038201175003,680.0,15.0,0.1461050384249985,0.22240000000000001,0.3685050384249985
7.132732384,1.0,0.0,695.0,0.0,680.0,15.0,0.1410464482500018,0.2641,0.4051464482500018,700.0,-5.0,-0.04459771790000204,0.22240000000000001,0.177802282099998
7.153356136,1.0,0.0,695.0,0.0,700.0,-5.0,-0.04940358617499797,0.2641,0.21469641382500204,700.0,-5.0,-0.04504774502500155,0.22240000000000001,0.17735225497499846
7.182134014,1.0,0.0,695.0,0.0,700.0,-5.0,-0.050053623749998055,0.2641,0.21404637625000195,680.0,15.0,0.14690234579999795,0.22240000000000001,0.369302345799998
7.2088956,1.0,0.0,695.0,0.0,700.0,-5.0,-0.050835531124998,0.2641,0.213264468875002,700.0,-5.0,-0.04387950325000205,0.22240000000000001,0.17852049674999798
7.253745479,1.0,0.0,695.0,0.0,700.0,-5.0,-0.05183738434999811,0.2641,0.2122626156500019,680.0,15.0,0.1475,0.22240000000000001,0.3699
7.275980981,1.0,0.0,695.0,0.0,700.0,-5.0,-0.0525,0.2641,0.2116,680.0,15.0,0.1475,0.22240000000000001,0.3699
7.2961369,1.0,0.0,695.0,0.0,700.0,-5.0,-0.0525,0.2641,0.2116,700.0,-5.0,-0.04297842817499983,0.22240000000000001,0.17942157182500018
7.312863693,1.0,0.0,695.0,0.0,700.0,-5.0,-0.0525,0.2641,0.2116,700.0,-5.0,-0.0433939584249994,0.22240000000000001,0.1790060415750006
7.340983571,1.0,0.0,695.0,0.0,700.0,-5.0,-0.0525,0.2641,0.2116,700.0,-5.0,-0.0441042324499999,0.22240000000000001,0.17829576755000012
7.355423114,1.0,0.0,695.0,0.0,700.0,-5.0,-0.0525,0.2641,0.2116,680.0,15.0,0.14696429577499884,0.22240000000000001,0.36936429577499885
7.379922533,1.0,0.0,695.0,0.0,680.0,15.0,0.1392430220500003,0.2641,0.4033430220500003,700.0,-5.0,-0.04361456055000119,0.22240000000000001,0.17878543944999883
7.397433619,1.0,0.0,695.0,0.0,680.0,15.0,0.14055497530000025,0.2641,0.4046549753000003,700.0,-5.0,-0.044054036625001486,0.22240000000000001,0.17834596337499853
7.422362954,1.0,0.0,695.0,0.0,680.0,15.0,0.14236128174999932,0.2641,0.4064612817499993,700.0,-5.0,-0.04465615335000123,0.22240000000000001,0.1777438466499988
7.439663748,1.0,0.0,695.0,0.0,680.0,15.0,0.14374172560000031,0.2641,0.4078417256000003,680.0,15.0,0.14672429057499897,0.22240000000000001,0.36912429057499896
7.467430126,1.0,0.0,695.0,0.0,720.0,-25.0,-0.23971281127500063,0.2641,0.02438718872499937,700.0,-5.0,-0.04396660220000143,0.22240000000000001,0.1784333977999986
7.496978295,1.0,0.0,695.0,0.0,720.0,-25.0,-0.2425,0.2641,0.021600000000000008,700.0,-5.0,-0.044671917900000864,0.22240000000000001,0.17772808209999916
7.519105006,1.0,0.0,695.0,0.0,700.0,-5.0,-0.0525,0.2641,0.2116,700.0,-5.0,-0.04525436170000134,0.22240000000000001,0.1771456382999987
7.5438713,1.0,0.0,695.0,0.0,700.0,-5.0,-0.0525,0.2641,0.2116,700.0,-5.0,-0.04590976592500084,0.22240000000000001,0.17649023407499917
7.570941178,0.0,0.0,695.0,0.0,720.0,-25.0,-0.2425,0.2641,0.021600000000000008,680.0,15.0,0.1460395812,0.22240000000000001,0.3684395812
7.589670846,1.0,0.0,695.0,0.0,720.0,-25.0,-0.2425,0.2641,0.021600000000000008,700.0,-5.0,-0.0444563104999996,0.22240000000000001,0.17794368950000042
7.611265848,1.0,0.0,695.0,0.0,700.0,-5.0,-0.0525,0.2641,0.2116,700.0,-5.0,-0.044965174099999956,0.22240000000000001,0.17743482590000006
7.624866558,1.0,0.0,695.0,0.0,700.0,-5.0,-0.0525,0.2641,0.2116,700.0,-5.0,-0.0453371731,0.22240000000000001,0.17706282690000003
7.646161144,1.0,0.0,695.0,0.0,700.0,-5.0,-0.0525,0.2641,0.2116,680.0,15.0,0.14624953020000062,0.22240000000000001,0.36864953020000063
7.661609853,1.0,0.0,695.0,0.0,700.0,-5.0,-0.0525,0.2641,0.2116,700.0,-5.0,-0.044097976074999254,0.22240000000000001,0.17830202392500077
7.67731873,1.0,0.0,695.0,0.0,700.0,-5.0,-0.0525,0.2641,0.2116,700.0,-5.0,-0.04452533339999889,0.22240000000000001,0.17787466660000112
7.700484066,1.0,0.0,695.0,0.0,700.0,-5.0,-0.0525,0.2641,0.2116,700.0,-5.0,-0.045092873049999156,0.22240000000000001,0.17730712695000087
7.728904944,1.0,0.0,695.0,0.0,700.0,-5.0,-0.0525,0.2641,0.2116,700.0,-5.0,-0.04582137624999902,0.22240000000000001,0.176578623750001
7.768154531,1.0,0.0,695.0,0.0,700.0,-5.0,-0.0525,0.2641,0.2116,700.0,-5.0,-0.04666588987499935,0.22240000000000001,0.17573411012500068
7.79204845,1.0,0.0,695.0,0.0,680.0,15.0,0.139608925225,0.2641,0.403708925225,700.0,-5.0,-0.04736885037499931,0.22240000000000001,0.17503114962500071
7.809340202,1.0,0.0,695.0,0.0,680.0,15.0,0.14091394412500122,0.2641,0.40501394412500125,680.0,15.0,0.1439362122499999,0.22240000000000001,0.3663362122499999
7.825238662,1.0,0.0,695.0,0.0,680.0,15.0,0.1420878442750009,0.2641,0.4061878442750009,680.0,15.0,0.14511004669999947,0.22240000000000001,0.3675100466999995
7.853434956,1.0,0.0,695.0,0.0,700.0,-5.0,-0.048616377649998696,0.2641,0.2154836223500013,700.0,-5.0,-0.045594189825000624,0.22240000000000001,0.17680581017499938
7.868862958,1.0,0.0,695.0,0.0,700.0,-5.0,-0.049005125624999264,0.2641,0.21509487437500074,720.0,-25.0,-0.23753785670000097,0.22240000000000001,-0.015137856700000951
7.886178626,1.0,0.0,695.0,0.0,700.0,-5.0,-0.049430404824998816,0.2641,0.21466959517500117,680.0,15.0,0.14373802469999913,0.22240000000000001,0.3661380246999991
7.910404462,1.0,0.0,695.0,0.0,700.0,-5.0,-0.05003508092499885,0.2641,0.21406491907500114,680.0,15.0,0.14555179049999992,0.22240000000000001,0.36795179049999993
7.930772714,1.0,0.0,695.0,0.0,700.0,-5.0,-0.0505576309749992,0.2641,0.2135423690250008,700.0,-5.0,-0.04497084704999949,0.22240000000000001,0.17742915295000053
7.945823299,1.0,0.0,695.0,0.0,700.0,-5.0,-0.050929557049998804,0.2641,0.2131704429500012,700.0,-5.0,-0.04534277312499981,0.22240000000000001,0.1770572268750002
7.967281218,1.0,0.0,695.0,0.0,700.0,-5.0,-0.05146272377499926,0.2641,0.21263727622500073,680.0,15.0,0.14625668332499925,0.22240000000000001,0.36865668332499923
7.984647344,1.0,0.0,695.0,0.0,700.0,-5.0,-0.05188950507499911,0.2641,0.21221049492500088,680.0,15.0,0.1475,0.22240000000000001,0.3699
8.012458639,1.0,0.0,695.0,0.0,700.0,-5.0,-0.0525,0.2641,0.2116,700.0,-5.0,-0.04317264172499932,0.22240000000000001,0.1792273582750007
8.030060724,1.0,0.0,695.0,0.0,680.0,15.0,0.13883437510000007,0.2641,0.4029343751000001,700.0,-5.0,-0.04361745532499938,0.22240000000000001,0.17878254467500063
8.057335352,1.0,0.0,695.0,0.0,680.0,15.0,0.14096858784999994,0.2641,0.40506858784999994,700.0,-5.0,-0.0443288522749998,0.22240000000000001,0.1780711477250002
8.073951312,1.0,0.0,695.0,0.0,700.0,-5.0,-0.04944631529999995,0.2641,0.21465368470000004,680.0,15.0,0.14691587907500064,0.22240000000000001,0.36931587907500063
8.097576897,1.0,0.0,695.0,0.0,680.0,15.0,0.1423147318000012,0.2641,0.4064147318000012,700.0,-5.0,-0.043671114724999,0.22240000000000001,0.17872888527500103
8.115260649,1.0,0.0,695.0,0.0,720.0,-25.0,-0.23990645582499923,0.2641,0.024193544175000775,700.0,-5.0,-0.04411536684999888,0.22240000000000001,0.17828463315000115
8.139277652,1.0,0.0,695.0,0.0,680.0,15.0,0.1418830943499998,0.2641,0.4059830943499998,700.0,-5.0,-0.044711883574999264,0.22240000000000001,0.17768811642500076
8.154899903,1.0,0.0,695.0,0.0,700.0,-5.0,-0.04851763382500011,0.2641,0.2155823661749999,700.0,-5.0,-0.045112604449998914,0.22240000000000001,0.17728739555000111
8.177568822,1.0,0.0,695.0,0.0,700.0,-5.0,-0.049072573475000214,0.2641,0.2150274265249998,700.0,-5.0,-0.04566755139999927,0.22240000000000001,0.17673244860000076
8.19392724,1.0,0.0,695.0,0.0,720.0,-25.0,-0.24114366222500036,0.2641,0.02295633777499964,700.0,-5.0,-0.046081769149999306,0.22240000000000001,0.1763182308500007
8.218865034,1.0,0.0,695.0,0.0,680.0,15.0,0.14069639730000033,0.2641,0.40479639730000033,700.0,-5.0,-0.046695107749998785,0.22240000000000001,0.17570489225000124
8.242240953,1.0,0.0,695.0,0.0,680.0,15.0,0.14247783187499932,0.2641,0.4065778318749993,700.0,-5.0,-0.04728891924999942,0.22240000000000001,0.1751110807500006
8.2874875,0.0,0.0,695.0,0.0,720.0,-25.0,-0.24248053837500222,0.2641,0.021619461624997782,680.0,15.0,0.14568616859999947,0.22240000000000001,0.3680861685999995
8.312707044,1.0,0.0,695.0,0.0,700.0,-5.0,-0.0525,0.2641,0.2116,700.0,-5.0,-0.04509379917500055,0.22240000000000001,0.17730620082499945
8.329096671,1.0,0.0,695.0,0.0,700.0,-5.0,-0.0525,0.2641,0.2116,700.0,-5.0,-0.04552296485000042,0.22240000000000001,0.17687703514999958
8.347974797,1.0,0.0,695.0,0.0,720.0,-25.0,-0.2425,0.2641,0.021600000000000008,700.0,-5.0,-0.04597184717500042,0.22240000000000001,0.1764281528249996
8.37388005,1.0,0.0,695.0,0.0,720.0,-25.0,-0.2425,0.2641,0.021600000000000008,700.0,-5.0,-0.04665059932500057,0.22240000000000001,0.17574940067499945
8.391606093,1.0,0.0,695.0,0.0,700.0,-5.0,-0.0525,0.2641,0.2116,680.0,15.0,0.1445552164749982,0.22240000000000001,0.3669552164749982
8.416676888,1.0,0.0,695.0,0.0,700.0,-5.0,-0.0525,0.2641,0.2116,700.0,-5.0,-0.04610857317500205,0.22240000000000001,0.17629142682499796
8.431745847,1.0,0.0,695.0,0.0,700.0,-5.0,-0.0525,0.2641,0.2116,700.0,-5.0,-0.046486522175001994,0.22240000000000001,0.17591347782499803
8.459433767,0.0,0.0,695.0,0.0,720.0,-25.0,-0.2425,0.2641,0.021600000000000008,680.0,15.0,0.14546577799999752,0.22240000000000001,0.36786577799999753
8.473608768,0.0,0.0,695.0,0.0,720.0,-25.0,-0.2425,0.2641,0.021600000000000008,680.0,15.0,0.14665466247499934,0.22240000000000001,0.36905466247499935
8.497853854,1.0,0.0,695.0,0.0,700.0,-5.0,-0.0525,0.2641,0.2116,700.0,-5.0,-0.043910952175000094,0.22240000000000001,0.1784890478249999
8.514182522,1.0,0.0,695.0,0.0,700.0,-5.0,-0.0525,0.2641,0.2116,700.0,-5.0,-0.044358368875000595,0.22240000000000001,0.17804163112499943
8.536438733,1.0,0.0,695.0,0.0,700.0,-5.0,-0.0525,0.2641,0.2116,700.0,-5.0,-0.04491618142500002,0.22240000000000001,0.177483818575
8.55193586,1.0,0.0,695.0,0.0,700.0,-5.0,-0.0525,0.2641,0.2116,700.0,-5.0,-0.04530355855000067,0.22240000000000001,0.17709644144999934
8.574796987,1.0,0.0,695.0,0.0,700.0,-5.0,-0.0525,0.2641,0.2116,700.0,-5.0,-0.04587496277500051,0.22240000000000001,0.17652503722499951
8.589218155,1.0,0.0,695.0,0.0,700.0,-5.0,-0.0525,0.2641,0.2116,700.0,-5.0,-0.046237431575000015,0.22240000000000001,0.176162568425
8.606434073,1.0,0.0,695.0,0.0,700.0,-5.0,-0.0525,0.2641,0.2116,680.0,15.0,0.14504573412500063,0.22240000000000001,0.36744573412500064
8.619699658,1.0,0.0,695.0,0.0,700.0,-5.0,-0.0525,0.2641,0.2116,680.0,15.0,0.14601368112500152,0.22240000000000001,0.3684136811250015
8.634090201,1.0,0.0,695.0,0.0,700.0,-5.0,-0.0525,0.2641,0.2116,700.0,-5.0,-0.044359302249998504,0.22240000000000001,0.1780406977500015
8.656912828,1.0,0.0,695.0,0.0,700.0,-5.0,-0.0525,0.2641,0.2116,700.0,-5.0,-0.04492695127499815,0.22240000000000001,0.17747304872500186
8.671048747,1.0,0.0,695.0,0.0,700.0,-5.0,-0.0525,0.2641,0.2116,700.0,-5.0,-0.04528204817499841,0.22240000000000001,0.17711795182500162
8.692180874,1.0,0.0,695.0,0.0,680.0,15.0,0.1389025376500001,0.2641,0.4030025376500001,680.0,15.0,0.14612046757500094,0.22240000000000001,0.36852046757500095
8.7075415,1.0,0.0,695.0,0.0,680.0,15.0,0.14014320025000016,0.2641,0.40424320025000016,700.0,-5.0,-0.04429309392499931,0.22240000000000001,0.1781069060750007
8.733137294,1.0,0.0,695.0,0.0,700.0,-5.0,-0.05049194042499977,0.2641,0.21360805957500023,680.0,15.0,0.1475,0.22240000000000001,0.3699
8.75810513,1.0,0.0,695.0,0.0,700.0,-5.0,-0.051119920699999856,0.2641,0.21298007930000015,700.0,-5.0,-0.04312798027500008,0.22240000000000001,0.17927201972499993
8.795707092,1.0,0.0,695.0,0.0,700.0,-5.0,-0.051927020774999166,0.2641,0.21217297922500084,680.0,15.0,0.1475,0.22240000000000001,0.3699
8.822325762,1.0,0.0,695.0,0.0,700.0,-5.0,-0.0525,0.2641,0.2116,680.0,15.0,0.1475,0.22240000000000001,0.3699
8.844464139,1.0,0.0,695.0,0.0,700.0,-5.0,-0.0525,0.2641,0.2116,720.0,-25.0,-0.23515208875000054,0.22240000000000001,-0.012752088750000529
8.862165099,1.0,0.0,695.0,0.0,700.0,-5.0,-0.0525,0.2641,0.2116,700.0,-5.0,-0.04551581900000087,0.22240000000000001,0.17688418099999914
8.88452981,1.0,0.0,695.0,0.0,700.0,-5.0,-0.0525,0.2641,0.2116,680.0,15.0,0.14628215307499898,0.22240000000000001,0.36868215307499896
8.902816728,1.0,0.0,695.0,0.0,680.0,15.0,0.13882965017500054,0.2641,0.40292965017500054,680.0,15.0,0.1475,0.22240000000000001,0.3699
8.921312772,1.0,0.0,695.0,0.0,680.0,15.0,0.14021952219999959,0.2641,0.40431952219999956,700.0,-5.0,-0.04296335629999987,0.22240000000000001,0.17943664370000015
8.948983774,1.0,0.0,695.0,0.0,700.0,-5.0,-0.05047655495000086,0.2641,0.21362344504999914,680.0,15.0,0.1475,0.22240000000000001,0.3699
8.968826735,1.0,0.0,695.0,0.0,700.0,-5.0,-0.051042607075000176,0.2641,0.2130573929249998,680.0,15.0,0.1475,0.22240000000000001,0.3699
8.981842069,1.0,0.0,695.0,0.0,700.0,-5.0,-0.05136704982500021,0.2641,0.2127329501749998,680.0,15.0,0.1475,0.22240000000000001,0.3699
9.00125103,1.0,0.0,695.0,0.0,700.0,-5.0,-0.05179359777500082,0.2641,0.2123064022249992,700.0,-5.0,-0.04292654067499939,0.22240000000000001,0.17947345932500064
9.021457407,1.0,0.0,695.0,0.0,680.0,15.0,0.13973189929999846,0.2641,0.40383189929999846,700.0,-5.0,-0.043435010525000026,0.22240000000000001,0.178964989475
9.037121367,1.0,0.0,695.0,0.0,680.0,15.0,0.1409019056749976,0.2641,0.4050019056749976,700.0,-5.0,-0.043825049099999375,0.22240000000000001,0.17857495090000064
9.05694041,1.0,0.0,695.0,0.0,680.0,15.0,0.1423899088999988,0.2641,0.4064899088999988,680.0,15.0,0.1475,0.22240000000000001,0.3699
9.070137162,1.0,0.0,695.0,0.0,700.0,-5.0,-0.04799426720000085,0.2641,0.21610573279999915,680.0,15.0,0.1475,0.22240000000000001,0.3699
9.090164164,1.0,0.0,695.0,0.0,700.0,-5.0,-0.04843205160000125,0.2641,0.21566794839999875,700.0,-5.0,-0.04293778442500013,0.22240000000000001,0.1794622155749999
9.105503207,1.0,0.0,695.0,0.0,700.0,-5.0,-0.04883021310000132,0.2641,0.21526978689999868,700.0,-5.0,-0.04333596779999979,0.22240000000000001,0.17906403220000022
9.125020667,1.0,0.0,695.0,0.0,700.0,-5.0,-0.04931447460000072,0.2641,0.2147855253999993,700.0,-5.0,-0.04382022199999966,0.22240000000000001,0.17857977800000036
9.142017252,1.0,0.0,695.0,0.0,700.0,-5.0,-0.04970950070000072,0.2641,0.2143904992999993,680.0,15.0,0.1473648344000017,0.22240000000000001,0.36976483440000174
9.157549379,1.0,0.0,695.0,0.0,700.0,-5.0,-0.050119926775001176,0.2641,0.21398007322499882,700.0,-5.0,-0.043045606249998085,0.22240000000000001,0.17935439375000192
9.185123257,1.0,0.0,695.0,0.0,700.0,-5.0,-0.050811504975001184,0.2641,0.2132884950249988,700.0,-5.0,-0.043737133424997694,0.22240000000000001,0.17866286657500233
9.217166635,1.0,0.0,695.0,0.0,700.0,-5.0,-0.05156197797500127,0.2641,0.21253802202499872,680.0,15.0,0.1475,0.22240000000000001,0.3699
9.232942886,1.0,0.0,695.0,0.0,680.0,15.0,0.1399534564999989,0.2641,0.4040534564999989,680.0,15.0,0.1475,0.22240000000000001,0.3699
9.265418515,0.0,0.0,695.0,0.0,680.0,15.0,0.14222049424999808,0.2641,0.40632049424999805,720.0,-25.0,-0.23627865137500065,0.22240000000000001,-0.013878651375000634
9.298781101,1.0,0.0,695.0,0.0,700.0,-5.0,-0.04848952457500189,0.2641,0.21561047542499812,680.0,15.0,0.14585138319999855,0.22240000000000001,0.36825138319999856
9.319202145,1.0,0.0,695.0,0.0,700.0,-5.0,-0.04912415485000153,0.2641,0.21497584514999846,680.0,15.0,0.1475,0.22240000000000001,0.3699
9.332394813,1.0,0.0,695.0,0.0,700.0,-5.0,-0.04951062780000171,0.2641,0.2145893721999983,680.0,15.0,0.1475,0.22240000000000001,0.3699
9.351578315,1.0,0.0,695.0,0.0,720.0,-25.0,-0.24162626867500264,0.2641,0.02247373132499736,700.0,-5.0,-0.04292312817499948,0.22240000000000001,0.17947687182500055
9.367707192,1.0,0.0,695.0,0.0,720.0,-25.0,-0.2425,0.2641,0.021600000000000008,700.0,-5.0,-0.04332683862499948,0.22240000000000001,0.17907316137500054
9.387886444,1.0,0.0,695.0,0.0,700.0,-5.0,-0.0525,0.2641,0.2116,700.0,-5.0,-0.04382965742499991,0.22240000000000001,0.1785703425750001
9.403872695,1.0,0.0,695.0,0.0,700.0,-5.0,-0.0525,0.2641,0.2116,700.0,-5.0,-0.04426767517499954,0.22240000000000001,0.17813232482500047
9.418351905,1.0,0.0,695.0,0.0,700.0,-5.0,-0.0525,0.2641,0.2116,700.0,-5.0,-0.04462636687499952,0.22240000000000001,0.1777736331250005
9.435834115,1.0,0.0,695.0,0.0,700.0,-5.0,-0.0525,0.2641,0.2116,700.0,-5.0,-0.04506673254999953,0.22240000000000001,0.1773332674500005
9.452061283,1.0,0.0,695.0,0.0,700.0,-5.0,-0.0525,0.2641,0.2116,700.0,-5.0,-0.045469837799999906,0.22240000000000001,0.1769301622000001
9.471086994,1.0,0.0,695.0,0.0,700.0,-5.0,-0.0525,0.2641,0.2116,700.0,-5.0,-0.04594768992499951,0.22240000000000001,0.1764523100750005
9.488196745,1.0,0.0,695.0,0.0,700.0,-5.0,-0.0525,0.2641,0.2116,700.0,-5.0,-0.04636974622499992,0.22240000000000001,0.1760302537750001
9.504723747,1.0,0.0,695.0,0.0,700.0,-5.0,-0.0525,0.2641,0.2116,700.0,-5.0,-0.04678257854999998,0.22240000000000001,0.17561742145000003
9.520527415,1.0,0.0,695.0,0.0,700.0,-5.0,-0.0525,0.2641,0.2116,700.0,-5.0,-0.047172033800000006,0.22240000000000001,0.1752279662
9.536010542,1.0,0.0,695.0,0.0,700.0,-5.0,-0.0525,0.2641,0.2116,680.0,15.0,0.1440232819999997,0.22240000000000001,0.36642328199999974
9.54969846,1.0,0.0,695.0,0.0,700.0,-5.0,-0.0525,0.2641,0.2116,700.0,-5.0,-0.0463171586499999,0.22240000000000001,0.17608284135000013
9.565048295,1.0,0.0,695.0,0.0,700.0,-5.0,-0.0525,0.2641,0.2116,700.0,-5.0,-0.04670188889999977,0.22240000000000001,0.17569811110000025
9.578941546,1.0,0.0,695.0,0.0,700.0,-5.0,-0.0525,0.2641,0.2116,700.0,-5.0,-0.04704832329999988,0.22240000000000001,0.17535167670000013
9.598465715,1.0,0.0,695.0,0.0,700.0,-5.0,-0.0525,0.2641,0.2116,680.0,15.0,0.1444110675000003,0.22240000000000001,0.3668110675000003
9.63365676,0.0,0.0,720.0,0.9,680.0,40.0,0.38183095059999916,0.2736,0.6554309505999991,720.0,0.0,0.0019110675000003142,0.23040000000000002,0.23231106750000033
9.661760888,1.0,0.0,720.0,0.9,700.0,20.0,0.1945827383999989,0.2736,0.4681827383999989,700.0,20.0,0.1946629136000003,0.23040000000000002,0.4250629136000003
9.676122847,1.0,0.0,720.0,0.9,720.0,0.0,0.004582738399998902,0.2736,0.2781827383999989,700.0,20.0,0.195,0.23040000000000002,0.4254
9.698528975,1.0,0.0,720.0,0.9,720.0,0.0,0.004582738399998902,0.2736,0.2781827383999989,700.0,20.0,0.195,0.23040000000000002,0.4254
9.711916184,1.0,0.0,720.0,0.9,720.0,0.0,0.004582738399998902,0.2736,0.2781827383999989,720.0,0.0,0.005,0.23040000000000002,0.23540000000000003
9.735470895,1.0,0.0,720.0,0.9,720.0,0.0,0.004582738399998902,0.2736,0.2781827383999989,720.0,0.0,0.005,0.23040000000000002,0.23540000000000003
9.748333688,1.0,0.0,720.0,0.9,720.0,0.0,0.004582738399998902,0.2736,0.2781827383999989,720.0,0.0,0.005,0.23040000000000002,0.23540000000000003
9.767230482,1.0,0.0,720.0,0.9,720.0,0.0,0.004582738399998902,0.2736,0.2781827383999989,720.0,0.0,0.005,0.23040000000000002,0.23540000000000003
9.781865733,1.0,0.0,720.0,0.9,740.0,-20.0,-0.1865495992000018,0.2736,0.0870504007999982,720.0,0.0,0.005,0.23040000000000002,0.23540000000000003
9.809307486,1.0,0.0,720.0,0.9,720.0,0.0,0.0034504007999981924,0.2736,0.2770504007999982,720.0,0.0,0.005,0.23040000000000002,0.23540000000000003
9.835094322,1.0,0.0,720.0,0.9,740.0,-20.0,-0.18950835370000163,0.2736,0.08409164629999838,720.0,0.0,0.005,0.23040000000000002,0.23540000000000003
9.867404575,1.0,0.0,720.0,0.9,720.0,0.0,4.916462999983651E-4,0.2736,0.2740916462999984,740.0,-20.0,-0.18770783359999882,0.23040000000000002,0.0426921664000012
9.892682744,1.0,0.0,720.0,0.9,720.0,0.0,4.916462999983651E-4,0.2736,0.2740916462999984,720.0,0.0,0.002292166400001179,0.23040000000000002,0.2326921664000012
9.906872621,1.0,0.0,720.0,0.9,740.0,-20.0,-0.19100816220000183,0.2736,0.08259183779999818,720.0,0.0,0.002292166400001179,0.23040000000000002,0.2326921664000012
9.927767331,1.0,0.0,720.0,0.9,720.0,0.0,-0.0010081622000018343,0.2736,0.2725918377999982,720.0,0.0,0.002292166400001179,0.23040000000000002,0.2326921664000012
9.939272124,1.0,0.0,720.0,0.9,720.0,0.0,-0.0010081622000018343,0.2736,0.2725918377999982,720.0,0.0,0.002292166400001179,0.23040000000000002,0.2326921664000012
9.954400584,1.0,0.0,720.0,0.9,720.0,0.0,-0.0010081622000018343,0.2736,0.2725918377999982,720.0,0.0,0.002292166400001179,0.23040000000000002,0.2326921664000012
9.970395585,1.0,0.0,720.0,0.9,720.0,0.0,-0.0010081622000018343,0.2736,0.2725918377999982,720.0,0.0,0.002292166400001179,0.23040000000000002,0.2326921664000012
9.983849587,1.0,0.0,720.0,0.9,740.0,-20.0,-0.19221338730000184,0.2736,0.08138661269999817,720.0,0.0,0.002292166400001179,0.23040000000000002,0.2326921664000012
9.996542921,1.0,0.0,720.0,0.9,720.0,0.0,-0.0022133873000018413,0.2736,0.27138661269999814,720.0,0.0,0.002292166400001179,0.23040000000000002,0.2326921664000012
10.021169507,1.0,0.0,720.0,0.9,720.0,0.0,-0.0022133873000018413,0.2736,0.27138661269999814,720.0,0.0,0.002292166400001179,0.23040000000000002,0.2326921664000012
10.041642176,0.0,0.0,720.0,0.9,680.0,40.0,0.3810688546999984,0.2736,0.6546688546999984,660.0,60.0,0.575,0.23040000000000002,0.8054
10.066574137,0.0,0.0,720.0,0.9,600.0,120.0,1.1449999999999998,0.2736,1.0,560.0,160.0,1.525,0.23040000000000002,1.0
10.080777722,0.0,0.0,720.0,0.9,580.0,140.0,1.335,0.2736,1.0,560.0,160.0,1.525,0.23040000000000002,1.0
10.095485015,0.0,0.0,720.0,0.9,600.0,120.0,1.1449999999999998,0.2736,1.0,580.0,140.0,1.335,0.23040000000000002,1.0
10.111385516,0.0,0.0,720.0,0.9,600.0,120.0,1.1449999999999998,0.2736,1.0,600.0,120.0,1.1449999999999998,0.23040000000000002,1.0
10.138885894,0.0,0.0,720.0,0.9,660.0,60.0,0.575,0.2736,0.8486,620.0,100.0,0.955,0.23040000000000002,1.0
10.155889187,0.0,0.0,720.0,0.9,700.0,20.0,0.195,0.2736,0.4686,660.0,60.0,0.575,0.23040000000000002,0.8054
10.178905773,1.0,0.0,720.0,0.9,700.0,20.0,0.195,0.2736,0.4686,700.0,20.0,0.195,0.23040000000000002,0.4254
10.195536608,1.0,0.0,720.0,0.9,740.0,-20.0,-0.18656660009999995,0.2736,0.08703339990000006,720.0,0.0,0.005,0.23040000000000002,0.23540000000000003
10.215519277,1.0,0.0,720.0,0.9,740.0,-20.0,-0.18855562119999889,0.2736,0.08504437880000112,740.0,-20.0,-0.18698899189999793,0.23040000000000002,0.04341100810000209
10.234367362,0.0,0.0,720.0,0.9,760.0,-40.0,-0.3822648047999991,0.2736,-0.10866480479999907,720.0,0.0,0.003011008100002073,0.23040000000000002,0.2334110081000021
10.253017114,1.0,0.0,720.0,0.9,740.0,-20.0,-0.19416023000000052,0.2736,0.0794397699999995,740.0,-20.0,-0.1888843878999984,0.23040000000000002,0.041515612100001625
10.281252783,1.0,0.0,720.0,0.9,740.0,-20.0,-0.195,0.2736,0.0786,740.0,-20.0,-0.1917181923999982,0.23040000000000002,0.03868180760000181
10.298066202,1.0,0.0,720.0,0.9,740.0,-20.0,-0.195,0.2736,0.0786,740.0,-20.0,-0.1935236383999984,0.23040000000000002,0.03687636160000163
10.325697246,1.0,0.0,720.0,0.9,740.0,-20.0,-0.195,0.2736,0.0786,740.0,-20.0,-0.195,0.23040000000000002,0.035400000000000015
10.34679379,1.0,0.0,720.0,0.9,740.0,-20.0,-0.195,0.2736,0.0786,740.0,-20.0,-0.195,0.23040000000000002,0.035400000000000015
10.360533041,1.0,0.0,720.0,0.9,720.0,0.0,-0.005,0.2736,0.2686,740.0,-20.0,-0.195,0.23040000000000002,0.035400000000000015
10.374362126,1.0,0.0,720.0,0.9,720.0,0.0,-0.005,0.2736,0.2686,740.0,-20.0,-0.195,0.23040000000000002,0.035400000000000015
10.392812378,1.0,0.0,720.0,0.9,740.0,-20.0,-0.195,0.2736,0.0786,720.0,0.0,-0.005,0.23040000000000002,0.22540000000000002
10.408828671,1.0,0.0,720.0,0.9,720.0,0.0,-0.005,0.2736,0.2686,740.0,-20.0,-0.195,0.23040000000000002,0.035400000000000015
10.423472964,1.0,0.0,720.0,0.9,720.0,0.0,-0.005,0.2736,0.2686,720.0,0.0,-0.005,0.23040000000000002,0.22540000000000002
10.440634341,1.0,0.0,720.0,0.9,720.0,0.0,-0.005,0.2736,0.2686,740.0,-20.0,-0.195,0.23040000000000002,0.035400000000000015
10.453775676,1.0,0.0,720.0,0.9,720.0,0.0,-0.005,0.2736,0.2686,740.0,-20.0,-0.195,0.23040000000000002,0.035400000000000015
10.474806011,1.0,0.0,720.0,0.9,720.0,0.0,-0.005,0.2736,0.2686,720.0,0.0,-0.005,0.23040000000000002,0.22540000000000002
10.487637012,1.0,0.0,720.0,0.9,720.0,0.0,-0.005,0.2736,0.2686,720.0,0.0,-0.005,0.23040000000000002,0.22540000000000002
10.504117347,1.0,0.0,720.0,0.9,720.0,0.0,-0.005,0.2736,0.2686,740.0,-20.0,-0.195,0.23040000000000002,0.035400000000000015
10.519600766,1.0,0.0,720.0,0.9,720.0,0.0,-0.005,0.2736,0.2686,740.0,-20.0,-0.195,0.23040000000000002,0.035400000000000015
10.533375017,1.0,0.0,720.0,0.9,720.0,0.0,-0.005,0.2736,0.2686,740.0,-20.0,-0.195,0.23040000000000002,0.035400000000000015
10.551002769,1.0,0.0,720.0,0.9,720.0,0.0,-0.005,0.2736,0.2686,720.0,0.0,-0.005,0.23040000000000002,0.22540000000000002
10.563668687,1.0,0.0,720.0,0.9,720.0,0.0,-0.005,0.2736,0.2686,720.0,0.0,-0.005,0.23040000000000002,0.22540000000000002
10.575327771,1.0,0.0,720.0,0.9,720.0,0.0,-0.005,0.2736,0.2686,720.0,0.0,-0.005,0.23040000000000002,0.22540000000000002
10.586776856,1.0,0.0,720.0,0.9,720.0,0.0,-0.005,0.2736,0.2686,720.0,0.0,-0.005,0.23040000000000002,0.22540000000000002
10.603054774,1.0,0.0,720.0,0.9,740.0,-20.0,-0.195,0.2736,0.0786,740.0,-20.0,-0.195,0.23040000000000002,0.035400000000000015
10.618835401,1.0,0.0,720.0,0.9,720.0,0.0,-0.005,0.2736,0.2686,720.0,0.0,-0.005,0.23040000000000002,0.22540000000000002
10.640173153,1.0,0.0,720.0,0.9,740.0,-20.0,-0.195,0.2736,0.0786,720.0,0.0,-0.005,0.23040000000000002,0.22540000000000002
10.654719154,1.0,0.0,720.0,0.9,720.0,0.0,-0.005,0.2736,0.2686,720.0,0.0,-0.005,0.23040000000000002,0.22540000000000002
10.668508572,1.0,0.0,720.0,0.9,720.0,0.0,-0.005,0.2736,0.2686,720.0,0.0,-0.005,0.23040000000000002,0.22540000000000002
10.698575034,1.0,0.0,720.0,0.9,720.0,0.0,-0.005,0.2736,0.2686,720.0,0.0,-0.005,0.23040000000000002,0.22540000000000002
10.710475035,1.0,0.0,720.0,0.9,720.0,0.0,-0.005,0.2736,0.2686,720.0,0.0,-0.005,0.23040000000000002,0.22540000000000002
10.722350244,1.0,0.0,720.0,0.9,720.0,0.0,-0.005,0.2736,0.2686,720.0,0.0,-0.005,0.23040000000000002,0.22540000000000002
10.736650662,1.0,0.0,720.0,0.9,740.0,-20.0,-0.195,0.2736,0.0786,740.0,-20.0,-0.195,0.23040000000000002,0.035400000000000015
10.757263914,1.0,0.0,720.0,0.9,720.0,0.0,-0.005,0.2736,0.2686,720.0,0.0,-0.005,0.23040000000000002,0.22540000000000002
10.778457292,1.0,1.0,720.0,0.9,740.0,-20.0,-0.195,0.2736,0.0786,720.0,0.0,-0.005,0.23040000000000002,0.22540000000000002
10.793571751,1.0,0.0,720.0,0.9,720.0,0.0,-0.005,0.2736,0.2686,720.0,0.0,-0.005,0.23040000000000002,0.22540000000000002
10.805999669,1.0,0.0,720.0,0.9,720.0,0.0,-0.005,0.2736,0.2686,720.0,0.0,-0.005,0.23040000000000002,0.22540000000000002
10.840534465,1.0,0.0,720.0,0.9,720.0,0.0,-0.005,0.2736,0.2686,720.0,0.0,-0.005,0.23040000000000002,0.22540000000000002
10.855064133,1.0,0.0,720.0,0.9,720.0,0.0,-0.005,0.2736,0.2686,700.0,20.0,0.1866058292999986,0.23040000000000002,0.41700582929999863
10.868688759,1.0,0.0,720.0,0.9,720.0,0.0,-0.005,0.2736,0.2686,720.0,0.0,-0.003394170700001382,0.23040000000000002,0.22700582929999863
10.882724344,1.0,0.0,720.0,0.9,700.0,20.0,0.1863717960000008,0.2736,0.4599717960000008,720.0,0.0,-0.003394170700001382,0.23040000000000002,0.22700582929999863
10.895779345,1.0,0.0,720.0,0.9,720.0,0.0,-0.0036282039999991867,0.2736,0.2699717960000008,720.0,0.0,-0.003394170700001382,0.23040000000000002,0.22700582929999863
10.909941805,1.0,0.0,720.0,0.9,720.0,0.0,-0.0036282039999991867,0.2736,0.2699717960000008,720.0,0.0,-0.003394170700001382,0.23040000000000002,0.22700582929999863
10.921127806,1.0,0.0,720.0,0.9,720.0,0.0,-0.0036282039999991867,0.2736,0.2699717960000008,720.0,0.0,-0.003394170700001382,0.23040000000000002,0.22700582929999863
10.934614182,1.0,0.0,720.0,0.9,720.0,0.0,-0.0036282039999991867,0.2736,0.2699717960000008,720.0,0.0,-0.003394170700001382,0.23040000000000002,0.22700582929999863
10.947501475,1.0,0.0,720.0,0.9,720.0,0.0,-0.0036282039999991867,0.2736,0.2699717960000008,720.0,0.0,-0.003394170700001382,0.23040000000000002,0.22700582929999863
10.95970831,1.0,0.0,720.0,0.9,720.0,0.0,-0.0036282039999991867,0.2736,0.2699717960000008,720.0,0.0,-0.003394170700001382,0.23040000000000002,0.22700582929999863
10.971669853,1.0,0.0,720.0,0.9,720.0,0.0,-0.0036282039999991867,0.2736,0.2699717960000008,720.0,0.0,-0.003394170700001382,0.23040000000000002,0.22700582929999863
10.990565771,1.0,0.0,720.0,0.9,720.0,0.0,-0.0036282039999991867,0.2736,0.2699717960000008,720.0,0.0,-0.003394170700001382,0.23040000000000002,0.22700582929999863
11.002901231,1.0,0.0,720.0,0.9,740.0,-20.0,-0.19471049159999837,0.2736,0.07888950840000164,720.0,0.0,-0.003394170700001382,0.23040000000000002,0.22700582929999863
11.022195858,1.0,0.0,720.0,0.9,720.0,0.0,-0.004710491599998363,0.2736,0.26888950840000164,700.0,20.0,0.1880509211000009,0.23040000000000002,0.4184509211000009
11.03928636,1.0,0.0,720.0,0.9,720.0,0.0,-0.004710491599998363,0.2736,0.26888950840000164,700.0,20.0,0.19019470049999881,0.23040000000000002,0.4205947004999988
11.058495236,0.0,0.0,720.0,0.9,640.0,80.0,0.7623001256000026,0.2736,1.0,680.0,40.0,0.3837000090999993,0.23040000000000002,0.6141000090999993
11.075223196,0.0,0.0,720.0,0.9,580.0,140.0,1.335,0.2736,1.0,580.0,140.0,1.335,0.23040000000000002,1.0
11.087125531,0.0,0.0,720.0,0.9,560.0,160.0,1.525,0.2736,1.0,580.0,140.0,1.335,0.23040000000000002,1.0
11.098130115,0.0,0.0,720.0,0.9,560.0,160.0,1.525,0.2736,1.0,600.0,120.0,1.1449999999999998,0.23040000000000002,1.0
11.110177992,0.0,0.0,720.0,0.9,580.0,140.0,1.335,0.2736,1.0,600.0,120.0,1.1449999999999998,0.23040000000000002,1.0
11.127394202,0.0,0.0,720.0,0.9,600.0,120.0,1.1449999999999998,0.2736,1.0,640.0,80.0,0.765,0.23040000000000002,0.9954000000000001
11.143516078,0.0,0.0,720.0,0.9,620.0,100.0,0.955,0.2736,1.0,660.0,60.0,0.575,0.23040000000000002,0.8054
11.167769914,0.0,0.0,800.0,0.5,680.0,120.0,1.1449999999999998,0.304,1.0,680.0,120.0,1.1449999999999998,0.256,1.0
11.180040332,0.0,0.0,800.0,0.5,700.0,100.0,0.955,0.304,1.0,700.0,100.0,0.955,0.256,1.0
11.209489335,0.0,0.0,800.0,0.5,740.0,60.0,0.575,0.304,0.879,740.0,60.0,0.575,0.256,0.831
11.224233086,0.0,0.0,800.0,0.5,760.0,40.0,0.385,0.304,0.6890000000000001,760.0,40.0,0.385,0.256,0.641
11.242320505,1.0,0.0,800.0,0.5,780.0,20.0,0.195,0.304,0.499,780.0,20.0,0.195,0.256,0.451
11.258738423,1.0,0.0,800.0,0.5,820.0,-20.0,-0.1866441251999993,0.304,0.1173558748000007,800.0,0.0,0.005,0.256,0.261
11.284330717,0.0,0.0,800.0,0.5,840.0,-40.0,-0.3817170840000017,0.304,-0.07771708400000171,820.0,-20.0,-0.18753642109999816,0.256,0.06846357890000185
11.310352053,0.0,0.0,800.0,0.5,840.0,-40.0,-0.385,0.304,-0.08100000000000002,820.0,-20.0,-0.19011682549999934,0.256,0.06588317450000067
11.336723681,1.0,0.0,800.0,0.5,820.0,-20.0,-0.195,0.304,0.10899999999999999,820.0,-20.0,-0.1927698841,0.256,0.0632301159
11.354561433,1.0,0.0,800.0,0.5,820.0,-20.0,-0.195,0.304,0.10899999999999999,820.0,-20.0,-0.19437282589999882,0.256,0.06162717410000118
11.370659101,0.0,0.0,800.0,0.5,820.0,-20.0,-0.195,0.304,0.10899999999999999,840.0,-40.0,-0.385,0.256,-0.129
11.399628604,0.0,0.0,720.0,0.9,800.0,-80.0,-0.765,0.2736,-0.4914,820.0,-100.0,-0.955,0.23040000000000002,-0.7245999999999999
11.413237189,0.0,0.0,720.0,0.9,800.0,-80.0,-0.765,0.2736,-0.4914,800.0,-80.0,-0.765,0.23040000000000002,-0.5346
11.428193565,0.0,0.0,720.0,0.9,780.0,-60.0,-0.575,0.2736,-0.30139999999999995,800.0,-80.0,-0.765,0.23040000000000002,-0.5346
11.442237317,0.0,0.0,720.0,0.9,780.0,-60.0,-0.575,0.2736,-0.30139999999999995,780.0,-60.0,-0.575,0.23040000000000002,-0.3445999999999999
11.460497693,1.0,0.0,720.0,0.9,740.0,-20.0,-0.195,0.2736,0.0786,740.0,-20.0,-0.195,0.23040000000000002,0.035400000000000015
11.477757945,0.0,0.0,720.0,0.9,740.0,-20.0,-0.195,0.2736,0.0786,700.0,20.0,0.18692112109999984,0.23040000000000002,0.41732112109999986
11.492574905,0.0,0.0,720.0,0.9,720.0,0.0,-0.005,0.2736,0.2686,680.0,40.0,0.37961454630000446,0.23040000000000002,0.6100145463000045
11.509948615,0.0,0.0,720.0,0.9,700.0,20.0,0.18676023760000135,0.2736,0.46036023760000133,680.0,40.0,0.38313484670000264,0.23040000000000002,0.6135348467000027
11.529683659,0.0,0.0,720.0,0.9,680.0,40.0,0.38020563800000107,0.2736,0.653805638000001,680.0,40.0,0.385,0.23040000000000002,0.6154000000000001
11.547944327,0.0,0.0,720.0,0.9,640.0,80.0,0.765,0.2736,1.0,640.0,80.0,0.765,0.23040000000000002,0.9954000000000001
11.56324487,0.0,0.0,720.0,0.9,620.0,100.0,0.955,0.2736,1.0,620.0,100.0,0.955,0.23040000000000002,1.0
11.583056622,0.0,0.0,720.0,0.9,580.0,140.0,1.335,0.2736,1.0,560.0,160.0,1.525,0.23040000000000002,1.0
11.596140207,0.0,0.0,720.0,0.9,600.0,120.0,1.1449999999999998,0.2736,1.0,600.0,120.0,1.1449999999999998,0.23040000000000002,1.0
11.609051417,0.0,0.0,720.0,0.9,620.0,100.0,0.955,0.2736,1.0,620.0,100.0,0.955,0.23040000000000002,1.0
11.625712877,0.0,0.0,720.0,0.9,620.0,100.0,0.955,0.2736,1.0,660.0,60.0,0.575,0.23040000000000002,0.8054
11.640086212,0.0,0.0,720.0,0.9,660.0,60.0,0.575,0.2736,0.8486,660.0,60.0,0.575,0.23040000000000002,0.8054
11.655463755,0.0,0.0,720.0,0.9,700.0,20.0,0.195,0.2736,0.4686,680.0,40.0,0.385,0.23040000000000002,0.6154000000000001
11.675297965,1.0,0.0,720.0,0.9,720.0,0.0,0.005,0.2736,0.2786,720.0,0.0,0.005,0.23040000000000002,0.23540000000000003
11.688506966,1.0,0.0,720.0,0.9,740.0,-20.0,-0.18655157929999916,0.2736,0.08704842070000085,720.0,0.0,0.005,0.23040000000000002,0.23540000000000003
11.720301261,0.0,0.0,720.0,0.9,760.0,-40.0,-0.3823940714999964,0.2736,-0.10879407149999637,740.0,-20.0,-0.1879212752999996,0.23040000000000002,0.042478724700000414
11.736777221,0.0,0.0,720.0,0.9,760.0,-40.0,-0.385,0.2736,-0.1114,740.0,-20.0,-0.1896015963000002,0.23040000000000002,0.04079840369999982
11.756470265,1.0,0.0,720.0,0.9,740.0,-20.0,-0.195,0.2736,0.0786,740.0,-20.0,-0.19157874649999998,0.23040000000000002,0.03882125350000004
11.778845767,1.0,0.0,720.0,0.9,720.0,0.0,-0.005,0.2736,0.2686,740.0,-20.0,-0.19381714260000024,0.23040000000000002,0.03658285739999978
11.797549477,0.0,0.0,720.0,0.9,740.0,-20.0,-0.195,0.2736,0.0786,760.0,-40.0,-0.385,0.23040000000000002,-0.1546
11.824288897,1.0,0.0,720.0,0.9,720.0,0.0,-0.005,0.2736,0.2686,740.0,-20.0,-0.195,0.23040000000000002,0.035400000000000015
11.844695065,1.0,0.0,720.0,0.9,720.0,0.0,-0.005,0.2736,0.2686,740.0,-20.0,-0.195,0.23040000000000002,0.035400000000000015
11.863523901,1.0,0.0,720.0,0.9,720.0,0.0,-0.005,0.2736,0.2686,720.0,0.0,-0.005,0.23040000000000002,0.22540000000000002
11.875189693,1.0,0.0,720.0,0.9,720.0,0.0,-0.005,0.2736,0.2686,720.0,0.0,-0.005,0.23040000000000002,0.22540000000000002
11.891383903,1.0,0.0,720.0,0.9,740.0,-20.0,-0.195,0.2736,0.0786,720.0,0.0,-0.005,0.23040000000000002,0.22540000000000002
11.905862238,1.0,0.0,720.0,0.9,720.0,0.0,-0.005,0.2736,0.2686,720.0,0.0,-0.005,0.23040000000000002,0.22540000000000002
11.918261281,1.0,0.0,720.0,0.9,720.0,0.0,-0.005,0.2736,0.2686,720.0,0.0,-0.005,0.23040000000000002,0.22540000000000002
11.936012408,1.0,0.0,720.0,0.9,700.0,20.0,0.18642420850000066,0.2736,0.4600242085000007,700.0,20.0,0.1864242084999978,0.23040000000000002,0.4168242084999978
11.952592785,1.0,0.0,720.0,0.9,720.0,0.0,-0.0035757914999993545,0.2736,0.27002420850000064,700.0,20.0,0.1881001544999981,0.23040000000000002,0.4185001544999981
11.978622287,1.0,0.0,720.0,0.9,740.0,-20.0,-0.195,0.2736,0.0786,720.0,0.0,-0.0018998455000019021,0.23040000000000002,0.2285001544999981
11.993650414,1.0,0.0,720.0,0.9,720.0,0.0,-0.005,0.2736,0.2686,720.0,0.0,-0.0018998455000019021,0.23040000000000002,0.2285001544999981
12.011639249,0.0,0.0,720.0,0.9,740.0,-20.0,-0.195,0.2736,0.0786,700.0,20.0,0.1896855671999964,0.23040000000000002,0.42008556719999646
12.033499668,1.0,0.0,720.0,0.9,720.0,0.0,-0.005,0.2736,0.2686,720.0,0.0,-3.144328000036012E-4,0.23040000000000002,0.23008556719999643
12.049644586,1.0,0.0,720.0,0.9,740.0,-20.0,-0.195,0.2736,0.0786,740.0,-20.0,-0.19220087460000287,0.23040000000000002,0.03819912539999715
12.070330171,1.0,0.0,720.0,0.9,720.0,0.0,-0.005,0.2736,0.2686,720.0,0.0,-0.0022008746000028623,0.23040000000000002,0.22819912539999715
12.08677259,1.0,0.0,720.0,0.9,740.0,-20.0,-0.195,0.2736,0.0786,720.0,0.0,-0.0022008746000028623,0.23040000000000002,0.22819912539999715
12.101452758,1.0,0.0,720.0,0.9,720.0,0.0,-0.005,0.2736,0.2686,720.0,0.0,-0.0022008746000028623,0.23040000000000002,0.22819912539999715
12.116011301,1.0,0.0,720.0,0.9,720.0,0.0,-0.005,0.2736,0.2686,740.0,-20.0,-0.19363182060000214,0.23040000000000002,0.03676817939999788
12.132556678,1.0,0.0,720.0,0.9,720.0,0.0,-0.005,0.2736,0.2686,740.0,-20.0,-0.195,0.23040000000000002,0.035400000000000015
12.145200137,1.0,0.0,720.0,0.9,720.0,0.0,-0.005,0.2736,0.2686,740.0,-20.0,-0.195,0.23040000000000002,0.035400000000000015
12.166684014,1.0,0.0,720.0,0.9,720.0,0.0,-0.005,0.2736,0.2686,720.0,0.0,-0.005,0.23040000000000002,0.22540000000000002
12.179097349,1.0,0.0,720.0,0.9,740.0,-20.0,-0.195,0.2736,0.0786,720.0,0.0,-0.005,0.23040000000000002,0.22540000000000002
12.194849101,1.0,0.0,720.0,0.9,720.0,0.0,-0.005,0.2736,0.2686,720.0,0.0,-0.005,0.23040000000000002,0.22540000000000002
12.232129063,1.0,0.0,720.0,0.9,720.0,0.0,-0.005,0.2736,0.2686,720.0,0.0,-0.005,0.23040000000000002,0.22540000000000002
12.258989232,1.0,0.0,720.0,0.9,740.0,-20.0,-0.195,0.2736,0.0786,720.0,0.0,-0.005,0.23040000000000002,0.22540000000000002
12.274358609,1.0,0.0,720.0,0.9,720.0,0.0,-0.005,0.2736,0.2686,720.0,0.0,-0.005,0.23040000000000002,0.22540000000000002
12.298536611,1.0,0.0,720.0,0.9,720.0,0.0,-0.005,0.2736,0.2686,720.0,0.0,-0.005,0.23040000000000002,0.22540000000000002
12.320363197,1.0,0.0,720.0,0.9,720.0,0.0,-0.005,0.2736,0.2686,720.0,0.0,-0.005,0.23040000000000002,0.22540000000000002
12.341180907,1.0,0.0,720.0,0.9,720.0,0.0,-0.005,0.2736,0.2686,720.0,0.0,-0.005,0.23040000000000002,0.22540000000000002
12.374137494,1.0,0.0,720.0,0.9,720.0,0.0,-0.005,0.2736,0.2686,720.0,0.0,-0.005,0.23040000000000002,0.22540000000000002
12.392225204,1.0,0.0,720.0,0.9,720.0,0.0,-0.005,0.2736,0.2686,720.0,0.0,-0.005,0.23040000000000002,0.22540000000000002
12.44231225,0.0,0.0,800.0,0.5,720.0,80.0,0.765,0.304,1.0,720.0,80.0,0.765,0.256,1.0
12.465812711,0.0,0.0,800.0,0.5,720.0,80.0,0.765,0.304,1.0,720.0,80.0,0.765,0.256,1.0
12.486905172,0.0,0.0,800.0,0.5,740.0,60.0,0.575,0.304,0.879,740.0,60.0,0.575,0.256,0.831
12.501106423,0.0,0.0,800.0,0.5,740.0,60.0,0.575,0.304,0.879,760.0,40.0,0.385,0.256,0.641
12.512877508,0.0,0.0,800.0,0.5,760.0,40.0,0.385,0.304,0.6890000000000001,760.0,40.0,0.385,0.256,0.641
12.538453468,1.0,0.0,800.0,0.5,780.0,20.0,0.195,0.304,0.499,780.0,20.0,0.195,0.256,0.451
12.557333345,1.0,0.0,800.0,0.5,820.0,-20.0,-0.18710221689999912,0.304,0.11689778310000087,800.0,0.0,0.005,0.256,0.261
12.580768181,0.0,0.0,800.0,0.5,840.0,-40.0,-0.38220265069999754,0.304,-0.07820265069999754,800.0,0.0,0.005,0.256,0.261
12.597278558,1.0,0.0,800.0,0.5,820.0,-20.0,-0.19365176749999818,0.304,0.11034823250000181,820.0,-20.0,-0.18644911680000065,0.256,0.06955088319999936
12.621090227,1.0,0.0,800.0,0.5,820.0,-20.0,-0.195,0.304,0.10899999999999999,820.0,-20.0,-0.188739633699999,0.256,0.06726036630000101
12.640257395,0.0,0.0,800.0,0.5,840.0,-40.0,-0.385,0.304,-0.08100000000000002,820.0,-20.0,-0.19071795060000113,0.256,0.06528204939999888
12.676059191,1.0,0.0,800.0,0.5,820.0,-20.0,-0.195,0.304,0.10899999999999999,820.0,-20.0,-0.19433703850000142,0.256,0.061662961499998586
12.696394484,1.0,0.0,800.0,0.5,800.0,0.0,-0.005,0.304,0.299,820.0,-20.0,-0.195,0.256,0.061
12.708432152,1.0,0.0,800.0,0.5,800.0,0.0,-0.005,0.304,0.299,820.0,-20.0,-0.195,0.256,0.061
12.741863864,0.0,0.0,800.0,0.5,780.0,20.0,0.18822373360000086,0.304,0.4922237336000008,820.0,-20.0,-0.195,0.256,0.061
12.756707657,1.0,0.0,800.0,0.5,800.0,0.0,-0.0017762663999991446,0.304,0.3022237336000008,820.0,-20.0,-0.195,0.256,0.061
12.779917909,0.0,0.0,800.0,0.5,780.0,20.0,0.19047534210000153,0.304,0.49447534210000155,820.0,-20.0,-0.195,0.256,0.061
12.798356786,1.0,0.0,800.0,0.5,820.0,-20.0,-0.19122221639999679,0.304,0.1127777836000032,800.0,0.0,-0.005,0.256,0.251
12.815378455,1.0,0.0,800.0,0.5,780.0,20.0,0.19066784210000434,0.304,0.49466784210000436,800.0,0.0,-0.005,0.256,0.251
12.830610748,1.0,0.0,800.0,0.5,800.0,0.0,6.678421000043499E-4,0.304,0.30466784210000436,800.0,0.0,-0.005,0.256,0.251
12.859340209,1.0,0.0,800.0,0.5,820.0,-20.0,-0.19217827069999316,0.304,0.11182172930000683,800.0,0.0,-0.005,0.256,0.251
12.889507879,1.0,0.0,800.0,0.5,800.0,0.0,-0.002178270699993163,0.304,0.30182172930000684,800.0,0.0,-0.005,0.256,0.251
12.922692257,0.0,0.0,740.0,0.95,800.0,-60.0,-0.575,0.2812,-0.29379999999999995,780.0,-40.0,-0.385,0.2368,-0.1482
12.942725676,0.0,0.0,740.0,0.95,800.0,-60.0,-0.575,0.2812,-0.29379999999999995,800.0,-60.0,-0.575,0.2368,-0.33819999999999995
12.959098094,0.0,0.0,740.0,0.95,780.0,-40.0,-0.385,0.2812,-0.1038,780.0,-40.0,-0.385,0.2368,-0.1482
12.985547597,1.0,0.0,740.0,0.95,760.0,-20.0,-0.195,0.2812,0.0862,760.0,-20.0,-0.195,0.2368,0.041800000000000004
12.99846114,1.0,0.0,740.0,0.95,740.0,0.0,-0.005,0.2812,0.2762,760.0,-20.0,-0.195,0.2368,0.041800000000000004
13.018049767,1.0,0.0,740.0,0.95,760.0,-20.0,-0.195,0.2812,0.0862,740.0,0.0,-0.005,0.2368,0.2318
13.031781143,1.0,0.0,740.0,0.95,740.0,0.0,-0.005,0.2812,0.2762,740.0,0.0,-0.005,0.2368,0.2318
13.060913104,1.0,0.0,740.0,0.95,720.0,20.0,0.18735902940000018,0.2812,0.46855902940000016,720.0,20.0,0.18735902940000018,0.2368,0.42415902940000016
13.077074939,1.0,0.0,740.0,0.95,720.0,20.0,0.1893013837000018,0.2812,0.47050138370000183,740.0,0.0,-0.0026409705999998322,0.2368,0.2341590294000002
13.093621483,1.0,0.0,740.0,0.95,740.0,0.0,-6.98616299998207E-4,0.2812,0.28050138370000177,740.0,0.0,-0.0026409705999998322,0.2368,0.2341590294000002
13.107029984,1.0,0.0,740.0,0.95,740.0,0.0,-6.98616299998207E-4,0.2812,0.28050138370000177,740.0,0.0,-0.0026409705999998322,0.2368,0.2341590294000002
13.140631446,0.0,0.0,800.0,0.5,740.0,60.0,0.575,0.304,0.879,720.0,80.0,0.765,0.256,1.0
13.155280989,0.0,0.0,800.0,0.5,740.0,60.0,0.575,0.304,0.879,740.0,60.0,0.575,0.256,0.831
13.170756824,0.0,0.0,800.0,0.5,740.0,60.0,0.575,0.304,0.879,740.0,60.0,0.575,0.256,0.831
13.185229325,0.0,0.0,800.0,0.5,760.0,40.0,0.385,0.304,0.6890000000000001,740.0,60.0,0.575,0.256,0.831
13.198309701,0.0,0.0,800.0,0.5,760.0,40.0,0.385,0.304,0.6890000000000001,760.0,40.0,0.385,0.256,0.641
13.218807162,1.0,0.0,800.0,0.5,800.0,0.0,0.005,0.304,0.309,780.0,20.0,0.195,0.256,0.451
13.240645414,1.0,0.0,800.0,0.5,800.0,0.0,0.005,0.304,0.309,800.0,0.0,0.005,0.256,0.261
13.253551374,1.0,0.0,800.0,0.5,800.0,0.0,0.005,0.304,0.309,800.0,0.0,0.005,0.256,0.261
13.268142875,1.0,0.0,800.0,0.5,800.0,0.0,0.005,0.304,0.309,800.0,0.0,0.005,0.256,0.261
13.285266627,1.0,0.0,800.0,0.5,800.0,0.0,0.005,0.304,0.309,800.0,0.0,0.005,0.256,0.261
13.298101711,1.0,0.0,800.0,0.5,800.0,0.0,0.005,0.304,0.309,800.0,0.0,0.005,0.256,0.261
13.325397631,1.0,0.0,800.0,0.5,820.0,-20.0,-0.18760971699999857,0.304,0.11639028300000143,800.0,0.0,0.005,0.256,0.261
13.342077174,1.0,0.0,800.0,0.5,820.0,-20.0,-0.18927679629999886,0.304,0.11472320370000114,800.0,0.0,0.005,0.256,0.261
13.358334093,1.0,0.0,800.0,0.5,800.0,0.0,7.23203700001136E-4,0.304,0.3047232037000011,800.0,0.0,0.005,0.256,0.261
13.379881845,1.0,0.0,800.0,0.5,800.0,0.0,7.23203700001136E-4,0.304,0.3047232037000011,800.0,0.0,0.005,0.256,0.261
13.406325222,1.0,0.0,800.0,0.5,800.0,0.0,7.23203700001136E-4,0.304,0.3047232037000011,780.0,20.0,0.195,0.256,0.451
13.436823934,1.0,0.0,800.0,0.5,820.0,-20.0,-0.19253036749999866,0.304,0.11146963250000133,800.0,0.0,0.005,0.256,0.261
13.459603686,1.0,0.0,800.0,0.5,820.0,-20.0,-0.1946300468999999,0.304,0.10936995310000008,820.0,-20.0,-0.18709967940000127,0.256,0.06890032059999873
13.476819604,1.0,0.0,800.0,0.5,800.0,0.0,-0.004630046899999911,0.304,0.2993699531000001,800.0,0.0,0.0029003205999987357,0.256,0.25890032059999873
13.495422398,1.0,0.0,800.0,0.5,800.0,0.0,-0.004630046899999911,0.304,0.2993699531000001,800.0,0.0,0.0029003205999987357,0.256,0.25890032059999873
13.507073316,1.0,0.0,800.0,0.5,800.0,0.0,-0.004630046899999911,0.304,0.2993699531000001,800.0,0.0,0.0029003205999987357,0.256,0.25890032059999873
13.525744943,1.0,0.0,800.0,0.5,800.0,0.0,-0.004630046899999911,0.304,0.2993699531000001,800.0,0.0,0.0029003205999987357,0.256,0.25890032059999873
13.54492407,1.0,0.0,800.0,0.5,800.0,0.0,-0.004630046899999911,0.304,0.2993699531000001,800.0,0.0,0.0029003205999987357,0.256,0.25890032059999873
13.573652364,1.0,0.0,800.0,0.5,800.0,0.0,-0.004630046899999911,0.304,0.2993699531000001,800.0,0.0,0.0029003205999987357,0.256,0.25890032059999873
13.591178324,1.0,0.0,800.0,0.5,800.0,0.0,-0.004630046899999911,0.304,0.2993699531000001,820.0,-20.0,-0.1884388670000027,0.256,0.0675611329999973
13.608069326,1.0,0.0,800.0,0.5,800.0,0.0,-0.004630046899999911,0.304,0.2993699531000001,800.0,0.0,0.0015611329999973122,0.256,0.25756113299999733
13.619329994,1.0,0.0,800.0,0.5,800.0,0.0,-0.004630046899999911,0.304,0.2993699531000001,800.0,0.0,0.0015611329999973122,0.256,0.25756113299999733
13.633516078,1.0,0.0,800.0,0.5,800.0,0.0,-0.004630046899999911,0.304,0.2993699531000001,820.0,-20.0,-0.18961854210000467,0.256,0.06638145789999533
13.656812664,1.0,0.0,800.0,0.5,780.0,20.0,0.18761339500000077,0.304,0.4916133950000008,800.0,0.0,3.8145789999532553E-4,0.256,0.25638145789999534
13.670198124,1.0,0.0,800.0,0.5,780.0,20.0,0.18916471179999916,0.304,0.49316471179999916,800.0,0.0,3.8145789999532553E-4,0.256,0.25638145789999534
13.693415376,0.0,0.0,800.0,0.5,780.0,20.0,0.1912774870000004,0.304,0.4952774870000004,820.0,-20.0,-0.19173134640000228,0.256,0.06426865359999773
13.71061992,1.0,0.0,800.0,0.5,820.0,-20.0,-0.1904572882000002,0.304,0.11354271179999978,800.0,0.0,-0.0017313464000022806,0.256,0.25426865359999773
13.729615005,1.0,0.0,800.0,0.5,820.0,-20.0,-0.19252680919999876,0.304,0.11147319080000123,800.0,0.0,-0.0017313464000022806,0.256,0.25426865359999773
13.758736174,1.0,0.0,800.0,0.5,800.0,0.0,-0.002526809199998752,0.304,0.30147319080000123,800.0,0.0,-0.0017313464000022806,0.256,0.25426865359999773
13.781935343,1.0,0.0,800.0,0.5,820.0,-20.0,-0.1948052219999971,0.304,0.10919477800000288,800.0,0.0,-0.0017313464000022806,0.256,0.25426865359999773
13.811968555,0.0,0.0,800.0,0.5,820.0,-20.0,-0.195,0.304,0.10899999999999999,780.0,20.0,0.19083701219999624,0.256,0.4468370121999963
13.829136057,1.0,0.0,800.0,0.5,800.0,0.0,-0.005,0.304,0.299,800.0,0.0,8.370121999962521E-4,0.256,0.2568370121999963
13.847981808,1.0,0.0,800.0,0.5,800.0,0.0,-0.005,0.304,0.299,780.0,20.0,0.1928367373999987,0.256,0.44883673739999874
13.862399185,1.0,0.0,800.0,0.5,820.0,-20.0,-0.195,0.304,0.10899999999999999,800.0,0.0,0.0028367373999986967,0.256,0.2588367373999987
13.886571354,0.0,0.0,800.0,0.5,820.0,-20.0,-0.195,0.304,0.10899999999999999,780.0,20.0,0.195,0.256,0.451
13.913728148,1.0,0.0,800.0,0.5,800.0,0.0,-0.005,0.304,0.299,800.0,0.0,0.005,0.256,0.261
13.933011984,1.0,0.0,800.0,0.5,800.0,0.0,-0.005,0.304,0.299,800.0,0.0,0.005,0.256,0.261
13.947123985,1.0,0.0,800.0,0.5,800.0,0.0,-0.005,0.304,0.299,780.0,20.0,0.195,0.256,0.451
13.970242362,1.0,0.0,800.0,0.5,800.0,0.0,-0.005,0.304,0.299,800.0,0.0,0.005,0.256,0.261
13.990806614,1.0,0.0,800.0,0.5,800.0,0.0,-0.005,0.304,0.299,800.0,0.0,0.005,0.256,0.261
14.013573533,1.0,0.0,800.0,0.5,820.0,-20.0,-0.195,0.304,0.10899999999999999,800.0,0.0,0.005,0.256,0.261
14.02942941,1.0,0.0,800.0,0.5,800.0,0.0,-0.005,0.304,0.299,800.0,0.0,0.005,0.256,0.261
14.049030287,1.0,0.0,800.0,0.5,820.0,-20.0,-0.195,0.304,0.10899999999999999,800.0,0.0,0.005,0.256,0.261
14.062992955,1.0,0.0,800.0,0.5,800.0,0.0,-0.005,0.304,0.299,800.0,0.0,0.005,0.256,0.261
14.086434499,1.0,0.0,800.0,0.5,780.0,20.0,0.18732277519999968,0.304,0.4913227751999997,800.0,0.0,0.005,0.256,0.261
14.107447043,1.0,0.0,800.0,0.5,820.0,-20.0,-0.19478145420000145,0.304,0.10921854579999854,800.0,0.0,0.005,0.256,0.261
14.131422629,1.0,0.0,800.0,0.5,800.0,0.0,-0.0047814542000014625,0.304,0.2992185457999985,800.0,0.0,0.005,0.256,0.261
14.144588463,1.0,0.0,800.0,0.5,820.0,-20.0,-0.195,0.304,0.10899999999999999,800.0,0.0,0.005,0.256,0.261
14.160093173,1.0,0.0,800.0,0.5,800.0,0.0,-0.005,0.304,0.299,800.0,0.0,0.005,0.256,0.261
14.172884216,1.0,0.0,800.0,0.5,800.0,0.0,-0.005,0.304,0.299,800.0,0.0,0.005,0.256,0.261
14.192261676,1.0,0.0,800.0,0.5,800.0,0.0,-0.005,0.304,0.299,800.0,0.0,0.005,0.256,0.261
14.21275097,0.0,0.0,800.0,0.5,780.0,20.0,0.18648528349999993,0.304,0.4904852834999999,820.0,-20.0,-0.18648528349999993,0.256,0.06951471650000007
14.230613805,0.0,0.0,800.0,0.5,780.0,20.0,0.18850382120000178,0.304,0.4925038212000018,820.0,-20.0,-0.18850376289999873,0.256,0.06749623710000127
14.253838057,0.0,0.0,800.0,0.5,780.0,20.0,0.19081988810000097,0.304,0.494819888100001,820.0,-20.0,-0.1908198589,0.256,0.0651801411
14.273630268,1.0,0.0,800.0,0.5,800.0,0.0,8.198881000009805E-4,0.304,0.304819888100001,800.0,0.0,-8.198588999999857E-4,0.256,0.25518014110000004
14.293367645,1.0,0.0,800.0,0.5,820.0,-20.0,-0.19133121210000012,0.304,0.11266878789999987,800.0,0.0,-8.198588999999857E-4,0.256,0.25518014110000004
14.308774063,1.0,0.0,800.0,0.5,820.0,-20.0,-0.19289008310000041,0.304,0.11110991689999958,800.0,0.0,-8.198588999999857E-4,0.256,0.25518014110000004
14.334870357,1.0,0.0,800.0,0.5,800.0,0.0,-0.0028900831000004245,0.304,0.30110991689999955,800.0,0.0,-8.198588999999857E-4,0.256,0.25518014110000004
14.349643859,1.0,0.0,800.0,0.5,800.0,0.0,-0.0028900831000004245,0.304,0.30110991689999955,820.0,-20.0,-0.19221632979999925,0.256,0.06378367020000075
14.371173236,1.0,0.0,800.0,0.5,800.0,0.0,-0.0028900831000004245,0.304,0.30110991689999955,800.0,0.0,-0.002216329799999244,0.256,0.25378367020000075
14.386566237,1.0,0.0,800.0,0.5,800.0,0.0,-0.0028900831000004245,0.304,0.30110991689999955,820.0,-20.0,-0.19372812580000187,0.256,0.062271874199998134
14.433604784,1.0,0.0,800.0,0.5,820.0,-20.0,-0.195,0.304,0.10899999999999999,820.0,-20.0,-0.195,0.256,0.061
14.457510078,1.0,0.0,800.0,0.5,820.0,-20.0,-0.195,0.304,0.10899999999999999,800.0,0.0,-0.005,0.256,0.251
14.473349038,1.0,0.0,800.0,0.5,800.0,0.0,-0.005,0.304,0.299,780.0,20.0,0.18644593759999908,0.256,0.44244593759999906
14.49381704,1.0,0.0,800.0,0.5,800.0,0.0,-0.005,0.304,0.299,820.0,-20.0,-0.195,0.256,0.061
14.506501041,1.0,0.0,800.0,0.5,800.0,0.0,-0.005,0.304,0.299,820.0,-20.0,-0.195,0.256,0.061
14.525979418,1.0,0.0,800.0,0.5,800.0,0.0,-0.005,0.304,0.299,820.0,-20.0,-0.195,0.256,0.061
14.539206211,1.0,0.0,800.0,0.5,800.0,0.0,-0.005,0.304,0.299,780.0,20.0,0.18610780850000083,0.256,0.44210780850000087
14.555643671,1.0,0.0,800.0,0.5,800.0,0.0,-0.005,0.304,0.299,800.0,0.0,-0.0038921914999991715,0.256,0.2521078085000008
14.587088258,1.0,0.0,800.0,0.5,800.0,0.0,-0.005,0.304,0.299,820.0,-20.0,-0.195,0.256,0.061
14.606429843,1.0,0.0,800.0,0.5,800.0,0.0,-0.005,0.304,0.299,800.0,0.0,-0.005,0.256,0.251
14.620354594,1.0,0.0,800.0,0.5,800.0,0.0,-0.005,0.304,0.299,780.0,20.0,0.1863286292999993,0.256,0.4423286292999993
14.651954639,1.0,0.0,800.0,0.5,800.0,0.0,-0.005,0.304,0.299,800.0,0.0,-0.0036713707000006934,0.256,0.25232862929999933
14.668771558,1.0,0.0,800.0,0.5,800.0,0.0,-0.005,0.304,0.299,820.0,-20.0,-0.195,0.256,0.061
14.687403226,1.0,0.0,800.0,0.5,800.0,0.0,-0.005,0.304,0.299,780.0,20.0,0.18684870010000112,0.256,0.4428487001000011
14.701668644,1.0,0.0,800.0,0.5,800.0,0.0,-0.005,0.304,0.299,800.0,0.0,-0.0031512998999988894,0.256,0.2528487001000011
14.723506896,1.0,0.0,800.0,0.5,780.0,20.0,0.1871605792999992,0.304,0.49116057929999923,800.0,0.0,-0.0031512998999988894,0.256,0.2528487001000011
14.741893565,1.0,0.0,800.0,0.5,800.0,0.0,-0.002839420700000801,0.304,0.3011605792999992,820.0,-20.0,-0.19461753750000071,0.256,0.06138246249999929
14.757198191,1.0,0.0,800.0,0.5,800.0,0.0,-0.002839420700000801,0.304,0.3011605792999992,800.0,0.0,-0.004617537500000708,0.256,0.2513824624999993
14.778700444,1.0,0.0,800.0,0.5,820.0,-20.0,-0.195,0.304,0.10899999999999999,800.0,0.0,-0.004617537500000708,0.256,0.2513824624999993
14.792943112,1.0,0.0,800.0,0.5,800.0,0.0,-0.005,0.304,0.299,800.0,0.0,-0.004617537500000708,0.256,0.2513824624999993
14.818234698,1.0,0.0,800.0,0.5,800.0,0.0,-0.005,0.304,0.299,800.0,0.0,-0.004617537500000708,0.256,0.2513824624999993
14.83079649,1.0,0.0,800.0,0.5,800.0,0.0,-0.005,0.304,0.299,800.0,0.0,-0.004617537500000708,0.256,0.2513824624999993
14.855865826,1.0,0.0,800.0,0.5,800.0,0.0,-0.005,0.304,0.299,780.0,20.0,0.18767493359999946,0.256,0.44367493359999943
14.871310161,1.0,0.0,800.0,0.5,800.0,0.0,-0.005,0.304,0.299,780.0,20.0,0.18921790869999938,0.256,0.4452179086999994
14.888757371,1.0,0.0,800.0,0.5,800.0,0.0,-0.005,0.304,0.299,780.0,20.0,0.19097120469999765,0.256,0.4469712046999976
14.905365456,1.0,0.0,800.0,0.5,820.0,-20.0,-0.195,0.304,0.10899999999999999,800.0,0.0,9.712046999976564E-4,0.256,0.2569712046999977
14.933731209,1.0,0.0,800.0,0.5,800.0,0.0,-0.005,0.304,0.299,800.0,0.0,9.712046999976564E-4,0.256,0.2569712046999977
14.947167127,1.0,0.0,800.0,0.5,820.0,-20.0,-0.195,0.304,0.10899999999999999,800.0,0.0,9.712046999976564E-4,0.256,0.2569712046999977
14.972791213,1.0,0.0,800.0,0.5,800.0,0.0,-0.005,0.304,0.299,780.0,20.0,0.19333810909999785,0.256,0.44933810909999783
14.987881756,1.0,0.0,800.0,0.5,800.0,0.0,-0.005,0.304,0.299,800.0,0.0,0.003338109099997837,0.256,0.2593381090999978
15.006581091,1.0,0.0,800.0,0.5,800.0,0.0,-0.005,0.304,0.299,780.0,20.0,0.195,0.256,0.451
15.022294343,1.0,0.0,800.0,0.5,800.0,0.0,-0.005,0.304,0.299,800.0,0.0,0.005,0.256,0.261
15.038147303,1.0,0.0,800.0,0.5,800.0,0.0,-0.005,0.304,0.299,780.0,20.0,0.195,0.256,0.451
15.069284764,1.0,0.0,800.0,0.5,800.0,0.0,-0.005,0.304,0.299,800.0,0.0,0.005,0.256,0.261
15.092660392,1.0,0.0,800.0,0.5,800.0,0.0,-0.005,0.304,0.299,800.0,0.0,0.005,0.256,0.261
15.110209685,1.0,0.0,800.0,0.5,800.0,0.0,-0.005,0.304,0.299,780.0,20.0,0.195,0.256,0.451
15.132407271,1.0,0.0,800.0,0.5,800.0,0.0,-0.005,0.304,0.299,800.0,0.0,0.005,0.256,0.261
15.152150773,1.0,0.0,800.0,0.5,780.0,20.0,0.18706570019999788,0.304,0.49106570019999785,800.0,0.0,0.005,0.256,0.261
15.176621317,1.0,0.0,800.0,0.5,780.0,20.0,0.18926130870000066,0.304,0.4932613087000006,780.0,20.0,0.195,0.256,0.451
15.191458985,1.0,0.0,800.0,0.5,800.0,0.0,-7.386912999993455E-4,0.304,0.3032613087000006,800.0,0.0,0.005,0.256,0.261
15.213723362,1.0,0.0,800.0,0.5,800.0,0.0,-7.386912999993455E-4,0.304,0.3032613087000006,780.0,20.0,0.195,0.256,0.451
15.234306281,1.0,0.0,800.0,0.5,820.0,-20.0,-0.19219136639999987,0.304,0.11180863360000012,820.0,-20.0,-0.18645264599999847,0.256,0.06954735400000153
15.265089076,1.0,0.0,800.0,0.5,820.0,-20.0,-0.195,0.304,0.10899999999999999,820.0,-20.0,-0.18949478799999953,0.256,0.06650521200000048
15.289228578,1.0,0.0,800.0,0.5,800.0,0.0,-0.005,0.304,0.299,800.0,0.0,5.052120000004834E-4,0.256,0.2565052120000005
15.310823872,1.0,0.0,800.0,0.5,800.0,0.0,-0.005,0.304,0.299,800.0,0.0,5.052120000004834E-4,0.256,0.2565052120000005
15.327636124,1.0,0.0,800.0,0.5,800.0,0.0,-0.005,0.304,0.299,800.0,0.0,5.052120000004834E-4,0.256,0.2565052120000005
15.341105875,1.0,0.0,800.0,0.5,800.0,0.0,-0.005,0.304,0.299,800.0,0.0,5.052120000004834E-4,0.256,0.2565052120000005
15.353509001,1.0,0.0,800.0,0.5,800.0,0.0,-0.005,0.304,0.299,800.0,0.0,5.052120000004834E-4,0.256,0.2565052120000005
15.370962628,1.0,0.0,800.0,0.5,800.0,0.0,-0.005,0.304,0.299,800.0,0.0,5.052120000004834E-4,0.256,0.2565052120000005
15.386756088,1.0,0.0,800.0,0.5,800.0,0.0,-0.005,0.304,0.299,780.0,20.0,0.19186026630000128,0.256,0.4478602663000013
15.406537507,1.0,0.0,800.0,0.5,800.0,0.0,-0.005,0.304,0.299,800.0,0.0,0.0018602663000012853,0.256,0.2578602663000013
15.419901091,1.0,0.0,800.0,0.5,800.0,0.0,-0.005,0.304,0.299,780.0,20.0,0.19315319559999977,0.256,0.4491531955999998
15.449600928,1.0,0.0,800.0,0.5,800.0,0.0,-0.005,0.304,0.299,820.0,-20.0,-0.189551050500001,0.256,0.066448949499999
15.463504679,1.0,0.0,800.0,0.5,800.0,0.0,-0.005,0.304,0.299,800.0,0.0,4.489494999990029E-4,0.256,0.256448949499999
15.485502473,1.0,0.0,800.0,0.5,800.0,0.0,-0.005,0.304,0.299,780.0,20.0,0.19264622059999795,0.256,0.4486462205999979
15.505526267,1.0,0.0,800.0,0.5,800.0,0.0,-0.005,0.304,0.299,800.0,0.0,0.002646220599997946,0.256,0.258646220599998
15.525484144,1.0,0.0,800.0,0.5,800.0,0.0,-0.005,0.304,0.299,820.0,-20.0,-0.18935843380000164,0.256,0.06664156619999836
15.539818687,1.0,0.0,800.0,0.5,800.0,0.0,-0.005,0.304,0.299,820.0,-20.0,-0.19071357560000082,0.256,0.06528642439999918
15.557226522,1.0,0.0,800.0,0.5,780.0,20.0,0.18661910019999994,0.304,0.49061910019999994,800.0,0.0,-7.135756000008086E-4,0.256,0.2552864243999992
15.576758274,1.0,0.0,800.0,0.5,780.0,20.0,0.18884973790000062,0.304,0.49284973790000064,800.0,0.0,-7.135756000008086E-4,0.256,0.2552864243999992
15.595403067,1.0,0.0,800.0,0.5,800.0,0.0,-0.001150262099999395,0.304,0.3028497379000006,800.0,0.0,-7.135756000008086E-4,0.256,0.2552864243999992
15.616980861,1.0,0.0,800.0,0.5,800.0,0.0,-0.001150262099999395,0.304,0.3028497379000006,800.0,0.0,-7.135756000008086E-4,0.256,0.2552864243999992
15.630362821,1.0,0.0,800.0,0.5,800.0,0.0,-0.001150262099999395,0.304,0.3028497379000006,800.0,0.0,-7.135756000008086E-4,0.256,0.2552864243999992
15.648596656,1.0,0.0,800.0,0.5,800.0,0.0,-0.001150262099999395,0.304,0.3028497379000006,800.0,0.0,-7.135756000008086E-4,0.256,0.2552864243999992
15.665654783,1.0,0.0,800.0,0.5,800.0,0.0,-0.001150262099999395,0.304,0.3028497379000006,800.0,0.0,-7.135756000008086E-4,0.256,0.2552864243999992
15.690392494,1.0,0.0,800.0,0.5,800.0,0.0,-0.001150262099999395,0.304,0.3028497379000006,800.0,0.0,-7.135756000008086E-4,0.256,0.2552864243999992
15.706472662,1.0,0.0,800.0,0.5,800.0,0.0,-0.001150262099999395,0.304,0.3028497379000006,800.0,0.0,-7.135756000008086E-4,0.256,0.2552864243999992
15.721899205,1.0,0.0,800.0,0.5,800.0,0.0,-0.001150262099999395,0.304,0.3028497379000006,800.0,0.0,-7.135756000008086E-4,0.256,0.2552864243999992
15.734099331,1.0,0.0,800.0,0.5,800.0,0.0,-0.001150262099999395,0.304,0.3028497379000006,800.0,0.0,-7.135756000008086E-4,0.256,0.2552864243999992
15.747383874,1.0,0.0,800.0,0.5,800.0,0.0,-0.001150262099999395,0.304,0.3028497379000006,800.0,0.0,-7.135756000008086E-4,0.256,0.2552864243999992
15.764017918,1.0,0.0,800.0,0.5,800.0,0.0,-0.001150262099999395,0.304,0.3028497379000006,800.0,0.0,-7.135756000008086E-4,0.256,0.2552864243999992
15.775579585,1.0,0.0,800.0,0.5,800.0,0.0,-0.001150262099999395,0.304,0.3028497379000006,800.0,0.0,-7.135756000008086E-4,0.256,0.2552864243999992
15.790260337,1.0,0.0,800.0,0.5,800.0,0.0,-0.001150262099999395,0.304,0.3028497379000006,800.0,0.0,-7.135756000008086E-4,0.256,0.2552864243999992
15.811123839,1.0,0.0,800.0,0.5,800.0,0.0,-0.001150262099999395,0.304,0.3028497379000006,780.0,20.0,0.1909523370999989,0.256,0.44695233709999893
15.829785549,1.0,0.0,800.0,0.5,800.0,0.0,-0.001150262099999395,0.304,0.3028497379000006,800.0,0.0,9.523370999988856E-4,0.256,0.2569523370999989
15.849993968,1.0,0.0,800.0,0.5,780.0,20.0,0.19099433399999896,0.304,0.4949943339999989,800.0,0.0,9.523370999988856E-4,0.256,0.2569523370999989
15.866100094,1.0,0.0,800.0,0.5,780.0,20.0,0.1927367215999999,0.304,0.49673672159999993,800.0,0.0,9.523370999988856E-4,0.256,0.2569523370999989
15.892445181,1.0,0.0,800.0,0.5,800.0,0.0,0.0027367215999998962,0.304,0.3067367215999999,780.0,20.0,0.19338221239999712,0.256,0.4493822123999971
15.909510015,1.0,0.0,800.0,0.5,800.0,0.0,0.0027367215999998962,0.304,0.3067367215999999,800.0,0.0,0.0033822123999971156,0.256,0.25938221239999715
15.925851225,1.0,0.0,800.0,0.5,800.0,0.0,0.0027367215999998962,0.304,0.3067367215999999,800.0,0.0,0.0033822123999971156,0.256,0.25938221239999715
15.951393645,1.0,0.0,800.0,0.5,800.0,0.0,0.0027367215999998962,0.304,0.3067367215999999,800.0,0.0,0.0033822123999971156,0.256,0.25938221239999715
15.970568105,1.0,0.0,800.0,0.5,800.0,0.0,0.0027367215999998962,0.304,0.3067367215999999,780.0,20.0,0.195,0.256,0.451
15.986603065,1.0,0.0,800.0,0.5,800.0,0.0,0.0027367215999998962,0.304,0.3067367215999999,800.0,0.0,0.005,0.256,0.261
16.010374776,1.0,0.0,800.0,0.5,800.0,0.0,0.0027367215999998962,0.304,0.3067367215999999,800.0,0.0,0.005,0.256,0.261
16.022094235,1.0,0.0,800.0,0.5,800.0,0.0,0.0027367215999998962,0.304,0.3067367215999999,800.0,0.0,0.005,0.256,0.261
16.045411237,1.0,0.0,800.0,0.5,780.0,20.0,0.1949194385000004,0.304,0.4989194385000004,800.0,0.0,0.005,0.256,0.261
16.063541239,1.0,0.0,800.0,0.5,780.0,20.0,0.195,0.304,0.499,800.0,0.0,0.005,0.256,0.261
16.081129033,1.0,0.0,800.0,0.5,780.0,20.0,0.195,0.304,0.499,800.0,0.0,0.005,0.256,0.261
16.116291203,1.0,0.0,800.0,0.5,800.0,0.0,0.005,0.304,0.309,800.0,0.0,0.005,0.256,0.261
16.145003164,0.0,0.0,800.0,0.5,820.0,-20.0,-0.1876592711999996,0.304,0.1163407288000004,780.0,20.0,0.195,0.256,0.451
16.170099625,1.0,0.0,800.0,0.5,820.0,-20.0,-0.19012356309999973,0.304,0.11387643690000027,800.0,0.0,0.005,0.256,0.261
16.191100794,1.0,0.0,800.0,0.5,800.0,0.0,-1.2356309999972837E-4,0.304,0.30387643690000027,820.0,-20.0,-0.1871025960000003,0.256,0.06889740399999972
16.21501688,1.0,0.0,800.0,0.5,820.0,-20.0,-0.1925305424999982,0.304,0.11146945750000178,800.0,0.0,0.0028974039999997104,0.256,0.2588974039999997
16.232340423,0.0,0.0,800.0,0.5,820.0,-20.0,-0.1942908676999997,0.304,0.10970913230000029,780.0,20.0,0.19465769999999735,0.256,0.4506576999999974
16.256934342,1.0,0.0,800.0,0.5,820.0,-20.0,-0.195,0.304,0.10899999999999999,820.0,-20.0,-0.1877981044000029,0.256,0.06820189559999709
16.271844635,1.0,0.0,800.0,0.5,800.0,0.0,-0.005,0.304,0.299,800.0,0.0,0.002201895599997101,0.256,0.2582018955999971
16.291666596,1.0,0.0,800.0,0.5,800.0,0.0,-0.005,0.304,0.299,800.0,0.0,0.002201895599997101,0.256,0.2582018955999971
16.305486055,1.0,0.0,800.0,0.5,800.0,0.0,-0.005,0.304,0.299,800.0,0.0,0.002201895599997101,0.256,0.2582018955999971
16.327109641,1.0,0.0,800.0,0.5,800.0,0.0,-0.005,0.304,0.299,800.0,0.0,0.002201895599997101,0.256,0.2582018955999971
16.347916268,1.0,0.0,800.0,0.5,820.0,-20.0,-0.195,0.304,0.10899999999999999,800.0,0.0,0.002201895599997101,0.256,0.2582018955999971
16.36678127,1.0,0.0,800.0,0.5,820.0,-20.0,-0.195,0.304,0.10899999999999999,800.0,0.0,0.002201895599997101,0.256,0.2582018955999971
16.377615813,1.0,0.0,800.0,0.5,820.0,-20.0,-0.195,0.304,0.10899999999999999,800.0,0.0,0.002201895599997101,0.256,0.2582018955999971
16.397003189,1.0,0.0,800.0,0.5,800.0,0.0,-0.005,0.304,0.299,800.0,0.0,0.002201895599997101,0.256,0.2582018955999971
16.410735441,1.0,0.0,800.0,0.5,780.0,20.0,0.1864784001999999,0.304,0.4904784001999999,800.0,0.0,0.002201895599997101,0.256,0.2582018955999971
16.428976276,1.0,0.0,800.0,0.5,800.0,0.0,-0.0035215998000001037,0.304,0.3004784001999999,780.0,20.0,0.19359445819999735,0.256,0.4495944581999973
16.461513446,1.0,0.0,800.0,0.5,820.0,-20.0,-0.195,0.304,0.10899999999999999,800.0,0.0,0.003594458199997348,0.256,0.2595944581999974
16.475551656,1.0,0.0,800.0,0.5,800.0,0.0,-0.005,0.304,0.299,820.0,-20.0,-0.18821057940000174,0.256,0.06778942059999826
16.496369949,1.0,0.0,800.0,0.5,800.0,0.0,-0.005,0.304,0.299,780.0,20.0,0.19399984589999916,0.256,0.4499998458999992
16.510498576,1.0,0.0,800.0,0.5,800.0,0.0,-0.005,0.304,0.299,780.0,20.0,0.195,0.256,0.451
16.537923412,1.0,0.0,800.0,0.5,800.0,0.0,-0.005,0.304,0.299,820.0,-20.0,-0.1877488711000018,0.256,0.06825112889999821
16.559626039,1.0,0.0,800.0,0.5,800.0,0.0,-0.005,0.304,0.299,820.0,-20.0,-0.1899392296999997,0.256,0.0660607703000003
16.581578041,1.0,0.0,800.0,0.5,800.0,0.0,-0.005,0.304,0.299,800.0,0.0,6.077030000028572E-5,0.256,0.2560607703000003
16.594834584,1.0,0.0,800.0,0.5,800.0,0.0,-0.005,0.304,0.299,800.0,0.0,6.077030000028572E-5,0.256,0.2560607703000003
16.620919795,1.0,0.0,800.0,0.5,800.0,0.0,-0.005,0.304,0.299,800.0,0.0,6.077030000028572E-5,0.256,0.2560607703000003
16.636127588,1.0,0.0,800.0,0.5,800.0,0.0,-0.005,0.304,0.299,800.0,0.0,6.077030000028572E-5,0.256,0.2560607703000003
16.655651174,1.0,0.0,800.0,0.5,800.0,0.0,-0.005,0.304,0.299,800.0,0.0,6.077030000028572E-5,0.256,0.2560607703000003
16.668077925,1.0,0.0,800.0,0.5,800.0,0.0,-0.005,0.304,0.299,800.0,0.0,6.077030000028572E-5,0.256,0.2560607703000003
16.692929386,1.0,0.0,800.0,0.5,800.0,0.0,-0.005,0.304,0.299,800.0,0.0,6.077030000028572E-5,0.256,0.2560607703000003
16.71388768,1.0,0.0,800.0,0.5,800.0,0.0,-0.005,0.304,0.299,820.0,-20.0,-0.19181552149999903,0.256,0.06418447850000097
16.743527433,1.0,0.0,800.0,0.5,800.0,0.0,-0.005,0.304,0.299,800.0,0.0,-0.001815521499999022,0.256,0.254184478500001
16.766193143,1.0,0.0,800.0,0.5,800.0,0.0,-0.005,0.304,0.299,780.0,20.0,0.19048473700000101,0.256,0.446484737000001
16.787094562,1.0,0.0,800.0,0.5,800.0,0.0,-0.005,0.304,0.299,820.0,-20.0,-0.19160062160000052,0.256,0.06439937839999949
16.808300481,1.0,0.0,800.0,0.5,780.0,20.0,0.18699695439999914,0.304,0.49099695439999913,800.0,0.0,-0.0016006216000005226,0.256,0.2543993783999995
16.823696691,1.0,0.0,800.0,0.5,780.0,20.0,0.188711779599999,0.304,0.492711779599999,800.0,0.0,-0.0016006216000005226,0.256,0.2543993783999995
16.840753067,1.0,0.0,800.0,0.5,780.0,20.0,0.1902031588999995,0.304,0.4942031588999995,780.0,20.0,0.18989075769999716,0.256,0.4458907576999972
16.863262445,1.0,0.0,800.0,0.5,800.0,0.0,2.0315889999949376E-4,0.304,0.3042031588999995,800.0,0.0,-1.0924230000284751E-4,0.256,0.25589075769999714
16.882326655,1.0,0.0,800.0,0.5,820.0,-20.0,-0.19192478300000004,0.304,0.11207521699999995,800.0,0.0,-1.0924230000284751E-4,0.256,0.25589075769999714
16.894754865,1.0,0.0,800.0,0.5,820.0,-20.0,-0.19316477480000002,0.304,0.11083522519999997,800.0,0.0,-1.0924230000284751E-4,0.256,0.25589075769999714
16.909106908,1.0,0.0,800.0,0.5,820.0,-20.0,-0.19448987489999867,0.304,0.10951012510000133,800.0,0.0,-1.0924230000284751E-4,0.256,0.25589075769999714
16.926718034,1.0,0.0,800.0,0.5,800.0,0.0,-0.004489874899998654,0.304,0.29951012510000136,800.0,0.0,-1.0924230000284751E-4,0.256,0.25589075769999714
16.939031036,1.0,0.0,800.0,0.5,800.0,0.0,-0.004489874899998654,0.304,0.29951012510000136,800.0,0.0,-1.0924230000284751E-4,0.256,0.25589075769999714
16.968225122,1.0,0.0,800.0,0.5,800.0,0.0,-0.004489874899998654,0.304,0.29951012510000136,780.0,20.0,0.1920588911999954,0.256,0.4480588911999954
16.992900708,1.0,0.0,800.0,0.5,800.0,0.0,-0.004489874899998654,0.304,0.29951012510000136,800.0,0.0,0.0020588911999954006,0.256,0.2580588911999954
17.012004876,1.0,0.0,800.0,0.5,800.0,0.0,-0.004489874899998654,0.304,0.29951012510000136,800.0,0.0,0.0020588911999954006,0.256,0.2580588911999954
17.023341669,1.0,0.0,800.0,0.5,800.0,0.0,-0.004489874899998654,0.304,0.29951012510000136,800.0,0.0,0.0020588911999954006,0.256,0.2580588911999954
17.047515297,1.0,0.0,800.0,0.5,800.0,0.0,-0.004489874899998654,0.304,0.29951012510000136,780.0,20.0,0.19423947889999454,0.256,0.45023947889999455
17.062498506,1.0,0.0,800.0,0.5,800.0,0.0,-0.004489874899998654,0.304,0.29951012510000136,780.0,20.0,0.195,0.256,0.451
17.079414008,1.0,0.0,800.0,0.5,800.0,0.0,-0.004489874899998654,0.304,0.29951012510000136,800.0,0.0,0.005,0.256,0.261
17.102728969,1.0,0.0,800.0,0.5,780.0,20.0,0.18790654620000055,0.304,0.4919065462000005,800.0,0.0,0.005,0.256,0.261
17.125091054,1.0,0.0,800.0,0.5,780.0,20.0,0.19001742550000303,0.304,0.49401742550000305,800.0,0.0,0.005,0.256,0.261
17.14669714,1.0,0.0,800.0,0.5,800.0,0.0,1.742550000301435E-5,0.304,0.304017425500003,800.0,0.0,0.005,0.256,0.261
17.165609975,1.0,0.0,800.0,0.5,800.0,0.0,1.742550000301435E-5,0.304,0.304017425500003,800.0,0.0,0.005,0.256,0.261
17.178674018,1.0,0.0,800.0,0.5,820.0,-20.0,-0.19114635379999753,0.304,0.11285364620000246,800.0,0.0,0.005,0.256,0.261
17.200231395,1.0,0.0,800.0,0.5,820.0,-20.0,-0.19332067069999653,0.304,0.11067932930000346,800.0,0.0,0.005,0.256,0.261
17.226477898,1.0,0.0,800.0,0.5,800.0,0.0,-0.0033206706999965264,0.304,0.30067932930000346,800.0,0.0,0.005,0.256,0.261
17.246035608,1.0,0.0,800.0,0.5,800.0,0.0,-0.0033206706999965264,0.304,0.30067932930000346,800.0,0.0,0.005,0.256,0.261
17.258459734,1.0,0.0,800.0,0.5,800.0,0.0,-0.0033206706999965264,0.304,0.30067932930000346,800.0,0.0,0.005,0.256,0.261
17.271025027,1.0,0.0,800.0,0.5,800.0,0.0,-0.0033206706999965264,0.304,0.30067932930000346,800.0,0.0,0.005,0.256,0.261
17.289968779,1.0,0.0,800.0,0.5,800.0,0.0,-0.0033206706999965264,0.304,0.30067932930000346,800.0,0.0,0.005,0.256,0.261
17.305940447,1.0,0.0,800.0,0.5,800.0,0.0,-0.0033206706999965264,0.304,0.30067932930000346,780.0,20.0,0.195,0.256,0.451
17.317186824,1.0,0.0,800.0,0.5,800.0,0.0,-0.0033206706999965264,0.304,0.30067932930000346,780.0,20.0,0.195,0.256,0.451
17.334829742,1.0,0.0,800.0,0.5,800.0,0.0,-0.0033206706999965264,0.304,0.30067932930000346,780.0,20.0,0.195,0.256,0.451
17.349466744,1.0,0.0,800.0,0.5,800.0,0.0,-0.0033206706999965264,0.304,0.30067932930000346,800.0,0.0,0.005,0.256,0.261
17.363746162,1.0,0.0,800.0,0.5,800.0,0.0,-0.0033206706999965264,0.304,0.30067932930000346,800.0,0.0,0.005,0.256,0.261
17.38183708,1.0,0.0,800.0,0.5,800.0,0.0,-0.0033206706999965264,0.304,0.30067932930000346,800.0,0.0,0.005,0.256,0.261
17.396325623,1.0,0.0,800.0,0.5,800.0,0.0,-0.0033206706999965264,0.304,0.30067932930000346,780.0,20.0,0.195,0.256,0.451
17.410658416,1.0,0.0,800.0,0.5,800.0,0.0,-0.0033206706999965264,0.304,0.30067932930000346,800.0,0.0,0.005,0.256,0.261
17.425184001,1.0,0.0,800.0,0.5,800.0,0.0,-0.0033206706999965264,0.304,0.30067932930000346,780.0,20.0,0.195,0.256,0.451
17.438210419,1.0,0.0,800.0,0.5,800.0,0.0,-0.0033206706999965264,0.304,0.30067932930000346,800.0,0.0,0.005,0.256,0.261
17.455393671,1.0,0.0,800.0,0.5,800.0,0.0,-0.0033206706999965264,0.304,0.30067932930000346,780.0,20.0,0.195,0.256,0.451
17.482668882,1.0,0.0,800.0,0.5,800.0,0.0,-0.0033206706999965264,0.304,0.30067932930000346,800.0,0.0,0.005,0.256,0.261
17.503790509,1.0,0.0,800.0,0.5,820.0,-20.0,-0.195,0.304,0.10899999999999999,800.0,0.0,0.005,0.256,0.261
17.523683053,1.0,0.0,800.0,0.5,820.0,-20.0,-0.195,0.304,0.10899999999999999,800.0,0.0,0.005,0.256,0.261
17.535726846,1.0,0.0,800.0,0.5,820.0,-20.0,-0.195,0.304,0.10899999999999999,800.0,0.0,0.005,0.256,0.261
17.54968718,1.0,0.0,800.0,0.5,820.0,-20.0,-0.195,0.304,0.10899999999999999,800.0,0.0,0.005,0.256,0.261
17.578942225,1.0,0.0,800.0,0.5,800.0,0.0,-0.005,0.304,0.299,800.0,0.0,0.005,0.256,0.261
17.597260643,1.0,0.0,800.0,0.5,780.0,20.0,0.18680512519999923,0.304,0.4908051251999992,800.0,0.0,0.005,0.256,0.261
17.625808105,1.0,0.0,800.0,0.5,780.0,20.0,0.18970265879999942,0.304,0.4937026587999994,800.0,0.0,0.005,0.256,0.261
17.645334898,1.0,0.0,800.0,0.5,820.0,-20.0,-0.19224351640000178,0.304,0.11175648359999821,800.0,0.0,0.005,0.256,0.261
17.65806615,1.0,0.0,800.0,0.5,820.0,-20.0,-0.1934988498000007,0.304,0.11050115019999929,800.0,0.0,0.005,0.256,0.261
17.671819109,1.0,0.0,800.0,0.5,820.0,-20.0,-0.1948899250000022,0.304,0.10911007499999778,800.0,0.0,0.005,0.256,0.261
17.689717819,1.0,0.0,800.0,0.5,820.0,-20.0,-0.195,0.304,0.10899999999999999,800.0,0.0,0.005,0.256,0.261
17.701663612,1.0,0.0,800.0,0.5,820.0,-20.0,-0.195,0.304,0.10899999999999999,800.0,0.0,0.005,0.256,0.261
17.726889865,1.0,0.0,800.0,0.5,820.0,-20.0,-0.195,0.304,0.10899999999999999,800.0,0.0,0.005,0.256,0.261
17.737963574,1.0,0.0,800.0,0.5,820.0,-20.0,-0.195,0.304,0.10899999999999999,800.0,0.0,0.005,0.256,0.261
17.752314159,1.0,0.0,800.0,0.5,800.0,0.0,-0.005,0.304,0.299,800.0,0.0,0.005,0.256,0.261
17.779239662,1.0,0.0,800.0,0.5,800.0,0.0,-0.005,0.304,0.299,800.0,0.0,0.005,0.256,0.261
17.795045372,1.0,0.0,800.0,0.5,800.0,0.0,-0.005,0.304,0.299,800.0,0.0,0.005,0.256,0.261
17.814007498,1.0,0.0,800.0,0.5,800.0,0.0,-0.005,0.304,0.299,780.0,20.0,0.195,0.256,0.451
17.829341292,1.0,0.0,800.0,0.5,800.0,0.0,-0.005,0.304,0.299,800.0,0.0,0.005,0.256,0.261
17.853700711,1.0,0.0,800.0,0.5,800.0,0.0,-0.005,0.304,0.299,780.0,20.0,0.195,0.256,0.451
17.867910129,1.0,0.0,800.0,0.5,800.0,0.0,-0.005,0.304,0.299,820.0,-20.0,-0.1864190460000009,0.256,0.06958095399999911
17.887084589,1.0,0.0,800.0,0.5,800.0,0.0,-0.005,0.304,0.299,800.0,0.0,0.0035809539999991104,0.256,0.25958095399999914
17.900358049,1.0,0.0,800.0,0.5,800.0,0.0,-0.005,0.304,0.299,800.0,0.0,0.0035809539999991104,0.256,0.25958095399999914
17.912626425,1.0,0.0,800.0,0.5,800.0,0.0,-0.005,0.304,0.299,800.0,0.0,0.0035809539999991104,0.256,0.25958095399999914
17.930642094,1.0,0.0,800.0,0.5,800.0,0.0,-0.005,0.304,0.299,800.0,0.0,0.0035809539999991104,0.256,0.25958095399999914
17.945410928,1.0,0.0,800.0,0.5,800.0,0.0,-0.005,0.304,0.299,820.0,-20.0,-0.18768642530000137,0.256,0.06831357469999863
17.972423056,1.0,0.0,800.0,0.5,800.0,0.0,-0.005,0.304,0.299,800.0,0.0,0.0023135746999986394,0.256,0.25831357469999866
17.996607475,1.0,0.0,800.0,0.5,800.0,0.0,-0.005,0.304,0.299,800.0,0.0,0.0023135746999986394,0.256,0.25831357469999866
18.018159894,1.0,0.0,800.0,0.5,780.0,20.0,0.1872656377000004,0.304,0.4912656377000004,800.0,0.0,0.0023135746999986394,0.256,0.25831357469999866
18.032590395,1.0,0.0,800.0,0.5,780.0,20.0,0.18883920870000054,0.304,0.49283920870000053,800.0,0.0,0.0023135746999986394,0.256,0.25831357469999866
18.051699522,1.0,0.0,800.0,0.5,780.0,20.0,0.19072824639999966,0.304,0.4947282463999997,800.0,0.0,0.0023135746999986394,0.256,0.25831357469999866
18.063639482,1.0,0.0,800.0,0.5,820.0,-20.0,-0.19048768289999998,0.304,0.11351231710000001,800.0,0.0,0.0023135746999986394,0.256,0.25831357469999866
18.078290775,1.0,0.0,800.0,0.5,820.0,-20.0,-0.19194199140000137,0.304,0.11205800859999862,800.0,0.0,0.0023135746999986394,0.256,0.25831357469999866
18.102406653,1.0,0.0,800.0,0.5,820.0,-20.0,-0.19436635410000178,0.304,0.10963364589999822,800.0,0.0,0.0023135746999986394,0.256,0.25831357469999866
18.117210779,1.0,0.0,800.0,0.5,800.0,0.0,-0.004366354100001786,0.304,0.2996336458999982,800.0,0.0,0.0023135746999986394,0.256,0.25831357469999866
18.147415782,1.0,0.0,800.0,0.5,800.0,0.0,-0.004366354100001786,0.304,0.2996336458999982,800.0,0.0,0.0023135746999986394,0.256,0.25831357469999866
18.171362784,1.0,0.0,800.0,0.5,800.0,0.0,-0.004366354100001786,0.304,0.2996336458999982,780.0,20.0,0.1941657748999984,0.256,0.4501657748999984
18.192222495,1.0,0.0,800.0,0.5,800.0,0.0,-0.004366354100001786,0.304,0.2996336458999982,800.0,0.0,0.004165774899998383,0.256,0.26016577489999837
18.208144872,1.0,0.0,800.0,0.5,800.0,0.0,-0.004366354100001786,0.304,0.2996336458999982,800.0,0.0,0.004165774899998383,0.256,0.26016577489999837
18.227218707,1.0,0.0,800.0,0.5,800.0,0.0,-0.004366354100001786,0.304,0.2996336458999982,820.0,-20.0,-0.18753939620000096,0.256,0.06846060379999905
18.249854084,1.0,0.0,800.0,0.5,800.0,0.0,-0.004366354100001786,0.304,0.2996336458999982,800.0,0.0,0.002460603799999035,0.256,0.258460603799999
18.260706127,1.0,0.0,800.0,0.5,800.0,0.0,-0.004366354100001786,0.304,0.2996336458999982,800.0,0.0,0.002460603799999035,0.256,0.258460603799999
18.281551254,1.0,0.0,800.0,0.5,800.0,0.0,-0.004366354100001786,0.304,0.2996336458999982,800.0,0.0,0.002460603799999035,0.256,0.258460603799999
18.293060422,1.0,0.0,800.0,0.5,800.0,0.0,-0.004366354100001786,0.304,0.2996336458999982,800.0,0.0,0.002460603799999035,0.256,0.258460603799999
18.307118173,1.0,0.0,800.0,0.5,800.0,0.0,-0.004366354100001786,0.304,0.2996336458999982,800.0,0.0,0.002460603799999035,0.256,0.258460603799999
18.323385883,1.0,0.0,800.0,0.5,800.0,0.0,-0.004366354100001786,0.304,0.2996336458999982,800.0,0.0,0.002460603799999035,0.256,0.258460603799999
18.336061718,1.0,0.0,800.0,0.5,800.0,0.0,-0.004366354100001786,0.304,0.2996336458999982,800.0,0.0,0.002460603799999035,0.256,0.258460603799999
18.354100136,1.0,0.0,800.0,0.5,800.0,0.0,-0.004366354100001786,0.304,0.2996336458999982,800.0,0.0,0.002460603799999035,0.256,0.258460603799999
18.379504014,1.0,0.0,800.0,0.5,800.0,0.0,-0.004366354100001786,0.304,0.2996336458999982,800.0,0.0,0.002460603799999035,0.256,0.258460603799999
18.392636307,1.0,0.0,800.0,0.5,780.0,20.0,0.18683117099999777,0.304,0.49083117099999773,800.0,0.0,0.002460603799999035,0.256,0.258460603799999
18.412471684,1.0,0.0,800.0,0.5,780.0,20.0,0.18881421289999936,0.304,0.4928142128999994,800.0,0.0,0.002460603799999035,0.256,0.258460603799999
18.42634656,1.0,0.0,800.0,0.5,780.0,20.0,0.1902077379999986,0.304,0.4942077379999986,800.0,0.0,0.002460603799999035,0.256,0.258460603799999
18.452446938,0.0,0.0,800.0,0.5,820.0,-20.0,-0.19219892060000177,0.304,0.11180107939999823,780.0,20.0,0.1948672331999984,0.256,0.45086723319999844
18.473150315,1.0,0.0,800.0,0.5,820.0,-20.0,-0.19423877910000273,0.304,0.10976122089999726,800.0,0.0,0.004867233199998396,0.256,0.2608672331999984
18.507462568,1.0,0.0,800.0,0.5,800.0,0.0,-0.004238779100002717,0.304,0.2997612208999973,820.0,-20.0,-0.18822180880000075,0.256,0.06777819119999925
18.530638112,0.0,0.0,800.0,0.5,820.0,-20.0,-0.195,0.304,0.10899999999999999,780.0,20.0,0.19434520810000153,0.256,0.45034520810000156
18.547061572,1.0,0.0,800.0,0.5,820.0,-20.0,-0.195,0.304,0.10899999999999999,800.0,0.0,0.004345208100001515,0.256,0.2603452081000015
18.570672575,1.0,0.0,800.0,0.5,800.0,0.0,-0.005,0.304,0.299,800.0,0.0,0.004345208100001515,0.256,0.2603452081000015
18.582991117,1.0,0.0,800.0,0.5,800.0,0.0,-0.005,0.304,0.299,800.0,0.0,0.004345208100001515,0.256,0.2603452081000015
18.603339828,1.0,0.0,800.0,0.5,800.0,0.0,-0.005,0.304,0.299,800.0,0.0,0.004345208100001515,0.256,0.2603452081000015
18.625391872,1.0,0.0,800.0,0.5,800.0,0.0,-0.005,0.304,0.299,800.0,0.0,0.004345208100001515,0.256,0.2603452081000015
18.659880584,0.0,0.0,800.0,0.5,820.0,-20.0,-0.195,0.304,0.10899999999999999,780.0,20.0,0.195,0.256,0.451
18.679244044,1.0,0.0,800.0,0.5,820.0,-20.0,-0.195,0.304,0.10899999999999999,820.0,-20.0,-0.1868970586000023,0.256,0.0691029413999977
18.708923463,1.0,0.0,800.0,0.5,800.0,0.0,-0.005,0.304,0.299,800.0,0.0,0.0031029413999976896,0.256,0.2591029413999977
18.732272841,1.0,0.0,800.0,0.5,800.0,0.0,-0.005,0.304,0.299,780.0,20.0,0.195,0.256,0.451
18.746450759,1.0,0.0,800.0,0.5,800.0,0.0,-0.005,0.304,0.299,800.0,0.0,0.005,0.256,0.261
18.769847095,1.0,0.0,800.0,0.5,780.0,20.0,0.18735410019999735,0.304,0.49135410019999737,800.0,0.0,0.005,0.256,0.261
18.783293513,1.0,0.0,800.0,0.5,800.0,0.0,-0.0026458998000026667,0.304,0.3013541001999973,800.0,0.0,0.005,0.256,0.261
18.803504556,1.0,0.0,800.0,0.5,800.0,0.0,-0.0026458998000026667,0.304,0.3013541001999973,800.0,0.0,0.005,0.256,0.261
18.816273433,1.0,0.0,800.0,0.5,820.0,-20.0,-0.19377147070000375,0.304,0.11022852929999624,800.0,0.0,0.005,0.256,0.261
18.838365143,1.0,0.0,800.0,0.5,780.0,20.0,0.18844324209999627,0.304,0.49244324209999624,800.0,0.0,0.005,0.256,0.261
18.864805896,1.0,0.0,800.0,0.5,780.0,20.0,0.19090038809999668,0.304,0.4949003880999967,780.0,20.0,0.195,0.256,0.451
18.884788856,1.0,0.0,800.0,0.5,800.0,0.0,9.003880999966895E-4,0.304,0.3049003880999967,780.0,20.0,0.195,0.256,0.451
18.900458358,1.0,0.0,800.0,0.5,820.0,-20.0,-0.19040140780000286,0.304,0.11359859219999713,800.0,0.0,0.005,0.256,0.261
18.917090943,1.0,0.0,800.0,0.5,820.0,-20.0,-0.19225410380000313,0.304,0.11174589619999686,800.0,0.0,0.005,0.256,0.261
18.934676694,1.0,0.0,800.0,0.5,820.0,-20.0,-0.19409192490000293,0.304,0.10990807509999706,800.0,0.0,0.005,0.256,0.261
18.949129654,1.0,0.0,800.0,0.5,800.0,0.0,-0.004091924900002937,0.304,0.29990807509999706,800.0,0.0,0.005,0.256,0.261
18.965047364,1.0,0.0,800.0,0.5,800.0,0.0,-0.004091924900002937,0.304,0.29990807509999706,800.0,0.0,0.005,0.256,0.261
18.976840032,1.0,0.0,800.0,0.5,800.0,0.0,-0.004091924900002937,0.304,0.29990807509999706,800.0,0.0,0.005,0.256,0.261
18.988021367,1.0,0.0,800.0,0.5,800.0,0.0,-0.004091924900002937,0.304,0.29990807509999706,800.0,0.0,0.005,0.256,0.261
19.016710869,1.0,0.0,800.0,0.5,800.0,0.0,-0.004091924900002937,0.304,0.29990807509999706,800.0,0.0,0.005,0.256,0.261
19.032950871,1.0,0.0,800.0,0.5,800.0,0.0,-0.004091924900002937,0.304,0.29990807509999706,800.0,0.0,0.005,0.256,0.261
19.053525623,1.0,0.0,800.0,0.5,800.0,0.0,-0.004091924900002937,0.304,0.29990807509999706,800.0,0.0,0.005,0.256,0.261
19.06926425,1.0,0.0,800.0,0.5,780.0,20.0,0.18724825439999562,0.304,0.49124825439999564,800.0,0.0,0.005,0.256,0.261
19.089998252,1.0,0.0,800.0,0.5,780.0,20.0,0.18941819629999715,0.304,0.49341819629999717,800.0,0.0,0.005,0.256,0.261
19.103150961,1.0,0.0,800.0,0.5,780.0,20.0,0.19070042149999494,0.304,0.49470042149999494,800.0,0.0,0.005,0.256,0.261
19.120581838,1.0,0.0,800.0,0.5,800.0,0.0,7.004214999949454E-4,0.304,0.30470042149999493,800.0,0.0,0.005,0.256,0.261
19.133348964,1.0,0.0,800.0,0.5,800.0,0.0,7.004214999949454E-4,0.304,0.30470042149999493,800.0,0.0,0.005,0.256,0.261
19.145483466,1.0,0.0,800.0,0.5,800.0,0.0,7.004214999949454E-4,0.304,0.30470042149999493,800.0,0.0,0.005,0.256,0.261
19.167183468,1.0,0.0,800.0,0.5,800.0,0.0,7.004214999949454E-4,0.304,0.30470042149999493,800.0,0.0,0.005,0.256,0.261
19.179035344,1.0,0.0,800.0,0.5,820.0,-20.0,-0.19036964530000489,0.304,0.1136303546999951,800.0,0.0,0.005,0.256,0.261
19.192237929,1.0,0.0,800.0,0.5,820.0,-20.0,-0.1916676496000048,0.304,0.1123323503999952,800.0,0.0,0.005,0.256,0.261
19.219835723,0.0,0.0,800.0,0.5,820.0,-20.0,-0.1939980665000047,0.304,0.11000193349999529,780.0,20.0,0.195,0.256,0.451
19.237316183,1.0,0.0,800.0,0.5,800.0,0.0,-0.003998066500004711,0.304,0.30000193349999527,800.0,0.0,0.005,0.256,0.261
19.252439976,1.0,0.0,800.0,0.5,800.0,0.0,-0.003998066500004711,0.304,0.30000193349999527,800.0,0.0,0.005,0.256,0.261
19.265475728,1.0,0.0,800.0,0.5,800.0,0.0,-0.003998066500004711,0.304,0.30000193349999527,800.0,0.0,0.005,0.256,0.261
19.279215562,1.0,0.0,800.0,0.5,820.0,-20.0,-0.195,0.304,0.10899999999999999,800.0,0.0,0.005,0.256,0.261
19.294259147,1.0,0.0,800.0,0.5,800.0,0.0,-0.005,0.304,0.299,780.0,20.0,0.195,0.256,0.451
19.309520607,1.0,0.0,800.0,0.5,800.0,0.0,-0.005,0.304,0.299,800.0,0.0,0.005,0.256,0.261
19.332700526,1.0,0.0,800.0,0.5,800.0,0.0,-0.005,0.304,0.299,780.0,20.0,0.195,0.256,0.451
19.346386694,1.0,0.0,800.0,0.5,800.0,0.0,-0.005,0.304,0.299,800.0,0.0,0.005,0.256,0.261
19.365510113,1.0,0.0,800.0,0.5,800.0,0.0,-0.005,0.304,0.299,780.0,20.0,0.195,0.256,0.451
19.378112156,1.0,0.0,800.0,0.5,800.0,0.0,-0.005,0.304,0.299,800.0,0.0,0.005,0.256,0.261
19.402320783,1.0,0.0,800.0,0.5,780.0,20.0,0.18727473770000017,0.304,0.4912747377000002,780.0,20.0,0.195,0.256,0.451
19.42312391,1.0,0.0,800.0,0.5,780.0,20.0,0.18918591290000167,0.304,0.4931859129000017,800.0,0.0,0.005,0.256,0.261
19.441570662,1.0,0.0,800.0,0.5,780.0,20.0,0.1914312215000001,0.304,0.4954312215000001,800.0,0.0,0.005,0.256,0.261
19.454582205,1.0,0.0,800.0,0.5,820.0,-20.0,-0.18986701609999954,0.304,0.11413298390000046,800.0,0.0,0.005,0.256,0.261
19.466496498,1.0,0.0,800.0,0.5,820.0,-20.0,-0.19106051620000072,0.304,0.11293948379999927,800.0,0.0,0.005,0.256,0.261
19.4837165,1.0,0.0,800.0,0.5,820.0,-20.0,-0.1927806788999999,0.304,0.1112193211000001,800.0,0.0,0.005,0.256,0.261
19.501238376,1.0,0.0,800.0,0.5,820.0,-20.0,-0.19420532490000084,0.304,0.10979467509999916,800.0,0.0,0.005,0.256,0.261
19.53215213,1.0,0.0,800.0,0.5,800.0,0.0,-0.004205324900000846,0.304,0.29979467509999913,800.0,0.0,0.005,0.256,0.261
19.549925131,1.0,0.0,800.0,0.5,800.0,0.0,-0.004205324900000846,0.304,0.29979467509999913,800.0,0.0,0.005,0.256,0.261
19.565973508,1.0,0.0,800.0,0.5,800.0,0.0,-0.004205324900000846,0.304,0.29979467509999913,800.0,0.0,0.005,0.256,0.261
19.579183676,1.0,0.0,800.0,0.5,800.0,0.0,-0.004205324900000846,0.304,0.29979467509999913,800.0,0.0,0.005,0.256,0.261
19.611642971,1.0,0.0,800.0,0.5,820.0,-20.0,-0.195,0.304,0.10899999999999999,800.0,0.0,0.005,0.256,0.261
19.625318347,1.0,0.0,800.0,0.5,820.0,-20.0,-0.195,0.304,0.10899999999999999,800.0,0.0,0.005,0.256,0.261
19.646587266,1.0,0.0,800.0,0.5,800.0,0.0,-0.005,0.304,0.299,800.0,0.0,0.005,0.256,0.261
19.658621726,1.0,0.0,800.0,0.5,800.0,0.0,-0.005,0.304,0.299,800.0,0.0,0.005,0.256,0.261
19.679706894,1.0,0.0,800.0,0.5,800.0,0.0,-0.005,0.304,0.299,800.0,0.0,0.005,0.256,0.261
19.694186979,1.0,0.0,800.0,0.5,800.0,0.0,-0.005,0.304,0.299,800.0,0.0,0.005,0.256,0.261
19.709666606,1.0,0.0,800.0,0.5,800.0,0.0,-0.005,0.304,0.299,780.0,20.0,0.195,0.256,0.451
19.729214983,1.0,0.0,800.0,0.5,800.0,0.0,-0.005,0.304,0.299,800.0,0.0,0.005,0.256,0.261
19.742885692,1.0,0.0,800.0,0.5,800.0,0.0,-0.005,0.304,0.299,780.0,20.0,0.195,0.256,0.451
19.758326236,1.0,0.0,800.0,0.5,800.0,0.0,-0.005,0.304,0.299,800.0,0.0,0.005,0.256,0.261
19.776057237,1.0,0.0,800.0,0.5,800.0,0.0,-0.005,0.304,0.299,780.0,20.0,0.195,0.256,0.451
19.798064073,1.0,0.0,800.0,0.5,800.0,0.0,-0.005,0.304,0.299,800.0,0.0,0.005,0.256,0.261
19.820724825,1.0,0.0,800.0,0.5,800.0,0.0,-0.005,0.304,0.299,780.0,20.0,0.195,0.256,0.451
19.833855076,1.0,0.0,800.0,0.5,800.0,0.0,-0.005,0.304,0.299,820.0,-20.0,-0.18641335849999963,0.256,0.06958664150000038
19.863543538,1.0,0.0,800.0,0.5,800.0,0.0,-0.005,0.304,0.299,820.0,-20.0,-0.18936307129999988,0.256,0.06663692870000013
19.881143873,1.0,0.0,800.0,0.5,800.0,0.0,-0.005,0.304,0.299,820.0,-20.0,-0.1911211797999988,0.256,0.06487882020000121
19.898789125,1.0,0.0,800.0,0.5,800.0,0.0,-0.005,0.304,0.299,800.0,0.0,-0.0011211797999987993,0.256,0.2548788202000012
19.909828126,1.0,0.0,800.0,0.5,800.0,0.0,-0.005,0.304,0.299,800.0,0.0,-0.0011211797999987993,0.256,0.2548788202000012
19.924515002,1.0,0.0,800.0,0.5,800.0,0.0,-0.005,0.304,0.299,800.0,0.0,-0.0011211797999987993,0.256,0.2548788202000012
19.935457753,1.0,0.0,800.0,0.5,800.0,0.0,-0.005,0.304,0.299,800.0,0.0,-0.0011211797999987993,0.256,0.2548788202000012
19.949924422,1.0,0.0,800.0,0.5,800.0,0.0,-0.005,0.304,0.299,800.0,0.0,-0.0011211797999987993,0.256,0.2548788202000012
19.962424673,1.0,0.0,800.0,0.5,800.0,0.0,-0.005,0.304,0.299,800.0,0.0,-0.0011211797999987993,0.256,0.2548788202000012
19.981344508,1.0,0.0,800.0,0.5,800.0,0.0,-0.005,0.304,0.299,800.0,0.0,-0.0011211797999987993,0.256,0.2548788202000012
19.993623093,1.0,0.0,800.0,0.5,800.0,0.0,-0.005,0.304,0.299,800.0,0.0,-0.0011211797999987993,0.256,0.2548788202000012
20.006103219,1.0,0.0,800.0,0.5,800.0,0.0,-0.005,0.304,0.299,800.0,0.0,-0.0011211797999987993,0.256,0.2548788202000012
20.025877637,1.0,0.0,800.0,0.5,800.0,0.0,-0.005,0.304,0.299,800.0,0.0,-0.0011211797999987993,0.256,0.2548788202000012
20.043313764,1.0,0.0,800.0,0.5,800.0,0.0,-0.005,0.304,0.299,820.0,-20.0,-0.19231304660000093,0.256,0.06368695339999908
20.058275099,1.0,0.0,800.0,0.5,800.0,0.0,-0.005,0.304,0.299,800.0,0.0,-0.0023130466000009166,0.256,0.2536869533999991
20.073138726,1.0,0.0,800.0,0.5,800.0,0.0,-0.005,0.304,0.299,800.0,0.0,-0.0023130466000009166,0.256,0.2536869533999991
20.086459727,1.0,0.0,800.0,0.5,800.0,0.0,-0.005,0.304,0.299,780.0,20.0,0.18880844099999877,0.256,0.4448084409999988
20.100953812,1.0,0.0,800.0,0.5,800.0,0.0,-0.005,0.304,0.299,820.0,-20.0,-0.19252602170000216,0.256,0.06347397829999785
20.115597813,1.0,0.0,800.0,0.5,800.0,0.0,-0.005,0.304,0.299,800.0,0.0,-0.002526021700002161,0.256,0.25347397829999785
20.127459023,1.0,0.0,800.0,0.5,800.0,0.0,-0.005,0.304,0.299,800.0,0.0,-0.002526021700002161,0.256,0.25347397829999785
20.149386817,1.0,0.0,800.0,0.5,800.0,0.0,-0.005,0.304,0.299,800.0,0.0,-0.002526021700002161,0.256,0.25347397829999785
20.17171186,1.0,0.0,800.0,0.5,800.0,0.0,-0.005,0.304,0.299,800.0,0.0,-0.002526021700002161,0.256,0.25347397829999785
20.193110863,1.0,0.0,800.0,0.5,780.0,20.0,0.1868309085999988,0.304,0.4908309085999988,780.0,20.0,0.18930491599999869,0.256,0.44530491599999866
20.216271532,1.0,0.0,800.0,0.5,800.0,0.0,-0.0031690914000012073,0.304,0.3008309085999988,820.0,-20.0,-0.1929819843000024,0.256,0.0630180156999976
20.23345245,1.0,0.0,800.0,0.5,800.0,0.0,-0.0031690914000012073,0.304,0.3008309085999988,820.0,-20.0,-0.19451597610000193,0.256,0.061484023899998075
20.252391827,1.0,0.0,800.0,0.5,800.0,0.0,-0.0031690914000012073,0.304,0.3008309085999988,800.0,0.0,-0.004515976100001921,0.256,0.2514840238999981
20.26562037,1.0,0.0,800.0,0.5,800.0,0.0,-0.0031690914000012073,0.304,0.3008309085999988,780.0,20.0,0.1867981281999971,0.256,0.4427981281999971
20.283659663,1.0,0.0,800.0,0.5,800.0,0.0,-0.0031690914000012073,0.304,0.3008309085999988,800.0,0.0,-0.0032018718000028914,0.256,0.25279812819999714
20.295945248,1.0,0.0,800.0,0.5,800.0,0.0,-0.0031690914000012073,0.304,0.3008309085999988,800.0,0.0,-0.0032018718000028914,0.256,0.25279812819999714
20.308583458,1.0,0.0,800.0,0.5,800.0,0.0,-0.0031690914000012073,0.304,0.3008309085999988,800.0,0.0,-0.0032018718000028914,0.256,0.25279812819999714
20.325182209,1.0,0.0,800.0,0.5,800.0,0.0,-0.0031690914000012073,0.304,0.3008309085999988,800.0,0.0,-0.0032018718000028914,0.256,0.25279812819999714
20.345509628,1.0,0.0,800.0,0.5,800.0,0.0,-0.0031690914000012073,0.304,0.3008309085999988,800.0,0.0,-0.0032018718000028914,0.256,0.25279812819999714
20.367443547,1.0,0.0,800.0,0.5,800.0,0.0,-0.0031690914000012073,0.304,0.3008309085999988,800.0,0.0,-0.0032018718000028914,0.256,0.25279812819999714
20.381987798,1.0,0.0,800.0,0.5,800.0,0.0,-0.0031690914000012073,0.304,0.3008309085999988,800.0,0.0,-0.0032018718000028914,0.256,0.25279812819999714
20.398553008,1.0,0.0,800.0,0.5,780.0,20.0,0.18821609209999848,0.304,0.4922160920999985,800.0,0.0,-0.0032018718000028914,0.256,0.25279812819999714
20.41517451,1.0,0.0,800.0,0.5,780.0,20.0,0.19003259229999742,0.304,0.4940325922999974,800.0,0.0,-0.0032018718000028914,0.256,0.25279812819999714
20.432243428,1.0,0.0,800.0,0.5,780.0,20.0,0.19171801739999864,0.304,0.49571801739999866,800.0,0.0,-0.0032018718000028914,0.256,0.25279812819999714
20.444466013,1.0,0.0,800.0,0.5,800.0,0.0,0.0017180173999986437,0.304,0.30571801739999865,800.0,0.0,-0.0032018718000028914,0.256,0.25279812819999714
20.457058431,1.0,0.0,800.0,0.5,800.0,0.0,0.0017180173999986437,0.304,0.30571801739999865,800.0,0.0,-0.0032018718000028914,0.256,0.25279812819999714
20.470738182,1.0,0.0,800.0,0.5,800.0,0.0,0.0017180173999986437,0.304,0.30571801739999865,780.0,20.0,0.18793542419999595,0.256,0.443935424199996
20.490397101,1.0,0.0,800.0,0.5,780.0,20.0,0.1935867258999997,0.304,0.4975867258999997,800.0,0.0,-0.002064575800004036,0.256,0.253935424199996
20.509351936,0.0,0.0,800.0,0.5,820.0,-20.0,-0.18831733269999915,0.304,0.11568266730000085,780.0,20.0,0.18983948279999766,0.256,0.44583948279999763
20.538748147,0.0,0.0,800.0,0.5,820.0,-20.0,-0.1912588495999995,0.304,0.11274115040000049,780.0,20.0,0.19278105809999715,0.256,0.44878105809999713
20.559977108,1.0,0.0,800.0,0.5,800.0,0.0,-0.0012588495999995076,0.304,0.3027411504000005,780.0,20.0,0.19457515819999685,0.256,0.45057515819999683
20.574878651,1.0,0.0,800.0,0.5,800.0,0.0,-0.0012588495999995076,0.304,0.3027411504000005,800.0,0.0,0.004575158199996849,0.256,0.2605751581999969
20.586594027,1.0,0.0,800.0,0.5,800.0,0.0,-0.0012588495999995076,0.304,0.3027411504000005,800.0,0.0,0.004575158199996849,0.256,0.2605751581999969
20.602980154,1.0,0.0,800.0,0.5,800.0,0.0,-0.0012588495999995076,0.304,0.3027411504000005,800.0,0.0,0.004575158199996849,0.256,0.2605751581999969
20.614088863,1.0,0.0,800.0,0.5,800.0,0.0,-0.0012588495999995076,0.304,0.3027411504000005,800.0,0.0,0.004575158199996849,0.256,0.2605751581999969
20.630264115,1.0,0.0,800.0,0.5,800.0,0.0,-0.0012588495999995076,0.304,0.3027411504000005,800.0,0.0,0.004575158199996849,0.256,0.2605751581999969
20.646767491,1.0,0.0,800.0,0.5,800.0,0.0,-0.0012588495999995076,0.304,0.3027411504000005,800.0,0.0,0.004575158199996849,0.256,0.2605751581999969
20.659055118,1.0,0.0,800.0,0.5,800.0,0.0,-0.0012588495999995076,0.304,0.3027411504000005,800.0,0.0,0.004575158199996849,0.256,0.2605751581999969
20.671735911,1.0,0.0,800.0,0.5,800.0,0.0,-0.0012588495999995076,0.304,0.3027411504000005,800.0,0.0,0.004575158199996849,0.256,0.2605751581999969
20.696997455,1.0,0.0,800.0,0.5,800.0,0.0,-0.0012588495999995076,0.304,0.3027411504000005,800.0,0.0,0.004575158199996849,0.256,0.2605751581999969
20.720457374,1.0,0.0,800.0,0.5,800.0,0.0,-0.0012588495999995076,0.304,0.3027411504000005,800.0,0.0,0.004575158199996849,0.256,0.2605751581999969
20.739186751,1.0,0.0,800.0,0.5,800.0,0.0,-0.0012588495999995076,0.304,0.3027411504000005,800.0,0.0,0.004575158199996849,0.256,0.2605751581999969
20.753196669,1.0,0.0,800.0,0.5,800.0,0.0,-0.0012588495999995076,0.304,0.3027411504000005,800.0,0.0,0.004575158199996849,0.256,0.2605751581999969
20.768294212,1.0,0.0,800.0,0.5,800.0,0.0,-0.0012588495999995076,0.304,0.3027411504000005,800.0,0.0,0.004575158199996849,0.256,0.2605751581999969
20.783825464,1.0,0.0,800.0,0.5,780.0,20.0,0.19006925470000113,0.304,0.4940692547000011,800.0,0.0,0.004575158199996849,0.256,0.2605751581999969
20.79691284,1.0,0.0,800.0,0.5,780.0,20.0,0.19146584229999974,0.304,0.49546584229999974,800.0,0.0,0.004575158199996849,0.256,0.2605751581999969
20.809443133,1.0,0.0,800.0,0.5,780.0,20.0,0.19273867580000173,0.304,0.49673867580000175,800.0,0.0,0.004575158199996849,0.256,0.2605751581999969
20.821512009,1.0,0.0,800.0,0.5,780.0,20.0,0.19394363840000098,0.304,0.497943638400001,800.0,0.0,0.004575158199996849,0.256,0.2605751581999969
20.839627428,1.0,0.0,800.0,0.5,800.0,0.0,0.003943638400000964,0.304,0.30794363840000094,800.0,0.0,0.004575158199996849,0.256,0.2605751581999969
20.854621429,1.0,0.0,800.0,0.5,800.0,0.0,0.003943638400000964,0.304,0.30794363840000094,780.0,20.0,0.195,0.256,0.451
20.876435181,1.0,0.0,800.0,0.5,820.0,-20.0,-0.18821282839999867,0.304,0.11578717160000132,800.0,0.0,0.005,0.256,0.261
20.910635143,1.0,0.0,800.0,0.5,800.0,0.0,0.0017871716000013294,0.304,0.3057871716000013,800.0,0.0,0.005,0.256,0.261
20.930488312,1.0,0.0,800.0,0.5,800.0,0.0,0.0017871716000013294,0.304,0.3057871716000013,780.0,20.0,0.195,0.256,0.451
20.944716105,0.0,0.0,800.0,0.5,820.0,-20.0,-0.1897122285000006,0.304,0.11428777149999939,780.0,20.0,0.195,0.256,0.451
20.963468232,1.0,0.0,800.0,0.5,820.0,-20.0,-0.19140054120000058,0.304,0.11259945879999941,800.0,0.0,0.005,0.256,0.261
20.9818269,1.0,0.0,800.0,0.5,820.0,-20.0,-0.19325909969999885,0.304,0.11074090030000114,800.0,0.0,0.005,0.256,0.261
20.997349985,1.0,0.0,800.0,0.5,800.0,0.0,-0.003259099699998842,0.304,0.30074090030000117,780.0,20.0,0.195,0.256,0.451
21.016960195,1.0,0.0,800.0,0.5,800.0,0.0,-0.003259099699998842,0.304,0.30074090030000117,800.0,0.0,0.005,0.256,0.261
21.037524156,1.0,0.0,800.0,0.5,800.0,0.0,-0.003259099699998842,0.304,0.30074090030000117,800.0,0.0,0.005,0.256,0.261
21.063325867,1.0,0.0,800.0,0.5,800.0,0.0,-0.003259099699998842,0.304,0.30074090030000117,800.0,0.0,0.005,0.256,0.261
21.083380869,1.0,0.0,800.0,0.5,800.0,0.0,-0.003259099699998842,0.304,0.30074090030000117,800.0,0.0,0.005,0.256,0.261
21.095101787,1.0,0.0,800.0,0.5,800.0,0.0,-0.003259099699998842,0.304,0.30074090030000117,800.0,0.0,0.005,0.256,0.261
21.129997373,0.0,0.0,760.0,0.95,800.0,-40.0,-0.385,0.2888,-0.09620000000000001,800.0,-40.0,-0.38126290080000447,0.24320000000000003,-0.13806290080000444
21.151102084,0.0,0.0,760.0,0.95,780.0,-20.0,-0.195,0.2888,0.0938,800.0,-40.0,-0.385,0.24320000000000003,-0.14179999999999998
21.175440211,1.0,0.0,760.0,0.95,780.0,-20.0,-0.195,0.2888,0.0938,780.0,-20.0,-0.195,0.24320000000000003,0.04820000000000002
21.187277504,1.0,0.0,760.0,0.95,780.0,-20.0,-0.195,0.2888,0.0938,780.0,-20.0,-0.195,0.24320000000000003,0.04820000000000002
21.209233881,1.0,0.0,760.0,0.95,780.0,-20.0,-0.195,0.2888,0.0938,760.0,0.0,-0.005,0.24320000000000003,0.23820000000000002
21.219866882,1.0,0.0,760.0,0.95,780.0,-20.0,-0.195,0.2888,0.0938,760.0,0.0,-0.005,0.24320000000000003,0.23820000000000002
21.233582509,1.0,0.0,760.0,0.95,780.0,-20.0,-0.195,0.2888,0.0938,760.0,0.0,-0.005,0.24320000000000003,0.23820000000000002
21.255584094,1.0,0.0,760.0,0.95,780.0,-20.0,-0.195,0.2888,0.0938,760.0,0.0,-0.005,0.24320000000000003,0.23820000000000002
21.278630138,0.0,0.0,760.0,0.95,780.0,-20.0,-0.195,0.2888,0.0938,740.0,20.0,0.18708258770000213,0.24320000000000003,0.43028258770000216
21.299188849,1.0,0.0,760.0,0.95,760.0,0.0,-0.005,0.2888,0.2838,760.0,0.0,-0.0029174122999978637,0.24320000000000003,0.24028258770000216
21.312998683,1.0,0.0,760.0,0.95,780.0,-20.0,-0.195,0.2888,0.0938,760.0,0.0,-0.0029174122999978637,0.24320000000000003,0.24028258770000216
21.346572437,0.0,0.0,800.0,0.5,760.0,40.0,0.3813037339999994,0.304,0.6853037339999994,760.0,40.0,0.38338643830000196,0.256,0.639386438300002
21.370436022,0.0,0.0,800.0,0.5,760.0,40.0,0.385,0.304,0.6890000000000001,740.0,60.0,0.575,0.256,0.831
21.385325607,0.0,0.0,800.0,0.5,780.0,20.0,0.195,0.304,0.499,760.0,40.0,0.385,0.256,0.641
21.407559651,0.0,0.0,800.0,0.5,800.0,0.0,0.005,0.304,0.309,760.0,40.0,0.385,0.256,0.641
21.427701862,1.0,0.0,800.0,0.5,800.0,0.0,0.005,0.304,0.309,780.0,20.0,0.195,0.256,0.451
21.445511613,1.0,0.0,800.0,0.5,800.0,0.0,0.005,0.304,0.309,800.0,0.0,0.005,0.256,0.261
21.459303948,1.0,0.0,800.0,0.5,800.0,0.0,0.005,0.304,0.309,820.0,-20.0,-0.18637115429999995,0.256,0.06962884570000005
21.474761116,1.0,0.0,800.0,0.5,800.0,0.0,0.005,0.304,0.309,800.0,0.0,0.0036288457000000565,0.256,0.25962884570000005
21.495376118,1.0,0.0,800.0,0.5,800.0,0.0,0.005,0.304,0.309,800.0,0.0,0.0036288457000000565,0.256,0.25962884570000005
21.50702937,1.0,0.0,800.0,0.5,800.0,0.0,0.005,0.304,0.309,800.0,0.0,0.0036288457000000565,0.256,0.25962884570000005
21.522170663,1.0,0.0,800.0,0.5,800.0,0.0,0.005,0.304,0.309,820.0,-20.0,-0.18765253359999917,0.256,0.06834746640000083
21.555080583,0.0,0.0,740.0,0.95,800.0,-60.0,-0.5745811633000039,0.2812,-0.29338116330000386,800.0,-60.0,-0.575,0.2368,-0.33819999999999995
21.585676419,0.0,0.0,740.0,0.95,780.0,-40.0,-0.385,0.2812,-0.1038,800.0,-60.0,-0.575,0.2368,-0.33819999999999995
21.600080379,0.0,0.0,740.0,0.95,780.0,-40.0,-0.385,0.2812,-0.1038,780.0,-40.0,-0.385,0.2368,-0.1482
21.621766964,1.0,0.0,740.0,0.95,760.0,-20.0,-0.195,0.2812,0.0862,760.0,-20.0,-0.195,0.2368,0.041800000000000004
21.638537799,1.0,0.0,740.0,0.95,740.0,0.0,-0.005,0.2812,0.2762,740.0,0.0,-0.005,0.2368,0.2318
21.655849676,1.0,0.0,740.0,0.95,740.0,0.0,-0.005,0.2812,0.2762,720.0,20.0,0.18689930440000127,0.2368,0.42369930440000125
21.673480928,1.0,0.0,740.0,0.95,720.0,20.0,0.1866476542999982,0.2812,0.4678476542999982,720.0,20.0,0.1885469295000013,0.2368,0.4253469295000013
21.692324638,1.0,0.0,740.0,0.95,740.0,0.0,-0.00335234570000182,0.2812,0.2778476542999982,720.0,20.0,0.19040400060000082,0.2368,0.42720400060000085
21.707857931,1.0,0.0,740.0,0.95,740.0,0.0,-0.00335234570000182,0.2812,0.2778476542999982,720.0,20.0,0.19210389239999928,0.2368,0.42890389239999926
21.735409351,1.0,0.0,740.0,0.95,740.0,0.0,-0.00335234570000182,0.2812,0.2778476542999982,720.0,20.0,0.19485366769999984,0.2368,0.43165366769999985
21.749817394,1.0,0.0,740.0,0.95,740.0,0.0,-0.00335234570000182,0.2812,0.2778476542999982,720.0,20.0,0.195,0.2368,0.4318
21.788505231,1.0,0.0,740.0,0.95,720.0,20.0,0.19039352969999812,0.2812,0.4715935296999981,740.0,0.0,0.005,0.2368,0.24180000000000001
21.812869317,1.0,0.0,740.0,0.95,720.0,20.0,0.1929320215999985,0.2812,0.4741320215999985,740.0,0.0,0.005,0.2368,0.24180000000000001
21.828003902,1.0,0.0,740.0,0.95,740.0,0.0,0.0029320215999985065,0.2812,0.2841320215999985,740.0,0.0,0.005,0.2368,0.24180000000000001
21.858032447,1.0,0.0,740.0,0.95,760.0,-20.0,-0.18986681210000256,0.2812,0.09133318789999745,760.0,-20.0,-0.18779886280000027,0.2368,0.04900113719999974
21.87627649,1.0,0.0,740.0,0.95,760.0,-20.0,-0.19147824140000125,0.2812,0.08972175859999876,760.0,-20.0,-0.18941023369999982,0.2368,0.04738976630000019
21.909501993,1.0,0.0,740.0,0.95,740.0,0.0,-0.0014782414000012523,0.2812,0.27972175859999876,740.0,0.0,5.897663000001785E-4,0.2368,0.2373897663000002
21.942367288,1.0,0.0,740.0,0.95,740.0,0.0,-0.0014782414000012523,0.2812,0.27972175859999876,740.0,0.0,5.897663000001785E-4,0.2368,0.2373897663000002
21.976188375,1.0,0.0,740.0,0.95,760.0,-20.0,-0.194729158400001,0.2812,0.08647084159999902,740.0,0.0,5.897663000001785E-4,0.2368,0.2373897663000002
21.991691335,1.0,0.0,740.0,0.95,760.0,-20.0,-0.195,0.2812,0.0862,740.0,0.0,5.897663000001785E-4,0.2368,0.2373897663000002
22.015870504,1.0,0.0,740.0,0.95,760.0,-20.0,-0.195,0.2812,0.0862,740.0,0.0,5.897663000001785E-4,0.2368,0.2373897663000002
22.027311714,1.0,0.0,740.0,0.95,740.0,0.0,-0.005,0.2812,0.2762,740.0,0.0,5.897663000001785E-4,0.2368,0.2373897663000002
22.065472509,1.0,0.0,720.0,0.9,740.0,-20.0,-0.195,0.2736,0.0786,740.0,-20.0,-0.19303366739999944,0.23040000000000002,0.03736633260000058
22.090121553,1.0,0.0,720.0,0.9,740.0,-20.0,-0.195,0.2736,0.0786,740.0,-20.0,-0.195,0.23040000000000002,0.035400000000000015
22.110067472,1.0,0.0,720.0,0.9,740.0,-20.0,-0.195,0.2736,0.0786,740.0,-20.0,-0.195,0.23040000000000002,0.035400000000000015
22.131981849,1.0,0.0,720.0,0.9,740.0,-20.0,-0.195,0.2736,0.0786,740.0,-20.0,-0.195,0.23040000000000002,0.035400000000000015
22.153758851,0.0,0.0,720.0,0.9,740.0,-20.0,-0.195,0.2736,0.0786,760.0,-40.0,-0.385,0.23040000000000002,-0.1546
22.17512402,1.0,0.0,720.0,0.9,740.0,-20.0,-0.195,0.2736,0.0786,740.0,-20.0,-0.195,0.23040000000000002,0.035400000000000015
22.189370771,1.0,0.0,720.0,0.9,740.0,-20.0,-0.195,0.2736,0.0786,740.0,-20.0,-0.195,0.23040000000000002,0.035400000000000015
22.215491566,1.0,0.0,720.0,0.9,740.0,-20.0,-0.195,0.2736,0.0786,720.0,0.0,-0.005,0.23040000000000002,0.22540000000000002
22.228042859,1.0,0.0,720.0,0.9,740.0,-20.0,-0.195,0.2736,0.0786,720.0,0.0,-0.005,0.23040000000000002,0.22540000000000002
22.258022695,0.0,0.0,720.0,0.9,740.0,-20.0,-0.195,0.2736,0.0786,700.0,20.0,0.1877880127000003,0.23040000000000002,0.41818801270000033
22.279114572,1.0,0.0,720.0,0.9,720.0,0.0,-0.005,0.2736,0.2686,720.0,0.0,-0.0022119872999996916,0.23040000000000002,0.22818801270000033
22.315474618,1.0,0.0,720.0,0.9,720.0,0.0,-0.005,0.2736,0.2686,700.0,20.0,0.1915807881000012,0.23040000000000002,0.4219807881000012
22.33870937,1.0,0.0,720.0,0.9,720.0,0.0,-0.005,0.2736,0.2686,720.0,0.0,0.0015807881000012003,0.23040000000000002,0.23198078810000122
22.350766288,1.0,0.0,720.0,0.9,720.0,0.0,-0.005,0.2736,0.2686,720.0,0.0,0.0015807881000012003,0.23040000000000002,0.23198078810000122
22.375481832,1.0,0.0,720.0,0.9,700.0,20.0,0.18720362939999746,0.2736,0.46080362939999747,720.0,0.0,0.0015807881000012003,0.23040000000000002,0.23198078810000122
22.392223209,1.0,0.0,720.0,0.9,700.0,20.0,0.18890060449999793,0.2736,0.46250060449999797,720.0,0.0,0.0015807881000012003,0.23040000000000002,0.23198078810000122
22.410495835,1.0,0.0,720.0,0.9,720.0,0.0,-0.0010993955000020606,0.2736,0.27250060449999797,720.0,0.0,0.0015807881000012003,0.23040000000000002,0.23198078810000122
22.424626795,1.0,0.0,720.0,0.9,740.0,-20.0,-0.19255667900000162,0.2736,0.08104332099999839,720.0,0.0,0.0015807881000012003,0.23040000000000002,0.23198078810000122
22.444646214,1.0,0.0,720.0,0.9,740.0,-20.0,-0.1945242334000011,0.2736,0.0790757665999989,720.0,0.0,0.0015807881000012003,0.23040000000000002,0.23198078810000122
22.463237924,1.0,0.0,720.0,0.9,720.0,0.0,-0.004524233400001095,0.2736,0.26907576659999893,720.0,0.0,0.0015807881000012003,0.23040000000000002,0.23198078810000122
22.479917176,1.0,0.0,720.0,0.9,740.0,-20.0,-0.195,0.2736,0.0786,720.0,0.0,0.0015807881000012003,0.23040000000000002,0.23198078810000122
22.492252344,1.0,0.0,720.0,0.9,720.0,0.0,-0.005,0.2736,0.2686,720.0,0.0,0.0015807881000012003,0.23040000000000002,0.23198078810000122
22.513731554,1.0,0.0,720.0,0.9,740.0,-20.0,-0.195,0.2736,0.0786,720.0,0.0,0.0015807881000012003,0.23040000000000002,0.23198078810000122
22.527945931,1.0,0.0,720.0,0.9,720.0,0.0,-0.005,0.2736,0.2686,720.0,0.0,0.0015807881000012003,0.23040000000000002,0.23198078810000122
22.550103266,0.0,0.0,720.0,0.9,740.0,-20.0,-0.195,0.2736,0.0786,700.0,20.0,0.19337643410000055,0.23040000000000002,0.42377643410000054
22.585728311,1.0,0.0,720.0,0.9,720.0,0.0,-0.005,0.2736,0.2686,720.0,0.0,0.0033764341000005514,0.23040000000000002,0.23377643410000057
22.610004605,1.0,0.0,720.0,0.9,720.0,0.0,-0.005,0.2736,0.2686,720.0,0.0,0.0033764341000005514,0.23040000000000002,0.23377643410000057
22.626748316,1.0,0.0,720.0,0.9,740.0,-20.0,-0.195,0.2736,0.0786,720.0,0.0,0.0033764341000005514,0.23040000000000002,0.23377643410000057
22.648922859,1.0,0.0,720.0,0.9,720.0,0.0,-0.005,0.2736,0.2686,740.0,-20.0,-0.1886761993999994,0.23040000000000002,0.04172380060000061
22.670739528,1.0,0.0,720.0,0.9,720.0,0.0,-0.005,0.2736,0.2686,720.0,0.0,0.0013238006000005954,0.23040000000000002,0.2317238006000006
22.693022572,1.0,0.0,720.0,0.9,720.0,0.0,-0.005,0.2736,0.2686,740.0,-20.0,-0.19079346620000137,0.23040000000000002,0.03960653379999865
22.70777974,1.0,0.0,720.0,0.9,720.0,0.0,-0.005,0.2736,0.2686,720.0,0.0,-7.93466200001376E-4,0.23040000000000002,0.22960653379999865
22.729390492,1.0,0.0,720.0,0.9,720.0,0.0,-0.005,0.2736,0.2686,740.0,-20.0,-0.1929484456000023,0.23040000000000002,0.03745155439999773
22.750708411,1.0,0.0,720.0,0.9,700.0,20.0,0.18693859179999833,0.2736,0.46053859179999834,720.0,0.0,-0.0029484456000022875,0.23040000000000002,0.22745155439999773
22.767821371,1.0,0.0,720.0,0.9,720.0,0.0,-0.0030614082000016652,0.2736,0.27053859179999834,740.0,-20.0,-0.1946913291000027,0.23040000000000002,0.035708670899997325
22.784257373,1.0,0.0,720.0,0.9,700.0,20.0,0.1884371460999978,0.2736,0.4620371460999978,720.0,0.0,-0.00469132910000269,0.23040000000000002,0.22570867089999733
22.798587541,1.0,0.0,720.0,0.9,740.0,-20.0,-0.19337387080000326,0.2736,0.08022612919999675,720.0,0.0,-0.00469132910000269,0.23040000000000002,0.22570867089999733
22.812758168,1.0,0.0,720.0,0.9,720.0,0.0,-0.0033738708000032604,0.2736,0.2702261291999967,720.0,0.0,-0.00469132910000269,0.23040000000000002,0.22570867089999733
22.826834294,1.0,0.0,720.0,0.9,740.0,-20.0,-0.19478174590000322,0.2736,0.07881825409999679,720.0,0.0,-0.00469132910000269,0.23040000000000002,0.22570867089999733
22.852144255,1.0,1.0,720.0,0.9,720.0,0.0,-0.004781745900003216,0.2736,0.26881825409999677,720.0,0.0,-0.00469132910000269,0.23040000000000002,0.22570867089999733
22.864434798,1.0,0.0,720.0,0.9,740.0,-20.0,-0.195,0.2736,0.0786,720.0,0.0,-0.00469132910000269,0.23040000000000002,0.22570867089999733
22.886174758,1.0,0.0,720.0,0.9,720.0,0.0,-0.005,0.2736,0.2686,720.0,0.0,-0.00469132910000269,0.23040000000000002,0.22570867089999733
22.902946176,1.0,0.0,720.0,0.9,740.0,-20.0,-0.195,0.2736,0.0786,720.0,0.0,-0.00469132910000269,0.23040000000000002,0.22570867089999733
22.920412345,1.0,0.0,720.0,0.9,720.0,0.0,-0.005,0.2736,0.2686,700.0,20.0,0.18683785029999514,0.23040000000000002,0.41723785029999516
22.947997306,1.0,0.0,720.0,0.9,720.0,0.0,-0.005,0.2736,0.2686,720.0,0.0,-0.0031621497000048748,0.23040000000000002,0.22723785029999516
22.967276183,1.0,0.0,720.0,0.9,740.0,-20.0,-0.195,0.2736,0.0786,740.0,-20.0,-0.19497176650000483,0.23040000000000002,0.03542823349999519
22.984496768,1.0,0.0,720.0,0.9,720.0,0.0,-0.005,0.2736,0.2686,720.0,0.0,-0.0049717665000048325,0.23040000000000002,0.2254282334999952
22.998350061,1.0,0.0,720.0,0.9,720.0,0.0,-0.005,0.2736,0.2686,720.0,0.0,-0.0049717665000048325,0.23040000000000002,0.2254282334999952
23.012790479,1.0,0.0,720.0,0.9,720.0,0.0,-0.005,0.2736,0.2686,720.0,0.0,-0.0049717665000048325,0.23040000000000002,0.2254282334999952
23.026251481,1.0,0.0,720.0,0.9,720.0,0.0,-0.005,0.2736,0.2686,720.0,0.0,-0.0049717665000048325,0.23040000000000002,0.2254282334999952
23.054790483,0.0,0.0,720.0,0.9,680.0,40.0,0.3796340587999964,0.2736,0.6532340587999964,660.0,60.0,0.5719794093000012,0.23040000000000002,0.8023794093000013
23.07417786,0.0,0.0,720.0,0.9,580.0,140.0,1.335,0.2736,1.0,600.0,120.0,1.1449999999999998,0.23040000000000002,1.0
23.100034405,0.0,0.0,720.0,0.9,560.0,160.0,1.525,0.2736,1.0,580.0,140.0,1.335,0.23040000000000002,1.0
23.114596448,0.0,0.0,720.0,0.9,600.0,120.0,1.1449999999999998,0.2736,1.0,580.0,140.0,1.335,0.23040000000000002,1.0
23.136565367,0.0,0.0,720.0,0.9,620.0,100.0,0.955,0.2736,1.0,640.0,80.0,0.765,0.23040000000000002,0.9954000000000001
23.158390785,0.0,0.0,720.0,0.9,660.0,60.0,0.575,0.2736,0.8486,660.0,60.0,0.575,0.23040000000000002,0.8054
23.176561037,0.0,0.0,720.0,0.9,680.0,40.0,0.385,0.2736,0.6586000000000001,680.0,40.0,0.385,0.23040000000000002,0.6154000000000001
23.193171164,1.0,0.0,720.0,0.9,700.0,20.0,0.195,0.2736,0.4686,700.0,20.0,0.195,0.23040000000000002,0.4254
23.206953874,1.0,0.0,720.0,0.9,720.0,0.0,0.005,0.2736,0.2786,740.0,-20.0,-0.18637389589999942,0.23040000000000002,0.0440261041000006
23.2242255,1.0,0.0,720.0,0.9,740.0,-20.0,-0.18674451679999948,0.2736,0.08685548320000053,740.0,-20.0,-0.18811844189999988,0.23040000000000002,0.042281558100000144
23.241531836,0.0,0.0,720.0,0.9,760.0,-40.0,-0.3801916672000004,0.2736,-0.1065916672000004,740.0,-20.0,-0.18984195879999732,0.23040000000000002,0.0405580412000027
23.25610992,0.0,0.0,720.0,0.9,760.0,-40.0,-0.3830778257999953,0.2736,-0.10947782579999527,740.0,-20.0,-0.19128503809999756,0.23040000000000002,0.039114961900002465
23.27400513,1.0,0.0,720.0,0.9,740.0,-20.0,-0.1948721884999975,0.2736,0.07872781150000252,740.0,-20.0,-0.1930793715999988,0.23040000000000002,0.03732062840000122
23.289526757,1.0,0.0,720.0,0.9,740.0,-20.0,-0.195,0.2736,0.0786,740.0,-20.0,-0.19463413009999955,0.23040000000000002,0.03576586990000047
23.304681759,1.0,0.0,720.0,0.9,720.0,0.0,-0.005,0.2736,0.2686,740.0,-20.0,-0.195,0.23040000000000002,0.035400000000000015
23.319447677,1.0,0.0,720.0,0.9,740.0,-20.0,-0.195,0.2736,0.0786,740.0,-20.0,-0.195,0.23040000000000002,0.035400000000000015
23.338018387,1.0,0.0,720.0,0.9,720.0,0.0,-0.005,0.2736,0.2686,740.0,-20.0,-0.195,0.23040000000000002,0.035400000000000015
23.353638013,1.0,0.0,720.0,0.9,720.0,0.0,-0.005,0.2736,0.2686,740.0,-20.0,-0.195,0.23040000000000002,0.035400000000000015
23.36585914,1.0,0.0,720.0,0.9,720.0,0.0,-0.005,0.2736,0.2686,740.0,-20.0,-0.195,0.23040000000000002,0.035400000000000015
23.382878766,1.0,0.0,720.0,0.9,720.0,0.0,-0.005,0.2736,0.2686,740.0,-20.0,-0.195,0.23040000000000002,0.035400000000000015
23.397707393,1.0,0.0,720.0,0.9,720.0,0.0,-0.005,0.2736,0.2686,740.0,-20.0,-0.195,0.23040000000000002,0.035400000000000015
23.411651103,1.0,0.0,720.0,0.9,720.0,0.0,-0.005,0.2736,0.2686,740.0,-20.0,-0.195,0.23040000000000002,0.035400000000000015
23.427049354,1.0,0.0,720.0,0.9,720.0,0.0,-0.005,0.2736,0.2686,720.0,0.0,-0.005,0.23040000000000002,0.22540000000000002
23.442097022,1.0,0.0,720.0,0.9,720.0,0.0,-0.005,0.2736,0.2686,740.0,-20.0,-0.195,0.23040000000000002,0.035400000000000015
23.460855566,0.0,0.0,720.0,0.9,660.0,60.0,0.5698674505000008,0.2736,0.8434674505000008,660.0,60.0,0.5698674501999954,0.23040000000000002,0.8002674501999955
23.475402442,0.0,0.0,720.0,0.9,600.0,120.0,1.1449999999999998,0.2736,1.0,620.0,100.0,0.955,0.23040000000000002,1.0
23.492791028,0.0,0.0,720.0,0.9,560.0,160.0,1.525,0.2736,1.0,600.0,120.0,1.1449999999999998,0.23040000000000002,1.0
23.510742529,0.0,0.0,720.0,0.9,580.0,140.0,1.335,0.2736,1.0,620.0,100.0,0.955,0.23040000000000002,1.0
23.522485614,0.0,0.0,720.0,0.9,600.0,120.0,1.1449999999999998,0.2736,1.0,620.0,100.0,0.955,0.23040000000000002,1.0
23.538741074,0.0,0.0,720.0,0.9,620.0,100.0,0.955,0.2736,1.0,640.0,80.0,0.765,0.23040000000000002,0.9954000000000001
23.55145045,0.0,0.0,720.0,0.9,640.0,80.0,0.765,0.2736,1.0,660.0,60.0,0.575,0.23040000000000002,0.8054
23.572096369,0.0,0.0,720.0,0.9,660.0,60.0,0.575,0.2736,0.8486,680.0,40.0,0.385,0.23040000000000002,0.6154000000000001
23.596186288,1.0,0.0,720.0,0.9,720.0,0.0,0.005,0.2736,0.2786,720.0,0.0,0.005,0.23040000000000002,0.23540000000000003
23.611504914,1.0,0.0,720.0,0.9,740.0,-20.0,-0.1867385085000001,0.2736,0.08686149149999992,720.0,0.0,0.005,0.23040000000000002,0.23540000000000003
23.635444625,0.0,0.0,720.0,0.9,760.0,-40.0,-0.3804817589000038,0.2736,-0.10688175890000379,740.0,-20.0,-0.1868716544,0.23040000000000002,0.04352834560000002
23.668454878,0.0,0.0,720.0,0.9,780.0,-60.0,-0.575,0.2736,-0.30139999999999995,740.0,-20.0,-0.19046580470000038,0.23040000000000002,0.03993419529999964
23.683301005,0.0,0.0,720.0,0.9,760.0,-40.0,-0.385,0.2736,-0.1114,760.0,-40.0,-0.38339501350000377,0.23040000000000002,-0.15299501350000375
23.698107756,0.0,0.0,720.0,0.9,760.0,-40.0,-0.385,0.2736,-0.1114,740.0,-20.0,-0.19496178860000327,0.23040000000000002,0.035438211399996755
23.72079855,1.0,0.0,720.0,0.9,720.0,0.0,-0.005,0.2736,0.2686,740.0,-20.0,-0.195,0.23040000000000002,0.035400000000000015
23.732340968,1.0,0.0,720.0,0.9,720.0,0.0,-0.005,0.2736,0.2686,740.0,-20.0,-0.195,0.23040000000000002,0.035400000000000015
23.748298636,0.0,0.0,720.0,0.9,700.0,20.0,0.18647183760000188,0.2736,0.4600718376000019,740.0,-20.0,-0.195,0.23040000000000002,0.035400000000000015
23.76238118,0.0,0.0,720.0,0.9,680.0,40.0,0.37886881299999686,0.2736,0.6524688129999969,720.0,0.0,-0.005,0.23040000000000002,0.22540000000000002
23.777303139,1.0,0.0,720.0,0.9,700.0,20.0,0.19057302149999827,0.2736,0.4641730214999983,720.0,0.0,-0.005,0.23040000000000002,0.22540000000000002
23.792220141,0.0,0.0,720.0,0.9,680.0,40.0,0.38354166329999656,0.2736,0.6571416632999966,720.0,0.0,-0.005,0.23040000000000002,0.22540000000000002
23.808526642,0.0,0.0,720.0,0.9,700.0,20.0,0.19495452599999852,0.2736,0.46855452599999853,740.0,-20.0,-0.195,0.23040000000000002,0.035400000000000015
23.826558061,1.0,0.0,720.0,0.9,720.0,0.0,0.004954525999998509,0.2736,0.2785545259999985,720.0,0.0,-0.005,0.23040000000000002,0.22540000000000002
23.839869146,1.0,0.0,720.0,0.9,720.0,0.0,0.004954525999998509,0.2736,0.2785545259999985,720.0,0.0,-0.005,0.23040000000000002,0.22540000000000002
23.858845564,1.0,0.0,720.0,0.9,740.0,-20.0,-0.18653317830000277,0.2736,0.08706682169999724,720.0,0.0,-0.005,0.23040000000000002,0.22540000000000002
23.877843275,1.0,0.0,720.0,0.9,740.0,-20.0,-0.18868194520000373,0.2736,0.08491805479999628,720.0,0.0,-0.005,0.23040000000000002,0.22540000000000002
23.902450902,1.0,0.0,720.0,0.9,720.0,0.0,0.0013180547999962755,0.2736,0.27491805479999626,720.0,0.0,-0.005,0.23040000000000002,0.22540000000000002
23.918872029,1.0,0.0,720.0,0.9,740.0,-20.0,-0.19037104540000313,0.2736,0.08322895459999688,720.0,0.0,-0.005,0.23040000000000002,0.22540000000000002
23.936617614,1.0,0.0,720.0,0.9,740.0,-20.0,-0.19208855390000223,0.2736,0.08151144609999778,720.0,0.0,-0.005,0.23040000000000002,0.22540000000000002
23.949966907,1.0,0.0,720.0,0.9,740.0,-20.0,-0.19342018740000355,0.2736,0.08017981259999646,720.0,0.0,-0.005,0.23040000000000002,0.22540000000000002
23.966209533,1.0,0.0,720.0,0.9,740.0,-20.0,-0.1949645625000028,0.2736,0.07863543749999721,720.0,0.0,-0.005,0.23040000000000002,0.22540000000000002
23.980118535,1.0,0.0,720.0,0.9,740.0,-20.0,-0.195,0.2736,0.0786,720.0,0.0,-0.005,0.23040000000000002,0.22540000000000002
23.993257536,1.0,0.0,720.0,0.9,740.0,-20.0,-0.195,0.2736,0.0786,720.0,0.0,-0.005,0.23040000000000002,0.22540000000000002
24.005294037,1.0,0.0,720.0,0.9,740.0,-20.0,-0.195,0.2736,0.0786,720.0,0.0,-0.005,0.23040000000000002,0.22540000000000002
24.020327414,1.0,0.0,720.0,0.9,720.0,0.0,-0.005,0.2736,0.2686,740.0,-20.0,-0.195,0.23040000000000002,0.035400000000000015
24.036718499,0.0,0.0,720.0,0.9,680.0,40.0,0.37826025040000105,0.2736,0.6518602504000011,640.0,80.0,0.7615207339999915,0.23040000000000002,0.9919207339999916
24.052612292,0.0,0.0,720.0,0.9,640.0,80.0,0.7646706175999998,0.2736,1.0,620.0,100.0,0.955,0.23040000000000002,1.0
24.070780502,0.0,0.0,720.0,0.9,580.0,140.0,1.335,0.2736,1.0,560.0,160.0,1.525,0.23040000000000002,1.0
24.082155503,0.0,0.0,720.0,0.9,600.0,120.0,1.1449999999999998,0.2736,1.0,600.0,120.0,1.1449999999999998,0.23040000000000002,1.0
24.097660213,0.0,0.0,720.0,0.9,600.0,120.0,1.1449999999999998,0.2736,1.0,600.0,120.0,1.1449999999999998,0.23040000000000002,1.0
24.108847964,0.0,0.0,720.0,0.9,620.0,100.0,0.955,0.2736,1.0,620.0,100.0,0.955,0.23040000000000002,1.0
24.140950551,0.0,0.0,720.0,0.9,660.0,60.0,0.575,0.2736,0.8486,660.0,60.0,0.575,0.23040000000000002,0.8054
24.173729513,1.0,0.0,720.0,0.9,720.0,0.0,0.005,0.2736,0.2786,700.0,20.0,0.195,0.23040000000000002,0.4254
24.187979181,1.0,0.0,720.0,0.9,740.0,-20.0,-0.18643202509999868,0.2736,0.08716797490000133,720.0,0.0,0.005,0.23040000000000002,0.23540000000000003
24.203334557,0.0,0.0,720.0,0.9,760.0,-40.0,-0.3795074753000023,0.2736,-0.10590747530000227,740.0,-20.0,-0.1865376668000016,0.23040000000000002,0.04386233319999841
24.218860267,0.0,0.0,720.0,0.9,760.0,-40.0,-0.3826010091000029,0.2736,-0.10900100910000288,740.0,-20.0,-0.18808449200000213,0.23040000000000002,0.04231550799999789
24.234325894,0.0,0.0,720.0,0.9,760.0,-40.0,-0.385,0.2736,-0.1114,740.0,-20.0,-0.18961090050000054,0.23040000000000002,0.04078909949999948
24.261695313,1.0,0.0,720.0,0.9,740.0,-20.0,-0.195,0.2736,0.0786,740.0,-20.0,-0.19234049240000162,0.23040000000000002,0.038059507599998404
24.288783857,0.0,0.0,720.0,0.9,740.0,-20.0,-0.195,0.2736,0.0786,760.0,-40.0,-0.385,0.23040000000000002,-0.1546
24.300388692,0.0,0.0,720.0,0.9,720.0,0.0,-0.005,0.2736,0.2686,760.0,-40.0,-0.385,0.23040000000000002,-0.1546
24.317285819,1.0,0.0,720.0,0.9,720.0,0.0,-0.005,0.2736,0.2686,740.0,-20.0,-0.195,0.23040000000000002,0.035400000000000015
24.337035446,1.0,0.0,720.0,0.9,720.0,0.0,-0.005,0.2736,0.2686,740.0,-20.0,-0.195,0.23040000000000002,0.035400000000000015
24.350310072,1.0,0.0,720.0,0.9,720.0,0.0,-0.005,0.2736,0.2686,720.0,0.0,-0.005,0.23040000000000002,0.22540000000000002
24.36708149,1.0,0.0,720.0,0.9,720.0,0.0,-0.005,0.2736,0.2686,740.0,-20.0,-0.195,0.23040000000000002,0.035400000000000015
24.381251242,1.0,0.0,720.0,0.9,720.0,0.0,-0.005,0.2736,0.2686,720.0,0.0,-0.005,0.23040000000000002,0.22540000000000002
24.40126541,1.0,0.0,720.0,0.9,720.0,0.0,-0.005,0.2736,0.2686,720.0,0.0,-0.005,0.23040000000000002,0.22540000000000002
24.415457329,1.0,0.0,720.0,0.9,700.0,20.0,0.18630657929999814,0.2736,0.4599065792999981,720.0,0.0,-0.005,0.23040000000000002,0.22540000000000002
24.43445008,1.0,0.0,720.0,0.9,720.0,0.0,-0.003693420700001866,0.2736,0.2699065792999981,720.0,0.0,-0.005,0.23040000000000002,0.22540000000000002
24.459093,1.0,0.0,720.0,0.9,720.0,0.0,-0.003693420700001866,0.2736,0.2699065792999981,720.0,0.0,-0.005,0.23040000000000002,0.22540000000000002
24.479992085,1.0,0.0,720.0,0.9,720.0,0.0,-0.003693420700001866,0.2736,0.2699065792999981,720.0,0.0,-0.005,0.23040000000000002,0.22540000000000002
24.499963379,1.0,0.0,720.0,0.9,700.0,20.0,0.18804482529999747,0.2736,0.4616448252999975,720.0,0.0,-0.005,0.23040000000000002,0.22540000000000002
24.511871255,1.0,0.0,720.0,0.9,720.0,0.0,-0.0019551747000025443,0.2736,0.27164482529999745,720.0,0.0,-0.005,0.23040000000000002,0.22540000000000002
24.525805631,1.0,0.0,720.0,0.9,720.0,0.0,-0.0019551747000025443,0.2736,0.27164482529999745,720.0,0.0,-0.005,0.23040000000000002,0.22540000000000002
24.540171674,1.0,0.0,720.0,0.9,720.0,0.0,-0.0019551747000025443,0.2736,0.27164482529999745,720.0,0.0,-0.005,0.23040000000000002,0.22540000000000002
24.553537009,1.0,0.0,720.0,0.9,720.0,0.0,-0.0019551747000025443,0.2736,0.27164482529999745,720.0,0.0,-0.005,0.23040000000000002,0.22540000000000002
24.570689927,1.0,0.0,720.0,0.9,700.0,20.0,0.18963741299999753,0.2736,0.46323741299999754,720.0,0.0,-0.005,0.23040000000000002,0.22540000000000002
24.585590304,1.0,0.0,720.0,0.9,720.0,0.0,-3.6258700000246335E-4,0.2736,0.27323741299999754,700.0,20.0,0.1862623918000003,0.23040000000000002,0.4166623918000003
24.608584723,1.0,0.0,720.0,0.9,720.0,0.0,-3.6258700000246335E-4,0.2736,0.27323741299999754,720.0,0.0,-0.0037376081999997268,0.23040000000000002,0.2266623918000003
24.619520766,1.0,0.0,720.0,0.9,720.0,0.0,-3.6258700000246335E-4,0.2736,0.27323741299999754,720.0,0.0,-0.0037376081999997268,0.23040000000000002,0.2266623918000003
24.643965935,1.0,0.0,720.0,0.9,720.0,0.0,-3.6258700000246335E-4,0.2736,0.27323741299999754,720.0,0.0,-0.0037376081999997268,0.23040000000000002,0.2266623918000003
24.690131231,0.0,0.0,740.0,0.95,700.0,40.0,0.385,0.2812,0.6662,700.0,40.0,0.385,0.2368,0.6218
24.710561608,0.0,0.0,740.0,0.95,700.0,40.0,0.385,0.2812,0.6662,720.0,20.0,0.195,0.2368,0.4318
24.732234777,1.0,0.0,740.0,0.95,720.0,20.0,0.195,0.2812,0.4762,720.0,20.0,0.195,0.2368,0.4318
24.746134153,1.0,0.0,740.0,0.95,720.0,20.0,0.195,0.2812,0.4762,740.0,0.0,0.005,0.2368,0.24180000000000001
24.771090031,1.0,0.0,740.0,0.95,740.0,0.0,0.005,0.2812,0.2862,720.0,20.0,0.195,0.2368,0.4318
24.782765157,1.0,0.0,740.0,0.95,740.0,0.0,0.005,0.2812,0.2862,720.0,20.0,0.195,0.2368,0.4318
24.800519784,0.0,0.0,740.0,0.95,760.0,-20.0,-0.1866293668000003,0.2812,0.0945706331999997,720.0,20.0,0.195,0.2368,0.4318
24.816993119,1.0,0.0,740.0,0.95,760.0,-20.0,-0.18805170860000034,0.2812,0.09314829139999967,740.0,0.0,0.005,0.2368,0.24180000000000001
24.831978079,1.0,0.0,740.0,0.95,740.0,0.0,0.0019482913999996755,0.2812,0.2831482913999997,740.0,0.0,0.005,0.2368,0.24180000000000001
24.849102414,1.0,0.0,740.0,0.95,740.0,0.0,0.0019482913999996755,0.2812,0.2831482913999997,720.0,20.0,0.195,0.2368,0.4318
24.86072154,1.0,0.0,740.0,0.95,740.0,0.0,0.0019482913999996755,0.2812,0.2831482913999997,720.0,20.0,0.195,0.2368,0.4318
24.881821292,0.0,0.0,740.0,0.95,760.0,-20.0,-0.19002955880000116,0.2812,0.09117044119999884,720.0,20.0,0.195,0.2368,0.4318
24.903375169,1.0,0.0,740.0,0.95,760.0,-20.0,-0.19183657980000304,0.2812,0.08936342019999696,740.0,0.0,0.005,0.2368,0.24180000000000001
24.922026963,1.0,0.0,740.0,0.95,760.0,-20.0,-0.19406791750000196,0.2812,0.08713208249999804,740.0,0.0,0.005,0.2368,0.24180000000000001
24.938587798,0.0,0.0,740.0,0.95,760.0,-20.0,-0.195,0.2812,0.0862,720.0,20.0,0.195,0.2368,0.4318
24.968915301,1.0,0.0,740.0,0.95,740.0,0.0,-0.005,0.2812,0.2762,740.0,0.0,0.005,0.2368,0.24180000000000001
24.979934469,1.0,0.0,740.0,0.95,740.0,0.0,-0.005,0.2812,0.2762,740.0,0.0,0.005,0.2368,0.24180000000000001
24.992161428,1.0,0.0,740.0,0.95,740.0,0.0,-0.005,0.2812,0.2762,740.0,0.0,0.005,0.2368,0.24180000000000001
25.016456972,1.0,0.0,740.0,0.95,740.0,0.0,-0.005,0.2812,0.2762,740.0,0.0,0.005,0.2368,0.24180000000000001
25.028433973,1.0,0.0,740.0,0.95,740.0,0.0,-0.005,0.2812,0.2762,740.0,0.0,0.005,0.2368,0.24180000000000001
25.054398434,1.0,0.0,740.0,0.95,720.0,20.0,0.18737145440000005,0.2812,0.46857145440000003,740.0,0.0,0.005,0.2368,0.24180000000000001
25.068611644,1.0,0.0,740.0,0.95,740.0,0.0,-0.0026285455999999385,0.2812,0.2785714544000001,740.0,0.0,0.005,0.2368,0.24180000000000001
25.099404064,0.0,0.0,800.0,0.5,740.0,60.0,0.575,0.304,0.879,740.0,60.0,0.575,0.256,0.831
25.118423941,0.0,0.0,800.0,0.5,740.0,60.0,0.575,0.304,0.879,740.0,60.0,0.575,0.256,0.831
25.14584411,0.0,0.0,800.0,0.5,760.0,40.0,0.385,0.304,0.6890000000000001,760.0,40.0,0.385,0.256,0.641
25.198503657,1.0,0.0,800.0,0.5,800.0,0.0,0.005,0.304,0.309,780.0,20.0,0.195,0.256,0.451
25.221046284,0.0,0.0,800.0,0.5,820.0,-20.0,-0.18773434610000153,0.304,0.11626565389999846,780.0,20.0,0.195,0.256,0.451
25.237661078,1.0,0.0,800.0,0.5,820.0,-20.0,-0.18930887960000065,0.304,0.11469112039999935,800.0,0.0,0.005,0.256,0.261
25.257251455,1.0,0.0,800.0,0.5,820.0,-20.0,-0.19150597560000107,0.304,0.11249402439999892,800.0,0.0,0.005,0.256,0.261
25.269170123,1.0,0.0,800.0,0.5,820.0,-20.0,-0.19270487160000074,0.304,0.11129512839999925,800.0,0.0,0.005,0.256,0.261
25.292539333,0.0,0.0,800.0,0.5,840.0,-40.0,-0.385,0.304,-0.08100000000000002,800.0,0.0,0.005,0.256,0.261
25.314623752,1.0,0.0,800.0,0.5,820.0,-20.0,-0.195,0.304,0.10899999999999999,820.0,-20.0,-0.18700491679999856,0.256,0.06899508320000144
25.34008013,1.0,0.0,800.0,0.5,800.0,0.0,-0.005,0.304,0.299,820.0,-20.0,-0.18954276709999987,0.256,0.06645723290000013
25.37209405,0.0,0.0,740.0,0.95,800.0,-60.0,-0.575,0.2812,-0.29379999999999995,800.0,-60.0,-0.575,0.2368,-0.33819999999999995
25.390197801,0.0,0.0,740.0,0.95,800.0,-60.0,-0.575,0.2812,-0.29379999999999995,800.0,-60.0,-0.575,0.2368,-0.33819999999999995
25.409997012,0.0,0.0,740.0,0.95,800.0,-60.0,-0.575,0.2812,-0.29379999999999995,780.0,-40.0,-0.385,0.2368,-0.1482
25.434312973,1.0,0.0,740.0,0.95,760.0,-20.0,-0.195,0.2812,0.0862,760.0,-20.0,-0.195,0.2368,0.041800000000000004
25.456271975,1.0,0.0,740.0,0.95,740.0,0.0,-0.005,0.2812,0.2762,760.0,-20.0,-0.195,0.2368,0.041800000000000004
25.474513685,1.0,0.0,740.0,0.95,720.0,20.0,0.1866182834999995,0.2812,0.46781828349999954,740.0,0.0,-0.005,0.2368,0.2318
25.503324521,1.0,0.0,740.0,0.95,720.0,20.0,0.18949236709999923,0.2812,0.47069236709999923,720.0,20.0,0.18787422950000007,0.2368,0.4246742295000001
25.518197189,1.0,0.0,740.0,0.95,740.0,0.0,-5.076329000007718E-4,0.2812,0.28069236709999923,720.0,20.0,0.18938004629999966,0.2368,0.42618004629999967
25.541846692,1.0,0.0,740.0,0.95,720.0,20.0,0.1916496505999993,0.2812,0.4728496505999993,720.0,20.0,0.1915373590000007,0.2368,0.4283373590000007
25.558006193,1.0,0.0,740.0,0.95,740.0,0.0,0.0016496505999992906,0.2812,0.2828496505999993,740.0,0.0,0.0015373590000007198,0.2368,0.23833735900000072
25.578178154,1.0,0.0,740.0,0.95,740.0,0.0,0.0016496505999992906,0.2812,0.2828496505999993,720.0,20.0,0.19380276340000138,0.2368,0.43060276340000136
25.60418549,0.0,0.0,800.0,0.5,720.0,80.0,0.765,0.304,1.0,720.0,80.0,0.765,0.256,1.0
25.628896659,0.0,0.0,800.0,0.5,740.0,60.0,0.575,0.304,0.879,740.0,60.0,0.575,0.256,0.831
25.653110244,0.0,0.0,800.0,0.5,760.0,40.0,0.385,0.304,0.6890000000000001,760.0,40.0,0.385,0.256,0.641
25.671007496,1.0,0.0,800.0,0.5,780.0,20.0,0.195,0.304,0.499,780.0,20.0,0.195,0.256,0.451
25.70542825,1.0,0.0,800.0,0.5,820.0,-20.0,-0.18792990859999806,0.304,0.11607009140000193,800.0,0.0,0.005,0.256,0.261
25.726754919,1.0,0.0,800.0,0.5,820.0,-20.0,-0.1908036130000005,0.304,0.11319638699999948,800.0,0.0,0.005,0.256,0.261
25.741370337,1.0,0.0,800.0,0.5,820.0,-20.0,-0.19215437989999828,0.304,0.11184562010000171,800.0,0.0,0.005,0.256,0.261
25.754866338,1.0,0.0,800.0,0.5,820.0,-20.0,-0.19359999669999922,0.304,0.11040000330000077,800.0,0.0,0.005,0.256,0.261
25.785412299,1.0,0.0,800.0,0.5,820.0,-20.0,-0.195,0.304,0.10899999999999999,820.0,-20.0,-0.1876828961000007,0.256,0.06831710389999932
25.808862302,1.0,0.0,800.0,0.5,820.0,-20.0,-0.195,0.304,0.10899999999999999,820.0,-20.0,-0.19028990050000005,0.256,0.06571009949999995
25.823697053,1.0,0.0,800.0,0.5,820.0,-20.0,-0.195,0.304,0.10899999999999999,800.0,0.0,-2.899005000000443E-4,0.256,0.25571009949999995
25.868694808,0.0,0.0,720.0,0.9,800.0,-80.0,-0.765,0.2736,-0.4914,800.0,-80.0,-0.765,0.23040000000000002,-0.5346
25.88696131,0.0,0.0,720.0,0.9,800.0,-80.0,-0.765,0.2736,-0.4914,820.0,-100.0,-0.955,0.23040000000000002,-0.7245999999999999
25.902161228,0.0,0.0,720.0,0.9,800.0,-80.0,-0.765,0.2736,-0.4914,800.0,-80.0,-0.765,0.23040000000000002,-0.5346
25.917306896,0.0,0.0,720.0,0.9,780.0,-60.0,-0.575,0.2736,-0.30139999999999995,760.0,-40.0,-0.385,0.23040000000000002,-0.1546
25.944910816,1.0,0.0,720.0,0.9,740.0,-20.0,-0.195,0.2736,0.0786,740.0,-20.0,-0.195,0.23040000000000002,0.035400000000000015
25.95962365,1.0,0.0,720.0,0.9,700.0,20.0,0.18646346680000137,0.2736,0.4600634668000014,720.0,0.0,-0.005,0.23040000000000002,0.22540000000000002
25.984263361,1.0,0.0,720.0,0.9,700.0,20.0,0.18891687950000233,0.2736,0.4625168795000023,700.0,20.0,0.18745335440000077,0.23040000000000002,0.4178533544000008
26.012487364,1.0,0.0,720.0,0.9,700.0,20.0,0.19176022150000221,0.2736,0.4653602215000022,700.0,20.0,0.19029663810000044,0.23040000000000002,0.42069663810000046
26.032455158,1.0,0.0,720.0,0.9,700.0,20.0,0.19374314670000162,0.2736,0.46734314670000165,700.0,20.0,0.19227967990000025,0.23040000000000002,0.42267967990000027
26.055227327,1.0,0.0,720.0,0.9,700.0,20.0,0.195,0.2736,0.4686,700.0,20.0,0.19455027600000166,0.23040000000000002,0.4249502760000017
26.069678828,1.0,0.0,720.0,0.9,700.0,20.0,0.195,0.2736,0.4686,700.0,20.0,0.195,0.23040000000000002,0.4254
26.10192754,0.0,0.0,800.0,0.5,720.0,80.0,0.765,0.304,1.0,700.0,100.0,0.955,0.256,1.0
26.113151166,0.0,0.0,800.0,0.5,720.0,80.0,0.765,0.304,1.0,700.0,100.0,0.955,0.256,1.0
26.135344085,0.0,0.0,800.0,0.5,740.0,60.0,0.575,0.304,0.879,720.0,80.0,0.765,0.256,1.0
26.153483711,0.0,0.0,800.0,0.5,740.0,60.0,0.575,0.304,0.879,740.0,60.0,0.575,0.256,0.831
26.172360963,0.0,0.0,800.0,0.5,780.0,20.0,0.195,0.304,0.499,760.0,40.0,0.385,0.256,0.641
26.189324882,0.0,0.0,800.0,0.5,800.0,0.0,0.005,0.304,0.309,760.0,40.0,0.385,0.256,0.641
26.214578843,1.0,0.0,800.0,0.5,800.0,0.0,0.005,0.304,0.309,780.0,20.0,0.195,0.256,0.451
26.229550677,1.0,0.0,800.0,0.5,800.0,0.0,0.005,0.304,0.309,780.0,20.0,0.195,0.256,0.451
26.252400721,1.0,0.0,800.0,0.5,800.0,0.0,0.005,0.304,0.309,820.0,-20.0,-0.18707850429999895,0.256,0.06892149570000106
26.267046181,1.0,0.0,800.0,0.5,820.0,-20.0,-0.18630264189999993,0.304,0.11769735810000007,820.0,-20.0,-0.1883811753000009,0.256,0.06761882469999911
26.282769058,1.0,0.0,800.0,0.5,820.0,-20.0,-0.18788216280000028,0.304,0.11611783719999971,800.0,0.0,0.0016188246999990952,0.256,0.2576188246999991
26.302195226,1.0,0.0,800.0,0.5,820.0,-20.0,-0.19006552139999883,0.304,0.11393447860000117,800.0,0.0,0.0016188246999990952,0.256,0.2576188246999991
26.314494519,1.0,0.0,800.0,0.5,800.0,0.0,-6.552139999882912E-5,0.304,0.30393447860000117,800.0,0.0,0.0016188246999990952,0.256,0.2576188246999991
26.328991812,1.0,0.0,800.0,0.5,800.0,0.0,-6.552139999882912E-5,0.304,0.30393447860000117,820.0,-20.0,-0.18976560040000323,0.256,0.06623439959999677
26.343103814,1.0,0.0,800.0,0.5,800.0,0.0,-6.552139999882912E-5,0.304,0.30393447860000117,800.0,0.0,2.343995999967774E-4,0.256,0.2562343995999968
26.358677357,1.0,0.0,800.0,0.5,800.0,0.0,-6.552139999882912E-5,0.304,0.30393447860000117,800.0,0.0,2.343995999967774E-4,0.256,0.2562343995999968
26.373399525,1.0,0.0,800.0,0.5,820.0,-20.0,-0.19141264229999763,0.304,0.11258735770000236,800.0,0.0,2.343995999967774E-4,0.256,0.2562343995999968
26.388925235,1.0,0.0,800.0,0.5,820.0,-20.0,-0.19296416329999944,0.304,0.11103583670000056,800.0,0.0,2.343995999967774E-4,0.256,0.2562343995999968
26.413915238,1.0,0.0,800.0,0.5,800.0,0.0,-0.0029641632999994273,0.304,0.30103583670000056,800.0,0.0,2.343995999967774E-4,0.256,0.2562343995999968
26.425189614,1.0,0.0,800.0,0.5,800.0,0.0,-0.0029641632999994273,0.304,0.30103583670000056,800.0,0.0,2.343995999967774E-4,0.256,0.2562343995999968
26.446662991,1.0,0.0,800.0,0.5,800.0,0.0,-0.0029641632999994273,0.304,0.30103583670000056,800.0,0.0,2.343995999967774E-4,0.256,0.2562343995999968
26.458478992,1.0,0.0,800.0,0.5,800.0,0.0,-0.0029641632999994273,0.304,0.30103583670000056,800.0,0.0,2.343995999967774E-4,0.256,0.2562343995999968
26.487516745,0.0,0.0,695.0,0.9,800.0,-105.0,-1.0025,0.2641,-0.7384,800.0,-105.0,-1.0025,0.22240000000000001,-0.7800999999999999
26.513259539,0.0,0.0,695.0,0.9,780.0,-85.0,-0.8125,0.2641,-0.5484,800.0,-105.0,-1.0025,0.22240000000000001,-0.7800999999999999
26.541923376,0.0,0.0,695.0,0.9,760.0,-65.0,-0.6224999999999999,0.2641,-0.35839999999999994,760.0,-65.0,-0.6224999999999999,0.22240000000000001,-0.4000999999999999
26.556964919,0.0,0.0,695.0,0.9,740.0,-45.0,-0.4325,0.2641,-0.1684,720.0,-25.0,-0.2425,0.22240000000000001,-0.02009999999999998
26.578770213,1.0,0.0,695.0,0.9,700.0,-5.0,-0.0525,0.2641,0.2116,680.0,15.0,0.13920808764999817,0.22240000000000001,0.3616080876499982
26.592997131,1.0,0.0,695.0,0.9,680.0,15.0,0.13856697504999999,0.2641,0.40266697505,660.0,35.0,0.33169784939999847,0.22240000000000001,0.5540978493999985
26.615840758,1.0,0.0,695.0,0.9,660.0,35.0,0.3323879546250028,0.2641,0.5964879546250028,660.0,35.0,0.33551882897500124,0.22240000000000001,0.5579188289750012
26.632982593,0.0,0.0,695.0,0.9,660.0,35.0,0.3355554987249997,0.2641,0.5996554987249997,640.0,55.0,0.5275,0.22240000000000001,0.7499
26.658503721,0.0,0.0,695.0,0.9,660.0,35.0,0.3375,0.2641,0.6016,640.0,55.0,0.5275,0.22240000000000001,0.7499
26.676051847,1.0,0.0,695.0,0.9,680.0,15.0,0.1475,0.2641,0.41159999999999997,660.0,35.0,0.3375,0.22240000000000001,0.5599000000000001
26.697968849,1.0,0.0,695.0,0.9,680.0,15.0,0.1475,0.2641,0.41159999999999997,680.0,15.0,0.1475,0.22240000000000001,0.3699
26.731721686,0.0,0.0,800.0,0.5,700.0,100.0,0.955,0.304,1.0,720.0,80.0,0.765,0.256,1.0
26.758631731,0.0,0.0,800.0,0.5,720.0,80.0,0.765,0.304,1.0,720.0,80.0,0.765,0.256,1.0
26.776467441,0.0,0.0,800.0,0.5,740.0,60.0,0.575,0.304,0.879,720.0,80.0,0.765,0.256,1.0
26.790536275,0.0,0.0,800.0,0.5,740.0,60.0,0.575,0.304,0.879,740.0,60.0,0.575,0.256,0.831
26.814856903,0.0,0.0,800.0,0.5,760.0,40.0,0.385,0.304,0.6890000000000001,780.0,20.0,0.195,0.256,0.451
26.835502238,1.0,0.0,800.0,0.5,780.0,20.0,0.195,0.304,0.499,800.0,0.0,0.005,0.256,0.261
26.864795783,1.0,0.0,800.0,0.5,820.0,-20.0,-0.18776637110000025,0.304,0.11623362889999975,820.0,-20.0,-0.18776648770000065,0.256,0.06823351229999935
26.88291266,0.0,0.0,800.0,0.5,840.0,-40.0,-0.38188213829999995,0.304,-0.07788213829999996,820.0,-20.0,-0.18982440039999973,0.256,0.06617559960000027
26.906422745,0.0,0.0,800.0,0.5,840.0,-40.0,-0.385,0.304,-0.08100000000000002,800.0,0.0,1.7559960000028242E-4,0.256,0.2561755996000003
26.929135706,1.0,0.0,800.0,0.5,820.0,-20.0,-0.195,0.304,0.10899999999999999,820.0,-20.0,-0.1920190757000006,0.256,0.06398092429999941
26.943320916,1.0,0.0,800.0,0.5,820.0,-20.0,-0.195,0.304,0.10899999999999999,820.0,-20.0,-0.19361673830000029,0.256,0.06238326169999972
26.974243711,0.0,0.0,695.0,0.9,800.0,-105.0,-1.0025,0.2641,-0.7384,820.0,-125.0,-1.1925,0.22240000000000001,-0.9700999999999999
26.987579587,0.0,0.0,695.0,0.9,800.0,-105.0,-1.0025,0.2641,-0.7384,820.0,-125.0,-1.1925,0.22240000000000001,-0.9700999999999999
27.006657214,0.0,0.0,695.0,0.9,780.0,-85.0,-0.8125,0.2641,-0.5484,800.0,-105.0,-1.0025,0.22240000000000001,-0.7800999999999999
27.023433299,0.0,0.0,695.0,0.9,760.0,-65.0,-0.6224999999999999,0.2641,-0.35839999999999994,780.0,-85.0,-0.8125,0.22240000000000001,-0.5901
27.048462385,1.0,0.0,695.0,0.9,700.0,-5.0,-0.0525,0.2641,0.2116,720.0,-25.0,-0.2425,0.22240000000000001,-0.02009999999999998
27.077326596,1.0,0.0,695.0,0.9,680.0,15.0,0.13964477837499983,0.2641,0.40374477837499984,660.0,35.0,0.3325044317749979,0.22240000000000001,0.5549044317749979
27.102575307,0.0,0.0,695.0,0.9,680.0,15.0,0.14150012852499927,0.2641,0.40560012852499927,640.0,55.0,0.5275,0.22240000000000001,0.7499
27.1219971,0.0,0.0,695.0,0.9,660.0,35.0,0.3349375810749999,0.2641,0.5990375810749999,640.0,55.0,0.5275,0.22240000000000001,0.7499
27.145856894,1.0,0.0,695.0,0.9,660.0,35.0,0.3375,0.2641,0.6016,660.0,35.0,0.3375,0.22240000000000001,0.5599000000000001
27.168501897,1.0,0.0,695.0,0.9,660.0,35.0,0.3375,0.2641,0.6016,660.0,35.0,0.3375,0.22240000000000001,0.5599000000000001
27.182929482,1.0,0.0,695.0,0.9,680.0,15.0,0.1475,0.2641,0.41159999999999997,660.0,35.0,0.3375,0.22240000000000001,0.5599000000000001
27.216596277,0.0,0.0,800.0,0.5,700.0,100.0,0.955,0.304,1.0,700.0,100.0,0.955,0.256,1.0
27.23268432,0.0,0.0,800.0,0.5,720.0,80.0,0.765,0.304,1.0,700.0,100.0,0.955,0.256,1.0
27.255663572,0.0,0.0,800.0,0.5,720.0,80.0,0.765,0.304,1.0,720.0,80.0,0.765,0.256,1.0
27.274104782,0.0,0.0,800.0,0.5,740.0,60.0,0.575,0.304,0.879,740.0,60.0,0.575,0.256,0.831
27.289279617,0.0,0.0,800.0,0.5,740.0,60.0,0.575,0.304,0.879,740.0,60.0,0.575,0.256,0.831
27.305845411,1.0,0.0,800.0,0.5,780.0,20.0,0.195,0.304,0.499,780.0,20.0,0.195,0.256,0.451
27.329599913,1.0,0.0,800.0,0.5,800.0,0.0,0.005,0.304,0.309,800.0,0.0,0.005,0.256,0.261
27.342220039,1.0,0.0,800.0,0.5,800.0,0.0,0.005,0.304,0.309,800.0,0.0,0.005,0.256,0.261
27.354121499,1.0,0.0,800.0,0.5,800.0,0.0,0.005,0.304,0.309,800.0,0.0,0.005,0.256,0.261
27.372775917,1.0,0.0,800.0,0.5,820.0,-20.0,-0.18675052519999782,0.304,0.11724947480000217,800.0,0.0,0.005,0.256,0.261
27.389598669,1.0,0.0,800.0,0.5,820.0,-20.0,-0.18842650039999911,0.304,0.11557349960000088,800.0,0.0,0.005,0.256,0.261
27.421795756,1.0,0.0,800.0,0.5,800.0,0.0,0.0015734996000009004,0.304,0.3055734996000009,800.0,0.0,0.005,0.256,0.261
27.434176715,1.0,0.0,800.0,0.5,800.0,0.0,0.0015734996000009004,0.304,0.3055734996000009,800.0,0.0,0.005,0.256,0.261
27.453681634,1.0,0.0,800.0,0.5,820.0,-20.0,-0.19025737979999974,0.304,0.11374262020000026,800.0,0.0,0.005,0.256,0.261
27.468269344,1.0,0.0,800.0,0.5,820.0,-20.0,-0.1916829590999987,0.304,0.1123170409000013,800.0,0.0,0.005,0.256,0.261
27.48586297,1.0,0.0,800.0,0.5,820.0,-20.0,-0.19343412590000128,0.304,0.11056587409999871,800.0,0.0,0.005,0.256,0.261
27.497951972,1.0,0.0,800.0,0.5,800.0,0.0,-0.003434125900001277,0.304,0.30056587409999874,800.0,0.0,0.005,0.256,0.261
27.510242806,1.0,0.0,800.0,0.5,800.0,0.0,-0.003434125900001277,0.304,0.30056587409999874,800.0,0.0,0.005,0.256,0.261
27.529964725,1.0,0.0,800.0,0.5,800.0,0.0,-0.003434125900001277,0.304,0.30056587409999874,780.0,20.0,0.195,0.256,0.451
27.55064506,1.0,0.0,800.0,0.5,800.0,0.0,-0.003434125900001277,0.304,0.30056587409999874,800.0,0.0,0.005,0.256,0.261
27.572760396,1.0,0.0,800.0,0.5,800.0,0.0,-0.003434125900001277,0.304,0.30056587409999874,800.0,0.0,0.005,0.256,0.261
27.589113272,1.0,0.0,800.0,0.5,800.0,0.0,-0.003434125900001277,0.304,0.30056587409999874,780.0,20.0,0.195,0.256,0.451
27.612084941,1.0,0.0,800.0,0.5,800.0,0.0,-0.003434125900001277,0.304,0.30056587409999874,800.0,0.0,0.005,0.256,0.261
27.627472401,1.0,0.0,800.0,0.5,800.0,0.0,-0.003434125900001277,0.304,0.30056587409999874,800.0,0.0,0.005,0.256,0.261
27.645443153,1.0,0.0,800.0,0.5,800.0,0.0,-0.003434125900001277,0.304,0.30056587409999874,800.0,0.0,0.005,0.256,0.261
27.658385571,1.0,0.0,800.0,0.5,800.0,0.0,-0.003434125900001277,0.304,0.30056587409999874,780.0,20.0,0.195,0.256,0.451
27.677565281,1.0,0.0,800.0,0.5,800.0,0.0,-0.003434125900001277,0.304,0.30056587409999874,820.0,-20.0,-0.1867349502000002,0.256,0.06926504979999981
27.701650242,1.0,0.0,800.0,0.5,800.0,0.0,-0.003434125900001277,0.304,0.30056587409999874,800.0,0.0,0.0032650497999998154,0.256,0.2592650497999998
27.712683118,1.0,0.0,800.0,0.5,800.0,0.0,-0.003434125900001277,0.304,0.30056587409999874,800.0,0.0,0.0032650497999998154,0.256,0.2592650497999998
27.736136621,1.0,0.0,800.0,0.5,800.0,0.0,-0.003434125900001277,0.304,0.30056587409999874,800.0,0.0,0.0032650497999998154,0.256,0.2592650497999998
27.751171747,1.0,0.0,800.0,0.5,800.0,0.0,-0.003434125900001277,0.304,0.30056587409999874,800.0,0.0,0.0032650497999998154,0.256,0.2592650497999998
27.769676541,1.0,0.0,800.0,0.5,800.0,0.0,-0.003434125900001277,0.304,0.30056587409999874,800.0,0.0,0.0032650497999998154,0.256,0.2592650497999998
27.783521959,1.0,0.0,800.0,0.5,780.0,20.0,0.18773551590000012,0.304,0.4917355159000001,800.0,0.0,0.0032650497999998154,0.256,0.2592650497999998
27.811036336,1.0,0.0,800.0,0.5,780.0,20.0,0.19058728700000074,0.304,0.49458728700000076,800.0,0.0,0.0032650497999998154,0.256,0.2592650497999998
27.823137879,1.0,0.0,800.0,0.5,780.0,20.0,0.19180038710000077,0.304,0.49580038710000074,800.0,0.0,0.0032650497999998154,0.256,0.2592650497999998
27.835388755,1.0,0.0,800.0,0.5,800.0,0.0,0.001800387100000762,0.304,0.30580038710000074,800.0,0.0,0.0032650497999998154,0.256,0.2592650497999998
27.858386966,1.0,0.0,800.0,0.5,800.0,0.0,0.001800387100000762,0.304,0.30580038710000074,800.0,0.0,0.0032650497999998154,0.256,0.2592650497999998
27.875215843,1.0,0.0,800.0,0.5,800.0,0.0,0.001800387100000762,0.304,0.30580038710000074,780.0,20.0,0.19455759999999997,0.256,0.4505576
27.896987303,1.0,0.0,800.0,0.5,800.0,0.0,0.001800387100000762,0.304,0.30580038710000074,800.0,0.0,0.004557599999999979,0.256,0.2605576
27.909410846,1.0,0.0,800.0,0.5,820.0,-20.0,-0.18956968809999977,0.304,0.11443031190000022,800.0,0.0,0.004557599999999979,0.256,0.2605576
27.945017225,0.0,0.0,800.0,0.5,820.0,-20.0,-0.19260092170000065,0.304,0.11139907829999934,780.0,20.0,0.195,0.256,0.451
27.96297806,1.0,0.0,800.0,0.5,800.0,0.0,-0.0026009217000006403,0.304,0.30139907829999935,780.0,20.0,0.195,0.256,0.451
27.981343145,1.0,0.0,800.0,0.5,800.0,0.0,-0.0026009217000006403,0.304,0.30139907829999935,820.0,-20.0,-0.18666976259999957,0.256,0.06933023740000044
27.996667313,1.0,0.0,800.0,0.5,780.0,20.0,0.18889060340000127,0.304,0.49289060340000124,800.0,0.0,0.0033302374000004423,0.256,0.25933023740000044
28.014958023,1.0,0.0,800.0,0.5,800.0,0.0,-0.0011093965999987177,0.304,0.3028906034000013,800.0,0.0,0.0033302374000004423,0.256,0.25933023740000044
28.028153316,1.0,0.0,800.0,0.5,800.0,0.0,-0.0011093965999987177,0.304,0.3028906034000013,800.0,0.0,0.0033302374000004423,0.256,0.25933023740000044
28.038714276,1.0,0.0,800.0,0.5,800.0,0.0,-0.0011093965999987177,0.304,0.3028906034000013,800.0,0.0,0.0033302374000004423,0.256,0.25933023740000044
28.057743778,1.0,0.0,800.0,0.5,820.0,-20.0,-0.19289608839999972,0.304,0.11110391160000027,800.0,0.0,0.0033302374000004423,0.256,0.25933023740000044
28.072528363,1.0,0.0,800.0,0.5,800.0,0.0,-0.0028960883999997124,0.304,0.3011039116000003,780.0,20.0,0.19447584580000069,0.256,0.45047584580000066
28.094354073,1.0,0.0,800.0,0.5,800.0,0.0,-0.0028960883999997124,0.304,0.3011039116000003,820.0,-20.0,-0.18796085449999736,0.256,0.06803914550000265
28.107072783,1.0,0.0,800.0,0.5,800.0,0.0,-0.0028960883999997124,0.304,0.3011039116000003,820.0,-20.0,-0.18922590039999876,0.256,0.06677409960000125
28.130009743,1.0,0.0,800.0,0.5,800.0,0.0,-0.0028960883999997124,0.304,0.3011039116000003,800.0,0.0,7.740996000012502E-4,0.256,0.25677409960000125
28.14465987,1.0,0.0,800.0,0.5,800.0,0.0,-0.0028960883999997124,0.304,0.3011039116000003,780.0,20.0,0.19223879139999953,0.256,0.44823879139999956
28.169723956,0.0,0.0,800.0,0.5,780.0,20.0,0.18944762850000074,0.304,0.49344762850000073,820.0,-20.0,-0.19010492550000094,0.256,0.06589507449999907
28.196076042,1.0,0.0,800.0,0.5,820.0,-20.0,-0.1931271758999975,0.304,0.11087282410000249,800.0,0.0,-1.0492550000094524E-4,0.256,0.25589507449999904
28.224209045,0.0,0.0,800.0,0.5,820.0,-20.0,-0.195,0.304,0.10899999999999999,780.0,20.0,0.19272657480000077,0.256,0.4487265748000008
28.248784297,1.0,0.0,800.0,0.5,800.0,0.0,-0.005,0.304,0.299,820.0,-20.0,-0.18960285039999916,0.256,0.06639714960000084
28.26391859,1.0,0.0,800.0,0.5,800.0,0.0,-0.005,0.304,0.299,820.0,-20.0,-0.19144352979999782,0.256,0.06455647020000219
28.285277051,1.0,0.0,800.0,0.5,800.0,0.0,-0.005,0.304,0.299,800.0,0.0,-0.0014435297999978048,0.256,0.2545564702000022
28.29662376,1.0,0.0,800.0,0.5,800.0,0.0,-0.005,0.304,0.299,800.0,0.0,-0.0014435297999978048,0.256,0.2545564702000022
28.308697011,1.0,0.0,800.0,0.5,800.0,0.0,-0.005,0.304,0.299,800.0,0.0,-0.0014435297999978048,0.256,0.2545564702000022
28.333873681,1.0,0.0,800.0,0.5,800.0,0.0,-0.005,0.304,0.299,800.0,0.0,-0.0014435297999978048,0.256,0.2545564702000022
28.345326848,1.0,0.0,800.0,0.5,800.0,0.0,-0.005,0.304,0.299,800.0,0.0,-0.0014435297999978048,0.256,0.2545564702000022
28.359711266,1.0,0.0,800.0,0.5,800.0,0.0,-0.005,0.304,0.299,800.0,0.0,-0.0014435297999978048,0.256,0.2545564702000022
28.378599018,1.0,0.0,800.0,0.5,800.0,0.0,-0.005,0.304,0.299,800.0,0.0,-0.0014435297999978048,0.256,0.2545564702000022
28.39200227,1.0,0.0,800.0,0.5,800.0,0.0,-0.005,0.304,0.299,800.0,0.0,-0.0014435297999978048,0.256,0.2545564702000022
28.416878814,1.0,0.0,800.0,0.5,800.0,0.0,-0.005,0.304,0.299,800.0,0.0,-0.0014435297999978048,0.256,0.2545564702000022
28.429438565,1.0,0.0,800.0,0.5,800.0,0.0,-0.005,0.304,0.299,800.0,0.0,-0.0014435297999978048,0.256,0.2545564702000022
28.444914692,1.0,0.0,800.0,0.5,780.0,20.0,0.18620251270000154,0.304,0.49020251270000154,800.0,0.0,-0.0014435297999978048,0.256,0.2545564702000022
28.458197776,1.0,0.0,800.0,0.5,780.0,20.0,0.18776173370000096,0.304,0.491761733700001,800.0,0.0,-0.0014435297999978048,0.256,0.2545564702000022
28.475012653,1.0,0.0,800.0,0.5,780.0,20.0,0.18941837129999953,0.304,0.49341837129999955,800.0,0.0,-0.0014435297999978048,0.256,0.2545564702000022
28.499090614,1.0,0.0,800.0,0.5,800.0,0.0,-5.81628700000465E-4,0.304,0.30341837129999955,800.0,0.0,-0.0014435297999978048,0.256,0.2545564702000022
28.511919282,1.0,0.0,800.0,0.5,800.0,0.0,-5.81628700000465E-4,0.304,0.30341837129999955,800.0,0.0,-0.0014435297999978048,0.256,0.2545564702000022
28.533596826,1.0,0.0,800.0,0.5,800.0,0.0,-5.81628700000465E-4,0.304,0.30341837129999955,800.0,0.0,-0.0014435297999978048,0.256,0.2545564702000022
28.548186285,1.0,0.0,800.0,0.5,800.0,0.0,-5.81628700000465E-4,0.304,0.30341837129999955,800.0,0.0,-0.0014435297999978048,0.256,0.2545564702000022
28.576079247,1.0,0.0,800.0,0.5,800.0,0.0,-5.81628700000465E-4,0.304,0.30341837129999955,800.0,0.0,-0.0014435297999978048,0.256,0.2545564702000022
28.587021123,1.0,0.0,800.0,0.5,800.0,0.0,-5.81628700000465E-4,0.304,0.30341837129999955,800.0,0.0,-0.0014435297999978048,0.256,0.2545564702000022
28.616329834,1.0,0.0,800.0,0.5,800.0,0.0,-5.81628700000465E-4,0.304,0.30341837129999955,800.0,0.0,-0.0014435297999978048,0.256,0.2545564702000022
28.627622002,1.0,0.0,800.0,0.5,800.0,0.0,-5.81628700000465E-4,0.304,0.30341837129999955,800.0,0.0,-0.0014435297999978048,0.256,0.2545564702000022
28.648083879,1.0,0.0,800.0,0.5,780.0,20.0,0.19131843399999923,0.304,0.4953184339999992,800.0,0.0,-0.0014435297999978048,0.256,0.2545564702000022
28.66213463,1.0,0.0,800.0,0.5,780.0,20.0,0.19265406330000076,0.304,0.4966540633000007,800.0,0.0,-0.0014435297999978048,0.256,0.2545564702000022
28.674882506,1.0,0.0,800.0,0.5,780.0,20.0,0.19402743419999866,0.304,0.4980274341999986,800.0,0.0,-0.0014435297999978048,0.256,0.2545564702000022
28.702364801,1.0,0.0,800.0,0.5,800.0,0.0,0.004027434199998652,0.304,0.3080274341999986,800.0,0.0,-0.0014435297999978048,0.256,0.2545564702000022
28.717409552,1.0,0.0,800.0,0.5,800.0,0.0,0.004027434199998652,0.304,0.3080274341999986,800.0,0.0,-0.0014435297999978048,0.256,0.2545564702000022
28.740872971,1.0,0.0,800.0,0.5,800.0,0.0,0.004027434199998652,0.304,0.3080274341999986,800.0,0.0,-0.0014435297999978048,0.256,0.2545564702000022
28.754562056,1.0,0.0,800.0,0.5,800.0,0.0,0.004027434199998652,0.304,0.3080274341999986,800.0,0.0,-0.0014435297999978048,0.256,0.2545564702000022
28.777072892,1.0,0.0,800.0,0.5,800.0,0.0,0.004027434199998652,0.304,0.3080274341999986,800.0,0.0,-0.0014435297999978048,0.256,0.2545564702000022
28.793538352,1.0,0.0,800.0,0.5,800.0,0.0,0.004027434199998652,0.304,0.3080274341999986,800.0,0.0,-0.0014435297999978048,0.256,0.2545564702000022
28.818948646,1.0,0.0,800.0,0.5,800.0,0.0,0.004027434199998652,0.304,0.3080274341999986,800.0,0.0,-0.0014435297999978048,0.256,0.2545564702000022
28.833234189,1.0,0.0,800.0,0.5,800.0,0.0,0.004027434199998652,0.304,0.3080274341999986,780.0,20.0,0.1897800120000039,0.256,0.44578001200000394
28.8572614,1.0,0.0,800.0,0.5,800.0,0.0,0.004027434199998652,0.304,0.3080274341999986,800.0,0.0,-2.1998799999607856E-4,0.256,0.25578001200000394
28.870233568,1.0,0.0,800.0,0.5,780.0,20.0,0.195,0.304,0.499,800.0,0.0,-2.1998799999607856E-4,0.256,0.25578001200000394
28.894958154,0.0,0.0,800.0,0.5,780.0,20.0,0.195,0.304,0.499,820.0,-20.0,-0.19261987989999682,0.256,0.06338012010000318
28.913039739,1.0,0.0,800.0,0.5,780.0,20.0,0.195,0.304,0.499,800.0,0.0,-0.002619879899996818,0.256,0.2533801201000032
28.930496282,1.0,0.0,800.0,0.5,800.0,0.0,0.005,0.304,0.309,800.0,0.0,-0.002619879899996818,0.256,0.2533801201000032
28.946730742,1.0,0.0,800.0,0.5,820.0,-20.0,-0.1864093042999974,0.304,0.11759069570000258,800.0,0.0,-0.002619879899996818,0.256,0.2533801201000032
28.968207036,1.0,0.0,800.0,0.5,820.0,-20.0,-0.18875803789999906,0.304,0.11524196210000093,800.0,0.0,-0.002619879899996818,0.256,0.2533801201000032
28.984862954,1.0,0.0,800.0,0.5,820.0,-20.0,-0.1900582296999977,0.304,0.1139417703000023,800.0,0.0,-0.002619879899996818,0.256,0.2533801201000032
29.004952081,1.0,0.0,800.0,0.5,800.0,0.0,-5.822969999769612E-5,0.304,0.3039417703000023,800.0,0.0,-0.002619879899996818,0.256,0.2533801201000032
29.028894417,1.0,0.0,800.0,0.5,820.0,-20.0,-0.19245917159999862,0.304,0.11154082840000137,800.0,0.0,-0.002619879899996818,0.256,0.2533801201000032
29.052085711,1.0,0.0,800.0,0.5,820.0,-20.0,-0.19477990519999708,0.304,0.10922009480000291,800.0,0.0,-0.002619879899996818,0.256,0.2533801201000032
29.068357796,1.0,0.0,800.0,0.5,800.0,0.0,-0.0047799051999970745,0.304,0.29922009480000294,800.0,0.0,-0.002619879899996818,0.256,0.2533801201000032
29.098930007,0.0,0.0,800.0,0.5,820.0,-20.0,-0.195,0.304,0.10899999999999999,780.0,20.0,0.1902287995000006,0.256,0.4462287995000006
29.117248134,1.0,0.0,800.0,0.5,800.0,0.0,-0.005,0.304,0.299,800.0,0.0,2.287995000006049E-4,0.256,0.2562287995000006
29.142335262,0.0,0.0,800.0,0.5,820.0,-20.0,-0.195,0.304,0.10899999999999999,780.0,20.0,0.19268854140000088,0.256,0.4486885414000009
29.15751768,1.0,0.0,800.0,0.5,820.0,-20.0,-0.195,0.304,0.10899999999999999,800.0,0.0,0.0026885414000008723,0.256,0.25868854140000086
29.175375848,0.0,0.0,800.0,0.5,820.0,-20.0,-0.195,0.304,0.10899999999999999,780.0,20.0,0.19446595829999866,0.256,0.4504659582999987
29.195005892,1.0,0.0,800.0,0.5,800.0,0.0,-0.005,0.304,0.299,800.0,0.0,0.004465958299998647,0.256,0.26046595829999863
29.229093562,1.0,0.0,800.0,0.5,800.0,0.0,-0.005,0.304,0.299,780.0,20.0,0.195,0.256,0.451
29.246253189,1.0,0.0,800.0,0.5,800.0,0.0,-0.005,0.304,0.299,800.0,0.0,0.005,0.256,0.261
29.269466358,1.0,0.0,800.0,0.5,800.0,0.0,-0.005,0.304,0.299,780.0,20.0,0.195,0.256,0.451
29.290964818,1.0,0.0,800.0,0.5,800.0,0.0,-0.005,0.304,0.299,800.0,0.0,0.005,0.256,0.261
29.30660107,1.0,0.0,800.0,0.5,800.0,0.0,-0.005,0.304,0.299,780.0,20.0,0.195,0.256,0.451
29.324709488,1.0,0.0,800.0,0.5,800.0,0.0,-0.005,0.304,0.299,800.0,0.0,0.005,0.256,0.261
29.335975115,1.0,0.0,800.0,0.5,800.0,0.0,-0.005,0.304,0.299,800.0,0.0,0.005,0.256,0.261
29.348300949,1.0,0.0,800.0,0.5,800.0,0.0,-0.005,0.304,0.299,800.0,0.0,0.005,0.256,0.261
29.362802617,1.0,0.0,800.0,0.5,800.0,0.0,-0.005,0.304,0.299,800.0,0.0,0.005,0.256,0.261
29.37571441,1.0,0.0,800.0,0.5,800.0,0.0,-0.005,0.304,0.299,800.0,0.0,0.005,0.256,0.261
29.391975995,1.0,0.0,800.0,0.5,780.0,20.0,0.18650727509999912,0.304,0.49050727509999914,800.0,0.0,0.005,0.256,0.261
29.412727497,1.0,0.0,800.0,0.5,780.0,20.0,0.1883881753000003,0.304,0.4923881753000003,800.0,0.0,0.005,0.256,0.261
29.427232082,1.0,0.0,800.0,0.5,780.0,20.0,0.19003746299999932,0.304,0.4940374629999993,800.0,0.0,0.005,0.256,0.261
29.454554251,1.0,0.0,800.0,0.5,800.0,0.0,3.7462999999320344E-5,0.304,0.3040374629999993,800.0,0.0,0.005,0.256,0.261
29.469922461,1.0,0.0,800.0,0.5,800.0,0.0,3.7462999999320344E-5,0.304,0.3040374629999993,800.0,0.0,0.005,0.256,0.261
29.49346638,1.0,0.0,800.0,0.5,800.0,0.0,3.7462999999320344E-5,0.304,0.3040374629999993,800.0,0.0,0.005,0.256,0.261
29.506146007,1.0,0.0,800.0,0.5,800.0,0.0,3.7462999999320344E-5,0.304,0.3040374629999993,800.0,0.0,0.005,0.256,0.261
29.524509925,1.0,0.0,800.0,0.5,820.0,-20.0,-0.19168208719999996,0.304,0.11231791280000003,800.0,0.0,0.005,0.256,0.261
29.538413385,1.0,0.0,800.0,0.5,800.0,0.0,-0.0016820871999999555,0.304,0.30231791280000003,800.0,0.0,0.005,0.256,0.261
29.557630137,0.0,0.0,800.0,0.5,820.0,-20.0,-0.19350932070000057,0.304,0.11049067929999942,780.0,20.0,0.195,0.256,0.451
29.581475931,1.0,0.0,800.0,0.5,800.0,0.0,-0.0035093207000005578,0.304,0.30049067929999945,800.0,0.0,0.005,0.256,0.261
29.607233017,1.0,0.0,800.0,0.5,780.0,20.0,0.18930710039999837,0.304,0.49330710039999837,800.0,0.0,0.005,0.256,0.261
29.625776019,1.0,0.0,800.0,0.5,800.0,0.0,-6.928996000016241E-4,0.304,0.30330710039999836,780.0,20.0,0.195,0.256,0.451
29.638382437,1.0,0.0,800.0,0.5,780.0,20.0,0.19075484639999787,0.304,0.4947548463999979,780.0,20.0,0.195,0.256,0.451
29.65852173,1.0,0.0,800.0,0.5,820.0,-20.0,-0.19106684540000288,0.304,0.11293315459999712,820.0,-20.0,-0.1868217501999999,0.256,0.06917824980000012
29.672659982,1.0,0.0,800.0,0.5,820.0,-20.0,-0.1924980539000029,0.304,0.11150194609999708,820.0,-20.0,-0.18825295869999992,0.256,0.06774704130000009
29.692775067,1.0,0.0,800.0,0.5,820.0,-20.0,-0.19446143740000366,0.304,0.10953856259999634,800.0,0.0,0.0017470413000000918,0.256,0.2577470413000001
29.708143277,1.0,0.0,800.0,0.5,800.0,0.0,-0.004461437400003661,0.304,0.29953856259999634,800.0,0.0,0.0017470413000000918,0.256,0.2577470413000001
29.730671321,1.0,0.0,800.0,0.5,800.0,0.0,-0.004461437400003661,0.304,0.29953856259999634,800.0,0.0,0.0017470413000000918,0.256,0.2577470413000001
29.748145364,1.0,0.0,800.0,0.5,800.0,0.0,-0.004461437400003661,0.304,0.29953856259999634,820.0,-20.0,-0.18993059639999843,0.256,0.06606940360000157
29.767205491,1.0,0.0,800.0,0.5,800.0,0.0,-0.004461437400003661,0.304,0.29953856259999634,800.0,0.0,6.940360000157853E-5,0.256,0.2560694036000016
29.781632201,1.0,0.0,800.0,0.5,800.0,0.0,-0.004461437400003661,0.304,0.29953856259999634,820.0,-20.0,-0.19114559240000006,0.256,0.06485440759999994
29.797199328,1.0,0.0,800.0,0.5,800.0,0.0,-0.004461437400003661,0.304,0.29953856259999634,780.0,20.0,0.19062415359999932,0.256,0.4466241535999993
29.815196621,1.0,0.0,800.0,0.5,800.0,0.0,-0.004461437400003661,0.304,0.29953856259999634,820.0,-20.0,-0.19098575900000073,0.256,0.06501424099999928
29.828939956,1.0,0.0,800.0,0.5,800.0,0.0,-0.004461437400003661,0.304,0.29953856259999634,800.0,0.0,-9.857590000007122E-4,0.256,0.2550142409999993
29.852719833,1.0,0.0,800.0,0.5,800.0,0.0,-0.004461437400003661,0.304,0.29953856259999634,820.0,-20.0,-0.19334933840000076,0.256,0.06265066159999924
29.869666835,1.0,0.0,800.0,0.5,800.0,0.0,-0.004461437400003661,0.304,0.29953856259999634,780.0,20.0,0.1883685201000003,0.256,0.4443685201000003
29.886716795,1.0,0.0,800.0,0.5,800.0,0.0,-0.004461437400003661,0.304,0.29953856259999634,820.0,-20.0,-0.19332685089999926,0.256,0.06267314910000074
29.904518088,1.0,0.0,800.0,0.5,800.0,0.0,-0.004461437400003661,0.304,0.29953856259999634,780.0,20.0,0.18845339509999917,0.256,0.44445339509999915
29.921693757,1.0,0.0,800.0,0.5,800.0,0.0,-0.004461437400003661,0.304,0.29953856259999634,820.0,-20.0,-0.19325898010000117,0.256,0.06274101989999883
29.935880133,1.0,0.0,800.0,0.5,780.0,20.0,0.18683023769999693,0.304,0.4908302376999969,800.0,0.0,-0.003258980100001168,0.256,0.25274101989999886
29.95193551,1.0,0.0,800.0,0.5,780.0,20.0,0.1884397419999948,0.304,0.4924397419999948,780.0,20.0,0.1883505533999977,0.256,0.44435055339999774
29.975969137,1.0,0.0,800.0,0.5,800.0,0.0,-0.0015602580000052058,0.304,0.3024397419999948,800.0,0.0,-0.0016494466000023067,0.256,0.2543505533999977
29.998818306,1.0,0.0,800.0,0.5,800.0,0.0,-0.0015602580000052058,0.304,0.3024397419999948,820.0,-20.0,-0.19416790100000356,0.256,0.06183209899999645
30.022048975,1.0,0.0,800.0,0.5,820.0,-20.0,-0.1937320957000037,0.304,0.1102679042999963,800.0,0.0,-0.0041679010000035535,0.256,0.2518320989999965
30.034388518,1.0,0.0,800.0,0.5,820.0,-20.0,-0.195,0.304,0.10899999999999999,800.0,0.0,-0.0041679010000035535,0.256,0.2518320989999965
30.064779604,1.0,0.0,800.0,0.5,800.0,0.0,-0.005,0.304,0.299,800.0,0.0,-0.0041679010000035535,0.256,0.2518320989999965
30.087081607,1.0,0.0,800.0,0.5,800.0,0.0,-0.005,0.304,0.299,800.0,0.0,-0.0041679010000035535,0.256,0.2518320989999965
30.110990984,1.0,0.0,800.0,0.5,800.0,0.0,-0.005,0.304,0.299,800.0,0.0,-0.0041679010000035535,0.256,0.2518320989999965
30.131155653,1.0,0.0,800.0,0.5,780.0,20.0,0.1868920419000011,0.304,0.49089204190000113,800.0,0.0,-0.0041679010000035535,0.256,0.2518320989999965
30.145991279,1.0,0.0,800.0,0.5,800.0,0.0,-0.003107958099998882,0.304,0.30089204190000113,800.0,0.0,-0.0041679010000035535,0.256,0.2518320989999965
30.166171406,1.0,0.0,800.0,0.5,800.0,0.0,-0.003107958099998882,0.304,0.30089204190000113,800.0,0.0,-0.0041679010000035535,0.256,0.2518320989999965
30.180371199,1.0,0.0,800.0,0.5,820.0,-20.0,-0.19433112069999767,0.304,0.10966887930000233,800.0,0.0,-0.0041679010000035535,0.256,0.2518320989999965
30.194942868,1.0,0.0,800.0,0.5,780.0,20.0,0.18720211280000343,0.304,0.4912021128000034,800.0,0.0,-0.0041679010000035535,0.256,0.2518320989999965
30.215488453,1.0,0.0,800.0,0.5,780.0,20.0,0.18925847970000179,0.304,0.4932584797000018,800.0,0.0,-0.0041679010000035535,0.256,0.2518320989999965
30.237566455,1.0,0.0,800.0,0.5,780.0,20.0,0.1913508674000019,0.304,0.4953508674000019,800.0,0.0,-0.0041679010000035535,0.256,0.2518320989999965
30.257624957,1.0,0.0,800.0,0.5,800.0,0.0,0.0013508674000019029,0.304,0.3053508674000019,800.0,0.0,-0.0041679010000035535,0.256,0.2518320989999965
30.274190459,1.0,0.0,800.0,0.5,800.0,0.0,0.0013508674000019029,0.304,0.3053508674000019,800.0,0.0,-0.0041679010000035535,0.256,0.2518320989999965
30.296177461,1.0,0.0,800.0,0.5,800.0,0.0,0.0013508674000019029,0.304,0.3053508674000019,800.0,0.0,-0.0041679010000035535,0.256,0.2518320989999965
30.310712963,1.0,0.0,800.0,0.5,800.0,0.0,0.0013508674000019029,0.304,0.3053508674000019,800.0,0.0,-0.0041679010000035535,0.256,0.2518320989999965
30.334473298,1.0,0.0,800.0,0.5,800.0,0.0,0.0013508674000019029,0.304,0.3053508674000019,780.0,20.0,0.18781228249999743,0.256,0.44381228249999743
30.348593466,1.0,0.0,800.0,0.5,800.0,0.0,0.0013508674000019029,0.304,0.3053508674000019,780.0,20.0,0.18941537019999657,0.256,0.44541537019999655
30.369879593,1.0,0.0,800.0,0.5,800.0,0.0,0.0013508674000019029,0.304,0.3053508674000019,780.0,20.0,0.1915450620999974,0.256,0.4475450620999974
30.383461637,1.0,0.0,800.0,0.5,800.0,0.0,0.0013508674000019029,0.304,0.3053508674000019,800.0,0.0,0.0015450620999973809,0.256,0.2575450620999974
30.403302555,1.0,0.0,800.0,0.5,800.0,0.0,0.0013508674000019029,0.304,0.3053508674000019,800.0,0.0,0.0015450620999973809,0.256,0.2575450620999974
30.416307681,1.0,0.0,800.0,0.5,800.0,0.0,0.0013508674000019029,0.304,0.3053508674000019,800.0,0.0,0.0015450620999973809,0.256,0.2575450620999974
30.431947141,1.0,0.0,800.0,0.5,800.0,0.0,0.0013508674000019029,0.304,0.3053508674000019,800.0,0.0,0.0015450620999973809,0.256,0.2575450620999974
30.453450852,1.0,0.0,800.0,0.5,800.0,0.0,0.0013508674000019029,0.304,0.3053508674000019,800.0,0.0,0.0015450620999973809,0.256,0.2575450620999974
30.48060998,1.0,0.0,800.0,0.5,800.0,0.0,0.0013508674000019029,0.304,0.3053508674000019,780.0,20.0,0.1939812956999998,0.256,0.4499812956999998
30.50565744,1.0,0.0,800.0,0.5,780.0,20.0,0.19371217180000203,0.304,0.49771217180000205,800.0,0.0,0.003981295699999805,0.256,0.25998129569999984
30.527601859,1.0,0.0,800.0,0.5,780.0,20.0,0.195,0.304,0.499,800.0,0.0,0.003981295699999805,0.256,0.25998129569999984
30.539262402,1.0,0.0,800.0,0.5,780.0,20.0,0.195,0.304,0.499,800.0,0.0,0.003981295699999805,0.256,0.25998129569999984
30.554767112,1.0,0.0,800.0,0.5,800.0,0.0,0.005,0.304,0.309,780.0,20.0,0.195,0.256,0.451
30.575412447,1.0,0.0,800.0,0.5,800.0,0.0,0.005,0.304,0.309,800.0,0.0,0.005,0.256,0.261
30.589293449,1.0,0.0,800.0,0.5,800.0,0.0,0.005,0.304,0.309,800.0,0.0,0.005,0.256,0.261
30.612496993,1.0,0.0,800.0,0.5,800.0,0.0,0.005,0.304,0.309,800.0,0.0,0.005,0.256,0.261
30.626079328,1.0,0.0,800.0,0.5,820.0,-20.0,-0.18623550009999748,0.304,0.11776449990000251,800.0,0.0,0.005,0.256,0.261
30.65022408,1.0,0.0,800.0,0.5,800.0,0.0,0.0037644999000025336,0.304,0.30776449990000254,780.0,20.0,0.195,0.256,0.451
30.665598415,1.0,0.0,800.0,0.5,820.0,-20.0,-0.1877271418999959,0.304,0.1162728581000041,800.0,0.0,0.005,0.256,0.261
30.692145626,1.0,0.0,800.0,0.5,820.0,-20.0,-0.19063990049999746,0.304,0.11336009950000253,800.0,0.0,0.005,0.256,0.261
30.704270794,1.0,0.0,800.0,0.5,800.0,0.0,-6.399004999974523E-4,0.304,0.30336009950000253,800.0,0.0,0.005,0.256,0.261
30.718820878,1.0,0.0,800.0,0.5,800.0,0.0,-6.399004999974523E-4,0.304,0.30336009950000253,780.0,20.0,0.195,0.256,0.451
30.749968257,1.0,0.0,800.0,0.5,800.0,0.0,-6.399004999974523E-4,0.304,0.30336009950000253,800.0,0.0,0.005,0.256,0.261
30.768988717,1.0,0.0,800.0,0.5,800.0,0.0,-6.399004999974523E-4,0.304,0.30336009950000253,800.0,0.0,0.005,0.256,0.261
30.781044176,1.0,0.0,800.0,0.5,800.0,0.0,-6.399004999974523E-4,0.304,0.30336009950000253,800.0,0.0,0.005,0.256,0.261
30.793756761,1.0,0.0,800.0,0.5,800.0,0.0,-6.399004999974523E-4,0.304,0.30336009950000253,800.0,0.0,0.005,0.256,0.261
30.818594805,1.0,0.0,800.0,0.5,800.0,0.0,-6.399004999974523E-4,0.304,0.30336009950000253,800.0,0.0,0.005,0.256,0.261
30.83179214,1.0,0.0,800.0,0.5,800.0,0.0,-6.399004999974523E-4,0.304,0.30336009950000253,800.0,0.0,0.005,0.256,0.261
30.852507184,1.0,0.0,800.0,0.5,780.0,20.0,0.1913183497000017,0.304,0.49531834970000166,800.0,0.0,0.005,0.256,0.261
30.864138268,1.0,0.0,800.0,0.5,780.0,20.0,0.192479416500002,0.304,0.496479416500002,800.0,0.0,0.005,0.256,0.261
30.883388853,1.0,0.0,800.0,0.5,780.0,20.0,0.19439382920000242,0.304,0.4983938292000024,800.0,0.0,0.005,0.256,0.261
30.904667689,1.0,0.0,800.0,0.5,820.0,-20.0,-0.18773904179999817,0.304,0.11626095820000182,800.0,0.0,0.005,0.256,0.261
30.922109066,1.0,0.0,800.0,0.5,820.0,-20.0,-0.18948618359999955,0.304,0.11451381640000044,800.0,0.0,0.005,0.256,0.261
30.943747818,0.0,0.0,800.0,0.5,820.0,-20.0,-0.19105368799999725,0.304,0.11294631200000274,780.0,20.0,0.195,0.256,0.451
30.967509028,1.0,0.0,800.0,0.5,800.0,0.0,-0.0010536879999972371,0.304,0.30294631200000277,800.0,0.0,0.005,0.256,0.261
30.984429197,1.0,0.0,800.0,0.5,800.0,0.0,-0.0010536879999972371,0.304,0.30294631200000277,820.0,-20.0,-0.18686970020000104,0.256,0.06913029979999896
31.002493574,1.0,0.0,800.0,0.5,800.0,0.0,-0.0010536879999972371,0.304,0.30294631200000277,800.0,0.0,0.003130299799998966,0.256,0.25913029979999896
31.016509908,1.0,0.0,800.0,0.5,800.0,0.0,-0.0010536879999972371,0.304,0.30294631200000277,780.0,20.0,0.19452595419999852,0.256,0.4505259541999985
31.034799744,0.0,0.0,800.0,0.5,820.0,-20.0,-0.1926467713999989,0.304,0.1113532286000011,780.0,20.0,0.195,0.256,0.451
31.063974871,1.0,0.0,800.0,0.5,800.0,0.0,-0.0026467713999988973,0.304,0.3013532286000011,820.0,-20.0,-0.1879217711000001,0.256,0.0680782288999999
31.080609498,1.0,0.0,800.0,0.5,800.0,0.0,-0.0026467713999988973,0.304,0.3013532286000011,820.0,-20.0,-0.18982588799999917,0.256,0.06617411200000084
31.105754376,1.0,0.0,800.0,0.5,820.0,-20.0,-0.195,0.304,0.10899999999999999,800.0,0.0,1.7411200000083226E-4,0.256,0.25617411200000084
31.137025421,1.0,0.0,800.0,0.5,800.0,0.0,-0.005,0.304,0.299,800.0,0.0,1.7411200000083226E-4,0.256,0.25617411200000084
31.150761172,1.0,0.0,800.0,0.5,800.0,0.0,-0.005,0.304,0.299,800.0,0.0,1.7411200000083226E-4,0.256,0.25617411200000084
31.175705091,1.0,0.0,800.0,0.5,780.0,20.0,0.1873954878000012,0.304,0.4913954878000012,800.0,0.0,1.7411200000083226E-4,0.256,0.25617411200000084
31.188571676,1.0,0.0,800.0,0.5,780.0,20.0,0.18868275870000048,0.304,0.49268275870000044,800.0,0.0,1.7411200000083226E-4,0.256,0.25617411200000084
31.217005095,0.0,0.0,800.0,0.5,780.0,20.0,0.1913048132000006,0.304,0.4953048132000006,820.0,-20.0,-0.19244794249999927,0.256,0.06355205750000073
31.23510068,1.0,0.0,800.0,0.5,800.0,0.0,0.0013048132000005807,0.304,0.3053048132000006,800.0,0.0,-0.002447942499999272,0.256,0.25355205750000076
31.264276683,1.0,0.0,800.0,0.5,800.0,0.0,0.0013048132000005807,0.304,0.3053048132000006,820.0,-20.0,-0.195,0.256,0.061
31.284112644,1.0,0.0,800.0,0.5,820.0,-20.0,-0.19077838699999858,0.304,0.11322161300000141,800.0,0.0,-0.005,0.256,0.251
31.296248603,1.0,0.0,800.0,0.5,820.0,-20.0,-0.19219212459999938,0.304,0.11180787540000062,800.0,0.0,-0.005,0.256,0.251
31.309323438,1.0,0.0,800.0,0.5,820.0,-20.0,-0.19350229140000125,0.304,0.11049770859999875,800.0,0.0,-0.005,0.256,0.251
31.347780275,0.0,0.0,720.0,0.9,800.0,-80.0,-0.765,0.2736,-0.4914,800.0,-80.0,-0.765,0.23040000000000002,-0.5346
31.371278402,0.0,0.0,720.0,0.9,780.0,-60.0,-0.575,0.2736,-0.30139999999999995,780.0,-60.0,-0.575,0.23040000000000002,-0.3445999999999999
31.383554654,0.0,0.0,720.0,0.9,760.0,-40.0,-0.385,0.2736,-0.1114,780.0,-60.0,-0.575,0.23040000000000002,-0.3445999999999999
31.407085448,1.0,0.0,720.0,0.9,740.0,-20.0,-0.195,0.2736,0.0786,740.0,-20.0,-0.195,0.23040000000000002,0.035400000000000015
31.433873575,1.0,0.0,720.0,0.9,720.0,0.0,-0.005,0.2736,0.2686,700.0,20.0,0.1877213961000001,0.23040000000000002,0.4181213961000001
31.463880245,1.0,0.0,720.0,0.9,720.0,0.0,-0.005,0.2736,0.2686,720.0,0.0,-0.0022786038999998938,0.23040000000000002,0.22812139610000012
31.49176154,1.0,0.0,720.0,0.9,720.0,0.0,-0.005,0.2736,0.2686,700.0,20.0,0.1908929214000017,0.23040000000000002,0.42129292140000174
31.511951,1.0,0.0,720.0,0.9,700.0,20.0,0.18690423350000232,0.2736,0.46050423350000236,700.0,20.0,0.19279709660000094,0.23040000000000002,0.42319709660000093
31.529493002,1.0,0.0,720.0,0.9,700.0,20.0,0.1886427128000014,0.2736,0.4622427128000014,720.0,0.0,0.002797096600000941,0.23040000000000002,0.23319709660000096
31.543709128,1.0,0.0,720.0,0.9,720.0,0.0,-0.0013572871999986092,0.2736,0.2722427128000014,720.0,0.0,0.002797096600000941,0.23040000000000002,0.23319709660000096
31.567153589,1.0,0.0,720.0,0.9,720.0,0.0,-0.0013572871999986092,0.2736,0.2722427128000014,700.0,20.0,0.195,0.23040000000000002,0.4254
31.593852758,0.0,0.0,800.0,0.5,700.0,100.0,0.955,0.304,1.0,700.0,100.0,0.955,0.256,1.0
31.618539719,0.0,0.0,800.0,0.5,720.0,80.0,0.765,0.304,1.0,720.0,80.0,0.765,0.256,1.0
31.62887697,0.0,0.0,800.0,0.5,720.0,80.0,0.765,0.304,1.0,720.0,80.0,0.765,0.256,1.0
31.649830889,0.0,0.0,800.0,0.5,740.0,60.0,0.575,0.304,0.879,760.0,40.0,0.385,0.256,0.641
31.662496807,0.0,0.0,800.0,0.5,780.0,20.0,0.195,0.304,0.499,760.0,40.0,0.385,0.256,0.641
31.688646768,1.0,0.0,800.0,0.5,800.0,0.0,0.005,0.304,0.309,800.0,0.0,0.005,0.256,0.261
31.698958352,1.0,0.0,800.0,0.5,800.0,0.0,0.005,0.304,0.309,800.0,0.0,0.005,0.256,0.261
31.719475354,1.0,0.0,800.0,0.5,820.0,-20.0,-0.1869295792999998,0.304,0.1170704207000002,800.0,0.0,0.005,0.256,0.261
31.737190606,1.0,0.0,800.0,0.5,820.0,-20.0,-0.18850947949999922,0.304,0.11549052050000078,820.0,-20.0,-0.18657992930000147,0.256,0.06942007069999853
31.753011482,0.0,0.0,800.0,0.5,820.0,-20.0,-0.19006858379999927,0.304,0.11393141620000072,840.0,-40.0,-0.3796981379000016,0.256,-0.12369813790000161
31.788651986,1.0,0.0,800.0,0.5,820.0,-20.0,-0.1934665008000002,0.304,0.1105334991999998,820.0,-20.0,-0.19309599659999946,0.256,0.06290400340000055
31.819287781,0.0,0.0,720.0,0.9,820.0,-100.0,-0.955,0.2736,-0.6814,820.0,-100.0,-0.955,0.23040000000000002,-0.7245999999999999
31.836865366,0.0,0.0,720.0,0.9,820.0,-100.0,-0.955,0.2736,-0.6814,800.0,-80.0,-0.765,0.23040000000000002,-0.5346
31.862415368,0.0,0.0,720.0,0.9,780.0,-60.0,-0.575,0.2736,-0.30139999999999995,760.0,-40.0,-0.385,0.23040000000000002,-0.1546
31.877087953,0.0,0.0,720.0,0.9,760.0,-40.0,-0.385,0.2736,-0.1114,740.0,-20.0,-0.195,0.23040000000000002,0.035400000000000015
31.89898133,1.0,0.0,720.0,0.9,720.0,0.0,-0.005,0.2736,0.2686,720.0,0.0,-0.005,0.23040000000000002,0.22540000000000002
31.915155999,0.0,0.0,720.0,0.9,700.0,20.0,0.18658786259999885,0.2736,0.4601878625999989,680.0,40.0,0.3781757254000013,0.23040000000000002,0.6085757254000013
31.937487751,0.0,0.0,720.0,0.9,680.0,40.0,0.38069592980000094,0.2736,0.654295929800001,680.0,40.0,0.3822837923999998,0.23040000000000002,0.6126837923999998
31.952468919,0.0,0.0,720.0,0.9,680.0,40.0,0.3840431549999977,0.2736,0.6576431549999977,680.0,40.0,0.385,0.23040000000000002,0.6154000000000001
31.986799548,0.0,0.0,720.0,0.9,680.0,40.0,0.385,0.2736,0.6586000000000001,700.0,20.0,0.195,0.23040000000000002,0.4254
32.01167405,1.0,0.0,720.0,0.9,720.0,0.0,0.005,0.2736,0.2786,720.0,0.0,0.005,0.23040000000000002,0.23540000000000003
32.025431385,1.0,0.0,720.0,0.9,740.0,-20.0,-0.1864265418000008,0.2736,0.08717345819999922,720.0,0.0,0.005,0.23040000000000002,0.23540000000000003
32.051878554,0.0,0.0,720.0,0.9,760.0,-40.0,-0.3817667839999984,0.2736,-0.1081667839999984,720.0,0.0,0.005,0.23040000000000002,0.23540000000000003
32.065752264,1.0,0.0,720.0,0.9,740.0,-20.0,-0.1932674090999973,0.2736,0.08033259090000272,720.0,0.0,0.005,0.23040000000000002,0.23540000000000003
32.081550974,0.0,0.0,720.0,0.9,760.0,-40.0,-0.385,0.2736,-0.1114,740.0,-20.0,-0.1863663417999993,0.23040000000000002,0.044033658200000714
32.100165434,1.0,0.0,720.0,0.9,740.0,-20.0,-0.195,0.2736,0.0786,740.0,-20.0,-0.1882050378000008,0.23040000000000002,0.042194962199999214
32.121953228,0.0,0.0,720.0,0.9,760.0,-40.0,-0.385,0.2736,-0.1114,740.0,-20.0,-0.19034829220000007,0.23040000000000002,0.04005170779999995
32.147665105,1.0,0.0,720.0,0.9,740.0,-20.0,-0.195,0.2736,0.0786,740.0,-20.0,-0.1929697925000005,0.23040000000000002,0.037430207499999535
32.169347608,1.0,0.0,720.0,0.9,720.0,0.0,-0.005,0.2736,0.2686,720.0,0.0,-0.0029697925000004943,0.23040000000000002,0.22743020749999954
32.182420109,1.0,0.0,720.0,0.9,720.0,0.0,-0.005,0.2736,0.2686,740.0,-20.0,-0.1943987843000008,0.23040000000000002,0.03600121569999923
32.200579569,1.0,0.0,720.0,0.9,700.0,20.0,0.18668796270000088,0.2736,0.4602879627000009,720.0,0.0,-0.004398784300000784,0.23040000000000002,0.22600121569999923
32.226124322,1.0,0.0,720.0,0.9,720.0,0.0,-0.0033120372999991335,0.2736,0.2702879627000009,720.0,0.0,-0.004398784300000784,0.23040000000000002,0.22600121569999923
32.236654656,1.0,0.0,720.0,0.9,720.0,0.0,-0.0033120372999991335,0.2736,0.2702879627000009,720.0,0.0,-0.004398784300000784,0.23040000000000002,0.22600121569999923
32.266552826,0.0,0.0,800.0,0.5,700.0,100.0,0.955,0.304,1.0,740.0,60.0,0.573556804100005,0.256,0.829556804100005
32.29199462,0.0,0.0,800.0,0.5,720.0,80.0,0.765,0.304,1.0,740.0,60.0,0.575,0.256,0.831
32.303742954,0.0,0.0,800.0,0.5,740.0,60.0,0.575,0.304,0.879,740.0,60.0,0.575,0.256,0.831
32.318037248,0.0,0.0,800.0,0.5,740.0,60.0,0.575,0.304,0.879,760.0,40.0,0.385,0.256,0.641
32.332873166,0.0,0.0,800.0,0.5,760.0,40.0,0.385,0.304,0.6890000000000001,780.0,20.0,0.195,0.256,0.451
32.352830168,1.0,0.0,800.0,0.5,780.0,20.0,0.195,0.304,0.499,800.0,0.0,0.005,0.256,0.261
32.370872961,1.0,0.0,800.0,0.5,820.0,-20.0,-0.18680824599999882,0.304,0.11719175400000117,800.0,0.0,0.005,0.256,0.261
32.383996796,1.0,0.0,800.0,0.5,820.0,-20.0,-0.188336900299999,0.304,0.11566309970000099,800.0,0.0,0.005,0.256,0.261
32.404304964,0.0,1.0,800.0,0.5,840.0,-40.0,-0.38237088410000125,0.304,-0.07837088410000126,800.0,0.0,0.005,0.256,0.261
32.422731008,0.0,0.0,800.0,0.5,840.0,-40.0,-0.385,0.304,-0.08100000000000002,800.0,0.0,0.005,0.256,0.261
32.434634509,0.0,0.0,800.0,0.5,840.0,-40.0,-0.385,0.304,-0.08100000000000002,800.0,0.0,0.005,0.256,0.261
32.458946095,0.0,0.0,720.0,0.9,820.0,-100.0,-0.955,0.2736,-0.6814,820.0,-100.0,-0.955,0.23040000000000002,-0.7245999999999999
32.475693888,0.0,0.0,720.0,0.9,800.0,-80.0,-0.765,0.2736,-0.4914,800.0,-80.0,-0.765,0.23040000000000002,-0.5346
32.487945931,0.0,0.0,720.0,0.9,800.0,-80.0,-0.765,0.2736,-0.4914,800.0,-80.0,-0.765,0.23040000000000002,-0.5346
32.507055058,0.0,0.0,720.0,0.9,760.0,-40.0,-0.385,0.2736,-0.1114,780.0,-60.0,-0.575,0.23040000000000002,-0.3445999999999999
32.526300977,1.0,0.0,720.0,0.9,720.0,0.0,-0.005,0.2736,0.2686,740.0,-20.0,-0.195,0.23040000000000002,0.035400000000000015
32.54094177,1.0,0.0,720.0,0.9,700.0,20.0,0.18642569589999938,0.2736,0.4600256958999994,720.0,0.0,-0.005,0.23040000000000002,0.22540000000000002
32.560759064,0.0,0.0,720.0,0.9,700.0,20.0,0.18831534609999837,0.2736,0.4619153460999984,680.0,40.0,0.37877935879999997,0.23040000000000002,0.6091793588
32.586247816,0.0,0.0,720.0,0.9,700.0,20.0,0.1910082171999994,0.2736,0.46460821719999945,680.0,40.0,0.3841651010000021,0.23040000000000002,0.6145651010000022
32.615457069,1.0,0.0,720.0,0.9,700.0,20.0,0.19396647589999874,0.2736,0.4675664758999988,700.0,20.0,0.195,0.23040000000000002,0.4254
32.629450654,1.0,0.0,720.0,0.9,700.0,20.0,0.195,0.2736,0.4686,700.0,20.0,0.195,0.23040000000000002,0.4254
32.651400323,1.0,0.0,720.0,0.9,700.0,20.0,0.195,0.2736,0.4686,720.0,0.0,0.005,0.23040000000000002,0.23540000000000003
32.668703158,1.0,0.0,720.0,0.9,700.0,20.0,0.195,0.2736,0.4686,720.0,0.0,0.005,0.23040000000000002,0.23540000000000003
32.690585452,1.0,0.0,720.0,0.9,720.0,0.0,0.005,0.2736,0.2786,720.0,0.0,0.005,0.23040000000000002,0.23540000000000003
32.705922161,1.0,0.0,720.0,0.9,740.0,-20.0,-0.1865064875999997,0.2736,0.08709351240000032,720.0,0.0,0.005,0.23040000000000002,0.23540000000000003
32.730771581,1.0,0.0,720.0,0.9,720.0,0.0,0.003493512400000327,0.2736,0.27709351240000035,720.0,0.0,0.005,0.23040000000000002,0.23540000000000003
32.75581875,0.0,0.0,720.0,0.9,660.0,60.0,0.575,0.2736,0.8486,640.0,80.0,0.765,0.23040000000000002,0.9954000000000001
32.778782835,0.0,0.0,720.0,0.9,580.0,140.0,1.335,0.2736,1.0,560.0,160.0,1.525,0.23040000000000002,1.0
32.796151879,0.0,0.0,720.0,0.9,600.0,120.0,1.1449999999999998,0.2736,1.0,580.0,140.0,1.335,0.23040000000000002,1.0
32.80667113,0.0,0.0,720.0,0.9,600.0,120.0,1.1449999999999998,0.2736,1.0,580.0,140.0,1.335,0.23040000000000002,1.0
32.82096834,0.0,0.0,720.0,0.9,620.0,100.0,0.955,0.2736,1.0,600.0,120.0,1.1449999999999998,0.23040000000000002,1.0
32.831811633,0.0,0.0,720.0,0.9,640.0,80.0,0.765,0.2736,1.0,620.0,100.0,0.955,0.23040000000000002,1.0
32.846753134,0.0,0.0,720.0,0.9,660.0,60.0,0.575,0.2736,0.8486,640.0,80.0,0.765,0.23040000000000002,0.9954000000000001
32.872315095,0.0,0.0,720.0,0.9,680.0,40.0,0.385,0.2736,0.6586000000000001,680.0,40.0,0.385,0.23040000000000002,0.6154000000000001
32.897298389,1.0,0.0,720.0,0.9,720.0,0.0,0.005,0.2736,0.2786,720.0,0.0,0.005,0.23040000000000002,0.23540000000000003
32.909839765,1.0,0.0,720.0,0.9,740.0,-20.0,-0.1866558793999991,0.2736,0.08694412060000092,720.0,0.0,0.005,0.23040000000000002,0.23540000000000003
32.926346642,0.0,0.0,720.0,0.9,760.0,-40.0,-0.37953632140000193,0.2736,-0.10593632140000192,740.0,-20.0,-0.18644025010000065,0.23040000000000002,0.04395974989999937
32.941062685,0.0,0.0,720.0,0.9,760.0,-40.0,-0.3822044300000016,0.2736,-0.10860443000000158,740.0,-20.0,-0.18777430440000045,0.23040000000000002,0.04262569559999957
32.956235478,0.0,0.0,720.0,0.9,760.0,-40.0,-0.385,0.2736,-0.1114,740.0,-20.0,-0.18942630459999976,0.23040000000000002,0.04097369540000026
32.968613813,0.0,0.0,720.0,0.9,760.0,-40.0,-0.385,0.2736,-0.1114,760.0,-40.0,-0.38217438819999927,0.23040000000000002,-0.15177438819999925
32.987982231,1.0,0.0,720.0,0.9,740.0,-20.0,-0.195,0.2736,0.0786,740.0,-20.0,-0.19394460089999996,0.23040000000000002,0.03645539910000006
33.0022844,1.0,0.0,720.0,0.9,740.0,-20.0,-0.195,0.2736,0.0786,740.0,-20.0,-0.195,0.23040000000000002,0.035400000000000015
33.014407234,1.0,0.0,720.0,0.9,720.0,0.0,-0.005,0.2736,0.2686,740.0,-20.0,-0.195,0.23040000000000002,0.035400000000000015
33.029003111,1.0,0.0,720.0,0.9,720.0,0.0,-0.005,0.2736,0.2686,720.0,0.0,-0.005,0.23040000000000002,0.22540000000000002
33.046333071,1.0,0.0,720.0,0.9,700.0,20.0,0.1870257418,0.2736,0.46062574180000004,720.0,0.0,-0.005,0.23040000000000002,0.22540000000000002
33.059352197,1.0,0.0,720.0,0.9,700.0,20.0,0.1881862544000006,0.2736,0.46178625440000065,720.0,0.0,-0.005,0.23040000000000002,0.22540000000000002
33.07431674,1.0,0.0,720.0,0.9,720.0,0.0,-0.001813745599999379,0.2736,0.27178625440000065,740.0,-20.0,-0.195,0.23040000000000002,0.035400000000000015
33.087324491,1.0,0.0,720.0,0.9,720.0,0.0,-0.001813745599999379,0.2736,0.27178625440000065,720.0,0.0,-0.005,0.23040000000000002,0.22540000000000002
33.098122868,1.0,0.0,720.0,0.9,720.0,0.0,-0.001813745599999379,0.2736,0.27178625440000065,720.0,0.0,-0.005,0.23040000000000002,0.22540000000000002
33.108919202,1.0,0.0,720.0,0.9,720.0,0.0,-0.001813745599999379,0.2736,0.27178625440000065,720.0,0.0,-0.005,0.23040000000000002,0.22540000000000002
33.121659787,1.0,0.0,720.0,0.9,720.0,0.0,-0.001813745599999379,0.2736,0.27178625440000065,720.0,0.0,-0.005,0.23040000000000002,0.22540000000000002
33.132417913,1.0,0.0,720.0,0.9,720.0,0.0,-0.001813745599999379,0.2736,0.27178625440000065,720.0,0.0,-0.005,0.23040000000000002,0.22540000000000002
33.146920456,1.0,0.0,720.0,0.9,720.0,0.0,-0.001813745599999379,0.2736,0.27178625440000065,720.0,0.0,-0.005,0.23040000000000002,0.22540000000000002
33.168528,0.0,0.0,720.0,0.9,680.0,40.0,0.38179131299999935,0.2736,0.6553913129999993,640.0,80.0,0.7622100008000007,0.23040000000000002,0.9926100008000007
33.184245626,0.0,0.0,720.0,0.9,620.0,100.0,0.955,0.2736,1.0,620.0,100.0,0.955,0.23040000000000002,1.0
33.208422754,0.0,0.0,720.0,0.9,580.0,140.0,1.335,0.2736,1.0,580.0,140.0,1.335,0.23040000000000002,1.0
33.22349813,0.0,0.0,720.0,0.9,600.0,120.0,1.1449999999999998,0.2736,1.0,600.0,120.0,1.1449999999999998,0.23040000000000002,1.0
33.236064006,0.0,0.0,720.0,0.9,620.0,100.0,0.955,0.2736,1.0,620.0,100.0,0.955,0.23040000000000002,1.0
33.256620092,0.0,0.0,720.0,0.9,640.0,80.0,0.765,0.2736,1.0,640.0,80.0,0.765,0.23040000000000002,0.9954000000000001
33.28860397,0.0,0.0,720.0,0.9,680.0,40.0,0.385,0.2736,0.6586000000000001,680.0,40.0,0.385,0.23040000000000002,0.6154000000000001
33.312357014,1.0,0.0,720.0,0.9,720.0,0.0,0.005,0.2736,0.2786,720.0,0.0,0.005,0.23040000000000002,0.23540000000000003
33.331606724,0.0,0.0,720.0,0.9,760.0,-40.0,-0.3791059087999997,0.2736,-0.10550590879999971,740.0,-20.0,-0.18705295440000272,0.23040000000000002,0.0433470455999973
33.347015476,0.0,0.0,720.0,0.9,760.0,-40.0,-0.38210179239999886,0.2736,-0.10850179239999885,760.0,-40.0,-0.3800488380000019,0.23040000000000002,-0.14964883800000187
33.361843811,0.0,0.0,720.0,0.9,760.0,-40.0,-0.385,0.2736,-0.1114,740.0,-20.0,-0.19157766730000161,0.23040000000000002,0.03882233269999841
33.380635896,1.0,0.0,720.0,0.9,740.0,-20.0,-0.195,0.2736,0.0786,740.0,-20.0,-0.19343768420000118,0.23040000000000002,0.03696231579999884
33.409412607,0.0,0.0,720.0,0.9,740.0,-20.0,-0.195,0.2736,0.0786,760.0,-40.0,-0.385,0.23040000000000002,-0.1546
33.437129693,1.0,0.0,720.0,0.9,740.0,-20.0,-0.195,0.2736,0.0786,720.0,0.0,-0.005,0.23040000000000002,0.22540000000000002
33.453253903,1.0,0.0,720.0,0.9,720.0,0.0,-0.005,0.2736,0.2686,720.0,0.0,-0.005,0.23040000000000002,0.22540000000000002
33.466137113,1.0,0.0,720.0,0.9,720.0,0.0,-0.005,0.2736,0.2686,720.0,0.0,-0.005,0.23040000000000002,0.22540000000000002
33.478285031,1.0,0.0,720.0,0.9,720.0,0.0,-0.005,0.2736,0.2686,720.0,0.0,-0.005,0.23040000000000002,0.22540000000000002
33.490995574,1.0,0.0,720.0,0.9,720.0,0.0,-0.005,0.2736,0.2686,720.0,0.0,-0.005,0.23040000000000002,0.22540000000000002
33.504831658,1.0,0.0,720.0,0.9,720.0,0.0,-0.005,0.2736,0.2686,700.0,20.0,0.18614683349999894,0.23040000000000002,0.416546833499999
33.521424285,1.0,0.0,720.0,0.9,720.0,0.0,-0.005,0.2736,0.2686,700.0,20.0,0.18783555449999825,0.23040000000000002,0.4182355544999983
33.541054329,1.0,0.0,720.0,0.9,720.0,0.0,-0.005,0.2736,0.2686,720.0,0.0,-0.0021644455000017614,0.23040000000000002,0.22823555449999827
33.553902538,1.0,0.0,720.0,0.9,720.0,0.0,-0.005,0.2736,0.2686,720.0,0.0,-0.0021644455000017614,0.23040000000000002,0.22823555449999827
33.564825748,1.0,0.0,720.0,0.9,720.0,0.0,-0.005,0.2736,0.2686,720.0,0.0,-0.0021644455000017614,0.23040000000000002,0.22823555449999827
33.577622041,1.0,0.0,720.0,0.9,720.0,0.0,-0.005,0.2736,0.2686,720.0,0.0,-0.0021644455000017614,0.23040000000000002,0.22823555449999827
33.597624543,1.0,0.0,720.0,0.9,720.0,0.0,-0.005,0.2736,0.2686,700.0,20.0,0.18961609219999845,0.23040000000000002,0.42001609219999847
33.612464253,1.0,0.0,720.0,0.9,720.0,0.0,-0.005,0.2736,0.2686,700.0,20.0,0.19107845060000045,0.23040000000000002,0.42147845060000044
33.630591629,1.0,0.0,720.0,0.9,700.0,20.0,0.18659063349999827,0.2736,0.4601906334999983,720.0,0.0,0.0010784506000004513,0.23040000000000002,0.23147845060000047
33.648377756,1.0,0.0,720.0,0.9,720.0,0.0,-0.0034093665000017384,0.2736,0.2701906334999983,740.0,-20.0,-0.19069602039999836,0.23040000000000002,0.03970397960000166
33.661759424,1.0,0.0,720.0,0.9,720.0,0.0,-0.0034093665000017384,0.2736,0.2701906334999983,740.0,-20.0,-0.1923017330999994,0.23040000000000002,0.03809826690000062
33.676860759,1.0,0.0,720.0,0.9,740.0,-20.0,-0.19479994580000096,0.2736,0.07880005419999905,720.0,0.0,-0.00230173309999941,0.23040000000000002,0.22809826690000062
33.688898427,1.0,0.0,720.0,0.9,720.0,0.0,-0.004799945800000955,0.2736,0.26880005419999903,720.0,0.0,-0.00230173309999941,0.23040000000000002,0.22809826690000062
33.700404678,1.0,0.0,720.0,0.9,720.0,0.0,-0.004799945800000955,0.2736,0.26880005419999903,720.0,0.0,-0.00230173309999941,0.23040000000000002,0.22809826690000062
33.71564193,1.0,0.0,720.0,0.9,740.0,-20.0,-0.195,0.2736,0.0786,720.0,0.0,-0.00230173309999941,0.23040000000000002,0.22809826690000062
33.730686098,1.0,0.0,720.0,0.9,720.0,0.0,-0.005,0.2736,0.2686,720.0,0.0,-0.00230173309999941,0.23040000000000002,0.22809826690000062
33.743249932,1.0,0.0,720.0,0.9,720.0,0.0,-0.005,0.2736,0.2686,720.0,0.0,-0.00230173309999941,0.23040000000000002,0.22809826690000062
33.761889768,1.0,0.0,720.0,0.9,720.0,0.0,-0.005,0.2736,0.2686,720.0,0.0,-0.00230173309999941,0.23040000000000002,0.22809826690000062
33.789827937,1.0,0.0,720.0,0.9,720.0,0.0,-0.005,0.2736,0.2686,740.0,-20.0,-0.19484072089999926,0.23040000000000002,0.03555927910000076
33.807462397,0.0,0.0,720.0,0.9,640.0,80.0,0.7617554675999986,0.2736,1.0,680.0,40.0,0.378536954499998,0.23040000000000002,0.6089369544999981
33.829901191,0.0,0.0,720.0,0.9,580.0,140.0,1.335,0.2736,1.0,600.0,120.0,1.1449999999999998,0.23040000000000002,1.0
33.842404651,0.0,0.0,720.0,0.9,580.0,140.0,1.335,0.2736,1.0,580.0,140.0,1.335,0.23040000000000002,1.0
33.857290152,0.0,0.0,720.0,0.9,580.0,140.0,1.335,0.2736,1.0,580.0,140.0,1.335,0.23040000000000002,1.0
33.868378737,0.0,0.0,720.0,0.9,600.0,120.0,1.1449999999999998,0.2736,1.0,600.0,120.0,1.1449999999999998,0.23040000000000002,1.0
33.88239478,0.0,0.0,720.0,0.9,620.0,100.0,0.955,0.2736,1.0,600.0,120.0,1.1449999999999998,0.23040000000000002,1.0
33.905283907,0.0,0.0,720.0,0.9,660.0,60.0,0.575,0.2736,0.8486,640.0,80.0,0.765,0.23040000000000002,0.9954000000000001
33.9210482,0.0,0.0,720.0,0.9,680.0,40.0,0.385,0.2736,0.6586000000000001,640.0,80.0,0.765,0.23040000000000002,0.9954000000000001
33.940036286,1.0,0.0,720.0,0.9,720.0,0.0,0.005,0.2736,0.2786,700.0,20.0,0.195,0.23040000000000002,0.4254
33.963034788,0.0,0.0,720.0,0.9,740.0,-20.0,-0.18766166269999815,0.2736,0.08593833730000186,700.0,20.0,0.195,0.23040000000000002,0.4254
33.980177206,0.0,0.0,720.0,0.9,760.0,-40.0,-0.3804060712999984,0.2736,-0.10680607129999842,740.0,-20.0,-0.18637220430000015,0.23040000000000002,0.04402779569999987
33.996086166,0.0,0.0,720.0,0.9,760.0,-40.0,-0.3838561967000004,0.2736,-0.11025619670000036,740.0,-20.0,-0.1880972669999983,0.23040000000000002,0.04230273300000173
34.014809126,1.0,0.0,720.0,0.9,740.0,-20.0,-0.195,0.2736,0.0786,740.0,-20.0,-0.1899511879999983,0.23040000000000002,0.04044881200000172
34.03031792,1.0,0.0,720.0,0.9,740.0,-20.0,-0.195,0.2736,0.0786,740.0,-20.0,-0.19163847989999908,0.23040000000000002,0.038761520100000946
34.049009088,1.0,0.0,720.0,0.9,720.0,0.0,-0.005,0.2736,0.2686,740.0,-20.0,-0.19316713419999929,0.23040000000000002,0.037232865800000736
34.067782798,1.0,0.0,720.0,0.9,720.0,0.0,-0.005,0.2736,0.2686,740.0,-20.0,-0.195,0.23040000000000002,0.035400000000000015
34.082804508,1.0,0.0,720.0,0.9,720.0,0.0,-0.005,0.2736,0.2686,740.0,-20.0,-0.195,0.23040000000000002,0.035400000000000015
34.102497844,0.0,0.0,720.0,0.9,720.0,0.0,-0.005,0.2736,0.2686,760.0,-40.0,-0.385,0.23040000000000002,-0.1546
34.115707136,0.0,0.0,720.0,0.9,720.0,0.0,-0.005,0.2736,0.2686,760.0,-40.0,-0.385,0.23040000000000002,-0.1546
34.131457138,1.0,0.0,720.0,0.9,720.0,0.0,-0.005,0.2736,0.2686,740.0,-20.0,-0.195,0.23040000000000002,0.035400000000000015
34.148648265,1.0,0.0,720.0,0.9,720.0,0.0,-0.005,0.2736,0.2686,740.0,-20.0,-0.195,0.23040000000000002,0.035400000000000015
34.158921349,1.0,0.0,720.0,0.9,720.0,0.0,-0.005,0.2736,0.2686,740.0,-20.0,-0.195,0.23040000000000002,0.035400000000000015
34.174415851,1.0,0.0,720.0,0.9,700.0,20.0,0.1861319585000024,0.2736,0.45973195850000237,720.0,0.0,-0.005,0.23040000000000002,0.22540000000000002
34.18807956,1.0,0.0,720.0,0.9,720.0,0.0,-0.0038680414999976167,0.2736,0.26973195850000237,720.0,0.0,-0.005,0.23040000000000002,0.22540000000000002
34.200879062,1.0,0.0,720.0,0.9,720.0,0.0,-0.0038680414999976167,0.2736,0.26973195850000237,720.0,0.0,-0.005,0.23040000000000002,0.22540000000000002
34.210851146,1.0,0.0,720.0,0.9,720.0,0.0,-0.0038680414999976167,0.2736,0.26973195850000237,720.0,0.0,-0.005,0.23040000000000002,0.22540000000000002
34.223625564,1.0,0.0,720.0,0.9,740.0,-20.0,-0.195,0.2736,0.0786,720.0,0.0,-0.005,0.23040000000000002,0.22540000000000002
34.245432899,1.0,0.0,720.0,0.9,720.0,0.0,-0.005,0.2736,0.2686,700.0,20.0,0.18697817099999894,0.23040000000000002,0.41737817099999897
34.258732026,1.0,0.0,720.0,0.9,720.0,0.0,-0.005,0.2736,0.2686,700.0,20.0,0.1884247502999989,0.23040000000000002,0.4188247502999989
34.272332736,1.0,0.0,720.0,0.9,720.0,0.0,-0.005,0.2736,0.2686,720.0,0.0,-0.001575249700001109,0.23040000000000002,0.2288247502999989
34.298897738,1.0,0.0,720.0,0.9,720.0,0.0,-0.005,0.2736,0.2686,720.0,0.0,-0.001575249700001109,0.23040000000000002,0.2288247502999989
34.316939073,1.0,0.0,720.0,0.9,720.0,0.0,-0.005,0.2736,0.2686,700.0,20.0,0.19003641299999913,0.23040000000000002,0.4204364129999991
34.344129701,1.0,0.0,720.0,0.9,720.0,0.0,-0.005,0.2736,0.2686,720.0,0.0,3.641299999912917E-5,0.23040000000000002,0.23043641299999915
34.353923285,1.0,0.0,720.0,0.9,720.0,0.0,-0.005,0.2736,0.2686,720.0,0.0,3.641299999912917E-5,0.23040000000000002,0.23043641299999915
34.368628537,1.0,0.0,720.0,0.9,720.0,0.0,-0.005,0.2736,0.2686,720.0,0.0,3.641299999912917E-5,0.23040000000000002,0.23043641299999915
34.379259205,1.0,0.0,720.0,0.9,720.0,0.0,-0.005,0.2736,0.2686,720.0,0.0,3.641299999912917E-5,0.23040000000000002,0.23043641299999915
34.392791081,1.0,0.0,720.0,0.9,720.0,0.0,-0.005,0.2736,0.2686,720.0,0.0,3.641299999912917E-5,0.23040000000000002,0.23043641299999915
34.416624625,1.0,0.0,720.0,0.9,700.0,20.0,0.18724128350000116,0.2736,0.4608412835000012,720.0,0.0,3.641299999912917E-5,0.23040000000000002,0.23043641299999915
34.436266919,0.0,0.0,720.0,0.9,700.0,20.0,0.1888027795000005,0.2736,0.4624027795000005,740.0,-20.0,-0.19152505379999923,0.23040000000000002,0.03887494620000079
34.457145296,1.0,0.0,720.0,0.9,720.0,0.0,-0.0011972204999995029,0.2736,0.2724027795000005,720.0,0.0,-0.0015250537999992276,0.23040000000000002,0.2288749462000008
34.468083089,1.0,0.0,720.0,0.9,720.0,0.0,-0.0011972204999995029,0.2736,0.2724027795000005,720.0,0.0,-0.0015250537999992276,0.23040000000000002,0.2288749462000008
34.48666809,1.0,0.0,720.0,0.9,720.0,0.0,-0.0011972204999995029,0.2736,0.2724027795000005,720.0,0.0,-0.0015250537999992276,0.23040000000000002,0.2288749462000008
34.507140759,1.0,0.0,720.0,0.9,720.0,0.0,-0.0011972204999995029,0.2736,0.2724027795000005,720.0,0.0,-0.0015250537999992276,0.23040000000000002,0.2288749462000008
34.535239054,1.0,0.0,720.0,0.9,720.0,0.0,-0.0011972204999995029,0.2736,0.2724027795000005,720.0,0.0,-0.0015250537999992276,0.23040000000000002,0.2288749462000008
34.549958888,1.0,0.0,720.0,0.9,720.0,0.0,-0.0011972204999995029,0.2736,0.2724027795000005,720.0,0.0,-0.0015250537999992276,0.23040000000000002,0.2288749462000008
34.562271015,1.0,0.0,720.0,0.9,720.0,0.0,-0.0011972204999995029,0.2736,0.2724027795000005,720.0,0.0,-0.0015250537999992276,0.23040000000000002,0.2288749462000008
34.572927349,1.0,0.0,720.0,0.9,720.0,0.0,-0.0011972204999995029,0.2736,0.2724027795000005,720.0,0.0,-0.0015250537999992276,0.23040000000000002,0.2288749462000008
34.592330768,1.0,0.0,720.0,0.9,720.0,0.0,-0.0011972204999995029,0.2736,0.2724027795000005,700.0,20.0,0.19000561300000016,0.23040000000000002,0.4204056130000002
34.61536427,1.0,0.0,720.0,0.9,720.0,0.0,-0.0011972204999995029,0.2736,0.2724027795000005,720.0,0.0,5.613000000153079E-6,0.23040000000000002,0.23040561300000018
34.626683271,1.0,0.0,720.0,0.9,720.0,0.0,-0.0011972204999995029,0.2736,0.2724027795000005,720.0,0.0,5.613000000153079E-6,0.23040000000000002,0.23040561300000018
34.642360648,1.0,0.0,720.0,0.9,720.0,0.0,-0.0011972204999995029,0.2736,0.2724027795000005,720.0,0.0,5.613000000153079E-6,0.23040000000000002,0.23040561300000018
34.656302899,1.0,0.0,720.0,0.9,720.0,0.0,-0.0011972204999995029,0.2736,0.2724027795000005,700.0,20.0,0.19116145890000155,0.23040000000000002,0.4215614589000016
34.672276026,1.0,0.0,720.0,0.9,720.0,0.0,-0.0011972204999995029,0.2736,0.2724027795000005,720.0,0.0,0.0011614589000015485,0.23040000000000002,0.23156145890000157
34.702604987,1.0,0.0,695.0,0.9,720.0,-25.0,-0.24187693437499888,0.2641,0.02222306562500112,720.0,-25.0,-0.23951821847499657,0.22240000000000001,-0.01711821847499656
34.717636905,1.0,0.0,695.0,0.9,720.0,-25.0,-0.2425,0.2641,0.021600000000000008,700.0,-5.0,-0.04998247894999693,0.22240000000000001,0.17241752105000308
34.743898866,1.0,0.0,695.0,0.9,700.0,-5.0,-0.0525,0.2641,0.2116,700.0,-5.0,-0.05055104672499709,0.22240000000000001,0.17184895327500294
34.759245201,1.0,0.0,695.0,0.9,720.0,-25.0,-0.2425,0.2641,0.021600000000000008,700.0,-5.0,-0.05100905822499669,0.22240000000000001,0.17139094177500333
34.783920495,1.0,0.0,695.0,0.9,720.0,-25.0,-0.2425,0.2641,0.021600000000000008,720.0,-25.0,-0.2425,0.22240000000000001,-0.02009999999999998
34.800137455,1.0,0.0,695.0,0.9,720.0,-25.0,-0.2425,0.2641,0.021600000000000008,700.0,-5.0,-0.0525,0.22240000000000001,0.16990000000000002
34.821464124,1.0,0.0,695.0,0.9,700.0,-5.0,-0.0525,0.2641,0.2116,720.0,-25.0,-0.2425,0.22240000000000001,-0.02009999999999998
34.850630794,1.0,0.0,695.0,0.9,700.0,-5.0,-0.0525,0.2641,0.2116,700.0,-5.0,-0.0525,0.22240000000000001,0.16990000000000002
34.877837755,1.0,0.0,695.0,0.9,700.0,-5.0,-0.0525,0.2641,0.2116,680.0,15.0,0.1396059720249987,0.22240000000000001,0.36200597202499873
34.895743465,1.0,0.0,695.0,0.9,700.0,-5.0,-0.0525,0.2641,0.2116,680.0,15.0,0.1409943565749991,0.22240000000000001,0.3633943565749991
34.9114188,1.0,0.0,695.0,0.9,700.0,-5.0,-0.0525,0.2641,0.2116,680.0,15.0,0.14217639422499956,0.22240000000000001,0.36457639422499954
34.947017303,1.0,0.0,695.0,0.95,700.0,-5.0,-0.0525,0.2641,0.2116,680.0,15.0,0.14469171317499913,0.22240000000000001,0.3670917131749991
34.962365972,1.0,0.0,695.0,0.95,700.0,-5.0,-0.0525,0.2641,0.2116,680.0,15.0,0.146002419549999,0.22240000000000001,0.368402419549999
34.977210931,1.0,0.0,695.0,0.95,700.0,-5.0,-0.0525,0.2641,0.2116,680.0,15.0,0.1471114383999989,0.22240000000000001,0.3695114383999989
34.991667683,1.0,0.0,695.0,0.95,700.0,-5.0,-0.0525,0.2641,0.2116,680.0,15.0,0.1475,0.22240000000000001,0.3699
35.007089559,1.0,0.0,695.0,0.95,700.0,-5.0,-0.0525,0.2641,0.2116,680.0,15.0,0.1475,0.22240000000000001,0.3699
35.019342477,1.0,0.0,695.0,0.95,700.0,-5.0,-0.0525,0.2641,0.2116,680.0,15.0,0.1475,0.22240000000000001,0.3699
35.044251396,1.0,0.0,695.0,0.95,700.0,-5.0,-0.0525,0.2641,0.2116,700.0,-5.0,-0.043072038600000015,0.22240000000000001,0.1793279614
35.05872594,1.0,0.0,695.0,0.95,700.0,-5.0,-0.0525,0.2641,0.2116,680.0,15.0,0.1475,0.22240000000000001,0.3699
35.070724232,1.0,0.0,695.0,0.95,700.0,-5.0,-0.0525,0.2641,0.2116,680.0,15.0,0.1475,0.22240000000000001,0.3699
35.086874401,1.0,0.0,695.0,0.95,680.0,15.0,0.13861938759999928,0.2641,0.40271938759999926,680.0,15.0,0.1475,0.22240000000000001,0.3699
35.107086028,1.0,0.0,695.0,0.95,680.0,15.0,0.1398160596250001,0.2641,0.4039160596250001,700.0,-5.0,-0.04289889064999983,0.22240000000000001,0.1795011093500002
35.134865822,0.0,0.0,800.0,0.5,680.0,120.0,1.1449999999999998,0.304,1.0,700.0,100.0,0.955,0.256,1.0
35.146616198,0.0,0.0,800.0,0.5,700.0,100.0,0.955,0.304,1.0,700.0,100.0,0.955,0.256,1.0
35.157250366,0.0,0.0,800.0,0.5,700.0,100.0,0.955,0.304,1.0,700.0,100.0,0.955,0.256,1.0
35.171521034,0.0,0.0,800.0,0.5,720.0,80.0,0.765,0.304,1.0,720.0,80.0,0.765,0.256,1.0
35.186127702,0.0,0.0,800.0,0.5,740.0,60.0,0.575,0.304,0.879,720.0,80.0,0.765,0.256,1.0
35.207474204,0.0,0.0,800.0,0.5,760.0,40.0,0.385,0.304,0.6890000000000001,760.0,40.0,0.385,0.256,0.641
35.219999247,0.0,0.0,800.0,0.5,760.0,40.0,0.385,0.304,0.6890000000000001,760.0,40.0,0.385,0.256,0.641
35.235381749,1.0,0.0,800.0,0.5,780.0,20.0,0.195,0.304,0.499,800.0,0.0,0.005,0.256,0.261
35.254812876,1.0,0.0,800.0,0.5,820.0,-20.0,-0.18716265029999932,0.304,0.11683734970000068,800.0,0.0,0.005,0.256,0.261
35.272204378,1.0,0.0,800.0,0.5,820.0,-20.0,-0.18890293789999987,0.304,0.11509706210000012,800.0,0.0,0.005,0.256,0.261
35.290040088,1.0,0.0,800.0,0.5,820.0,-20.0,-0.19067361729999902,0.304,0.11332638270000098,800.0,0.0,0.005,0.256,0.261
35.307124756,1.0,0.0,800.0,0.5,820.0,-20.0,-0.1923439049000001,0.304,0.11165609509999988,800.0,0.0,0.005,0.256,0.261
35.330288633,1.0,0.0,800.0,0.5,820.0,-20.0,-0.19449588020000078,0.304,0.10950411979999922,820.0,-20.0,-0.1871519753000007,0.256,0.06884802469999932
35.348351844,1.0,0.0,800.0,0.5,820.0,-20.0,-0.195,0.304,0.10899999999999999,820.0,-20.0,-0.1889718296000018,0.256,0.0670281703999982
35.37668493,1.0,0.0,800.0,0.5,820.0,-20.0,-0.195,0.304,0.10899999999999999,800.0,0.0,0.0010281703999982029,0.256,0.2570281703999982
35.388282764,1.0,0.0,800.0,0.5,820.0,-20.0,-0.195,0.304,0.10899999999999999,800.0,0.0,0.0010281703999982029,0.256,0.2570281703999982
35.408249975,1.0,0.0,800.0,0.5,820.0,-20.0,-0.195,0.304,0.10899999999999999,800.0,0.0,0.0010281703999982029,0.256,0.2570281703999982
35.425049101,0.0,0.0,800.0,0.5,840.0,-40.0,-0.385,0.304,-0.08100000000000002,800.0,0.0,0.0010281703999982029,0.256,0.2570281703999982
35.439006811,1.0,0.0,800.0,0.5,800.0,0.0,-0.005,0.304,0.299,800.0,0.0,0.0010281703999982029,0.256,0.2570281703999982
35.459645438,1.0,0.0,800.0,0.5,820.0,-20.0,-0.195,0.304,0.10899999999999999,800.0,0.0,0.0010281703999982029,0.256,0.2570281703999982
35.47331644,1.0,0.0,800.0,0.5,800.0,0.0,-0.005,0.304,0.299,800.0,0.0,0.0010281703999982029,0.256,0.2570281703999982
35.494907358,1.0,0.0,800.0,0.5,800.0,0.0,-0.005,0.304,0.299,800.0,0.0,0.0010281703999982029,0.256,0.2570281703999982
35.517007236,1.0,0.0,800.0,0.5,800.0,0.0,-0.005,0.304,0.299,800.0,0.0,0.0010281703999982029,0.256,0.2570281703999982
35.541777613,1.0,0.0,800.0,0.5,800.0,0.0,-0.005,0.304,0.299,800.0,0.0,0.0010281703999982029,0.256,0.2570281703999982
35.556011531,1.0,0.0,800.0,0.5,800.0,0.0,-0.005,0.304,0.299,800.0,0.0,0.0010281703999982029,0.256,0.2570281703999982
35.5767152,1.0,0.0,800.0,0.5,800.0,0.0,-0.005,0.304,0.299,800.0,0.0,0.0010281703999982029,0.256,0.2570281703999982
35.588750243,1.0,0.0,800.0,0.5,800.0,0.0,-0.005,0.304,0.299,800.0,0.0,0.0010281703999982029,0.256,0.2570281703999982
35.614486037,1.0,0.0,800.0,0.5,800.0,0.0,-0.005,0.304,0.299,800.0,0.0,0.0010281703999982029,0.256,0.2570281703999982
35.629972372,1.0,0.0,800.0,0.5,800.0,0.0,-0.005,0.304,0.299,800.0,0.0,0.0010281703999982029,0.256,0.2570281703999982
35.647309624,1.0,0.0,800.0,0.5,800.0,0.0,-0.005,0.304,0.299,800.0,0.0,0.0010281703999982029,0.256,0.2570281703999982
35.662112584,1.0,0.0,800.0,0.5,800.0,0.0,-0.005,0.304,0.299,800.0,0.0,0.0010281703999982029,0.256,0.2570281703999982
35.674312126,1.0,0.0,800.0,0.5,800.0,0.0,-0.005,0.304,0.299,800.0,0.0,0.0010281703999982029,0.256,0.2570281703999982
35.700233129,1.0,0.0,800.0,0.5,800.0,0.0,-0.005,0.304,0.299,780.0,20.0,0.1931915205999968,0.256,0.4491915205999968
35.725308298,1.0,0.0,800.0,0.5,780.0,20.0,0.18746671280000043,0.304,0.4914667128000004,800.0,0.0,0.003191520599996807,0.256,0.25919152059999684
35.750149551,1.0,0.0,800.0,0.5,800.0,0.0,-0.0025332871999995633,0.304,0.3014667128000004,800.0,0.0,0.003191520599996807,0.256,0.25919152059999684
35.777144178,0.0,0.0,800.0,0.5,820.0,-20.0,-0.195,0.304,0.10899999999999999,780.0,20.0,0.195,0.256,0.451
35.787829679,0.0,0.0,800.0,0.5,820.0,-20.0,-0.195,0.304,0.10899999999999999,780.0,20.0,0.195,0.256,0.451
35.80862464,1.0,0.0,800.0,0.5,800.0,0.0,-0.005,0.304,0.299,800.0,0.0,0.005,0.256,0.261
35.819868683,1.0,0.0,800.0,0.5,800.0,0.0,-0.005,0.304,0.299,800.0,0.0,0.005,0.256,0.261
35.832574851,1.0,0.0,800.0,0.5,800.0,0.0,-0.005,0.304,0.299,800.0,0.0,0.005,0.256,0.261
35.85905352,1.0,0.0,800.0,0.5,800.0,0.0,-0.005,0.304,0.299,800.0,0.0,0.005,0.256,0.261
35.872131271,1.0,0.0,800.0,0.5,800.0,0.0,-0.005,0.304,0.299,800.0,0.0,0.005,0.256,0.261
35.895802065,1.0,0.0,800.0,0.5,800.0,0.0,-0.005,0.304,0.299,800.0,0.0,0.005,0.256,0.261
35.9107144,1.0,0.0,800.0,0.5,800.0,0.0,-0.005,0.304,0.299,800.0,0.0,0.005,0.256,0.261
35.937319361,1.0,0.0,800.0,0.5,800.0,0.0,-0.005,0.304,0.299,780.0,20.0,0.195,0.256,0.451
35.950242238,1.0,0.0,800.0,0.5,800.0,0.0,-0.005,0.304,0.299,780.0,20.0,0.195,0.256,0.451
35.971442031,1.0,0.0,800.0,0.5,780.0,20.0,0.18659086680000087,0.304,0.49059086680000086,800.0,0.0,0.005,0.256,0.261
35.989651366,1.0,0.0,800.0,0.5,800.0,0.0,-0.0034091331999991327,0.304,0.30059086680000086,820.0,-20.0,-0.18700235019999867,0.256,0.06899764980000134
36.013555202,1.0,0.0,800.0,0.5,800.0,0.0,-0.0034091331999991327,0.304,0.30059086680000086,780.0,20.0,0.195,0.256,0.451
36.030218121,1.0,0.0,800.0,0.5,780.0,20.0,0.1880944378000015,0.304,0.4920944378000015,800.0,0.0,0.005,0.256,0.261
36.051451164,1.0,0.0,800.0,0.5,800.0,0.0,-0.0019055621999984852,0.304,0.3020944378000015,800.0,0.0,0.005,0.256,0.261
36.066335791,1.0,0.0,800.0,0.5,800.0,0.0,-0.0019055621999984852,0.304,0.3020944378000015,820.0,-20.0,-0.1863796127000006,0.256,0.06962038729999939
36.088898543,1.0,0.0,800.0,0.5,800.0,0.0,-0.0019055621999984852,0.304,0.3020944378000015,800.0,0.0,0.003620387299999379,0.256,0.25962038729999937
36.101747628,1.0,0.0,800.0,0.5,800.0,0.0,-0.0019055621999984852,0.304,0.3020944378000015,800.0,0.0,0.003620387299999379,0.256,0.25962038729999937
36.124572588,1.0,0.0,800.0,0.5,800.0,0.0,-0.0019055621999984852,0.304,0.3020944378000015,800.0,0.0,0.003620387299999379,0.256,0.25962038729999937
36.150711174,1.0,0.0,800.0,0.5,800.0,0.0,-0.0019055621999984852,0.304,0.3020944378000015,800.0,0.0,0.003620387299999379,0.256,0.25962038729999937
36.172308802,1.0,0.0,800.0,0.5,780.0,20.0,0.1901293964000024,0.304,0.4941293964000024,800.0,0.0,0.003620387299999379,0.256,0.25962038729999937
36.186939678,1.0,0.0,800.0,0.5,780.0,20.0,0.19158029239999963,0.304,0.4955802923999996,800.0,0.0,0.003620387299999379,0.256,0.25962038729999937
36.208591847,1.0,0.0,800.0,0.5,780.0,20.0,0.19376073420000126,0.304,0.4977607342000012,800.0,0.0,0.003620387299999379,0.256,0.25962038729999937
36.220428265,1.0,0.0,800.0,0.5,780.0,20.0,0.19489453020000042,0.304,0.4988945302000004,800.0,0.0,0.003620387299999379,0.256,0.25962038729999937
36.235795016,1.0,0.0,800.0,0.5,800.0,0.0,0.0048945302000004175,0.304,0.3088945302000004,800.0,0.0,0.003620387299999379,0.256,0.25962038729999937
36.25343006,1.0,0.0,800.0,0.5,820.0,-20.0,-0.18697458659999996,0.304,0.11702541340000003,800.0,0.0,0.003620387299999379,0.256,0.25962038729999937
36.268691228,1.0,0.0,800.0,0.5,820.0,-20.0,-0.18851490759999875,0.304,0.11548509240000124,800.0,0.0,0.003620387299999379,0.256,0.25962038729999937
36.291716563,1.0,0.0,800.0,0.5,820.0,-20.0,-0.19081539950000034,0.304,0.11318460049999965,800.0,0.0,0.003620387299999379,0.256,0.25962038729999937
36.306894315,1.0,0.0,800.0,0.5,800.0,0.0,-8.153995000003534E-4,0.304,0.3031846004999996,800.0,0.0,0.003620387299999379,0.256,0.25962038729999937
36.323815942,1.0,0.0,800.0,0.5,800.0,0.0,-8.153995000003534E-4,0.304,0.3031846004999996,800.0,0.0,0.003620387299999379,0.256,0.25962038729999937
36.340617985,1.0,0.0,800.0,0.5,820.0,-20.0,-0.19235367890000077,0.304,0.11164632109999922,800.0,0.0,0.003620387299999379,0.256,0.25962038729999937
36.357382112,1.0,0.0,800.0,0.5,820.0,-20.0,-0.19404896239999914,0.304,0.10995103760000086,800.0,0.0,0.003620387299999379,0.256,0.25962038729999937
36.378867156,1.0,0.0,800.0,0.5,820.0,-20.0,-0.195,0.304,0.10899999999999999,800.0,0.0,0.003620387299999379,0.256,0.25962038729999937
36.390626282,1.0,0.0,800.0,0.5,800.0,0.0,-0.005,0.304,0.299,800.0,0.0,0.003620387299999379,0.256,0.25962038729999937
36.418169243,1.0,0.0,800.0,0.5,800.0,0.0,-0.005,0.304,0.299,780.0,20.0,0.195,0.256,0.451
36.431577744,1.0,0.0,800.0,0.5,800.0,0.0,-0.005,0.304,0.299,780.0,20.0,0.195,0.256,0.451
36.448129829,1.0,0.0,800.0,0.5,800.0,0.0,-0.005,0.304,0.299,780.0,20.0,0.195,0.256,0.451
36.463003372,1.0,0.0,800.0,0.5,800.0,0.0,-0.005,0.304,0.299,800.0,0.0,0.005,0.256,0.261
36.485231291,1.0,0.0,800.0,0.5,820.0,-20.0,-0.195,0.304,0.10899999999999999,800.0,0.0,0.005,0.256,0.261
36.50593671,1.0,0.0,800.0,0.5,820.0,-20.0,-0.195,0.304,0.10899999999999999,800.0,0.0,0.005,0.256,0.261
36.519659336,1.0,0.0,800.0,0.5,800.0,0.0,-0.005,0.304,0.299,800.0,0.0,0.005,0.256,0.261
36.543374172,1.0,0.0,800.0,0.5,820.0,-20.0,-0.195,0.304,0.10899999999999999,800.0,0.0,0.005,0.256,0.261
36.555302757,1.0,0.0,800.0,0.5,800.0,0.0,-0.005,0.304,0.299,800.0,0.0,0.005,0.256,0.261
36.574400509,1.0,0.0,800.0,0.5,780.0,20.0,0.18692045019999795,0.304,0.49092045019999797,800.0,0.0,0.005,0.256,0.261
36.586346885,1.0,0.0,800.0,0.5,800.0,0.0,-0.0030795498000020416,0.304,0.30092045019999797,800.0,0.0,0.005,0.256,0.261
36.606908512,1.0,0.0,800.0,0.5,780.0,20.0,0.1887701711999972,0.304,0.4927701711999972,780.0,20.0,0.195,0.256,0.451
36.629843431,1.0,0.0,800.0,0.5,820.0,-20.0,-0.19351617490000422,0.304,0.11048382509999577,800.0,0.0,0.005,0.256,0.261
36.646775266,1.0,0.0,800.0,0.5,820.0,-20.0,-0.195,0.304,0.10899999999999999,800.0,0.0,0.005,0.256,0.261
36.660575184,1.0,0.0,800.0,0.5,820.0,-20.0,-0.195,0.304,0.10899999999999999,820.0,-20.0,-0.18629564179999875,0.256,0.06970435820000126
36.677299352,1.0,0.0,800.0,0.5,800.0,0.0,-0.005,0.304,0.299,780.0,20.0,0.195,0.256,0.451
36.702428188,1.0,0.0,800.0,0.5,800.0,0.0,-0.005,0.304,0.299,800.0,0.0,0.005,0.256,0.261
36.715696398,1.0,0.0,800.0,0.5,800.0,0.0,-0.005,0.304,0.299,820.0,-20.0,-0.18643182099999991,0.256,0.06956817900000009
36.743641275,1.0,0.0,800.0,0.5,820.0,-20.0,-0.195,0.304,0.10899999999999999,800.0,0.0,0.0035681790000001,0.256,0.2595681790000001
36.758825444,1.0,0.0,800.0,0.5,800.0,0.0,-0.005,0.304,0.299,780.0,20.0,0.195,0.256,0.451
36.775688445,1.0,0.0,800.0,0.5,800.0,0.0,-0.005,0.304,0.299,820.0,-20.0,-0.1868127377000013,0.256,0.06918726229999869
36.79073903,1.0,0.0,800.0,0.5,800.0,0.0,-0.005,0.304,0.299,820.0,-20.0,-0.18829125450000164,0.256,0.06770874549999836
36.813705449,0.0,0.0,800.0,0.5,780.0,20.0,0.18720885020000025,0.304,0.49120885020000027,820.0,-20.0,-0.19050019220000025,0.256,0.06549980779999975
36.830323451,1.0,0.0,800.0,0.5,800.0,0.0,-0.0027911497999997437,0.304,0.30120885020000027,780.0,20.0,0.191122612100001,0.256,0.44712261210000104
36.852088203,0.0,0.0,800.0,0.5,780.0,20.0,0.18942554620000238,0.304,0.49342554620000234,820.0,-20.0,-0.19109405479999908,0.256,0.06490594520000093
36.872985247,0.0,0.0,800.0,0.5,820.0,-20.0,-0.19264837899999748,0.304,0.11135162100000251,780.0,20.0,0.19097989960000178,0.256,0.4469798996000018
36.898618958,1.0,0.0,800.0,0.5,820.0,-20.0,-0.195,0.304,0.10899999999999999,800.0,0.0,9.798996000017724E-4,0.256,0.2569798996000018
36.918515293,1.0,0.0,800.0,0.5,800.0,0.0,-0.005,0.304,0.299,820.0,-20.0,-0.19080171719999783,0.256,0.06519828280000217
36.942103837,1.0,0.0,800.0,0.5,800.0,0.0,-0.005,0.304,0.299,800.0,0.0,-8.017171999978246E-4,0.256,0.2551982828000022
36.97158959,0.0,0.0,695.0,0.95,800.0,-105.0,-1.0025,0.2641,-0.7384,800.0,-105.0,-1.0025,0.22240000000000001,-0.7800999999999999
36.993504842,0.0,0.0,695.0,0.95,780.0,-85.0,-0.8125,0.2641,-0.5484,800.0,-105.0,-1.0025,0.22240000000000001,-0.7800999999999999
37.008302844,0.0,0.0,695.0,0.95,780.0,-85.0,-0.8125,0.2641,-0.5484,780.0,-85.0,-0.8125,0.22240000000000001,-0.5901
37.028450596,0.0,0.0,695.0,0.95,740.0,-45.0,-0.4325,0.2641,-0.1684,740.0,-45.0,-0.4325,0.22240000000000001,-0.21009999999999998
37.04907989,1.0,0.0,695.0,0.95,720.0,-25.0,-0.2425,0.2641,0.021600000000000008,700.0,-5.0,-0.0525,0.22240000000000001,0.16990000000000002
37.064706808,1.0,0.0,695.0,0.95,700.0,-5.0,-0.0525,0.2641,0.2116,680.0,15.0,0.13862555635000076,0.22240000000000001,0.3610255563500008
37.083908393,1.0,0.0,695.0,0.95,680.0,15.0,0.13900283455000134,0.2641,0.40310283455000134,660.0,35.0,0.3321323743499997,0.22240000000000001,0.5545323743499997
37.10084927,1.0,0.0,695.0,0.95,680.0,15.0,0.14024855027500038,0.2641,0.4043485502750004,660.0,35.0,0.33503904455000055,0.22240000000000001,0.5574390445500006
37.116710105,1.0,0.0,695.0,0.95,660.0,35.0,0.33309621625000163,0.2641,0.5971962162500016,660.0,35.0,0.3375,0.22240000000000001,0.5599000000000001
37.13476194,1.0,0.0,695.0,0.95,660.0,35.0,0.33625304142500256,0.2641,0.6003530414250026,680.0,15.0,0.1475,0.22240000000000001,0.3699
37.150537316,1.0,0.0,695.0,0.95,660.0,35.0,0.3375,0.2641,0.6016,680.0,15.0,0.1475,0.22240000000000001,0.3699
37.177243194,1.0,0.0,695.0,0.9,680.0,15.0,0.1475,0.2641,0.41159999999999997,680.0,15.0,0.1475,0.22240000000000001,0.3699
37.19016257,1.0,0.0,695.0,0.9,700.0,-5.0,-0.042819338574999505,0.2641,0.2212806614250005,680.0,15.0,0.1475,0.22240000000000001,0.3699
37.220135407,1.0,0.0,695.0,0.9,700.0,-5.0,-0.04351242612499988,0.2641,0.2205875738750001,700.0,-5.0,-0.043193094874999644,0.22240000000000001,0.17920690512500037
37.2337087,1.0,0.0,695.0,0.9,720.0,-25.0,-0.23526800450000038,0.2641,0.028831995499999624,700.0,-5.0,-0.04354421052500001,0.22240000000000001,0.178855789475
37.250771785,1.0,0.0,695.0,0.9,720.0,-25.0,-0.23713919212499987,0.2641,0.02696080787500013,700.0,-5.0,-0.043918448074999644,0.22240000000000001,0.17848155192500037
37.265565703,1.0,0.0,695.0,0.9,720.0,-25.0,-0.23923893712499875,0.2641,0.024861062875001255,700.0,-5.0,-0.04433838977499988,0.22240000000000001,0.17806161022500014
37.284024997,1.0,0.0,695.0,0.9,700.0,-5.0,-0.04967761842499911,0.2641,0.21442238157500088,700.0,-5.0,-0.04477706377499999,0.22240000000000001,0.17762293622500003
37.301146123,1.0,0.0,695.0,0.9,700.0,-5.0,-0.05009328722499859,0.2641,0.2140067127750014,700.0,-5.0,-0.04519272527499993,0.22240000000000001,0.17720727472500009
37.318932833,1.0,0.0,695.0,0.9,720.0,-25.0,-0.2424505374749988,0.2641,0.02164946252500119,700.0,-5.0,-0.04566419720000028,0.22240000000000001,0.17673580279999973
37.334710543,1.0,0.0,695.0,0.9,720.0,-25.0,-0.2425,0.2641,0.021600000000000008,700.0,-5.0,-0.0460665149499998,0.22240000000000001,0.1763334850500002
37.350404545,1.0,0.0,695.0,0.9,720.0,-25.0,-0.2425,0.2641,0.021600000000000008,700.0,-5.0,-0.04648601187499992,0.22240000000000001,0.1759139881250001
37.382510923,0.0,0.0,720.0,0.9,700.0,20.0,0.18804447530000118,0.2736,0.4616444753000012,680.0,40.0,0.385,0.23040000000000002,0.6154000000000001
37.40242505,1.0,0.0,720.0,0.9,700.0,20.0,0.19009188800000118,0.2736,0.46369188800000116,700.0,20.0,0.195,0.23040000000000002,0.4254
37.426351636,1.0,0.0,720.0,0.9,700.0,20.0,0.19229440900000214,0.2736,0.4658944090000021,720.0,0.0,0.005,0.23040000000000002,0.23540000000000003
37.450196263,1.0,0.0,720.0,0.9,720.0,0.0,0.0022944090000021336,0.2736,0.2758944090000021,700.0,20.0,0.195,0.23040000000000002,0.4254
37.465031015,1.0,0.0,720.0,0.9,720.0,0.0,0.0022944090000021336,0.2736,0.2758944090000021,720.0,0.0,0.005,0.23040000000000002,0.23540000000000003
37.478454974,1.0,0.0,720.0,0.9,720.0,0.0,0.0022944090000021336,0.2736,0.2758944090000021,720.0,0.0,0.005,0.23040000000000002,0.23540000000000003
37.490206809,1.0,0.0,720.0,0.9,740.0,-20.0,-0.18875993699999868,0.2736,0.08484006300000133,720.0,0.0,0.005,0.23040000000000002,0.23540000000000003
37.505357727,1.0,0.0,720.0,0.9,720.0,0.0,0.001240063000001328,0.2736,0.27484006300000136,720.0,0.0,0.005,0.23040000000000002,0.23540000000000003
37.519944562,1.0,0.0,720.0,0.9,720.0,0.0,0.001240063000001328,0.2736,0.27484006300000136,700.0,20.0,0.195,0.23040000000000002,0.4254
37.542848272,1.0,0.0,720.0,0.9,720.0,0.0,0.001240063000001328,0.2736,0.27484006300000136,720.0,0.0,0.005,0.23040000000000002,0.23540000000000003
37.557550899,1.0,0.0,720.0,0.9,720.0,0.0,0.001240063000001328,0.2736,0.27484006300000136,720.0,0.0,0.005,0.23040000000000002,0.23540000000000003
37.586618694,1.0,0.0,720.0,0.9,720.0,0.0,0.001240063000001328,0.2736,0.27484006300000136,700.0,20.0,0.195,0.23040000000000002,0.4254
37.612093446,1.0,0.0,720.0,0.9,720.0,0.0,0.001240063000001328,0.2736,0.27484006300000136,720.0,0.0,0.005,0.23040000000000002,0.23540000000000003
37.624630156,1.0,0.0,720.0,0.9,720.0,0.0,0.001240063000001328,0.2736,0.27484006300000136,740.0,-20.0,-0.18626632920000133,0.23040000000000002,0.04413367079999869
37.638776574,1.0,0.0,720.0,0.9,720.0,0.0,0.001240063000001328,0.2736,0.27484006300000136,720.0,0.0,0.003733670799998663,0.23040000000000002,0.2341336707999987
37.657938492,1.0,0.0,720.0,0.9,720.0,0.0,0.001240063000001328,0.2736,0.27484006300000136,720.0,0.0,0.003733670799998663,0.23040000000000002,0.2341336707999987
37.670404619,1.0,0.0,720.0,0.9,720.0,0.0,0.001240063000001328,0.2736,0.27484006300000136,720.0,0.0,0.003733670799998663,0.23040000000000002,0.2341336707999987
37.691285621,1.0,0.0,720.0,0.9,740.0,-20.0,-0.1905190079999994,0.2736,0.0830809920000006,740.0,-20.0,-0.18802540020000208,0.23040000000000002,0.04237459979999794
37.704581539,1.0,0.0,720.0,0.9,720.0,0.0,-5.190079999994169E-4,0.2736,0.2730809920000006,720.0,0.0,0.0019745997999979182,0.23040000000000002,0.23237459979999794
37.730705541,1.0,0.0,720.0,0.9,740.0,-20.0,-0.19331469159999812,0.2736,0.08028530840000189,720.0,0.0,0.0019745997999979182,0.23040000000000002,0.23237459979999794
37.743407918,1.0,0.0,720.0,0.9,720.0,0.0,-0.0033146915999981274,0.2736,0.27028530840000187,720.0,0.0,0.0019745997999979182,0.23040000000000002,0.23237459979999794
37.756999002,1.0,0.0,720.0,0.9,720.0,0.0,-0.0033146915999981274,0.2736,0.27028530840000187,740.0,-20.0,-0.18929342120000342,0.23040000000000002,0.0411065787999966
37.792610048,1.0,0.0,720.0,0.9,720.0,0.0,-0.0033146915999981274,0.2736,0.27028530840000187,720.0,0.0,7.065787999965778E-4,0.23040000000000002,0.2311065787999966
37.817211258,1.0,0.0,720.0,0.9,720.0,0.0,-0.0033146915999981274,0.2736,0.27028530840000187,700.0,20.0,0.19313283739999576,0.23040000000000002,0.4235328373999958
37.832354593,1.0,0.0,720.0,0.9,720.0,0.0,-0.0033146915999981274,0.2736,0.27028530840000187,720.0,0.0,0.003132837399995765,0.23040000000000002,0.23353283739999578
37.856607846,1.0,0.0,720.0,0.9,720.0,0.0,-0.0033146915999981274,0.2736,0.27028530840000187,720.0,0.0,0.003132837399995765,0.23040000000000002,0.23353283739999578
37.870461139,1.0,0.0,720.0,0.9,720.0,0.0,-0.0033146915999981274,0.2736,0.27028530840000187,720.0,0.0,0.003132837399995765,0.23040000000000002,0.23353283739999578
37.896499391,1.0,0.0,720.0,0.9,720.0,0.0,-0.0033146915999981274,0.2736,0.27028530840000187,740.0,-20.0,-0.18924812530000337,0.23040000000000002,0.04115187469999665
37.915931393,1.0,0.0,720.0,0.9,720.0,0.0,-0.0033146915999981274,0.2736,0.27028530840000187,720.0,0.0,7.518746999966197E-4,0.23040000000000002,0.23115187469999665
37.937264187,1.0,0.0,720.0,0.9,720.0,0.0,-0.0033146915999981274,0.2736,0.27028530840000187,720.0,0.0,7.518746999966197E-4,0.23040000000000002,0.23115187469999665
37.954052522,1.0,0.0,720.0,0.9,720.0,0.0,-0.0033146915999981274,0.2736,0.27028530840000187,700.0,20.0,0.19190769149999595,0.23040000000000002,0.422307691499996
37.978206608,1.0,0.0,720.0,0.9,720.0,0.0,-0.0033146915999981274,0.2736,0.27028530840000187,720.0,0.0,0.0019076914999959628,0.23040000000000002,0.23230769149999597
37.990605068,1.0,0.0,720.0,0.9,720.0,0.0,-0.0033146915999981274,0.2736,0.27028530840000187,720.0,0.0,0.0019076914999959628,0.23040000000000002,0.23230769149999597
38.020601821,1.0,0.0,720.0,0.9,720.0,0.0,-0.0033146915999981274,0.2736,0.27028530840000187,720.0,0.0,0.0019076914999959628,0.23040000000000002,0.23230769149999597
38.034457155,1.0,0.0,720.0,0.9,720.0,0.0,-0.0033146915999981274,0.2736,0.27028530840000187,720.0,0.0,0.0019076914999959628,0.23040000000000002,0.23230769149999597
38.057082907,1.0,0.0,720.0,0.9,720.0,0.0,-0.0033146915999981274,0.2736,0.27028530840000187,720.0,0.0,0.0019076914999959628,0.23040000000000002,0.23230769149999597
38.071524201,1.0,0.0,720.0,0.9,700.0,20.0,0.18786337930000116,0.2736,0.46146337930000114,720.0,0.0,0.0019076914999959628,0.23040000000000002,0.23230769149999597
38.10187737,1.0,0.0,720.0,0.9,720.0,0.0,-0.0021366206999988437,0.2736,0.27146337930000114,740.0,-20.0,-0.1910429838000033,0.23040000000000002,0.03935701619999671
38.120456539,1.0,0.0,720.0,0.9,720.0,0.0,-0.0021366206999988437,0.2736,0.27146337930000114,700.0,20.0,0.1909642955999982,0.23040000000000002,0.4213642955999982
38.138121332,0.0,0.0,720.0,0.9,640.0,80.0,0.7644565633000088,0.2736,1.0,660.0,60.0,0.575,0.23040000000000002,0.8054
38.154193334,0.0,0.0,720.0,0.9,620.0,100.0,0.955,0.2736,1.0,620.0,100.0,0.955,0.23040000000000002,1.0
38.173780503,0.0,0.0,720.0,0.9,600.0,120.0,1.1449999999999998,0.2736,1.0,580.0,140.0,1.335,0.23040000000000002,1.0
38.185096295,0.0,0.0,720.0,0.9,600.0,120.0,1.1449999999999998,0.2736,1.0,600.0,120.0,1.1449999999999998,0.23040000000000002,1.0
38.197004172,0.0,0.0,720.0,0.9,600.0,120.0,1.1449999999999998,0.2736,1.0,600.0,120.0,1.1449999999999998,0.23040000000000002,1.0
38.230243967,0.0,0.0,720.0,0.9,640.0,80.0,0.765,0.2736,1.0,660.0,60.0,0.575,0.23040000000000002,0.8054
38.265491012,1.0,0.0,720.0,0.9,700.0,20.0,0.195,0.2736,0.4686,700.0,20.0,0.195,0.23040000000000002,0.4254
38.280783388,1.0,0.0,720.0,0.9,740.0,-20.0,-0.1867199001999984,0.2736,0.08688009980000161,720.0,0.0,0.005,0.23040000000000002,0.23540000000000003
38.297710265,0.0,0.0,720.0,0.9,760.0,-40.0,-0.3801278506000017,0.2736,-0.1065278506000017,740.0,-20.0,-0.18670397520000165,0.23040000000000002,0.04369602479999837
38.316255309,0.0,0.0,720.0,0.9,780.0,-60.0,-0.575,0.2736,-0.30139999999999995,740.0,-20.0,-0.18855690450000168,0.23040000000000002,0.041843095499998345
38.340463644,0.0,0.0,720.0,0.9,760.0,-40.0,-0.385,0.2736,-0.1114,760.0,-40.0,-0.38335412170000327,0.23040000000000002,-0.15295412170000325
38.353380104,0.0,0.0,720.0,0.9,760.0,-40.0,-0.385,0.2736,-0.1114,740.0,-20.0,-0.1948020427000023,0.23040000000000002,0.035597957299997735
38.382197649,0.0,0.0,720.0,0.9,720.0,0.0,-0.005,0.2736,0.2686,760.0,-40.0,-0.385,0.23040000000000002,-0.1546
38.3984814,0.0,0.0,720.0,0.9,700.0,20.0,0.18675971269999878,0.2736,0.46035971269999876,740.0,-20.0,-0.195,0.23040000000000002,0.035400000000000015
38.411377735,0.0,0.0,720.0,0.9,700.0,20.0,0.18830671279999991,0.2736,0.46190671279999995,740.0,-20.0,-0.195,0.23040000000000002,0.035400000000000015
38.431449653,0.0,0.0,720.0,0.9,700.0,20.0,0.19030483389999858,0.2736,0.4639048338999986,740.0,-20.0,-0.195,0.23040000000000002,0.035400000000000015
38.464161532,1.0,0.0,720.0,0.9,700.0,20.0,0.19272607579999942,0.2736,0.4663260757999994,720.0,0.0,-0.005,0.23040000000000002,0.22540000000000002
38.48469895,0.0,0.0,720.0,0.9,720.0,0.0,0.0027260757999994214,0.2736,0.2763260757999994,680.0,40.0,0.3800438503999999,0.23040000000000002,0.6104438503999999
38.502279161,1.0,0.0,720.0,0.9,720.0,0.0,0.0027260757999994214,0.2736,0.2763260757999994,720.0,0.0,4.3850399999882936E-5,0.23040000000000002,0.2304438503999999
38.516611079,1.0,0.0,720.0,0.9,740.0,-20.0,-0.188887628600001,0.2736,0.08471237139999901,720.0,0.0,4.3850399999882936E-5,0.23040000000000002,0.2304438503999999
38.532608997,1.0,0.0,720.0,0.9,720.0,0.0,0.001112371399999006,0.2736,0.274712371399999,720.0,0.0,4.3850399999882936E-5,0.23040000000000002,0.2304438503999999
38.548808457,1.0,0.0,720.0,0.9,740.0,-20.0,-0.19050395790000152,0.2736,0.08309604209999849,740.0,-20.0,-0.1915723914000023,0.23040000000000002,0.03882760859999773
38.56482475,1.0,0.0,720.0,0.9,720.0,0.0,-5.039579000015238E-4,0.2736,0.2730960420999985,720.0,0.0,-0.0015723914000022887,0.23040000000000002,0.22882760859999773
38.581291085,1.0,0.0,720.0,0.9,740.0,-20.0,-0.19201403300000208,0.2736,0.08158596699999793,740.0,-20.0,-0.193082524900002,0.23040000000000002,0.037317475099998026
38.603336712,1.0,0.0,720.0,0.9,720.0,0.0,-0.0020140330000020866,0.2736,0.27158596699999793,700.0,20.0,0.1892613378999988,0.23040000000000002,0.4196613378999988
38.621821381,1.0,0.0,720.0,0.9,740.0,-20.0,-0.19362461650000115,0.2736,0.07997538349999886,720.0,0.0,-7.386621000011928E-4,0.23040000000000002,0.22966133789999882
38.637008757,1.0,0.0,720.0,0.9,720.0,0.0,-0.003624616500001139,0.2736,0.2699753834999989,720.0,0.0,-7.386621000011928E-4,0.23040000000000002,0.22966133789999882
38.655792384,1.0,0.0,720.0,0.9,720.0,0.0,-0.003624616500001139,0.2736,0.2699753834999989,740.0,-20.0,-0.19254749150000067,0.23040000000000002,0.037852508499999354
38.669765844,1.0,0.0,720.0,0.9,720.0,0.0,-0.003624616500001139,0.2736,0.2699753834999989,720.0,0.0,-0.0025474915000006605,0.23040000000000002,0.22785250849999936
38.680652887,1.0,0.0,720.0,0.9,740.0,-20.0,-0.19480303739999955,0.2736,0.07879696260000046,720.0,0.0,-0.0025474915000006605,0.23040000000000002,0.22785250849999936
38.693457638,1.0,0.0,720.0,0.9,720.0,0.0,-0.004803037399999539,0.2736,0.26879696260000047,720.0,0.0,-0.0025474915000006605,0.23040000000000002,0.22785250849999936
38.706627848,1.0,0.0,720.0,0.9,720.0,0.0,-0.004803037399999539,0.2736,0.26879696260000047,720.0,0.0,-0.0025474915000006605,0.23040000000000002,0.22785250849999936
38.718702266,1.0,0.0,720.0,0.9,720.0,0.0,-0.004803037399999539,0.2736,0.26879696260000047,720.0,0.0,-0.0025474915000006605,0.23040000000000002,0.22785250849999936
38.735082851,1.0,0.0,720.0,0.9,720.0,0.0,-0.004803037399999539,0.2736,0.26879696260000047,740.0,-20.0,-0.1939941291000008,0.23040000000000002,0.03640587089999922
38.750518435,1.0,0.0,720.0,0.9,720.0,0.0,-0.004803037399999539,0.2736,0.26879696260000047,720.0,0.0,-0.003994129100000805,0.23040000000000002,0.22640587089999922
38.764979562,1.0,0.0,720.0,0.9,740.0,-20.0,-0.195,0.2736,0.0786,720.0,0.0,-0.003994129100000805,0.23040000000000002,0.22640587089999922
38.777593563,1.0,0.0,720.0,0.9,720.0,0.0,-0.005,0.2736,0.2686,720.0,0.0,-0.003994129100000805,0.23040000000000002,0.22640587089999922
38.789176523,1.0,0.0,720.0,0.9,720.0,0.0,-0.005,0.2736,0.2686,720.0,0.0,-0.003994129100000805,0.23040000000000002,0.22640587089999922
38.8074334,1.0,0.0,720.0,0.9,740.0,-20.0,-0.195,0.2736,0.0786,720.0,0.0,-0.003994129100000805,0.23040000000000002,0.22640587089999922
38.819634984,1.0,0.0,720.0,0.9,720.0,0.0,-0.005,0.2736,0.2686,720.0,0.0,-0.003994129100000805,0.23040000000000002,0.22640587089999922
38.833521819,1.0,0.0,720.0,0.9,720.0,0.0,-0.005,0.2736,0.2686,720.0,0.0,-0.003994129100000805,0.23040000000000002,0.22640587089999922
38.845579612,1.0,0.0,720.0,0.9,740.0,-20.0,-0.195,0.2736,0.0786,720.0,0.0,-0.003994129100000805,0.23040000000000002,0.22640587089999922
38.858393113,1.0,0.0,720.0,0.9,720.0,0.0,-0.005,0.2736,0.2686,720.0,0.0,-0.003994129100000805,0.23040000000000002,0.22640587089999922
38.88995845,1.0,0.0,720.0,0.9,720.0,0.0,-0.005,0.2736,0.2686,720.0,0.0,-0.003994129100000805,0.23040000000000002,0.22640587089999922
38.901571159,1.0,0.0,720.0,0.9,720.0,0.0,-0.005,0.2736,0.2686,720.0,0.0,-0.003994129100000805,0.23040000000000002,0.22640587089999922
38.912972118,1.0,0.0,720.0,0.9,720.0,0.0,-0.005,0.2736,0.2686,720.0,0.0,-0.003994129100000805,0.23040000000000002,0.22640587089999922
38.926191037,1.0,0.0,720.0,0.9,720.0,0.0,-0.005,0.2736,0.2686,740.0,-20.0,-0.195,0.23040000000000002,0.035400000000000015
38.943396163,1.0,0.0,720.0,0.9,720.0,0.0,-0.005,0.2736,0.2686,700.0,20.0,0.1866872334999988,0.23040000000000002,0.4170872334999988
38.957940998,1.0,0.0,720.0,0.9,720.0,0.0,-0.005,0.2736,0.2686,720.0,0.0,-0.003312766500001203,0.23040000000000002,0.22708723349999882
38.983325626,1.0,0.0,720.0,0.9,720.0,0.0,-0.005,0.2736,0.2686,700.0,20.0,0.1887390504000001,0.23040000000000002,0.4191390504000001
38.999365836,1.0,0.0,720.0,0.9,720.0,0.0,-0.005,0.2736,0.2686,740.0,-20.0,-0.1933638665000001,0.23040000000000002,0.03703613349999993
39.011747087,1.0,0.0,720.0,0.9,720.0,0.0,-0.005,0.2736,0.2686,720.0,0.0,-0.0033638665000000857,0.23040000000000002,0.22703613349999993
39.023107213,1.0,0.0,720.0,0.9,720.0,0.0,-0.005,0.2736,0.2686,720.0,0.0,-0.0033638665000000857,0.23040000000000002,0.22703613349999993
39.038356131,1.0,0.0,720.0,0.9,720.0,0.0,-0.005,0.2736,0.2686,720.0,0.0,-0.0033638665000000857,0.23040000000000002,0.22703613349999993
39.053306383,1.0,0.0,720.0,0.9,720.0,0.0,-0.005,0.2736,0.2686,720.0,0.0,-0.0033638665000000857,0.23040000000000002,0.22703613349999993
39.066530551,1.0,0.0,720.0,0.9,720.0,0.0,-0.005,0.2736,0.2686,720.0,0.0,-0.0033638665000000857,0.23040000000000002,0.22703613349999993
39.07904101,1.0,0.0,720.0,0.9,720.0,0.0,-0.005,0.2736,0.2686,740.0,-20.0,-0.19440978330000122,0.23040000000000002,0.0359902166999988
39.09739997,1.0,0.0,720.0,0.9,700.0,20.0,0.18655169600000135,0.2736,0.4601516960000014,720.0,0.0,-0.004409783300001209,0.23040000000000002,0.2259902166999988
39.117476264,1.0,0.0,720.0,0.9,720.0,0.0,-0.003448303999998643,0.2736,0.2701516960000014,720.0,0.0,-0.004409783300001209,0.23040000000000002,0.2259902166999988
39.135617349,1.0,0.0,720.0,0.9,720.0,0.0,-0.003448303999998643,0.2736,0.2701516960000014,740.0,-20.0,-0.195,0.23040000000000002,0.035400000000000015
39.161774019,1.0,0.0,720.0,0.9,720.0,0.0,-0.003448303999998643,0.2736,0.2701516960000014,720.0,0.0,-0.005,0.23040000000000002,0.22540000000000002
39.17719677,1.0,0.0,720.0,0.9,740.0,-20.0,-0.195,0.2736,0.0786,720.0,0.0,-0.005,0.23040000000000002,0.22540000000000002
39.188009146,1.0,0.0,720.0,0.9,740.0,-20.0,-0.195,0.2736,0.0786,720.0,0.0,-0.005,0.23040000000000002,0.22540000000000002
39.201379439,1.0,0.0,720.0,0.9,720.0,0.0,-0.005,0.2736,0.2686,720.0,0.0,-0.005,0.23040000000000002,0.22540000000000002
39.215532566,1.0,0.0,720.0,0.9,740.0,-20.0,-0.195,0.2736,0.0786,740.0,-20.0,-0.195,0.23040000000000002,0.035400000000000015
39.230701567,1.0,0.0,720.0,0.9,720.0,0.0,-0.005,0.2736,0.2686,720.0,0.0,-0.005,0.23040000000000002,0.22540000000000002
39.245481485,1.0,0.0,720.0,0.9,740.0,-20.0,-0.195,0.2736,0.0786,720.0,0.0,-0.005,0.23040000000000002,0.22540000000000002
39.25787032,1.0,0.0,720.0,0.9,720.0,0.0,-0.005,0.2736,0.2686,720.0,0.0,-0.005,0.23040000000000002,0.22540000000000002
39.268829988,1.0,0.0,720.0,0.9,720.0,0.0,-0.005,0.2736,0.2686,720.0,0.0,-0.005,0.23040000000000002,0.22540000000000002
39.279968155,1.0,0.0,720.0,0.9,720.0,0.0,-0.005,0.2736,0.2686,720.0,0.0,-0.005,0.23040000000000002,0.22540000000000002
39.290612531,1.0,0.0,720.0,0.9,720.0,0.0,-0.005,0.2736,0.2686,720.0,0.0,-0.005,0.23040000000000002,0.22540000000000002
39.307166658,1.0,0.0,720.0,0.9,720.0,0.0,-0.005,0.2736,0.2686,720.0,0.0,-0.005,0.23040000000000002,0.22540000000000002
39.323250326,1.0,0.0,720.0,0.9,720.0,0.0,-0.005,0.2736,0.2686,700.0,20.0,0.18638705010000137,0.23040000000000002,0.4167870501000014
39.34048987,1.0,0.0,720.0,0.9,740.0,-20.0,-0.195,0.2736,0.0786,720.0,0.0,-0.0036129498999986254,0.23040000000000002,0.22678705010000139
39.353651621,1.0,0.0,720.0,0.9,720.0,0.0,-0.005,0.2736,0.2686,720.0,0.0,-0.0036129498999986254,0.23040000000000002,0.22678705010000139
39.365023706,1.0,0.0,720.0,0.9,720.0,0.0,-0.005,0.2736,0.2686,720.0,0.0,-0.0036129498999986254,0.23040000000000002,0.22678705010000139
39.394308792,1.0,0.0,720.0,0.9,720.0,0.0,-0.005,0.2736,0.2686,720.0,0.0,-0.0036129498999986254,0.23040000000000002,0.22678705010000139
39.404929835,1.0,0.0,720.0,0.9,720.0,0.0,-0.005,0.2736,0.2686,720.0,0.0,-0.0036129498999986254,0.23040000000000002,0.22678705010000139
39.416652794,1.0,0.0,720.0,0.9,720.0,0.0,-0.005,0.2736,0.2686,720.0,0.0,-0.0036129498999986254,0.23040000000000002,0.22678705010000139
39.42851342,1.0,0.0,720.0,0.9,720.0,0.0,-0.005,0.2736,0.2686,720.0,0.0,-0.0036129498999986254,0.23040000000000002,0.22678705010000139
39.44378363,1.0,0.0,720.0,0.9,720.0,0.0,-0.005,0.2736,0.2686,720.0,0.0,-0.0036129498999986254,0.23040000000000002,0.22678705010000139
39.453781964,1.0,0.0,720.0,0.9,720.0,0.0,-0.005,0.2736,0.2686,720.0,0.0,-0.0036129498999986254,0.23040000000000002,0.22678705010000139
39.472205675,1.0,0.0,720.0,0.9,720.0,0.0,-0.005,0.2736,0.2686,720.0,0.0,-0.0036129498999986254,0.23040000000000002,0.22678705010000139
39.483660301,1.0,0.0,720.0,0.9,720.0,0.0,-0.005,0.2736,0.2686,720.0,0.0,-0.0036129498999986254,0.23040000000000002,0.22678705010000139
39.495580719,1.0,0.0,720.0,0.9,720.0,0.0,-0.005,0.2736,0.2686,720.0,0.0,-0.0036129498999986254,0.23040000000000002,0.22678705010000139
39.509060095,1.0,0.0,720.0,0.9,720.0,0.0,-0.005,0.2736,0.2686,720.0,0.0,-0.0036129498999986254,0.23040000000000002,0.22678705010000139
39.519955596,1.0,0.0,720.0,0.9,720.0,0.0,-0.005,0.2736,0.2686,720.0,0.0,-0.0036129498999986254,0.23040000000000002,0.22678705010000139
39.530135056,1.0,0.0,720.0,0.9,720.0,0.0,-0.005,0.2736,0.2686,720.0,0.0,-0.0036129498999986254,0.23040000000000002,0.22678705010000139
39.547807432,1.0,0.0,720.0,0.9,720.0,0.0,-0.005,0.2736,0.2686,720.0,0.0,-0.0036129498999986254,0.23040000000000002,0.22678705010000139
39.558248808,1.0,0.0,720.0,0.9,720.0,0.0,-0.005,0.2736,0.2686,720.0,0.0,-0.0036129498999986254,0.23040000000000002,0.22678705010000139
39.570809726,1.0,0.0,720.0,0.9,720.0,0.0,-0.005,0.2736,0.2686,720.0,0.0,-0.0036129498999986254,0.23040000000000002,0.22678705010000139
39.582103061,1.0,0.0,720.0,0.9,720.0,0.0,-0.005,0.2736,0.2686,720.0,0.0,-0.0036129498999986254,0.23040000000000002,0.22678705010000139
39.598747896,1.0,0.0,720.0,0.9,720.0,0.0,-0.005,0.2736,0.2686,700.0,20.0,0.18758145440000135,0.23040000000000002,0.41798145440000134
39.621119023,1.0,0.0,720.0,0.9,720.0,0.0,-0.005,0.2736,0.2686,720.0,0.0,-0.0024185455999986517,0.23040000000000002,0.22798145440000137
39.632865316,1.0,0.0,720.0,0.9,720.0,0.0,-0.005,0.2736,0.2686,720.0,0.0,-0.0024185455999986517,0.23040000000000002,0.22798145440000137
39.644366317,1.0,0.0,720.0,0.9,720.0,0.0,-0.005,0.2736,0.2686,720.0,0.0,-0.0024185455999986517,0.23040000000000002,0.22798145440000137
39.656704985,1.0,0.0,720.0,0.9,720.0,0.0,-0.005,0.2736,0.2686,720.0,0.0,-0.0024185455999986517,0.23040000000000002,0.22798145440000137
39.671315736,1.0,0.0,720.0,0.9,720.0,0.0,-0.005,0.2736,0.2686,720.0,0.0,-0.0024185455999986517,0.23040000000000002,0.22798145440000137
39.681402154,1.0,0.0,720.0,0.9,720.0,0.0,-0.005,0.2736,0.2686,720.0,0.0,-0.0024185455999986517,0.23040000000000002,0.22798145440000137
39.69324878,1.0,0.0,720.0,0.9,720.0,0.0,-0.005,0.2736,0.2686,720.0,0.0,-0.0024185455999986517,0.23040000000000002,0.22798145440000137
39.703135406,1.0,0.0,720.0,0.9,720.0,0.0,-0.005,0.2736,0.2686,720.0,0.0,-0.0024185455999986517,0.23040000000000002,0.22798145440000137
39.716650949,1.0,0.0,720.0,0.9,720.0,0.0,-0.005,0.2736,0.2686,720.0,0.0,-0.0024185455999986517,0.23040000000000002,0.22798145440000137
39.726642867,1.0,0.0,720.0,0.9,720.0,0.0,-0.005,0.2736,0.2686,720.0,0.0,-0.0024185455999986517,0.23040000000000002,0.22798145440000137
39.737809326,1.0,0.0,720.0,0.9,720.0,0.0,-0.005,0.2736,0.2686,720.0,0.0,-0.0024185455999986517,0.23040000000000002,0.22798145440000137
39.767661121,0.0,0.0,720.0,0.9,700.0,20.0,0.18753927950000163,0.2736,0.46113927950000166,740.0,-20.0,-0.19495779589999926,0.23040000000000002,0.03544220410000076
39.783658748,1.0,0.0,720.0,0.9,720.0,0.0,-0.0024607204999983878,0.2736,0.2711392795000016,720.0,0.0,-0.004957795899999269,0.23040000000000002,0.22544220410000076
39.794492124,1.0,0.0,720.0,0.9,720.0,0.0,-0.0024607204999983878,0.2736,0.2711392795000016,720.0,0.0,-0.004957795899999269,0.23040000000000002,0.22544220410000076
39.804411708,1.0,0.0,720.0,0.9,720.0,0.0,-0.0024607204999983878,0.2736,0.2711392795000016,720.0,0.0,-0.004957795899999269,0.23040000000000002,0.22544220410000076
39.818045376,1.0,0.0,720.0,0.9,740.0,-20.0,-0.1937126705999998,0.2736,0.0798873294000002,720.0,0.0,-0.004957795899999269,0.23040000000000002,0.22544220410000076
39.830623211,1.0,0.0,720.0,0.9,720.0,0.0,-0.0037126705999997968,0.2736,0.2698873294000002,720.0,0.0,-0.004957795899999269,0.23040000000000002,0.22544220410000076
39.841495378,1.0,0.0,720.0,0.9,720.0,0.0,-0.0037126705999997968,0.2736,0.2698873294000002,720.0,0.0,-0.004957795899999269,0.23040000000000002,0.22544220410000076
39.856817505,0.0,0.0,720.0,0.9,740.0,-20.0,-0.1949212498999981,0.2736,0.07867875010000192,700.0,20.0,0.18625078340000187,0.23040000000000002,0.4166507834000019
39.873488007,1.0,0.0,720.0,0.9,720.0,0.0,-0.004921249899998088,0.2736,0.2686787501000019,700.0,20.0,0.18791372100000162,0.23040000000000002,0.41831372100000164
39.907463093,1.0,0.0,720.0,0.9,720.0,0.0,-0.004921249899998088,0.2736,0.2686787501000019,740.0,-20.0,-0.195,0.23040000000000002,0.035400000000000015
39.918668928,1.0,0.0,720.0,0.9,720.0,0.0,-0.004921249899998088,0.2736,0.2686787501000019,740.0,-20.0,-0.195,0.23040000000000002,0.035400000000000015
39.940261013,1.0,0.0,720.0,0.9,740.0,-20.0,-0.195,0.2736,0.0786,720.0,0.0,-0.005,0.23040000000000002,0.22540000000000002
39.957675265,1.0,0.0,720.0,0.9,720.0,0.0,-0.005,0.2736,0.2686,720.0,0.0,-0.005,0.23040000000000002,0.22540000000000002
39.9690246,1.0,0.0,720.0,0.9,720.0,0.0,-0.005,0.2736,0.2686,720.0,0.0,-0.005,0.23040000000000002,0.22540000000000002
39.982381184,1.0,0.0,720.0,0.9,720.0,0.0,-0.005,0.2736,0.2686,740.0,-20.0,-0.195,0.23040000000000002,0.035400000000000015
39.998982269,1.0,0.0,720.0,0.9,720.0,0.0,-0.005,0.2736,0.2686,720.0,0.0,-0.005,0.23040000000000002,0.22540000000000002
40.016071313,1.0,0.0,720.0,0.9,720.0,0.0,-0.005,0.2736,0.2686,740.0,-20.0,-0.195,0.23040000000000002,0.035400000000000015
40.028577397,1.0,0.0,720.0,0.9,720.0,0.0,-0.005,0.2736,0.2686,720.0,0.0,-0.005,0.23040000000000002,0.22540000000000002
40.040368315,1.0,0.0,720.0,0.9,720.0,0.0,-0.005,0.2736,0.2686,720.0,0.0,-0.005,0.23040000000000002,0.22540000000000002
40.055859025,1.0,0.0,720.0,0.9,720.0,0.0,-0.005,0.2736,0.2686,740.0,-20.0,-0.195,0.23040000000000002,0.035400000000000015
40.072025235,1.0,0.0,720.0,0.9,720.0,0.0,-0.005,0.2736,0.2686,720.0,0.0,-0.005,0.23040000000000002,0.22540000000000002
40.086353945,1.0,0.0,720.0,0.9,720.0,0.0,-0.005,0.2736,0.2686,740.0,-20.0,-0.195,0.23040000000000002,0.035400000000000015
40.10636753,1.0,0.0,720.0,0.9,720.0,0.0,-0.005,0.2736,0.2686,720.0,0.0,-0.005,0.23040000000000002,0.22540000000000002
40.122833573,1.0,0.0,720.0,0.9,740.0,-20.0,-0.195,0.2736,0.0786,720.0,0.0,-0.005,0.23040000000000002,0.22540000000000002
40.138089783,1.0,0.0,720.0,0.9,720.0,0.0,-0.005,0.2736,0.2686,720.0,0.0,-0.005,0.23040000000000002,0.22540000000000002
40.150166534,1.0,0.0,720.0,0.9,720.0,0.0,-0.005,0.2736,0.2686,720.0,0.0,-0.005,0.23040000000000002,0.22540000000000002
40.164635828,1.0,0.0,720.0,0.9,720.0,0.0,-0.005,0.2736,0.2686,740.0,-20.0,-0.195,0.23040000000000002,0.035400000000000015
40.179267579,1.0,0.0,720.0,0.9,700.0,20.0,0.18635686269999838,0.2736,0.45995686269999836,720.0,0.0,-0.005,0.23040000000000002,0.22540000000000002
40.193007997,1.0,0.0,720.0,0.9,720.0,0.0,-0.0036431373000016267,0.2736,0.26995686269999836,720.0,0.0,-0.005,0.23040000000000002,0.22540000000000002
40.204443957,1.0,0.0,720.0,0.9,720.0,0.0,-0.0036431373000016267,0.2736,0.26995686269999836,720.0,0.0,-0.005,0.23040000000000002,0.22540000000000002
40.218646375,1.0,0.0,720.0,0.9,720.0,0.0,-0.0036431373000016267,0.2736,0.26995686269999836,720.0,0.0,-0.005,0.23040000000000002,0.22540000000000002
40.230108876,1.0,0.0,720.0,0.9,720.0,0.0,-0.0036431373000016267,0.2736,0.26995686269999836,720.0,0.0,-0.005,0.23040000000000002,0.22540000000000002
40.243421711,1.0,0.0,720.0,0.9,720.0,0.0,-0.0036431373000016267,0.2736,0.26995686269999836,740.0,-20.0,-0.195,0.23040000000000002,0.035400000000000015
40.266557005,1.0,0.0,720.0,0.9,720.0,0.0,-0.0036431373000016267,0.2736,0.26995686269999836,720.0,0.0,-0.005,0.23040000000000002,0.22540000000000002
40.280707506,1.0,0.0,720.0,0.9,740.0,-20.0,-0.195,0.2736,0.0786,720.0,0.0,-0.005,0.23040000000000002,0.22540000000000002
40.293016715,1.0,0.0,720.0,0.9,720.0,0.0,-0.005,0.2736,0.2686,720.0,0.0,-0.005,0.23040000000000002,0.22540000000000002
40.312994718,1.0,0.0,720.0,0.9,740.0,-20.0,-0.195,0.2736,0.0786,720.0,0.0,-0.005,0.23040000000000002,0.22540000000000002
40.328589844,1.0,0.0,720.0,0.9,720.0,0.0,-0.005,0.2736,0.2686,720.0,0.0,-0.005,0.23040000000000002,0.22540000000000002
40.341067637,1.0,0.0,720.0,0.9,720.0,0.0,-0.005,0.2736,0.2686,720.0,0.0,-0.005,0.23040000000000002,0.22540000000000002
40.35381843,1.0,0.0,720.0,0.9,740.0,-20.0,-0.195,0.2736,0.0786,720.0,0.0,-0.005,0.23040000000000002,0.22540000000000002
40.372590974,1.0,1.0,720.0,0.9,720.0,0.0,-0.005,0.2736,0.2686,720.0,0.0,-0.005,0.23040000000000002,0.22540000000000002
40.38451985,1.0,0.0,720.0,0.9,720.0,0.0,-0.005,0.2736,0.2686,720.0,0.0,-0.005,0.23040000000000002,0.22540000000000002
40.413805228,1.0,0.0,720.0,0.9,720.0,0.0,-0.005,0.2736,0.2686,720.0,0.0,-0.005,0.23040000000000002,0.22540000000000002
40.424996187,1.0,0.0,720.0,0.9,720.0,0.0,-0.005,0.2736,0.2686,720.0,0.0,-0.005,0.23040000000000002,0.22540000000000002
40.445508523,1.0,0.0,720.0,0.9,720.0,0.0,-0.005,0.2736,0.2686,720.0,0.0,-0.005,0.23040000000000002,0.22540000000000002
40.459785607,1.0,0.0,720.0,0.9,720.0,0.0,-0.005,0.2736,0.2686,720.0,0.0,-0.005,0.23040000000000002,0.22540000000000002
40.471372358,1.0,0.0,720.0,0.9,720.0,0.0,-0.005,0.2736,0.2686,720.0,0.0,-0.005,0.23040000000000002,0.22540000000000002
40.485606568,1.0,0.0,720.0,0.9,720.0,0.0,-0.005,0.2736,0.2686,720.0,0.0,-0.005,0.23040000000000002,0.22540000000000002
40.496370528,1.0,0.0,720.0,0.9,720.0,0.0,-0.005,0.2736,0.2686,720.0,0.0,-0.005,0.23040000000000002,0.22540000000000002
40.509072029,1.0,0.0,720.0,0.9,720.0,0.0,-0.005,0.2736,0.2686,720.0,0.0,-0.005,0.23040000000000002,0.22540000000000002
40.523482405,1.0,0.0,720.0,0.9,720.0,0.0,-0.005,0.2736,0.2686,700.0,20.0,0.18635671680000088,0.23040000000000002,0.4167567168000009
40.53673574,1.0,0.0,720.0,0.9,720.0,0.0,-0.005,0.2736,0.2686,720.0,0.0,-0.0036432831999991325,0.23040000000000002,0.2267567168000009
40.546904991,1.0,0.0,720.0,0.9,720.0,0.0,-0.005,0.2736,0.2686,720.0,0.0,-0.0036432831999991325,0.23040000000000002,0.2267567168000009
40.563849951,1.0,0.0,720.0,0.9,720.0,0.0,-0.005,0.2736,0.2686,720.0,0.0,-0.0036432831999991325,0.23040000000000002,0.2267567168000009
40.577266327,1.0,0.0,720.0,0.9,700.0,20.0,0.18645993759999782,0.2736,0.46005993759999786,720.0,0.0,-0.0036432831999991325,0.23040000000000002,0.2267567168000009
40.595170579,1.0,0.0,720.0,0.9,720.0,0.0,-0.0035400624000021708,0.2736,0.27005993759999786,720.0,0.0,-0.0036432831999991325,0.23040000000000002,0.2267567168000009
40.60581058,1.0,0.0,720.0,0.9,720.0,0.0,-0.0035400624000021708,0.2736,0.27005993759999786,720.0,0.0,-0.0036432831999991325,0.23040000000000002,0.2267567168000009
40.61804279,1.0,0.0,720.0,0.9,720.0,0.0,-0.0035400624000021708,0.2736,0.27005993759999786,720.0,0.0,-0.0036432831999991325,0.23040000000000002,0.2267567168000009
40.629888833,1.0,0.0,720.0,0.9,740.0,-20.0,-0.19460400420000326,0.2736,0.07899599579999675,720.0,0.0,-0.0036432831999991325,0.23040000000000002,0.2267567168000009
40.645829584,1.0,0.0,720.0,0.9,720.0,0.0,-0.00460400420000326,0.2736,0.2689959957999967,700.0,20.0,0.18754021270000068,0.23040000000000002,0.4179402127000007
40.658156294,1.0,0.0,720.0,0.9,720.0,0.0,-0.00460400420000326,0.2736,0.2689959957999967,700.0,20.0,0.18910894210000095,0.23040000000000002,0.419508942100001
40.674371212,1.0,0.0,720.0,0.9,720.0,0.0,-0.00460400420000326,0.2736,0.2689959957999967,720.0,0.0,-8.910578999990549E-4,0.23040000000000002,0.22950894210000097
40.686828297,1.0,0.0,720.0,0.9,720.0,0.0,-0.00460400420000326,0.2736,0.2689959957999967,720.0,0.0,-8.910578999990549E-4,0.23040000000000002,0.22950894210000097
40.698043464,1.0,0.0,720.0,0.9,720.0,0.0,-0.00460400420000326,0.2736,0.2689959957999967,720.0,0.0,-8.910578999990549E-4,0.23040000000000002,0.22950894210000097
40.708357966,1.0,0.0,720.0,0.9,720.0,0.0,-0.00460400420000326,0.2736,0.2689959957999967,720.0,0.0,-8.910578999990549E-4,0.23040000000000002,0.22950894210000097
40.721894509,1.0,0.0,720.0,0.9,720.0,0.0,-0.00460400420000326,0.2736,0.2689959957999967,700.0,20.0,0.19023807140000087,0.23040000000000002,0.42063807140000087
40.743168386,1.0,0.0,720.0,0.9,720.0,0.0,-0.00460400420000326,0.2736,0.2689959957999967,720.0,0.0,2.3807140000087657E-4,0.23040000000000002,0.2306380714000009
40.757090804,1.0,0.0,720.0,0.9,720.0,0.0,-0.00460400420000326,0.2736,0.2689959957999967,720.0,0.0,2.3807140000087657E-4,0.23040000000000002,0.2306380714000009
40.772508597,1.0,0.0,720.0,0.9,720.0,0.0,-0.00460400420000326,0.2736,0.2689959957999967,700.0,20.0,0.1915750132000005,0.23040000000000002,0.4219750132000005
40.788874307,1.0,0.0,720.0,0.9,720.0,0.0,-0.00460400420000326,0.2736,0.2689959957999967,720.0,0.0,0.0015750132000005124,0.23040000000000002,0.23197501320000052
40.800144016,1.0,0.0,720.0,0.9,720.0,0.0,-0.00460400420000326,0.2736,0.2689959957999967,720.0,0.0,0.0015750132000005124,0.23040000000000002,0.23197501320000052
40.812900934,1.0,0.0,720.0,0.9,720.0,0.0,-0.00460400420000326,0.2736,0.2689959957999967,740.0,-20.0,-0.18950374529999978,0.23040000000000002,0.040896254700000245
40.828874353,1.0,0.0,720.0,0.9,720.0,0.0,-0.00460400420000326,0.2736,0.2689959957999967,740.0,-20.0,-0.19107550789999947,0.23040000000000002,0.03932449210000055
40.842929771,1.0,0.0,720.0,0.9,720.0,0.0,-0.00460400420000326,0.2736,0.2689959957999967,720.0,0.0,-0.0010755078999994793,0.23040000000000002,0.22932449210000055
40.856181064,1.0,0.0,720.0,0.9,720.0,0.0,-0.00460400420000326,0.2736,0.2689959957999967,740.0,-20.0,-0.19235044130000006,0.23040000000000002,0.03804955869999996
40.873453857,1.0,0.0,720.0,0.9,720.0,0.0,-0.00460400420000326,0.2736,0.2689959957999967,720.0,0.0,-0.002350441300000057,0.23040000000000002,0.22804955869999996
40.88725815,1.0,0.0,720.0,0.9,720.0,0.0,-0.00460400420000326,0.2736,0.2689959957999967,740.0,-20.0,-0.19371984559999875,0.23040000000000002,0.036680154400001275
40.926384654,0.0,0.0,720.0,0.9,700.0,20.0,0.18909940449999624,0.2736,0.46269940449999625,740.0,-20.0,-0.195,0.23040000000000002,0.035400000000000015
40.941194906,1.0,0.0,720.0,0.9,720.0,0.0,-9.005955000037602E-4,0.2736,0.27269940449999625,740.0,-20.0,-0.195,0.23040000000000002,0.035400000000000015
40.953369657,1.0,0.0,720.0,0.9,720.0,0.0,-9.005955000037602E-4,0.2736,0.27269940449999625,720.0,0.0,-0.005,0.23040000000000002,0.22540000000000002
40.967367908,1.0,0.0,720.0,0.9,720.0,0.0,-9.005955000037602E-4,0.2736,0.27269940449999625,720.0,0.0,-0.005,0.23040000000000002,0.22540000000000002
40.980043743,1.0,0.0,720.0,0.9,740.0,-20.0,-0.19204754560000312,0.2736,0.0815524543999969,720.0,0.0,-0.005,0.23040000000000002,0.22540000000000002
40.991900286,1.0,0.0,720.0,0.9,720.0,0.0,-0.0020475456000031045,0.2736,0.2715524543999969,720.0,0.0,-0.005,0.23040000000000002,0.22540000000000002
41.004296995,1.0,0.0,720.0,0.9,720.0,0.0,-0.0020475456000031045,0.2736,0.2715524543999969,740.0,-20.0,-0.195,0.23040000000000002,0.035400000000000015
41.022002914,1.0,0.0,720.0,0.9,720.0,0.0,-0.0020475456000031045,0.2736,0.2715524543999969,720.0,0.0,-0.005,0.23040000000000002,0.22540000000000002
41.033737248,1.0,0.0,720.0,0.9,720.0,0.0,-0.0020475456000031045,0.2736,0.2715524543999969,720.0,0.0,-0.005,0.23040000000000002,0.22540000000000002
41.048053125,1.0,0.0,720.0,0.9,720.0,0.0,-0.0020475456000031045,0.2736,0.2715524543999969,740.0,-20.0,-0.195,0.23040000000000002,0.035400000000000015
41.061549709,1.0,0.0,720.0,0.9,720.0,0.0,-0.0020475456000031045,0.2736,0.2715524543999969,720.0,0.0,-0.005,0.23040000000000002,0.22540000000000002
41.085316462,1.0,0.0,720.0,0.9,720.0,0.0,-0.0020475456000031045,0.2736,0.2715524543999969,740.0,-20.0,-0.195,0.23040000000000002,0.035400000000000015
41.09878213,1.0,0.0,720.0,0.9,720.0,0.0,-0.0020475456000031045,0.2736,0.2715524543999969,720.0,0.0,-0.005,0.23040000000000002,0.22540000000000002
41.110264173,1.0,0.0,720.0,0.9,720.0,0.0,-0.0020475456000031045,0.2736,0.2715524543999969,720.0,0.0,-0.005,0.23040000000000002,0.22540000000000002
41.121005965,1.0,0.0,720.0,0.9,720.0,0.0,-0.0020475456000031045,0.2736,0.2715524543999969,720.0,0.0,-0.005,0.23040000000000002,0.22540000000000002
41.131731425,1.0,0.0,720.0,0.9,720.0,0.0,-0.0020475456000031045,0.2736,0.2715524543999969,720.0,0.0,-0.005,0.23040000000000002,0.22540000000000002
41.146678176,1.0,0.0,720.0,0.9,720.0,0.0,-0.0020475456000031045,0.2736,0.2715524543999969,720.0,0.0,-0.005,0.23040000000000002,0.22540000000000002
41.157003761,1.0,0.0,720.0,0.9,720.0,0.0,-0.0020475456000031045,0.2736,0.2715524543999969,720.0,0.0,-0.005,0.23040000000000002,0.22540000000000002
41.176974471,0.0,0.0,720.0,0.9,660.0,60.0,0.5723116172999902,0.2736,0.8459116172999903,700.0,20.0,0.18645308339999986,0.23040000000000002,0.4168530833999999
41.192085139,0.0,0.0,720.0,0.9,640.0,80.0,0.765,0.2736,1.0,620.0,100.0,0.955,0.23040000000000002,1.0
41.205045057,0.0,0.0,720.0,0.9,560.0,160.0,1.525,0.2736,1.0,580.0,140.0,1.335,0.23040000000000002,1.0
41.219215684,0.0,0.0,720.0,0.9,580.0,140.0,1.335,0.2736,1.0,560.0,160.0,1.525,0.23040000000000002,1.0
41.240694602,0.0,0.0,720.0,0.9,620.0,100.0,0.955,0.2736,1.0,600.0,120.0,1.1449999999999998,0.23040000000000002,1.0
41.251241562,0.0,0.0,720.0,0.9,640.0,80.0,0.765,0.2736,1.0,600.0,120.0,1.1449999999999998,0.23040000000000002,1.0
41.268133438,0.0,0.0,720.0,0.9,640.0,80.0,0.765,0.2736,1.0,640.0,80.0,0.765,0.23040000000000002,0.9954000000000001
41.282241357,0.0,0.0,720.0,0.9,680.0,40.0,0.385,0.2736,0.6586000000000001,640.0,80.0,0.765,0.23040000000000002,0.9954000000000001
41.296669233,0.0,0.0,720.0,0.9,700.0,20.0,0.195,0.2736,0.4686,680.0,40.0,0.385,0.23040000000000002,0.6154000000000001
41.306774609,0.0,0.0,720.0,0.9,700.0,20.0,0.195,0.2736,0.4686,680.0,40.0,0.385,0.23040000000000002,0.6154000000000001
41.323267194,1.0,0.0,720.0,0.9,720.0,0.0,0.005,0.2736,0.2786,700.0,20.0,0.195,0.23040000000000002,0.4254
41.344238613,1.0,0.0,720.0,0.9,740.0,-20.0,-0.18717510429999948,0.2736,0.08642489570000053,720.0,0.0,0.005,0.23040000000000002,0.23540000000000003
41.361229073,0.0,0.0,720.0,0.9,760.0,-40.0,-0.3805556381000031,0.2736,-0.10695563810000308,740.0,-20.0,-0.186690296000001,0.23040000000000002,0.04370970399999902
41.379885533,1.0,0.0,720.0,0.9,740.0,-20.0,-0.19239640490000112,0.2736,0.08120359509999889,740.0,-20.0,-0.18853103369999985,0.23040000000000002,0.04186896630000017
41.393462034,1.0,0.0,720.0,0.9,740.0,-20.0,-0.19379882590000136,0.2736,0.07980117409999865,740.0,-20.0,-0.18993342550000195,0.23040000000000002,0.040466574499998076
41.43500733,0.0,0.0,720.0,0.9,740.0,-20.0,-0.195,0.2736,0.0786,760.0,-40.0,-0.385,0.23040000000000002,-0.1546
41.450586123,1.0,0.0,720.0,0.9,740.0,-20.0,-0.195,0.2736,0.0786,740.0,-20.0,-0.195,0.23040000000000002,0.035400000000000015
41.46724525,0.0,0.0,720.0,0.9,720.0,0.0,-0.005,0.2736,0.2686,760.0,-40.0,-0.385,0.23040000000000002,-0.1546
41.500868295,1.0,0.0,720.0,0.9,720.0,0.0,-0.005,0.2736,0.2686,740.0,-20.0,-0.195,0.23040000000000002,0.035400000000000015
41.524824339,0.0,0.0,720.0,0.9,740.0,-20.0,-0.195,0.2736,0.0786,700.0,20.0,0.18715366689999996,0.23040000000000002,0.41755366689999995
41.545314508,1.0,0.0,720.0,0.9,720.0,0.0,-0.005,0.2736,0.2686,720.0,0.0,-0.002846333100000038,0.23040000000000002,0.22755366689999998
41.559922343,1.0,0.0,720.0,0.9,740.0,-20.0,-0.195,0.2736,0.0786,720.0,0.0,-0.002846333100000038,0.23040000000000002,0.22755366689999998
41.579824511,0.0,0.0,720.0,0.9,720.0,0.0,-0.005,0.2736,0.2686,680.0,40.0,0.3810531341000001,0.23040000000000002,0.6114531341000001
41.599599805,1.0,0.0,720.0,0.9,720.0,0.0,-0.005,0.2736,0.2686,700.0,20.0,0.1929408008999991,0.23040000000000002,0.42334080089999915
41.613359181,1.0,0.0,720.0,0.9,720.0,0.0,-0.005,0.2736,0.2686,700.0,20.0,0.19454948859999832,0.23040000000000002,0.42494948859999837
41.628055391,1.0,0.0,720.0,0.9,720.0,0.0,-0.005,0.2736,0.2686,740.0,-20.0,-0.18692678240000304,0.23040000000000002,0.04347321759999698
41.651133519,1.0,0.0,720.0,0.9,720.0,0.0,-0.005,0.2736,0.2686,720.0,0.0,0.0030732175999969515,0.23040000000000002,0.23347321759999698
41.662843061,1.0,0.0,720.0,0.9,720.0,0.0,-0.005,0.2736,0.2686,720.0,0.0,0.0030732175999969515,0.23040000000000002,0.23347321759999698
41.677567271,1.0,0.0,720.0,0.9,740.0,-20.0,-0.195,0.2736,0.0786,720.0,0.0,0.0030732175999969515,0.23040000000000002,0.23347321759999698
41.689645772,1.0,0.0,720.0,0.9,720.0,0.0,-0.005,0.2736,0.2686,720.0,0.0,0.0030732175999969515,0.23040000000000002,0.23347321759999698
41.705372149,1.0,0.0,720.0,0.9,720.0,0.0,-0.005,0.2736,0.2686,740.0,-20.0,-0.18821880760000453,0.23040000000000002,0.04218119239999549
41.717663275,1.0,0.0,720.0,0.9,720.0,0.0,-0.005,0.2736,0.2686,720.0,0.0,0.0017811923999954615,0.23040000000000002,0.2321811923999955
41.731151402,1.0,0.0,720.0,0.9,720.0,0.0,-0.005,0.2736,0.2686,720.0,0.0,0.0017811923999954615,0.23040000000000002,0.2321811923999955
41.742368028,1.0,0.0,720.0,0.9,720.0,0.0,-0.005,0.2736,0.2686,720.0,0.0,0.0017811923999954615,0.23040000000000002,0.2321811923999955
41.756221321,1.0,0.0,720.0,0.9,720.0,0.0,-0.005,0.2736,0.2686,720.0,0.0,0.0017811923999954615,0.23040000000000002,0.2321811923999955
41.767642989,1.0,0.0,720.0,0.9,740.0,-20.0,-0.195,0.2736,0.0786,720.0,0.0,0.0017811923999954615,0.23040000000000002,0.2321811923999955
41.786369741,1.0,0.0,720.0,0.9,720.0,0.0,-0.005,0.2736,0.2686,740.0,-20.0,-0.18985540770000398,0.23040000000000002,0.040544592299996046
41.806040326,1.0,0.0,720.0,0.9,720.0,0.0,-0.005,0.2736,0.2686,720.0,0.0,1.445922999960203E-4,0.23040000000000002,0.23054459229999605
41.821642161,1.0,0.0,720.0,0.9,720.0,0.0,-0.005,0.2736,0.2686,720.0,0.0,1.445922999960203E-4,0.23040000000000002,0.23054459229999605
41.835003704,1.0,0.0,720.0,0.9,720.0,0.0,-0.005,0.2736,0.2686,720.0,0.0,1.445922999960203E-4,0.23040000000000002,0.23054459229999605
41.84960133,1.0,0.0,720.0,0.9,720.0,0.0,-0.005,0.2736,0.2686,740.0,-20.0,-0.19111342450000393,0.23040000000000002,0.03928657549999609
41.86417679,1.0,0.0,720.0,0.9,720.0,0.0,-0.005,0.2736,0.2686,740.0,-20.0,-0.19257059130000415,0.23040000000000002,0.037829408699995876
41.879097,1.0,0.0,720.0,0.9,720.0,0.0,-0.005,0.2736,0.2686,720.0,0.0,-0.0025705913000041393,0.23040000000000002,0.22782940869999588
41.890038876,1.0,0.0,720.0,0.9,720.0,0.0,-0.005,0.2736,0.2686,720.0,0.0,-0.0025705913000041393,0.23040000000000002,0.22782940869999588
41.902967586,1.0,0.0,720.0,0.9,720.0,0.0,-0.005,0.2736,0.2686,700.0,20.0,0.1885181128999966,0.23040000000000002,0.4189181128999966
41.93331113,1.0,0.0,720.0,0.9,720.0,0.0,-0.005,0.2736,0.2686,720.0,0.0,-0.0014818871000034052,0.23040000000000002,0.2289181128999966
41.955097174,1.0,0.0,720.0,0.9,720.0,0.0,-0.005,0.2736,0.2686,740.0,-20.0,-0.1936221373000035,0.23040000000000002,0.03677786269999653
41.979173385,1.0,0.0,720.0,0.9,720.0,0.0,-0.005,0.2736,0.2686,720.0,0.0,-0.0036221373000034874,0.23040000000000002,0.22677786269999653
42.01533043,1.0,0.0,720.0,0.9,720.0,0.0,-0.005,0.2736,0.2686,720.0,0.0,-0.0036221373000034874,0.23040000000000002,0.22677786269999653
42.036863307,0.0,0.0,720.0,0.9,700.0,20.0,0.18660725850000176,0.2736,0.46020725850000177,740.0,-20.0,-0.195,0.23040000000000002,0.035400000000000015
42.06038681,1.0,0.0,720.0,0.9,720.0,0.0,-0.0033927414999982376,0.2736,0.27020725850000177,740.0,-20.0,-0.195,0.23040000000000002,0.035400000000000015
42.075043645,1.0,0.0,720.0,0.9,720.0,0.0,-0.0033927414999982376,0.2736,0.27020725850000177,720.0,0.0,-0.005,0.23040000000000002,0.22540000000000002
42.106881106,0.0,0.0,720.0,0.9,700.0,20.0,0.1892907671000023,0.2736,0.4628907671000023,740.0,-20.0,-0.195,0.23040000000000002,0.035400000000000015
42.133695192,1.0,0.0,720.0,0.9,720.0,0.0,-7.092328999976871E-4,0.2736,0.2728907671000023,740.0,-20.0,-0.195,0.23040000000000002,0.035400000000000015
42.149023444,1.0,0.0,720.0,0.9,720.0,0.0,-7.092328999976871E-4,0.2736,0.2728907671000023,720.0,0.0,-0.005,0.23040000000000002,0.22540000000000002
42.166384904,1.0,0.0,720.0,0.9,720.0,0.0,-7.092328999976871E-4,0.2736,0.2728907671000023,720.0,0.0,-0.005,0.23040000000000002,0.22540000000000002
42.177988572,1.0,0.0,720.0,0.9,720.0,0.0,-7.092328999976871E-4,0.2736,0.2728907671000023,720.0,0.0,-0.005,0.23040000000000002,0.22540000000000002
42.192864448,1.0,0.0,720.0,0.9,740.0,-20.0,-0.19208525799999848,0.2736,0.08151474200000153,720.0,0.0,-0.005,0.23040000000000002,0.22540000000000002
42.210486658,1.0,0.0,720.0,0.9,720.0,0.0,-0.0020852579999984756,0.2736,0.27151474200000153,720.0,0.0,-0.005,0.23040000000000002,0.22540000000000002
42.244190495,0.0,0.0,740.0,0.95,740.0,0.0,-0.0020852579999984756,0.2812,0.2791147420000015,700.0,40.0,0.38086232560000327,0.2368,0.6176623256000033
42.26686758,1.0,0.0,740.0,0.95,740.0,0.0,-0.0020852579999984756,0.2812,0.2791147420000015,720.0,20.0,0.19347498840000185,0.2368,0.4302749884000019
42.293412458,1.0,0.0,740.0,0.95,740.0,0.0,-0.0020852579999984756,0.2812,0.2791147420000015,720.0,20.0,0.195,0.2368,0.4318
42.308753251,1.0,0.0,740.0,0.95,740.0,0.0,-0.0020852579999984756,0.2812,0.2791147420000015,720.0,20.0,0.195,0.2368,0.4318
42.333321504,1.0,0.0,740.0,0.95,740.0,0.0,-0.0020852579999984756,0.2812,0.2791147420000015,740.0,0.0,0.005,0.2368,0.24180000000000001
42.351842339,1.0,0.0,740.0,0.95,720.0,20.0,0.18965867550000212,0.2812,0.47085867550000216,720.0,20.0,0.195,0.2368,0.4318
42.367191882,1.0,0.0,740.0,0.95,740.0,0.0,-3.4132449999788153E-4,0.2812,0.2808586755000021,740.0,0.0,0.005,0.2368,0.24180000000000001
42.384481884,1.0,0.0,740.0,0.95,720.0,20.0,0.1911417423000023,0.2812,0.4723417423000023,720.0,20.0,0.195,0.2368,0.4318
42.401623427,1.0,0.0,740.0,0.95,740.0,0.0,0.0011417423000023065,0.2812,0.2823417423000023,740.0,0.0,0.005,0.2368,0.24180000000000001
42.414137095,1.0,0.0,740.0,0.95,740.0,0.0,0.0011417423000023065,0.2812,0.2823417423000023,740.0,0.0,0.005,0.2368,0.24180000000000001
42.425069055,1.0,0.0,740.0,0.95,740.0,0.0,0.0011417423000023065,0.2812,0.2823417423000023,740.0,0.0,0.005,0.2368,0.24180000000000001
42.449917891,0.0,0.0,800.0,0.5,740.0,60.0,0.575,0.304,0.879,740.0,60.0,0.575,0.256,0.831
42.467099392,0.0,0.0,800.0,0.5,740.0,60.0,0.575,0.304,0.879,720.0,80.0,0.765,0.256,1.0
42.483206686,0.0,0.0,800.0,0.5,760.0,40.0,0.385,0.304,0.6890000000000001,760.0,40.0,0.385,0.256,0.641
42.510882063,1.0,0.0,800.0,0.5,780.0,20.0,0.195,0.304,0.499,780.0,20.0,0.195,0.256,0.451
42.523323106,1.0,0.0,800.0,0.5,780.0,20.0,0.195,0.304,0.499,780.0,20.0,0.195,0.256,0.451
42.542013692,1.0,0.0,800.0,0.5,800.0,0.0,0.005,0.304,0.309,800.0,0.0,0.005,0.256,0.261
42.558499568,1.0,0.0,800.0,0.5,820.0,-20.0,-0.1871499043999995,0.304,0.11685009560000048,800.0,0.0,0.005,0.256,0.261
42.571851486,1.0,0.0,800.0,0.5,820.0,-20.0,-0.18848101289999933,0.304,0.11551898710000066,800.0,0.0,0.005,0.256,0.261
42.585376071,1.0,0.0,800.0,0.5,820.0,-20.0,-0.18980191300000002,0.304,0.11419808699999998,800.0,0.0,0.005,0.256,0.261
42.599137197,1.0,0.0,800.0,0.5,820.0,-20.0,-0.19121538810000005,0.304,0.11278461189999994,800.0,0.0,0.005,0.256,0.261
42.617509866,1.0,0.0,800.0,0.5,820.0,-20.0,-0.19264592579999998,0.304,0.11135407420000001,820.0,-20.0,-0.18643050849999895,0.256,0.06956949150000105
42.643350368,1.0,0.0,800.0,0.5,820.0,-20.0,-0.195,0.304,0.10899999999999999,820.0,-20.0,-0.18916252130000033,0.256,0.06683747869999968
42.671492121,1.0,0.0,800.0,0.5,820.0,-20.0,-0.195,0.304,0.10899999999999999,800.0,0.0,8.374786999996787E-4,0.256,0.2568374786999997
42.682642831,1.0,0.0,800.0,0.5,820.0,-20.0,-0.195,0.304,0.10899999999999999,800.0,0.0,8.374786999996787E-4,0.256,0.2568374786999997
42.696656832,1.0,0.0,800.0,0.5,820.0,-20.0,-0.195,0.304,0.10899999999999999,820.0,-20.0,-0.19034067970000082,0.256,0.06565932029999919
42.712576584,1.0,0.0,800.0,0.5,820.0,-20.0,-0.195,0.304,0.10899999999999999,800.0,0.0,-3.406797000008055E-4,0.256,0.2556593202999992
42.731599377,1.0,0.0,800.0,0.5,820.0,-20.0,-0.195,0.304,0.10899999999999999,800.0,0.0,-3.406797000008055E-4,0.256,0.2556593202999992
42.742866462,1.0,0.0,800.0,0.5,820.0,-20.0,-0.195,0.304,0.10899999999999999,800.0,0.0,-3.406797000008055E-4,0.256,0.2556593202999992
42.75842863,1.0,0.0,800.0,0.5,820.0,-20.0,-0.195,0.304,0.10899999999999999,800.0,0.0,-3.406797000008055E-4,0.256,0.2556593202999992
42.781591632,1.0,0.0,800.0,0.5,800.0,0.0,-0.005,0.304,0.299,800.0,0.0,-3.406797000008055E-4,0.256,0.2556593202999992
42.793455175,1.0,0.0,800.0,0.5,800.0,0.0,-0.005,0.304,0.299,800.0,0.0,-3.406797000008055E-4,0.256,0.2556593202999992
42.81322901,1.0,0.0,800.0,0.5,800.0,0.0,-0.005,0.304,0.299,800.0,0.0,-3.406797000008055E-4,0.256,0.2556593202999992
42.847722972,1.0,0.0,800.0,0.5,800.0,0.0,-0.005,0.304,0.299,780.0,20.0,0.19257741640000006,0.256,0.44857741640000004
42.871605516,1.0,0.0,800.0,0.5,800.0,0.0,-0.005,0.304,0.299,800.0,0.0,0.002577416400000061,0.256,0.2585774164000001
42.890623935,1.0,0.0,800.0,0.5,800.0,0.0,-0.005,0.304,0.299,800.0,0.0,0.002577416400000061,0.256,0.2585774164000001
42.905708645,1.0,0.0,800.0,0.5,800.0,0.0,-0.005,0.304,0.299,800.0,0.0,0.002577416400000061,0.256,0.2585774164000001
42.918079104,1.0,0.0,800.0,0.5,800.0,0.0,-0.005,0.304,0.299,800.0,0.0,0.002577416400000061,0.256,0.2585774164000001
42.936758898,1.0,0.0,800.0,0.5,800.0,0.0,-0.005,0.304,0.299,820.0,-20.0,-0.1890677587999994,0.256,0.0669322412000006
42.950189566,1.0,0.0,800.0,0.5,800.0,0.0,-0.005,0.304,0.299,800.0,0.0,9.322412000005898E-4,0.256,0.2569322412000006
42.964567859,1.0,0.0,800.0,0.5,800.0,0.0,-0.005,0.304,0.299,800.0,0.0,9.322412000005898E-4,0.256,0.2569322412000006
42.978014277,1.0,0.0,800.0,0.5,800.0,0.0,-0.005,0.304,0.299,800.0,0.0,9.322412000005898E-4,0.256,0.2569322412000006
42.990408362,1.0,0.0,800.0,0.5,800.0,0.0,-0.005,0.304,0.299,800.0,0.0,9.322412000005898E-4,0.256,0.2569322412000006
43.027887824,0.0,0.0,800.0,0.5,780.0,20.0,0.18837691699999995,0.304,0.49237691699999997,820.0,-20.0,-0.19244464660000118,0.256,0.06355535339999882
43.062793619,1.0,0.0,800.0,0.5,800.0,0.0,-0.001623083000000065,0.304,0.3023769169999999,820.0,-20.0,-0.195,0.256,0.061
43.080254537,1.0,0.0,800.0,0.5,780.0,20.0,0.19038405060000002,0.304,0.4943840506,800.0,0.0,-0.005,0.256,0.251
43.103101665,1.0,0.0,800.0,0.5,780.0,20.0,0.19290361329999883,0.304,0.4969036132999988,800.0,0.0,-0.005,0.256,0.251
43.119350708,1.0,0.0,800.0,0.5,780.0,20.0,0.19431172179999748,0.304,0.4983117217999975,800.0,0.0,-0.005,0.256,0.251
43.139195126,1.0,0.0,800.0,0.5,800.0,0.0,0.004311721799997486,0.304,0.3083117217999975,800.0,0.0,-0.005,0.256,0.251
43.155558795,1.0,0.0,800.0,0.5,820.0,-20.0,-0.18711137840000278,0.304,0.11688862159999722,820.0,-20.0,-0.195,0.256,0.061
43.189917132,1.0,0.0,800.0,0.5,820.0,-20.0,-0.19074831620000168,0.304,0.11325168379999831,820.0,-20.0,-0.195,0.256,0.061
43.213841676,1.0,0.0,800.0,0.5,800.0,0.0,-7.483162000016818E-4,0.304,0.3032516837999983,800.0,0.0,-0.005,0.256,0.251
43.227635469,1.0,0.0,800.0,0.5,800.0,0.0,-7.483162000016818E-4,0.304,0.3032516837999983,820.0,-20.0,-0.195,0.256,0.061
43.251485346,1.0,0.0,800.0,0.5,820.0,-20.0,-0.1930296456000019,0.304,0.11097035439999808,800.0,0.0,-0.005,0.256,0.251
43.266681764,1.0,0.0,800.0,0.5,820.0,-20.0,-0.19474519990000203,0.304,0.10925480009999797,800.0,0.0,-0.005,0.256,0.251
43.291991433,1.0,0.0,800.0,0.5,800.0,0.0,-0.004745199900002035,0.304,0.29925480009999794,800.0,0.0,-0.005,0.256,0.251
43.302772601,1.0,0.0,800.0,0.5,800.0,0.0,-0.004745199900002035,0.304,0.29925480009999794,800.0,0.0,-0.005,0.256,0.251
43.316562603,1.0,0.0,800.0,0.5,800.0,0.0,-0.004745199900002035,0.304,0.29925480009999794,780.0,20.0,0.18617334589999984,0.256,0.44217334589999985
43.347581064,1.0,0.0,800.0,0.5,800.0,0.0,-0.004745199900002035,0.304,0.29925480009999794,800.0,0.0,-0.0038266541000001554,0.256,0.25217334589999985
43.360442982,1.0,0.0,800.0,0.5,800.0,0.0,-0.004745199900002035,0.304,0.29925480009999794,800.0,0.0,-0.0038266541000001554,0.256,0.25217334589999985
43.371449317,1.0,0.0,800.0,0.5,800.0,0.0,-0.004745199900002035,0.304,0.29925480009999794,800.0,0.0,-0.0038266541000001554,0.256,0.25217334589999985
43.384946193,1.0,0.0,800.0,0.5,800.0,0.0,-0.004745199900002035,0.304,0.29925480009999794,800.0,0.0,-0.0038266541000001554,0.256,0.25217334589999985
43.397066402,1.0,0.0,800.0,0.5,800.0,0.0,-0.004745199900002035,0.304,0.29925480009999794,800.0,0.0,-0.0038266541000001554,0.256,0.25217334589999985
43.415600654,1.0,0.0,800.0,0.5,800.0,0.0,-0.004745199900002035,0.304,0.29925480009999794,800.0,0.0,-0.0038266541000001554,0.256,0.25217334589999985
43.428671989,1.0,0.0,800.0,0.5,800.0,0.0,-0.004745199900002035,0.304,0.29925480009999794,800.0,0.0,-0.0038266541000001554,0.256,0.25217334589999985
43.446840199,1.0,0.0,800.0,0.5,800.0,0.0,-0.004745199900002035,0.304,0.29925480009999794,800.0,0.0,-0.0038266541000001554,0.256,0.25217334589999985
43.462839867,1.0,0.0,800.0,0.5,800.0,0.0,-0.004745199900002035,0.304,0.29925480009999794,800.0,0.0,-0.0038266541000001554,0.256,0.25217334589999985
43.482688078,1.0,0.0,800.0,0.5,800.0,0.0,-0.004745199900002035,0.304,0.29925480009999794,780.0,20.0,0.1879386293999977,0.256,0.44393862939999773
43.495606579,1.0,0.0,800.0,0.5,800.0,0.0,-0.004745199900002035,0.304,0.29925480009999794,800.0,0.0,-0.002061370600002306,0.256,0.2539386293999977
43.520346915,1.0,0.0,800.0,0.5,800.0,0.0,-0.004745199900002035,0.304,0.29925480009999794,800.0,0.0,-0.002061370600002306,0.256,0.2539386293999977
43.542806709,1.0,0.0,800.0,0.5,800.0,0.0,-0.004745199900002035,0.304,0.29925480009999794,800.0,0.0,-0.002061370600002306,0.256,0.2539386293999977
43.559684294,1.0,0.0,800.0,0.5,800.0,0.0,-0.004745199900002035,0.304,0.29925480009999794,800.0,0.0,-0.002061370600002306,0.256,0.2539386293999977
43.58784763,1.0,0.0,800.0,0.5,800.0,0.0,-0.004745199900002035,0.304,0.29925480009999794,800.0,0.0,-0.002061370600002306,0.256,0.2539386293999977
43.612576299,1.0,0.0,800.0,0.5,780.0,20.0,0.18747114609999813,0.304,0.4914711460999981,800.0,0.0,-0.002061370600002306,0.256,0.2539386293999977
43.629097467,1.0,0.0,800.0,0.5,780.0,20.0,0.18904635049999627,0.304,0.49304635049999623,800.0,0.0,-0.002061370600002306,0.256,0.2539386293999977
43.65446372,1.0,0.0,800.0,0.5,800.0,0.0,-9.536495000037348E-4,0.304,0.30304635049999623,800.0,0.0,-0.002061370600002306,0.256,0.2539386293999977
43.666380054,1.0,0.0,800.0,0.5,800.0,0.0,-9.536495000037348E-4,0.304,0.30304635049999623,800.0,0.0,-0.002061370600002306,0.256,0.2539386293999977
43.703316141,1.0,0.0,800.0,0.5,820.0,-20.0,-0.19452776240000388,0.304,0.10947223759999611,800.0,0.0,-0.002061370600002306,0.256,0.2539386293999977
43.715431101,1.0,0.0,800.0,0.5,820.0,-20.0,-0.195,0.304,0.10899999999999999,800.0,0.0,-0.002061370600002306,0.256,0.2539386293999977
43.734497936,1.0,0.0,800.0,0.5,800.0,0.0,-0.005,0.304,0.299,800.0,0.0,-0.002061370600002306,0.256,0.2539386293999977
43.745143479,1.0,0.0,800.0,0.5,800.0,0.0,-0.005,0.304,0.299,800.0,0.0,-0.002061370600002306,0.256,0.2539386293999977
43.766655939,1.0,0.0,800.0,0.5,800.0,0.0,-0.005,0.304,0.299,780.0,20.0,0.18986634209999864,0.256,0.44586634209999865
43.780421149,1.0,0.0,800.0,0.5,800.0,0.0,-0.005,0.304,0.299,780.0,20.0,0.19125257559999853,0.256,0.44725257559999854
43.794293401,1.0,0.0,800.0,0.5,800.0,0.0,-0.005,0.304,0.299,800.0,0.0,0.0012525755999985221,0.256,0.25725257559999853
43.811707944,1.0,0.0,800.0,0.5,800.0,0.0,-0.005,0.304,0.299,800.0,0.0,0.0012525755999985221,0.256,0.25725257559999853
43.825266362,1.0,0.0,800.0,0.5,800.0,0.0,-0.005,0.304,0.299,800.0,0.0,0.0012525755999985221,0.256,0.25725257559999853
43.85924874,1.0,0.0,800.0,0.5,800.0,0.0,-0.005,0.304,0.299,780.0,20.0,0.1942483133999963,0.256,0.45024831339999627
43.876676701,1.0,0.0,800.0,0.5,800.0,0.0,-0.005,0.304,0.299,800.0,0.0,0.0042483133999962775,0.256,0.26024831339999627
43.902263745,1.0,0.0,800.0,0.5,800.0,0.0,-0.005,0.304,0.299,800.0,0.0,0.0042483133999962775,0.256,0.26024831339999627
43.916739746,1.0,0.0,800.0,0.5,800.0,0.0,-0.005,0.304,0.299,800.0,0.0,0.0042483133999962775,0.256,0.26024831339999627
43.93773304,1.0,0.0,800.0,0.5,800.0,0.0,-0.005,0.304,0.299,800.0,0.0,0.0042483133999962775,0.256,0.26024831339999627
43.948413583,1.0,0.0,800.0,0.5,800.0,0.0,-0.005,0.304,0.299,800.0,0.0,0.0042483133999962775,0.256,0.26024831339999627
43.967936001,1.0,0.0,800.0,0.5,800.0,0.0,-0.005,0.304,0.299,800.0,0.0,0.0042483133999962775,0.256,0.26024831339999627
43.981875336,1.0,0.0,800.0,0.5,800.0,0.0,-0.005,0.304,0.299,800.0,0.0,0.0042483133999962775,0.256,0.26024831339999627
43.998815921,1.0,0.0,800.0,0.5,800.0,0.0,-0.005,0.304,0.299,800.0,0.0,0.0042483133999962775,0.256,0.26024831339999627
44.027973841,1.0,0.0,800.0,0.5,780.0,20.0,0.1877949836000005,0.304,0.4917949836000005,800.0,0.0,0.0042483133999962775,0.256,0.26024831339999627
44.049927301,1.0,0.0,800.0,0.5,800.0,0.0,-0.002205016399999522,0.304,0.30179498360000045,800.0,0.0,0.0042483133999962775,0.256,0.26024831339999627
44.067212928,1.0,0.0,800.0,0.5,780.0,20.0,0.18918856709999887,0.304,0.49318856709999886,780.0,20.0,0.195,0.256,0.451
44.095215848,1.0,0.0,800.0,0.5,800.0,0.0,-8.114329000011367E-4,0.304,0.30318856709999886,800.0,0.0,0.005,0.256,0.261
44.120139933,1.0,0.0,800.0,0.5,820.0,-20.0,-0.193312037300002,0.304,0.110687962699998,800.0,0.0,0.005,0.256,0.261
44.144246769,1.0,0.0,800.0,0.5,800.0,0.0,-0.0033120373000019754,0.304,0.30068796269999803,800.0,0.0,0.005,0.256,0.261
44.164668396,1.0,0.0,800.0,0.5,800.0,0.0,-0.0033120373000019754,0.304,0.30068796269999803,800.0,0.0,0.005,0.256,0.261
44.177247397,1.0,0.0,800.0,0.5,800.0,0.0,-0.0033120373000019754,0.304,0.30068796269999803,800.0,0.0,0.005,0.256,0.261
44.193003816,1.0,0.0,800.0,0.5,800.0,0.0,-0.0033120373000019754,0.304,0.30068796269999803,780.0,20.0,0.195,0.256,0.451
44.22340861,1.0,0.0,800.0,0.5,800.0,0.0,-0.0033120373000019754,0.304,0.30068796269999803,800.0,0.0,0.005,0.256,0.261
44.23500382,1.0,0.0,800.0,0.5,800.0,0.0,-0.0033120373000019754,0.304,0.30068796269999803,800.0,0.0,0.005,0.256,0.261
44.25624153,1.0,0.0,800.0,0.5,800.0,0.0,-0.0033120373000019754,0.304,0.30068796269999803,800.0,0.0,0.005,0.256,0.261
44.268950907,1.0,0.0,800.0,0.5,800.0,0.0,-0.0033120373000019754,0.304,0.30068796269999803,800.0,0.0,0.005,0.256,0.261
44.282526241,1.0,0.0,800.0,0.5,800.0,0.0,-0.0033120373000019754,0.304,0.30068796269999803,800.0,0.0,0.005,0.256,0.261
44.292936992,1.0,0.0,800.0,0.5,800.0,0.0,-0.0033120373000019754,0.304,0.30068796269999803,800.0,0.0,0.005,0.256,0.261
44.313230869,1.0,0.0,800.0,0.5,800.0,0.0,-0.0033120373000019754,0.304,0.30068796269999803,820.0,-20.0,-0.1868286627000009,0.256,0.06917133729999911
44.330375621,1.0,0.0,800.0,0.5,800.0,0.0,-0.0033120373000019754,0.304,0.30068796269999803,820.0,-20.0,-0.1885467836999999,0.256,0.06745321630000012
44.344474206,1.0,0.0,800.0,0.5,800.0,0.0,-0.0033120373000019754,0.304,0.30068796269999803,800.0,0.0,0.001453216300000122,0.256,0.2574532163000001
44.375191667,1.0,0.0,800.0,0.5,800.0,0.0,-0.0033120373000019754,0.304,0.30068796269999803,780.0,20.0,0.1943439249000005,0.256,0.4503439249000005
44.396005003,1.0,0.0,800.0,0.5,800.0,0.0,-0.0033120373000019754,0.304,0.30068796269999803,820.0,-20.0,-0.18793944619999992,0.256,0.06806055380000009
44.419137672,1.0,0.0,800.0,0.5,800.0,0.0,-0.0033120373000019754,0.304,0.30068796269999803,800.0,0.0,0.002060553800000093,0.256,0.2580605538000001
44.435705215,1.0,0.0,800.0,0.5,800.0,0.0,-0.0033120373000019754,0.304,0.30068796269999803,780.0,20.0,0.19371687060000056,0.256,0.44971687060000054
44.45589905,1.0,0.0,800.0,0.5,800.0,0.0,-0.0033120373000019754,0.304,0.30068796269999803,820.0,-20.0,-0.18830012129999774,0.256,0.06769987870000227
44.470172052,1.0,0.0,800.0,0.5,800.0,0.0,-0.0033120373000019754,0.304,0.30068796269999803,820.0,-20.0,-0.1897309213999995,0.256,0.0662690786000005
44.489695637,1.0,0.0,800.0,0.5,800.0,0.0,-0.0033120373000019754,0.304,0.30068796269999803,820.0,-20.0,-0.19169523829999718,0.256,0.06430476170000282
44.504738639,1.0,0.0,800.0,0.5,800.0,0.0,-0.0033120373000019754,0.304,0.30068796269999803,800.0,0.0,-0.0016952382999971861,0.256,0.2543047617000028
44.537497184,1.0,0.0,800.0,0.5,800.0,0.0,-0.0033120373000019754,0.304,0.30068796269999803,800.0,0.0,-0.0016952382999971861,0.256,0.2543047617000028
44.556703144,1.0,0.0,800.0,0.5,800.0,0.0,-0.0033120373000019754,0.304,0.30068796269999803,800.0,0.0,-0.0016952382999971861,0.256,0.2543047617000028
44.576093438,1.0,0.0,800.0,0.5,780.0,20.0,0.18836492949999753,0.304,0.49236492949999755,800.0,0.0,-0.0016952382999971861,0.256,0.2543047617000028
44.593228273,1.0,0.0,800.0,0.5,780.0,20.0,0.19020805879999672,0.304,0.49420805879999674,800.0,0.0,-0.0016952382999971861,0.256,0.2543047617000028
44.612711608,1.0,0.0,800.0,0.5,780.0,20.0,0.19217707149999855,0.304,0.49617707149999857,800.0,0.0,-0.0016952382999971861,0.256,0.2543047617000028
44.630503568,1.0,0.0,800.0,0.5,800.0,0.0,0.002177071499998533,0.304,0.3061770714999985,800.0,0.0,-0.0016952382999971861,0.256,0.2543047617000028
44.643492361,1.0,0.0,800.0,0.5,800.0,0.0,0.002177071499998533,0.304,0.3061770714999985,800.0,0.0,-0.0016952382999971861,0.256,0.2543047617000028
44.656196196,1.0,0.0,800.0,0.5,800.0,0.0,0.002177071499998533,0.304,0.3061770714999985,800.0,0.0,-0.0016952382999971861,0.256,0.2543047617000028
44.668260697,1.0,0.0,800.0,0.5,800.0,0.0,0.002177071499998533,0.304,0.3061770714999985,800.0,0.0,-0.0016952382999971861,0.256,0.2543047617000028
44.680154865,1.0,0.0,800.0,0.5,800.0,0.0,0.002177071499998533,0.304,0.3061770714999985,800.0,0.0,-0.0016952382999971861,0.256,0.2543047617000028
44.692637033,1.0,0.0,800.0,0.5,800.0,0.0,0.002177071499998533,0.304,0.3061770714999985,780.0,20.0,0.18934744090000322,0.256,0.4453474409000032
44.712382576,1.0,0.0,800.0,0.5,800.0,0.0,0.002177071499998533,0.304,0.3061770714999985,800.0,0.0,-6.52559099996779E-4,0.256,0.2553474409000032
44.725394119,1.0,0.0,800.0,0.5,800.0,0.0,0.002177071499998533,0.304,0.3061770714999985,800.0,0.0,-6.52559099996779E-4,0.256,0.2553474409000032
44.737170454,1.0,0.0,800.0,0.5,800.0,0.0,0.002177071499998533,0.304,0.3061770714999985,800.0,0.0,-6.52559099996779E-4,0.256,0.2553474409000032
44.747699038,1.0,0.0,800.0,0.5,800.0,0.0,0.002177071499998533,0.304,0.3061770714999985,800.0,0.0,-6.52559099996779E-4,0.256,0.2553474409000032
44.762406623,1.0,0.0,800.0,0.5,780.0,20.0,0.19329788819999918,0.304,0.4972978881999992,780.0,20.0,0.19046828680000488,0.256,0.4464682868000049
44.776765374,1.0,0.0,800.0,0.5,780.0,20.0,0.19475362589999803,0.304,0.49875362589999805,780.0,20.0,0.19192399530000273,0.256,0.4479239953000027
44.792056293,1.0,0.0,800.0,0.5,780.0,20.0,0.195,0.304,0.499,800.0,0.0,0.0019239953000027299,0.256,0.25792399530000276
44.805232336,1.0,0.0,800.0,0.5,800.0,0.0,0.005,0.304,0.309,800.0,0.0,0.0019239953000027299,0.256,0.25792399530000276
44.816869837,1.0,0.0,800.0,0.5,800.0,0.0,0.005,0.304,0.309,800.0,0.0,0.0019239953000027299,0.256,0.25792399530000276
44.830853213,1.0,0.0,800.0,0.5,820.0,-20.0,-0.1862675834999982,0.304,0.1177324165000018,800.0,0.0,0.0019239953000027299,0.256,0.25792399530000276
44.843642506,1.0,0.0,800.0,0.5,820.0,-20.0,-0.18756739609999953,0.304,0.11643260390000046,800.0,0.0,0.0019239953000027299,0.256,0.25792399530000276
44.864857175,1.0,0.0,800.0,0.5,820.0,-20.0,-0.18965896709999924,0.304,0.11434103290000075,800.0,0.0,0.0019239953000027299,0.256,0.25792399530000276
44.893251219,1.0,0.0,800.0,0.5,800.0,0.0,3.4103290000075503E-4,0.304,0.30434103290000075,780.0,20.0,0.19439528730000405,0.256,0.45039528730000405
44.923565306,1.0,0.0,800.0,0.5,800.0,0.0,3.4103290000075503E-4,0.304,0.30434103290000075,800.0,0.0,0.004395287300004043,0.256,0.26039528730000405
44.943464266,1.0,0.0,800.0,0.5,800.0,0.0,3.4103290000075503E-4,0.304,0.30434103290000075,800.0,0.0,0.004395287300004043,0.256,0.26039528730000405
44.958885559,1.0,0.0,800.0,0.5,800.0,0.0,3.4103290000075503E-4,0.304,0.30434103290000075,780.0,20.0,0.195,0.256,0.451
44.978108728,1.0,0.0,800.0,0.5,800.0,0.0,3.4103290000075503E-4,0.304,0.30434103290000075,800.0,0.0,0.005,0.256,0.261
44.989012687,1.0,0.0,800.0,0.5,800.0,0.0,3.4103290000075503E-4,0.304,0.30434103290000075,800.0,0.0,0.005,0.256,0.261
45.010939023,1.0,0.0,800.0,0.5,800.0,0.0,3.4103290000075503E-4,0.304,0.30434103290000075,820.0,-20.0,-0.18700138770000252,0.256,0.06899861229999749
45.027473608,1.0,0.0,800.0,0.5,800.0,0.0,3.4103290000075503E-4,0.304,0.30434103290000075,800.0,0.0,0.00299861229999749,0.256,0.2589986122999975
45.049409568,1.0,0.0,800.0,0.5,800.0,0.0,3.4103290000075503E-4,0.304,0.30434103290000075,780.0,20.0,0.195,0.256,0.451
45.064143112,1.0,0.0,800.0,0.5,800.0,0.0,3.4103290000075503E-4,0.304,0.30434103290000075,800.0,0.0,0.005,0.256,0.261
45.091245364,1.0,0.0,800.0,0.5,800.0,0.0,3.4103290000075503E-4,0.304,0.30434103290000075,820.0,-20.0,-0.18760470030000023,0.256,0.06839529969999977
45.109823075,1.0,0.0,800.0,0.5,800.0,0.0,3.4103290000075503E-4,0.304,0.30434103290000075,820.0,-20.0,-0.18951456300000075,0.256,0.06648543699999926
45.130936827,1.0,0.0,800.0,0.5,780.0,20.0,0.19238529560000017,0.304,0.49638529560000016,800.0,0.0,4.854369999992514E-4,0.256,0.25648543699999926
45.149321453,0.0,0.0,800.0,0.5,780.0,20.0,0.19410854999999969,0.304,0.49810854999999965,820.0,-20.0,-0.19123781730000133,0.256,0.06476218269999867
45.166884164,1.0,0.0,800.0,0.5,800.0,0.0,0.004108549999999695,0.304,0.3081085499999997,800.0,0.0,-0.0012378173000013248,0.256,0.2547621826999987
45.177571123,1.0,0.0,800.0,0.5,800.0,0.0,0.004108549999999695,0.304,0.3081085499999997,800.0,0.0,-0.0012378173000013248,0.256,0.2547621826999987
45.189114416,1.0,0.0,800.0,0.5,800.0,0.0,0.004108549999999695,0.304,0.3081085499999997,800.0,0.0,-0.0012378173000013248,0.256,0.2547621826999987
45.206024084,1.0,0.0,800.0,0.5,800.0,0.0,0.004108549999999695,0.304,0.3081085499999997,820.0,-20.0,-0.19271709250000185,0.256,0.06328290749999815
45.219137127,1.0,0.0,800.0,0.5,800.0,0.0,0.004108549999999695,0.304,0.3081085499999997,820.0,-20.0,-0.19401072180000142,0.256,0.06198927819999858
45.237324296,0.0,0.0,800.0,0.5,780.0,20.0,0.195,0.304,0.499,820.0,-20.0,-0.195,0.256,0.061
45.248194422,0.0,0.0,800.0,0.5,780.0,20.0,0.195,0.304,0.499,820.0,-20.0,-0.195,0.256,0.061
45.268915882,1.0,0.0,800.0,0.5,780.0,20.0,0.195,0.304,0.499,800.0,0.0,-0.005,0.256,0.251
45.282930175,1.0,0.0,800.0,0.5,800.0,0.0,0.005,0.304,0.309,820.0,-20.0,-0.195,0.256,0.061
45.298535218,1.0,0.0,800.0,0.5,800.0,0.0,0.005,0.304,0.309,800.0,0.0,-0.005,0.256,0.251
45.310149095,1.0,0.0,800.0,0.5,800.0,0.0,0.005,0.304,0.309,800.0,0.0,-0.005,0.256,0.251
45.322356221,1.0,0.0,800.0,0.5,800.0,0.0,0.005,0.304,0.309,800.0,0.0,-0.005,0.256,0.251
45.333432264,1.0,0.0,800.0,0.5,800.0,0.0,0.005,0.304,0.309,800.0,0.0,-0.005,0.256,0.251
45.348680307,1.0,0.0,800.0,0.5,820.0,-20.0,-0.1864071167999987,0.304,0.1175928832000013,800.0,0.0,-0.005,0.256,0.251
45.371019351,1.0,0.0,800.0,0.5,820.0,-20.0,-0.18839325029999884,0.304,0.11560674970000115,820.0,-20.0,-0.195,0.256,0.061
45.391694728,1.0,0.0,800.0,0.5,800.0,0.0,0.0016067497000011599,0.304,0.3056067497000012,820.0,-20.0,-0.195,0.256,0.061
45.40987023,1.0,0.0,800.0,0.5,820.0,-20.0,-0.18978942959999814,0.304,0.11421057040000185,800.0,0.0,-0.005,0.256,0.251
45.424685731,1.0,0.0,800.0,0.5,800.0,0.0,2.1057040000187045E-4,0.304,0.3042105704000019,800.0,0.0,-0.005,0.256,0.251
45.4441784,1.0,0.0,800.0,0.5,800.0,0.0,2.1057040000187045E-4,0.304,0.3042105704000019,800.0,0.0,-0.005,0.256,0.251
45.458435068,1.0,0.0,800.0,0.5,800.0,0.0,2.1057040000187045E-4,0.304,0.3042105704000019,800.0,0.0,-0.005,0.256,0.251
45.471736236,1.0,0.0,800.0,0.5,800.0,0.0,2.1057040000187045E-4,0.304,0.3042105704000019,800.0,0.0,-0.005,0.256,0.251
45.501434322,1.0,0.0,800.0,0.5,780.0,20.0,0.1930547582000014,0.304,0.4970547582000014,800.0,0.0,-0.005,0.256,0.251
45.515808824,1.0,0.0,800.0,0.5,800.0,0.0,0.003054758200001402,0.304,0.3070547582000014,780.0,20.0,0.1862136833999989,0.256,0.4422136833999989
45.542054743,0.0,0.0,800.0,0.5,780.0,20.0,0.195,0.304,0.499,820.0,-20.0,-0.195,0.256,0.061
45.560780036,1.0,0.0,800.0,0.5,800.0,0.0,0.005,0.304,0.309,780.0,20.0,0.18686310850000099,0.256,0.442863108500001
45.586306414,1.0,0.0,800.0,0.5,820.0,-20.0,-0.18749004610000156,0.304,0.11650995389999844,800.0,0.0,-0.003136891499999024,0.256,0.252863108500001
45.611476958,1.0,0.0,800.0,0.5,820.0,-20.0,-0.1899689213000022,0.304,0.11403107869999779,820.0,-20.0,-0.195,0.256,0.061
45.62820871,1.0,0.0,800.0,0.5,820.0,-20.0,-0.19171883400000014,0.304,0.11228116599999985,800.0,0.0,-0.005,0.256,0.251
45.650112587,1.0,0.0,800.0,0.5,800.0,0.0,-0.001718834000000129,0.304,0.3022811659999999,800.0,0.0,-0.005,0.256,0.251
45.669388839,1.0,0.0,800.0,0.5,800.0,0.0,-0.001718834000000129,0.304,0.3022811659999999,800.0,0.0,-0.005,0.256,0.251
45.689170549,1.0,0.0,800.0,0.5,820.0,-20.0,-0.1937693091999995,0.304,0.1102306908000005,800.0,0.0,-0.005,0.256,0.251
45.703755634,1.0,0.0,800.0,0.5,820.0,-20.0,-0.195,0.304,0.10899999999999999,800.0,0.0,-0.005,0.256,0.251
45.717105802,1.0,0.0,800.0,0.5,820.0,-20.0,-0.195,0.304,0.10899999999999999,800.0,0.0,-0.005,0.256,0.251
45.74231018,1.0,0.0,800.0,0.5,800.0,0.0,-0.005,0.304,0.299,800.0,0.0,-0.005,0.256,0.251
45.758348931,1.0,0.0,800.0,0.5,800.0,0.0,-0.005,0.304,0.299,780.0,20.0,0.18662484599999857,0.256,0.4426248459999986
45.783208559,1.0,0.0,800.0,0.5,800.0,0.0,-0.005,0.304,0.299,780.0,20.0,0.1889140211999978,0.256,0.4449140211999978
45.806324311,1.0,0.0,800.0,0.5,800.0,0.0,-0.005,0.304,0.299,800.0,0.0,-0.0010859788000021809,0.256,0.25491402119999784
45.822253104,1.0,0.0,800.0,0.5,820.0,-20.0,-0.195,0.304,0.10899999999999999,820.0,-20.0,-0.19235280400000193,0.256,0.06364719599999807
45.839147898,0.0,0.0,800.0,0.5,820.0,-20.0,-0.195,0.304,0.10899999999999999,780.0,20.0,0.18967754619999994,0.256,0.44567754619999994
45.872542568,1.0,0.0,800.0,0.5,800.0,0.0,-0.005,0.304,0.299,780.0,20.0,0.19272738809999965,0.256,0.4487273880999997
45.920984323,1.0,0.0,800.0,0.5,780.0,20.0,0.1897784338000014,0.304,0.4937784338000014,800.0,0.0,0.002727388099999644,0.256,0.2587273880999996
45.942986783,1.0,0.0,800.0,0.5,780.0,20.0,0.1921931715000005,0.304,0.49619317150000053,800.0,0.0,0.002727388099999644,0.256,0.2587273880999996
45.967229536,1.0,0.0,800.0,0.5,800.0,0.0,0.002193171500000517,0.304,0.3061931715000005,820.0,-20.0,-0.18970869969999854,0.256,0.06629130030000147
45.981685704,1.0,0.0,800.0,0.5,820.0,-20.0,-0.18923972869999772,0.304,0.11476027130000227,800.0,0.0,2.913003000014669E-4,0.256,0.25629130030000147
46.009783123,1.0,0.0,800.0,0.5,820.0,-20.0,-0.1920784330999976,0.304,0.1119215669000024,820.0,-20.0,-0.1925474040999984,0.256,0.0634525959000016
46.028749917,1.0,0.0,800.0,0.5,800.0,0.0,-0.0020784330999975963,0.304,0.3019215669000024,800.0,0.0,-0.002547404099998403,0.256,0.2534525959000016
46.054139503,1.0,0.0,800.0,0.5,800.0,0.0,-0.0020784330999975963,0.304,0.3019215669000024,800.0,0.0,-0.002547404099998403,0.256,0.2534525959000016
46.066348671,1.0,0.0,800.0,0.5,800.0,0.0,-0.0020784330999975963,0.304,0.3019215669000024,800.0,0.0,-0.002547404099998403,0.256,0.2534525959000016
46.080795797,1.0,0.0,800.0,0.5,800.0,0.0,-0.0020784330999975963,0.304,0.3019215669000024,800.0,0.0,-0.002547404099998403,0.256,0.2534525959000016
46.102344716,1.0,0.0,800.0,0.5,820.0,-20.0,-0.19411108749999756,0.304,0.10988891250000243,800.0,0.0,-0.002547404099998403,0.256,0.2534525959000016
46.130928635,1.0,0.0,800.0,0.5,820.0,-20.0,-0.195,0.304,0.10899999999999999,800.0,0.0,-0.002547404099998403,0.256,0.2534525959000016
46.163374514,0.0,0.0,740.0,0.95,800.0,-60.0,-0.575,0.2812,-0.29379999999999995,800.0,-60.0,-0.575,0.2368,-0.33819999999999995
46.188880183,0.0,0.0,740.0,0.95,780.0,-40.0,-0.385,0.2812,-0.1038,780.0,-40.0,-0.385,0.2368,-0.1482
46.21083656,0.0,0.0,740.0,0.95,780.0,-40.0,-0.385,0.2812,-0.1038,760.0,-20.0,-0.195,0.2368,0.041800000000000004
46.221835895,0.0,0.0,740.0,0.95,780.0,-40.0,-0.385,0.2812,-0.1038,760.0,-20.0,-0.195,0.2368,0.041800000000000004
46.242909688,1.0,0.0,740.0,0.95,740.0,0.0,-0.005,0.2812,0.2762,760.0,-20.0,-0.195,0.2368,0.041800000000000004
46.25886794,1.0,0.0,740.0,0.95,720.0,20.0,0.18636450429999968,0.2812,0.4675645042999997,740.0,0.0,-0.005,0.2368,0.2318
46.274564566,1.0,0.0,740.0,0.95,720.0,20.0,0.18815495870000007,0.2812,0.4693549587000001,740.0,0.0,-0.005,0.2368,0.2318
46.290171943,1.0,0.0,740.0,0.95,720.0,20.0,0.1894886921,0.2812,0.4706886921,720.0,20.0,0.18633364590000157,0.2368,0.4231336459000016
46.308979487,1.0,0.0,740.0,0.95,740.0,0.0,-5.113079000000198E-4,0.2812,0.28068869209999997,740.0,0.0,-0.0036663540999984437,0.2368,0.23313364590000157
46.322100113,1.0,0.0,740.0,0.95,720.0,20.0,0.19101434229999995,0.2812,0.4722143422999999,740.0,0.0,-0.0036663540999984437,0.2368,0.23313364590000157
46.337865281,1.0,0.0,740.0,0.95,720.0,20.0,0.19259374659999992,0.2812,0.47379374659999995,740.0,0.0,-0.0036663540999984437,0.2368,0.23313364590000157
46.363675159,1.0,0.0,720.0,0.9,740.0,-20.0,-0.18977339110000002,0.2736,0.08382660889999999,740.0,-20.0,-0.195,0.23040000000000002,0.035400000000000015
46.381941952,1.0,0.0,720.0,0.9,740.0,-20.0,-0.1914844830000004,0.2736,0.08211551699999961,720.0,0.0,-0.005,0.23040000000000002,0.22540000000000002
46.407362746,0.0,0.0,720.0,0.9,760.0,-40.0,-0.385,0.2736,-0.1114,740.0,-20.0,-0.195,0.23040000000000002,0.035400000000000015
46.425187373,1.0,0.0,720.0,0.9,740.0,-20.0,-0.195,0.2736,0.0786,740.0,-20.0,-0.195,0.23040000000000002,0.035400000000000015
46.443924333,1.0,0.0,720.0,0.9,740.0,-20.0,-0.195,0.2736,0.0786,740.0,-20.0,-0.195,0.23040000000000002,0.035400000000000015
46.457768877,1.0,0.0,720.0,0.9,720.0,0.0,-0.005,0.2736,0.2686,740.0,-20.0,-0.195,0.23040000000000002,0.035400000000000015
46.475065587,1.0,0.0,720.0,0.9,740.0,-20.0,-0.195,0.2736,0.0786,720.0,0.0,-0.005,0.23040000000000002,0.22540000000000002
46.493233505,1.0,0.0,720.0,0.9,740.0,-20.0,-0.195,0.2736,0.0786,720.0,0.0,-0.005,0.23040000000000002,0.22540000000000002
46.507905215,1.0,0.0,720.0,0.9,740.0,-20.0,-0.195,0.2736,0.0786,740.0,-20.0,-0.195,0.23040000000000002,0.035400000000000015
46.535813343,1.0,0.0,720.0,0.9,720.0,0.0,-0.005,0.2736,0.2686,720.0,0.0,-0.005,0.23040000000000002,0.22540000000000002
46.557925762,1.0,0.0,720.0,0.9,720.0,0.0,-0.005,0.2736,0.2686,720.0,0.0,-0.005,0.23040000000000002,0.22540000000000002
46.58824189,1.0,1.0,720.0,0.9,720.0,0.0,-0.005,0.2736,0.2686,740.0,-20.0,-0.195,0.23040000000000002,0.035400000000000015
46.609657808,1.0,0.0,720.0,0.9,720.0,0.0,-0.005,0.2736,0.2686,720.0,0.0,-0.005,0.23040000000000002,0.22540000000000002
46.622152226,1.0,0.0,720.0,0.9,720.0,0.0,-0.005,0.2736,0.2686,720.0,0.0,-0.005,0.23040000000000002,0.22540000000000002
46.638475936,1.0,0.0,720.0,0.9,720.0,0.0,-0.005,0.2736,0.2686,720.0,0.0,-0.005,0.23040000000000002,0.22540000000000002
46.655418271,1.0,0.0,720.0,0.9,720.0,0.0,-0.005,0.2736,0.2686,720.0,0.0,-0.005,0.23040000000000002,0.22540000000000002
46.671919315,1.0,0.0,720.0,0.9,720.0,0.0,-0.005,0.2736,0.2686,740.0,-20.0,-0.195,0.23040000000000002,0.035400000000000015
46.685752191,1.0,0.0,720.0,0.9,720.0,0.0,-0.005,0.2736,0.2686,720.0,0.0,-0.005,0.23040000000000002,0.22540000000000002
46.701489943,1.0,0.0,720.0,0.9,720.0,0.0,-0.005,0.2736,0.2686,720.0,0.0,-0.005,0.23040000000000002,0.22540000000000002
46.712112444,1.0,0.0,720.0,0.9,720.0,0.0,-0.005,0.2736,0.2686,720.0,0.0,-0.005,0.23040000000000002,0.22540000000000002
46.723526237,1.0,0.0,720.0,0.9,720.0,0.0,-0.005,0.2736,0.2686,720.0,0.0,-0.005,0.23040000000000002,0.22540000000000002
46.735484863,1.0,0.0,720.0,0.9,720.0,0.0,-0.005,0.2736,0.2686,720.0,0.0,-0.005,0.23040000000000002,0.22540000000000002
46.758270157,1.0,0.0,720.0,0.9,700.0,20.0,0.18679984599999727,0.2736,0.4603998459999973,700.0,20.0,0.18679981680000196,0.23040000000000002,0.41719981680000195
46.782241951,0.0,0.0,720.0,0.9,640.0,80.0,0.765,0.2736,1.0,620.0,100.0,0.955,0.23040000000000002,1.0
46.795686911,0.0,0.0,720.0,0.9,600.0,120.0,1.1449999999999998,0.2736,1.0,580.0,140.0,1.335,0.23040000000000002,1.0
46.814326162,0.0,0.0,720.0,0.9,580.0,140.0,1.335,0.2736,1.0,600.0,120.0,1.1449999999999998,0.23040000000000002,1.0
46.827814289,0.0,0.0,720.0,0.9,600.0,120.0,1.1449999999999998,0.2736,1.0,600.0,120.0,1.1449999999999998,0.23040000000000002,1.0
46.847430332,0.0,0.0,720.0,0.9,640.0,80.0,0.765,0.2736,1.0,600.0,120.0,1.1449999999999998,0.23040000000000002,1.0
46.861787917,0.0,0.0,720.0,0.9,640.0,80.0,0.765,0.2736,1.0,640.0,80.0,0.765,0.23040000000000002,0.9954000000000001
46.884472878,0.0,0.0,720.0,0.9,700.0,20.0,0.195,0.2736,0.4686,660.0,60.0,0.575,0.23040000000000002,0.8054
46.898125504,0.0,0.0,720.0,0.9,700.0,20.0,0.195,0.2736,0.4686,680.0,40.0,0.385,0.23040000000000002,0.6154000000000001
46.911763256,0.0,0.0,720.0,0.9,740.0,-20.0,-0.18644287510000254,0.2736,0.08715712489999747,680.0,40.0,0.385,0.23040000000000002,0.6154000000000001
46.936828216,1.0,0.0,720.0,0.9,740.0,-20.0,-0.18873654200000148,0.2736,0.08486345799999853,720.0,0.0,0.005,0.23040000000000002,0.23540000000000003
46.96021376,0.0,0.0,720.0,0.9,760.0,-40.0,-0.38343628420000186,0.2736,-0.10983628420000185,740.0,-20.0,-0.1873498711000002,0.23040000000000002,0.04305012889999982
46.986826596,0.0,0.0,720.0,0.9,740.0,-20.0,-0.195,0.2736,0.0786,760.0,-40.0,-0.3820038215000011,0.23040000000000002,-0.1516038215000011
47.001926765,1.0,0.0,720.0,0.9,740.0,-20.0,-0.195,0.2736,0.0786,740.0,-20.0,-0.19396761340000013,0.23040000000000002,0.036432386599999894
47.022950392,0.0,0.0,720.0,0.9,720.0,0.0,-0.005,0.2736,0.2686,760.0,-40.0,-0.385,0.23040000000000002,-0.1546
47.042433727,1.0,0.0,720.0,0.9,740.0,-20.0,-0.195,0.2736,0.0786,740.0,-20.0,-0.195,0.23040000000000002,0.035400000000000015
47.069880438,1.0,0.0,720.0,0.9,740.0,-20.0,-0.195,0.2736,0.0786,720.0,0.0,-0.005,0.23040000000000002,0.22540000000000002
47.088923065,1.0,0.0,720.0,0.9,720.0,0.0,-0.005,0.2736,0.2686,720.0,0.0,-0.005,0.23040000000000002,0.22540000000000002
47.102275275,1.0,0.0,720.0,0.9,740.0,-20.0,-0.195,0.2736,0.0786,720.0,0.0,-0.005,0.23040000000000002,0.22540000000000002
47.118060276,1.0,0.0,720.0,0.9,720.0,0.0,-0.005,0.2736,0.2686,720.0,0.0,-0.005,0.23040000000000002,0.22540000000000002
47.134457195,1.0,0.0,720.0,0.9,720.0,0.0,-0.005,0.2736,0.2686,720.0,0.0,-0.005,0.23040000000000002,0.22540000000000002
47.151358405,1.0,0.0,720.0,0.9,740.0,-20.0,-0.195,0.2736,0.0786,720.0,0.0,-0.005,0.23040000000000002,0.22540000000000002
47.180755491,0.0,0.0,720.0,0.9,640.0,80.0,0.765,0.2736,1.0,620.0,100.0,0.955,0.23040000000000002,1.0
47.190887992,0.0,0.0,720.0,0.9,580.0,140.0,1.335,0.2736,1.0,560.0,160.0,1.525,0.23040000000000002,1.0
47.20578166,0.0,0.0,720.0,0.9,560.0,160.0,1.525,0.2736,1.0,540.0,180.0,1.7149999999999999,0.23040000000000002,1.0
47.216464828,0.0,0.0,720.0,0.9,580.0,140.0,1.335,0.2736,1.0,560.0,160.0,1.525,0.23040000000000002,1.0
47.228480912,0.0,0.0,720.0,0.9,600.0,120.0,1.1449999999999998,0.2736,1.0,560.0,160.0,1.525,0.23040000000000002,1.0
47.240713122,0.0,0.0,720.0,0.9,600.0,120.0,1.1449999999999998,0.2736,1.0,580.0,140.0,1.335,0.23040000000000002,1.0
47.255945415,0.0,0.0,720.0,0.9,620.0,100.0,0.955,0.2736,1.0,600.0,120.0,1.1449999999999998,0.23040000000000002,1.0
47.267915708,0.0,0.0,720.0,0.9,640.0,80.0,0.765,0.2736,1.0,620.0,100.0,0.955,0.23040000000000002,1.0
47.282042876,0.0,0.0,720.0,0.9,680.0,40.0,0.385,0.2736,0.6586000000000001,620.0,100.0,0.955,0.23040000000000002,1.0
47.297214794,0.0,0.0,720.0,0.9,700.0,20.0,0.195,0.2736,0.4686,660.0,60.0,0.575,0.23040000000000002,0.8054
47.311230837,0.0,0.0,720.0,0.9,700.0,20.0,0.195,0.2736,0.4686,680.0,40.0,0.385,0.23040000000000002,0.6154000000000001
47.339228215,0.0,0.0,800.0,0.5,720.0,80.0,0.765,0.304,1.0,720.0,80.0,0.765,0.256,1.0
47.351792925,0.0,0.0,800.0,0.5,740.0,60.0,0.575,0.304,0.879,720.0,80.0,0.765,0.256,1.0
47.366968051,0.0,0.0,800.0,0.5,760.0,40.0,0.385,0.304,0.6890000000000001,740.0,60.0,0.575,0.256,0.831
47.387065637,0.0,0.0,800.0,0.5,780.0,20.0,0.195,0.304,0.499,760.0,40.0,0.385,0.256,0.641
47.405969139,1.0,0.0,800.0,0.5,800.0,0.0,0.005,0.304,0.309,780.0,20.0,0.195,0.256,0.451
47.419253682,1.0,0.0,800.0,0.5,800.0,0.0,0.005,0.304,0.309,820.0,-20.0,-0.18642770850000034,0.256,0.06957229149999966
47.436081392,1.0,0.0,800.0,0.5,820.0,-20.0,-0.186554496,0.304,0.117445504,820.0,-20.0,-0.18798229199999866,0.256,0.06801770800000134
47.45011231,1.0,0.0,800.0,0.5,820.0,-20.0,-0.18798249610000028,0.304,0.11601750389999971,820.0,-20.0,-0.18941029209999896,0.256,0.06658970790000104
47.465455436,1.0,0.0,800.0,0.5,820.0,-20.0,-0.18951736290000043,0.304,0.11448263709999956,820.0,-20.0,-0.19094510059999892,0.256,0.06505489940000109
47.495927023,1.0,0.0,800.0,0.5,820.0,-20.0,-0.19234060900000202,0.304,0.11165939099999797,820.0,-20.0,-0.19376837589999865,0.256,0.062231624100001354
47.511180607,1.0,0.0,800.0,0.5,820.0,-20.0,-0.1940979300000015,0.304,0.10990206999999849,820.0,-20.0,-0.195,0.256,0.061
47.536265693,0.0,0.0,720.0,0.9,820.0,-100.0,-0.955,0.2736,-0.6814,820.0,-100.0,-0.955,0.23040000000000002,-0.7245999999999999
47.550337736,0.0,0.0,720.0,0.9,800.0,-80.0,-0.765,0.2736,-0.4914,820.0,-100.0,-0.955,0.23040000000000002,-0.7245999999999999
47.564810529,0.0,0.0,720.0,0.9,780.0,-60.0,-0.575,0.2736,-0.30139999999999995,800.0,-80.0,-0.765,0.23040000000000002,-0.5346
47.576584239,0.0,0.0,720.0,0.9,780.0,-60.0,-0.575,0.2736,-0.30139999999999995,800.0,-80.0,-0.765,0.23040000000000002,-0.5346
47.592040824,0.0,0.0,720.0,0.9,760.0,-40.0,-0.385,0.2736,-0.1114,780.0,-60.0,-0.575,0.23040000000000002,-0.3445999999999999
47.6071302,1.0,0.0,720.0,0.9,740.0,-20.0,-0.195,0.2736,0.0786,740.0,-20.0,-0.195,0.23040000000000002,0.035400000000000015
47.625915577,1.0,0.0,720.0,0.9,720.0,0.0,-0.005,0.2736,0.2686,720.0,0.0,-0.005,0.23040000000000002,0.22540000000000002
47.643591454,0.0,0.0,720.0,0.9,720.0,0.0,-0.005,0.2736,0.2686,680.0,40.0,0.3787903254000014,0.23040000000000002,0.6091903254000014
47.665303415,1.0,0.0,720.0,0.9,700.0,20.0,0.18697487529999876,0.2736,0.46057487529999874,700.0,20.0,0.19076522979999935,0.23040000000000002,0.4211652297999994
47.683025958,0.0,0.0,720.0,0.9,700.0,20.0,0.18886548790000063,0.2736,0.46246548790000064,680.0,40.0,0.3845463968000047,0.23040000000000002,0.6149463968000047
47.699067918,1.0,0.0,720.0,0.9,700.0,20.0,0.19043363390000026,0.2736,0.4640336339000003,700.0,20.0,0.195,0.23040000000000002,0.4254
47.719214795,1.0,0.0,720.0,0.9,700.0,20.0,0.19247498000000066,0.2736,0.4660749800000007,700.0,20.0,0.195,0.23040000000000002,0.4254
47.730916463,1.0,0.0,720.0,0.9,720.0,0.0,0.0024749800000006417,0.2736,0.27607498000000064,700.0,20.0,0.195,0.23040000000000002,0.4254
47.744320298,1.0,0.0,720.0,0.9,720.0,0.0,0.0024749800000006417,0.2736,0.27607498000000064,720.0,0.0,0.005,0.23040000000000002,0.23540000000000003
47.75467884,1.0,0.0,720.0,0.9,720.0,0.0,0.0024749800000006417,0.2736,0.27607498000000064,720.0,0.0,0.005,0.23040000000000002,0.23540000000000003
47.767958425,1.0,0.0,720.0,0.9,740.0,-20.0,-0.18873584509999944,0.2736,0.08486415490000057,720.0,0.0,0.005,0.23040000000000002,0.23540000000000003
47.779201301,1.0,0.0,720.0,0.9,720.0,0.0,0.0012641549000005625,0.2736,0.27486415490000055,720.0,0.0,0.005,0.23040000000000002,0.23540000000000003
47.797114886,1.0,0.0,720.0,0.9,720.0,0.0,0.0012641549000005625,0.2736,0.27486415490000055,700.0,20.0,0.195,0.23040000000000002,0.4254
47.812929054,1.0,0.0,720.0,0.9,740.0,-20.0,-0.19007751189999852,0.2736,0.08352248810000149,720.0,0.0,0.005,0.23040000000000002,0.23540000000000003
47.828171848,1.0,0.0,720.0,0.9,720.0,0.0,-7.75118999985125E-5,0.2736,0.2735224881000015,740.0,-20.0,-0.18662726689999887,0.23040000000000002,0.043772733100001154
47.842934557,1.0,0.0,720.0,0.9,740.0,-20.0,-0.19156142459999728,0.2736,0.08203857540000273,720.0,0.0,0.003372733100001142,0.23040000000000002,0.23377273310000116
47.857227684,1.0,0.0,720.0,0.9,720.0,0.0,-0.0015614245999972809,0.2736,0.2720385754000027,720.0,0.0,0.003372733100001142,0.23040000000000002,0.23377273310000116
47.875121144,1.0,0.0,720.0,0.9,720.0,0.0,-0.0015614245999972809,0.2736,0.2720385754000027,720.0,0.0,0.003372733100001142,0.23040000000000002,0.23377273310000116
47.897648313,1.0,0.0,720.0,0.9,720.0,0.0,-0.0015614245999972809,0.2736,0.2720385754000027,720.0,0.0,0.003372733100001142,0.23040000000000002,0.23377273310000116
47.908629856,1.0,0.0,720.0,0.9,720.0,0.0,-0.0015614245999972809,0.2736,0.2720385754000027,720.0,0.0,0.003372733100001142,0.23040000000000002,0.23377273310000116
47.921318524,1.0,0.0,720.0,0.9,700.0,20.0,0.1895938672000034,0.2736,0.46319386720000344,720.0,0.0,0.003372733100001142,0.23040000000000002,0.23377273310000116
47.938119692,0.0,0.0,720.0,0.9,660.0,60.0,0.5740136676000014,0.2736,0.8476136676000015,640.0,80.0,0.765,0.23040000000000002,0.9954000000000001
47.951842318,0.0,0.0,720.0,0.9,620.0,100.0,0.955,0.2736,1.0,600.0,120.0,1.1449999999999998,0.23040000000000002,1.0
47.963645486,0.0,0.0,720.0,0.9,580.0,140.0,1.335,0.2736,1.0,560.0,160.0,1.525,0.23040000000000002,1.0
47.974110779,0.0,0.0,720.0,0.9,580.0,140.0,1.335,0.2736,1.0,580.0,140.0,1.335,0.23040000000000002,1.0
47.998921698,0.0,0.0,720.0,0.9,600.0,120.0,1.1449999999999998,0.2736,1.0,620.0,100.0,0.955,0.23040000000000002,1.0
48.010232241,0.0,0.0,720.0,0.9,640.0,80.0,0.765,0.2736,1.0,620.0,100.0,0.955,0.23040000000000002,1.0
48.027878659,0.0,0.0,720.0,0.9,660.0,60.0,0.575,0.2736,0.8486,660.0,60.0,0.575,0.23040000000000002,0.8054
48.04992487,0.0,0.0,720.0,0.9,700.0,20.0,0.195,0.2736,0.4686,680.0,40.0,0.385,0.23040000000000002,0.6154000000000001
48.066172455,1.0,0.0,720.0,0.9,720.0,0.0,0.005,0.2736,0.2786,700.0,20.0,0.195,0.23040000000000002,0.4254
48.086204123,1.0,0.0,720.0,0.9,740.0,-20.0,-0.1867566794000004,0.2736,0.08684332059999961,720.0,0.0,0.005,0.23040000000000002,0.23540000000000003
48.099691958,1.0,0.0,720.0,0.9,740.0,-20.0,-0.18853692539999883,0.2736,0.08506307460000118,720.0,0.0,0.005,0.23040000000000002,0.23540000000000003
48.117653377,1.0,0.0,720.0,0.9,740.0,-20.0,-0.19012271720000115,0.2736,0.08347728279999886,740.0,-20.0,-0.18658570429999827,0.23040000000000002,0.043814295700001754
48.136560962,1.0,0.0,720.0,0.9,740.0,-20.0,-0.19197657990000097,0.2736,0.08162342009999904,740.0,-20.0,-0.1884395669999981,0.23040000000000002,0.041960433000001934
48.154823672,1.0,0.0,720.0,0.9,740.0,-20.0,-0.1938084801000008,0.2736,0.07979151989999922,740.0,-20.0,-0.19027155469999912,0.23040000000000002,0.0401284453000009
48.174540924,0.0,0.0,720.0,0.9,760.0,-40.0,-0.385,0.2736,-0.1114,740.0,-20.0,-0.19216079659999877,0.23040000000000002,0.038239203400001254
48.193008093,1.0,0.0,720.0,0.9,740.0,-20.0,-0.195,0.2736,0.0786,740.0,-20.0,-0.19411397179999937,0.23040000000000002,0.03628602820000065
48.207725594,1.0,0.0,720.0,0.9,740.0,-20.0,-0.195,0.2736,0.0786,720.0,0.0,-0.004113971799999377,0.23040000000000002,0.22628602820000066
48.227549596,1.0,0.0,720.0,0.9,720.0,0.0,-0.005,0.2736,0.2686,740.0,-20.0,-0.195,0.23040000000000002,0.035400000000000015
48.259037641,1.0,0.0,720.0,0.9,720.0,0.0,-0.005,0.2736,0.2686,740.0,-20.0,-0.195,0.23040000000000002,0.035400000000000015
48.274288892,1.0,0.0,720.0,0.9,740.0,-20.0,-0.195,0.2736,0.0786,740.0,-20.0,-0.195,0.23040000000000002,0.035400000000000015
48.293666644,1.0,0.0,720.0,0.9,720.0,0.0,-0.005,0.2736,0.2686,740.0,-20.0,-0.195,0.23040000000000002,0.035400000000000015
48.305305604,1.0,0.0,720.0,0.9,720.0,0.0,-0.005,0.2736,0.2686,740.0,-20.0,-0.195,0.23040000000000002,0.035400000000000015
48.322396689,1.0,0.0,720.0,0.9,720.0,0.0,-0.005,0.2736,0.2686,740.0,-20.0,-0.195,0.23040000000000002,0.035400000000000015
48.335097315,1.0,0.0,720.0,0.9,720.0,0.0,-0.005,0.2736,0.2686,740.0,-20.0,-0.195,0.23040000000000002,0.035400000000000015
48.350072942,1.0,0.0,720.0,0.9,720.0,0.0,-0.005,0.2736,0.2686,720.0,0.0,-0.005,0.23040000000000002,0.22540000000000002
48.371287027,1.0,0.0,720.0,0.9,720.0,0.0,-0.005,0.2736,0.2686,740.0,-20.0,-0.195,0.23040000000000002,0.035400000000000015
48.385563529,1.0,0.0,720.0,0.9,720.0,0.0,-0.005,0.2736,0.2686,720.0,0.0,-0.005,0.23040000000000002,0.22540000000000002
48.413742323,1.0,0.0,720.0,0.9,720.0,0.0,-0.005,0.2736,0.2686,720.0,0.0,-0.005,0.23040000000000002,0.22540000000000002
48.426082449,1.0,0.0,720.0,0.9,720.0,0.0,-0.005,0.2736,0.2686,720.0,0.0,-0.005,0.23040000000000002,0.22540000000000002
48.448652493,1.0,0.0,720.0,0.9,720.0,0.0,-0.005,0.2736,0.2686,740.0,-20.0,-0.195,0.23040000000000002,0.035400000000000015
48.462482161,1.0,0.0,720.0,0.9,720.0,0.0,-0.005,0.2736,0.2686,720.0,0.0,-0.005,0.23040000000000002,0.22540000000000002
48.476673204,1.0,0.0,720.0,0.9,720.0,0.0,-0.005,0.2736,0.2686,720.0,0.0,-0.005,0.23040000000000002,0.22540000000000002
48.492184914,1.0,0.0,720.0,0.9,720.0,0.0,-0.005,0.2736,0.2686,720.0,0.0,-0.005,0.23040000000000002,0.22540000000000002
48.505146291,1.0,0.0,720.0,0.9,720.0,0.0,-0.005,0.2736,0.2686,720.0,0.0,-0.005,0.23040000000000002,0.22540000000000002
48.524272918,1.0,0.0,720.0,0.9,720.0,0.0,-0.005,0.2736,0.2686,740.0,-20.0,-0.195,0.23040000000000002,0.035400000000000015
48.539958169,1.0,0.0,720.0,0.9,720.0,0.0,-0.005,0.2736,0.2686,720.0,0.0,-0.005,0.23040000000000002,0.22540000000000002
48.550702587,1.0,0.0,720.0,0.9,720.0,0.0,-0.005,0.2736,0.2686,720.0,0.0,-0.005,0.23040000000000002,0.22540000000000002
48.562734421,1.0,0.0,720.0,0.9,720.0,0.0,-0.005,0.2736,0.2686,720.0,0.0,-0.005,0.23040000000000002,0.22540000000000002
48.578675465,1.0,0.0,720.0,0.9,700.0,20.0,0.18612848760000192,0.2736,0.45972848760000196,700.0,20.0,0.18612848760000192,0.23040000000000002,0.41652848760000194
48.5958068,1.0,0.0,720.0,0.9,720.0,0.0,-0.003871512399998096,0.2736,0.2697284876000019,720.0,0.0,-0.003871512399998096,0.23040000000000002,0.22652848760000194
48.612172218,1.0,0.0,720.0,0.9,720.0,0.0,-0.003871512399998096,0.2736,0.2697284876000019,720.0,0.0,-0.003871512399998096,0.23040000000000002,0.22652848760000194
48.624286011,1.0,0.0,720.0,0.9,720.0,0.0,-0.003871512399998096,0.2736,0.2697284876000019,720.0,0.0,-0.003871512399998096,0.23040000000000002,0.22652848760000194
48.639073512,1.0,0.0,720.0,0.9,720.0,0.0,-0.003871512399998096,0.2736,0.2697284876000019,740.0,-20.0,-0.195,0.23040000000000002,0.035400000000000015
48.656804514,1.0,0.0,720.0,0.9,700.0,20.0,0.18782362530000454,0.2736,0.4614236253000046,720.0,0.0,-0.005,0.23040000000000002,0.22540000000000002
48.670898141,1.0,0.0,720.0,0.9,700.0,20.0,0.18941160460000275,0.2736,0.4630116046000028,720.0,0.0,-0.005,0.23040000000000002,0.22540000000000002
48.689978101,1.0,0.0,720.0,0.9,720.0,0.0,-5.883953999972391E-4,0.2736,0.2730116046000028,700.0,20.0,0.18657217099999798,0.23040000000000002,0.416972170999998
48.704590019,1.0,0.0,720.0,0.9,720.0,0.0,-5.883953999972391E-4,0.2736,0.2730116046000028,720.0,0.0,-0.003427829000002021,0.23040000000000002,0.226972170999998
48.722069604,1.0,0.0,720.0,0.9,700.0,20.0,0.19124131730000385,0.2736,0.4648413173000039,720.0,0.0,-0.003427829000002021,0.23040000000000002,0.226972170999998
48.736569814,1.0,0.0,720.0,0.9,720.0,0.0,0.0012413173000038569,0.2736,0.2748413173000039,720.0,0.0,-0.003427829000002021,0.23040000000000002,0.226972170999998
48.760750733,1.0,0.0,720.0,0.9,720.0,0.0,0.0012413173000038569,0.2736,0.2748413173000039,700.0,20.0,0.18911066289999837,0.23040000000000002,0.4195106628999984
48.778772235,1.0,0.0,720.0,0.9,740.0,-20.0,-0.19044422449999673,0.2736,0.08315577550000328,720.0,0.0,-8.893371000016259E-4,0.23040000000000002,0.22951066289999839
48.799236445,1.0,0.0,720.0,0.9,720.0,0.0,-4.4422449999672155E-4,0.2736,0.2731557755000033,720.0,0.0,-8.893371000016259E-4,0.23040000000000002,0.22951066289999839
48.814189322,1.0,0.0,720.0,0.9,720.0,0.0,-4.4422449999672155E-4,0.2736,0.2731557755000033,720.0,0.0,-8.893371000016259E-4,0.23040000000000002,0.22951066289999839
48.830342407,1.0,0.0,720.0,0.9,720.0,0.0,-4.4422449999672155E-4,0.2736,0.2731557755000033,720.0,0.0,-8.893371000016259E-4,0.23040000000000002,0.22951066289999839
48.846088617,1.0,0.0,720.0,0.9,720.0,0.0,-4.4422449999672155E-4,0.2736,0.2731557755000033,720.0,0.0,-8.893371000016259E-4,0.23040000000000002,0.22951066289999839
48.856331951,1.0,0.0,720.0,0.9,720.0,0.0,-4.4422449999672155E-4,0.2736,0.2731557755000033,720.0,0.0,-8.893371000016259E-4,0.23040000000000002,0.22951066289999839
48.869830577,1.0,0.0,720.0,0.9,720.0,0.0,-4.4422449999672155E-4,0.2736,0.2731557755000033,700.0,20.0,0.19025597969999866,0.23040000000000002,0.4206559796999987
48.889234288,1.0,0.0,720.0,0.9,720.0,0.0,-4.4422449999672155E-4,0.2736,0.2731557755000033,720.0,0.0,2.5597969999864746E-4,0.23040000000000002,0.23065597969999868
48.907774956,1.0,0.0,720.0,0.9,720.0,0.0,-4.4422449999672155E-4,0.2736,0.2731557755000033,720.0,0.0,2.5597969999864746E-4,0.23040000000000002,0.23065597969999868
48.922493624,1.0,0.0,720.0,0.9,720.0,0.0,-4.4422449999672155E-4,0.2736,0.2731557755000033,720.0,0.0,2.5597969999864746E-4,0.23040000000000002,0.23065597969999868
48.934283375,1.0,0.0,720.0,0.9,720.0,0.0,-4.4422449999672155E-4,0.2736,0.2731557755000033,720.0,0.0,2.5597969999864746E-4,0.23040000000000002,0.23065597969999868
48.945869543,1.0,0.0,720.0,0.9,720.0,0.0,-4.4422449999672155E-4,0.2736,0.2731557755000033,720.0,0.0,2.5597969999864746E-4,0.23040000000000002,0.23065597969999868
48.96598842,1.0,0.0,720.0,0.9,720.0,0.0,-4.4422449999672155E-4,0.2736,0.2731557755000033,720.0,0.0,2.5597969999864746E-4,0.23040000000000002,0.23065597969999868
48.985667172,1.0,0.0,720.0,0.9,700.0,20.0,0.1912176340000036,0.2736,0.46481763400000364,700.0,20.0,0.19191780900000083,0.23040000000000002,0.4223178090000008
49.005427299,1.0,0.0,720.0,0.9,720.0,0.0,0.0012176340000036134,0.2736,0.27481763400000364,720.0,0.0,0.0019178090000008298,0.23040000000000002,0.23231780900000085
49.020195259,1.0,0.0,720.0,0.9,720.0,0.0,0.0012176340000036134,0.2736,0.27481763400000364,720.0,0.0,0.0019178090000008298,0.23040000000000002,0.23231780900000085
49.035419094,1.0,0.0,720.0,0.9,720.0,0.0,0.0012176340000036134,0.2736,0.27481763400000364,740.0,-20.0,-0.18940454949999833,0.23040000000000002,0.040995450500001696
49.064636222,1.0,0.0,720.0,0.9,720.0,0.0,0.0012176340000036134,0.2736,0.27481763400000364,720.0,0.0,5.954505000016752E-4,0.23040000000000002,0.2309954505000017
49.083105432,1.0,0.0,720.0,0.9,720.0,0.0,0.0012176340000036134,0.2736,0.27481763400000364,700.0,20.0,0.19284933399999943,0.23040000000000002,0.4232493339999994
49.098656225,1.0,0.0,720.0,0.9,720.0,0.0,0.0012176340000036134,0.2736,0.27481763400000364,720.0,0.0,0.0028493339999994304,0.23040000000000002,0.23324933399999945
49.111737768,1.0,0.0,720.0,0.9,720.0,0.0,0.0012176340000036134,0.2736,0.27481763400000364,720.0,0.0,0.0028493339999994304,0.23040000000000002,0.23324933399999945
49.129054895,1.0,0.0,720.0,0.9,720.0,0.0,0.0012176340000036134,0.2736,0.27481763400000364,720.0,0.0,0.0028493339999994304,0.23040000000000002,0.23324933399999945
49.147530814,1.0,0.0,720.0,0.9,720.0,0.0,0.0012176340000036134,0.2736,0.27481763400000364,720.0,0.0,0.0028493339999994304,0.23040000000000002,0.23324933399999945
49.183154109,0.0,0.0,695.0,0.9,740.0,-45.0,-0.4325,0.2641,-0.1684,720.0,-25.0,-0.23831928612500192,0.22240000000000001,-0.015919286125001902
49.202430361,1.0,0.0,695.0,0.9,720.0,-25.0,-0.2425,0.2641,0.021600000000000008,700.0,-5.0,-0.04885093617500203,0.22240000000000001,0.173549063824998
49.225585488,1.0,0.0,695.0,0.9,700.0,-5.0,-0.0525,0.2641,0.2116,720.0,-25.0,-0.24186698855000116,0.22240000000000001,-0.019466988550001146
49.238685989,1.0,0.0,695.0,0.9,700.0,-5.0,-0.0525,0.2641,0.2116,700.0,-5.0,-0.05221200837500121,0.22240000000000001,0.1701879916249988
49.259004366,1.0,0.0,695.0,0.9,720.0,-25.0,-0.2425,0.2641,0.021600000000000008,700.0,-5.0,-0.0525,0.22240000000000001,0.16990000000000002
49.287954619,0.0,0.0,695.0,0.9,720.0,-25.0,-0.2425,0.2641,0.021600000000000008,680.0,15.0,0.1399122001750001,0.22240000000000001,0.3623122001750001
49.302899037,1.0,0.0,695.0,0.9,720.0,-25.0,-0.2425,0.2641,0.021600000000000008,700.0,-5.0,-0.050461322799999805,0.22240000000000001,0.17193867720000022
49.317104956,1.0,0.0,695.0,0.9,720.0,-25.0,-0.2425,0.2641,0.021600000000000008,700.0,-5.0,-0.05081184782499989,0.22240000000000001,0.17158815217500012
49.332301082,1.0,0.0,695.0,0.9,700.0,-5.0,-0.0525,0.2641,0.2116,680.0,15.0,0.14023837102499925,0.22240000000000001,0.3626383710249993
49.345979083,1.0,0.0,695.0,0.9,700.0,-5.0,-0.0525,0.2641,0.2116,680.0,15.0,0.14133542430000004,0.22240000000000001,0.36373542430000005
49.358964376,1.0,0.0,695.0,0.9,700.0,-5.0,-0.0525,0.2641,0.2116,680.0,15.0,0.1423242399750002,0.22240000000000001,0.36472423997500025
49.385840587,0.0,0.0,800.0,0.5,700.0,100.0,0.955,0.304,1.0,700.0,100.0,0.955,0.256,1.0
49.405527214,0.0,0.0,800.0,0.5,700.0,100.0,0.955,0.304,1.0,680.0,120.0,1.1449999999999998,0.256,1.0
49.429696467,0.0,0.0,800.0,0.5,720.0,80.0,0.765,0.304,1.0,700.0,100.0,0.955,0.256,1.0
49.450517386,0.0,0.0,800.0,0.5,740.0,60.0,0.575,0.304,0.879,740.0,60.0,0.575,0.256,0.831
49.466494304,0.0,0.0,800.0,0.5,760.0,40.0,0.385,0.304,0.6890000000000001,780.0,20.0,0.195,0.256,0.451
49.491593098,1.0,0.0,800.0,0.5,800.0,0.0,0.005,0.304,0.309,780.0,20.0,0.195,0.256,0.451
49.506802933,0.0,0.0,800.0,0.5,820.0,-20.0,-0.18649248760000092,0.304,0.11750751239999907,780.0,20.0,0.195,0.256,0.451
49.527715143,1.0,0.0,800.0,0.5,820.0,-20.0,-0.18837960030000203,0.304,0.11562039969999796,820.0,-20.0,-0.18688696690000256,0.256,0.06911303309999745
49.549140979,0.0,0.0,800.0,0.5,840.0,-40.0,-0.3826049757000021,0.304,-0.07860497570000213,800.0,0.0,0.0031130330999974377,0.256,0.25911303309999745
49.574719856,0.0,0.0,800.0,0.5,840.0,-40.0,-0.385,0.304,-0.08100000000000002,800.0,0.0,0.0031130330999974377,0.256,0.25911303309999745
49.591127858,1.0,0.0,800.0,0.5,820.0,-20.0,-0.195,0.304,0.10899999999999999,800.0,0.0,0.0031130330999974377,0.256,0.25911303309999745
49.615745402,1.0,0.0,800.0,0.5,800.0,0.0,-0.005,0.304,0.299,800.0,0.0,0.0031130330999974377,0.256,0.25911303309999745
49.633139237,1.0,0.0,800.0,0.5,800.0,0.0,-0.005,0.304,0.299,800.0,0.0,0.0031130330999974377,0.256,0.25911303309999745
49.650941697,1.0,0.0,800.0,0.5,800.0,0.0,-0.005,0.304,0.299,820.0,-20.0,-0.18825284210000234,0.256,0.06774715789999766
49.666968491,1.0,0.0,800.0,0.5,800.0,0.0,-0.005,0.304,0.299,820.0,-20.0,-0.1900293547000024,0.256,0.0659706452999976
49.688268035,0.0,0.0,800.0,0.5,780.0,20.0,0.1868785085000019,0.304,0.4908785085000019,820.0,-20.0,-0.19190792160000342,0.256,0.06409207839999659
49.712889662,1.0,0.0,800.0,0.5,780.0,20.0,0.18939553380000176,0.304,0.4933955338000018,800.0,0.0,-0.0019079216000034195,0.256,0.2540920783999966
49.732575997,1.0,0.0,800.0,0.5,800.0,0.0,-6.044661999982282E-4,0.304,0.3033955338000018,800.0,0.0,-0.0019079216000034195,0.256,0.2540920783999966
49.746927457,1.0,0.0,800.0,0.5,800.0,0.0,-6.044661999982282E-4,0.304,0.3033955338000018,820.0,-20.0,-0.1933682968000062,0.256,0.06263170319999381
49.766135751,1.0,0.0,800.0,0.5,800.0,0.0,-6.044661999982282E-4,0.304,0.3033955338000018,800.0,0.0,-0.003368296800006192,0.256,0.25263170319999384
49.79498217,1.0,0.0,800.0,0.5,820.0,-20.0,-0.19377018739999813,0.304,0.11022981260000186,800.0,0.0,-0.003368296800006192,0.256,0.25263170319999384
49.815628964,1.0,0.0,800.0,0.5,820.0,-20.0,-0.195,0.304,0.10899999999999999,820.0,-20.0,-0.195,0.256,0.061
49.842114633,1.0,0.0,800.0,0.5,800.0,0.0,-0.005,0.304,0.299,800.0,0.0,-0.005,0.256,0.251
49.861572885,1.0,0.0,800.0,0.5,800.0,0.0,-0.005,0.304,0.299,800.0,0.0,-0.005,0.256,0.251
49.873476095,1.0,0.0,800.0,0.5,800.0,0.0,-0.005,0.304,0.299,800.0,0.0,-0.005,0.256,0.251
49.890475888,1.0,0.0,800.0,0.5,800.0,0.0,-0.005,0.304,0.299,800.0,0.0,-0.005,0.256,0.251
49.903002973,1.0,0.0,800.0,0.5,800.0,0.0,-0.005,0.304,0.299,800.0,0.0,-0.005,0.256,0.251
49.917746724,1.0,0.0,800.0,0.5,780.0,20.0,0.18628665850000117,0.304,0.4902866585000012,800.0,0.0,-0.005,0.256,0.251
49.933725393,1.0,0.0,800.0,0.5,780.0,20.0,0.18796024200000033,0.304,0.4919602420000003,800.0,0.0,-0.005,0.256,0.251
49.948553727,1.0,0.0,800.0,0.5,780.0,20.0,0.18943948799999988,0.304,0.49343948799999987,800.0,0.0,-0.005,0.256,0.251
49.973886438,1.0,0.0,800.0,0.5,800.0,0.0,-5.605120000001307E-4,0.304,0.30343948799999987,800.0,0.0,-0.005,0.256,0.251
49.984910856,1.0,0.0,800.0,0.5,800.0,0.0,-5.605120000001307E-4,0.304,0.30343948799999987,800.0,0.0,-0.005,0.256,0.251
49.999691358,1.0,0.0,800.0,0.5,800.0,0.0,-5.605120000001307E-4,0.304,0.30343948799999987,800.0,0.0,-0.005,0.256,0.251
50.019102068,1.0,0.0,800.0,0.5,800.0,0.0,-5.605120000001307E-4,0.304,0.30343948799999987,820.0,-20.0,-0.195,0.256,0.061
50.031483027,1.0,0.0,800.0,0.5,800.0,0.0,-5.605120000001307E-4,0.304,0.30343948799999987,820.0,-20.0,-0.195,0.256,0.061
50.047258987,1.0,0.0,800.0,0.5,800.0,0.0,-5.605120000001307E-4,0.304,0.30343948799999987,820.0,-20.0,-0.195,0.256,0.061
50.060603905,1.0,0.0,800.0,0.5,800.0,0.0,-5.605120000001307E-4,0.304,0.30343948799999987,780.0,20.0,0.18612023340000178,0.256,0.4421202334000018
50.074803115,1.0,0.0,800.0,0.5,800.0,0.0,-5.605120000001307E-4,0.304,0.30343948799999987,800.0,0.0,-0.00387976659999822,0.256,0.2521202334000018
50.088971991,1.0,0.0,800.0,0.5,800.0,0.0,-5.605120000001307E-4,0.304,0.30343948799999987,800.0,0.0,-0.00387976659999822,0.256,0.2521202334000018
50.103250535,1.0,0.0,800.0,0.5,800.0,0.0,-5.605120000001307E-4,0.304,0.30343948799999987,820.0,-20.0,-0.195,0.256,0.061
50.12137587,1.0,0.0,800.0,0.5,800.0,0.0,-5.605120000001307E-4,0.304,0.30343948799999987,800.0,0.0,-0.005,0.256,0.251
50.132244537,1.0,0.0,800.0,0.5,800.0,0.0,-5.605120000001307E-4,0.304,0.30343948799999987,800.0,0.0,-0.005,0.256,0.251
50.145026247,1.0,0.0,800.0,0.5,800.0,0.0,-5.605120000001307E-4,0.304,0.30343948799999987,800.0,0.0,-0.005,0.256,0.251
50.15702279,1.0,0.0,800.0,0.5,800.0,0.0,-5.605120000001307E-4,0.304,0.30343948799999987,800.0,0.0,-0.005,0.256,0.251
50.179434751,1.0,0.0,800.0,0.5,800.0,0.0,-5.605120000001307E-4,0.304,0.30343948799999987,800.0,0.0,-0.005,0.256,0.251
50.19151996,1.0,0.0,800.0,0.5,800.0,0.0,-5.605120000001307E-4,0.304,0.30343948799999987,800.0,0.0,-0.005,0.256,0.251
50.207507087,1.0,0.0,800.0,0.5,800.0,0.0,-5.605120000001307E-4,0.304,0.30343948799999987,800.0,0.0,-0.005,0.256,0.251
50.226559922,1.0,0.0,800.0,0.5,800.0,0.0,-5.605120000001307E-4,0.304,0.30343948799999987,780.0,20.0,0.18637865009999985,0.256,0.4423786500999999
50.245647174,1.0,0.0,800.0,0.5,800.0,0.0,-5.605120000001307E-4,0.304,0.30343948799999987,800.0,0.0,-0.003621349900000155,0.256,0.2523786500999998
50.256011842,1.0,0.0,800.0,0.5,800.0,0.0,-5.605120000001307E-4,0.304,0.30343948799999987,800.0,0.0,-0.003621349900000155,0.256,0.2523786500999998
50.270341718,1.0,0.0,800.0,0.5,800.0,0.0,-5.605120000001307E-4,0.304,0.30343948799999987,800.0,0.0,-0.003621349900000155,0.256,0.2523786500999998
50.310629055,1.0,0.0,800.0,0.5,780.0,20.0,0.19321540510000035,0.304,0.49721540510000034,780.0,20.0,0.19015462549999768,0.256,0.4461546254999977
50.332723974,1.0,0.0,800.0,0.5,780.0,20.0,0.195,0.304,0.499,800.0,0.0,1.5462549999767817E-4,0.256,0.2561546254999977
50.349021726,1.0,0.0,800.0,0.5,800.0,0.0,0.005,0.304,0.309,820.0,-20.0,-0.19145925380000337,0.256,0.06454074619999664
50.369336895,1.0,0.0,800.0,0.5,800.0,0.0,0.005,0.304,0.309,800.0,0.0,-0.0014592538000033528,0.256,0.25454074619999667
50.394244355,1.0,0.0,800.0,0.5,800.0,0.0,0.005,0.304,0.309,780.0,20.0,0.1910312880999959,0.256,0.4470312880999959
50.416030399,1.0,0.0,800.0,0.5,800.0,0.0,0.005,0.304,0.309,820.0,-20.0,-0.1911506121000042,0.256,0.06484938789999581
50.433537693,1.0,0.0,800.0,0.5,820.0,-20.0,-0.1865890877000004,0.304,0.11741091229999959,800.0,0.0,-0.0011506121000041958,0.256,0.2548493878999958
50.455665278,1.0,0.0,800.0,0.5,820.0,-20.0,-0.18904938380000033,0.304,0.11495061619999966,800.0,0.0,-0.0011506121000041958,0.256,0.2548493878999958
50.475100489,1.0,0.0,800.0,0.5,800.0,0.0,9.50616199999672E-4,0.304,0.3049506161999997,780.0,20.0,0.19033271719999675,0.256,0.4463327171999968
50.501550866,1.0,0.0,800.0,0.5,800.0,0.0,9.50616199999672E-4,0.304,0.3049506161999997,800.0,0.0,3.3271719999675045E-4,0.256,0.25633271719999673
50.514772409,1.0,0.0,800.0,0.5,800.0,0.0,9.50616199999672E-4,0.304,0.3049506161999997,800.0,0.0,3.3271719999675045E-4,0.256,0.25633271719999673
50.539967162,1.0,0.0,800.0,0.5,800.0,0.0,9.50616199999672E-4,0.304,0.3049506161999997,800.0,0.0,3.3271719999675045E-4,0.256,0.25633271719999673
50.553608413,1.0,0.0,800.0,0.5,800.0,0.0,9.50616199999672E-4,0.304,0.3049506161999997,800.0,0.0,3.3271719999675045E-4,0.256,0.25633271719999673
50.572574332,1.0,0.0,800.0,0.5,780.0,20.0,0.19273503309999968,0.304,0.49673503309999967,800.0,0.0,3.3271719999675045E-4,0.256,0.25633271719999673
50.58860025,1.0,0.0,800.0,0.5,780.0,20.0,0.19415130820000115,0.304,0.49815130820000114,800.0,0.0,3.3271719999675045E-4,0.256,0.25633271719999673
50.612598877,1.0,0.0,800.0,0.5,780.0,20.0,0.195,0.304,0.499,800.0,0.0,3.3271719999675045E-4,0.256,0.25633271719999673
50.626951504,1.0,0.0,800.0,0.5,800.0,0.0,0.005,0.304,0.309,800.0,0.0,3.3271719999675045E-4,0.256,0.25633271719999673
50.645843922,1.0,0.0,800.0,0.5,800.0,0.0,0.005,0.304,0.309,800.0,0.0,3.3271719999675045E-4,0.256,0.25633271719999673
50.658005257,1.0,0.0,800.0,0.5,800.0,0.0,0.005,0.304,0.309,800.0,0.0,3.3271719999675045E-4,0.256,0.25633271719999673
50.677624801,1.0,0.0,800.0,0.5,820.0,-20.0,-0.1868524044000003,0.304,0.11714759559999968,800.0,0.0,3.3271719999675045E-4,0.256,0.25633271719999673
50.700002053,1.0,0.0,800.0,0.5,820.0,-20.0,-0.18908318789999953,0.304,0.11491681210000046,800.0,0.0,3.3271719999675045E-4,0.256,0.25633271719999673
50.715292971,1.0,0.0,800.0,0.5,800.0,0.0,9.168121000004703E-4,0.304,0.3049168121000005,800.0,0.0,3.3271719999675045E-4,0.256,0.25633271719999673
50.735041723,1.0,0.0,800.0,0.5,800.0,0.0,9.168121000004703E-4,0.304,0.3049168121000005,800.0,0.0,3.3271719999675045E-4,0.256,0.25633271719999673
50.748121808,1.0,0.0,800.0,0.5,800.0,0.0,9.168121000004703E-4,0.304,0.3049168121000005,800.0,0.0,3.3271719999675045E-4,0.256,0.25633271719999673
50.770842352,1.0,0.0,800.0,0.5,800.0,0.0,9.168121000004703E-4,0.304,0.3049168121000005,780.0,20.0,0.1921901381999993,0.256,0.4481901381999993
50.786140561,1.0,0.0,800.0,0.5,800.0,0.0,9.168121000004703E-4,0.304,0.3049168121000005,800.0,0.0,0.0021901381999992965,0.256,0.2581901381999993
50.825988941,1.0,0.0,800.0,0.5,800.0,0.0,9.168121000004703E-4,0.304,0.3049168121000005,800.0,0.0,0.0021901381999992965,0.256,0.2581901381999993
50.846731984,1.0,0.0,800.0,0.5,800.0,0.0,9.168121000004703E-4,0.304,0.3049168121000005,800.0,0.0,0.0021901381999992965,0.256,0.2581901381999993
50.858405652,1.0,0.0,800.0,0.5,800.0,0.0,9.168121000004703E-4,0.304,0.3049168121000005,800.0,0.0,0.0021901381999992965,0.256,0.2581901381999993
50.869784153,1.0,0.0,800.0,0.5,800.0,0.0,9.168121000004703E-4,0.304,0.3049168121000005,800.0,0.0,0.0021901381999992965,0.256,0.2581901381999993
50.894928739,1.0,0.0,800.0,0.5,800.0,0.0,9.168121000004703E-4,0.304,0.3049168121000005,780.0,20.0,0.19449800929999753,0.256,0.4504980092999975
50.909219532,1.0,0.0,800.0,0.5,800.0,0.0,9.168121000004703E-4,0.304,0.3049168121000005,780.0,20.0,0.195,0.256,0.451
50.928436867,1.0,0.0,800.0,0.5,800.0,0.0,9.168121000004703E-4,0.304,0.3049168121000005,780.0,20.0,0.195,0.256,0.451
50.944170244,1.0,0.0,800.0,0.5,800.0,0.0,9.168121000004703E-4,0.304,0.3049168121000005,800.0,0.0,0.005,0.256,0.261
50.956799704,1.0,0.0,800.0,0.5,800.0,0.0,9.168121000004703E-4,0.304,0.3049168121000005,800.0,0.0,0.005,0.256,0.261
50.977183122,1.0,0.0,800.0,0.5,800.0,0.0,9.168121000004703E-4,0.304,0.3049168121000005,780.0,20.0,0.195,0.256,0.451
50.996071749,1.0,0.0,800.0,0.5,800.0,0.0,9.168121000004703E-4,0.304,0.3049168121000005,800.0,0.0,0.005,0.256,0.261
51.027840086,1.0,0.0,800.0,0.5,800.0,0.0,9.168121000004703E-4,0.304,0.3049168121000005,820.0,-20.0,-0.1882008961999992,0.256,0.06779910380000082
51.047213754,1.0,0.0,800.0,0.5,800.0,0.0,9.168121000004703E-4,0.304,0.3049168121000005,780.0,20.0,0.193599620600001,0.256,0.449599620600001
51.065012715,1.0,0.0,800.0,0.5,800.0,0.0,9.168121000004703E-4,0.304,0.3049168121000005,800.0,0.0,0.0035996206000010033,0.256,0.259599620600001
51.080970674,1.0,0.0,800.0,0.5,800.0,0.0,9.168121000004703E-4,0.304,0.3049168121000005,780.0,20.0,0.195,0.256,0.451
51.094826884,1.0,0.0,800.0,0.5,800.0,0.0,9.168121000004703E-4,0.304,0.3049168121000005,800.0,0.0,0.005,0.256,0.261
51.109315719,1.0,0.0,800.0,0.5,800.0,0.0,9.168121000004703E-4,0.304,0.3049168121000005,800.0,0.0,0.005,0.256,0.261
51.11996272,1.0,0.0,800.0,0.5,800.0,0.0,9.168121000004703E-4,0.304,0.3049168121000005,800.0,0.0,0.005,0.256,0.261
51.13305593,1.0,0.0,800.0,0.5,800.0,0.0,9.168121000004703E-4,0.304,0.3049168121000005,800.0,0.0,0.005,0.256,0.261
51.145846098,1.0,0.0,800.0,0.5,800.0,0.0,9.168121000004703E-4,0.304,0.3049168121000005,800.0,0.0,0.005,0.256,0.261
51.167617558,1.0,0.0,800.0,0.5,800.0,0.0,9.168121000004703E-4,0.304,0.3049168121000005,800.0,0.0,0.005,0.256,0.261
51.181557476,1.0,0.0,800.0,0.5,800.0,0.0,9.168121000004703E-4,0.304,0.3049168121000005,800.0,0.0,0.005,0.256,0.261
51.209699521,1.0,0.0,800.0,0.5,820.0,-20.0,-0.19164903809999942,0.304,0.11235096190000057,800.0,0.0,0.005,0.256,0.261
51.22267023,1.0,0.0,800.0,0.5,820.0,-20.0,-0.19307977990000097,0.304,0.11092022009999902,800.0,0.0,0.005,0.256,0.261
51.23788969,1.0,0.0,800.0,0.5,820.0,-20.0,-0.19447149670000158,0.304,0.10952850329999841,800.0,0.0,0.005,0.256,0.261
51.259260109,1.0,0.0,800.0,0.5,800.0,0.0,-0.00447149670000158,0.304,0.2995285032999984,800.0,0.0,0.005,0.256,0.261
51.276083736,1.0,0.0,800.0,0.5,800.0,0.0,-0.00447149670000158,0.304,0.2995285032999984,780.0,20.0,0.195,0.256,0.451
51.295649321,1.0,0.0,800.0,0.5,800.0,0.0,-0.00447149670000158,0.304,0.2995285032999984,780.0,20.0,0.195,0.256,0.451
51.330939241,1.0,0.0,800.0,0.5,800.0,0.0,-0.00447149670000158,0.304,0.2995285032999984,820.0,-20.0,-0.18852945869999815,0.256,0.06747054130000185
51.347503576,1.0,0.0,800.0,0.5,780.0,20.0,0.1870626700999975,0.304,0.4910626700999975,800.0,0.0,0.0014705413000018553,0.256,0.25747054130000185
51.372356204,0.0,0.0,800.0,0.5,780.0,20.0,0.18955405789999816,0.304,0.4935540578999982,820.0,-20.0,-0.19102084649999881,0.256,0.06497915350000119
51.390620081,1.0,0.0,800.0,0.5,780.0,20.0,0.19136991639999906,0.304,0.49536991639999906,800.0,0.0,-0.001020846499998811,0.256,0.2549791535000012
51.411773791,1.0,0.0,800.0,0.5,800.0,0.0,0.0013699163999990561,0.304,0.30536991639999905,820.0,-20.0,-0.19311025919999794,0.256,0.06288974080000206
51.43291146,1.0,0.0,800.0,0.5,820.0,-20.0,-0.19079392970000186,0.304,0.11320607029999813,800.0,0.0,-0.003110259199997927,0.256,0.2528897408000021
51.455089212,1.0,0.0,800.0,0.5,820.0,-20.0,-0.1932051383000021,0.304,0.11079486169999789,800.0,0.0,-0.003110259199997927,0.256,0.2528897408000021
51.469937672,1.0,0.0,800.0,0.5,800.0,0.0,-0.0032051383000020906,0.304,0.3007948616999979,800.0,0.0,-0.003110259199997927,0.256,0.2528897408000021
51.489701007,1.0,0.0,800.0,0.5,820.0,-20.0,-0.195,0.304,0.10899999999999999,800.0,0.0,-0.003110259199997927,0.256,0.2528897408000021
51.502425842,1.0,0.0,800.0,0.5,820.0,-20.0,-0.195,0.304,0.10899999999999999,820.0,-20.0,-0.19441724679999822,0.256,0.06158275320000178
51.516938593,1.0,0.0,800.0,0.5,820.0,-20.0,-0.195,0.304,0.10899999999999999,820.0,-20.0,-0.195,0.256,0.061
51.537282054,1.0,0.0,800.0,0.5,800.0,0.0,-0.005,0.304,0.299,820.0,-20.0,-0.195,0.256,0.061
51.55249043,1.0,0.0,800.0,0.5,800.0,0.0,-0.005,0.304,0.299,800.0,0.0,-0.005,0.256,0.251
51.564156223,1.0,0.0,800.0,0.5,800.0,0.0,-0.005,0.304,0.299,800.0,0.0,-0.005,0.256,0.251
51.574926891,1.0,0.0,800.0,0.5,800.0,0.0,-0.005,0.304,0.299,800.0,0.0,-0.005,0.256,0.251
51.590085976,1.0,0.0,800.0,0.5,800.0,0.0,-0.005,0.304,0.299,800.0,0.0,-0.005,0.256,0.251
51.609916394,1.0,0.0,800.0,0.5,800.0,0.0,-0.005,0.304,0.299,800.0,0.0,-0.005,0.256,0.251
51.622005104,1.0,0.0,800.0,0.5,800.0,0.0,-0.005,0.304,0.299,800.0,0.0,-0.005,0.256,0.251
51.63714173,1.0,0.0,800.0,0.5,800.0,0.0,-0.005,0.304,0.299,820.0,-20.0,-0.195,0.256,0.061
51.650808648,1.0,0.0,800.0,0.5,800.0,0.0,-0.005,0.304,0.299,820.0,-20.0,-0.195,0.256,0.061
51.662672775,1.0,0.0,800.0,0.5,800.0,0.0,-0.005,0.304,0.299,820.0,-20.0,-0.195,0.256,0.061
51.675833359,0.0,0.0,800.0,0.5,780.0,20.0,0.18620933759999958,0.304,0.4902093375999996,820.0,-20.0,-0.195,0.256,0.061
51.701025195,1.0,0.0,800.0,0.5,780.0,20.0,0.18843872119999844,0.304,0.49243872119999843,800.0,0.0,-0.005,0.256,0.251
51.726600573,1.0,0.0,800.0,0.5,800.0,0.0,-0.00156127880000156,0.304,0.30243872119999843,800.0,0.0,-0.005,0.256,0.251
51.747729783,1.0,0.0,800.0,0.5,800.0,0.0,-0.00156127880000156,0.304,0.30243872119999843,800.0,0.0,-0.005,0.256,0.251
51.761302784,1.0,0.0,800.0,0.5,800.0,0.0,-0.00156127880000156,0.304,0.30243872119999843,800.0,0.0,-0.005,0.256,0.251
51.780671495,1.0,0.0,800.0,0.5,820.0,-20.0,-0.19335380400000132,0.304,0.11064619599999867,800.0,0.0,-0.005,0.256,0.251
51.805263081,1.0,0.0,800.0,0.5,820.0,-20.0,-0.195,0.304,0.10899999999999999,800.0,0.0,-0.005,0.256,0.251
51.841010334,1.0,0.0,800.0,0.5,800.0,0.0,-0.005,0.304,0.299,800.0,0.0,-0.005,0.256,0.251
51.860182753,1.0,0.0,800.0,0.5,800.0,0.0,-0.005,0.304,0.299,800.0,0.0,-0.005,0.256,0.251
51.884452338,1.0,0.0,800.0,0.5,800.0,0.0,-0.005,0.304,0.299,780.0,20.0,0.18689939190000246,0.256,0.4428993919000025
51.908150841,1.0,0.0,800.0,0.5,800.0,0.0,-0.005,0.304,0.299,780.0,20.0,0.18956785050000122,0.256,0.44556785050000125
51.92992901,1.0,0.0,800.0,0.5,800.0,0.0,-0.005,0.304,0.299,820.0,-20.0,-0.19260649549999984,0.256,0.06339350450000017
51.946260886,1.0,0.0,800.0,0.5,800.0,0.0,-0.005,0.304,0.299,780.0,20.0,0.18903935049999973,0.256,0.44503935049999976
51.968699972,1.0,0.0,800.0,0.5,800.0,0.0,-0.005,0.304,0.299,800.0,0.0,-9.606495000002724E-4,0.256,0.2550393504999997
51.983358848,1.0,0.0,800.0,0.5,800.0,0.0,-0.005,0.304,0.299,780.0,20.0,0.19041102990000014,0.256,0.44641102990000014
52.005859476,1.0,0.0,800.0,0.5,800.0,0.0,-0.005,0.304,0.299,820.0,-20.0,-0.19190932439999928,0.256,0.06409067560000073
52.021894144,1.0,0.0,800.0,0.5,800.0,0.0,-0.005,0.304,0.299,820.0,-20.0,-0.1934492079000006,0.256,0.06255079209999939
52.041868354,1.0,0.0,800.0,0.5,800.0,0.0,-0.005,0.304,0.299,800.0,0.0,-0.0034492079000006015,0.256,0.2525507920999994
52.065353065,1.0,0.0,800.0,0.5,800.0,0.0,-0.005,0.304,0.299,800.0,0.0,-0.0034492079000006015,0.256,0.2525507920999994
52.081796067,1.0,0.0,800.0,0.5,800.0,0.0,-0.005,0.304,0.299,800.0,0.0,-0.0034492079000006015,0.256,0.2525507920999994
52.095800151,1.0,0.0,800.0,0.5,800.0,0.0,-0.005,0.304,0.299,820.0,-20.0,-0.19464848300000143,0.256,0.06135151699999858
52.110216653,1.0,0.0,800.0,0.5,800.0,0.0,-0.005,0.304,0.299,820.0,-20.0,-0.195,0.256,0.061
52.129935072,0.0,0.0,800.0,0.5,780.0,20.0,0.18707672519999846,0.304,0.49107672519999845,820.0,-20.0,-0.195,0.256,0.061
52.148566448,1.0,0.0,800.0,0.5,780.0,20.0,0.18872446709999963,0.304,0.4927244670999996,800.0,0.0,-0.005,0.256,0.251
52.1662957,1.0,0.0,800.0,0.5,800.0,0.0,-0.0012755329000003713,0.304,0.3027244670999996,800.0,0.0,-0.005,0.256,0.251
52.179028118,1.0,0.0,800.0,0.5,800.0,0.0,-0.0012755329000003713,0.304,0.3027244670999996,800.0,0.0,-0.005,0.256,0.251
52.19855637,1.0,0.0,800.0,0.5,800.0,0.0,-0.0012755329000003713,0.304,0.3027244670999996,820.0,-20.0,-0.195,0.256,0.061
52.215396038,1.0,0.0,800.0,0.5,800.0,0.0,-0.0012755329000003713,0.304,0.3027244670999996,820.0,-20.0,-0.195,0.256,0.061
52.237727207,1.0,0.0,800.0,0.5,800.0,0.0,-0.0012755329000003713,0.304,0.3027244670999996,820.0,-20.0,-0.195,0.256,0.061
52.258042084,1.0,0.0,800.0,0.5,800.0,0.0,-0.0012755329000003713,0.304,0.3027244670999996,820.0,-20.0,-0.195,0.256,0.061
52.275149503,1.0,0.0,800.0,0.5,800.0,0.0,-0.0012755329000003713,0.304,0.3027244670999996,800.0,0.0,-0.005,0.256,0.251
52.294599296,1.0,0.0,800.0,0.5,800.0,0.0,-0.0012755329000003713,0.304,0.3027244670999996,800.0,0.0,-0.005,0.256,0.251
52.310741298,1.0,0.0,800.0,0.5,800.0,0.0,-0.0012755329000003713,0.304,0.3027244670999996,800.0,0.0,-0.005,0.256,0.251
52.34596676,1.0,0.0,800.0,0.5,800.0,0.0,-0.0012755329000003713,0.304,0.3027244670999996,800.0,0.0,-0.005,0.256,0.251
52.365675554,1.0,0.0,800.0,0.5,800.0,0.0,-0.0012755329000003713,0.304,0.3027244670999996,800.0,0.0,-0.005,0.256,0.251
52.378213721,1.0,0.0,800.0,0.5,800.0,0.0,-0.0012755329000003713,0.304,0.3027244670999996,800.0,0.0,-0.005,0.256,0.251
52.391452181,1.0,0.0,800.0,0.5,800.0,0.0,-0.0012755329000003713,0.304,0.3027244670999996,800.0,0.0,-0.005,0.256,0.251
52.412835725,1.0,0.0,800.0,0.5,780.0,20.0,0.19051387149999982,0.304,0.4945138714999998,800.0,0.0,-0.005,0.256,0.251
52.433636519,1.0,0.0,800.0,0.5,780.0,20.0,0.19279820499999745,0.304,0.49679820499999744,800.0,0.0,-0.005,0.256,0.251
52.469815147,0.0,0.0,800.0,0.5,820.0,-20.0,-0.1904082620000037,0.304,0.1135917379999963,780.0,20.0,0.18820655449999948,0.256,0.44420655449999946
52.492982233,1.0,0.0,800.0,0.5,820.0,-20.0,-0.19296113310000293,0.304,0.11103886689999706,800.0,0.0,-0.00179344550000053,0.256,0.25420655449999946
52.507293734,1.0,0.0,800.0,0.5,820.0,-20.0,-0.19459805410000514,0.304,0.10940194589999486,800.0,0.0,-0.00179344550000053,0.256,0.25420655449999946
52.525958945,1.0,0.0,800.0,0.5,800.0,0.0,-0.004598054100005129,0.304,0.29940194589999486,800.0,0.0,-0.00179344550000053,0.256,0.25420655449999946
52.539176404,1.0,0.0,800.0,0.5,800.0,0.0,-0.004598054100005129,0.304,0.29940194589999486,780.0,20.0,0.1894202379000012,0.256,0.4454202379000012
52.557279281,1.0,0.0,800.0,0.5,820.0,-20.0,-0.195,0.304,0.10899999999999999,800.0,0.0,-5.797620999987885E-4,0.256,0.25542023790000123
52.581257783,1.0,0.0,800.0,0.5,820.0,-20.0,-0.195,0.304,0.10899999999999999,800.0,0.0,-5.797620999987885E-4,0.256,0.25542023790000123
52.593168576,1.0,0.0,800.0,0.5,820.0,-20.0,-0.195,0.304,0.10899999999999999,800.0,0.0,-5.797620999987885E-4,0.256,0.25542023790000123
52.611759703,1.0,0.0,800.0,0.5,800.0,0.0,-0.005,0.304,0.299,800.0,0.0,-5.797620999987885E-4,0.256,0.25542023790000123
52.625115705,1.0,0.0,800.0,0.5,800.0,0.0,-0.005,0.304,0.299,780.0,20.0,0.1906553880000024,0.256,0.4466553880000024
52.652721957,1.0,0.0,800.0,0.5,820.0,-20.0,-0.195,0.304,0.10899999999999999,800.0,0.0,6.553880000024037E-4,0.256,0.2566553880000024
52.67431171,1.0,0.0,800.0,0.5,820.0,-20.0,-0.195,0.304,0.10899999999999999,800.0,0.0,6.553880000024037E-4,0.256,0.2566553880000024
52.697876337,0.0,0.0,800.0,0.5,820.0,-20.0,-0.195,0.304,0.10899999999999999,780.0,20.0,0.19280240480000316,0.256,0.44880240480000316
52.721338589,1.0,0.0,800.0,0.5,800.0,0.0,-0.005,0.304,0.299,800.0,0.0,0.0028024048000031597,0.256,0.25880240480000316
52.738953216,1.0,0.0,800.0,0.5,800.0,0.0,-0.005,0.304,0.299,800.0,0.0,0.0028024048000031597,0.256,0.25880240480000316
52.750877717,1.0,0.0,800.0,0.5,800.0,0.0,-0.005,0.304,0.299,800.0,0.0,0.0028024048000031597,0.256,0.25880240480000316
52.770648928,1.0,0.0,800.0,0.5,800.0,0.0,-0.005,0.304,0.299,800.0,0.0,0.0028024048000031597,0.256,0.25880240480000316
52.789021304,1.0,0.0,800.0,0.5,800.0,0.0,-0.005,0.304,0.299,800.0,0.0,0.0028024048000031597,0.256,0.25880240480000316
52.808667973,1.0,0.0,800.0,0.5,800.0,0.0,-0.005,0.304,0.299,800.0,0.0,0.0028024048000031597,0.256,0.25880240480000316
52.825054975,1.0,0.0,800.0,0.5,800.0,0.0,-0.005,0.304,0.299,800.0,0.0,0.0028024048000031597,0.256,0.25880240480000316
52.85812152,1.0,0.0,800.0,0.5,800.0,0.0,-0.005,0.304,0.299,800.0,0.0,0.0028024048000031597,0.256,0.25880240480000316
52.868817229,1.0,0.0,800.0,0.5,800.0,0.0,-0.005,0.304,0.299,800.0,0.0,0.0028024048000031597,0.256,0.25880240480000316
52.89329244,1.0,0.0,800.0,0.5,800.0,0.0,-0.005,0.304,0.299,820.0,-20.0,-0.1894416495999974,0.256,0.0665583504000026
52.908641691,1.0,0.0,800.0,0.5,800.0,0.0,-0.005,0.304,0.299,800.0,0.0,5.583504000026096E-4,0.256,0.25655835040000263
52.931277944,1.0,0.0,800.0,0.5,800.0,0.0,-0.005,0.304,0.299,780.0,20.0,0.1928130215000016,0.256,0.4488130215000016
52.947918404,1.0,0.0,800.0,0.5,800.0,0.0,-0.005,0.304,0.299,800.0,0.0,0.0028130215000015824,0.256,0.25881302150000157
52.967818822,1.0,0.0,800.0,0.5,800.0,0.0,-0.005,0.304,0.299,800.0,0.0,0.0028130215000015824,0.256,0.25881302150000157
52.978802115,1.0,0.0,800.0,0.5,800.0,0.0,-0.005,0.304,0.299,800.0,0.0,0.0028130215000015824,0.256,0.25881302150000157
52.997978617,1.0,0.0,800.0,0.5,780.0,20.0,0.18665940850000085,0.304,0.49065940850000084,800.0,0.0,0.0028130215000015824,0.256,0.25881302150000157
53.015686285,1.0,0.0,800.0,0.5,780.0,20.0,0.18856028779999917,0.304,0.49256028779999916,800.0,0.0,0.0028130215000015824,0.256,0.25881302150000157
53.028935828,1.0,0.0,800.0,0.5,780.0,20.0,0.18989492549999967,0.304,0.4938949254999997,800.0,0.0,0.0028130215000015824,0.256,0.25881302150000157
53.052405373,1.0,0.0,800.0,0.5,800.0,0.0,-1.0507450000034168E-4,0.304,0.30389492549999964,780.0,20.0,0.19472927170000162,0.256,0.45072927170000165
53.069071207,1.0,0.0,800.0,0.5,800.0,0.0,-1.0507450000034168E-4,0.304,0.30389492549999964,820.0,-20.0,-0.18727115349999907,0.256,0.06872884650000094
53.098627544,1.0,0.0,800.0,0.5,800.0,0.0,-1.0507450000034168E-4,0.304,0.30389492549999964,800.0,0.0,0.002728846500000941,0.256,0.25872884650000094
53.115168837,0.0,0.0,800.0,0.5,780.0,20.0,0.19144081729999754,0.304,0.49544081729999756,820.0,-20.0,-0.1888170452999998,0.256,0.06718295470000021
53.136595839,0.0,0.0,800.0,0.5,780.0,20.0,0.1935241924999991,0.304,0.49752419249999913,820.0,-20.0,-0.1909004496999995,0.256,0.0650995503000005
53.151377507,0.0,0.0,800.0,0.5,780.0,20.0,0.195,0.304,0.499,820.0,-20.0,-0.19241568729999983,0.256,0.06358431270000017
53.174021635,1.0,0.0,800.0,0.5,800.0,0.0,0.005,0.304,0.309,820.0,-20.0,-0.19470424999999922,0.256,0.06129575000000079
53.188658053,1.0,0.0,800.0,0.5,800.0,0.0,0.005,0.304,0.309,800.0,0.0,-0.0047042499999992065,0.256,0.2512957500000008
53.211296638,1.0,0.0,800.0,0.5,800.0,0.0,0.005,0.304,0.309,800.0,0.0,-0.0047042499999992065,0.256,0.2512957500000008
53.231332099,1.0,0.0,800.0,0.5,800.0,0.0,0.005,0.304,0.309,800.0,0.0,-0.0047042499999992065,0.256,0.2512957500000008
53.252041893,1.0,0.0,800.0,0.5,800.0,0.0,0.005,0.304,0.309,800.0,0.0,-0.0047042499999992065,0.256,0.2512957500000008
53.263522185,1.0,0.0,800.0,0.5,800.0,0.0,0.005,0.304,0.309,800.0,0.0,-0.0047042499999992065,0.256,0.2512957500000008
53.277983312,1.0,0.0,800.0,0.5,800.0,0.0,0.005,0.304,0.309,800.0,0.0,-0.0047042499999992065,0.256,0.2512957500000008
53.303470606,1.0,0.0,800.0,0.5,800.0,0.0,0.005,0.304,0.309,820.0,-20.0,-0.195,0.256,0.061
53.322466275,0.0,0.0,800.0,0.5,780.0,20.0,0.195,0.304,0.499,820.0,-20.0,-0.195,0.256,0.061
53.336105193,0.0,0.0,800.0,0.5,780.0,20.0,0.195,0.304,0.499,820.0,-20.0,-0.195,0.256,0.061
53.353227778,1.0,0.0,800.0,0.5,780.0,20.0,0.195,0.304,0.499,800.0,0.0,-0.005,0.256,0.251
53.382439072,1.0,0.0,800.0,0.5,820.0,-20.0,-0.18792185870000025,0.304,0.11607814129999974,800.0,0.0,-0.005,0.256,0.251
53.396519865,1.0,0.0,800.0,0.5,820.0,-20.0,-0.18916925879999894,0.304,0.11483074120000106,820.0,-20.0,-0.195,0.256,0.061
53.420445576,0.0,0.0,800.0,0.5,820.0,-20.0,-0.19156783819999873,0.304,0.11243216180000126,780.0,20.0,0.1873985793999998,0.256,0.4433985793999998
53.436941953,1.0,0.0,800.0,0.5,800.0,0.0,-0.0015678381999987324,0.304,0.30243216180000126,800.0,0.0,-0.0026014206000002107,0.256,0.25339857939999977
53.461699497,1.0,0.0,800.0,0.5,820.0,-20.0,-0.19397700519999775,0.304,0.11002299480000224,820.0,-20.0,-0.195,0.256,0.061
53.483504208,1.0,0.0,800.0,0.5,820.0,-20.0,-0.195,0.304,0.10899999999999999,800.0,0.0,-0.005,0.256,0.251
53.504536876,0.0,0.0,800.0,0.5,820.0,-20.0,-0.195,0.304,0.10899999999999999,780.0,20.0,0.1873265668999983,0.256,0.4433265668999983
53.535627963,1.0,0.0,800.0,0.5,800.0,0.0,-0.005,0.304,0.299,800.0,0.0,-0.0026734331000017163,0.256,0.2533265668999983
53.549778464,1.0,0.0,800.0,0.5,800.0,0.0,-0.005,0.304,0.299,800.0,0.0,-0.0026734331000017163,0.256,0.2533265668999983
53.568731258,1.0,0.0,800.0,0.5,800.0,0.0,-0.005,0.304,0.299,800.0,0.0,-0.0026734331000017163,0.256,0.2533265668999983
53.582082301,1.0,0.0,800.0,0.5,800.0,0.0,-0.005,0.304,0.299,800.0,0.0,-0.0026734331000017163,0.256,0.2533265668999983
53.601971344,1.0,0.0,800.0,0.5,820.0,-20.0,-0.195,0.304,0.10899999999999999,800.0,0.0,-0.0026734331000017163,0.256,0.2533265668999983
53.622471138,0.0,0.0,800.0,0.5,820.0,-20.0,-0.195,0.304,0.10899999999999999,780.0,20.0,0.1889174628999973,0.256,0.44491746289999734
53.637429265,1.0,0.0,800.0,0.5,820.0,-20.0,-0.195,0.304,0.10899999999999999,800.0,0.0,-0.0010825371000026962,0.256,0.2549174628999973
53.6625231,1.0,0.0,800.0,0.5,800.0,0.0,-0.005,0.304,0.299,780.0,20.0,0.1912555214999975,0.256,0.4472555214999975
53.676021435,1.0,0.0,800.0,0.5,800.0,0.0,-0.005,0.304,0.299,800.0,0.0,0.0012555214999974851,0.256,0.2572555214999975
53.696305979,1.0,0.0,800.0,0.5,800.0,0.0,-0.005,0.304,0.299,800.0,0.0,0.0012555214999974851,0.256,0.2572555214999975
53.708280647,1.0,0.0,800.0,0.5,800.0,0.0,-0.005,0.304,0.299,800.0,0.0,0.0012555214999974851,0.256,0.2572555214999975
53.734418358,1.0,0.0,800.0,0.5,800.0,0.0,-0.005,0.304,0.299,780.0,20.0,0.19367393429999483,0.256,0.4496739342999948
53.751301776,1.0,0.0,800.0,0.5,800.0,0.0,-0.005,0.304,0.299,780.0,20.0,0.195,0.256,0.451
53.773379778,1.0,0.0,800.0,0.5,800.0,0.0,-0.005,0.304,0.299,800.0,0.0,0.005,0.256,0.261
53.788192655,1.0,0.0,800.0,0.5,800.0,0.0,-0.005,0.304,0.299,800.0,0.0,0.005,0.256,0.261
53.811341365,1.0,0.0,800.0,0.5,800.0,0.0,-0.005,0.304,0.299,780.0,20.0,0.195,0.256,0.451
53.82264695,1.0,0.0,800.0,0.5,800.0,0.0,-0.005,0.304,0.299,780.0,20.0,0.195,0.256,0.451
53.838222535,1.0,0.0,800.0,0.5,780.0,20.0,0.1861849251000001,0.304,0.4901849251000001,800.0,0.0,0.005,0.256,0.261
53.866002038,1.0,0.0,800.0,0.5,800.0,0.0,-0.0038150748999998996,0.304,0.3001849251000001,800.0,0.0,0.005,0.256,0.261
53.896662624,1.0,0.0,800.0,0.5,820.0,-20.0,-0.195,0.304,0.10899999999999999,800.0,0.0,0.005,0.256,0.261
53.90984625,1.0,0.0,800.0,0.5,780.0,20.0,0.186327258500001,0.304,0.49032725850000103,800.0,0.0,0.005,0.256,0.261
53.927814085,1.0,0.0,800.0,0.5,820.0,-20.0,-0.195,0.304,0.10899999999999999,800.0,0.0,0.005,0.256,0.261
53.947809296,1.0,0.0,800.0,0.5,780.0,20.0,0.18692756689999954,0.304,0.4909275668999995,800.0,0.0,0.005,0.256,0.261
53.971341256,1.0,0.0,800.0,0.5,800.0,0.0,-0.003072433100000467,0.304,0.3009275668999995,800.0,0.0,0.005,0.256,0.261
53.983244758,1.0,0.0,800.0,0.5,800.0,0.0,-0.003072433100000467,0.304,0.3009275668999995,800.0,0.0,0.005,0.256,0.261
53.996366259,1.0,0.0,800.0,0.5,800.0,0.0,-0.003072433100000467,0.304,0.3009275668999995,800.0,0.0,0.005,0.256,0.261
54.023406678,1.0,0.0,800.0,0.5,800.0,0.0,-0.003072433100000467,0.304,0.3009275668999995,780.0,20.0,0.195,0.256,0.451
54.03424968,1.0,0.0,800.0,0.5,800.0,0.0,-0.003072433100000467,0.304,0.3009275668999995,780.0,20.0,0.195,0.256,0.451
54.055726848,1.0,0.0,800.0,0.5,800.0,0.0,-0.003072433100000467,0.304,0.3009275668999995,800.0,0.0,0.005,0.256,0.261
54.068491933,1.0,0.0,800.0,0.5,800.0,0.0,-0.003072433100000467,0.304,0.3009275668999995,800.0,0.0,0.005,0.256,0.261
54.08682231,1.0,0.0,800.0,0.5,800.0,0.0,-0.003072433100000467,0.304,0.3009275668999995,800.0,0.0,0.005,0.256,0.261
54.097908561,1.0,0.0,800.0,0.5,800.0,0.0,-0.003072433100000467,0.304,0.3009275668999995,800.0,0.0,0.005,0.256,0.261
54.110595479,1.0,0.0,800.0,0.5,800.0,0.0,-0.003072433100000467,0.304,0.3009275668999995,800.0,0.0,0.005,0.256,0.261
54.131629606,1.0,0.0,800.0,0.5,800.0,0.0,-0.003072433100000467,0.304,0.3009275668999995,800.0,0.0,0.005,0.256,0.261
54.146646649,1.0,0.0,800.0,0.5,800.0,0.0,-0.003072433100000467,0.304,0.3009275668999995,800.0,0.0,0.005,0.256,0.261
54.169787777,1.0,0.0,800.0,0.5,800.0,0.0,-0.003072433100000467,0.304,0.3009275668999995,780.0,20.0,0.195,0.256,0.451
54.182705403,1.0,0.0,800.0,0.5,780.0,20.0,0.18840961290000052,0.304,0.4924096129000005,780.0,20.0,0.195,0.256,0.451
54.197617446,1.0,0.0,800.0,0.5,780.0,20.0,0.18999423800000045,0.304,0.4939942380000004,780.0,20.0,0.195,0.256,0.451
54.226083532,1.0,0.0,800.0,0.5,800.0,0.0,-5.761999999549517E-6,0.304,0.3039942380000004,800.0,0.0,0.005,0.256,0.261
54.238500658,1.0,0.0,800.0,0.5,800.0,0.0,-5.761999999549517E-6,0.304,0.3039942380000004,780.0,20.0,0.195,0.256,0.451
54.260094785,1.0,0.0,800.0,0.5,800.0,0.0,-5.761999999549517E-6,0.304,0.3039942380000004,800.0,0.0,0.005,0.256,0.261
54.270631828,1.0,0.0,800.0,0.5,800.0,0.0,-5.761999999549517E-6,0.304,0.3039942380000004,800.0,0.0,0.005,0.256,0.261
54.282823496,1.0,0.0,800.0,0.5,800.0,0.0,-5.761999999549517E-6,0.304,0.3039942380000004,800.0,0.0,0.005,0.256,0.261
54.296767789,1.0,0.0,800.0,0.5,800.0,0.0,-5.761999999549517E-6,0.304,0.3039942380000004,800.0,0.0,0.005,0.256,0.261
54.317208958,1.0,0.0,800.0,0.5,800.0,0.0,-5.761999999549517E-6,0.304,0.3039942380000004,800.0,0.0,0.005,0.256,0.261
54.339569002,1.0,0.0,800.0,0.5,780.0,20.0,0.19208117149999906,0.304,0.4960811714999991,800.0,0.0,0.005,0.256,0.261
54.353303587,1.0,0.0,800.0,0.5,780.0,20.0,0.19348665499999868,0.304,0.49748665499999867,800.0,0.0,0.005,0.256,0.261
54.382377214,1.0,0.0,800.0,0.5,800.0,0.0,0.0034866549999986772,0.304,0.30748665499999867,800.0,0.0,0.005,0.256,0.261
54.403205133,1.0,0.0,800.0,0.5,800.0,0.0,0.0034866549999986772,0.304,0.30748665499999867,800.0,0.0,0.005,0.256,0.261
54.417273676,1.0,0.0,800.0,0.5,800.0,0.0,0.0034866549999986772,0.304,0.30748665499999867,800.0,0.0,0.005,0.256,0.261
54.428964844,1.0,0.0,800.0,0.5,800.0,0.0,0.0034866549999986772,0.304,0.30748665499999867,800.0,0.0,0.005,0.256,0.261
54.445530637,1.0,0.0,800.0,0.5,800.0,0.0,0.0034866549999986772,0.304,0.30748665499999867,780.0,20.0,0.195,0.256,0.451
54.456764472,1.0,0.0,800.0,0.5,800.0,0.0,0.0034866549999986772,0.304,0.30748665499999867,780.0,20.0,0.195,0.256,0.451
54.473511974,1.0,0.0,800.0,0.5,780.0,20.0,0.19485358009999687,0.304,0.49885358009999686,800.0,0.0,0.005,0.256,0.261
54.494674434,0.0,0.0,800.0,0.5,780.0,20.0,0.195,0.304,0.499,820.0,-20.0,-0.18711761690000003,0.256,0.06888238309999997
54.521726228,1.0,0.0,800.0,0.5,800.0,0.0,0.005,0.304,0.309,780.0,20.0,0.195,0.256,0.451
54.551424898,1.0,0.0,800.0,0.5,800.0,0.0,0.005,0.304,0.309,800.0,0.0,0.005,0.256,0.261
54.57352565,1.0,0.0,800.0,0.5,800.0,0.0,0.005,0.304,0.309,800.0,0.0,0.005,0.256,0.261
54.588121527,1.0,0.0,800.0,0.5,780.0,20.0,0.195,0.304,0.499,800.0,0.0,0.005,0.256,0.261
54.607024737,1.0,0.0,800.0,0.5,780.0,20.0,0.195,0.304,0.499,800.0,0.0,0.005,0.256,0.261
54.620093738,1.0,0.0,800.0,0.5,780.0,20.0,0.195,0.304,0.499,800.0,0.0,0.005,0.256,0.261
54.63508424,1.0,0.0,800.0,0.5,800.0,0.0,0.005,0.304,0.309,780.0,20.0,0.195,0.256,0.451
54.655347784,1.0,0.0,800.0,0.5,800.0,0.0,0.005,0.304,0.309,800.0,0.0,0.005,0.256,0.261
54.666010826,1.0,0.0,800.0,0.5,800.0,0.0,0.005,0.304,0.309,800.0,0.0,0.005,0.256,0.261
54.683123203,1.0,0.0,800.0,0.5,800.0,0.0,0.005,0.304,0.309,800.0,0.0,0.005,0.256,0.261
54.699181496,1.0,0.0,800.0,0.5,800.0,0.0,0.005,0.304,0.309,780.0,20.0,0.195,0.256,0.451
54.728596083,0.0,0.0,800.0,0.5,780.0,20.0,0.195,0.304,0.499,820.0,-20.0,-0.18786556689999884,0.256,0.06813443310000117
54.748939835,0.0,0.0,800.0,0.5,780.0,20.0,0.195,0.304,0.499,820.0,-20.0,-0.19017486709999845,0.256,0.06582513290000155
54.775245546,1.0,0.0,800.0,0.5,800.0,0.0,0.005,0.304,0.309,800.0,0.0,-1.7486709999843699E-4,0.256,0.2558251329000016
54.789297464,1.0,0.0,800.0,0.5,800.0,0.0,0.005,0.304,0.309,800.0,0.0,-1.7486709999843699E-4,0.256,0.2558251329000016
54.809346632,1.0,0.0,800.0,0.5,800.0,0.0,0.005,0.304,0.309,820.0,-20.0,-0.19187362139999833,0.256,0.06412637860000167
54.825330259,1.0,0.0,800.0,0.5,800.0,0.0,0.005,0.304,0.309,800.0,0.0,-0.001873621399998342,0.256,0.25412637860000165
54.838595844,1.0,0.0,800.0,0.5,800.0,0.0,0.005,0.304,0.309,780.0,20.0,0.18942849540000112,0.256,0.4454284954000011
54.862525054,1.0,0.0,800.0,0.5,800.0,0.0,0.005,0.304,0.309,800.0,0.0,-5.715045999988888E-4,0.256,0.2554284954000011
54.88152364,1.0,0.0,800.0,0.5,800.0,0.0,0.005,0.304,0.309,780.0,20.0,0.19139575809999884,0.256,0.4473957580999989
54.910346726,1.0,0.0,800.0,0.5,800.0,0.0,0.005,0.304,0.309,780.0,20.0,0.19420427510000138,0.256,0.4502042751000014
54.928913936,1.0,0.0,800.0,0.5,800.0,0.0,0.005,0.304,0.309,800.0,0.0,0.0042042751000013825,0.256,0.2602042751000014
54.946554521,1.0,0.0,800.0,0.5,800.0,0.0,0.005,0.304,0.309,800.0,0.0,0.0042042751000013825,0.256,0.2602042751000014
54.963551981,1.0,0.0,800.0,0.5,800.0,0.0,0.005,0.304,0.309,800.0,0.0,0.0042042751000013825,0.256,0.2602042751000014
54.976305691,1.0,0.0,800.0,0.5,800.0,0.0,0.005,0.304,0.309,800.0,0.0,0.0042042751000013825,0.256,0.2602042751000014
54.992553568,1.0,0.0,800.0,0.5,800.0,0.0,0.005,0.304,0.309,780.0,20.0,0.195,0.256,0.451
55.012386611,1.0,0.0,800.0,0.5,800.0,0.0,0.005,0.304,0.309,800.0,0.0,0.005,0.256,0.261
55.028873946,1.0,0.0,800.0,0.5,800.0,0.0,0.005,0.304,0.309,780.0,20.0,0.195,0.256,0.451
55.050454948,1.0,0.0,800.0,0.5,800.0,0.0,0.005,0.304,0.309,800.0,0.0,0.005,0.256,0.261
55.064680408,1.0,0.0,800.0,0.5,800.0,0.0,0.005,0.304,0.309,780.0,20.0,0.195,0.256,0.451
55.08733241,1.0,0.0,800.0,0.5,800.0,0.0,0.005,0.304,0.309,800.0,0.0,0.005,0.256,0.261
55.10137237,1.0,0.0,800.0,0.5,780.0,20.0,0.195,0.304,0.499,800.0,0.0,0.005,0.256,0.261
55.113501913,1.0,0.0,800.0,0.5,780.0,20.0,0.195,0.304,0.499,800.0,0.0,0.005,0.256,0.261
55.135287373,1.0,0.0,800.0,0.5,780.0,20.0,0.195,0.304,0.499,800.0,0.0,0.005,0.256,0.261
55.147969333,1.0,0.0,800.0,0.5,780.0,20.0,0.195,0.304,0.499,800.0,0.0,0.005,0.256,0.261
55.16873571,1.0,0.0,800.0,0.5,800.0,0.0,0.005,0.304,0.309,800.0,0.0,0.005,0.256,0.261
55.18330242,1.0,0.0,800.0,0.5,800.0,0.0,0.005,0.304,0.309,800.0,0.0,0.005,0.256,0.261
55.201418422,1.0,0.0,800.0,0.5,800.0,0.0,0.005,0.304,0.309,800.0,0.0,0.005,0.256,0.261
55.214889631,1.0,0.0,800.0,0.5,800.0,0.0,0.005,0.304,0.309,800.0,0.0,0.005,0.256,0.261
55.226521883,1.0,0.0,800.0,0.5,800.0,0.0,0.005,0.304,0.309,800.0,0.0,0.005,0.256,0.261
55.24738451,1.0,0.0,800.0,0.5,800.0,0.0,0.005,0.304,0.309,800.0,0.0,0.005,0.256,0.261
55.258104136,1.0,0.0,800.0,0.5,800.0,0.0,0.005,0.304,0.309,800.0,0.0,0.005,0.256,0.261
55.272399304,1.0,0.0,800.0,0.5,800.0,0.0,0.005,0.304,0.309,800.0,0.0,0.005,0.256,0.261
55.29550164,1.0,0.0,800.0,0.5,800.0,0.0,0.005,0.304,0.309,780.0,20.0,0.195,0.256,0.451
55.319671767,1.0,0.0,800.0,0.5,800.0,0.0,0.005,0.304,0.309,800.0,0.0,0.005,0.256,0.261
55.334748893,1.0,0.0,800.0,0.5,800.0,0.0,0.005,0.304,0.309,800.0,0.0,0.005,0.256,0.261
55.348878103,1.0,0.0,800.0,0.5,800.0,0.0,0.005,0.304,0.309,820.0,-20.0,-0.18621318760000122,0.256,0.06978681239999879
55.371869314,1.0,0.0,800.0,0.5,800.0,0.0,0.005,0.304,0.309,780.0,20.0,0.195,0.256,0.451
55.387180357,1.0,0.0,800.0,0.5,800.0,0.0,0.005,0.304,0.309,800.0,0.0,0.005,0.256,0.261
55.41914936,1.0,0.0,800.0,0.5,800.0,0.0,0.005,0.304,0.309,820.0,-20.0,-0.18796814609999957,0.256,0.06803185390000044
55.433767695,1.0,0.0,800.0,0.5,800.0,0.0,0.005,0.304,0.309,780.0,20.0,0.19373352490000115,0.256,0.4497335249000012
55.452368739,1.0,0.0,800.0,0.5,800.0,0.0,0.005,0.304,0.309,800.0,0.0,0.003733524900001157,0.256,0.2597335249000012
55.465076657,1.0,0.0,800.0,0.5,800.0,0.0,0.005,0.304,0.309,800.0,0.0,0.003733524900001157,0.256,0.2597335249000012
55.481095575,1.0,0.0,800.0,0.5,800.0,0.0,0.005,0.304,0.309,780.0,20.0,0.195,0.256,0.451
55.505125702,1.0,0.0,800.0,0.5,780.0,20.0,0.195,0.304,0.499,800.0,0.0,0.005,0.256,0.261
55.532572122,1.0,0.0,800.0,0.5,800.0,0.0,0.005,0.304,0.309,800.0,0.0,0.005,0.256,0.261
55.543311873,1.0,0.0,800.0,0.5,800.0,0.0,0.005,0.304,0.309,800.0,0.0,0.005,0.256,0.261
55.56205175,1.0,0.0,800.0,0.5,800.0,0.0,0.005,0.304,0.309,800.0,0.0,0.005,0.256,0.261
55.572677167,1.0,0.0,800.0,0.5,800.0,0.0,0.005,0.304,0.309,800.0,0.0,0.005,0.256,0.261
55.584670794,1.0,0.0,800.0,0.5,800.0,0.0,0.005,0.304,0.309,800.0,0.0,0.005,0.256,0.261
55.595303503,1.0,0.0,800.0,0.5,800.0,0.0,0.005,0.304,0.309,800.0,0.0,0.005,0.256,0.261
55.606983296,1.0,0.0,800.0,0.5,800.0,0.0,0.005,0.304,0.309,800.0,0.0,0.005,0.256,0.261
55.622103589,1.0,0.0,800.0,0.5,800.0,0.0,0.005,0.304,0.309,800.0,0.0,0.005,0.256,0.261
55.633563173,1.0,0.0,800.0,0.5,800.0,0.0,0.005,0.304,0.309,800.0,0.0,0.005,0.256,0.261
55.64482705,1.0,0.0,800.0,0.5,800.0,0.0,0.005,0.304,0.309,800.0,0.0,0.005,0.256,0.261
55.659604634,1.0,0.0,800.0,0.5,800.0,0.0,0.005,0.304,0.309,800.0,0.0,0.005,0.256,0.261
55.676181803,1.0,0.0,800.0,0.5,800.0,0.0,0.005,0.304,0.309,800.0,0.0,0.005,0.256,0.261
55.700217472,1.0,0.0,800.0,0.5,800.0,0.0,0.005,0.304,0.309,800.0,0.0,0.005,0.256,0.261
55.711610848,1.0,0.0,800.0,0.5,800.0,0.0,0.005,0.304,0.309,800.0,0.0,0.005,0.256,0.261
55.735013017,1.0,0.0,800.0,0.5,780.0,20.0,0.195,0.304,0.499,800.0,0.0,0.005,0.256,0.261
55.74819781,1.0,0.0,800.0,0.5,780.0,20.0,0.195,0.304,0.499,800.0,0.0,0.005,0.256,0.261
55.766890437,1.0,0.0,800.0,0.5,780.0,20.0,0.195,0.304,0.499,800.0,0.0,0.005,0.256,0.261
55.780676063,1.0,0.0,800.0,0.5,800.0,0.0,0.005,0.304,0.309,800.0,0.0,0.005,0.256,0.261
55.800029899,1.0,0.0,800.0,0.5,800.0,0.0,0.005,0.304,0.309,780.0,20.0,0.195,0.256,0.451
55.824807568,1.0,0.0,800.0,0.5,800.0,0.0,0.005,0.304,0.309,780.0,20.0,0.195,0.256,0.451
55.843880236,1.0,0.0,800.0,0.5,800.0,0.0,0.005,0.304,0.309,820.0,-20.0,-0.186893587699999,0.256,0.069106412300001
55.867061905,1.0,0.0,800.0,0.5,800.0,0.0,0.005,0.304,0.309,780.0,20.0,0.195,0.256,0.451
55.89585495,1.0,0.0,800.0,0.5,800.0,0.0,0.005,0.304,0.309,780.0,20.0,0.195,0.256,0.451
55.922965078,1.0,0.0,800.0,0.5,800.0,0.0,0.005,0.304,0.309,800.0,0.0,0.005,0.256,0.261
55.939799788,1.0,0.0,800.0,0.5,800.0,0.0,0.005,0.304,0.309,800.0,0.0,0.005,0.256,0.261
55.952033456,1.0,0.0,800.0,0.5,800.0,0.0,0.005,0.304,0.309,800.0,0.0,0.005,0.256,0.261
55.96738329,1.0,0.0,800.0,0.5,800.0,0.0,0.005,0.304,0.309,800.0,0.0,0.005,0.256,0.261
55.980080125,1.0,0.0,800.0,0.5,800.0,0.0,0.005,0.304,0.309,800.0,0.0,0.005,0.256,0.261
55.996384002,1.0,0.0,800.0,0.5,800.0,0.0,0.005,0.304,0.309,800.0,0.0,0.005,0.256,0.261
56.016250295,1.0,0.0,800.0,0.5,780.0,20.0,0.195,0.304,0.499,800.0,0.0,0.005,0.256,0.261
56.029136713,1.0,0.0,800.0,0.5,780.0,20.0,0.195,0.304,0.499,800.0,0.0,0.005,0.256,0.261
56.042872465,1.0,0.0,800.0,0.5,780.0,20.0,0.195,0.304,0.499,800.0,0.0,0.005,0.256,0.261
56.054259424,1.0,0.0,800.0,0.5,780.0,20.0,0.195,0.304,0.499,800.0,0.0,0.005,0.256,0.261
56.074029759,1.0,0.0,800.0,0.5,800.0,0.0,0.005,0.304,0.309,800.0,0.0,0.005,0.256,0.261
56.092015386,1.0,0.0,800.0,0.5,800.0,0.0,0.005,0.304,0.309,800.0,0.0,0.005,0.256,0.261
56.102931887,1.0,0.0,800.0,0.5,800.0,0.0,0.005,0.304,0.309,800.0,0.0,0.005,0.256,0.261
56.114535555,1.0,0.0,800.0,0.5,800.0,0.0,0.005,0.304,0.309,800.0,0.0,0.005,0.256,0.261
56.13205539,1.0,0.0,800.0,0.5,800.0,0.0,0.005,0.304,0.309,800.0,0.0,0.005,0.256,0.261
56.146609267,1.0,0.0,800.0,0.5,800.0,0.0,0.005,0.304,0.309,800.0,0.0,0.005,0.256,0.261
56.172929561,1.0,0.0,800.0,0.5,820.0,-20.0,-0.18751737520000006,0.304,0.11648262479999993,800.0,0.0,0.005,0.256,0.261
56.187753521,1.0,0.0,800.0,0.5,800.0,0.0,0.0024826247999999397,0.304,0.30648262479999994,800.0,0.0,0.005,0.256,0.261
56.209901523,1.0,0.0,800.0,0.5,820.0,-20.0,-0.1897459420999985,0.304,0.11425405790000148,800.0,0.0,0.005,0.256,0.261
56.226485108,1.0,0.0,800.0,0.5,780.0,20.0,0.19152175800000293,0.304,0.4955217580000029,780.0,20.0,0.195,0.256,0.451
56.24484611,1.0,0.0,800.0,0.5,800.0,0.0,0.001521758000002933,0.304,0.3055217580000029,800.0,0.0,0.005,0.256,0.261
56.268102154,1.0,0.0,800.0,0.5,800.0,0.0,0.001521758000002933,0.304,0.3055217580000029,780.0,20.0,0.195,0.256,0.451
56.281228322,1.0,0.0,800.0,0.5,800.0,0.0,0.001521758000002933,0.304,0.3055217580000029,800.0,0.0,0.005,0.256,0.261
56.300499032,1.0,0.0,800.0,0.5,800.0,0.0,0.001521758000002933,0.304,0.3055217580000029,780.0,20.0,0.195,0.256,0.451
56.313346367,1.0,0.0,800.0,0.5,800.0,0.0,0.001521758000002933,0.304,0.3055217580000029,800.0,0.0,0.005,0.256,0.261
56.334675369,1.0,0.0,800.0,0.5,800.0,0.0,0.001521758000002933,0.304,0.3055217580000029,800.0,0.0,0.005,0.256,0.261
56.350448704,1.0,0.0,800.0,0.5,820.0,-20.0,-0.19003725879999878,0.304,0.11396274120000122,800.0,0.0,0.005,0.256,0.261
56.37542879,1.0,0.0,800.0,0.5,820.0,-20.0,-0.1923483089999968,0.304,0.11165169100000319,820.0,-20.0,-0.18731087519999848,0.256,0.06868912480000153
56.392759041,1.0,0.0,800.0,0.5,820.0,-20.0,-0.19408670089999647,0.304,0.10991329910000353,800.0,0.0,0.0026891248000015366,0.256,0.25868912480000156
56.420473794,1.0,0.0,800.0,0.5,800.0,0.0,-0.004086700899996458,0.304,0.2999132991000035,800.0,0.0,0.0026891248000015366,0.256,0.25868912480000156
56.438448046,1.0,0.0,800.0,0.5,800.0,0.0,-0.004086700899996458,0.304,0.2999132991000035,800.0,0.0,0.0026891248000015366,0.256,0.25868912480000156
56.458528423,1.0,0.0,800.0,0.5,800.0,0.0,-0.004086700899996458,0.304,0.2999132991000035,800.0,0.0,0.0026891248000015366,0.256,0.25868912480000156
56.4808698,1.0,0.0,800.0,0.5,800.0,0.0,-0.004086700899996458,0.304,0.2999132991000035,800.0,0.0,0.0026891248000015366,0.256,0.25868912480000156
56.497460969,1.0,0.0,800.0,0.5,800.0,0.0,-0.004086700899996458,0.304,0.2999132991000035,800.0,0.0,0.0026891248000015366,0.256,0.25868912480000156
56.509422803,1.0,0.0,800.0,0.5,800.0,0.0,-0.004086700899996458,0.304,0.2999132991000035,800.0,0.0,0.0026891248000015366,0.256,0.25868912480000156
56.525900513,1.0,0.0,800.0,0.5,800.0,0.0,-0.004086700899996458,0.304,0.2999132991000035,800.0,0.0,0.0026891248000015366,0.256,0.25868912480000156
56.537170223,1.0,0.0,800.0,0.5,800.0,0.0,-0.004086700899996458,0.304,0.2999132991000035,800.0,0.0,0.0026891248000015366,0.256,0.25868912480000156
56.548818807,1.0,0.0,800.0,0.5,800.0,0.0,-0.004086700899996458,0.304,0.2999132991000035,800.0,0.0,0.0026891248000015366,0.256,0.25868912480000156
56.569501476,1.0,0.0,800.0,0.5,800.0,0.0,-0.004086700899996458,0.304,0.2999132991000035,800.0,0.0,0.0026891248000015366,0.256,0.25868912480000156
56.584215477,1.0,0.0,800.0,0.5,800.0,0.0,-0.004086700899996458,0.304,0.2999132991000035,780.0,20.0,0.19394929990000206,0.256,0.4499492999000021
56.606168355,1.0,0.0,800.0,0.5,800.0,0.0,-0.004086700899996458,0.304,0.2999132991000035,800.0,0.0,0.0039492999000020745,0.256,0.2599492999000021
56.616603314,1.0,0.0,800.0,0.5,800.0,0.0,-0.004086700899996458,0.304,0.2999132991000035,800.0,0.0,0.0039492999000020745,0.256,0.2599492999000021
56.632942191,1.0,0.0,800.0,0.5,780.0,20.0,0.1871118159000031,0.304,0.4911118159000031,780.0,20.0,0.195,0.256,0.451
56.664347985,1.0,0.0,800.0,0.5,780.0,20.0,0.19025254120000284,0.304,0.49425254120000284,800.0,0.0,0.005,0.256,0.261
56.678877362,1.0,0.0,800.0,0.5,780.0,20.0,0.19201826220000384,0.304,0.49601826220000383,800.0,0.0,0.005,0.256,0.261
56.698889489,1.0,0.0,800.0,0.5,800.0,0.0,0.0020182622000038462,0.304,0.30601826220000383,780.0,20.0,0.195,0.256,0.451
56.716374324,1.0,0.0,800.0,0.5,800.0,0.0,0.0020182622000038462,0.304,0.30601826220000383,800.0,0.0,0.005,0.256,0.261
56.737788201,1.0,0.0,800.0,0.5,820.0,-20.0,-0.19023215049999523,0.304,0.11376784950000476,800.0,0.0,0.005,0.256,0.261
56.75665437,1.0,0.0,800.0,0.5,820.0,-20.0,-0.1919155339999952,0.304,0.1120844660000048,820.0,-20.0,-0.186683412700001,0.256,0.06931658729999901
56.776602913,0.0,0.0,800.0,0.5,820.0,-20.0,-0.19392155919999596,0.304,0.11007844080000403,760.0,40.0,0.385,0.256,0.641
56.793509957,1.0,0.0,800.0,0.5,800.0,0.0,-0.0039215591999959545,0.304,0.30007844080000406,800.0,0.0,0.005,0.256,0.261
56.81223875,1.0,0.0,800.0,0.5,800.0,0.0,-0.0039215591999959545,0.304,0.30007844080000406,780.0,20.0,0.195,0.256,0.451
56.828861419,0.0,0.0,800.0,0.5,800.0,0.0,-0.0039215591999959545,0.304,0.30007844080000406,840.0,-40.0,-0.37870871700000064,0.256,-0.12270871700000063
56.846611962,1.0,0.0,800.0,0.5,800.0,0.0,-0.0039215591999959545,0.304,0.30007844080000406,820.0,-20.0,-0.1903556130000004,0.256,0.06564438699999961
56.871355215,1.0,0.0,800.0,0.5,800.0,0.0,-0.0039215591999959545,0.304,0.30007844080000406,820.0,-20.0,-0.19293785500000013,0.256,0.06306214499999988
56.886802466,1.0,0.0,800.0,0.5,800.0,0.0,-0.0039215591999959545,0.304,0.30007844080000406,800.0,0.0,-0.002937855000000127,0.256,0.2530621449999999
56.899494926,1.0,0.0,800.0,0.5,800.0,0.0,-0.0039215591999959545,0.304,0.30007844080000406,780.0,20.0,0.18836128669999938,0.256,0.4443612866999994
56.916046427,1.0,0.0,800.0,0.5,800.0,0.0,-0.0039215591999959545,0.304,0.30007844080000406,780.0,20.0,0.19001815779999845,0.256,0.4460181577999984
56.937563846,1.0,0.0,800.0,0.5,780.0,20.0,0.18812538680000274,0.304,0.49212538680000273,780.0,20.0,0.19206513299999814,0.256,0.4480651329999982
56.966028182,1.0,0.0,800.0,0.5,780.0,20.0,0.19075759120000385,0.304,0.49475759120000384,800.0,0.0,0.002065132999998127,0.256,0.2580651329999981
56.992385227,1.0,0.0,800.0,0.5,800.0,0.0,7.575912000038443E-4,0.304,0.30475759120000384,800.0,0.0,0.002065132999998127,0.256,0.2580651329999981
57.013923646,1.0,0.0,800.0,0.5,820.0,-20.0,-0.19140281319999475,0.304,0.11259718680000524,800.0,0.0,0.002065132999998127,0.256,0.2580651329999981
57.029049189,1.0,0.0,800.0,0.5,820.0,-20.0,-0.19290451749999477,0.304,0.11109548250000523,800.0,0.0,0.002065132999998127,0.256,0.2580651329999981
57.049518941,1.0,0.0,800.0,0.5,800.0,0.0,-0.0029045174999947675,0.304,0.30109548250000523,800.0,0.0,0.002065132999998127,0.256,0.2580651329999981
57.067858359,0.0,0.0,800.0,0.5,760.0,40.0,0.38034459110000457,0.304,0.6843445911000046,760.0,40.0,0.385,0.256,0.641
57.101057904,0.0,0.0,800.0,0.5,660.0,140.0,1.335,0.304,1.0,660.0,140.0,1.335,0.256,1.0
57.114585989,0.0,0.0,800.0,0.5,620.0,180.0,1.7149999999999999,0.304,1.0,640.0,160.0,1.525,0.256,1.0
57.139925408,0.0,0.0,800.0,0.5,660.0,140.0,1.335,0.304,1.0,660.0,140.0,1.335,0.256,1.0
57.153357826,0.0,0.0,800.0,0.5,680.0,120.0,1.1449999999999998,0.304,1.0,680.0,120.0,1.1449999999999998,0.256,1.0
57.171762286,0.0,0.0,800.0,0.5,700.0,100.0,0.955,0.304,1.0,700.0,100.0,0.955,0.256,1.0
57.187483121,0.0,0.0,800.0,0.5,720.0,80.0,0.765,0.304,1.0,720.0,80.0,0.765,0.256,1.0
57.211969999,0.0,0.0,800.0,0.5,740.0,60.0,0.575,0.304,0.879,740.0,60.0,0.575,0.256,0.831
57.228762125,1.0,0.0,800.0,0.5,780.0,20.0,0.195,0.304,0.499,780.0,20.0,0.195,0.256,0.451
57.240559752,1.0,0.0,800.0,0.5,800.0,0.0,0.005,0.304,0.309,780.0,20.0,0.195,0.256,0.451
57.25766367,1.0,0.0,800.0,0.5,820.0,-20.0,-0.18654011679999827,0.304,0.11745988320000172,800.0,0.0,0.005,0.256,0.261
57.271575588,1.0,0.0,800.0,0.5,820.0,-20.0,-0.18811091700000077,0.304,0.11588908299999923,800.0,0.0,0.005,0.256,0.261
57.297767841,0.0,0.0,800.0,0.5,840.0,-40.0,-0.38329249239999685,0.304,-0.07929249239999686,800.0,0.0,0.005,0.256,0.261
57.320725218,1.0,0.0,800.0,0.5,820.0,-20.0,-0.195,0.304,0.10899999999999999,820.0,-20.0,-0.18689635849999944,0.256,0.06910364150000056
57.344902929,1.0,0.0,800.0,0.5,820.0,-20.0,-0.195,0.304,0.10899999999999999,820.0,-20.0,-0.18967445459999852,0.256,0.06632554540000149
57.372327473,1.0,0.0,800.0,0.5,820.0,-20.0,-0.195,0.304,0.10899999999999999,820.0,-20.0,-0.19227594659999794,0.256,0.06372405340000206
57.3906841,1.0,0.0,800.0,0.5,800.0,0.0,-0.005,0.304,0.299,820.0,-20.0,-0.1941379466999996,0.256,0.061862053300000414
57.413017019,1.0,0.0,800.0,0.5,800.0,0.0,-0.005,0.304,0.299,800.0,0.0,-0.004137946699999589,0.256,0.25186205330000044
57.427025479,1.0,0.0,800.0,0.5,800.0,0.0,-0.005,0.304,0.299,800.0,0.0,-0.004137946699999589,0.256,0.25186205330000044
57.449025023,1.0,0.0,800.0,0.5,800.0,0.0,-0.005,0.304,0.299,820.0,-20.0,-0.195,0.256,0.061
57.475881984,1.0,0.0,800.0,0.5,800.0,0.0,-0.005,0.304,0.299,820.0,-20.0,-0.195,0.256,0.061
57.497646152,1.0,0.0,800.0,0.5,800.0,0.0,-0.005,0.304,0.299,800.0,0.0,-0.005,0.256,0.251
57.509030779,1.0,0.0,800.0,0.5,800.0,0.0,-0.005,0.304,0.299,800.0,0.0,-0.005,0.256,0.251
57.532253573,1.0,0.0,800.0,0.5,800.0,0.0,-0.005,0.304,0.299,800.0,0.0,-0.005,0.256,0.251
57.546748824,1.0,0.0,800.0,0.5,800.0,0.0,-0.005,0.304,0.299,800.0,0.0,-0.005,0.256,0.251
57.567903993,1.0,0.0,800.0,0.5,800.0,0.0,-0.005,0.304,0.299,820.0,-20.0,-0.195,0.256,0.061
57.580532578,1.0,0.0,800.0,0.5,800.0,0.0,-0.005,0.304,0.299,800.0,0.0,-0.005,0.256,0.251
57.598014788,1.0,0.0,800.0,0.5,800.0,0.0,-0.005,0.304,0.299,820.0,-20.0,-0.195,0.256,0.061
57.616429164,1.0,0.0,800.0,0.5,800.0,0.0,-0.005,0.304,0.299,800.0,0.0,-0.005,0.256,0.251
57.633895041,1.0,0.0,800.0,0.5,800.0,0.0,-0.005,0.304,0.299,800.0,0.0,-0.005,0.256,0.251
57.645435417,1.0,0.0,800.0,0.5,800.0,0.0,-0.005,0.304,0.299,800.0,0.0,-0.005,0.256,0.251
57.661854794,1.0,0.0,800.0,0.5,800.0,0.0,-0.005,0.304,0.299,820.0,-20.0,-0.195,0.256,0.061
57.674969587,1.0,0.0,800.0,0.5,800.0,0.0,-0.005,0.304,0.299,780.0,20.0,0.18632017100000042,0.256,0.44232017100000043
57.694417047,1.0,0.0,800.0,0.5,800.0,0.0,-0.005,0.304,0.299,800.0,0.0,-0.003679828999999586,0.256,0.2523201710000004
57.720417092,1.0,0.0,800.0,0.5,780.0,20.0,0.18731131270000162,0.304,0.4913113127000016,780.0,20.0,0.1886315129000002,0.256,0.4446315129000002
57.743483261,1.0,0.0,800.0,0.5,780.0,20.0,0.18963230880000084,0.304,0.49363230880000086,800.0,0.0,-0.0013684870999998112,0.256,0.2546315129000002
57.760593012,1.0,0.0,800.0,0.5,800.0,0.0,-3.6769119999917164E-4,0.304,0.3036323088000008,800.0,0.0,-0.0013684870999998112,0.256,0.2546315129000002
57.77172768,1.0,0.0,800.0,0.5,800.0,0.0,-3.6769119999917164E-4,0.304,0.3036323088000008,800.0,0.0,-0.0013684870999998112,0.256,0.2546315129000002
57.783776431,1.0,0.0,800.0,0.5,800.0,0.0,-3.6769119999917164E-4,0.304,0.3036323088000008,800.0,0.0,-0.0013684870999998112,0.256,0.2546315129000002
57.802204516,1.0,0.0,800.0,0.5,800.0,0.0,-3.6769119999917164E-4,0.304,0.3036323088000008,780.0,20.0,0.19027289640000106,0.256,0.44627289640000106
57.818466393,1.0,0.0,800.0,0.5,800.0,0.0,-3.6769119999917164E-4,0.304,0.3036323088000008,800.0,0.0,2.728964000010592E-4,0.256,0.25627289640000106
57.829047769,1.0,0.0,800.0,0.5,800.0,0.0,-3.6769119999917164E-4,0.304,0.3036323088000008,800.0,0.0,2.728964000010592E-4,0.256,0.25627289640000106
57.859036647,1.0,0.0,800.0,0.5,800.0,0.0,-3.6769119999917164E-4,0.304,0.3036323088000008,780.0,20.0,0.19283941749999997,0.256,0.4488394175
57.876062399,1.0,0.0,800.0,0.5,780.0,20.0,0.19131303810000078,0.304,0.49531303810000077,800.0,0.0,0.002839417499999968,0.256,0.25883941749999995
57.903406443,1.0,0.0,800.0,0.5,780.0,20.0,0.19438207179999892,0.304,0.49838207179999894,800.0,0.0,0.002839417499999968,0.256,0.25883941749999995
57.925473654,1.0,0.0,800.0,0.5,800.0,0.0,0.004382071799998926,0.304,0.30838207179999894,780.0,20.0,0.19483293019999962,0.256,0.4508329301999996
57.958872407,1.0,0.0,800.0,0.5,800.0,0.0,0.004382071799998926,0.304,0.30838207179999894,800.0,0.0,0.004832930199999624,0.256,0.26083293019999965
57.990684202,1.0,0.0,800.0,0.5,820.0,-20.0,-0.18865773680000303,0.304,0.11534226319999696,800.0,0.0,0.004832930199999624,0.256,0.26083293019999965
58.003759912,1.0,0.0,800.0,0.5,820.0,-20.0,-0.19020196620000263,0.304,0.11379803379999737,800.0,0.0,0.004832930199999624,0.256,0.26083293019999965
58.01647833,1.0,0.0,800.0,0.5,820.0,-20.0,-0.19145724130000133,0.304,0.11254275869999866,800.0,0.0,0.004832930199999624,0.256,0.26083293019999965
58.029434748,1.0,0.0,800.0,0.5,820.0,-20.0,-0.19273141640000063,0.304,0.11126858359999936,800.0,0.0,0.004832930199999624,0.256,0.26083293019999965
58.0532505,1.0,0.0,800.0,0.5,800.0,0.0,-0.002731416400000626,0.304,0.30126858359999936,800.0,0.0,0.004832930199999624,0.256,0.26083293019999965
58.068842127,1.0,0.0,800.0,0.5,800.0,0.0,-0.002731416400000626,0.304,0.30126858359999936,800.0,0.0,0.004832930199999624,0.256,0.26083293019999965
58.087745628,1.0,0.0,800.0,0.5,800.0,0.0,-0.002731416400000626,0.304,0.30126858359999936,800.0,0.0,0.004832930199999624,0.256,0.26083293019999965
58.100841171,1.0,0.0,800.0,0.5,800.0,0.0,-0.002731416400000626,0.304,0.30126858359999936,800.0,0.0,0.004832930199999624,0.256,0.26083293019999965
58.112058673,1.0,0.0,800.0,0.5,800.0,0.0,-0.002731416400000626,0.304,0.30126858359999936,800.0,0.0,0.004832930199999624,0.256,0.26083293019999965
58.149359635,0.0,0.0,740.0,0.95,800.0,-60.0,-0.575,0.2812,-0.29379999999999995,800.0,-60.0,-0.575,0.2368,-0.33819999999999995
58.169433887,0.0,0.0,740.0,0.95,780.0,-40.0,-0.385,0.2812,-0.1038,800.0,-60.0,-0.575,0.2368,-0.33819999999999995
58.183602471,0.0,0.0,740.0,0.95,780.0,-40.0,-0.385,0.2812,-0.1038,800.0,-60.0,-0.575,0.2368,-0.33819999999999995
58.206473515,1.0,0.0,740.0,0.95,760.0,-20.0,-0.195,0.2812,0.0862,760.0,-20.0,-0.195,0.2368,0.041800000000000004
58.241971977,1.0,0.0,740.0,0.95,740.0,0.0,-0.005,0.2812,0.2762,720.0,20.0,0.18838044609999885,0.2368,0.42518044609999883
58.280072981,1.0,0.0,740.0,0.95,720.0,20.0,0.1889227129000011,0.2812,0.47012271290000107,720.0,20.0,0.19230315899999995,0.2368,0.42910315899999996
58.3048349,1.0,0.0,740.0,0.95,740.0,0.0,-0.0010772870999988982,0.2812,0.2801227129000011,720.0,20.0,0.19471638009999936,0.2368,0.4315163800999994
58.331117861,1.0,0.0,740.0,0.95,740.0,0.0,-0.0010772870999988982,0.2812,0.2801227129000011,720.0,20.0,0.195,0.2368,0.4318
58.342390487,1.0,0.0,740.0,0.95,740.0,0.0,-0.0010772870999988982,0.2812,0.2801227129000011,720.0,20.0,0.195,0.2368,0.4318
58.368074948,1.0,0.0,740.0,0.95,740.0,0.0,-0.0010772870999988982,0.2812,0.2801227129000011,740.0,0.0,0.005,0.2368,0.24180000000000001
58.386772533,1.0,0.0,740.0,0.95,720.0,20.0,0.1907537673000013,0.2812,0.47195376730000127,720.0,20.0,0.195,0.2368,0.4318
58.415127495,1.0,0.0,740.0,0.95,740.0,0.0,7.537673000013001E-4,0.2812,0.2819537673000013,740.0,0.0,0.005,0.2368,0.24180000000000001
58.426812538,1.0,0.0,740.0,0.95,740.0,0.0,7.537673000013001E-4,0.2812,0.2819537673000013,740.0,0.0,0.005,0.2368,0.24180000000000001
58.447925123,1.0,0.0,740.0,0.95,740.0,0.0,7.537673000013001E-4,0.2812,0.2819537673000013,740.0,0.0,0.005,0.2368,0.24180000000000001
58.458541791,1.0,0.0,740.0,0.95,740.0,0.0,7.537673000013001E-4,0.2812,0.2819537673000013,740.0,0.0,0.005,0.2368,0.24180000000000001
58.473506917,1.0,0.0,740.0,0.95,740.0,0.0,7.537673000013001E-4,0.2812,0.2819537673000013,740.0,0.0,0.005,0.2368,0.24180000000000001
58.507419004,1.0,0.0,740.0,0.95,760.0,-20.0,-0.19222347889999697,0.2812,0.08897652110000304,740.0,0.0,0.005,0.2368,0.24180000000000001
58.528778048,1.0,0.0,740.0,0.95,760.0,-20.0,-0.19464358329999926,0.2812,0.08655641670000075,740.0,0.0,0.005,0.2368,0.24180000000000001
58.541045549,1.0,0.0,740.0,0.95,740.0,0.0,-0.00464358329999925,0.2812,0.27655641670000075,740.0,0.0,0.005,0.2368,0.24180000000000001
58.554477384,1.0,0.0,740.0,0.95,740.0,0.0,-0.00464358329999925,0.2812,0.27655641670000075,740.0,0.0,0.005,0.2368,0.24180000000000001
58.57231426,1.0,0.0,740.0,0.95,740.0,0.0,-0.00464358329999925,0.2812,0.27655641670000075,740.0,0.0,0.005,0.2368,0.24180000000000001
58.585394345,1.0,0.0,740.0,0.95,740.0,0.0,-0.00464358329999925,0.2812,0.27655641670000075,740.0,0.0,0.005,0.2368,0.24180000000000001
58.612480265,1.0,0.0,720.0,0.9,740.0,-20.0,-0.195,0.2736,0.0786,740.0,-20.0,-0.18737288360000037,0.23040000000000002,0.04302711639999965
58.637478434,1.0,0.0,720.0,0.9,740.0,-20.0,-0.195,0.2736,0.0786,740.0,-20.0,-0.18995600049999894,0.23040000000000002,0.04044399950000108
58.663252436,1.0,0.0,720.0,0.9,740.0,-20.0,-0.195,0.2736,0.0786,720.0,0.0,4.399950000106401E-5,0.23040000000000002,0.23044399950000108
58.676247938,1.0,0.0,720.0,0.9,740.0,-20.0,-0.195,0.2736,0.0786,740.0,-20.0,-0.19130840059999685,0.23040000000000002,0.039091599400003174
58.70378769,1.0,0.0,720.0,0.9,740.0,-20.0,-0.195,0.2736,0.0786,740.0,-20.0,-0.19407938009999895,0.23040000000000002,0.03632061990000107
58.718179983,1.0,0.0,720.0,0.9,720.0,0.0,-0.005,0.2736,0.2686,740.0,-20.0,-0.195,0.23040000000000002,0.035400000000000015
58.748417361,1.0,0.0,720.0,0.9,720.0,0.0,-0.005,0.2736,0.2686,740.0,-20.0,-0.195,0.23040000000000002,0.035400000000000015
58.772622197,1.0,0.0,720.0,0.9,720.0,0.0,-0.005,0.2736,0.2686,740.0,-20.0,-0.195,0.23040000000000002,0.035400000000000015
58.789187991,1.0,0.0,720.0,0.9,720.0,0.0,-0.005,0.2736,0.2686,720.0,0.0,-0.005,0.23040000000000002,0.22540000000000002
58.811827743,1.0,0.0,720.0,0.9,720.0,0.0,-0.005,0.2736,0.2686,720.0,0.0,-0.005,0.23040000000000002,0.22540000000000002
58.830181453,1.0,0.0,720.0,0.9,740.0,-20.0,-0.195,0.2736,0.0786,740.0,-20.0,-0.195,0.23040000000000002,0.035400000000000015
58.857674831,1.0,0.0,740.0,0.95,720.0,20.0,0.1877927960999989,0.2812,0.4689927960999989,720.0,20.0,0.18779282520000096,0.2368,0.42459282520000097
58.881608125,1.0,0.0,740.0,0.95,720.0,20.0,0.189986538,0.2812,0.471186538,720.0,20.0,0.189986538,0.2368,0.426786538
58.907149086,1.0,0.0,740.0,0.95,740.0,0.0,-1.3462000000004082E-5,0.2812,0.281186538,740.0,0.0,-1.3462000000004082E-5,0.2368,0.23678653800000002
58.920980795,1.0,0.0,740.0,0.95,740.0,0.0,-1.3462000000004082E-5,0.2812,0.281186538,740.0,0.0,-1.3462000000004082E-5,0.2368,0.23678653800000002
58.93618188,1.0,0.0,740.0,0.95,740.0,0.0,-1.3462000000004082E-5,0.2812,0.281186538,740.0,0.0,-1.3462000000004082E-5,0.2368,0.23678653800000002
58.953490257,0.0,0.0,740.0,0.95,760.0,-20.0,-0.19144440799999926,0.2812,0.08975559200000074,720.0,20.0,0.1914174548000011,0.2368,0.4282174548000011
58.970533509,1.0,0.0,740.0,0.95,760.0,-20.0,-0.19314217070000098,0.2812,0.08805782929999903,740.0,0.0,0.0014174548000011101,0.2368,0.23821745480000112
58.983432468,1.0,0.0,740.0,0.95,760.0,-20.0,-0.19461943330000053,0.2812,0.08658056669999947,740.0,0.0,0.0014174548000011101,0.2368,0.23821745480000112
58.997974387,1.0,0.0,740.0,0.95,740.0,0.0,-0.0046194333000005375,0.2812,0.2765805666999995,740.0,0.0,0.0014174548000011101,0.2368,0.23821745480000112
59.01657018,1.0,0.0,740.0,0.95,740.0,0.0,-0.0046194333000005375,0.2812,0.2765805666999995,760.0,-20.0,-0.1900884202999987,0.2368,0.04671157970000131
59.032020932,1.0,0.0,740.0,0.95,740.0,0.0,-0.0046194333000005375,0.2812,0.2765805666999995,740.0,0.0,-8.842029999868828E-5,0.2368,0.2367115797000013
59.048132308,1.0,0.0,740.0,0.95,740.0,0.0,-0.0046194333000005375,0.2812,0.2765805666999995,740.0,0.0,-8.842029999868828E-5,0.2368,0.2367115797000013
59.064511143,1.0,0.0,740.0,0.95,740.0,0.0,-0.0046194333000005375,0.2812,0.2765805666999995,720.0,20.0,0.19119141320000269,0.2368,0.42799141320000267
59.078973145,1.0,0.0,740.0,0.95,740.0,0.0,-0.0046194333000005375,0.2812,0.2765805666999995,740.0,0.0,0.0011914132000026712,0.2368,0.2379914132000027
59.090254812,1.0,0.0,740.0,0.95,740.0,0.0,-0.0046194333000005375,0.2812,0.2765805666999995,740.0,0.0,0.0011914132000026712,0.2368,0.2379914132000027
59.102475939,1.0,0.0,740.0,0.95,740.0,0.0,-0.0046194333000005375,0.2812,0.2765805666999995,740.0,0.0,0.0011914132000026712,0.2368,0.2379914132000027
59.118576232,1.0,0.0,740.0,0.95,740.0,0.0,-0.0046194333000005375,0.2812,0.2765805666999995,760.0,-20.0,-0.19015844939999738,0.2368,0.046641550600002635
59.137531067,1.0,0.0,740.0,0.95,740.0,0.0,-0.0046194333000005375,0.2812,0.2765805666999995,740.0,0.0,-1.5844939999738018E-4,0.2368,0.23664155060000264
59.151237069,1.0,0.0,740.0,0.95,740.0,0.0,-0.0046194333000005375,0.2812,0.2765805666999995,760.0,-20.0,-0.19153721619999658,0.2368,0.045262783800003425
59.168626237,1.0,0.0,740.0,0.95,740.0,0.0,-0.0046194333000005375,0.2812,0.2765805666999995,740.0,0.0,-0.0015372161999965784,0.2368,0.23526278380000343
59.182217322,1.0,0.0,740.0,0.95,740.0,0.0,-0.0046194333000005375,0.2812,0.2765805666999995,740.0,0.0,-0.0015372161999965784,0.2368,0.23526278380000343
59.192753198,1.0,0.0,740.0,0.95,740.0,0.0,-0.0046194333000005375,0.2812,0.2765805666999995,740.0,0.0,-0.0015372161999965784,0.2368,0.23526278380000343
59.213845658,1.0,0.0,720.0,0.9,740.0,-20.0,-0.195,0.2736,0.0786,720.0,0.0,-0.0015372161999965784,0.23040000000000002,0.22886278380000344
59.225628409,1.0,0.0,720.0,0.9,740.0,-20.0,-0.195,0.2736,0.0786,740.0,-20.0,-0.19283119549999525,0.23040000000000002,0.03756880450000477
59.241937244,1.0,0.0,720.0,0.9,740.0,-20.0,-0.195,0.2736,0.0786,740.0,-20.0,-0.19439834979999773,0.23040000000000002,0.03600165020000229
59.263705788,1.0,0.0,720.0,0.9,740.0,-20.0,-0.195,0.2736,0.0786,740.0,-20.0,-0.195,0.23040000000000002,0.035400000000000015
59.279721207,1.0,0.0,720.0,0.9,740.0,-20.0,-0.195,0.2736,0.0786,720.0,0.0,-0.005,0.23040000000000002,0.22540000000000002
59.292554249,1.0,0.0,720.0,0.9,740.0,-20.0,-0.195,0.2736,0.0786,740.0,-20.0,-0.195,0.23040000000000002,0.035400000000000015
59.31816521,1.0,0.0,720.0,0.9,720.0,0.0,-0.005,0.2736,0.2686,740.0,-20.0,-0.195,0.23040000000000002,0.035400000000000015
59.333841712,1.0,0.0,720.0,0.9,740.0,-20.0,-0.195,0.2736,0.0786,740.0,-20.0,-0.195,0.23040000000000002,0.035400000000000015
59.347811088,1.0,0.0,720.0,0.9,720.0,0.0,-0.005,0.2736,0.2686,740.0,-20.0,-0.195,0.23040000000000002,0.035400000000000015
59.361791548,1.0,0.0,720.0,0.9,740.0,-20.0,-0.195,0.2736,0.0786,720.0,0.0,-0.005,0.23040000000000002,0.22540000000000002
59.377134383,1.0,0.0,720.0,0.9,720.0,0.0,-0.005,0.2736,0.2686,740.0,-20.0,-0.195,0.23040000000000002,0.035400000000000015
59.39860951,1.0,0.0,720.0,0.9,740.0,-20.0,-0.195,0.2736,0.0786,720.0,0.0,-0.005,0.23040000000000002,0.22540000000000002
59.412668428,1.0,0.0,720.0,0.9,720.0,0.0,-0.005,0.2736,0.2686,720.0,0.0,-0.005,0.23040000000000002,0.22540000000000002
59.433209639,1.0,0.0,720.0,0.9,740.0,-20.0,-0.195,0.2736,0.0786,740.0,-20.0,-0.195,0.23040000000000002,0.035400000000000015
59.447681557,1.0,0.0,720.0,0.9,720.0,0.0,-0.005,0.2736,0.2686,740.0,-20.0,-0.195,0.23040000000000002,0.035400000000000015
59.460143308,1.0,0.0,720.0,0.9,720.0,0.0,-0.005,0.2736,0.2686,720.0,0.0,-0.005,0.23040000000000002,0.22540000000000002
59.473669934,1.0,0.0,720.0,0.9,720.0,0.0,-0.005,0.2736,0.2686,740.0,-20.0,-0.195,0.23040000000000002,0.035400000000000015
59.488463561,1.0,0.0,720.0,0.9,720.0,0.0,-0.005,0.2736,0.2686,720.0,0.0,-0.005,0.23040000000000002,0.22540000000000002
59.503047187,1.0,0.0,720.0,0.9,720.0,0.0,-0.005,0.2736,0.2686,720.0,0.0,-0.005,0.23040000000000002,0.22540000000000002
59.521012689,1.0,0.0,720.0,0.9,740.0,-20.0,-0.195,0.2736,0.0786,720.0,0.0,-0.005,0.23040000000000002,0.22540000000000002
59.533975232,1.0,0.0,720.0,0.9,720.0,0.0,-0.005,0.2736,0.2686,720.0,0.0,-0.005,0.23040000000000002,0.22540000000000002
59.545513567,1.0,0.0,720.0,0.9,720.0,0.0,-0.005,0.2736,0.2686,720.0,0.0,-0.005,0.23040000000000002,0.22540000000000002
59.563292402,1.0,0.0,720.0,0.9,720.0,0.0,-0.005,0.2736,0.2686,740.0,-20.0,-0.195,0.23040000000000002,0.035400000000000015
59.577062278,1.0,0.0,720.0,0.9,720.0,0.0,-0.005,0.2736,0.2686,720.0,0.0,-0.005,0.23040000000000002,0.22540000000000002
59.588268696,1.0,0.0,720.0,0.9,720.0,0.0,-0.005,0.2736,0.2686,720.0,0.0,-0.005,0.23040000000000002,0.22540000000000002
59.604955531,1.0,1.0,720.0,0.9,700.0,20.0,0.18654872100000033,0.2736,0.46014872100000037,720.0,0.0,-0.005,0.23040000000000002,0.22540000000000002
59.617228282,1.0,0.0,720.0,0.9,720.0,0.0,-0.0034512789999996585,0.2736,0.27014872100000037,720.0,0.0,-0.005,0.23040000000000002,0.22540000000000002
59.628083242,1.0,0.0,720.0,0.9,720.0,0.0,-0.0034512789999996585,0.2736,0.27014872100000037,720.0,0.0,-0.005,0.23040000000000002,0.22540000000000002
59.641018076,1.0,0.0,720.0,0.9,720.0,0.0,-0.0034512789999996585,0.2736,0.27014872100000037,720.0,0.0,-0.005,0.23040000000000002,0.22540000000000002
59.658021953,0.0,0.0,720.0,0.9,740.0,-20.0,-0.19483564580000176,0.2736,0.07876435419999825,700.0,20.0,0.18638433760000112,0.23040000000000002,0.4167843376000011
59.674548955,1.0,0.0,720.0,0.9,720.0,0.0,-0.004835645800001771,0.2736,0.2687643541999982,720.0,0.0,-0.0036156623999988825,0.23040000000000002,0.22678433760000113
59.685518831,1.0,0.0,720.0,0.9,720.0,0.0,-0.004835645800001771,0.2736,0.2687643541999982,720.0,0.0,-0.0036156623999988825,0.23040000000000002,0.22678433760000113
59.696269957,1.0,0.0,720.0,0.9,720.0,0.0,-0.004835645800001771,0.2736,0.2687643541999982,720.0,0.0,-0.0036156623999988825,0.23040000000000002,0.22678433760000113
59.712237542,1.0,0.0,720.0,0.9,720.0,0.0,-0.004835645800001771,0.2736,0.2687643541999982,720.0,0.0,-0.0036156623999988825,0.23040000000000002,0.22678433760000113
59.723355001,1.0,0.0,720.0,0.9,720.0,0.0,-0.004835645800001771,0.2736,0.2687643541999982,720.0,0.0,-0.0036156623999988825,0.23040000000000002,0.22678433760000113
59.733820877,1.0,0.0,720.0,0.9,720.0,0.0,-0.004835645800001771,0.2736,0.2687643541999982,720.0,0.0,-0.0036156623999988825,0.23040000000000002,0.22678433760000113
59.748092129,1.0,0.0,720.0,0.9,720.0,0.0,-0.004835645800001771,0.2736,0.2687643541999982,740.0,-20.0,-0.1948476041999993,0.23040000000000002,0.03555239580000072
59.771219839,1.0,0.0,720.0,0.9,720.0,0.0,-0.004835645800001771,0.2736,0.2687643541999982,720.0,0.0,-0.004847604199999296,0.23040000000000002,0.22555239580000072
59.782486924,1.0,0.0,720.0,0.9,720.0,0.0,-0.004835645800001771,0.2736,0.2687643541999982,720.0,0.0,-0.004847604199999296,0.23040000000000002,0.22555239580000072
59.795144675,1.0,0.0,720.0,0.9,720.0,0.0,-0.004835645800001771,0.2736,0.2687643541999982,700.0,20.0,0.18620236670000226,0.23040000000000002,0.4166023667000023
59.821350344,1.0,0.0,720.0,0.9,720.0,0.0,-0.004835645800001771,0.2736,0.2687643541999982,720.0,0.0,-0.0037976332999977557,0.23040000000000002,0.22660236670000228
59.834914887,1.0,0.0,720.0,0.9,720.0,0.0,-0.004835645800001771,0.2736,0.2687643541999982,720.0,0.0,-0.0037976332999977557,0.23040000000000002,0.22660236670000228
59.852104556,1.0,0.0,720.0,0.9,720.0,0.0,-0.004835645800001771,0.2736,0.2687643541999982,720.0,0.0,-0.0037976332999977557,0.23040000000000002,0.22660236670000228
59.862719473,1.0,0.0,720.0,0.9,720.0,0.0,-0.004835645800001771,0.2736,0.2687643541999982,720.0,0.0,-0.0037976332999977557,0.23040000000000002,0.22660236670000228
59.883242017,1.0,0.0,720.0,0.9,700.0,20.0,0.18699969609999756,0.2736,0.46059969609999757,720.0,0.0,-0.0037976332999977557,0.23040000000000002,0.22660236670000228
59.899778352,1.0,0.0,720.0,0.9,720.0,0.0,-0.0030003039000024503,0.2736,0.27059969609999757,740.0,-20.0,-0.195,0.23040000000000002,0.035400000000000015
59.914933354,1.0,0.0,720.0,0.9,720.0,0.0,-0.0030003039000024503,0.2736,0.27059969609999757,720.0,0.0,-0.005,0.23040000000000002,0.22540000000000002
59.926292605,1.0,0.0,720.0,0.9,720.0,0.0,-0.0030003039000024503,0.2736,0.27059969609999757,720.0,0.0,-0.005,0.23040000000000002,0.22540000000000002
59.939807856,1.0,0.0,720.0,0.9,720.0,0.0,-0.0030003039000024503,0.2736,0.27059969609999757,720.0,0.0,-0.005,0.23040000000000002,0.22540000000000002
59.953174066,1.0,0.0,720.0,0.9,720.0,0.0,-0.0030003039000024503,0.2736,0.27059969609999757,720.0,0.0,-0.005,0.23040000000000002,0.22540000000000002
59.967972359,1.0,0.0,720.0,0.9,720.0,0.0,-0.0030003039000024503,0.2736,0.27059969609999757,720.0,0.0,-0.005,0.23040000000000002,0.22540000000000002
59.987612611,1.0,0.0,720.0,0.9,720.0,0.0,-0.0030003039000024503,0.2736,0.27059969609999757,740.0,-20.0,-0.195,0.23040000000000002,0.035400000000000015
60.004119196,1.0,0.0,720.0,0.9,700.0,20.0,0.18858020879999685,0.2736,0.4621802087999969,720.0,0.0,-0.005,0.23040000000000002,0.22540000000000002
60.016585031,1.0,0.0,720.0,0.9,720.0,0.0,-0.0014197912000031465,0.2736,0.2721802087999969,720.0,0.0,-0.005,0.23040000000000002,0.22540000000000002
60.032509449,1.0,0.0,720.0,0.9,720.0,0.0,-0.0014197912000031465,0.2736,0.2721802087999969,720.0,0.0,-0.005,0.23040000000000002,0.22540000000000002
60.048610325,1.0,0.0,720.0,0.9,720.0,0.0,-0.0014197912000031465,0.2736,0.2721802087999969,720.0,0.0,-0.005,0.23040000000000002,0.22540000000000002
60.062472952,1.0,0.0,720.0,0.9,720.0,0.0,-0.0014197912000031465,0.2736,0.2721802087999969,720.0,0.0,-0.005,0.23040000000000002,0.22540000000000002
60.072121578,1.0,0.0,720.0,0.9,720.0,0.0,-0.0014197912000031465,0.2736,0.2721802087999969,720.0,0.0,-0.005,0.23040000000000002,0.22540000000000002
60.085091412,1.0,0.0,720.0,0.9,720.0,0.0,-0.0014197912000031465,0.2736,0.2721802087999969,700.0,20.0,0.18608858769999928,0.23040000000000002,0.4164885876999993
60.098236247,1.0,0.0,720.0,0.9,720.0,0.0,-0.0014197912000031465,0.2736,0.2721802087999969,720.0,0.0,-0.003911412300000734,0.23040000000000002,0.2264885876999993
60.109465123,1.0,0.0,720.0,0.9,720.0,0.0,-0.0014197912000031465,0.2736,0.2721802087999969,720.0,0.0,-0.003911412300000734,0.23040000000000002,0.2264885876999993
60.119948208,1.0,0.0,720.0,0.9,720.0,0.0,-0.0014197912000031465,0.2736,0.2721802087999969,720.0,0.0,-0.003911412300000734,0.23040000000000002,0.2264885876999993
60.132827334,1.0,0.0,720.0,0.9,720.0,0.0,-0.0014197912000031465,0.2736,0.2721802087999969,740.0,-20.0,-0.195,0.23040000000000002,0.035400000000000015
60.147424085,1.0,0.0,720.0,0.9,720.0,0.0,-0.0014197912000031465,0.2736,0.2721802087999969,720.0,0.0,-0.005,0.23040000000000002,0.22540000000000002
60.159284712,1.0,0.0,720.0,0.9,720.0,0.0,-0.0014197912000031465,0.2736,0.2721802087999969,720.0,0.0,-0.005,0.23040000000000002,0.22540000000000002
60.171845338,1.0,0.0,720.0,0.9,720.0,0.0,-0.0014197912000031465,0.2736,0.2721802087999969,720.0,0.0,-0.005,0.23040000000000002,0.22540000000000002
60.191156298,1.0,0.0,720.0,0.9,720.0,0.0,-0.0014197912000031465,0.2736,0.2721802087999969,700.0,20.0,0.18672617099999855,0.23040000000000002,0.4171261709999986
60.210081092,1.0,0.0,720.0,0.9,720.0,0.0,-0.0014197912000031465,0.2736,0.2721802087999969,720.0,0.0,-0.003273829000001456,0.23040000000000002,0.22712617099999857
60.222849676,1.0,0.0,720.0,0.9,720.0,0.0,-0.0014197912000031465,0.2736,0.2721802087999969,720.0,0.0,-0.003273829000001456,0.23040000000000002,0.22712617099999857
60.234426511,1.0,0.0,720.0,0.9,720.0,0.0,-0.0014197912000031465,0.2736,0.2721802087999969,720.0,0.0,-0.003273829000001456,0.23040000000000002,0.22712617099999857
60.249421679,1.0,0.0,720.0,0.9,740.0,-20.0,-0.19259759960000453,0.2736,0.08100240039999548,740.0,-20.0,-0.19445157910000263,0.23040000000000002,0.03594842089999739
60.272192098,1.0,0.0,720.0,0.9,720.0,0.0,-0.0025975996000045143,0.2736,0.2710024003999955,720.0,0.0,-0.004451579100002619,0.23040000000000002,0.2259484208999974
60.284342057,1.0,0.0,720.0,0.9,720.0,0.0,-0.0025975996000045143,0.2736,0.2710024003999955,720.0,0.0,-0.004451579100002619,0.23040000000000002,0.2259484208999974
60.309476143,0.0,0.0,720.0,0.9,700.0,20.0,0.18956866729999491,0.2736,0.46316866729999495,680.0,40.0,0.3798809546999962,0.23040000000000002,0.6102809546999962
60.323221228,0.0,0.0,720.0,0.9,640.0,80.0,0.765,0.2736,1.0,640.0,80.0,0.765,0.23040000000000002,0.9954000000000001
60.336673479,0.0,0.0,720.0,0.9,600.0,120.0,1.1449999999999998,0.2736,1.0,600.0,120.0,1.1449999999999998,0.23040000000000002,1.0
60.353941606,0.0,0.0,720.0,0.9,560.0,160.0,1.525,0.2736,1.0,580.0,140.0,1.335,0.23040000000000002,1.0
60.3711514,0.0,0.0,720.0,0.9,580.0,140.0,1.335,0.2736,1.0,580.0,140.0,1.335,0.23040000000000002,1.0
60.381664817,0.0,0.0,720.0,0.9,620.0,100.0,0.955,0.2736,1.0,620.0,100.0,0.955,0.23040000000000002,1.0
60.393918027,0.0,0.0,720.0,0.9,620.0,100.0,0.955,0.2736,1.0,620.0,100.0,0.955,0.23040000000000002,1.0
60.40869007,0.0,0.0,720.0,0.9,640.0,80.0,0.765,0.2736,1.0,640.0,80.0,0.765,0.23040000000000002,0.9954000000000001
60.428504155,0.0,0.0,720.0,0.9,680.0,40.0,0.385,0.2736,0.6586000000000001,660.0,60.0,0.575,0.23040000000000002,0.8054
60.445305032,1.0,0.0,720.0,0.9,700.0,20.0,0.195,0.2736,0.4686,700.0,20.0,0.195,0.23040000000000002,0.4254
60.465498284,0.0,0.0,720.0,0.9,720.0,0.0,0.005,0.2736,0.2786,680.0,40.0,0.385,0.23040000000000002,0.6154000000000001
60.482149536,1.0,0.0,720.0,0.9,740.0,-20.0,-0.18679354599999898,0.2736,0.08680645400000103,740.0,-20.0,-0.18679354599999898,0.23040000000000002,0.043606454000001044
60.496757954,1.0,0.0,720.0,0.9,740.0,-20.0,-0.18827582529999973,0.2736,0.08532417470000028,720.0,0.0,0.0032064540000010314,0.23040000000000002,0.23360645400000105
60.51301633,0.0,0.0,720.0,0.9,740.0,-20.0,-0.1899044046000006,0.2736,0.0836955953999994,760.0,-40.0,-0.3800506464000023,0.23040000000000002,-0.14965064640000228
60.532152874,1.0,0.0,720.0,0.9,740.0,-20.0,-0.19177670070000147,0.2736,0.08182329929999854,740.0,-20.0,-0.19192288410000116,0.23040000000000002,0.03847711589999886
60.558123168,1.0,0.0,720.0,0.9,740.0,-20.0,-0.19422498010000083,0.2736,0.07937501989999918,740.0,-20.0,-0.19437125100000174,0.23040000000000002,0.03602874899999828
60.572611128,1.0,0.0,720.0,0.9,740.0,-20.0,-0.195,0.2736,0.0786,720.0,0.0,-0.004371251000001734,0.23040000000000002,0.22602874899999828
60.589605963,0.0,0.0,720.0,0.9,760.0,-40.0,-0.385,0.2736,-0.1114,740.0,-20.0,-0.195,0.23040000000000002,0.035400000000000015
60.604611048,1.0,0.0,720.0,0.9,740.0,-20.0,-0.195,0.2736,0.0786,720.0,0.0,-0.005,0.23040000000000002,0.22540000000000002
60.617925341,1.0,0.0,720.0,0.9,740.0,-20.0,-0.195,0.2736,0.0786,740.0,-20.0,-0.195,0.23040000000000002,0.035400000000000015
60.630559467,1.0,0.0,720.0,0.9,720.0,0.0,-0.005,0.2736,0.2686,740.0,-20.0,-0.195,0.23040000000000002,0.035400000000000015
60.657407678,1.0,0.0,720.0,0.9,740.0,-20.0,-0.195,0.2736,0.0786,740.0,-20.0,-0.195,0.23040000000000002,0.035400000000000015
60.671252513,1.0,0.0,720.0,0.9,720.0,0.0,-0.005,0.2736,0.2686,720.0,0.0,-0.005,0.23040000000000002,0.22540000000000002
60.683315264,1.0,0.0,720.0,0.9,720.0,0.0,-0.005,0.2736,0.2686,720.0,0.0,-0.005,0.23040000000000002,0.22540000000000002
60.696521932,1.0,0.0,720.0,0.9,740.0,-20.0,-0.195,0.2736,0.0786,740.0,-20.0,-0.195,0.23040000000000002,0.035400000000000015
60.713712184,1.0,0.0,720.0,0.9,720.0,0.0,-0.005,0.2736,0.2686,720.0,0.0,-0.005,0.23040000000000002,0.22540000000000002
60.730065644,1.0,0.0,720.0,0.9,740.0,-20.0,-0.195,0.2736,0.0786,720.0,0.0,-0.005,0.23040000000000002,0.22540000000000002
60.743119479,1.0,0.0,720.0,0.9,720.0,0.0,-0.005,0.2736,0.2686,720.0,0.0,-0.005,0.23040000000000002,0.22540000000000002
60.756159897,1.0,0.0,720.0,0.9,720.0,0.0,-0.005,0.2736,0.2686,720.0,0.0,-0.005,0.23040000000000002,0.22540000000000002
60.781082816,1.0,0.0,720.0,0.9,720.0,0.0,-0.005,0.2736,0.2686,720.0,0.0,-0.005,0.23040000000000002,0.22540000000000002
60.796798692,1.0,0.0,720.0,0.9,720.0,0.0,-0.005,0.2736,0.2686,720.0,0.0,-0.005,0.23040000000000002,0.22540000000000002
60.809323735,1.0,0.0,720.0,0.9,720.0,0.0,-0.005,0.2736,0.2686,720.0,0.0,-0.005,0.23040000000000002,0.22540000000000002
60.82254732,1.0,0.0,720.0,0.9,720.0,0.0,-0.005,0.2736,0.2686,720.0,0.0,-0.005,0.23040000000000002,0.22540000000000002
60.833544029,1.0,0.0,720.0,0.9,720.0,0.0,-0.005,0.2736,0.2686,720.0,0.0,-0.005,0.23040000000000002,0.22540000000000002
60.846093864,1.0,0.0,720.0,0.9,720.0,0.0,-0.005,0.2736,0.2686,720.0,0.0,-0.005,0.23040000000000002,0.22540000000000002
60.858044323,1.0,0.0,720.0,0.9,720.0,0.0,-0.005,0.2736,0.2686,720.0,0.0,-0.005,0.23040000000000002,0.22540000000000002
60.875982409,0.0,0.0,720.0,0.9,660.0,60.0,0.5694050128000065,0.2736,0.8430050128000066,660.0,60.0,0.5694051006999978,0.23040000000000002,0.7998051006999979
60.900427869,0.0,0.0,720.0,0.9,620.0,100.0,0.955,0.2736,1.0,620.0,100.0,0.955,0.23040000000000002,1.0
60.911269412,0.0,0.0,720.0,0.9,560.0,160.0,1.525,0.2736,1.0,560.0,160.0,1.525,0.23040000000000002,1.0
60.923235038,0.0,0.0,720.0,0.9,580.0,140.0,1.335,0.2736,1.0,580.0,140.0,1.335,0.23040000000000002,1.0
60.93735054,0.0,0.0,720.0,0.9,600.0,120.0,1.1449999999999998,0.2736,1.0,600.0,120.0,1.1449999999999998,0.23040000000000002,1.0
60.955778333,0.0,0.0,720.0,0.9,600.0,120.0,1.1449999999999998,0.2736,1.0,640.0,80.0,0.765,0.23040000000000002,0.9954000000000001
60.967929168,0.0,0.0,720.0,0.9,640.0,80.0,0.765,0.2736,1.0,640.0,80.0,0.765,0.23040000000000002,0.9954000000000001
60.985371128,0.0,0.0,720.0,0.9,660.0,60.0,0.575,0.2736,0.8486,660.0,60.0,0.575,0.23040000000000002,0.8054
60.999086463,0.0,0.0,720.0,0.9,680.0,40.0,0.385,0.2736,0.6586000000000001,680.0,40.0,0.385,0.23040000000000002,0.6154000000000001
61.015115006,1.0,0.0,720.0,0.9,720.0,0.0,0.005,0.2736,0.2786,720.0,0.0,0.005,0.23040000000000002,0.23540000000000003
61.027216257,1.0,0.0,720.0,0.9,720.0,0.0,0.005,0.2736,0.2786,720.0,0.0,0.005,0.23040000000000002,0.23540000000000003
61.041923259,1.0,0.0,720.0,0.9,740.0,-20.0,-0.1863579417999978,0.2736,0.08724205820000222,720.0,0.0,0.005,0.23040000000000002,0.23540000000000003
61.068026553,1.0,0.0,740.0,0.95,740.0,0.0,0.003642058200002225,0.2812,0.28484205820000225,720.0,20.0,0.195,0.2368,0.4318
61.091954597,1.0,0.0,740.0,0.95,760.0,-20.0,-0.1889663754000003,0.2812,0.0922336245999997,740.0,0.0,0.005,0.2368,0.24180000000000001
61.103820473,1.0,0.0,740.0,0.95,760.0,-20.0,-0.19035736299999884,0.2812,0.09084263700000117,740.0,0.0,0.005,0.2368,0.24180000000000001
61.11852135,1.0,0.0,740.0,0.95,740.0,0.0,-3.5736299999882703E-4,0.2812,0.28084263700000117,740.0,0.0,0.005,0.2368,0.24180000000000001
61.132936976,1.0,0.0,740.0,0.95,740.0,0.0,-3.5736299999882703E-4,0.2812,0.28084263700000117,760.0,-20.0,-0.18636228759999995,0.2368,0.050437712400000057
61.148168978,1.0,0.0,740.0,0.95,740.0,0.0,-3.5736299999882703E-4,0.2812,0.28084263700000117,740.0,0.0,0.003637712400000055,0.2368,0.24043771240000006
61.160635104,1.0,0.0,740.0,0.95,760.0,-20.0,-0.19163282149999986,0.2812,0.08956717850000015,740.0,0.0,0.003637712400000055,0.2368,0.24043771240000006
61.174568605,1.0,0.0,740.0,0.95,740.0,0.0,-0.0016328214999998636,0.2812,0.2795671785000001,740.0,0.0,0.003637712400000055,0.2368,0.24043771240000006
61.18790069,1.0,0.0,740.0,0.95,760.0,-20.0,-0.1929647757999993,0.2812,0.08823522420000071,740.0,0.0,0.003637712400000055,0.2368,0.24043771240000006
61.200474733,1.0,0.0,740.0,0.95,760.0,-20.0,-0.1942009176000005,0.2812,0.08699908239999951,740.0,0.0,0.003637712400000055,0.2368,0.24043771240000006
61.212664651,1.0,0.0,740.0,0.95,740.0,0.0,-0.00420091760000048,0.2812,0.27699908239999954,740.0,0.0,0.003637712400000055,0.2368,0.24043771240000006
61.236241237,1.0,0.0,720.0,0.9,740.0,-20.0,-0.195,0.2736,0.0786,740.0,-20.0,-0.1884859128000022,0.23040000000000002,0.04191408719999781
61.252769988,0.0,0.0,720.0,0.9,760.0,-40.0,-0.385,0.2736,-0.1114,740.0,-20.0,-0.19015795040000172,0.23040000000000002,0.0402420495999983
61.271097157,1.0,0.0,720.0,0.9,740.0,-20.0,-0.195,0.2736,0.0786,740.0,-20.0,-0.19199690900000008,0.23040000000000002,0.038403090999999945
61.310520869,1.0,0.0,720.0,0.9,740.0,-20.0,-0.195,0.2736,0.0786,720.0,0.0,-0.0019969090000000736,0.23040000000000002,0.22840309099999995
61.33322508,1.0,0.0,720.0,0.9,720.0,0.0,-0.005,0.2736,0.2686,740.0,-20.0,-0.1941928093000007,0.23040000000000002,0.03620719069999931
61.348817581,1.0,0.0,720.0,0.9,740.0,-20.0,-0.195,0.2736,0.0786,740.0,-20.0,-0.195,0.23040000000000002,0.035400000000000015
61.369341292,1.0,0.0,720.0,0.9,720.0,0.0,-0.005,0.2736,0.2686,740.0,-20.0,-0.195,0.23040000000000002,0.035400000000000015
61.382604543,1.0,0.0,720.0,0.9,720.0,0.0,-0.005,0.2736,0.2686,720.0,0.0,-0.005,0.23040000000000002,0.22540000000000002
61.395516919,1.0,0.0,720.0,0.9,720.0,0.0,-0.005,0.2736,0.2686,740.0,-20.0,-0.195,0.23040000000000002,0.035400000000000015
61.418008505,1.0,0.0,720.0,0.9,720.0,0.0,-0.005,0.2736,0.2686,720.0,0.0,-0.005,0.23040000000000002,0.22540000000000002
61.429466339,1.0,0.0,720.0,0.9,720.0,0.0,-0.005,0.2736,0.2686,720.0,0.0,-0.005,0.23040000000000002,0.22540000000000002
61.452615633,1.0,0.0,740.0,0.95,720.0,20.0,0.18688702519999992,0.2812,0.4680870251999999,720.0,20.0,0.18688699600000178,0.2368,0.4236869960000018
61.475400927,1.0,0.0,740.0,0.95,720.0,20.0,0.1890496461999993,0.2812,0.4702496461999993,740.0,0.0,-0.0031130039999982275,0.2368,0.23368699600000178
61.508280514,1.0,0.0,740.0,0.95,720.0,20.0,0.19266094659999794,0.2812,0.47386094659999795,740.0,0.0,-0.0031130039999982275,0.2368,0.23368699600000178
61.526899932,1.0,0.0,740.0,0.95,740.0,0.0,0.002660946599997942,0.2812,0.28386094659999794,720.0,20.0,0.18861232110000173,0.2368,0.4254123211000017
61.543541267,1.0,0.0,740.0,0.95,720.0,20.0,0.19427150089999884,0.2812,0.47547150089999884,720.0,20.0,0.1902229338000018,0.2368,0.4270229338000018
61.561220352,1.0,0.0,740.0,0.95,740.0,0.0,0.004271500899998841,0.2812,0.28547150089999884,740.0,0.0,2.2293380000178333E-4,0.2368,0.2370229338000018
61.581352646,1.0,0.0,740.0,0.95,740.0,0.0,0.004271500899998841,0.2812,0.28547150089999884,720.0,20.0,0.19231120900000234,0.2368,0.4291112090000023
61.598850023,1.0,0.0,740.0,0.95,740.0,0.0,0.004271500899998841,0.2812,0.28547150089999884,720.0,20.0,0.19430933000000208,0.2368,0.43110933000000207
61.619269317,1.0,0.0,740.0,0.95,740.0,0.0,0.004271500899998841,0.2812,0.28547150089999884,740.0,0.0,0.004309330000002092,0.2368,0.2411093300000021
61.630295484,1.0,0.0,740.0,0.95,740.0,0.0,0.004271500899998841,0.2812,0.28547150089999884,740.0,0.0,0.004309330000002092,0.2368,0.2411093300000021
61.647297903,1.0,0.0,740.0,0.95,740.0,0.0,0.004271500899998841,0.2812,0.28547150089999884,740.0,0.0,0.004309330000002092,0.2368,0.2411093300000021
61.677747614,1.0,0.0,720.0,0.9,740.0,-20.0,-0.18838835360000247,0.2736,0.08521164639999754,740.0,-20.0,-0.18835049519999927,0.23040000000000002,0.04204950480000075
61.703037742,1.0,0.0,720.0,0.9,740.0,-20.0,-0.190891466300003,0.2736,0.082708533699997,740.0,-20.0,-0.19085360799999876,0.23040000000000002,0.03954639200000126
61.718040202,1.0,0.0,720.0,0.9,740.0,-20.0,-0.19248522070000262,0.2736,0.08111477929999739,740.0,-20.0,-0.19244733319999738,0.23040000000000002,0.037952666800002643
61.739555579,1.0,0.0,720.0,0.9,740.0,-20.0,-0.19461739170000214,0.2736,0.07898260829999787,740.0,-20.0,-0.1945795333999979,0.23040000000000002,0.03582046660000213
61.757599831,1.0,0.0,720.0,0.9,720.0,0.0,-0.004617391700002145,0.2736,0.26898260829999787,740.0,-20.0,-0.195,0.23040000000000002,0.035400000000000015
61.777770333,1.0,0.0,720.0,0.9,740.0,-20.0,-0.195,0.2736,0.0786,740.0,-20.0,-0.195,0.23040000000000002,0.035400000000000015
61.798145293,1.0,0.0,720.0,0.9,720.0,0.0,-0.005,0.2736,0.2686,720.0,0.0,-0.005,0.23040000000000002,0.22540000000000002
61.82025742,1.0,0.0,720.0,0.9,720.0,0.0,-0.005,0.2736,0.2686,720.0,0.0,-0.005,0.23040000000000002,0.22540000000000002
61.833106213,1.0,0.0,720.0,0.9,720.0,0.0,-0.005,0.2736,0.2686,720.0,0.0,-0.005,0.23040000000000002,0.22540000000000002
61.848615006,1.0,0.0,720.0,0.9,740.0,-20.0,-0.195,0.2736,0.0786,740.0,-20.0,-0.195,0.23040000000000002,0.035400000000000015
61.86657555,1.0,0.0,720.0,0.9,720.0,0.0,-0.005,0.2736,0.2686,720.0,0.0,-0.005,0.23040000000000002,0.22540000000000002
61.891598802,1.0,0.0,720.0,0.9,740.0,-20.0,-0.195,0.2736,0.0786,740.0,-20.0,-0.195,0.23040000000000002,0.035400000000000015
61.907000262,1.0,0.0,720.0,0.9,720.0,0.0,-0.005,0.2736,0.2686,720.0,0.0,-0.005,0.23040000000000002,0.22540000000000002
61.926506639,1.0,0.0,720.0,0.9,720.0,0.0,-0.005,0.2736,0.2686,720.0,0.0,-0.005,0.23040000000000002,0.22540000000000002
61.940205349,1.0,0.0,720.0,0.9,720.0,0.0,-0.005,0.2736,0.2686,720.0,0.0,-0.005,0.23040000000000002,0.22540000000000002
61.959432892,1.0,0.0,720.0,0.9,720.0,0.0,-0.005,0.2736,0.2686,740.0,-20.0,-0.195,0.23040000000000002,0.035400000000000015
61.982298686,1.0,0.0,720.0,0.9,720.0,0.0,-0.005,0.2736,0.2686,720.0,0.0,-0.005,0.23040000000000002,0.22540000000000002
62.008221147,1.0,0.0,720.0,0.9,720.0,0.0,-0.005,0.2736,0.2686,720.0,0.0,-0.005,0.23040000000000002,0.22540000000000002
62.021099982,1.0,0.0,720.0,0.9,720.0,0.0,-0.005,0.2736,0.2686,720.0,0.0,-0.005,0.23040000000000002,0.22540000000000002
62.0359324,1.0,0.0,720.0,0.9,700.0,20.0,0.18625212519999992,0.2736,0.45985212519999996,720.0,0.0,-0.005,0.23040000000000002,0.22540000000000002
62.061962778,1.0,0.0,720.0,0.9,720.0,0.0,-0.0037478748000000905,0.2736,0.2698521251999999,720.0,0.0,-0.005,0.23040000000000002,0.22540000000000002
62.074492487,1.0,0.0,720.0,0.9,720.0,0.0,-0.0037478748000000905,0.2736,0.2698521251999999,720.0,0.0,-0.005,0.23040000000000002,0.22540000000000002
62.105575407,1.0,0.0,695.0,0.9,720.0,-25.0,-0.2425,0.2641,0.021600000000000008,700.0,-5.0,-0.0525,0.22240000000000001,0.16990000000000002
62.119237075,1.0,0.0,695.0,0.9,720.0,-25.0,-0.2425,0.2641,0.021600000000000008,720.0,-25.0,-0.2425,0.22240000000000001,-0.02009999999999998
62.146717036,1.0,0.0,695.0,0.9,720.0,-25.0,-0.2425,0.2641,0.021600000000000008,720.0,-25.0,-0.2425,0.22240000000000001,-0.02009999999999998
62.169428539,1.0,0.0,695.0,0.9,720.0,-25.0,-0.2425,0.2641,0.021600000000000008,700.0,-5.0,-0.0525,0.22240000000000001,0.16990000000000002
62.18201104,1.0,0.0,695.0,0.9,720.0,-25.0,-0.2425,0.2641,0.021600000000000008,700.0,-5.0,-0.0525,0.22240000000000001,0.16990000000000002
62.200044792,0.0,0.0,695.0,0.9,720.0,-25.0,-0.2425,0.2641,0.021600000000000008,680.0,15.0,0.13869899072499975,0.22240000000000001,0.36109899072499974
62.224572502,1.0,0.0,695.0,0.9,700.0,-5.0,-0.0525,0.2641,0.2116,680.0,15.0,0.1403968190499988,0.22240000000000001,0.36279681904999883
62.239411337,1.0,0.0,695.0,0.9,700.0,-5.0,-0.0525,0.2641,0.2116,680.0,15.0,0.14163269102499923,0.22240000000000001,0.36403269102499924
62.259440964,1.0,0.0,695.0,0.9,720.0,-25.0,-0.2425,0.2641,0.021600000000000008,700.0,-5.0,-0.04884353507500109,0.22240000000000001,0.17355646492499893
62.278459966,1.0,0.0,695.0,0.9,700.0,-5.0,-0.0525,0.2641,0.2116,680.0,15.0,0.14254447754999758,0.22240000000000001,0.3649444775499976
62.30222876,1.0,0.0,695.0,0.9,700.0,-5.0,-0.0525,0.2641,0.2116,680.0,15.0,0.14446339649999798,0.22240000000000001,0.366863396499998
62.330403471,0.0,0.0,800.0,0.5,700.0,100.0,0.955,0.304,1.0,700.0,100.0,0.955,0.256,1.0
62.35141864,0.0,0.0,800.0,0.5,700.0,100.0,0.955,0.304,1.0,700.0,100.0,0.955,0.256,1.0
62.368227684,0.0,0.0,800.0,0.5,720.0,80.0,0.765,0.304,1.0,700.0,100.0,0.955,0.256,1.0
62.380744268,0.0,0.0,800.0,0.5,740.0,60.0,0.575,0.304,0.879,700.0,100.0,0.955,0.256,1.0
62.39707527,0.0,0.0,800.0,0.5,740.0,60.0,0.575,0.304,0.879,720.0,80.0,0.765,0.256,1.0
62.417679772,0.0,0.0,800.0,0.5,760.0,40.0,0.385,0.304,0.6890000000000001,740.0,60.0,0.575,0.256,0.831
62.434842024,0.0,0.0,800.0,0.5,780.0,20.0,0.195,0.304,0.499,760.0,40.0,0.385,0.256,0.641
62.469579235,1.0,0.0,800.0,0.5,820.0,-20.0,-0.18828950450000037,0.304,0.11571049549999962,820.0,-20.0,-0.18828950450000037,0.256,0.06771049549999963
62.501269405,1.0,0.0,800.0,0.5,820.0,-20.0,-0.19147240480000163,0.304,0.11252759519999836,820.0,-20.0,-0.19147240480000163,0.256,0.06452759519999837
62.518718657,0.0,0.0,800.0,0.5,840.0,-40.0,-0.385,0.304,-0.08100000000000002,820.0,-20.0,-0.19337249669999948,0.256,0.06262750330000053
62.550456369,1.0,0.0,800.0,0.5,820.0,-20.0,-0.195,0.304,0.10899999999999999,820.0,-20.0,-0.195,0.256,0.061
62.580490455,0.0,0.0,695.0,0.9,820.0,-125.0,-1.1925,0.2641,-0.9283999999999999,820.0,-125.0,-1.1925,0.22240000000000001,-0.9700999999999999
62.59418304,0.0,0.0,695.0,0.9,800.0,-105.0,-1.0025,0.2641,-0.7384,820.0,-125.0,-1.1925,0.22240000000000001,-0.9700999999999999
62.614198667,0.0,0.0,695.0,0.9,800.0,-105.0,-1.0025,0.2641,-0.7384,800.0,-105.0,-1.0025,0.22240000000000001,-0.7800999999999999
62.632486168,0.0,0.0,695.0,0.9,740.0,-45.0,-0.4325,0.2641,-0.1684,780.0,-85.0,-0.8125,0.22240000000000001,-0.5901
62.657431546,1.0,0.0,695.0,0.9,720.0,-25.0,-0.2425,0.2641,0.021600000000000008,700.0,-5.0,-0.0525,0.22240000000000001,0.16990000000000002
62.670849089,1.0,0.0,695.0,0.9,680.0,15.0,0.13847844699999995,0.2641,0.40257844699999995,680.0,15.0,0.1384784250999992,0.22240000000000001,0.36087842509999923
62.693126591,1.0,0.0,695.0,0.9,660.0,35.0,0.3324678129749985,0.2641,0.5965678129749985,660.0,35.0,0.33246784217499953,0.22240000000000001,0.5548678421749995
62.706616468,1.0,0.0,695.0,0.9,660.0,35.0,0.33480245909999995,0.2641,0.5989024591,660.0,35.0,0.3348024883000009,0.22240000000000001,0.557202488300001
62.730781637,0.0,0.0,695.0,0.9,660.0,35.0,0.3375,0.2641,0.6016,640.0,55.0,0.5275,0.22240000000000001,0.7499
62.74710768,1.0,0.0,695.0,0.9,680.0,15.0,0.1475,0.2641,0.41159999999999997,660.0,35.0,0.3375,0.22240000000000001,0.5599000000000001
62.766713807,1.0,0.0,695.0,0.9,680.0,15.0,0.1475,0.2641,0.41159999999999997,660.0,35.0,0.3375,0.22240000000000001,0.5599000000000001
62.792298809,0.0,0.0,800.0,0.5,700.0,100.0,0.955,0.304,1.0,680.0,120.0,1.1449999999999998,0.256,1.0
62.811180436,0.0,0.0,800.0,0.5,700.0,100.0,0.955,0.304,1.0,700.0,100.0,0.955,0.256,1.0
62.827442313,0.0,0.0,800.0,0.5,720.0,80.0,0.765,0.304,1.0,720.0,80.0,0.765,0.256,1.0
62.851191857,0.0,0.0,800.0,0.5,740.0,60.0,0.575,0.304,0.879,740.0,60.0,0.575,0.256,0.831
62.866238067,0.0,0.0,800.0,0.5,780.0,20.0,0.195,0.304,0.499,760.0,40.0,0.385,0.256,0.641
62.891907361,1.0,0.0,800.0,0.5,800.0,0.0,0.005,0.304,0.309,780.0,20.0,0.195,0.256,0.451
62.907667571,1.0,0.0,800.0,0.5,800.0,0.0,0.005,0.304,0.309,800.0,0.0,0.005,0.256,0.261
62.925486948,1.0,0.0,800.0,0.5,800.0,0.0,0.005,0.304,0.309,820.0,-20.0,-0.18678488349999953,0.256,0.06921511650000048
62.940079033,1.0,0.0,800.0,0.5,820.0,-20.0,-0.18631524180000042,0.304,0.11768475819999957,820.0,-20.0,-0.18810009620000073,0.256,0.06789990379999927
62.956794451,1.0,0.0,800.0,0.5,820.0,-20.0,-0.18799250029999884,0.304,0.11600749970000115,800.0,0.0,0.0018999037999992653,0.256,0.2578999037999993
62.982650995,1.0,0.0,800.0,0.5,820.0,-20.0,-0.19026079219999928,0.304,0.11373920780000071,820.0,-20.0,-0.1903683881000012,0.256,0.0656316118999988
63.012237082,1.0,0.0,800.0,0.5,820.0,-20.0,-0.19337678409999967,0.304,0.11062321590000032,820.0,-20.0,-0.19348438010000052,0.256,0.06251561989999949
63.038871209,1.0,0.0,800.0,0.5,820.0,-20.0,-0.195,0.304,0.10899999999999999,800.0,0.0,-0.0034843801000005213,0.256,0.2525156198999995
63.062885587,1.0,0.0,800.0,0.5,800.0,0.0,-0.005,0.304,0.299,800.0,0.0,-0.0034843801000005213,0.256,0.2525156198999995
63.075932713,1.0,0.0,800.0,0.5,800.0,0.0,-0.005,0.304,0.299,820.0,-20.0,-0.1949953594000027,0.256,0.0610046405999973
63.098248715,1.0,0.0,800.0,0.5,820.0,-20.0,-0.195,0.304,0.10899999999999999,800.0,0.0,-0.004995359400002713,0.256,0.2510046405999973
63.111368175,1.0,0.0,800.0,0.5,820.0,-20.0,-0.195,0.304,0.10899999999999999,820.0,-20.0,-0.195,0.256,0.061
63.139296428,1.0,0.0,800.0,0.5,820.0,-20.0,-0.195,0.304,0.10899999999999999,820.0,-20.0,-0.195,0.256,0.061
63.151850054,1.0,0.0,800.0,0.5,800.0,0.0,-0.005,0.304,0.299,820.0,-20.0,-0.195,0.256,0.061
63.166160097,1.0,0.0,800.0,0.5,800.0,0.0,-0.005,0.304,0.299,820.0,-20.0,-0.195,0.256,0.061
63.179558682,1.0,0.0,800.0,0.5,800.0,0.0,-0.005,0.304,0.299,820.0,-20.0,-0.195,0.256,0.061
63.194492017,1.0,0.0,800.0,0.5,800.0,0.0,-0.005,0.304,0.299,800.0,0.0,-0.005,0.256,0.251
63.21504956,1.0,0.0,800.0,0.5,800.0,0.0,-0.005,0.304,0.299,800.0,0.0,-0.005,0.256,0.251
63.228485187,1.0,0.0,800.0,0.5,800.0,0.0,-0.005,0.304,0.299,800.0,0.0,-0.005,0.256,0.251
63.240393063,1.0,0.0,800.0,0.5,800.0,0.0,-0.005,0.304,0.299,800.0,0.0,-0.005,0.256,0.251
63.250850189,1.0,0.0,800.0,0.5,800.0,0.0,-0.005,0.304,0.299,800.0,0.0,-0.005,0.256,0.251
63.270092608,1.0,0.0,800.0,0.5,780.0,20.0,0.1867950625999987,0.304,0.4907950625999987,800.0,0.0,-0.005,0.256,0.251
63.286250067,1.0,0.0,800.0,0.5,780.0,20.0,0.18839115029999845,0.304,0.49239115029999847,800.0,0.0,-0.005,0.256,0.251
63.304959028,1.0,0.0,800.0,0.5,780.0,20.0,0.19025393799999848,0.304,0.4942539379999985,800.0,0.0,-0.005,0.256,0.251
63.327393738,1.0,0.0,800.0,0.5,800.0,0.0,2.5393799999847035E-4,0.304,0.30425393799999845,800.0,0.0,-0.005,0.256,0.251
63.339278864,1.0,0.0,800.0,0.5,820.0,-20.0,-0.19092780800000184,0.304,0.11307219199999816,800.0,0.0,-0.005,0.256,0.251
63.352482324,1.0,0.0,800.0,0.5,820.0,-20.0,-0.192268541400004,0.304,0.111731458599996,800.0,0.0,-0.005,0.256,0.251
63.372629201,1.0,0.0,800.0,0.5,820.0,-20.0,-0.19419339580000325,0.304,0.10980660419999674,800.0,0.0,-0.005,0.256,0.251
63.394063787,1.0,0.0,800.0,0.5,800.0,0.0,-0.004193395800003259,0.304,0.2998066041999967,800.0,0.0,-0.005,0.256,0.251
63.416004122,1.0,0.0,800.0,0.5,800.0,0.0,-0.004193395800003259,0.304,0.2998066041999967,800.0,0.0,-0.005,0.256,0.251
63.435430291,1.0,0.0,800.0,0.5,800.0,0.0,-0.004193395800003259,0.304,0.2998066041999967,800.0,0.0,-0.005,0.256,0.251
63.451262542,1.0,0.0,800.0,0.5,800.0,0.0,-0.004193395800003259,0.304,0.2998066041999967,800.0,0.0,-0.005,0.256,0.251
63.467324919,1.0,0.0,800.0,0.5,800.0,0.0,-0.004193395800003259,0.304,0.2998066041999967,800.0,0.0,-0.005,0.256,0.251
63.491997296,1.0,0.0,800.0,0.5,800.0,0.0,-0.004193395800003259,0.304,0.2998066041999967,800.0,0.0,-0.005,0.256,0.251
63.507816715,1.0,0.0,800.0,0.5,800.0,0.0,-0.004193395800003259,0.304,0.2998066041999967,780.0,20.0,0.18647032099999933,0.256,0.44247032099999933
63.532222217,1.0,0.0,800.0,0.5,800.0,0.0,-0.004193395800003259,0.304,0.2998066041999967,800.0,0.0,-0.0035296790000006696,0.256,0.25247032099999933
63.550143969,1.0,0.0,800.0,0.5,800.0,0.0,-0.004193395800003259,0.304,0.2998066041999967,800.0,0.0,-0.0035296790000006696,0.256,0.25247032099999933
63.576200597,1.0,0.0,800.0,0.5,800.0,0.0,-0.004193395800003259,0.304,0.2998066041999967,780.0,20.0,0.18887129209999842,0.256,0.4448712920999984
63.590808431,1.0,0.0,800.0,0.5,800.0,0.0,-0.004193395800003259,0.304,0.2998066041999967,780.0,20.0,0.19033930889999964,0.256,0.4463393088999996
63.617069517,1.0,0.0,800.0,0.5,800.0,0.0,-0.004193395800003259,0.304,0.2998066041999967,800.0,0.0,3.3930889999965073E-4,0.256,0.2563393088999997
63.638387145,1.0,0.0,800.0,0.5,800.0,0.0,-0.004193395800003259,0.304,0.2998066041999967,820.0,-20.0,-0.1917912288000008,0.256,0.06420877119999921
63.659992647,1.0,0.0,800.0,0.5,780.0,20.0,0.1874815876999952,0.304,0.49148158769999517,800.0,0.0,-0.0017912288000007947,0.256,0.2542087711999992
63.675129856,1.0,0.0,800.0,0.5,780.0,20.0,0.18953235459999632,0.304,0.49353235459999634,800.0,0.0,-0.0017912288000007947,0.256,0.2542087711999992
63.6953234,1.0,0.0,800.0,0.5,800.0,0.0,-4.676454000036756E-4,0.304,0.30353235459999633,820.0,-20.0,-0.19364427480000018,0.256,0.06235572519999982
63.712072944,1.0,0.0,800.0,0.5,800.0,0.0,-4.676454000036756E-4,0.304,0.30353235459999633,820.0,-20.0,-0.195,0.256,0.061
63.730232404,1.0,0.0,800.0,0.5,800.0,0.0,-4.676454000036756E-4,0.304,0.30353235459999633,800.0,0.0,-0.005,0.256,0.251
63.74194253,1.0,0.0,800.0,0.5,800.0,0.0,-4.676454000036756E-4,0.304,0.30353235459999633,800.0,0.0,-0.005,0.256,0.251
63.753169364,1.0,0.0,800.0,0.5,800.0,0.0,-4.676454000036756E-4,0.304,0.30353235459999633,800.0,0.0,-0.005,0.256,0.251
63.770915533,1.0,0.0,800.0,0.5,800.0,0.0,-4.676454000036756E-4,0.304,0.30353235459999633,800.0,0.0,-0.005,0.256,0.251
63.782373076,1.0,0.0,800.0,0.5,800.0,0.0,-4.676454000036756E-4,0.304,0.30353235459999633,800.0,0.0,-0.005,0.256,0.251
63.800681286,1.0,0.0,800.0,0.5,800.0,0.0,-4.676454000036756E-4,0.304,0.30353235459999633,800.0,0.0,-0.005,0.256,0.251
63.818336746,1.0,0.0,800.0,0.5,800.0,0.0,-4.676454000036756E-4,0.304,0.30353235459999633,800.0,0.0,-0.005,0.256,0.251
63.832845414,1.0,0.0,800.0,0.5,800.0,0.0,-4.676454000036756E-4,0.304,0.30353235459999633,800.0,0.0,-0.005,0.256,0.251
63.854697666,1.0,0.0,800.0,0.5,780.0,20.0,0.1915938255999953,0.304,0.4955938255999953,800.0,0.0,-0.005,0.256,0.251
63.867290667,1.0,0.0,800.0,0.5,780.0,20.0,0.19285773409999707,0.304,0.49685773409999706,800.0,0.0,-0.005,0.256,0.251
63.886945503,1.0,0.0,800.0,0.5,780.0,20.0,0.19480096349999543,0.304,0.4988009634999954,800.0,0.0,-0.005,0.256,0.251
63.899045587,1.0,0.0,800.0,0.5,800.0,0.0,0.0048009634999954184,0.304,0.3088009634999954,800.0,0.0,-0.005,0.256,0.251
63.915803589,1.0,0.0,800.0,0.5,800.0,0.0,0.0048009634999954184,0.304,0.3088009634999954,800.0,0.0,-0.005,0.256,0.251
63.93762055,0.0,0.0,800.0,0.5,820.0,-20.0,-0.18704989510000417,0.304,0.11695010489999583,780.0,20.0,0.18685080020000044,0.256,0.44285080020000045
63.952676093,0.0,0.0,800.0,0.5,820.0,-20.0,-0.1885767994000031,0.304,0.11542320059999689,780.0,20.0,0.18837773370000035,0.256,0.44437773370000033
63.97303472,0.0,0.0,800.0,0.5,820.0,-20.0,-0.19057433710000396,0.304,0.11342566289999603,780.0,20.0,0.19037524220000024,0.256,0.44637524220000024
63.99677493,1.0,0.0,800.0,0.5,800.0,0.0,-5.743371000039587E-4,0.304,0.303425662899996,800.0,0.0,3.752422000002298E-4,0.256,0.25637524220000024
64.016269933,1.0,0.0,800.0,0.5,800.0,0.0,-5.743371000039587E-4,0.304,0.303425662899996,800.0,0.0,3.752422000002298E-4,0.256,0.25637524220000024
64.033483809,1.0,0.0,800.0,0.5,800.0,0.0,-5.743371000039587E-4,0.304,0.303425662899996,800.0,0.0,3.752422000002298E-4,0.256,0.25637524220000024
64.048963144,1.0,0.0,800.0,0.5,800.0,0.0,-5.743371000039587E-4,0.304,0.303425662899996,800.0,0.0,3.752422000002298E-4,0.256,0.25637524220000024
64.066716896,1.0,0.0,800.0,0.5,800.0,0.0,-5.743371000039587E-4,0.304,0.303425662899996,800.0,0.0,3.752422000002298E-4,0.256,0.25637524220000024
64.084382273,1.0,0.0,800.0,0.5,800.0,0.0,-5.743371000039587E-4,0.304,0.303425662899996,800.0,0.0,3.752422000002298E-4,0.256,0.25637524220000024
64.100132566,1.0,0.0,800.0,0.5,800.0,0.0,-5.743371000039587E-4,0.304,0.303425662899996,780.0,20.0,0.19153327560000036,0.256,0.44753327560000034
64.115405401,1.0,0.0,800.0,0.5,800.0,0.0,-5.743371000039587E-4,0.304,0.303425662899996,800.0,0.0,0.0015332756000003655,0.256,0.2575332756000004
64.139416861,1.0,0.0,800.0,0.5,800.0,0.0,-5.743371000039587E-4,0.304,0.303425662899996,780.0,20.0,0.1939366967000018,0.256,0.4499366967000018
64.153704446,1.0,0.0,800.0,0.5,800.0,0.0,-5.743371000039587E-4,0.304,0.303425662899996,820.0,-20.0,-0.18749042839999788,0.256,0.06850957160000212
64.17744699,1.0,0.0,800.0,0.5,800.0,0.0,-5.743371000039587E-4,0.304,0.303425662899996,780.0,20.0,0.19467761770000094,0.256,0.4506776177000009
64.199342701,1.0,0.0,800.0,0.5,800.0,0.0,-5.743371000039587E-4,0.304,0.303425662899996,820.0,-20.0,-0.1877183074999988,0.256,0.06828169250000121
64.21985387,1.0,0.0,800.0,0.5,800.0,0.0,-5.743371000039587E-4,0.304,0.303425662899996,800.0,0.0,0.0022816925000012133,0.256,0.2582816925000012
64.231230329,1.0,0.0,800.0,0.5,800.0,0.0,-5.743371000039587E-4,0.304,0.303425662899996,800.0,0.0,0.0022816925000012133,0.256,0.2582816925000012
64.249366748,1.0,0.0,800.0,0.5,800.0,0.0,-5.743371000039587E-4,0.304,0.303425662899996,800.0,0.0,0.0022816925000012133,0.256,0.2582816925000012
64.26183754,1.0,0.0,800.0,0.5,800.0,0.0,-5.743371000039587E-4,0.304,0.303425662899996,800.0,0.0,0.0022816925000012133,0.256,0.2582816925000012
64.275598667,1.0,0.0,800.0,0.5,780.0,20.0,0.1906071754999948,0.304,0.4946071754999948,800.0,0.0,0.0022816925000012133,0.256,0.2582816925000012
64.298059044,1.0,0.0,800.0,0.5,780.0,20.0,0.1926730506999951,0.304,0.4966730506999951,780.0,20.0,0.1943474219000001,0.256,0.4503474219000001
64.316180296,1.0,0.0,800.0,0.5,780.0,20.0,0.19455027589999702,0.304,0.498550275899997,800.0,0.0,0.0043474219000000855,0.256,0.2603474219000001
64.335381881,1.0,0.0,800.0,0.5,800.0,0.0,0.004550275899997018,0.304,0.308550275899997,800.0,0.0,0.0043474219000000855,0.256,0.2603474219000001
64.351196049,1.0,0.0,800.0,0.5,820.0,-20.0,-0.18681717420000268,0.304,0.11718282579999731,820.0,-20.0,-0.18701999910000042,0.256,0.06898000089999959
64.374917594,0.0,0.0,800.0,0.5,820.0,-20.0,-0.1891719453000019,0.304,0.1148280546999981,780.0,20.0,0.195,0.256,0.451
64.399985471,1.0,0.0,800.0,0.5,800.0,0.0,8.280546999981197E-4,0.304,0.30482805469999813,800.0,0.0,0.005,0.256,0.261
64.419869556,1.0,0.0,800.0,0.5,800.0,0.0,8.280546999981197E-4,0.304,0.30482805469999813,820.0,-20.0,-0.18711402939999913,0.256,0.06888597060000087
64.437910891,1.0,0.0,800.0,0.5,800.0,0.0,8.280546999981197E-4,0.304,0.30482805469999813,780.0,20.0,0.19469471250000198,0.256,0.450694712500002
64.464041019,1.0,0.0,800.0,0.5,820.0,-20.0,-0.19152257470000053,0.304,0.11247742529999946,800.0,0.0,0.00469471250000197,0.256,0.260694712500002
64.484100979,1.0,0.0,800.0,0.5,820.0,-20.0,-0.19367192490000038,0.304,0.11032807509999962,820.0,-20.0,-0.18745463769999787,0.256,0.06854536230000213
64.50848169,1.0,0.0,800.0,0.5,820.0,-20.0,-0.195,0.304,0.10899999999999999,800.0,0.0,0.0025453623000021254,0.256,0.25854536230000214
64.529588442,1.0,0.0,800.0,0.5,800.0,0.0,-0.005,0.304,0.299,800.0,0.0,0.0025453623000021254,0.256,0.25854536230000214
64.546648319,1.0,0.0,800.0,0.5,800.0,0.0,-0.005,0.304,0.299,800.0,0.0,0.0025453623000021254,0.256,0.25854536230000214
64.558555904,1.0,0.0,800.0,0.5,800.0,0.0,-0.005,0.304,0.299,800.0,0.0,0.0025453623000021254,0.256,0.25854536230000214
64.578662822,1.0,0.0,800.0,0.5,800.0,0.0,-0.005,0.304,0.299,800.0,0.0,0.0025453623000021254,0.256,0.25854536230000214
64.595181949,1.0,0.0,800.0,0.5,800.0,0.0,-0.005,0.304,0.299,800.0,0.0,0.0025453623000021254,0.256,0.25854536230000214
64.61806641,1.0,0.0,800.0,0.5,800.0,0.0,-0.005,0.304,0.299,800.0,0.0,0.0025453623000021254,0.256,0.25854536230000214
64.634626078,1.0,0.0,800.0,0.5,800.0,0.0,-0.005,0.304,0.299,800.0,0.0,0.0025453623000021254,0.256,0.25854536230000214
64.653374705,1.0,0.0,800.0,0.5,800.0,0.0,-0.005,0.304,0.299,800.0,0.0,0.0025453623000021254,0.256,0.25854536230000214
64.666853789,1.0,0.0,800.0,0.5,800.0,0.0,-0.005,0.304,0.299,800.0,0.0,0.0025453623000021254,0.256,0.25854536230000214
64.689513958,1.0,0.0,800.0,0.5,800.0,0.0,-0.005,0.304,0.299,780.0,20.0,0.1942059083000015,0.256,0.4502059083000015
64.704032543,1.0,0.0,800.0,0.5,800.0,0.0,-0.005,0.304,0.299,800.0,0.0,0.004205908300001511,0.256,0.2602059083000015
64.723504503,1.0,0.0,800.0,0.5,800.0,0.0,-0.005,0.304,0.299,800.0,0.0,0.004205908300001511,0.256,0.2602059083000015
64.738044672,1.0,0.0,800.0,0.5,800.0,0.0,-0.005,0.304,0.299,800.0,0.0,0.004205908300001511,0.256,0.2602059083000015
64.752358798,1.0,0.0,800.0,0.5,800.0,0.0,-0.005,0.304,0.299,780.0,20.0,0.195,0.256,0.451
64.774300009,1.0,0.0,800.0,0.5,800.0,0.0,-0.005,0.304,0.299,800.0,0.0,0.005,0.256,0.261
64.787886135,1.0,0.0,800.0,0.5,780.0,20.0,0.18633166269999948,0.304,0.4903316626999995,800.0,0.0,0.005,0.256,0.261
64.818624596,1.0,0.0,800.0,0.5,780.0,20.0,0.1895004462999998,0.304,0.4935004462999998,800.0,0.0,0.005,0.256,0.261
64.832885056,1.0,0.0,800.0,0.5,800.0,0.0,-4.995537000002059E-4,0.304,0.3035004462999998,800.0,0.0,0.005,0.256,0.261
64.849695558,1.0,0.0,800.0,0.5,800.0,0.0,-4.995537000002059E-4,0.304,0.3035004462999998,800.0,0.0,0.005,0.256,0.261
64.862879476,1.0,0.0,800.0,0.5,800.0,0.0,-4.995537000002059E-4,0.304,0.3035004462999998,800.0,0.0,0.005,0.256,0.261
64.878072686,1.0,0.0,800.0,0.5,800.0,0.0,-4.995537000002059E-4,0.304,0.3035004462999998,800.0,0.0,0.005,0.256,0.261
64.902129938,1.0,0.0,800.0,0.5,780.0,20.0,0.19176436319999993,0.304,0.49576436319999995,800.0,0.0,0.005,0.256,0.261
64.914917773,1.0,0.0,800.0,0.5,780.0,20.0,0.19305965499999958,0.304,0.4970596549999996,800.0,0.0,0.005,0.256,0.261
64.934710858,1.0,0.0,800.0,0.5,780.0,20.0,0.195,0.304,0.499,800.0,0.0,0.005,0.256,0.261
64.95061136,1.0,0.0,800.0,0.5,800.0,0.0,0.005,0.304,0.309,800.0,0.0,0.005,0.256,0.261
64.972329737,1.0,0.0,800.0,0.5,800.0,0.0,0.005,0.304,0.309,800.0,0.0,0.005,0.256,0.261
64.983282405,1.0,0.0,800.0,0.5,800.0,0.0,0.005,0.304,0.309,800.0,0.0,0.005,0.256,0.261
65.013765074,1.0,0.0,800.0,0.5,800.0,0.0,0.005,0.304,0.309,780.0,20.0,0.195,0.256,0.451
65.03451891,1.0,0.0,800.0,0.5,800.0,0.0,0.005,0.304,0.309,800.0,0.0,0.005,0.256,0.261
65.058698662,1.0,0.0,800.0,0.5,800.0,0.0,0.005,0.304,0.309,800.0,0.0,0.005,0.256,0.261
65.073337997,1.0,0.0,800.0,0.5,800.0,0.0,0.005,0.304,0.309,800.0,0.0,0.005,0.256,0.261
65.096808999,1.0,0.0,800.0,0.5,800.0,0.0,0.005,0.304,0.309,800.0,0.0,0.005,0.256,0.261
65.109535584,1.0,0.0,800.0,0.5,800.0,0.0,0.005,0.304,0.309,800.0,0.0,0.005,0.256,0.261
65.126270836,1.0,0.0,800.0,0.5,800.0,0.0,0.005,0.304,0.309,800.0,0.0,0.005,0.256,0.261
65.144919713,1.0,0.0,800.0,0.5,800.0,0.0,0.005,0.304,0.309,800.0,0.0,0.005,0.256,0.261
65.156571505,1.0,0.0,800.0,0.5,800.0,0.0,0.005,0.304,0.309,800.0,0.0,0.005,0.256,0.261
65.174514549,1.0,0.0,800.0,0.5,800.0,0.0,0.005,0.304,0.309,800.0,0.0,0.005,0.256,0.261
65.192990467,1.0,0.0,800.0,0.5,800.0,0.0,0.005,0.304,0.309,780.0,20.0,0.195,0.256,0.451
65.214825511,1.0,0.0,800.0,0.5,800.0,0.0,0.005,0.304,0.309,780.0,20.0,0.195,0.256,0.451
65.228152638,1.0,0.0,800.0,0.5,800.0,0.0,0.005,0.304,0.309,800.0,0.0,0.005,0.256,0.261
65.246789556,1.0,0.0,800.0,0.5,800.0,0.0,0.005,0.304,0.309,800.0,0.0,0.005,0.256,0.261
65.259685891,1.0,0.0,800.0,0.5,800.0,0.0,0.005,0.304,0.309,780.0,20.0,0.195,0.256,0.451
65.27344585,1.0,0.0,800.0,0.5,800.0,0.0,0.005,0.304,0.309,780.0,20.0,0.195,0.256,0.451
65.286832768,1.0,0.0,800.0,0.5,800.0,0.0,0.005,0.304,0.309,780.0,20.0,0.195,0.256,0.451
65.300688395,1.0,0.0,800.0,0.5,800.0,0.0,0.005,0.304,0.309,800.0,0.0,0.005,0.256,0.261
65.311271521,1.0,0.0,800.0,0.5,800.0,0.0,0.005,0.304,0.309,800.0,0.0,0.005,0.256,0.261
65.334249315,1.0,0.0,800.0,0.5,780.0,20.0,0.195,0.304,0.499,800.0,0.0,0.005,0.256,0.261
65.345167274,1.0,0.0,800.0,0.5,780.0,20.0,0.195,0.304,0.499,800.0,0.0,0.005,0.256,0.261
65.362235318,1.0,0.0,800.0,0.5,780.0,20.0,0.195,0.304,0.499,800.0,0.0,0.005,0.256,0.261
65.383294236,1.0,0.0,800.0,0.5,800.0,0.0,0.005,0.304,0.309,800.0,0.0,0.005,0.256,0.261
65.40475303,1.0,0.0,800.0,0.5,820.0,-20.0,-0.187282525199999,0.304,0.116717474800001,800.0,0.0,0.005,0.256,0.261
65.41766774,1.0,0.0,800.0,0.5,820.0,-20.0,-0.1885829794999984,0.304,0.1154170205000016,800.0,0.0,0.005,0.256,0.261
65.434175492,1.0,0.0,800.0,0.5,820.0,-20.0,-0.19021260879999943,0.304,0.11378739120000056,800.0,0.0,0.005,0.256,0.261
65.45571566,1.0,0.0,800.0,0.5,800.0,0.0,-2.1260879999942972E-4,0.304,0.3037873912000006,800.0,0.0,0.005,0.256,0.261
65.468733912,1.0,0.0,800.0,0.5,800.0,0.0,-2.1260879999942972E-4,0.304,0.3037873912000006,800.0,0.0,0.005,0.256,0.261
65.488259247,1.0,0.0,800.0,0.5,800.0,0.0,-2.1260879999942972E-4,0.304,0.3037873912000006,800.0,0.0,0.005,0.256,0.261
65.503162832,1.0,0.0,800.0,0.5,800.0,0.0,-2.1260879999942972E-4,0.304,0.3037873912000006,800.0,0.0,0.005,0.256,0.261
65.525969126,1.0,0.0,800.0,0.5,800.0,0.0,-2.1260879999942972E-4,0.304,0.3037873912000006,780.0,20.0,0.195,0.256,0.451
65.53704721,1.0,0.0,800.0,0.5,800.0,0.0,-2.1260879999942972E-4,0.304,0.3037873912000006,780.0,20.0,0.195,0.256,0.451
65.55418467,0.0,0.0,800.0,0.5,820.0,-20.0,-0.19178437139999915,0.304,0.11221562860000084,780.0,20.0,0.195,0.256,0.451
65.585341673,1.0,0.0,800.0,0.5,820.0,-20.0,-0.19473700090000023,0.304,0.10926299909999976,800.0,0.0,0.005,0.256,0.261
65.609177842,1.0,0.0,800.0,0.5,800.0,0.0,-0.004737000900000225,0.304,0.29926299909999976,800.0,0.0,0.005,0.256,0.261
65.62060476,1.0,0.0,800.0,0.5,800.0,0.0,-0.004737000900000225,0.304,0.29926299909999976,800.0,0.0,0.005,0.256,0.261
65.63334097,1.0,0.0,800.0,0.5,800.0,0.0,-0.004737000900000225,0.304,0.29926299909999976,800.0,0.0,0.005,0.256,0.261
65.662706265,1.0,0.0,800.0,0.5,800.0,0.0,-0.004737000900000225,0.304,0.29926299909999976,800.0,0.0,0.005,0.256,0.261
65.673749057,1.0,0.0,800.0,0.5,800.0,0.0,-0.004737000900000225,0.304,0.29926299909999976,800.0,0.0,0.005,0.256,0.261
65.694497059,1.0,0.0,800.0,0.5,800.0,0.0,-0.004737000900000225,0.304,0.29926299909999976,800.0,0.0,0.005,0.256,0.261
65.708038561,1.0,0.0,800.0,0.5,800.0,0.0,-0.004737000900000225,0.304,0.29926299909999976,800.0,0.0,0.005,0.256,0.261
65.722263437,1.0,0.0,800.0,0.5,800.0,0.0,-0.004737000900000225,0.304,0.29926299909999976,800.0,0.0,0.005,0.256,0.261
65.732831397,1.0,0.0,800.0,0.5,800.0,0.0,-0.004737000900000225,0.304,0.29926299909999976,800.0,0.0,0.005,0.256,0.261
65.749857148,1.0,0.0,800.0,0.5,800.0,0.0,-0.004737000900000225,0.304,0.29926299909999976,800.0,0.0,0.005,0.256,0.261
65.769936067,1.0,0.0,800.0,0.5,780.0,20.0,0.18713170759999798,0.304,0.49113170759999797,800.0,0.0,0.005,0.256,0.261
65.784817777,1.0,0.0,800.0,0.5,780.0,20.0,0.18863414110000007,0.304,0.49263414110000003,800.0,0.0,0.005,0.256,0.261
65.806280654,0.0,0.0,800.0,0.5,780.0,20.0,0.1903701412999976,0.304,0.49437014129999757,820.0,-20.0,-0.18673597100000222,0.256,0.06926402899999778
65.824590906,1.0,0.0,800.0,0.5,800.0,0.0,3.701412999976128E-4,0.304,0.3043701412999976,800.0,0.0,0.003264028999997777,0.256,0.2592640289999978
65.841240408,1.0,0.0,800.0,0.5,800.0,0.0,3.701412999976128E-4,0.304,0.3043701412999976,800.0,0.0,0.003264028999997777,0.256,0.2592640289999978
65.865789118,1.0,0.0,800.0,0.5,820.0,-20.0,-0.1918360547000026,0.304,0.1121639452999974,800.0,0.0,0.003264028999997777,0.256,0.2592640289999978
65.884485537,1.0,0.0,800.0,0.5,820.0,-20.0,-0.1938407382000014,0.304,0.1101592617999986,800.0,0.0,0.003264028999997777,0.256,0.2592640289999978
65.901847289,1.0,0.0,800.0,0.5,800.0,0.0,-0.0038407382000013967,0.304,0.3001592617999986,800.0,0.0,0.003264028999997777,0.256,0.2592640289999978
65.914430081,1.0,0.0,800.0,0.5,800.0,0.0,-0.0038407382000013967,0.304,0.3001592617999986,800.0,0.0,0.003264028999997777,0.256,0.2592640289999978
65.929840291,1.0,0.0,800.0,0.5,800.0,0.0,-0.0038407382000013967,0.304,0.3001592617999986,800.0,0.0,0.003264028999997777,0.256,0.2592640289999978
65.940298001,1.0,0.0,800.0,0.5,800.0,0.0,-0.0038407382000013967,0.304,0.3001592617999986,800.0,0.0,0.003264028999997777,0.256,0.2592640289999978
65.968922462,0.0,0.0,695.0,0.95,800.0,-105.0,-1.0025,0.2641,-0.7384,800.0,-105.0,-1.0025,0.22240000000000001,-0.7800999999999999
65.995014673,0.0,0.0,695.0,0.95,780.0,-85.0,-0.8125,0.2641,-0.5484,780.0,-85.0,-0.8125,0.22240000000000001,-0.5901
66.020288759,0.0,0.0,695.0,0.95,760.0,-65.0,-0.6224999999999999,0.2641,-0.35839999999999994,760.0,-65.0,-0.6224999999999999,0.22240000000000001,-0.4000999999999999
66.037891719,0.0,0.0,695.0,0.95,740.0,-45.0,-0.4325,0.2641,-0.1684,720.0,-25.0,-0.2425,0.22240000000000001,-0.02009999999999998
66.067959055,1.0,0.0,695.0,0.95,660.0,35.0,0.33307170879999876,0.2641,0.5971717087999988,660.0,35.0,0.3330718109999973,0.22240000000000001,0.5554718109999973
66.093460641,1.0,0.0,695.0,0.95,660.0,35.0,0.3375,0.2641,0.6016,660.0,35.0,0.3375,0.22240000000000001,0.5599000000000001
66.11038431,1.0,0.0,695.0,0.95,660.0,35.0,0.3375,0.2641,0.6016,660.0,35.0,0.3375,0.22240000000000001,0.5599000000000001
66.131901437,1.0,0.0,695.0,0.95,660.0,35.0,0.3375,0.2641,0.6016,680.0,15.0,0.1475,0.22240000000000001,0.3699
66.145280771,1.0,0.0,695.0,0.95,660.0,35.0,0.3375,0.2641,0.6016,680.0,15.0,0.1475,0.22240000000000001,0.3699
66.167332524,1.0,0.0,695.0,0.95,680.0,15.0,0.1475,0.2641,0.41159999999999997,680.0,15.0,0.1475,0.22240000000000001,0.3699
66.187251317,1.0,0.0,695.0,0.95,680.0,15.0,0.1475,0.2641,0.41159999999999997,680.0,15.0,0.1475,0.22240000000000001,0.3699
66.219799862,1.0,0.0,695.0,0.9,720.0,-25.0,-0.23590437012499704,0.2641,0.02819562987500296,700.0,-5.0,-0.043180852149999824,0.22240000000000001,0.1792191478500002
66.242151739,0.0,0.0,695.0,0.9,720.0,-25.0,-0.23892122449999859,0.2641,0.025178775500001416,680.0,15.0,0.1475,0.22240000000000001,0.3699
66.273424826,1.0,0.0,695.0,0.9,720.0,-25.0,-0.2425,0.2641,0.021600000000000008,700.0,-5.0,-0.04327581882499942,0.22240000000000001,0.1791241811750006
66.294821203,1.0,0.0,695.0,0.9,720.0,-25.0,-0.2425,0.2641,0.021600000000000008,700.0,-5.0,-0.04385015429999967,0.22240000000000001,0.17854984570000035
66.313958622,1.0,0.0,695.0,0.9,700.0,-5.0,-0.0525,0.2641,0.2116,700.0,-5.0,-0.04425086787499979,0.22240000000000001,0.17814913212500022
66.340756958,0.0,0.0,695.0,0.9,720.0,-25.0,-0.2425,0.2641,0.021600000000000008,680.0,15.0,0.1475,0.22240000000000001,0.3699
66.356326418,1.0,0.0,695.0,0.9,720.0,-25.0,-0.2425,0.2641,0.021600000000000008,700.0,-5.0,-0.0429272771250001,0.22240000000000001,0.1794727228749999
66.386966296,1.0,0.0,695.0,0.9,700.0,-5.0,-0.0525,0.2641,0.2116,720.0,-25.0,-0.23643325662499817,0.22240000000000001,-0.014033256624998158
66.410268131,1.0,0.0,695.0,0.9,700.0,-5.0,-0.0525,0.2641,0.2116,700.0,-5.0,-0.047080486899998705,0.22240000000000001,0.17531951310000132
66.42797405,0.0,0.0,695.0,0.9,720.0,-25.0,-0.2425,0.2641,0.021600000000000008,680.0,15.0,0.14415464137500095,0.22240000000000001,0.36655464137500093
66.44933251,1.0,0.0,695.0,0.9,720.0,-25.0,-0.2425,0.2641,0.021600000000000008,700.0,-5.0,-0.04640928887499911,0.22240000000000001,0.17599071112500092
66.471357721,1.0,0.0,695.0,0.9,700.0,-5.0,-0.0525,0.2641,0.2116,700.0,-5.0,-0.04692944727499892,0.22240000000000001,0.1754705527250011
66.502420224,1.0,0.0,695.0,0.9,700.0,-5.0,-0.0525,0.2641,0.2116,680.0,15.0,0.14546569047500085,0.22240000000000001,0.36786569047500084
66.515319184,1.0,0.0,695.0,0.9,700.0,-5.0,-0.0525,0.2641,0.2116,680.0,15.0,0.1464530624000004,0.22240000000000001,0.3688530624000004
66.538008228,1.0,0.0,695.0,0.9,700.0,-5.0,-0.0525,0.2641,0.2116,700.0,-5.0,-0.04407545952500016,0.22240000000000001,0.17832454047499985
66.555117104,1.0,0.0,695.0,0.9,700.0,-5.0,-0.0525,0.2641,0.2116,680.0,15.0,0.1473156156499988,0.22240000000000001,0.3697156156499988
66.572599898,1.0,0.0,695.0,0.9,700.0,-5.0,-0.0525,0.2641,0.2116,680.0,15.0,0.1475,0.22240000000000001,0.3699
66.587741191,1.0,0.0,695.0,0.9,700.0,-5.0,-0.0525,0.2641,0.2116,680.0,15.0,0.1475,0.22240000000000001,0.3699
66.603123984,1.0,0.0,695.0,0.9,700.0,-5.0,-0.0525,0.2641,0.2116,700.0,-5.0,-0.04283592712499981,0.22240000000000001,0.1795640728750002
66.619849611,1.0,0.0,695.0,0.9,700.0,-5.0,-0.0525,0.2641,0.2116,700.0,-5.0,-0.043249955299999525,0.22240000000000001,0.17915004470000048
66.636066279,1.0,0.0,695.0,0.9,700.0,-5.0,-0.0525,0.2641,0.2116,700.0,-5.0,-0.04361555219999957,0.22240000000000001,0.17878444780000044
66.658757365,1.0,0.0,695.0,0.9,700.0,-5.0,-0.0525,0.2641,0.2116,700.0,-5.0,-0.04422275849999934,0.22240000000000001,0.17817724150000067
66.685400534,0.0,0.0,720.0,0.9,680.0,40.0,0.3800810087999992,0.2736,0.6536810087999991,700.0,20.0,0.195,0.23040000000000002,0.4254
66.708513078,0.0,0.0,720.0,0.9,680.0,40.0,0.385,0.2736,0.6586000000000001,700.0,20.0,0.195,0.23040000000000002,0.4254
66.731839997,1.0,0.0,720.0,0.9,720.0,0.0,0.005,0.2736,0.2786,700.0,20.0,0.195,0.23040000000000002,0.4254
66.746119123,1.0,0.0,720.0,0.9,720.0,0.0,0.005,0.2736,0.2786,700.0,20.0,0.195,0.23040000000000002,0.4254
66.772366209,1.0,0.0,720.0,0.9,720.0,0.0,0.005,0.2736,0.2786,720.0,0.0,0.005,0.23040000000000002,0.23540000000000003
66.785232211,1.0,0.0,720.0,0.9,720.0,0.0,0.005,0.2736,0.2786,720.0,0.0,0.005,0.23040000000000002,0.23540000000000003
66.796301545,1.0,0.0,720.0,0.9,720.0,0.0,0.005,0.2736,0.2786,720.0,0.0,0.005,0.23040000000000002,0.23540000000000003
66.819114547,1.0,0.0,720.0,0.9,740.0,-20.0,-0.18709883349999984,0.2736,0.08650116650000017,720.0,0.0,0.005,0.23040000000000002,0.23540000000000003
66.840621758,1.0,0.0,720.0,0.9,720.0,0.0,0.0029011665000001586,0.2736,0.2765011665000002,700.0,20.0,0.195,0.23040000000000002,0.4254
66.864901844,1.0,0.0,720.0,0.9,720.0,0.0,0.0029011665000001586,0.2736,0.2765011665000002,720.0,0.0,0.005,0.23040000000000002,0.23540000000000003
66.886236388,1.0,0.0,720.0,0.9,720.0,0.0,0.0029011665000001586,0.2736,0.2765011665000002,720.0,0.0,0.005,0.23040000000000002,0.23540000000000003
66.903237639,1.0,0.0,720.0,0.9,720.0,0.0,0.0029011665000001586,0.2736,0.2765011665000002,720.0,0.0,0.005,0.23040000000000002,0.23540000000000003
66.915230974,1.0,0.0,720.0,0.9,720.0,0.0,0.0029011665000001586,0.2736,0.2765011665000002,720.0,0.0,0.005,0.23040000000000002,0.23540000000000003
66.943045477,1.0,0.0,720.0,0.9,740.0,-20.0,-0.18927329620000025,0.2736,0.08432670379999976,740.0,-20.0,-0.1871744336000012,0.23040000000000002,0.04322556639999883
66.961547937,1.0,0.0,720.0,0.9,720.0,0.0,7.267037999997683E-4,0.2736,0.2743267037999998,720.0,0.0,0.00282556639999882,0.23040000000000002,0.23322556639999883
66.98055848,1.0,0.0,720.0,0.9,720.0,0.0,7.267037999997683E-4,0.2736,0.2743267037999998,720.0,0.0,0.00282556639999882,0.23040000000000002,0.23322556639999883
66.994796773,1.0,0.0,720.0,0.9,720.0,0.0,7.267037999997683E-4,0.2736,0.2743267037999998,720.0,0.0,0.00282556639999882,0.23040000000000002,0.23322556639999883
67.017233234,1.0,0.0,720.0,0.9,740.0,-20.0,-0.1911174173000012,0.2736,0.08248258269999881,740.0,-20.0,-0.18901855470000214,0.23040000000000002,0.04138144529999788
67.034423486,1.0,0.0,720.0,0.9,720.0,0.0,-0.0011174173000011933,0.2736,0.2724825826999988,720.0,0.0,9.814452999978584E-4,0.23040000000000002,0.23138144529999788
67.055192488,1.0,0.0,720.0,0.9,720.0,0.0,-0.0011174173000011933,0.2736,0.2724825826999988,720.0,0.0,9.814452999978584E-4,0.23040000000000002,0.23138144529999788
67.073895615,1.0,0.0,720.0,0.9,720.0,0.0,-0.0011174173000011933,0.2736,0.2724825826999988,720.0,0.0,9.814452999978584E-4,0.23040000000000002,0.23138144529999788
67.100685784,1.0,0.0,720.0,0.9,740.0,-20.0,-0.19358284670000273,0.2736,0.08001715329999728,720.0,0.0,9.814452999978584E-4,0.23040000000000002,0.23138144529999788
67.134464871,1.0,0.0,720.0,0.9,720.0,0.0,-0.003582846700002733,0.2736,0.27001715329999726,720.0,0.0,9.814452999978584E-4,0.23040000000000002,0.23138144529999788
67.151436372,1.0,0.0,720.0,0.9,720.0,0.0,-0.003582846700002733,0.2736,0.27001715329999726,720.0,0.0,9.814452999978584E-4,0.23040000000000002,0.23138144529999788
67.16427554,1.0,0.0,720.0,0.9,720.0,0.0,-0.003582846700002733,0.2736,0.27001715329999726,720.0,0.0,9.814452999978584E-4,0.23040000000000002,0.23138144529999788
67.17680175,1.0,0.0,720.0,0.9,720.0,0.0,-0.003582846700002733,0.2736,0.27001715329999726,720.0,0.0,9.814452999978584E-4,0.23040000000000002,0.23138144529999788
67.191731585,1.0,0.0,720.0,0.9,720.0,0.0,-0.003582846700002733,0.2736,0.27001715329999726,700.0,20.0,0.19226568289999876,0.23040000000000002,0.4226656828999988
67.206850128,1.0,0.0,720.0,0.9,700.0,20.0,0.1878210034999978,0.2736,0.4614210034999978,720.0,0.0,0.002265682899998751,0.23040000000000002,0.23266568289999878
67.218753338,1.0,0.0,720.0,0.9,720.0,0.0,-0.0021789965000021993,0.2736,0.2714210034999978,720.0,0.0,0.002265682899998751,0.23040000000000002,0.23266568289999878
67.234675131,1.0,0.0,720.0,0.9,720.0,0.0,-0.0021789965000021993,0.2736,0.2714210034999978,720.0,0.0,0.002265682899998751,0.23040000000000002,0.23266568289999878
67.252991216,1.0,0.0,720.0,0.9,720.0,0.0,-0.0021789965000021993,0.2736,0.2714210034999978,720.0,0.0,0.002265682899998751,0.23040000000000002,0.23266568289999878
67.265592384,1.0,0.0,720.0,0.9,720.0,0.0,-0.0021789965000021993,0.2736,0.2714210034999978,720.0,0.0,0.002265682899998751,0.23040000000000002,0.23266568289999878
67.277362885,1.0,0.0,720.0,0.9,720.0,0.0,-0.0021789965000021993,0.2736,0.2714210034999978,720.0,0.0,0.002265682899998751,0.23040000000000002,0.23266568289999878
67.305670013,1.0,0.0,720.0,0.9,740.0,-20.0,-0.19489954680000268,0.2736,0.07870045319999733,720.0,0.0,0.002265682899998751,0.23040000000000002,0.23266568289999878
67.326676432,1.0,0.0,720.0,0.9,720.0,0.0,-0.004899546800002668,0.2736,0.26870045319999736,720.0,0.0,0.002265682899998751,0.23040000000000002,0.23266568289999878
67.340632392,1.0,0.0,720.0,0.9,720.0,0.0,-0.004899546800002668,0.2736,0.26870045319999736,720.0,0.0,0.002265682899998751,0.23040000000000002,0.23266568289999878
67.357692852,1.0,0.0,720.0,0.9,720.0,0.0,-0.004899546800002668,0.2736,0.26870045319999736,700.0,20.0,0.19358570809999776,0.23040000000000002,0.4239857080999978
67.37944127,1.0,0.0,720.0,0.9,720.0,0.0,-0.004899546800002668,0.2736,0.26870045319999736,720.0,0.0,0.00358570809999776,0.23040000000000002,0.23398570809999777
67.391631772,1.0,0.0,720.0,0.9,720.0,0.0,-0.004899546800002668,0.2736,0.26870045319999736,720.0,0.0,0.00358570809999776,0.23040000000000002,0.23398570809999777
67.408952107,1.0,1.0,720.0,0.9,700.0,20.0,0.18672162419999666,0.2736,0.46032162419999667,720.0,0.0,0.00358570809999776,0.23040000000000002,0.23398570809999777
67.424961983,1.0,0.0,720.0,0.9,720.0,0.0,-0.0032783758000033457,0.2736,0.27032162419999667,700.0,20.0,0.1947864414999981,0.23040000000000002,0.4251864414999981
67.439819485,1.0,0.0,720.0,0.9,720.0,0.0,-0.0032783758000033457,0.2736,0.27032162419999667,720.0,0.0,0.004786441499998091,0.23040000000000002,0.23518644149999812
67.46219732,1.0,0.0,720.0,0.9,720.0,0.0,-0.0032783758000033457,0.2736,0.27032162419999667,720.0,0.0,0.004786441499998091,0.23040000000000002,0.23518644149999812
67.477031197,1.0,0.0,720.0,0.9,720.0,0.0,-0.0032783758000033457,0.2736,0.27032162419999667,740.0,-20.0,-0.1864950545000005,0.23040000000000002,0.043904945499999515
67.5048002,1.0,0.0,720.0,0.9,720.0,0.0,-0.0032783758000033457,0.2736,0.27032162419999667,720.0,0.0,0.0035049454999995077,0.23040000000000002,0.23390494549999952
67.519160409,1.0,0.0,720.0,0.9,720.0,0.0,-0.0032783758000033457,0.2736,0.27032162419999667,740.0,-20.0,-0.18791885470000183,0.23040000000000002,0.04248114529999819
67.532097869,1.0,0.0,720.0,0.9,720.0,0.0,-0.0032783758000033457,0.2736,0.27032162419999667,720.0,0.0,0.002081145299998184,0.23040000000000002,0.2324811452999982
67.543510204,1.0,0.0,720.0,0.9,720.0,0.0,-0.0032783758000033457,0.2736,0.27032162419999667,720.0,0.0,0.002081145299998184,0.23040000000000002,0.2324811452999982
67.556861247,1.0,0.0,720.0,0.9,720.0,0.0,-0.0032783758000033457,0.2736,0.27032162419999667,720.0,0.0,0.002081145299998184,0.23040000000000002,0.2324811452999982
67.570290748,1.0,0.0,720.0,0.9,720.0,0.0,-0.0032783758000033457,0.2736,0.27032162419999667,720.0,0.0,0.002081145299998184,0.23040000000000002,0.2324811452999982
67.584101749,1.0,0.0,720.0,0.9,720.0,0.0,-0.0032783758000033457,0.2736,0.27032162419999667,720.0,0.0,0.002081145299998184,0.23040000000000002,0.2324811452999982
67.614471836,0.0,0.0,720.0,0.9,680.0,40.0,0.3823534163999972,0.2736,0.6559534163999972,720.0,0.0,0.002081145299998184,0.23040000000000002,0.2324811452999982
67.631278546,0.0,0.0,720.0,0.9,660.0,60.0,0.575,0.2736,0.8486,660.0,60.0,0.575,0.23040000000000002,0.8054
67.652375964,0.0,0.0,720.0,0.9,560.0,160.0,1.525,0.2736,1.0,600.0,120.0,1.1449999999999998,0.23040000000000002,1.0
67.666353508,0.0,0.0,720.0,0.9,560.0,160.0,1.525,0.2736,1.0,580.0,140.0,1.335,0.23040000000000002,1.0
67.682813426,0.0,0.0,720.0,0.9,560.0,160.0,1.525,0.2736,1.0,580.0,140.0,1.335,0.23040000000000002,1.0
67.693552594,0.0,0.0,720.0,0.9,580.0,140.0,1.335,0.2736,1.0,600.0,120.0,1.1449999999999998,0.23040000000000002,1.0
67.70704247,0.0,0.0,720.0,0.9,600.0,120.0,1.1449999999999998,0.2736,1.0,620.0,100.0,0.955,0.23040000000000002,1.0
67.71923268,0.0,0.0,720.0,0.9,640.0,80.0,0.765,0.2736,1.0,620.0,100.0,0.955,0.23040000000000002,1.0
67.733428973,0.0,0.0,720.0,0.9,660.0,60.0,0.575,0.2736,0.8486,660.0,60.0,0.575,0.23040000000000002,0.8054
67.750672891,0.0,0.0,720.0,0.9,680.0,40.0,0.385,0.2736,0.6586000000000001,680.0,40.0,0.385,0.23040000000000002,0.6154000000000001
67.767334643,1.0,0.0,720.0,0.9,700.0,20.0,0.195,0.2736,0.4686,700.0,20.0,0.195,0.23040000000000002,0.4254
67.778039685,1.0,0.0,720.0,0.9,700.0,20.0,0.195,0.2736,0.4686,700.0,20.0,0.195,0.23040000000000002,0.4254
67.79253727,1.0,0.0,720.0,0.9,720.0,0.0,0.005,0.2736,0.2786,720.0,0.0,0.005,0.23040000000000002,0.23540000000000003
67.803050688,1.0,0.0,720.0,0.9,720.0,0.0,0.005,0.2736,0.2786,720.0,0.0,0.005,0.23040000000000002,0.23540000000000003
67.818775023,1.0,0.0,720.0,0.9,740.0,-20.0,-0.18621811669999944,0.2736,0.08738188330000057,740.0,-20.0,-0.18621811680000122,0.23040000000000002,0.0441818831999988
67.843321692,1.0,0.0,720.0,0.9,740.0,-20.0,-0.18872437949999948,0.2736,0.08487562050000053,720.0,0.0,0.003781883199998788,0.23040000000000002,0.2341818831999988
67.861839027,0.0,0.0,720.0,0.9,760.0,-40.0,-0.3817941130999998,0.2736,-0.10819411309999977,740.0,-20.0,-0.18775304200000334,0.23040000000000002,0.04264695799999668
67.877131112,1.0,0.0,720.0,0.9,740.0,-20.0,-0.19363908000000038,0.2736,0.07996091999999963,740.0,-20.0,-0.18959797960000116,0.23040000000000002,0.04080202039999886
67.895823739,1.0,0.0,720.0,0.9,740.0,-20.0,-0.195,0.2736,0.0786,720.0,0.0,4.0202039999883256E-4,0.23040000000000002,0.23080202039999886
67.911986157,1.0,0.0,720.0,0.9,740.0,-20.0,-0.195,0.2736,0.0786,740.0,-20.0,-0.19134996310000132,0.23040000000000002,0.0390500368999987
67.926984534,1.0,0.0,720.0,0.9,740.0,-20.0,-0.195,0.2736,0.0786,740.0,-20.0,-0.19283451740000204,0.23040000000000002,0.03756548259999798
67.945123577,1.0,0.0,720.0,0.9,740.0,-20.0,-0.195,0.2736,0.0786,740.0,-20.0,-0.19466399680000052,0.23040000000000002,0.035736003199999505
67.963217412,1.0,0.0,720.0,0.9,720.0,0.0,-0.005,0.2736,0.2686,720.0,0.0,-0.004663996800000518,0.23040000000000002,0.2257360031999995
67.973623205,1.0,0.0,720.0,0.9,720.0,0.0,-0.005,0.2736,0.2686,720.0,0.0,-0.004663996800000518,0.23040000000000002,0.2257360031999995
67.994069624,0.0,0.0,720.0,0.9,660.0,60.0,0.5702133379000025,0.2736,0.8438133379000026,680.0,40.0,0.3788115619999991,0.23040000000000002,0.6092115619999992
68.009282375,0.0,0.0,720.0,0.9,620.0,100.0,0.955,0.2736,1.0,640.0,80.0,0.7648545456000017,0.23040000000000002,0.9952545456000017
68.034341795,0.0,0.0,720.0,0.9,580.0,140.0,1.335,0.2736,1.0,580.0,140.0,1.335,0.23040000000000002,1.0
68.046614837,0.0,0.0,720.0,0.9,600.0,120.0,1.1449999999999998,0.2736,1.0,580.0,140.0,1.335,0.23040000000000002,1.0
68.058504922,0.0,0.0,720.0,0.9,620.0,100.0,0.955,0.2736,1.0,580.0,140.0,1.335,0.23040000000000002,1.0
68.070927881,0.0,0.0,720.0,0.9,640.0,80.0,0.765,0.2736,1.0,620.0,100.0,0.955,0.23040000000000002,1.0
68.085096466,0.0,0.0,720.0,0.9,660.0,60.0,0.575,0.2736,0.8486,640.0,80.0,0.765,0.23040000000000002,0.9954000000000001
68.104415302,0.0,0.0,720.0,0.9,680.0,40.0,0.385,0.2736,0.6586000000000001,660.0,60.0,0.575,0.23040000000000002,0.8054
68.128271596,1.0,0.0,720.0,0.9,720.0,0.0,0.005,0.2736,0.2786,700.0,20.0,0.195,0.23040000000000002,0.4254
68.146020097,0.0,0.0,720.0,0.9,740.0,-20.0,-0.18715734189999922,0.2736,0.08644265810000079,700.0,20.0,0.195,0.23040000000000002,0.4254
68.182925559,0.0,0.0,720.0,0.9,760.0,-40.0,-0.3840524008999978,0.2736,-0.1104524008999978,720.0,0.0,0.005,0.23040000000000002,0.23540000000000003
68.202975895,1.0,0.0,720.0,0.9,740.0,-20.0,-0.195,0.2736,0.0786,740.0,-20.0,-0.18697992109999917,0.23040000000000002,0.04342007890000085
68.220744813,0.0,0.0,720.0,0.9,740.0,-20.0,-0.195,0.2736,0.0786,760.0,-40.0,-0.3808011047000008,0.23040000000000002,-0.15040110470000076
68.244088066,1.0,0.0,720.0,0.9,740.0,-20.0,-0.195,0.2736,0.0786,740.0,-20.0,-0.19318737580000003,0.23040000000000002,0.03721262419999999
68.259089359,1.0,0.0,720.0,0.9,740.0,-20.0,-0.195,0.2736,0.0786,720.0,0.0,-0.0031873758000000407,0.23040000000000002,0.2272126242
68.273374319,1.0,0.0,720.0,0.9,740.0,-20.0,-0.195,0.2736,0.0786,740.0,-20.0,-0.1948476593000015,0.23040000000000002,0.03555234069999852
68.288549445,1.0,0.0,720.0,0.9,720.0,0.0,-0.005,0.2736,0.2686,720.0,0.0,-0.0048476593000015104,0.23040000000000002,0.22555234069999852
68.303231947,1.0,0.0,720.0,0.9,720.0,0.0,-0.005,0.2736,0.2686,740.0,-20.0,-0.195,0.23040000000000002,0.035400000000000015
68.318676573,1.0,0.0,720.0,0.9,740.0,-20.0,-0.195,0.2736,0.0786,720.0,0.0,-0.005,0.23040000000000002,0.22540000000000002
68.333144408,1.0,0.0,720.0,0.9,720.0,0.0,-0.005,0.2736,0.2686,720.0,0.0,-0.005,0.23040000000000002,0.22540000000000002
68.345500867,1.0,0.0,720.0,0.9,740.0,-20.0,-0.195,0.2736,0.0786,720.0,0.0,-0.005,0.23040000000000002,0.22540000000000002
68.359878577,1.0,0.0,720.0,0.9,720.0,0.0,-0.005,0.2736,0.2686,720.0,0.0,-0.005,0.23040000000000002,0.22540000000000002
68.370599078,1.0,0.0,720.0,0.9,720.0,0.0,-0.005,0.2736,0.2686,720.0,0.0,-0.005,0.23040000000000002,0.22540000000000002
68.387339872,1.0,0.0,720.0,0.9,720.0,0.0,-0.005,0.2736,0.2686,740.0,-20.0,-0.195,0.23040000000000002,0.035400000000000015
68.410522124,1.0,0.0,720.0,0.9,720.0,0.0,-0.005,0.2736,0.2686,720.0,0.0,-0.005,0.23040000000000002,0.22540000000000002
68.427760792,0.0,0.0,720.0,0.9,700.0,20.0,0.18661134190000211,0.2736,0.4602113419000021,680.0,40.0,0.37822274200000267,0.23040000000000002,0.6086227420000027
68.444302961,0.0,0.0,720.0,0.9,640.0,80.0,0.7633150090999993,0.2736,1.0,640.0,80.0,0.7649262924000072,0.23040000000000002,0.9953262924000073
68.460862629,0.0,0.0,720.0,0.9,580.0,140.0,1.335,0.2736,1.0,580.0,140.0,1.335,0.23040000000000002,1.0
68.472533672,0.0,0.0,720.0,0.9,580.0,140.0,1.335,0.2736,1.0,580.0,140.0,1.335,0.23040000000000002,1.0
68.485479298,0.0,0.0,720.0,0.9,600.0,120.0,1.1449999999999998,0.2736,1.0,580.0,140.0,1.335,0.23040000000000002,1.0
68.496379174,0.0,0.0,720.0,0.9,600.0,120.0,1.1449999999999998,0.2736,1.0,580.0,140.0,1.335,0.23040000000000002,1.0
68.510645759,0.0,0.0,720.0,0.9,640.0,80.0,0.765,0.2736,1.0,620.0,100.0,0.955,0.23040000000000002,1.0
68.522208885,0.0,0.0,720.0,0.9,660.0,60.0,0.575,0.2736,0.8486,620.0,100.0,0.955,0.23040000000000002,1.0
68.538858387,0.0,0.0,720.0,0.9,660.0,60.0,0.575,0.2736,0.8486,640.0,80.0,0.765,0.23040000000000002,0.9954000000000001
68.552515097,0.0,0.0,720.0,0.9,700.0,20.0,0.195,0.2736,0.4686,680.0,40.0,0.385,0.23040000000000002,0.6154000000000001
68.574865224,1.0,0.0,720.0,0.9,720.0,0.0,0.005,0.2736,0.2786,700.0,20.0,0.195,0.23040000000000002,0.4254
68.593518476,1.0,0.0,720.0,0.9,740.0,-20.0,-0.186925437700001,0.2736,0.08667456229999901,720.0,0.0,0.005,0.23040000000000002,0.23540000000000003
68.607985727,1.0,0.0,720.0,0.9,740.0,-20.0,-0.18862145040000144,0.2736,0.08497854959999857,720.0,0.0,0.005,0.23040000000000002,0.23540000000000003
68.628334146,1.0,0.0,720.0,0.9,740.0,-20.0,-0.19049202560000025,0.2736,0.08310797439999976,720.0,0.0,0.005,0.23040000000000002,0.23540000000000003
68.640958355,1.0,0.0,720.0,0.9,740.0,-20.0,-0.19190060070000128,0.2736,0.08169939929999873,720.0,0.0,0.005,0.23040000000000002,0.23540000000000003
68.660586649,0.0,0.0,720.0,0.9,760.0,-40.0,-0.385,0.2736,-0.1114,740.0,-20.0,-0.18674282509999843,0.23040000000000002,0.043657174900001594
68.692561486,1.0,0.0,720.0,0.9,740.0,-20.0,-0.195,0.2736,0.0786,740.0,-20.0,-0.18996025879999992,0.23040000000000002,0.0404397412000001
68.709109196,1.0,0.0,720.0,0.9,720.0,0.0,-0.005,0.2736,0.2686,720.0,0.0,3.9741200000094066E-5,0.23040000000000002,0.2304397412000001
68.725075322,1.0,0.0,720.0,0.9,740.0,-20.0,-0.195,0.2736,0.0786,740.0,-20.0,-0.19155850480000028,0.23040000000000002,0.03884149519999974
68.74007399,1.0,0.0,720.0,0.9,720.0,0.0,-0.005,0.2736,0.2686,720.0,0.0,-0.0015585048000002644,0.23040000000000002,0.22884149519999974
68.755437242,1.0,0.0,720.0,0.9,720.0,0.0,-0.005,0.2736,0.2686,740.0,-20.0,-0.19327968830000145,0.23040000000000002,0.037120311699998576
68.786995287,1.0,0.0,720.0,0.9,720.0,0.0,-0.005,0.2736,0.2686,740.0,-20.0,-0.195,0.23040000000000002,0.035400000000000015
68.809919122,1.0,0.0,720.0,0.9,720.0,0.0,-0.005,0.2736,0.2686,740.0,-20.0,-0.195,0.23040000000000002,0.035400000000000015
68.827350874,1.0,0.0,720.0,0.9,720.0,0.0,-0.005,0.2736,0.2686,720.0,0.0,-0.005,0.23040000000000002,0.22540000000000002
68.848952001,0.0,0.0,720.0,0.9,700.0,20.0,0.187006695999998,0.2736,0.46060669599999804,740.0,-20.0,-0.195,0.23040000000000002,0.035400000000000015
68.878002879,1.0,0.0,720.0,0.9,720.0,0.0,-0.0029933040000020127,0.2736,0.270606695999998,720.0,0.0,-0.005,0.23040000000000002,0.22540000000000002
68.896616756,1.0,0.0,720.0,0.9,720.0,0.0,-0.0029933040000020127,0.2736,0.270606695999998,720.0,0.0,-0.005,0.23040000000000002,0.22540000000000002
68.910933216,1.0,0.0,720.0,0.9,720.0,0.0,-0.0029933040000020127,0.2736,0.270606695999998,720.0,0.0,-0.005,0.23040000000000002,0.22540000000000002
68.942400261,1.0,0.0,720.0,0.9,720.0,0.0,-0.0029933040000020127,0.2736,0.270606695999998,740.0,-20.0,-0.195,0.23040000000000002,0.035400000000000015
68.963803055,1.0,0.0,720.0,0.9,720.0,0.0,-0.0029933040000020127,0.2736,0.270606695999998,720.0,0.0,-0.005,0.23040000000000002,0.22540000000000002
68.976072306,1.0,0.0,720.0,0.9,720.0,0.0,-0.0029933040000020127,0.2736,0.270606695999998,720.0,0.0,-0.005,0.23040000000000002,0.22540000000000002
68.989987724,1.0,0.0,720.0,0.9,720.0,0.0,-0.0029933040000020127,0.2736,0.270606695999998,720.0,0.0,-0.005,0.23040000000000002,0.22540000000000002
69.017013852,1.0,0.0,720.0,0.9,720.0,0.0,-0.0029933040000020127,0.2736,0.270606695999998,720.0,0.0,-0.005,0.23040000000000002,0.22540000000000002
69.028391769,1.0,0.0,720.0,0.9,720.0,0.0,-0.0029933040000020127,0.2736,0.270606695999998,720.0,0.0,-0.005,0.23040000000000002,0.22540000000000002
69.04670348,1.0,0.0,720.0,0.9,720.0,0.0,-0.0029933040000020127,0.2736,0.270606695999998,720.0,0.0,-0.005,0.23040000000000002,0.22540000000000002
69.058089564,1.0,0.0,720.0,0.9,720.0,0.0,-0.0029933040000020127,0.2736,0.270606695999998,720.0,0.0,-0.005,0.23040000000000002,0.22540000000000002
69.075531524,1.0,0.0,720.0,0.9,720.0,0.0,-0.0029933040000020127,0.2736,0.270606695999998,720.0,0.0,-0.005,0.23040000000000002,0.22540000000000002
69.092568359,1.0,0.0,720.0,0.9,720.0,0.0,-0.0029933040000020127,0.2736,0.270606695999998,700.0,20.0,0.18662052940000023,0.23040000000000002,0.41702052940000023
69.109950819,1.0,0.0,720.0,0.9,720.0,0.0,-0.0029933040000020127,0.2736,0.270606695999998,720.0,0.0,-0.0033794705999997633,0.23040000000000002,0.22702052940000025
69.129815363,1.0,0.0,720.0,0.9,700.0,20.0,0.18896946709999782,0.2736,0.4625694670999978,720.0,0.0,-0.0033794705999997633,0.23040000000000002,0.22702052940000025
69.142124573,1.0,0.0,720.0,0.9,700.0,20.0,0.19027006719999862,0.2736,0.4638700671999986,720.0,0.0,-0.0033794705999997633,0.23040000000000002,0.22702052940000025
69.156796282,1.0,0.0,720.0,0.9,720.0,0.0,2.7006719999860706E-4,0.2736,0.2738700671999986,700.0,20.0,0.1879558379000008,0.23040000000000002,0.41835583790000086
69.17154995,1.0,0.0,720.0,0.9,720.0,0.0,2.7006719999860706E-4,0.2736,0.2738700671999986,720.0,0.0,-0.002044162099999198,0.23040000000000002,0.22835583790000083
69.190493702,1.0,0.0,720.0,0.9,720.0,0.0,2.7006719999860706E-4,0.2736,0.2738700671999986,720.0,0.0,-0.002044162099999198,0.23040000000000002,0.22835583790000083
69.202890412,1.0,0.0,720.0,0.9,700.0,20.0,0.19139724229999672,0.2736,0.4649972422999967,720.0,0.0,-0.002044162099999198,0.23040000000000002,0.22835583790000083
69.21892333,1.0,0.0,720.0,0.9,720.0,0.0,0.0013972422999967195,0.2736,0.2749972422999967,700.0,20.0,0.1893242214000003,0.23040000000000002,0.4197242214000003
69.232433915,1.0,0.0,720.0,0.9,720.0,0.0,0.0013972422999967195,0.2736,0.2749972422999967,720.0,0.0,-6.757785999997168E-4,0.23040000000000002,0.22972422140000032
69.244568124,1.0,0.0,720.0,0.9,720.0,0.0,0.0013972422999967195,0.2736,0.2749972422999967,720.0,0.0,-6.757785999997168E-4,0.23040000000000002,0.22972422140000032
69.259860793,1.0,0.0,720.0,0.9,700.0,20.0,0.19276690909999616,0.2736,0.4663669090999962,720.0,0.0,-6.757785999997168E-4,0.23040000000000002,0.22972422140000032
69.278675336,1.0,0.0,720.0,0.9,720.0,0.0,0.0027669090999961556,0.2736,0.27636690909999617,700.0,20.0,0.19103758830000062,0.23040000000000002,0.42143758830000067
69.294748505,1.0,0.0,720.0,0.9,720.0,0.0,0.0027669090999961556,0.2736,0.27636690909999617,720.0,0.0,0.001037588300000607,0.23040000000000002,0.23143758830000064
69.306356839,1.0,0.0,720.0,0.9,720.0,0.0,0.0027669090999961556,0.2736,0.27636690909999617,720.0,0.0,0.001037588300000607,0.23040000000000002,0.23143758830000064
69.323528424,1.0,0.0,720.0,0.9,720.0,0.0,0.0027669090999961556,0.2736,0.27636690909999617,720.0,0.0,0.001037588300000607,0.23040000000000002,0.23143758830000064
69.338445426,1.0,0.0,720.0,0.9,720.0,0.0,0.0027669090999961556,0.2736,0.27636690909999617,700.0,20.0,0.19231599259999882,0.23040000000000002,0.4227159925999988
69.363900053,1.0,0.0,720.0,0.9,720.0,0.0,0.0027669090999961556,0.2736,0.27636690909999617,720.0,0.0,0.0023159925999988217,0.23040000000000002,0.23271599259999884
69.383928513,1.0,0.0,720.0,0.9,720.0,0.0,0.0027669090999961556,0.2736,0.27636690909999617,720.0,0.0,0.0023159925999988217,0.23040000000000002,0.23271599259999884
69.399456557,1.0,0.0,720.0,0.9,720.0,0.0,0.0027669090999961556,0.2736,0.27636690909999617,720.0,0.0,0.0023159925999988217,0.23040000000000002,0.23271599259999884
69.418525434,1.0,0.0,720.0,0.9,720.0,0.0,0.0027669090999961556,0.2736,0.27636690909999617,720.0,0.0,0.0023159925999988217,0.23040000000000002,0.23271599259999884
69.450474895,1.0,0.0,720.0,0.9,720.0,0.0,0.0027669090999961556,0.2736,0.27636690909999617,700.0,20.0,0.195,0.23040000000000002,0.4254
69.465094105,1.0,0.0,720.0,0.9,720.0,0.0,0.0027669090999961556,0.2736,0.27636690909999617,720.0,0.0,0.005,0.23040000000000002,0.23540000000000003
69.481773357,1.0,0.0,720.0,0.9,700.0,20.0,0.19452924679999684,0.2736,0.46812924679999685,720.0,0.0,0.005,0.23040000000000002,0.23540000000000003
69.493638649,1.0,0.0,720.0,0.9,700.0,20.0,0.195,0.2736,0.4686,720.0,0.0,0.005,0.23040000000000002,0.23540000000000003
69.510515651,1.0,0.0,720.0,0.9,720.0,0.0,0.005,0.2736,0.2786,720.0,0.0,0.005,0.23040000000000002,0.23540000000000003
69.52040811,1.0,0.0,720.0,0.9,720.0,0.0,0.005,0.2736,0.2786,720.0,0.0,0.005,0.23040000000000002,0.23540000000000003
69.531689778,1.0,0.0,720.0,0.9,720.0,0.0,0.005,0.2736,0.2786,720.0,0.0,0.005,0.23040000000000002,0.23540000000000003
69.55100453,1.0,0.0,720.0,0.9,720.0,0.0,0.005,0.2736,0.2786,720.0,0.0,0.005,0.23040000000000002,0.23540000000000003
69.565204323,1.0,0.0,720.0,0.9,720.0,0.0,0.005,0.2736,0.2786,700.0,20.0,0.195,0.23040000000000002,0.4254
69.576786116,1.0,0.0,720.0,0.9,720.0,0.0,0.005,0.2736,0.2786,700.0,20.0,0.195,0.23040000000000002,0.4254
69.593824118,1.0,0.0,720.0,0.9,720.0,0.0,0.005,0.2736,0.2786,720.0,0.0,0.005,0.23040000000000002,0.23540000000000003
69.606695369,1.0,0.0,720.0,0.9,720.0,0.0,0.005,0.2736,0.2786,720.0,0.0,0.005,0.23040000000000002,0.23540000000000003
69.617599912,1.0,0.0,720.0,0.9,720.0,0.0,0.005,0.2736,0.2786,720.0,0.0,0.005,0.23040000000000002,0.23540000000000003
69.629708163,1.0,0.0,720.0,0.9,720.0,0.0,0.005,0.2736,0.2786,720.0,0.0,0.005,0.23040000000000002,0.23540000000000003
69.643331039,1.0,0.0,720.0,0.9,720.0,0.0,0.005,0.2736,0.2786,720.0,0.0,0.005,0.23040000000000002,0.23540000000000003
69.658427124,1.0,0.0,720.0,0.9,700.0,20.0,0.195,0.2736,0.4686,720.0,0.0,0.005,0.23040000000000002,0.23540000000000003
69.673612751,1.0,0.0,720.0,0.9,720.0,0.0,0.005,0.2736,0.2786,720.0,0.0,0.005,0.23040000000000002,0.23540000000000003
69.689813086,1.0,0.0,720.0,0.9,720.0,0.0,0.005,0.2736,0.2786,700.0,20.0,0.195,0.23040000000000002,0.4254
69.72913209,0.0,0.0,800.0,0.5,700.0,100.0,0.955,0.304,1.0,720.0,80.0,0.765,0.256,1.0
69.746155508,0.0,0.0,800.0,0.5,720.0,80.0,0.765,0.304,1.0,740.0,60.0,0.575,0.256,0.831
69.76259151,0.0,0.0,800.0,0.5,740.0,60.0,0.575,0.304,0.879,740.0,60.0,0.575,0.256,0.831
69.773900886,0.0,0.0,800.0,0.5,740.0,60.0,0.575,0.304,0.879,740.0,60.0,0.575,0.256,0.831
69.786032179,0.0,0.0,800.0,0.5,740.0,60.0,0.575,0.304,0.879,740.0,60.0,0.575,0.256,0.831
69.814283015,0.0,0.0,800.0,0.5,780.0,20.0,0.195,0.304,0.499,760.0,40.0,0.385,0.256,0.641
69.832714017,1.0,0.0,800.0,0.5,800.0,0.0,0.005,0.304,0.309,780.0,20.0,0.195,0.256,0.451
69.857031144,1.0,0.0,800.0,0.5,820.0,-20.0,-0.18742097940000008,0.304,0.11657902059999992,820.0,-20.0,-0.18742100860000108,0.256,0.06857899139999893
69.874445396,1.0,0.0,800.0,0.5,820.0,-20.0,-0.1891783587999987,0.304,0.1148216412000013,800.0,0.0,0.002578991399998927,0.256,0.25857899139999896
69.890237981,1.0,0.0,800.0,0.5,820.0,-20.0,-0.19076388810000025,0.304,0.11323611189999974,820.0,-20.0,-0.1890065378999998,0.256,0.0669934621000002
69.904972399,1.0,0.0,800.0,0.5,820.0,-20.0,-0.19223199239999986,0.304,0.11176800760000014,800.0,0.0,9.934621000002152E-4,0.256,0.25699346210000024
69.931094943,1.0,0.0,800.0,0.5,820.0,-20.0,-0.195,0.304,0.10899999999999999,800.0,0.0,9.934621000002152E-4,0.256,0.25699346210000024
69.956123446,1.0,0.0,800.0,0.5,820.0,-20.0,-0.195,0.304,0.10899999999999999,820.0,-20.0,-0.1911805339000017,0.256,0.06481946609999831
69.977023406,1.0,0.0,800.0,0.5,820.0,-20.0,-0.195,0.304,0.10899999999999999,820.0,-20.0,-0.1935001300000016,0.256,0.0624998699999984
69.995781658,1.0,0.0,800.0,0.5,800.0,0.0,-0.005,0.304,0.299,820.0,-20.0,-0.195,0.256,0.061
70.023197161,1.0,0.0,800.0,0.5,820.0,-20.0,-0.195,0.304,0.10899999999999999,800.0,0.0,-0.005,0.256,0.251
70.037376537,1.0,0.0,800.0,0.5,820.0,-20.0,-0.195,0.304,0.10899999999999999,800.0,0.0,-0.005,0.256,0.251
70.054372247,1.0,0.0,800.0,0.5,820.0,-20.0,-0.195,0.304,0.10899999999999999,820.0,-20.0,-0.195,0.256,0.061
70.068761041,1.0,0.0,800.0,0.5,800.0,0.0,-0.005,0.304,0.299,820.0,-20.0,-0.195,0.256,0.061
70.084945626,1.0,0.0,800.0,0.5,800.0,0.0,-0.005,0.304,0.299,820.0,-20.0,-0.195,0.256,0.061
70.097522877,1.0,0.0,800.0,0.5,800.0,0.0,-0.005,0.304,0.299,820.0,-20.0,-0.195,0.256,0.061
70.116255462,1.0,0.0,800.0,0.5,800.0,0.0,-0.005,0.304,0.299,800.0,0.0,-0.005,0.256,0.251
70.139050381,1.0,0.0,800.0,0.5,800.0,0.0,-0.005,0.304,0.299,800.0,0.0,-0.005,0.256,0.251
70.149979715,1.0,0.0,800.0,0.5,800.0,0.0,-0.005,0.304,0.299,800.0,0.0,-0.005,0.256,0.251
70.169009801,1.0,0.0,800.0,0.5,800.0,0.0,-0.005,0.304,0.299,800.0,0.0,-0.005,0.256,0.251
70.182887594,1.0,0.0,800.0,0.5,800.0,0.0,-0.005,0.304,0.299,800.0,0.0,-0.005,0.256,0.251
70.202221887,1.0,0.0,800.0,0.5,800.0,0.0,-0.005,0.304,0.299,800.0,0.0,-0.005,0.256,0.251
70.215481347,1.0,0.0,800.0,0.5,800.0,0.0,-0.005,0.304,0.299,800.0,0.0,-0.005,0.256,0.251
70.226802098,1.0,0.0,800.0,0.5,800.0,0.0,-0.005,0.304,0.299,800.0,0.0,-0.005,0.256,0.251
70.244489933,1.0,0.0,800.0,0.5,800.0,0.0,-0.005,0.304,0.299,800.0,0.0,-0.005,0.256,0.251
70.256962185,1.0,0.0,800.0,0.5,800.0,0.0,-0.005,0.304,0.299,800.0,0.0,-0.005,0.256,0.251
70.269128186,1.0,0.0,800.0,0.5,800.0,0.0,-0.005,0.304,0.299,800.0,0.0,-0.005,0.256,0.251
70.286556437,1.0,0.0,800.0,0.5,800.0,0.0,-0.005,0.304,0.299,800.0,0.0,-0.005,0.256,0.251
70.304374064,1.0,0.0,800.0,0.5,800.0,0.0,-0.005,0.304,0.299,800.0,0.0,-0.005,0.256,0.251
70.334375484,1.0,0.0,800.0,0.5,780.0,20.0,0.18755931690000183,0.304,0.4915593169000018,800.0,0.0,-0.005,0.256,0.251
70.349952527,1.0,0.0,800.0,0.5,780.0,20.0,0.1893835463000022,0.304,0.4933835463000022,800.0,0.0,-0.005,0.256,0.251
70.370044571,1.0,0.0,800.0,0.5,780.0,20.0,0.19143915480000032,0.304,0.49543915480000034,800.0,0.0,-0.005,0.256,0.251
70.381948364,1.0,0.0,800.0,0.5,800.0,0.0,0.001439154800000324,0.304,0.30543915480000033,800.0,0.0,-0.005,0.256,0.251
70.394546907,1.0,0.0,800.0,0.5,800.0,0.0,0.001439154800000324,0.304,0.30543915480000033,800.0,0.0,-0.005,0.256,0.251
70.412192158,1.0,0.0,800.0,0.5,800.0,0.0,0.001439154800000324,0.304,0.30543915480000033,800.0,0.0,-0.005,0.256,0.251
70.432616119,1.0,0.0,800.0,0.5,800.0,0.0,0.001439154800000324,0.304,0.30543915480000033,780.0,20.0,0.1868480877000002,0.256,0.44284808770000017
70.450614579,1.0,0.0,800.0,0.5,800.0,0.0,0.001439154800000324,0.304,0.30543915480000033,780.0,20.0,0.18859079620000102,0.256,0.444590796200001
70.473032081,1.0,0.0,800.0,0.5,820.0,-20.0,-0.1905384620000018,0.304,0.1134615379999982,800.0,0.0,-0.0014092037999989772,0.256,0.254590796200001
70.496705209,1.0,0.0,800.0,0.5,820.0,-20.0,-0.1930921206000005,0.304,0.11090787939999949,820.0,-20.0,-0.19396294989999888,0.256,0.06203705010000113
70.521395961,1.0,0.0,800.0,0.5,800.0,0.0,-0.003092120600000499,0.304,0.30090787939999947,800.0,0.0,-0.003962949899998875,0.256,0.2520370501000011
70.532279212,1.0,0.0,800.0,0.5,800.0,0.0,-0.003092120600000499,0.304,0.30090787939999947,800.0,0.0,-0.003962949899998875,0.256,0.2520370501000011
70.544065463,1.0,0.0,800.0,0.5,800.0,0.0,-0.003092120600000499,0.304,0.30090787939999947,800.0,0.0,-0.003962949899998875,0.256,0.2520370501000011
70.561549423,1.0,0.0,800.0,0.5,780.0,20.0,0.1885187546000003,0.304,0.4925187546000003,800.0,0.0,-0.003962949899998875,0.256,0.2520370501000011
70.574192008,1.0,0.0,800.0,0.5,780.0,20.0,0.18980124219999994,0.304,0.49380124219999993,800.0,0.0,-0.003962949899998875,0.256,0.2520370501000011
70.588824635,1.0,0.0,800.0,0.5,780.0,20.0,0.1910645674,0.304,0.4950645674,800.0,0.0,-0.003962949899998875,0.256,0.2520370501000011
70.605533345,1.0,0.0,800.0,0.5,800.0,0.0,0.0010645673999999871,0.304,0.3050645674,800.0,0.0,-0.003962949899998875,0.256,0.2520370501000011
70.618854054,1.0,0.0,800.0,0.5,820.0,-20.0,-0.19032857860000094,0.304,0.11367142139999906,800.0,0.0,-0.003962949899998875,0.256,0.2520370501000011
70.635835473,1.0,0.0,800.0,0.5,820.0,-20.0,-0.192054282900001,0.304,0.11194571709999898,800.0,0.0,-0.003962949899998875,0.256,0.2520370501000011
70.653056933,1.0,0.0,800.0,0.5,800.0,0.0,-0.002054282900000999,0.304,0.301945717099999,800.0,0.0,-0.003962949899998875,0.256,0.2520370501000011
70.665647309,1.0,0.0,800.0,0.5,800.0,0.0,-0.002054282900000999,0.304,0.301945717099999,800.0,0.0,-0.003962949899998875,0.256,0.2520370501000011
70.682691727,1.0,0.0,800.0,0.5,800.0,0.0,-0.002054282900000999,0.304,0.301945717099999,800.0,0.0,-0.003962949899998875,0.256,0.2520370501000011
70.700463854,1.0,0.0,800.0,0.5,800.0,0.0,-0.002054282900000999,0.304,0.301945717099999,800.0,0.0,-0.003962949899998875,0.256,0.2520370501000011
70.714208355,1.0,0.0,800.0,0.5,820.0,-20.0,-0.19331562470000108,0.304,0.11068437529999892,800.0,0.0,-0.003962949899998875,0.256,0.2520370501000011
70.737518649,1.0,0.0,800.0,0.5,820.0,-20.0,-0.195,0.304,0.10899999999999999,800.0,0.0,-0.003962949899998875,0.256,0.2520370501000011
70.757854526,0.0,0.0,800.0,0.5,820.0,-20.0,-0.195,0.304,0.10899999999999999,780.0,20.0,0.1881118503000016,0.256,0.4441118503000016
70.778652404,1.0,0.0,800.0,0.5,820.0,-20.0,-0.195,0.304,0.10899999999999999,800.0,0.0,-0.0018881496999983939,0.256,0.2541118503000016
70.790723905,1.0,0.0,800.0,0.5,820.0,-20.0,-0.195,0.304,0.10899999999999999,800.0,0.0,-0.0018881496999983939,0.256,0.2541118503000016
70.809101823,1.0,0.0,800.0,0.5,800.0,0.0,-0.005,0.304,0.299,800.0,0.0,-0.0018881496999983939,0.256,0.2541118503000016
70.822055033,1.0,0.0,800.0,0.5,800.0,0.0,-0.005,0.304,0.299,780.0,20.0,0.18940819210000143,0.256,0.44540819210000143
70.844299869,1.0,0.0,800.0,0.5,800.0,0.0,-0.005,0.304,0.299,800.0,0.0,-5.91807899998571E-4,0.256,0.25540819210000143
70.863338704,1.0,0.0,800.0,0.5,780.0,20.0,0.18700322530000107,0.304,0.49100322530000107,800.0,0.0,-5.91807899998571E-4,0.256,0.25540819210000143
70.884661581,1.0,0.0,800.0,0.5,800.0,0.0,-0.002996774699998923,0.304,0.30100322530000106,780.0,20.0,0.19152965890000131,0.256,0.4475296589000013
70.907845292,1.0,0.0,800.0,0.5,800.0,0.0,-0.002996774699998923,0.304,0.30100322530000106,820.0,-20.0,-0.19087714550000043,0.256,0.06512285449999958
70.925609543,1.0,0.0,800.0,0.5,820.0,-20.0,-0.194669016499999,0.304,0.109330983500001,800.0,0.0,-8.77145500000438E-4,0.256,0.25512285449999955
70.941345837,1.0,0.0,800.0,0.5,820.0,-20.0,-0.195,0.304,0.10899999999999999,800.0,0.0,-8.77145500000438E-4,0.256,0.25512285449999955
70.955523463,1.0,0.0,800.0,0.5,800.0,0.0,-0.005,0.304,0.299,780.0,20.0,0.19039335459999962,0.256,0.4463933545999996
70.982658674,1.0,0.0,800.0,0.5,800.0,0.0,-0.005,0.304,0.299,820.0,-20.0,-0.1922512748000014,0.256,0.06374872519999861
70.995961009,1.0,0.0,800.0,0.5,800.0,0.0,-0.005,0.304,0.299,820.0,-20.0,-0.19377403750000155,0.256,0.062225962499998455
71.020137261,1.0,0.0,800.0,0.5,820.0,-20.0,-0.195,0.304,0.10899999999999999,800.0,0.0,-0.003774037500001555,0.256,0.25222596249999846
71.033538471,1.0,0.0,800.0,0.5,780.0,20.0,0.18653101680000134,0.304,0.49053101680000133,800.0,0.0,-0.003774037500001555,0.256,0.25222596249999846
71.050620223,1.0,0.0,800.0,0.5,800.0,0.0,-0.003468983199998661,0.304,0.3005310168000013,800.0,0.0,-0.003774037500001555,0.256,0.25222596249999846
71.064505307,1.0,0.0,800.0,0.5,780.0,20.0,0.18790208370000186,0.304,0.4919020837000019,800.0,0.0,-0.003774037500001555,0.256,0.25222596249999846
71.088965935,1.0,0.0,800.0,0.5,820.0,-20.0,-0.19436787059999688,0.304,0.10963212940000311,820.0,-20.0,-0.195,0.256,0.061
71.10798552,1.0,0.0,800.0,0.5,800.0,0.0,-0.004367870599996877,0.304,0.2996321294000031,800.0,0.0,-0.005,0.256,0.251
71.123734355,1.0,0.0,800.0,0.5,800.0,0.0,-0.004367870599996877,0.304,0.2996321294000031,780.0,20.0,0.18687503770000036,0.256,0.44287503770000036
71.13779969,1.0,0.0,800.0,0.5,800.0,0.0,-0.004367870599996877,0.304,0.2996321294000031,800.0,0.0,-0.003124962299999652,0.256,0.25287503770000036
71.148678857,1.0,0.0,800.0,0.5,800.0,0.0,-0.004367870599996877,0.304,0.2996321294000031,800.0,0.0,-0.003124962299999652,0.256,0.25287503770000036
71.166817609,1.0,0.0,800.0,0.5,800.0,0.0,-0.004367870599996877,0.304,0.2996321294000031,820.0,-20.0,-0.19471442920000015,0.256,0.061285570799999856
71.180119944,1.0,0.0,800.0,0.5,800.0,0.0,-0.004367870599996877,0.304,0.2996321294000031,820.0,-20.0,-0.195,0.256,0.061
71.198924279,0.0,0.0,800.0,0.5,840.0,-40.0,-0.385,0.304,-0.08100000000000002,780.0,20.0,0.18671281260000172,0.256,0.4427128126000017
71.227451615,1.0,0.0,800.0,0.5,800.0,0.0,-0.005,0.304,0.299,800.0,0.0,-0.0032871873999982884,0.256,0.2527128126000017
71.249898576,1.0,0.0,800.0,0.5,780.0,20.0,0.18743842110000117,0.304,0.49143842110000113,800.0,0.0,-0.0032871873999982884,0.256,0.2527128126000017
71.264798661,1.0,0.0,800.0,0.5,800.0,0.0,-0.0025615788999988356,0.304,0.30143842110000113,800.0,0.0,-0.0032871873999982884,0.256,0.2527128126000017
71.286248996,1.0,0.0,800.0,0.5,800.0,0.0,-0.0025615788999988356,0.304,0.30143842110000113,800.0,0.0,-0.0032871873999982884,0.256,0.2527128126000017
71.303501373,1.0,0.0,800.0,0.5,800.0,0.0,-0.0025615788999988356,0.304,0.30143842110000113,800.0,0.0,-0.0032871873999982884,0.256,0.2527128126000017
71.315394958,1.0,0.0,800.0,0.5,800.0,0.0,-0.0025615788999988356,0.304,0.30143842110000113,800.0,0.0,-0.0032871873999982884,0.256,0.2527128126000017
71.332178918,1.0,0.0,800.0,0.5,780.0,20.0,0.18900951290000081,0.304,0.49300951290000083,800.0,0.0,-0.0032871873999982884,0.256,0.2527128126000017
71.357836837,1.0,0.0,800.0,0.5,780.0,20.0,0.19132088400000158,0.304,0.49532088400000157,800.0,0.0,-0.0032871873999982884,0.256,0.2527128126000017
71.380504881,1.0,0.0,800.0,0.5,780.0,20.0,0.19358867999999974,0.304,0.49758867999999973,800.0,0.0,-0.0032871873999982884,0.256,0.2527128126000017
71.394788382,1.0,0.0,800.0,0.5,800.0,0.0,0.0035886799999997267,0.304,0.3075886799999997,800.0,0.0,-0.0032871873999982884,0.256,0.2527128126000017
71.413161051,1.0,0.0,800.0,0.5,800.0,0.0,0.0035886799999997267,0.304,0.3075886799999997,800.0,0.0,-0.0032871873999982884,0.256,0.2527128126000017
71.427534969,1.0,0.0,800.0,0.5,820.0,-20.0,-0.1876758117999981,0.304,0.1163241882000019,800.0,0.0,-0.0032871873999982884,0.256,0.2527128126000017
71.450029179,1.0,0.0,800.0,0.5,800.0,0.0,0.002324188200001913,0.304,0.3063241882000019,780.0,20.0,0.18881634200000177,0.256,0.44481634200000175
71.46768989,1.0,0.0,800.0,0.5,800.0,0.0,0.002324188200001913,0.304,0.3063241882000019,800.0,0.0,-0.0011836579999982178,0.256,0.2548163420000018
71.495963184,1.0,0.0,800.0,0.5,800.0,0.0,0.002324188200001913,0.304,0.3063241882000019,800.0,0.0,-0.0011836579999982178,0.256,0.2548163420000018
71.509476102,1.0,0.0,800.0,0.5,820.0,-20.0,-0.18892213279999737,0.304,0.11507786720000263,800.0,0.0,-0.0011836579999982178,0.256,0.2548163420000018
71.530926146,1.0,0.0,800.0,0.5,820.0,-20.0,-0.19104167459999644,0.304,0.11295832540000356,800.0,0.0,-0.0011836579999982178,0.256,0.2548163420000018
71.551485731,0.0,0.0,800.0,0.5,820.0,-20.0,-0.19271552059999636,0.304,0.11128447940000363,780.0,20.0,0.1904901880000017,0.256,0.44649018800000173
71.576086359,1.0,0.0,800.0,0.5,800.0,0.0,-0.002715520599996353,0.304,0.30128447940000364,780.0,20.0,0.19314242990000197,0.256,0.44914242990000197
71.589956277,1.0,0.0,800.0,0.5,800.0,0.0,-0.002715520599996353,0.304,0.30128447940000364,780.0,20.0,0.19457833420000042,0.256,0.45057833420000043
71.612536821,1.0,0.0,800.0,0.5,800.0,0.0,-0.002715520599996353,0.304,0.30128447940000364,800.0,0.0,0.004578334200000427,0.256,0.2605783342000004
71.623951197,1.0,0.0,800.0,0.5,800.0,0.0,-0.002715520599996353,0.304,0.30128447940000364,800.0,0.0,0.004578334200000427,0.256,0.2605783342000004
71.63569224,1.0,0.0,800.0,0.5,800.0,0.0,-0.002715520599996353,0.304,0.30128447940000364,800.0,0.0,0.004578334200000427,0.256,0.2605783342000004
71.6574987,1.0,0.0,800.0,0.5,800.0,0.0,-0.002715520599996353,0.304,0.30128447940000364,780.0,20.0,0.195,0.256,0.451
71.672434952,1.0,0.0,800.0,0.5,800.0,0.0,-0.002715520599996353,0.304,0.30128447940000364,800.0,0.0,0.005,0.256,0.261
71.697266871,1.0,0.0,800.0,0.5,800.0,0.0,-0.002715520599996353,0.304,0.30128447940000364,800.0,0.0,0.005,0.256,0.261
71.709979747,1.0,0.0,800.0,0.5,800.0,0.0,-0.002715520599996353,0.304,0.30128447940000364,800.0,0.0,0.005,0.256,0.261
71.728353291,1.0,0.0,800.0,0.5,800.0,0.0,-0.002715520599996353,0.304,0.30128447940000364,780.0,20.0,0.195,0.256,0.451
71.745335876,1.0,0.0,800.0,0.5,780.0,20.0,0.18862489210000377,0.304,0.49262489210000376,800.0,0.0,0.005,0.256,0.261
71.763606169,1.0,0.0,800.0,0.5,780.0,20.0,0.1909096340000025,0.304,0.4949096340000025,800.0,0.0,0.005,0.256,0.261
71.775586087,1.0,0.0,800.0,0.5,780.0,20.0,0.19209006740000292,0.304,0.49609006740000294,800.0,0.0,0.005,0.256,0.261
71.78865713,1.0,0.0,800.0,0.5,800.0,0.0,0.0020900674000029085,0.304,0.3060900674000029,800.0,0.0,0.005,0.256,0.261
71.803401757,1.0,0.0,800.0,0.5,800.0,0.0,0.0020900674000029085,0.304,0.3060900674000029,800.0,0.0,0.005,0.256,0.261
71.815771633,1.0,0.0,800.0,0.5,800.0,0.0,0.0020900674000029085,0.304,0.3060900674000029,800.0,0.0,0.005,0.256,0.261
71.828617509,1.0,0.0,800.0,0.5,800.0,0.0,0.0020900674000029085,0.304,0.3060900674000029,800.0,0.0,0.005,0.256,0.261
71.840132219,1.0,0.0,800.0,0.5,800.0,0.0,0.0020900674000029085,0.304,0.3060900674000029,800.0,0.0,0.005,0.256,0.261
71.86996243,1.0,0.0,800.0,0.5,800.0,0.0,0.0020900674000029085,0.304,0.3060900674000029,800.0,0.0,0.005,0.256,0.261
71.886960765,1.0,0.0,800.0,0.5,800.0,0.0,0.0020900674000029085,0.304,0.3060900674000029,800.0,0.0,0.005,0.256,0.261
71.898783766,1.0,0.0,800.0,0.5,800.0,0.0,0.0020900674000029085,0.304,0.3060900674000029,800.0,0.0,0.005,0.256,0.261
71.913672476,1.0,0.0,800.0,0.5,800.0,0.0,0.0020900674000029085,0.304,0.3060900674000029,780.0,20.0,0.195,0.256,0.451
71.933702395,1.0,0.0,800.0,0.5,800.0,0.0,0.0020900674000029085,0.304,0.3060900674000029,800.0,0.0,0.005,0.256,0.261
71.948978146,1.0,0.0,800.0,0.5,800.0,0.0,0.0020900674000029085,0.304,0.3060900674000029,780.0,20.0,0.195,0.256,0.451
71.972083982,1.0,0.0,800.0,0.5,820.0,-20.0,-0.19000409949999664,0.304,0.11399590050000336,800.0,0.0,0.005,0.256,0.261
71.987715275,1.0,0.0,800.0,0.5,800.0,0.0,-4.099499996641498E-6,0.304,0.30399590050000336,780.0,20.0,0.195,0.256,0.451
72.011839903,1.0,0.0,800.0,0.5,780.0,20.0,0.19233375490000298,0.304,0.496333754900003,800.0,0.0,0.005,0.256,0.261
72.02393882,1.0,0.0,800.0,0.5,820.0,-20.0,-0.18914099939999687,0.304,0.11485900060000312,800.0,0.0,0.005,0.256,0.261
72.041584656,1.0,0.0,800.0,0.5,820.0,-20.0,-0.19090820789999555,0.304,0.11309179210000445,800.0,0.0,0.005,0.256,0.261
72.07107245,0.0,0.0,800.0,0.5,820.0,-20.0,-0.19340510819999793,0.304,0.11059489180000207,780.0,20.0,0.195,0.256,0.451
72.095510619,1.0,0.0,800.0,0.5,800.0,0.0,-0.003405108199997926,0.304,0.30059489180000204,800.0,0.0,0.005,0.256,0.261
72.113218579,0.0,0.0,800.0,0.5,780.0,20.0,0.18835915450000357,0.304,0.49235915450000356,820.0,-20.0,-0.1867642044000013,0.256,0.0692357955999987
72.146543249,1.0,0.0,800.0,0.5,800.0,0.0,-0.0016408454999964307,0.304,0.30235915450000356,780.0,20.0,0.195,0.256,0.451
72.173336044,1.0,0.0,800.0,0.5,800.0,0.0,-0.0016408454999964307,0.304,0.30235915450000356,800.0,0.0,0.005,0.256,0.261
72.183758461,1.0,0.0,800.0,0.5,800.0,0.0,-0.0016408454999964307,0.304,0.30235915450000356,800.0,0.0,0.005,0.256,0.261
72.195889754,1.0,0.0,800.0,0.5,800.0,0.0,-0.0016408454999964307,0.304,0.30235915450000356,800.0,0.0,0.005,0.256,0.261
72.215160756,1.0,0.0,800.0,0.5,800.0,0.0,-0.0016408454999964307,0.304,0.30235915450000356,800.0,0.0,0.005,0.256,0.261
72.231973591,1.0,0.0,800.0,0.5,820.0,-20.0,-0.19316952889999583,0.304,0.11083047110000416,800.0,0.0,0.005,0.256,0.261
72.248703593,1.0,0.0,800.0,0.5,800.0,0.0,-0.0031695288999958396,0.304,0.30083047110000416,800.0,0.0,0.005,0.256,0.261
72.264455345,1.0,0.0,800.0,0.5,820.0,-20.0,-0.1947711872999986,0.304,0.1092288127000014,800.0,0.0,0.005,0.256,0.261
72.283871013,1.0,0.0,800.0,0.5,800.0,0.0,-0.004771187299998587,0.304,0.2992288127000014,800.0,0.0,0.005,0.256,0.261
72.300169056,1.0,0.0,800.0,0.5,800.0,0.0,-0.004771187299998587,0.304,0.2992288127000014,800.0,0.0,0.005,0.256,0.261
72.311714683,1.0,0.0,800.0,0.5,800.0,0.0,-0.004771187299998587,0.304,0.2992288127000014,800.0,0.0,0.005,0.256,0.261
72.327813518,1.0,0.0,800.0,0.5,800.0,0.0,-0.004771187299998587,0.304,0.2992288127000014,800.0,0.0,0.005,0.256,0.261
72.339262602,1.0,0.0,800.0,0.5,780.0,20.0,0.18624387120000335,0.304,0.49024387120000334,800.0,0.0,0.005,0.256,0.261
72.360199896,1.0,0.0,800.0,0.5,800.0,0.0,-0.0037561287999966454,0.304,0.30024387120000334,800.0,0.0,0.005,0.256,0.261
72.380749273,1.0,0.0,800.0,0.5,800.0,0.0,-0.0037561287999966454,0.304,0.30024387120000334,800.0,0.0,0.005,0.256,0.261
72.392201274,1.0,0.0,800.0,0.5,800.0,0.0,-0.0037561287999966454,0.304,0.30024387120000334,800.0,0.0,0.005,0.256,0.261
72.415179651,0.0,0.0,800.0,0.5,820.0,-20.0,-0.195,0.304,0.10899999999999999,780.0,20.0,0.195,0.256,0.451
72.432257611,0.0,0.0,800.0,0.5,820.0,-20.0,-0.195,0.304,0.10899999999999999,780.0,20.0,0.195,0.256,0.451
72.453956739,1.0,0.0,800.0,0.5,820.0,-20.0,-0.195,0.304,0.10899999999999999,800.0,0.0,0.005,0.256,0.261
72.473638407,1.0,0.0,800.0,0.5,800.0,0.0,-0.005,0.304,0.299,800.0,0.0,0.005,0.256,0.261
72.491126451,1.0,0.0,800.0,0.5,800.0,0.0,-0.005,0.304,0.299,800.0,0.0,0.005,0.256,0.261
72.505653202,1.0,0.0,800.0,0.5,800.0,0.0,-0.005,0.304,0.299,800.0,0.0,0.005,0.256,0.261
72.527507204,1.0,0.0,800.0,0.5,800.0,0.0,-0.005,0.304,0.299,780.0,20.0,0.195,0.256,0.451
72.543251373,1.0,0.0,800.0,0.5,800.0,0.0,-0.005,0.304,0.299,800.0,0.0,0.005,0.256,0.261
72.561552291,1.0,0.0,800.0,0.5,800.0,0.0,-0.005,0.304,0.299,780.0,20.0,0.195,0.256,0.451
72.579146501,1.0,0.0,800.0,0.5,800.0,0.0,-0.005,0.304,0.299,800.0,0.0,0.005,0.256,0.261
72.599775212,0.0,0.0,800.0,0.5,820.0,-20.0,-0.195,0.304,0.10899999999999999,780.0,20.0,0.195,0.256,0.451
72.625873839,1.0,0.0,800.0,0.5,800.0,0.0,-0.005,0.304,0.299,800.0,0.0,0.005,0.256,0.261
72.641349674,1.0,0.0,800.0,0.5,820.0,-20.0,-0.195,0.304,0.10899999999999999,800.0,0.0,0.005,0.256,0.261
72.656881801,1.0,0.0,800.0,0.5,780.0,20.0,0.18644547099999956,0.304,0.4904454709999996,800.0,0.0,0.005,0.256,0.261
72.678319886,1.0,0.0,800.0,0.5,800.0,0.0,-0.003554529000000457,0.304,0.3004454709999995,800.0,0.0,0.005,0.256,0.261
72.703982764,1.0,0.0,800.0,0.5,780.0,20.0,0.18868243789999953,0.304,0.49268243789999955,780.0,20.0,0.195,0.256,0.451
72.719525974,0.0,0.0,800.0,0.5,820.0,-20.0,-0.19318979979999937,0.304,0.11081020020000062,780.0,20.0,0.195,0.256,0.451
72.749228727,1.0,0.0,800.0,0.5,820.0,-20.0,-0.195,0.304,0.10899999999999999,820.0,-20.0,-0.18775674609999896,0.256,0.06824325390000105
72.774137062,1.0,0.0,800.0,0.5,800.0,0.0,-0.005,0.304,0.299,800.0,0.0,0.0022432539000010365,0.256,0.258243253900001
72.790647147,1.0,0.0,800.0,0.5,800.0,0.0,-0.005,0.304,0.299,780.0,20.0,0.19399027909999916,0.256,0.44999027909999917
72.818711609,1.0,0.0,800.0,0.5,800.0,0.0,-0.005,0.304,0.299,820.0,-20.0,-0.18876833360000148,0.256,0.06723166639999853
72.832335943,1.0,0.0,800.0,0.5,800.0,0.0,-0.005,0.304,0.299,820.0,-20.0,-0.19020123380000256,0.256,0.06579876619999744
72.860563446,1.0,0.0,800.0,0.5,800.0,0.0,-0.005,0.304,0.299,800.0,0.0,-2.012338000025693E-4,0.256,0.2557987661999974
72.887194365,1.0,0.0,800.0,0.5,780.0,20.0,0.18753440859999898,0.304,0.491534408599999,800.0,0.0,-2.012338000025693E-4,0.256,0.2557987661999974
72.900432242,1.0,0.0,800.0,0.5,780.0,20.0,0.18907219209999995,0.304,0.4930721921,800.0,0.0,-2.012338000025693E-4,0.256,0.2557987661999974
72.922724911,1.0,0.0,800.0,0.5,800.0,0.0,-9.278079000000617E-4,0.304,0.3030721920999999,820.0,-20.0,-0.19224272560000258,0.256,0.06375727439999743
72.945604705,1.0,0.0,800.0,0.5,800.0,0.0,-9.278079000000617E-4,0.304,0.3030721920999999,820.0,-20.0,-0.194586413400001,0.256,0.061413586599999015
72.965207623,0.0,0.0,800.0,0.5,780.0,20.0,0.19097030060000067,0.304,0.4949703006000007,820.0,-20.0,-0.195,0.256,0.061
72.992778293,0.0,0.0,800.0,0.5,780.0,20.0,0.19381329260000144,0.304,0.4978132926000014,820.0,-20.0,-0.195,0.256,0.061
73.015790212,1.0,0.0,800.0,0.5,800.0,0.0,0.0038132926000014325,0.304,0.3078132926000014,800.0,0.0,-0.005,0.256,0.251
73.032777755,1.0,0.0,800.0,0.5,800.0,0.0,0.0038132926000014325,0.304,0.3078132926000014,800.0,0.0,-0.005,0.256,0.251
73.048272257,1.0,0.0,800.0,0.5,800.0,0.0,0.0038132926000014325,0.304,0.3078132926000014,800.0,0.0,-0.005,0.256,0.251
73.062647341,1.0,0.0,800.0,0.5,800.0,0.0,0.0038132926000014325,0.304,0.3078132926000014,800.0,0.0,-0.005,0.256,0.251
73.076849759,1.0,0.0,800.0,0.5,820.0,-20.0,-0.18730533669999944,0.304,0.11669466330000056,820.0,-20.0,-0.195,0.256,0.061
73.099990887,1.0,0.0,800.0,0.5,800.0,0.0,0.0026946633000005703,0.304,0.30669466330000056,820.0,-20.0,-0.195,0.256,0.061
73.112629388,1.0,0.0,800.0,0.5,800.0,0.0,0.0026946633000005703,0.304,0.30669466330000056,820.0,-20.0,-0.195,0.256,0.061
73.151806934,1.0,0.0,805.0,0.95,800.0,5.0,0.05103098840000044,0.3059,0.3569309884000004,800.0,5.0,0.04333632507500013,0.2576,0.3009363250750001
73.171448936,1.0,0.0,805.0,0.95,800.0,5.0,0.051566787400000466,0.3059,0.3574667874000005,800.0,5.0,0.043872124099999896,0.2576,0.3014721240999999
73.190384229,1.0,0.0,805.0,0.95,800.0,5.0,0.0520705249500007,0.3059,0.3579705249500007,800.0,5.0,0.04437585434999988,0.2576,0.30197585434999985
73.212415273,1.0,0.0,805.0,0.95,800.0,5.0,0.0525,0.3059,0.3584,800.0,5.0,0.04492261275000004,0.2576,0.30252261275000003
73.225673566,1.0,0.0,805.0,0.95,800.0,5.0,0.0525,0.3059,0.3584,800.0,5.0,0.04528037839999996,0.2576,0.3028803783999999
73.245576901,1.0,0.0,805.0,0.95,800.0,5.0,0.0525,0.3059,0.3584,800.0,5.0,0.04578238055000014,0.2576,0.3033823805500001
73.258823819,1.0,0.0,805.0,0.95,800.0,5.0,0.0525,0.3059,0.3584,800.0,5.0,0.04610026077499995,0.2576,0.30370026077499995
73.279103113,1.0,0.0,805.0,0.95,800.0,5.0,0.0525,0.3059,0.3584,800.0,5.0,0.04661722542500001,0.2576,0.304217225425
73.303807282,1.0,0.0,805.0,0.95,780.0,25.0,0.2425,0.3059,0.5484,800.0,5.0,0.04717683172499989,0.2576,0.30477683172499986
73.318234284,1.0,0.0,805.0,0.95,780.0,25.0,0.2425,0.3059,0.5484,800.0,5.0,0.04759807864999985,0.2576,0.3051980786499998
73.332744119,1.0,0.0,805.0,0.95,820.0,-15.0,-0.1384996657000002,0.3059,0.16740033429999981,800.0,5.0,0.04793130785000017,0.2576,0.30553130785000016
73.354538037,1.0,0.0,825.0,0.95,820.0,5.0,0.052043811449999706,0.3135,0.3655438114499997,800.0,25.0,0.24064862059999725,0.264,0.5046486205999973
73.374997873,1.0,0.0,825.0,0.95,820.0,5.0,0.0525,0.3135,0.366,800.0,25.0,0.2425,0.264,0.5065
73.392708166,1.0,0.0,825.0,0.95,800.0,25.0,0.2425,0.3135,0.556,800.0,25.0,0.2425,0.264,0.5065
73.405482584,1.0,0.0,825.0,0.95,820.0,5.0,0.0525,0.3135,0.366,800.0,25.0,0.2425,0.264,0.5065
73.41610421,1.0,0.0,825.0,0.95,820.0,5.0,0.0525,0.3135,0.366,800.0,25.0,0.2425,0.264,0.5065
73.43362142,1.0,0.0,825.0,0.95,820.0,5.0,0.0525,0.3135,0.366,820.0,5.0,0.0525,0.264,0.3165
73.448863339,1.0,0.0,825.0,0.95,840.0,-15.0,-0.13872263762500053,0.3135,0.17477736237499947,820.0,5.0,0.0525,0.264,0.3165
73.465599174,1.0,0.0,825.0,0.95,820.0,5.0,0.051647268674999365,0.3135,0.36514726867499936,840.0,-15.0,-0.13860969700000111,0.264,0.1253903029999989
73.492484135,1.0,0.0,825.0,0.95,820.0,5.0,0.05232062499999955,0.3135,0.36582062499999957,820.0,5.0,0.05206365932499835,0.264,0.31606365932499836
73.50992872,1.0,0.0,825.0,0.95,840.0,-15.0,-0.1388795906999995,0.3135,0.1746204093000005,820.0,5.0,0.05246373852499829,0.264,0.3164637385249983
73.536912264,0.0,0.0,825.0,0.95,860.0,-35.0,-0.33381297247500274,0.3135,-0.020312972475002744,820.0,5.0,0.0525,0.264,0.3165
73.564049225,1.0,0.0,825.0,0.95,820.0,5.0,0.046863001549996994,0.3135,0.360363001549997,840.0,-15.0,-0.1395279002499997,0.264,0.12447209975000031
73.587844561,1.0,0.0,825.0,0.95,820.0,5.0,0.0474467505749972,0.3135,0.3609467505749972,820.0,5.0,0.05105584147500025,0.264,0.31505584147500026
73.610232021,1.0,0.0,825.0,0.95,820.0,5.0,0.04802324437499706,0.3135,0.36152324437499705,820.0,5.0,0.05163232797499987,0.264,0.3156323279749999
73.627592898,1.0,0.0,825.0,0.95,820.0,5.0,0.048449558999996756,0.3135,0.36194955899999676,840.0,-15.0,-0.13964663780000208,0.264,0.12435336219999793
73.654464151,1.0,0.0,825.0,0.95,820.0,5.0,0.04906789969999693,0.3135,0.3625678996999969,820.0,5.0,0.0509716882999976,0.264,0.3149716882999976
73.670524778,1.0,0.0,825.0,0.95,820.0,5.0,0.04953010389999705,0.3135,0.36303010389999707,820.0,5.0,0.0514339070999975,0.264,0.3154339070999975
73.694390405,1.0,0.0,825.0,0.95,820.0,5.0,0.05009226229999669,0.3135,0.3635922622999967,820.0,5.0,0.051996058199997607,0.264,0.3159960581999976
73.709272698,1.0,0.0,825.0,0.95,820.0,5.0,0.05050143419999685,0.3135,0.36400143419999687,820.0,5.0,0.05240524469999756,0.264,0.3164052446999976
73.725507158,1.0,0.0,825.0,0.95,820.0,5.0,0.05089368217499711,0.3135,0.3643936821749971,820.0,5.0,0.0525,0.264,0.3165
73.737652159,1.0,0.0,825.0,0.95,840.0,-15.0,-0.14020157732500207,0.3135,0.17329842267499793,820.0,5.0,0.0525,0.264,0.3165
73.750832869,1.0,0.0,825.0,0.95,820.0,5.0,0.05012787477499799,0.3135,0.363627874774998,820.0,5.0,0.0525,0.264,0.3165
73.77920183,1.0,0.0,825.0,0.95,800.0,25.0,0.2425,0.3135,0.556,820.0,5.0,0.0525,0.264,0.3165
73.795813415,1.0,0.0,825.0,0.95,820.0,5.0,0.0525,0.3135,0.366,820.0,5.0,0.0525,0.264,0.3165
73.81209075,1.0,0.0,825.0,0.95,820.0,5.0,0.0525,0.3135,0.366,820.0,5.0,0.0525,0.264,0.3165
73.828966877,1.0,0.0,825.0,0.95,840.0,-15.0,-0.13864574702499935,0.3135,0.17485425297500065,820.0,5.0,0.0525,0.264,0.3165
73.84300392,1.0,0.0,825.0,0.95,840.0,-15.0,-0.13973623772499832,0.3135,0.17376376227500168,820.0,5.0,0.0525,0.264,0.3165
73.857096671,1.0,0.0,825.0,0.95,820.0,5.0,0.050600513350001965,0.3135,0.364100513350002,820.0,5.0,0.0525,0.264,0.3165
73.871516381,0.0,0.0,825.0,0.95,860.0,-35.0,-0.3320280307499979,0.3135,-0.018528030749997926,820.0,5.0,0.0525,0.264,0.3165
73.884746674,0.0,0.0,825.0,0.95,860.0,-35.0,-0.33421899452499715,0.3135,-0.020718994524997147,820.0,5.0,0.0525,0.264,0.3165
73.907277635,1.0,0.0,825.0,0.95,840.0,-15.0,-0.14550839467499727,0.3135,0.16799160532500274,820.0,5.0,0.0525,0.264,0.3165
73.92295472,0.0,0.0,825.0,0.95,840.0,-15.0,-0.1469752666499964,0.3135,0.1665247333500036,800.0,25.0,0.2425,0.264,0.5065
73.938546638,1.0,0.0,825.0,0.95,820.0,5.0,0.04340365942500398,0.3135,0.35690365942500396,820.0,5.0,0.0525,0.264,0.3165
73.95844064,1.0,0.0,825.0,0.95,820.0,5.0,0.04396691887500396,0.3135,0.357466918875004,820.0,5.0,0.0525,0.264,0.3165
73.972516474,1.0,0.0,825.0,0.95,820.0,5.0,0.044266074100004146,0.3135,0.35776607410000416,840.0,-15.0,-0.1383974219500004,0.264,0.1256025780499996
73.99271731,1.0,0.0,825.0,0.95,820.0,5.0,0.044769695000003794,0.3135,0.3582696950000038,820.0,5.0,0.052106206224999736,0.264,0.31610620622499974
74.01054952,1.0,0.0,825.0,0.95,820.0,5.0,0.04519440545000407,0.3135,0.3586944054500041,820.0,5.0,0.0525,0.264,0.3165
74.02840973,1.0,0.0,825.0,0.95,820.0,5.0,0.04571191695000408,0.3135,0.3592119169500041,820.0,5.0,0.0525,0.264,0.3165
74.042548273,1.0,0.0,825.0,0.95,840.0,-15.0,-0.14521477382499626,0.3135,0.16828522617500374,820.0,5.0,0.0525,0.264,0.3165
74.060418983,1.0,0.0,825.0,0.95,820.0,5.0,0.045184430375003755,0.3135,0.35868443037500375,840.0,-15.0,-0.13869761267499925,0.264,0.12530238732500076
74.075365443,1.0,0.0,825.0,0.95,840.0,-15.0,-0.1460677384999947,0.3135,0.1674322615000053,820.0,5.0,0.0517197696500007,0.264,0.3157197696500007
74.09206832,1.0,0.0,825.0,0.95,820.0,5.0,0.0443483969500052,0.3135,0.3578483969500052,820.0,5.0,0.05213591240000085,0.264,0.3161359124000009
74.106382155,1.0,0.0,825.0,0.95,820.0,5.0,0.04470782512500563,0.3135,0.35820782512500565,820.0,5.0,0.052495304100001194,0.264,0.3164953041000012
74.120667114,1.0,0.0,825.0,0.95,840.0,-15.0,-0.14635969682499378,0.3135,0.16714030317500622,820.0,5.0,0.0525,0.264,0.3165
74.143667075,1.0,0.0,825.0,0.95,820.0,5.0,0.04422025322500659,0.3135,0.3577202532250066,820.0,5.0,0.0525,0.264,0.3165
74.158390118,1.0,0.0,825.0,0.95,840.0,-15.0,-0.14702751877499337,0.3135,0.16647248122500663,820.0,5.0,0.0525,0.264,0.3165
74.176254703,1.0,0.0,825.0,0.95,820.0,5.0,0.04332235002500596,0.3135,0.35682235002500595,840.0,-15.0,-0.13854958450000154,0.264,0.12545041549999847
74.191457538,1.0,0.0,825.0,0.95,820.0,5.0,0.04374554382500634,0.3135,0.35724554382500634,820.0,5.0,0.051873609299998125,0.264,0.31587360929999814
74.217379124,1.0,0.0,825.0,0.95,820.0,5.0,0.04436507305000618,0.3135,0.3578650730500062,820.0,5.0,0.052493145799998475,0.264,0.3164931457999985
74.232183251,1.0,0.0,825.0,0.95,820.0,5.0,0.0447674345500063,0.3135,0.3582674345500063,820.0,5.0,0.0525,0.264,0.3165
74.253172461,1.0,0.0,825.0,0.95,820.0,5.0,0.04529328042500623,0.3135,0.35879328042500624,840.0,-15.0,-0.13907758134999992,0.264,0.12492241865000009
74.268398921,1.0,0.0,825.0,0.95,840.0,-15.0,-0.14584666969999416,0.3135,0.16765333030000584,820.0,5.0,0.05130239475000039,0.264,0.3153023947500004
74.306235383,0.0,0.0,825.0,0.95,840.0,-15.0,-0.1475,0.3135,0.166,800.0,25.0,0.2425,0.264,0.5065
74.333387802,1.0,0.0,825.0,0.95,840.0,-15.0,-0.1475,0.3135,0.166,840.0,-15.0,-0.13992252519999937,0.264,0.12407747480000064
74.352774013,1.0,0.0,825.0,0.95,820.0,5.0,0.0429399573249998,0.3135,0.3564399573249998,840.0,-15.0,-0.1412424191499987,0.264,0.12275758085000132
74.379183849,1.0,0.0,825.0,0.95,840.0,-15.0,-0.1475,0.3135,0.166,820.0,5.0,0.04944236320000158,0.264,0.3134423632000016
74.396147184,1.0,0.0,825.0,0.95,820.0,5.0,0.04291830837500001,0.3135,0.356418308375,840.0,-15.0,-0.14181258382499917,0.264,0.12218741617500084
74.426855895,1.0,0.0,825.0,0.95,820.0,5.0,0.04361627407500023,0.3135,0.35711627407500024,820.0,5.0,0.048885374575000785,0.264,0.3128853745750008
74.448981147,1.0,0.0,825.0,0.95,840.0,-15.0,-0.1475,0.3135,0.166,820.0,5.0,0.04949981422500059,0.264,0.3134998142250006
74.467195441,1.0,0.0,825.0,0.95,820.0,5.0,0.04295209067500025,0.3135,0.3564520906750003,840.0,-15.0,-0.1418564358999994,0.264,0.1221435641000006
74.484920609,1.0,0.0,825.0,0.95,840.0,-15.0,-0.1475,0.3135,0.166,860.0,-35.0,-0.3350442434249986,0.264,-0.0710442434249986
74.50374507,1.0,0.0,825.0,0.95,820.0,5.0,0.04296108129999993,0.3135,0.3564610812999999,820.0,5.0,0.04541683787500134,0.264,0.30941683787500135
74.519249488,1.0,0.0,825.0,0.95,840.0,-15.0,-0.1475,0.3135,0.166,820.0,5.0,0.04578247125000146,0.264,0.30978247125000147
74.536889198,1.0,0.0,825.0,0.95,820.0,5.0,0.04295879170000021,0.3135,0.3564587917000002,820.0,5.0,0.04624127025000121,0.264,0.3102412702500012
74.551711116,1.0,0.0,825.0,0.95,820.0,5.0,0.04334150214999994,0.3135,0.35684150214999993,820.0,5.0,0.04662398800000119,0.264,0.3106239880000012
74.567119284,1.0,0.0,825.0,0.95,820.0,5.0,0.043720391775,0.3135,0.357220391775,820.0,5.0,0.04700287032500171,0.264,0.31100287032500173
74.590722703,0.0,0.0,825.0,0.95,840.0,-15.0,-0.1475,0.3135,0.166,800.0,25.0,0.2400034644499999,0.264,0.5040034644499999
74.608520205,1.0,0.0,825.0,0.95,820.0,5.0,0.04294234900000007,0.3135,0.35644234900000005,820.0,5.0,0.050445813449999974,0.264,0.31444581345
74.627533082,1.0,0.0,825.0,0.95,840.0,-15.0,-0.1475,0.3135,0.166,820.0,5.0,0.05091584890000021,0.264,0.31491584890000024
74.647452167,1.0,0.0,825.0,0.95,820.0,5.0,0.04299207087499994,0.3135,0.35649207087499996,820.0,5.0,0.05140792707499969,0.264,0.3154079270749997
74.665372752,1.0,0.0,825.0,0.95,840.0,-15.0,-0.1475,0.3135,0.166,820.0,5.0,0.05183537192500026,0.264,0.3158353719250003
74.684086379,1.0,0.0,825.0,0.95,820.0,5.0,0.04293225004999954,0.3135,0.35643225004999957,820.0,5.0,0.05226763654999985,0.264,0.31626763654999984
74.704313465,1.0,0.0,825.0,0.95,820.0,5.0,0.04348036469999982,0.3135,0.35698036469999983,820.0,5.0,0.0525,0.264,0.3165
74.718305591,1.0,0.0,825.0,0.95,820.0,5.0,0.043863512649999874,0.3135,0.3573635126499999,820.0,5.0,0.0525,0.264,0.3165
74.735544843,1.0,0.0,825.0,0.95,840.0,-15.0,-0.1475,0.3135,0.166,820.0,5.0,0.0525,0.264,0.3165
74.753391345,1.0,0.0,825.0,0.95,820.0,5.0,0.04295086567499979,0.3135,0.3564508656749998,820.0,5.0,0.0525,0.264,0.3165
74.767431304,1.0,0.0,825.0,0.95,820.0,5.0,0.04330206885000038,0.3135,0.3568020688500004,820.0,5.0,0.0525,0.264,0.3165
74.786900056,1.0,0.0,825.0,0.95,820.0,5.0,0.04378175117500007,0.3135,0.35728175117500005,820.0,5.0,0.0525,0.264,0.3165
74.807747517,0.0,0.0,825.0,0.95,840.0,-15.0,-0.1475,0.3135,0.166,800.0,25.0,0.2425,0.264,0.5065
74.823673977,1.0,0.0,825.0,0.95,840.0,-15.0,-0.1475,0.3135,0.166,820.0,5.0,0.0525,0.264,0.3165
74.836644103,1.0,0.0,825.0,0.95,840.0,-15.0,-0.1475,0.3135,0.166,820.0,5.0,0.0525,0.264,0.3165
74.85303023,1.0,0.0,825.0,0.95,820.0,5.0,0.042833375049999775,0.3135,0.3563333750499998,840.0,-15.0,-0.13850012514999932,0.264,0.1254998748500007
74.868529398,1.0,0.0,825.0,0.95,820.0,5.0,0.04321211154999986,0.3135,0.3567121115499999,820.0,5.0,0.05187861135000077,0.264,0.3158786113500008
74.88567065,1.0,0.0,825.0,0.95,820.0,5.0,0.04364446367499994,0.3135,0.35714446367499997,820.0,5.0,0.05231097075000065,0.264,0.31631097075000064
74.902573026,1.0,0.0,825.0,0.95,820.0,5.0,0.04402719599999998,0.3135,0.357527196,820.0,5.0,0.0525,0.264,0.3165
74.935693821,1.0,0.0,825.0,0.95,820.0,5.0,0.04484593357499975,0.3135,0.3583459335749998,840.0,-15.0,-0.13995625652499866,0.264,0.12404374347500136
74.954888407,1.0,0.0,825.0,0.95,820.0,5.0,0.04536868049999995,0.3135,0.3588686805,820.0,5.0,0.05056648310000199,0.264,0.314566483100002
74.969866075,1.0,0.0,825.0,0.95,820.0,5.0,0.04574961179999974,0.3135,0.35924961179999976,820.0,5.0,0.05094737795000143,0.264,0.31494737795000144
74.992300202,1.0,0.0,825.0,0.95,820.0,5.0,0.04630871497499982,0.3135,0.35980871497499983,820.0,5.0,0.05150652487500139,0.264,0.3155065248750014
75.009439412,1.0,0.0,825.0,0.95,840.0,-15.0,-0.1449558789250011,0.3135,0.1685441210749989,820.0,5.0,0.05192804887500145,0.264,0.3159280488750015
75.025850914,1.0,0.0,825.0,0.95,840.0,-15.0,-0.14605487897500125,0.3135,0.16744512102499876,840.0,-15.0,-0.13917092934999928,0.264,0.12482907065000073
75.043706457,1.0,0.0,825.0,0.95,840.0,-15.0,-0.1475,0.3135,0.166,820.0,5.0,0.05132073320000089,0.264,0.3153207332000009
75.057808834,1.0,0.0,825.0,0.95,840.0,-15.0,-0.1475,0.3135,0.166,820.0,5.0,0.051710152000000564,0.264,0.3157101520000006
75.073210002,1.0,0.0,825.0,0.95,820.0,5.0,0.04285741565000009,0.3135,0.3563574156500001,820.0,5.0,0.05206756035000041,0.264,0.31606756035000044
75.089226003,1.0,0.0,825.0,0.95,820.0,5.0,0.043260900075000136,0.3135,0.35676090007500016,820.0,5.0,0.05247103747500091,0.264,0.31647103747500094
75.10543888,1.0,0.0,825.0,0.95,820.0,5.0,0.04362621990000008,0.3135,0.3571262199000001,840.0,-15.0,-0.13862494389999752,0.264,0.1253750561000025
75.121650882,1.0,0.0,825.0,0.95,840.0,-15.0,-0.1475,0.3135,0.166,820.0,5.0,0.051815910325002934,0.264,0.31581591032500295
75.135731966,1.0,0.0,825.0,0.95,840.0,-15.0,-0.1475,0.3135,0.166,820.0,5.0,0.05218664055000289,0.264,0.3161866405500029
75.15464801,1.0,0.0,825.0,0.95,840.0,-15.0,-0.1475,0.3135,0.166,820.0,5.0,0.0525,0.264,0.3165
75.176478679,1.0,0.0,825.0,0.95,840.0,-15.0,-0.1475,0.3135,0.166,820.0,5.0,0.0525,0.264,0.3165
75.190033305,1.0,0.0,825.0,0.95,840.0,-15.0,-0.1475,0.3135,0.166,820.0,5.0,0.0525,0.264,0.3165
75.20560539,1.0,0.0,825.0,0.95,820.0,5.0,0.04285721149999972,0.3135,0.3563572114999997,820.0,5.0,0.0525,0.264,0.3165
75.220259892,1.0,0.0,825.0,0.95,840.0,-15.0,-0.1475,0.3135,0.166,820.0,5.0,0.0525,0.264,0.3165
75.242435602,1.0,0.0,825.0,0.95,820.0,5.0,0.04308931255000019,0.3135,0.3565893125500002,820.0,5.0,0.0525,0.264,0.3165
75.260804187,0.0,0.0,825.0,0.95,840.0,-15.0,-0.1475,0.3135,0.166,800.0,25.0,0.2425,0.264,0.5065
75.280640731,1.0,0.0,825.0,0.95,820.0,5.0,0.043051891725000076,0.3135,0.35655189172500007,820.0,5.0,0.0525,0.264,0.3165
75.292259565,1.0,0.0,825.0,0.95,840.0,-15.0,-0.1475,0.3135,0.166,820.0,5.0,0.0525,0.264,0.3165
75.308236775,1.0,0.0,825.0,0.95,820.0,5.0,0.042848709424999784,0.3135,0.3563487094249998,840.0,-15.0,-0.13854615010000088,0.264,0.12545384989999914
75.321122318,1.0,0.0,825.0,0.95,820.0,5.0,0.043172488624999804,0.3135,0.3566724886249998,820.0,5.0,0.05177762182499933,0.264,0.31577762182499935
75.33660982,1.0,0.0,825.0,0.95,840.0,-15.0,-0.1475,0.3135,0.166,820.0,5.0,0.05216318332499924,0.264,0.31616318332499926
75.359961822,1.0,0.0,825.0,0.95,820.0,5.0,0.043083595900000236,0.3135,0.3565835959000002,820.0,5.0,0.0525,0.264,0.3165
75.374158407,1.0,0.0,825.0,0.95,820.0,5.0,0.04343717612500015,0.3135,0.35693717612500014,840.0,-15.0,-0.13856074075000108,0.264,0.12543925924999894
75.389573575,1.0,0.0,825.0,0.95,820.0,5.0,0.0438160366000001,0.3135,0.3573160366000001,840.0,-15.0,-0.13969730027500019,0.264,0.12430269972499983
75.404294285,1.0,0.0,825.0,0.95,840.0,-15.0,-0.14728486657499842,0.3135,0.16621513342500158,820.0,5.0,0.05066967474999956,0.264,0.3146696747499996
75.433701288,1.0,0.0,825.0,0.95,820.0,5.0,0.043461851225002165,0.3135,0.3569618512250022,820.0,5.0,0.05141639252499971,0.264,0.3154163925249997
75.449317706,1.0,0.0,825.0,0.95,840.0,-15.0,-0.1475,0.3135,0.166,820.0,5.0,0.05175315089999955,0.264,0.31575315089999956
75.466715333,1.0,0.0,825.0,0.95,820.0,5.0,0.042977159425000196,0.3135,0.3564771594250002,840.0,-15.0,-0.13967828365000087,0.264,0.12432171634999914
75.480415209,1.0,0.0,825.0,0.95,820.0,5.0,0.04332774277500022,0.3135,0.35682774277500023,840.0,-15.0,-0.14073003370000092,0.264,0.12326996629999909
75.497272961,1.0,0.0,825.0,0.95,820.0,5.0,0.043731088650000347,0.3135,0.35723108865000036,820.0,5.0,0.04967259029999923,0.264,0.3136725902999992
75.512644088,1.0,0.0,825.0,0.95,820.0,5.0,0.04411793350000039,0.3135,0.3576179335000004,800.0,25.0,0.24161046029999822,0.264,0.5056104602999982
75.529171381,1.0,0.0,825.0,0.95,820.0,5.0,0.04451723247499999,0.3135,0.358017232475,820.0,5.0,0.05200975199999803,0.264,0.31600975199999803
75.558700009,1.0,0.0,825.0,0.95,820.0,5.0,0.04521235442500029,0.3135,0.35871235442500027,840.0,-15.0,-0.14007561385000286,0.264,0.12392438614999715
75.575557761,1.0,0.0,825.0,0.95,840.0,-15.0,-0.14627031134999896,0.3135,0.16722968865000104,820.0,5.0,0.05041860807499688,0.264,0.3144186080749969
75.596542596,1.0,0.0,825.0,0.95,840.0,-15.0,-0.1475,0.3135,0.166,820.0,5.0,0.05092581647499742,0.264,0.31492581647499746
75.614299556,1.0,0.0,825.0,0.95,840.0,-15.0,-0.1475,0.3135,0.166,840.0,-15.0,-0.1405328742750008,0.264,0.12346712572499921
75.631753766,1.0,0.0,825.0,0.95,820.0,5.0,0.042902602124999877,0.3135,0.35640260212499986,840.0,-15.0,-0.1417406587500018,0.264,0.12225934124999821
75.65339806,0.0,0.0,825.0,0.95,780.0,45.0,0.427888921400003,0.3135,0.741388921400003,780.0,45.0,0.4325,0.264,0.6965
75.674343229,0.0,0.0,825.0,0.95,720.0,105.0,1.0025,0.3135,1.0,700.0,125.0,1.1925,0.264,1.0
75.687386855,0.0,0.0,825.0,0.95,640.0,185.0,1.7625,0.3135,1.0,640.0,185.0,1.7625,0.264,1.0
75.697724106,0.0,0.0,825.0,0.95,640.0,185.0,1.7625,0.3135,1.0,660.0,165.0,1.5724999999999998,0.264,1.0
75.709530191,0.0,0.0,825.0,0.95,660.0,165.0,1.5724999999999998,0.3135,1.0,680.0,145.0,1.3824999999999998,0.264,1.0
75.721765609,0.0,0.0,825.0,0.95,680.0,145.0,1.3824999999999998,0.3135,1.0,680.0,145.0,1.3824999999999998,0.264,1.0
75.743378986,0.0,0.0,825.0,0.95,720.0,105.0,1.0025,0.3135,1.0,720.0,105.0,1.0025,0.264,1.0
75.757535029,0.0,0.0,825.0,0.95,720.0,105.0,1.0025,0.3135,1.0,720.0,105.0,1.0025,0.264,1.0
75.76746103,0.0,0.0,825.0,0.95,740.0,85.0,0.8125,0.3135,1.0,740.0,85.0,0.8125,0.264,1.0
75.784243532,0.0,0.0,825.0,0.95,780.0,45.0,0.4325,0.3135,0.746,780.0,45.0,0.4325,0.264,0.6965
75.796529699,0.0,0.0,825.0,0.95,780.0,45.0,0.4325,0.3135,0.746,780.0,45.0,0.4325,0.264,0.6965
75.815357076,1.0,0.0,825.0,0.95,820.0,5.0,0.0525,0.3135,0.366,800.0,25.0,0.2425,0.264,0.5065
75.83297812,1.0,0.0,825.0,0.95,840.0,-15.0,-0.13880838759999958,0.3135,0.17469161240000042,820.0,5.0,0.0525,0.264,0.3165
75.846547913,1.0,0.0,825.0,0.95,840.0,-15.0,-0.13999123457499962,0.3135,0.17350876542500038,820.0,5.0,0.0525,0.264,0.3165
75.862859373,1.0,0.0,825.0,0.95,840.0,-15.0,-0.14104878159999998,0.3135,0.17245121840000002,840.0,-15.0,-0.13855754702500034,0.264,0.12544245297499967
75.880504041,0.0,0.0,825.0,0.95,880.0,-55.0,-0.5259166258999985,0.3135,-0.21241662589999855,840.0,-15.0,-0.1398851846500001,0.264,0.12411481534999991
75.897254751,1.0,0.0,825.0,0.95,840.0,-15.0,-0.14714915099999784,0.3135,0.16635084900000216,840.0,-15.0,-0.14111766602499926,0.264,0.12288233397500076
75.921280795,1.0,0.0,825.0,0.95,840.0,-15.0,-0.1475,0.3135,0.166,820.0,5.0,0.049449953825001246,0.264,0.31344995382500124
75.953137215,1.0,0.0,825.0,0.95,840.0,-15.0,-0.1475,0.3135,0.166,840.0,-15.0,-0.14300888389999783,0.264,0.12099111610000218
75.977860926,1.0,0.0,825.0,0.95,820.0,5.0,0.04313885214999999,0.3135,0.35663885215,840.0,-15.0,-0.14492546224999855,0.264,0.11907453775000146
75.995468553,1.0,0.0,825.0,0.95,840.0,-15.0,-0.1475,0.3135,0.166,820.0,5.0,0.04551563257500121,0.264,0.3095156325750012
76.017266847,1.0,0.0,825.0,0.95,820.0,5.0,0.04304073547499982,0.3135,0.3565407354749998,820.0,5.0,0.046056368050001024,0.264,0.31005636805000103
76.033358098,1.0,0.0,825.0,0.95,820.0,5.0,0.043422760499999956,0.3135,0.35692276049999994,840.0,-15.0,-0.1450897289250001,0.264,0.11891027107499991
76.056689101,1.0,0.0,825.0,0.95,840.0,-15.0,-0.1475,0.3135,0.166,840.0,-15.0,-0.1468782510000004,0.264,0.11712174899999961
76.07242306,1.0,0.0,825.0,0.95,820.0,5.0,0.04290643025000051,0.3135,0.3564064302500005,820.0,5.0,0.043528171949999146,0.264,0.30752817194999915
76.095045896,1.0,0.0,825.0,0.95,820.0,5.0,0.04345805217500029,0.3135,0.3569580521750003,840.0,-15.0,-0.1475,0.264,0.11650000000000002
76.110123898,1.0,0.0,825.0,0.95,820.0,5.0,0.04384386160000019,0.3135,0.3573438616000002,820.0,5.0,0.04288580942499991,0.264,0.30688580942499993
76.1322334,1.0,0.0,825.0,0.95,820.0,5.0,0.04440200227500057,0.3135,0.3579020022750006,840.0,-15.0,-0.1475,0.264,0.11650000000000002
76.15447386,1.0,0.0,825.0,0.95,820.0,5.0,0.04500682420000032,0.3135,0.35850682420000035,840.0,-15.0,-0.1475,0.264,0.11650000000000002
76.177871654,1.0,0.0,825.0,0.95,840.0,-15.0,-0.14656016970000024,0.3135,0.16693983029999976,820.0,5.0,0.04302233860000044,0.264,0.30702233860000044
76.19911899,1.0,0.0,825.0,0.95,820.0,5.0,0.04396893557499936,0.3135,0.35746893557499937,840.0,-15.0,-0.1475,0.264,0.11650000000000002
76.217313158,1.0,0.0,825.0,0.95,820.0,5.0,0.04448332624999935,0.3135,0.35798332624999935,840.0,-15.0,-0.1475,0.264,0.11650000000000002
76.235120577,1.0,0.0,825.0,0.95,820.0,5.0,0.0448969752499994,0.3135,0.3583969752499994,840.0,-15.0,-0.1475,0.264,0.11650000000000002
76.255050745,1.0,0.0,825.0,0.95,840.0,-15.0,-0.14653774047499993,0.3135,0.16696225952500007,820.0,5.0,0.042978231275000243,0.264,0.30697823127500024
76.273345247,1.0,0.0,825.0,0.95,820.0,5.0,0.04392267730000043,0.3135,0.35742267730000044,820.0,5.0,0.043438649049999896,0.264,0.3074386490499999
76.293972499,1.0,0.0,825.0,0.95,820.0,5.0,0.04439280025000045,0.3135,0.3578928002500005,820.0,5.0,0.043908779300000166,0.264,0.30790877930000016
76.313513585,1.0,0.0,825.0,0.95,800.0,25.0,0.23708976924999917,0.3135,0.5505897692499991,820.0,5.0,0.044448173099999905,0.264,0.30844817309999994
76.332561753,1.0,0.0,825.0,0.95,820.0,5.0,0.04755376722499946,0.3135,0.3610537672249995,820.0,5.0,0.044912127325000314,0.264,0.30891212732500034
76.348910838,1.0,0.0,825.0,0.95,820.0,5.0,0.04796686204999958,0.3135,0.36146686204999956,820.0,5.0,0.04532526590000032,0.264,0.3093252659000003
76.373851257,1.0,0.0,825.0,0.95,820.0,5.0,0.048596439199999536,0.3135,0.36209643919999956,820.0,5.0,0.04595483575000003,0.264,0.30995483575000005
76.388517717,1.0,0.0,825.0,0.95,840.0,-15.0,-0.14250652032499914,0.3135,0.17099347967500086,820.0,5.0,0.0463224889250003,0.264,0.3103224889250003
76.415099928,1.0,0.0,825.0,0.95,820.0,5.0,0.04813517557500077,0.3135,0.3616351755750008,820.0,5.0,0.04696417752499997,0.264,0.310964177525
76.43092518,1.0,0.0,825.0,0.95,840.0,-15.0,-0.14311436822500084,0.3135,0.17038563177499916,820.0,5.0,0.04738069942500005,0.264,0.3113806994250001
76.458746974,1.0,0.0,825.0,0.95,840.0,-15.0,-0.14502077470000058,0.3135,0.16847922529999942,820.0,5.0,0.04801617555000021,0.264,0.3120161755500002
76.485492519,1.0,0.0,825.0,0.95,820.0,5.0,0.04570667849999907,0.3135,0.3592066784999991,800.0,25.0,0.24165340505000088,0.264,0.5056534050500009
76.502560562,1.0,0.0,825.0,0.95,820.0,5.0,0.04613572019999907,0.3135,0.35963572019999906,820.0,5.0,0.052082446750000885,0.264,0.3160824467500009
76.518890397,1.0,0.0,825.0,0.95,820.0,5.0,0.046540320249999496,0.3135,0.3600403202499995,820.0,5.0,0.05248703950000035,0.264,0.31648703950000034
76.537978816,1.0,0.0,825.0,0.95,820.0,5.0,0.04698899842499912,0.3135,0.36048899842499915,820.0,5.0,0.0525,0.264,0.3165
76.553621192,1.0,0.0,825.0,0.95,820.0,5.0,0.047407379724999574,0.3135,0.3609073797249996,800.0,25.0,0.2425,0.264,0.5065
76.579594111,1.0,0.0,825.0,0.95,820.0,5.0,0.048048834974999295,0.3135,0.3615488349749993,820.0,5.0,0.0525,0.264,0.3165
76.600798572,1.0,0.0,805.0,0.95,820.0,-15.0,-0.1435761058750002,0.3059,0.1623238941249998,820.0,-15.0,-0.13912498457499964,0.2576,0.11847501542500036
76.624982408,0.0,0.0,805.0,0.95,840.0,-35.0,-0.3375,0.3059,-0.03160000000000002,800.0,5.0,0.051476847775000466,0.2576,0.30907684777500044
76.641330618,1.0,0.0,805.0,0.95,840.0,-35.0,-0.3375,0.3059,-0.03160000000000002,820.0,-15.0,-0.1398443586000006,0.2576,0.11775564139999939
76.657395619,1.0,0.0,805.0,0.95,820.0,-15.0,-0.1475,0.3059,0.1584,820.0,-15.0,-0.14095915245000085,0.2576,0.11664084754999915
76.683527205,1.0,0.0,805.0,0.95,800.0,5.0,0.04313153860000043,0.3059,0.3490315386000004,820.0,-15.0,-0.14285381197500013,0.2576,0.11474618802499986
76.707727374,1.0,0.0,805.0,0.95,800.0,5.0,0.043755749074999815,0.3059,0.3496557490749998,820.0,-15.0,-0.14472642157500104,0.2576,0.11287357842499895
76.726534335,1.0,0.0,805.0,0.95,800.0,5.0,0.04422284599999984,0.3059,0.3501228459999998,820.0,-15.0,-0.1461277123500011,0.2576,0.11147228764999889
76.742717753,1.0,0.0,805.0,0.95,800.0,5.0,0.04459466270000007,0.3059,0.35049466270000007,800.0,5.0,0.044244104349998425,0.2576,0.3018441043499984
76.757203671,1.0,0.0,805.0,0.95,800.0,5.0,0.044993334625000186,0.3059,0.35089333462500016,820.0,-15.0,-0.1469519114250019,0.2576,0.11064808857499808
76.77765884,1.0,0.0,805.0,0.95,800.0,5.0,0.04551143674999977,0.3059,0.35141143674999975,820.0,-15.0,-0.1475,0.2576,0.1101
76.792427383,1.0,0.0,805.0,0.95,800.0,5.0,0.045904771174999866,0.3059,0.35180477117499986,820.0,-15.0,-0.1475,0.2576,0.1101
76.824762428,1.0,0.0,805.0,0.95,800.0,5.0,0.04662751395000015,0.3059,0.35252751395000015,800.0,5.0,0.043222706324999936,0.2576,0.3008227063249999
76.84957043,1.0,0.0,805.0,0.95,800.0,5.0,0.04721879525000034,0.3059,0.35311879525000034,820.0,-15.0,-0.1475,0.2576,0.1101
76.864571723,1.0,0.0,805.0,0.95,800.0,5.0,0.04773000677500036,0.3059,0.35363000677500034,820.0,-15.0,-0.1475,0.2576,0.1101
76.885379809,1.0,0.0,805.0,0.95,820.0,-15.0,-0.14382384022499847,0.3059,0.16207615977500153,820.0,-15.0,-0.1475,0.2576,0.1101
76.91024352,1.0,0.0,805.0,0.95,820.0,-15.0,-0.1453287091499979,0.3059,0.1605712908500021,800.0,5.0,0.04300163025000032,0.2576,0.3006016302500003
76.935587314,1.0,0.0,805.0,0.95,800.0,5.0,0.04538060237500218,0.3059,0.3512806023750022,800.0,5.0,0.04371094907500066,0.2576,0.30131094907500067
76.950059524,1.0,0.0,805.0,0.95,800.0,5.0,0.045735517000002376,0.3059,0.3516355170000024,800.0,5.0,0.04406586370000014,0.2576,0.30166586370000015
76.980701735,1.0,0.0,805.0,0.95,800.0,5.0,0.04644315872500215,0.3059,0.35234315872500216,800.0,5.0,0.04477351272500016,0.2576,0.3023735127250001
77.010425196,1.0,0.0,805.0,0.95,800.0,5.0,0.04723542755000267,0.3059,0.35313542755000266,800.0,5.0,0.04556578155000068,0.2576,0.3031657815500007
77.039263741,1.0,0.0,805.0,0.95,800.0,5.0,0.04792273282500219,0.3059,0.3538227328250022,800.0,5.0,0.046253072250000145,0.2576,0.30385307225000013
77.060470243,1.0,0.0,805.0,0.95,800.0,5.0,0.04844950477500262,0.3059,0.3543495047750026,820.0,-15.0,-0.14532724352499982,0.2576,0.11227275647500018
77.092857788,1.0,0.0,800.0,0.5,820.0,-20.0,-0.19249134552499542,0.304,0.11150865447500458,800.0,0.0,-0.0028272435249998298,0.256,0.25317275647500015
77.115202665,1.0,0.0,800.0,0.5,820.0,-20.0,-0.19492550822499666,0.304,0.10907449177500333,800.0,0.0,-0.0028272435249998298,0.256,0.25317275647500015
77.134627959,1.0,0.0,800.0,0.5,800.0,0.0,-0.004925508224996662,0.304,0.29907449177500334,800.0,0.0,-0.0028272435249998298,0.256,0.25317275647500015
77.14993171,1.0,0.0,800.0,0.5,800.0,0.0,-0.004925508224996662,0.304,0.29907449177500334,800.0,0.0,-0.0028272435249998298,0.256,0.25317275647500015
77.169289046,1.0,0.0,800.0,0.5,800.0,0.0,-0.004925508224996662,0.304,0.29907449177500334,800.0,0.0,-0.0028272435249998298,0.256,0.25317275647500015
77.18236913,1.0,0.0,800.0,0.5,800.0,0.0,-0.004925508224996662,0.304,0.29907449177500334,800.0,0.0,-0.0028272435249998298,0.256,0.25317275647500015
77.193440215,1.0,0.0,800.0,0.5,800.0,0.0,-0.004925508224996662,0.304,0.29907449177500334,800.0,0.0,-0.0028272435249998298,0.256,0.25317275647500015
77.213511259,1.0,0.0,800.0,0.5,800.0,0.0,-0.004925508224996662,0.304,0.29907449177500334,800.0,0.0,-0.0028272435249998298,0.256,0.25317275647500015
77.225668801,1.0,0.0,800.0,0.5,800.0,0.0,-0.004925508224996662,0.304,0.29907449177500334,800.0,0.0,-0.0028272435249998298,0.256,0.25317275647500015
77.244867178,1.0,0.0,800.0,0.5,800.0,0.0,-0.004925508224996662,0.304,0.29907449177500334,800.0,0.0,-0.0028272435249998298,0.256,0.25317275647500015
77.256310429,1.0,0.0,800.0,0.5,800.0,0.0,-0.004925508224996662,0.304,0.29907449177500334,800.0,0.0,-0.0028272435249998298,0.256,0.25317275647500015
77.274994015,1.0,0.0,800.0,0.5,800.0,0.0,-0.004925508224996662,0.304,0.29907449177500334,800.0,0.0,-0.0028272435249998298,0.256,0.25317275647500015
77.29576885,1.0,0.0,800.0,0.5,800.0,0.0,-0.004925508224996662,0.304,0.29907449177500334,800.0,0.0,-0.0028272435249998298,0.256,0.25317275647500015
77.30777006,1.0,0.0,800.0,0.5,800.0,0.0,-0.004925508224996662,0.304,0.29907449177500334,800.0,0.0,-0.0028272435249998298,0.256,0.25317275647500015
77.326551645,1.0,0.0,800.0,0.5,800.0,0.0,-0.004925508224996662,0.304,0.29907449177500334,800.0,0.0,-0.0028272435249998298,0.256,0.25317275647500015
77.338395063,1.0,0.0,800.0,0.5,800.0,0.0,-0.004925508224996662,0.304,0.29907449177500334,800.0,0.0,-0.0028272435249998298,0.256,0.25317275647500015
77.35626344,1.0,0.0,800.0,0.5,800.0,0.0,-0.004925508224996662,0.304,0.29907449177500334,780.0,20.0,0.18853883577500155,0.256,0.44453883577500153
77.373111274,1.0,0.0,800.0,0.5,800.0,0.0,-0.004925508224996662,0.304,0.29907449177500334,800.0,0.0,-0.0014611642249984414,0.256,0.2545388357750016
77.391254401,1.0,0.0,800.0,0.5,800.0,0.0,-0.004925508224996662,0.304,0.29907449177500334,780.0,20.0,0.190354227575004,0.256,0.446354227575004
77.416352904,0.0,0.0,800.0,0.5,780.0,20.0,0.18745507537500417,0.304,0.49145507537500416,820.0,-20.0,-0.192026356024994,0.256,0.06397364397500602
77.434005739,1.0,0.0,800.0,0.5,800.0,0.0,-0.0025449246249958433,0.304,0.30145507537500416,800.0,0.0,-0.0020263560249939873,0.256,0.253973643975006
77.453251949,1.0,0.0,800.0,0.5,820.0,-20.0,-0.19469584982499455,0.304,0.10930415017500544,800.0,0.0,-0.0020263560249939873,0.256,0.253973643975006
77.472431076,1.0,0.0,800.0,0.5,800.0,0.0,-0.004695849824994554,0.304,0.29930415017500545,800.0,0.0,-0.0020263560249939873,0.256,0.253973643975006
77.499526037,0.0,0.0,800.0,0.5,780.0,20.0,0.18756299207500704,0.304,0.49156299207500703,820.0,-20.0,-0.19428522712499371,0.256,0.06171477287500629
77.524797206,1.0,0.0,800.0,0.5,780.0,20.0,0.1903745422750062,0.304,0.4943745422750062,800.0,0.0,-0.0042852271249937245,0.256,0.25171477287500627
77.546895042,1.0,0.0,800.0,0.5,800.0,0.0,3.745422750061778E-4,0.304,0.30437454227500615,800.0,0.0,-0.0042852271249937245,0.256,0.25171477287500627
77.559443418,1.0,0.0,800.0,0.5,800.0,0.0,3.745422750061778E-4,0.304,0.30437454227500615,800.0,0.0,-0.0042852271249937245,0.256,0.25171477287500627
77.572282295,1.0,0.0,800.0,0.5,820.0,-20.0,-0.19079874532499347,0.304,0.11320125467500652,800.0,0.0,-0.0042852271249937245,0.256,0.25171477287500627
77.584891338,1.0,0.0,800.0,0.5,820.0,-20.0,-0.1920499662249928,0.304,0.1119500337750072,800.0,0.0,-0.0042852271249937245,0.256,0.25171477287500627
77.597970839,1.0,0.0,800.0,0.5,820.0,-20.0,-0.19330127472499228,0.304,0.11069872527500771,800.0,0.0,-0.0042852271249937245,0.256,0.25171477287500627
77.610262548,1.0,0.0,800.0,0.5,820.0,-20.0,-0.1945891582249932,0.304,0.10941084177500679,800.0,0.0,-0.0042852271249937245,0.256,0.25171477287500627
77.625227092,1.0,0.0,800.0,0.5,800.0,0.0,-0.004589158224993213,0.304,0.29941084177500676,800.0,0.0,-0.0042852271249937245,0.256,0.25171477287500627
77.636950634,1.0,0.0,800.0,0.5,800.0,0.0,-0.004589158224993213,0.304,0.29941084177500676,800.0,0.0,-0.0042852271249937245,0.256,0.25171477287500627
77.660773095,1.0,0.0,800.0,0.5,800.0,0.0,-0.004589158224993213,0.304,0.29941084177500676,800.0,0.0,-0.0042852271249937245,0.256,0.25171477287500627
77.677133555,1.0,0.0,800.0,0.5,800.0,0.0,-0.004589158224993213,0.304,0.29941084177500676,800.0,0.0,-0.0042852271249937245,0.256,0.25171477287500627
77.688109265,1.0,0.0,800.0,0.5,800.0,0.0,-0.004589158224993213,0.304,0.29941084177500676,800.0,0.0,-0.0042852271249937245,0.256,0.25171477287500627
77.700848682,1.0,0.0,800.0,0.5,800.0,0.0,-0.004589158224993213,0.304,0.29941084177500676,800.0,0.0,-0.0042852271249937245,0.256,0.25171477287500627
77.715263142,1.0,0.0,800.0,0.5,800.0,0.0,-0.004589158224993213,0.304,0.29941084177500676,800.0,0.0,-0.0042852271249937245,0.256,0.25171477287500627
77.741895812,1.0,0.0,800.0,0.5,800.0,0.0,-0.004589158224993213,0.304,0.29941084177500676,800.0,0.0,-0.0042852271249937245,0.256,0.25171477287500627
77.75635198,1.0,0.0,800.0,0.5,800.0,0.0,-0.004589158224993213,0.304,0.29941084177500676,800.0,0.0,-0.0042852271249937245,0.256,0.25171477287500627
77.774880398,1.0,0.0,800.0,0.5,800.0,0.0,-0.004589158224993213,0.304,0.29941084177500676,800.0,0.0,-0.0042852271249937245,0.256,0.25171477287500627
77.785799816,1.0,0.0,800.0,0.5,800.0,0.0,-0.004589158224993213,0.304,0.29941084177500676,800.0,0.0,-0.0042852271249937245,0.256,0.25171477287500627
77.807952485,1.0,0.0,800.0,0.5,800.0,0.0,-0.004589158224993213,0.304,0.29941084177500676,780.0,20.0,0.18772108977500593,0.256,0.4437210897750059
77.822523861,1.0,0.0,800.0,0.5,800.0,0.0,-0.004589158224993213,0.304,0.29941084177500676,800.0,0.0,-0.002278910224994064,0.256,0.25372108977500596
77.842228572,1.0,0.0,800.0,0.5,800.0,0.0,-0.004589158224993213,0.304,0.29941084177500676,780.0,20.0,0.1897878108750048,0.256,0.4457878108750048
77.868883408,1.0,0.0,800.0,0.5,800.0,0.0,-0.004589158224993213,0.304,0.29941084177500676,820.0,-20.0,-0.19250363932499723,0.256,0.06349636067500278
77.891306452,1.0,0.0,800.0,0.5,780.0,20.0,0.18788157957500842,0.304,0.49188157957500844,780.0,20.0,0.18996733177500133,0.256,0.44596733177500136
77.908723328,1.0,0.0,800.0,0.5,780.0,20.0,0.18963379637500835,0.304,0.49363379637500837,800.0,0.0,-3.266822499867317E-5,0.256,0.2559673317750013
77.929882289,1.0,0.0,800.0,0.5,800.0,0.0,-3.662036249916412E-4,0.304,0.30363379637500837,780.0,20.0,0.1920214819750028,0.256,0.4480214819750028
77.944215374,1.0,0.0,800.0,0.5,800.0,0.0,-3.662036249916412E-4,0.304,0.30363379637500837,820.0,-20.0,-0.18959344742499454,0.256,0.06640655257500547
77.967136001,1.0,0.0,800.0,0.5,820.0,-20.0,-0.19248402462499328,0.304,0.11151597537500671,800.0,0.0,4.065525750054633E-4,0.256,0.25640655257500544
77.982673086,1.0,0.0,800.0,0.5,820.0,-20.0,-0.19398231642499197,0.304,0.11001768357500802,820.0,-20.0,-0.19109176842499423,0.256,0.06490823157500578
78.002030421,1.0,0.0,800.0,0.5,820.0,-20.0,-0.195,0.304,0.10899999999999999,800.0,0.0,-0.0010917684249942283,0.256,0.25490823157500575
78.023243923,1.0,0.0,800.0,0.5,800.0,0.0,-0.005,0.304,0.299,780.0,20.0,0.1912644609750045,0.256,0.4472644609750045
78.055711093,1.0,0.0,800.0,0.5,800.0,0.0,-0.005,0.304,0.299,820.0,-20.0,-0.1921199226249972,0.256,0.06388007737500281
78.077661637,1.0,0.0,800.0,0.5,820.0,-20.0,-0.195,0.304,0.10899999999999999,820.0,-20.0,-0.1940973353249977,0.256,0.0619026646750023
78.101505681,1.0,0.0,800.0,0.5,800.0,0.0,-0.005,0.304,0.299,800.0,0.0,-0.004097335324997715,0.256,0.2519026646750023
78.119148016,0.0,0.0,800.0,0.5,820.0,-20.0,-0.195,0.304,0.10899999999999999,780.0,20.0,0.18765861487500346,0.256,0.44365861487500347
78.140434727,1.0,0.0,800.0,0.5,820.0,-20.0,-0.195,0.304,0.10899999999999999,820.0,-20.0,-0.19458485612499643,0.256,0.061415143875003575
78.155549478,1.0,0.0,800.0,0.5,820.0,-20.0,-0.195,0.304,0.10899999999999999,820.0,-20.0,-0.195,0.256,0.061
78.177473772,1.0,0.0,800.0,0.5,800.0,0.0,-0.005,0.304,0.299,800.0,0.0,-0.005,0.256,0.251
78.192536315,1.0,0.0,800.0,0.5,800.0,0.0,-0.005,0.304,0.299,780.0,20.0,0.18667539180000062,0.256,0.4426753918000006
78.210369109,1.0,0.0,800.0,0.5,800.0,0.0,-0.005,0.304,0.299,800.0,0.0,-0.003324608199999375,0.256,0.25267539180000065
78.223682818,1.0,0.0,800.0,0.5,800.0,0.0,-0.005,0.304,0.299,800.0,0.0,-0.003324608199999375,0.256,0.25267539180000065
78.243661987,1.0,0.0,800.0,0.5,800.0,0.0,-0.005,0.304,0.299,800.0,0.0,-0.003324608199999375,0.256,0.25267539180000065
78.257209322,1.0,0.0,800.0,0.5,800.0,0.0,-0.005,0.304,0.299,780.0,20.0,0.18782630860000096,0.256,0.44382630860000094
78.281599366,1.0,0.0,800.0,0.5,800.0,0.0,-0.005,0.304,0.299,800.0,0.0,-0.0021736913999990293,0.256,0.253826308600001
78.293671159,1.0,0.0,800.0,0.5,800.0,0.0,-0.005,0.304,0.299,800.0,0.0,-0.0021736913999990293,0.256,0.253826308600001
78.306206993,1.0,0.0,800.0,0.5,800.0,0.0,-0.005,0.304,0.299,800.0,0.0,-0.0021736913999990293,0.256,0.253826308600001
78.331149746,1.0,0.0,800.0,0.5,800.0,0.0,-0.005,0.304,0.299,780.0,20.0,0.19011466710000263,0.256,0.44611466710000264
78.345269622,1.0,0.0,800.0,0.5,800.0,0.0,-0.005,0.304,0.299,800.0,0.0,1.1466710000263447E-4,0.256,0.25611466710000264
78.362787999,1.0,0.0,800.0,0.5,780.0,20.0,0.1868256001999987,0.304,0.49082560019999866,800.0,0.0,1.1466710000263447E-4,0.256,0.25611466710000264
78.376267375,1.0,0.0,800.0,0.5,780.0,20.0,0.18818645870000011,0.304,0.4921864587000001,800.0,0.0,1.1466710000263447E-4,0.256,0.25611466710000264
78.389399668,1.0,0.0,800.0,0.5,780.0,20.0,0.189500533800001,0.304,0.49350053380000103,800.0,0.0,1.1466710000263447E-4,0.256,0.25611466710000264
78.406269378,1.0,0.0,800.0,0.5,780.0,20.0,0.19117992150000077,0.304,0.4951799215000008,800.0,0.0,1.1466710000263447E-4,0.256,0.25611466710000264
78.427547922,1.0,0.0,800.0,0.5,800.0,0.0,0.0011799215000007734,0.304,0.3051799215000008,780.0,20.0,0.19174709640000231,0.256,0.4477470964000023
78.454139467,0.0,0.0,800.0,0.5,820.0,-20.0,-0.19176699130000088,0.304,0.11223300869999911,780.0,20.0,0.19469476760000418,0.256,0.45069476760000415
78.484174136,1.0,0.0,800.0,0.5,820.0,-20.0,-0.1947654707999999,0.304,0.1092345292000001,800.0,0.0,0.004694767600004184,0.256,0.2606947676000042
78.509761472,1.0,0.0,800.0,0.5,820.0,-20.0,-0.195,0.304,0.10899999999999999,800.0,0.0,0.004694767600004184,0.256,0.2606947676000042
78.528082516,1.0,0.0,800.0,0.5,820.0,-20.0,-0.195,0.304,0.10899999999999999,800.0,0.0,0.004694767600004184,0.256,0.2606947676000042
78.549510976,1.0,0.0,800.0,0.5,800.0,0.0,-0.005,0.304,0.299,800.0,0.0,0.004694767600004184,0.256,0.2606947676000042
78.577507479,1.0,0.0,800.0,0.5,820.0,-20.0,-0.195,0.304,0.10899999999999999,800.0,0.0,0.004694767600004184,0.256,0.2606947676000042
78.592843314,1.0,0.0,800.0,0.5,820.0,-20.0,-0.195,0.304,0.10899999999999999,800.0,0.0,0.004694767600004184,0.256,0.2606947676000042
78.620913317,0.0,0.0,800.0,0.5,820.0,-20.0,-0.195,0.304,0.10899999999999999,780.0,20.0,0.195,0.256,0.451
78.63677386,1.0,0.0,800.0,0.5,800.0,0.0,-0.005,0.304,0.299,780.0,20.0,0.195,0.256,0.451
78.659399612,1.0,0.0,800.0,0.5,800.0,0.0,-0.005,0.304,0.299,800.0,0.0,0.005,0.256,0.261
78.677592322,1.0,0.0,800.0,0.5,800.0,0.0,-0.005,0.304,0.299,820.0,-20.0,-0.18680999599999723,0.256,0.06919000400000277
78.703580992,1.0,0.0,800.0,0.5,800.0,0.0,-0.005,0.304,0.299,800.0,0.0,0.003190004000002773,0.256,0.2591900040000028
78.723989785,1.0,0.0,800.0,0.5,800.0,0.0,-0.005,0.304,0.299,780.0,20.0,0.195,0.256,0.451
78.747933288,1.0,0.0,800.0,0.5,800.0,0.0,-0.005,0.304,0.299,800.0,0.0,0.005,0.256,0.261
78.767166665,1.0,0.0,800.0,0.5,800.0,0.0,-0.005,0.304,0.299,800.0,0.0,0.005,0.256,0.261
78.777385207,1.0,0.0,800.0,0.5,800.0,0.0,-0.005,0.304,0.299,800.0,0.0,0.005,0.256,0.261
78.790505834,1.0,0.0,800.0,0.5,800.0,0.0,-0.005,0.304,0.299,800.0,0.0,0.005,0.256,0.261
78.808616585,1.0,0.0,800.0,0.5,820.0,-20.0,-0.195,0.304,0.10899999999999999,800.0,0.0,0.005,0.256,0.261
78.823470879,1.0,0.0,800.0,0.5,800.0,0.0,-0.005,0.304,0.299,800.0,0.0,0.005,0.256,0.261
78.835482296,1.0,0.0,800.0,0.5,800.0,0.0,-0.005,0.304,0.299,800.0,0.0,0.005,0.256,0.261
78.857657132,1.0,0.0,800.0,0.5,780.0,20.0,0.18709580019999864,0.304,0.49109580019999866,800.0,0.0,0.005,0.256,0.261
78.869687508,1.0,0.0,800.0,0.5,780.0,20.0,0.18830146279999896,0.304,0.492301462799999,800.0,0.0,0.005,0.256,0.261
78.891995635,1.0,0.0,800.0,0.5,780.0,20.0,0.1903050672000012,0.304,0.4943050672000012,780.0,20.0,0.195,0.256,0.451
78.909362345,1.0,0.0,800.0,0.5,800.0,0.0,3.0506720000119005E-4,0.304,0.30430506720000117,780.0,20.0,0.195,0.256,0.451
78.937875098,1.0,0.0,800.0,0.5,800.0,0.0,3.0506720000119005E-4,0.304,0.30430506720000117,820.0,-20.0,-0.18756558779999807,0.256,0.06843441220000193
78.952672517,1.0,0.0,800.0,0.5,800.0,0.0,3.0506720000119005E-4,0.304,0.30430506720000117,800.0,0.0,0.00243441220000193,0.256,0.25843441220000196
78.97077656,1.0,0.0,800.0,0.5,800.0,0.0,3.0506720000119005E-4,0.304,0.30430506720000117,800.0,0.0,0.00243441220000193,0.256,0.25843441220000196
78.985176145,1.0,0.0,800.0,0.5,800.0,0.0,3.0506720000119005E-4,0.304,0.30430506720000117,780.0,20.0,0.1936551540000022,0.256,0.4496551540000022
79.004800647,1.0,0.0,800.0,0.5,800.0,0.0,3.0506720000119005E-4,0.304,0.30430506720000117,820.0,-20.0,-0.18831732959999728,0.256,0.06768267040000273
79.020585065,1.0,0.0,800.0,0.5,800.0,0.0,3.0506720000119005E-4,0.304,0.30430506720000117,820.0,-20.0,-0.1896807546999986,0.256,0.06631924530000141
79.038352817,1.0,0.0,800.0,0.5,800.0,0.0,3.0506720000119005E-4,0.304,0.30430506720000117,800.0,0.0,3.192453000013984E-4,0.256,0.2563192453000014
79.061027569,1.0,0.0,800.0,0.5,800.0,0.0,3.0506720000119005E-4,0.304,0.30430506720000117,780.0,20.0,0.19261883300000135,0.256,0.4486188330000014
79.082522238,1.0,0.0,800.0,0.5,800.0,0.0,3.0506720000119005E-4,0.304,0.30430506720000117,820.0,-20.0,-0.18953264639999987,0.256,0.06646735360000014
79.095154031,1.0,0.0,800.0,0.5,800.0,0.0,3.0506720000119005E-4,0.304,0.30430506720000117,820.0,-20.0,-0.19078442149999889,0.256,0.06521557850000112
79.116329908,1.0,0.0,800.0,0.5,800.0,0.0,3.0506720000119005E-4,0.304,0.30430506720000117,820.0,-20.0,-0.19288748419999763,0.256,0.06311251580000238
79.133388618,1.0,0.0,800.0,0.5,800.0,0.0,3.0506720000119005E-4,0.304,0.30430506720000117,800.0,0.0,-0.0028874841999976296,0.256,0.2531125158000024
79.146302161,1.0,0.0,800.0,0.5,800.0,0.0,3.0506720000119005E-4,0.304,0.30430506720000117,800.0,0.0,-0.0028874841999976296,0.256,0.2531125158000024
79.157868204,1.0,0.0,800.0,0.5,800.0,0.0,3.0506720000119005E-4,0.304,0.30430506720000117,800.0,0.0,-0.0028874841999976296,0.256,0.2531125158000024
79.172463789,1.0,0.0,800.0,0.5,800.0,0.0,3.0506720000119005E-4,0.304,0.30430506720000117,800.0,0.0,-0.0028874841999976296,0.256,0.2531125158000024
79.187881874,1.0,0.0,800.0,0.5,800.0,0.0,3.0506720000119005E-4,0.304,0.30430506720000117,800.0,0.0,-0.0028874841999976296,0.256,0.2531125158000024
79.209301584,1.0,0.0,800.0,0.5,780.0,20.0,0.1922293966000018,0.304,0.49622939660000176,800.0,0.0,-0.0028874841999976296,0.256,0.2531125158000024
79.221693627,1.0,0.0,800.0,0.5,780.0,20.0,0.19356523010000104,0.304,0.49756523010000103,800.0,0.0,-0.0028874841999976296,0.256,0.2531125158000024
79.23628017,1.0,0.0,800.0,0.5,780.0,20.0,0.195,0.304,0.499,800.0,0.0,-0.0028874841999976296,0.256,0.2531125158000024
79.258257839,1.0,0.0,800.0,0.5,800.0,0.0,0.005,0.304,0.309,780.0,20.0,0.18910083690000307,0.256,0.44510083690000307
79.27373484,1.0,0.0,800.0,0.5,800.0,0.0,0.005,0.304,0.309,800.0,0.0,-8.991630999969402E-4,0.256,0.25510083690000307
79.294506176,1.0,0.0,800.0,0.5,800.0,0.0,0.005,0.304,0.309,800.0,0.0,-8.991630999969402E-4,0.256,0.25510083690000307
79.310275719,1.0,0.0,800.0,0.5,800.0,0.0,0.005,0.304,0.309,800.0,0.0,-8.991630999969402E-4,0.256,0.25510083690000307
79.323883137,1.0,0.0,800.0,0.5,800.0,0.0,0.005,0.304,0.309,780.0,20.0,0.19025507860000176,0.256,0.4462550786000018
79.338728389,1.0,0.0,800.0,0.5,800.0,0.0,0.005,0.304,0.309,780.0,20.0,0.19173986630000114,0.256,0.4477398663000012
79.35224539,1.0,0.0,800.0,0.5,800.0,0.0,0.005,0.304,0.309,800.0,0.0,0.0017398663000011538,0.256,0.2577398663000012
79.368776183,1.0,0.0,800.0,0.5,800.0,0.0,0.005,0.304,0.309,820.0,-20.0,-0.18991391299999863,0.256,0.06608608700000138
79.382621601,1.0,0.0,800.0,0.5,800.0,0.0,0.005,0.304,0.309,800.0,0.0,8.608700000138469E-5,0.256,0.2560860870000014
79.404160312,1.0,0.0,800.0,0.5,800.0,0.0,0.005,0.304,0.309,780.0,20.0,0.19227839970000218,0.256,0.44827839970000216
79.418392188,1.0,0.0,800.0,0.5,800.0,0.0,0.005,0.304,0.309,800.0,0.0,0.002278399700002183,0.256,0.2582783997000022
79.438472565,1.0,0.0,800.0,0.5,800.0,0.0,0.005,0.304,0.309,820.0,-20.0,-0.189529029699998,0.256,0.06647097030000201
79.456446817,1.0,0.0,800.0,0.5,800.0,0.0,0.005,0.304,0.309,820.0,-20.0,-0.191541704899999,0.256,0.064458295100001
79.475891944,1.0,0.0,800.0,0.5,800.0,0.0,0.005,0.304,0.309,800.0,0.0,-0.0015417048999989901,0.256,0.254458295100001
79.493489946,1.0,0.0,800.0,0.5,820.0,-20.0,-0.18684983770000144,0.304,0.11715016229999856,800.0,0.0,-0.0015417048999989901,0.256,0.254458295100001
79.51265974,1.0,0.0,800.0,0.5,780.0,20.0,0.195,0.304,0.499,800.0,0.0,-0.0015417048999989901,0.256,0.254458295100001
79.534019658,1.0,0.0,800.0,0.5,820.0,-20.0,-0.18682770020000192,0.304,0.11717229979999808,800.0,0.0,-0.0015417048999989901,0.256,0.254458295100001
79.547856035,1.0,0.0,800.0,0.5,780.0,20.0,0.19485929999999713,0.304,0.4988592999999971,800.0,0.0,-0.0015417048999989901,0.256,0.254458295100001
79.572184829,1.0,0.0,800.0,0.5,820.0,-20.0,-0.18757535850000465,0.304,0.11642464149999535,800.0,0.0,-0.0015417048999989901,0.256,0.254458295100001
79.594749623,1.0,0.0,800.0,0.5,820.0,-20.0,-0.18983586290000345,0.304,0.11416413709999654,800.0,0.0,-0.0015417048999989901,0.256,0.254458295100001
79.616736333,1.0,0.0,800.0,0.5,800.0,0.0,1.6413709999653746E-4,0.304,0.3041641370999965,820.0,-20.0,-0.19352815929999906,0.256,0.06247184070000095
79.631949668,1.0,0.0,800.0,0.5,800.0,0.0,1.6413709999653746E-4,0.304,0.3041641370999965,780.0,20.0,0.18808350340000118,0.256,0.4440835034000012
79.648088753,1.0,0.0,800.0,0.5,800.0,0.0,1.6413709999653746E-4,0.304,0.3041641370999965,800.0,0.0,-0.0019164965999988227,0.256,0.2540835034000012
79.660197296,1.0,0.0,800.0,0.5,800.0,0.0,1.6413709999653746E-4,0.304,0.3041641370999965,800.0,0.0,-0.0019164965999988227,0.256,0.2540835034000012
79.678107964,1.0,0.0,800.0,0.5,800.0,0.0,1.6413709999653746E-4,0.304,0.3041641370999965,800.0,0.0,-0.0019164965999988227,0.256,0.2540835034000012
79.696651841,1.0,0.0,800.0,0.5,800.0,0.0,1.6413709999653746E-4,0.304,0.3041641370999965,800.0,0.0,-0.0019164965999988227,0.256,0.2540835034000012
79.714395968,1.0,0.0,800.0,0.5,800.0,0.0,1.6413709999653746E-4,0.304,0.3041641370999965,780.0,20.0,0.18951150360000044,0.256,0.44551150360000047
79.732334928,1.0,0.0,800.0,0.5,800.0,0.0,1.6413709999653746E-4,0.304,0.3041641370999965,820.0,-20.0,-0.1924272341000011,0.256,0.06357276589999891
79.755999889,0.0,0.0,800.0,0.5,820.0,-20.0,-0.1919222423000042,0.304,0.11207775769999578,780.0,20.0,0.18965917439999885,0.256,0.44565917439999886
79.777569808,1.0,0.0,800.0,0.5,820.0,-20.0,-0.1942333509000042,0.304,0.10976664909999578,800.0,0.0,-3.4082560000115337E-4,0.256,0.25565917439999886
79.791817726,1.0,0.0,800.0,0.5,800.0,0.0,-0.004233350900004211,0.304,0.2997666490999958,800.0,0.0,-3.4082560000115337E-4,0.256,0.25565917439999886
79.810556436,1.0,0.0,800.0,0.5,780.0,20.0,0.18748199919999536,0.304,0.49148199919999536,800.0,0.0,-3.4082560000115337E-4,0.256,0.25565917439999886
79.824711021,1.0,0.0,800.0,0.5,800.0,0.0,-0.0025180008000046427,0.304,0.30148199919999535,800.0,0.0,-3.4082560000115337E-4,0.256,0.25565917439999886
79.839389147,1.0,0.0,800.0,0.5,800.0,0.0,-0.0025180008000046427,0.304,0.30148199919999535,800.0,0.0,-3.4082560000115337E-4,0.256,0.25565917439999886
79.856994441,1.0,0.0,800.0,0.5,820.0,-20.0,-0.19415445520000446,0.304,0.10984554479999553,800.0,0.0,-3.4082560000115337E-4,0.256,0.25565917439999886
79.877343735,1.0,0.0,800.0,0.5,800.0,0.0,-0.004154455200004463,0.304,0.29984554479999553,800.0,0.0,-3.4082560000115337E-4,0.256,0.25565917439999886
79.893617861,1.0,0.0,800.0,0.5,800.0,0.0,-0.004154455200004463,0.304,0.29984554479999553,800.0,0.0,-3.4082560000115337E-4,0.256,0.25565917439999886
79.909071238,1.0,0.0,800.0,0.5,800.0,0.0,-0.004154455200004463,0.304,0.29984554479999553,800.0,0.0,-3.4082560000115337E-4,0.256,0.25565917439999886
79.92902649,1.0,0.0,800.0,0.5,800.0,0.0,-0.004154455200004463,0.304,0.29984554479999553,800.0,0.0,-3.4082560000115337E-4,0.256,0.25565917439999886
79.944943033,1.0,0.0,800.0,0.5,780.0,20.0,0.18731052829999556,0.304,0.49131052829999555,800.0,0.0,-3.4082560000115337E-4,0.256,0.25565917439999886
79.962101785,1.0,0.0,800.0,0.5,800.0,0.0,-0.0026894717000044465,0.304,0.30131052829999555,800.0,0.0,-3.4082560000115337E-4,0.256,0.25565917439999886
79.975036036,1.0,0.0,800.0,0.5,780.0,20.0,0.18859922839999513,0.304,0.49259922839999515,800.0,0.0,-3.4082560000115337E-4,0.256,0.25565917439999886
79.989227662,1.0,0.0,800.0,0.5,780.0,20.0,0.19000590769999634,0.304,0.4940059076999963,800.0,0.0,-3.4082560000115337E-4,0.256,0.25565917439999886
80.004684247,1.0,0.0,800.0,0.5,820.0,-20.0,-0.19155938000000164,0.304,0.11244061999999835,800.0,0.0,-3.4082560000115337E-4,0.256,0.25565917439999886
80.030348292,0.0,0.0,800.0,0.5,820.0,-20.0,-0.19369744270000297,0.304,0.11030255729999702,780.0,20.0,0.19179726629999835,0.256,0.4477972662999984
80.055374752,1.0,0.0,800.0,0.5,800.0,0.0,-0.0036974427000029666,0.304,0.30030255729999705,800.0,0.0,0.0017972662999983413,0.256,0.25779726629999833
80.087114214,1.0,0.0,800.0,0.5,800.0,0.0,-0.0036974427000029666,0.304,0.30030255729999705,800.0,0.0,0.0017972662999983413,0.256,0.25779726629999833
80.1141278,1.0,0.0,800.0,0.5,800.0,0.0,-0.0036974427000029666,0.304,0.30030255729999705,780.0,20.0,0.19414707909999834,0.256,0.45014707909999835
80.138171636,1.0,0.0,800.0,0.5,820.0,-20.0,-0.195,0.304,0.10899999999999999,820.0,-20.0,-0.18823187110000164,0.256,0.06776812889999836
80.155598429,1.0,0.0,800.0,0.5,820.0,-20.0,-0.195,0.304,0.10899999999999999,800.0,0.0,0.0017681288999983735,0.256,0.2577681288999984
80.174518264,1.0,0.0,800.0,0.5,800.0,0.0,-0.005,0.304,0.299,800.0,0.0,0.0017681288999983735,0.256,0.2577681288999984
80.192414933,1.0,0.0,800.0,0.5,800.0,0.0,-0.005,0.304,0.299,780.0,20.0,0.19343337069999905,0.256,0.44943337069999906
80.205954976,1.0,0.0,800.0,0.5,800.0,0.0,-0.005,0.304,0.299,820.0,-20.0,-0.1879312503,0.256,0.06806874970000001
80.219817602,1.0,0.0,800.0,0.5,800.0,0.0,-0.005,0.304,0.299,820.0,-20.0,-0.18932565039999985,0.256,0.06667434960000015
80.234009812,1.0,0.0,800.0,0.5,800.0,0.0,-0.005,0.304,0.299,780.0,20.0,0.19210722060000024,0.256,0.44810722060000024
80.251672855,1.0,0.0,800.0,0.5,800.0,0.0,-0.005,0.304,0.299,800.0,0.0,0.0021072206000002326,0.256,0.25810722060000024
80.267092107,1.0,0.0,800.0,0.5,800.0,0.0,-0.005,0.304,0.299,800.0,0.0,0.0021072206000002326,0.256,0.25810722060000024
80.293019526,1.0,0.0,800.0,0.5,800.0,0.0,-0.005,0.304,0.299,780.0,20.0,0.19448692910000148,0.256,0.4504869291000015
80.308699236,1.0,0.0,800.0,0.5,800.0,0.0,-0.005,0.304,0.299,800.0,0.0,0.004486929100001476,0.256,0.2604869291000015
80.334836072,0.0,0.0,800.0,0.5,780.0,20.0,0.18737370019999902,0.304,0.49137370019999904,820.0,-20.0,-0.1878868294999967,0.256,0.06811317050000332
80.350323282,0.0,0.0,800.0,0.5,780.0,20.0,0.1891400336999999,0.304,0.4931400336999999,820.0,-20.0,-0.18965313379999657,0.256,0.06634686620000343
80.371790534,1.0,0.0,800.0,0.5,800.0,0.0,-8.599663000001101E-4,0.304,0.30314003369999987,800.0,0.0,3.4686620000343285E-4,0.256,0.25634686620000346
80.388969411,1.0,0.0,800.0,0.5,800.0,0.0,-8.599663000001101E-4,0.304,0.30314003369999987,820.0,-20.0,-0.19148695899999438,0.256,0.06451304100000563
80.412174705,1.0,0.0,800.0,0.5,800.0,0.0,-8.599663000001101E-4,0.304,0.30314003369999987,800.0,0.0,-0.0014869589999943855,0.256,0.2545130410000056
80.423985164,1.0,0.0,800.0,0.5,820.0,-20.0,-0.1921174581000014,0.304,0.1118825418999986,800.0,0.0,-0.0014869589999943855,0.256,0.2545130410000056
80.450415709,1.0,0.0,800.0,0.5,800.0,0.0,-0.002117458100001386,0.304,0.3018825418999986,800.0,0.0,-0.0014869589999943855,0.256,0.2545130410000056
80.462652293,1.0,0.0,800.0,0.5,800.0,0.0,-0.002117458100001386,0.304,0.3018825418999986,800.0,0.0,-0.0014869589999943855,0.256,0.2545130410000056
80.475063295,1.0,0.0,800.0,0.5,800.0,0.0,-0.002117458100001386,0.304,0.3018825418999986,800.0,0.0,-0.0014869589999943855,0.256,0.2545130410000056
80.498089797,1.0,0.0,800.0,0.5,800.0,0.0,-0.002117458100001386,0.304,0.3018825418999986,800.0,0.0,-0.0014869589999943855,0.256,0.2545130410000056
80.510485631,1.0,0.0,800.0,0.5,800.0,0.0,-0.002117458100001386,0.304,0.3018825418999986,800.0,0.0,-0.0014869589999943855,0.256,0.2545130410000056
80.530493092,1.0,0.0,800.0,0.5,800.0,0.0,-0.002117458100001386,0.304,0.3018825418999986,800.0,0.0,-0.0014869589999943855,0.256,0.2545130410000056
80.542275843,1.0,0.0,800.0,0.5,800.0,0.0,-0.002117458100001386,0.304,0.3018825418999986,800.0,0.0,-0.0014869589999943855,0.256,0.2545130410000056
80.556528136,1.0,0.0,800.0,0.5,800.0,0.0,-0.002117458100001386,0.304,0.3018825418999986,800.0,0.0,-0.0014869589999943855,0.256,0.2545130410000056
80.584854806,1.0,0.0,800.0,0.5,800.0,0.0,-0.002117458100001386,0.304,0.3018825418999986,780.0,20.0,0.19114305800000694,0.256,0.447143058000007
80.597944515,1.0,0.0,800.0,0.5,800.0,0.0,-0.002117458100001386,0.304,0.3018825418999986,800.0,0.0,0.0011430580000069313,0.256,0.2571430580000069
80.622273601,1.0,0.0,800.0,0.5,800.0,0.0,-0.002117458100001386,0.304,0.3018825418999986,800.0,0.0,0.0011430580000069313,0.256,0.2571430580000069
80.634872144,1.0,0.0,800.0,0.5,800.0,0.0,-0.002117458100001386,0.304,0.3018825418999986,820.0,-20.0,-0.18989419619999295,0.256,0.06610580380000705
80.650160729,1.0,0.0,800.0,0.5,800.0,0.0,-0.002117458100001386,0.304,0.3018825418999986,780.0,20.0,0.1916617290000073,0.256,0.44766172900000734
80.663167022,1.0,0.0,800.0,0.5,800.0,0.0,-0.002117458100001386,0.304,0.3018825418999986,780.0,20.0,0.19295728330000486,0.256,0.44895728330000484
80.683428815,1.0,0.0,800.0,0.5,800.0,0.0,-0.002117458100001386,0.304,0.3018825418999986,780.0,20.0,0.1949932335000068,0.256,0.4509932335000068
80.696324567,1.0,0.0,800.0,0.5,800.0,0.0,-0.002117458100001386,0.304,0.3018825418999986,800.0,0.0,0.004993233500006795,0.256,0.2609932335000068
80.709804235,1.0,0.0,800.0,0.5,800.0,0.0,-0.002117458100001386,0.304,0.3018825418999986,800.0,0.0,0.004993233500006795,0.256,0.2609932335000068
80.728757612,1.0,0.0,800.0,0.5,780.0,20.0,0.18967191710000067,0.304,0.4936719171000007,800.0,0.0,0.004993233500006795,0.256,0.2609932335000068
80.741195738,1.0,0.0,800.0,0.5,780.0,20.0,0.19089636309999833,0.304,0.4948963630999983,800.0,0.0,0.004993233500006795,0.256,0.2609932335000068
80.755898364,1.0,0.0,800.0,0.5,780.0,20.0,0.19219314229999954,0.304,0.49619314229999956,780.0,20.0,0.195,0.256,0.451
80.775778658,1.0,0.0,800.0,0.5,800.0,0.0,0.002193142299999522,0.304,0.3061931422999995,820.0,-20.0,-0.18696102099999962,0.256,0.06903897900000039
80.795424452,1.0,0.0,800.0,0.5,800.0,0.0,0.002193142299999522,0.304,0.3061931422999995,800.0,0.0,0.0030389790000003815,0.256,0.2590389790000004
80.81240062,1.0,0.0,800.0,0.5,800.0,0.0,0.002193142299999522,0.304,0.3061931422999995,820.0,-20.0,-0.18865362109999978,0.256,0.06734637890000023
80.828785288,1.0,0.0,800.0,0.5,800.0,0.0,0.002193142299999522,0.304,0.3061931422999995,800.0,0.0,0.001346378900000218,0.256,0.2573463789000002
80.853712583,1.0,0.0,800.0,0.5,820.0,-20.0,-0.19017530790000137,0.304,0.11382469209999863,800.0,0.0,0.001346378900000218,0.256,0.2573463789000002
80.876329876,1.0,0.0,800.0,0.5,820.0,-20.0,-0.1926088873000009,0.304,0.1113911126999991,800.0,0.0,0.001346378900000218,0.256,0.2573463789000002
80.897777004,1.0,0.0,800.0,0.5,820.0,-20.0,-0.19479667919999996,0.304,0.10920332080000003,800.0,0.0,0.001346378900000218,0.256,0.2573463789000002
80.91189513,1.0,0.0,800.0,0.5,820.0,-20.0,-0.195,0.304,0.10899999999999999,800.0,0.0,0.001346378900000218,0.256,0.2573463789000002
80.92548709,1.0,0.0,800.0,0.5,800.0,0.0,-0.005,0.304,0.299,800.0,0.0,0.001346378900000218,0.256,0.2573463789000002
80.943425758,1.0,0.0,800.0,0.5,780.0,20.0,0.18674180430000206,0.304,0.490741804300002,800.0,0.0,0.001346378900000218,0.256,0.2573463789000002
80.958854926,1.0,0.0,800.0,0.5,780.0,20.0,0.1883523878000011,0.304,0.4923523878000011,800.0,0.0,0.001346378900000218,0.256,0.2573463789000002
80.974281761,1.0,0.0,800.0,0.5,780.0,20.0,0.18983323790000156,0.304,0.49383323790000155,800.0,0.0,0.001346378900000218,0.256,0.2573463789000002
80.991006513,1.0,0.0,800.0,0.5,820.0,-20.0,-0.19189179569999737,0.304,0.11210820430000262,800.0,0.0,0.001346378900000218,0.256,0.2573463789000002
81.005191431,1.0,0.0,800.0,0.5,820.0,-20.0,-0.19331445829999835,0.304,0.11068554170000164,800.0,0.0,0.001346378900000218,0.256,0.2573463789000002
81.017662807,1.0,0.0,800.0,0.5,820.0,-20.0,-0.19455302089999804,0.304,0.10944697910000195,800.0,0.0,0.001346378900000218,0.256,0.2573463789000002
81.031271975,1.0,0.0,800.0,0.5,820.0,-20.0,-0.195,0.304,0.10899999999999999,800.0,0.0,0.001346378900000218,0.256,0.2573463789000002
81.06425102,1.0,0.0,800.0,0.5,800.0,0.0,-0.005,0.304,0.299,800.0,0.0,0.001346378900000218,0.256,0.2573463789000002
81.087942231,1.0,0.0,800.0,0.5,800.0,0.0,-0.005,0.304,0.299,800.0,0.0,0.001346378900000218,0.256,0.2573463789000002
81.105742941,1.0,0.0,800.0,0.5,800.0,0.0,-0.005,0.304,0.299,780.0,20.0,0.1926414957000003,0.256,0.44864149570000034
81.131969902,1.0,0.0,800.0,0.5,800.0,0.0,-0.005,0.304,0.299,800.0,0.0,0.0026414957000002915,0.256,0.2586414957000003
81.14775957,1.0,0.0,800.0,0.5,820.0,-20.0,-0.195,0.304,0.10899999999999999,800.0,0.0,0.0026414957000002915,0.256,0.2586414957000003
81.169924781,0.0,0.0,800.0,0.5,820.0,-20.0,-0.195,0.304,0.10899999999999999,780.0,20.0,0.1947804043000002,0.256,0.4507804043000002
81.185435033,1.0,0.0,800.0,0.5,820.0,-20.0,-0.195,0.304,0.10899999999999999,800.0,0.0,0.004780404300000214,0.256,0.2607804043000002
81.203726618,1.0,0.0,800.0,0.5,800.0,0.0,-0.005,0.304,0.299,780.0,20.0,0.195,0.256,0.451
81.234133454,1.0,0.0,800.0,0.5,780.0,20.0,0.18811284200000158,0.304,0.4921128420000016,800.0,0.0,0.005,0.256,0.261
81.266275124,0.0,0.0,800.0,0.5,780.0,20.0,0.19124674230000152,0.304,0.49524674230000154,820.0,-20.0,-0.18813392950000093,0.256,0.06786607049999907
81.291936835,1.0,0.0,800.0,0.5,800.0,0.0,0.0012467423000015287,0.304,0.30524674230000154,780.0,20.0,0.19449821659999997,0.256,0.4504982166
81.318216004,1.0,0.0,800.0,0.5,820.0,-20.0,-0.19133619960000034,0.304,0.11266380039999965,800.0,0.0,0.004498216599999978,0.256,0.2604982166
81.343761923,1.0,0.0,800.0,0.5,820.0,-20.0,-0.19381647480000028,0.304,0.11018352519999972,820.0,-20.0,-0.1879820586999989,0.256,0.0680179413000011
81.371924385,1.0,0.0,800.0,0.5,820.0,-20.0,-0.195,0.304,0.10899999999999999,800.0,0.0,0.0020179413000010983,0.256,0.2580179413000011
81.385760469,1.0,0.0,800.0,0.5,800.0,0.0,-0.005,0.304,0.299,800.0,0.0,0.0020179413000010983,0.256,0.2580179413000011
81.401189929,1.0,0.0,800.0,0.5,800.0,0.0,-0.005,0.304,0.299,800.0,0.0,0.0020179413000010983,0.256,0.2580179413000011
81.426472473,1.0,0.0,800.0,0.5,820.0,-20.0,-0.195,0.304,0.10899999999999999,800.0,0.0,0.0020179413000010983,0.256,0.2580179413000011
81.450513101,1.0,0.0,800.0,0.5,820.0,-20.0,-0.195,0.304,0.10899999999999999,800.0,0.0,0.0020179413000010983,0.256,0.2580179413000011
81.465698727,1.0,0.0,800.0,0.5,820.0,-20.0,-0.195,0.304,0.10899999999999999,800.0,0.0,0.0020179413000010983,0.256,0.2580179413000011
81.482344729,1.0,0.0,800.0,0.5,800.0,0.0,-0.005,0.304,0.299,800.0,0.0,0.0020179413000010983,0.256,0.2580179413000011
81.500323356,1.0,0.0,800.0,0.5,800.0,0.0,-0.005,0.304,0.299,800.0,0.0,0.0020179413000010983,0.256,0.2580179413000011
81.513266066,1.0,0.0,800.0,0.5,800.0,0.0,-0.005,0.304,0.299,800.0,0.0,0.0020179413000010983,0.256,0.2580179413000011
81.537928818,1.0,0.0,800.0,0.5,800.0,0.0,-0.005,0.304,0.299,800.0,0.0,0.0020179413000010983,0.256,0.2580179413000011
81.549075444,1.0,0.0,800.0,0.5,800.0,0.0,-0.005,0.304,0.299,800.0,0.0,0.0020179413000010983,0.256,0.2580179413000011
81.578884364,1.0,0.0,800.0,0.5,780.0,20.0,0.18764929610000025,0.304,0.49164929610000024,800.0,0.0,0.0020179413000010983,0.256,0.2580179413000011
81.594075532,1.0,0.0,800.0,0.5,800.0,0.0,-0.0023507038999997574,0.304,0.30164929610000024,800.0,0.0,0.0020179413000010983,0.256,0.2580179413000011
81.618435243,1.0,0.0,800.0,0.5,800.0,0.0,-0.0023507038999997574,0.304,0.30164929610000024,800.0,0.0,0.0020179413000010983,0.256,0.2580179413000011
81.639170703,1.0,0.0,800.0,0.5,800.0,0.0,-0.0023507038999997574,0.304,0.30164929610000024,800.0,0.0,0.0020179413000010983,0.256,0.2580179413000011
81.65692708,1.0,0.0,800.0,0.5,800.0,0.0,-0.0023507038999997574,0.304,0.30164929610000024,800.0,0.0,0.0020179413000010983,0.256,0.2580179413000011
81.675287498,1.0,0.0,800.0,0.5,800.0,0.0,-0.0023507038999997574,0.304,0.30164929610000024,780.0,20.0,0.19346151640000187,0.256,0.44946151640000187
81.699065918,1.0,0.0,800.0,0.5,800.0,0.0,-0.0023507038999997574,0.304,0.30164929610000024,780.0,20.0,0.195,0.256,0.451
81.716915919,1.0,0.0,800.0,0.5,800.0,0.0,-0.0023507038999997574,0.304,0.30164929610000024,800.0,0.0,0.005,0.256,0.261
81.746524172,1.0,0.0,800.0,0.5,800.0,0.0,-0.0023507038999997574,0.304,0.30164929610000024,800.0,0.0,0.005,0.256,0.261
81.774797467,1.0,0.0,800.0,0.5,780.0,20.0,0.1903463380000011,0.304,0.49434633800000105,800.0,0.0,0.005,0.256,0.261
81.787862968,1.0,0.0,800.0,0.5,780.0,20.0,0.19164192149999962,0.304,0.49564192149999964,800.0,0.0,0.005,0.256,0.261
81.807705928,1.0,0.0,800.0,0.5,800.0,0.0,0.0016419214999996256,0.304,0.30564192149999964,800.0,0.0,0.005,0.256,0.261
81.820387888,1.0,0.0,800.0,0.5,800.0,0.0,0.0016419214999996256,0.304,0.30564192149999964,800.0,0.0,0.005,0.256,0.261
81.837096306,1.0,0.0,800.0,0.5,800.0,0.0,0.0016419214999996256,0.304,0.30564192149999964,800.0,0.0,0.005,0.256,0.261
81.856639433,1.0,0.0,800.0,0.5,800.0,0.0,0.0016419214999996256,0.304,0.30564192149999964,780.0,20.0,0.195,0.256,0.451
81.869492018,1.0,0.0,800.0,0.5,800.0,0.0,0.0016419214999996256,0.304,0.30564192149999964,780.0,20.0,0.195,0.256,0.451
81.880450811,1.0,0.0,800.0,0.5,800.0,0.0,0.0016419214999996256,0.304,0.30564192149999964,780.0,20.0,0.195,0.256,0.451
81.90432023,1.0,0.0,800.0,0.5,800.0,0.0,0.0016419214999996256,0.304,0.30564192149999964,800.0,0.0,0.005,0.256,0.261
81.928991149,1.0,0.0,800.0,0.5,780.0,20.0,0.1939023091999991,0.304,0.4979023091999991,780.0,20.0,0.195,0.256,0.451
81.948034068,1.0,0.0,800.0,0.5,800.0,0.0,0.003902309199999081,0.304,0.30790230919999906,800.0,0.0,0.005,0.256,0.261
81.967247903,1.0,0.0,800.0,0.5,800.0,0.0,0.003902309199999081,0.304,0.30790230919999906,800.0,0.0,0.005,0.256,0.261
81.989900197,1.0,0.0,800.0,0.5,800.0,0.0,0.003902309199999081,0.304,0.30790230919999906,800.0,0.0,0.005,0.256,0.261
82.005922615,1.0,0.0,800.0,0.5,800.0,0.0,0.003902309199999081,0.304,0.30790230919999906,800.0,0.0,0.005,0.256,0.261
82.018657075,1.0,0.0,800.0,0.5,800.0,0.0,0.003902309199999081,0.304,0.30790230919999906,800.0,0.0,0.005,0.256,0.261
82.030816951,1.0,0.0,800.0,0.5,800.0,0.0,0.003902309199999081,0.304,0.30790230919999906,800.0,0.0,0.005,0.256,0.261
82.044943244,1.0,0.0,800.0,0.5,800.0,0.0,0.003902309199999081,0.304,0.30790230919999906,800.0,0.0,0.005,0.256,0.261
82.055740162,1.0,0.0,800.0,0.5,800.0,0.0,0.003902309199999081,0.304,0.30790230919999906,800.0,0.0,0.005,0.256,0.261
82.071425705,1.0,0.0,800.0,0.5,780.0,20.0,0.195,0.304,0.499,800.0,0.0,0.005,0.256,0.261
82.090278457,1.0,0.0,800.0,0.5,780.0,20.0,0.195,0.304,0.499,800.0,0.0,0.005,0.256,0.261
82.106358333,1.0,0.0,800.0,0.5,780.0,20.0,0.195,0.304,0.499,800.0,0.0,0.005,0.256,0.261
82.123412377,1.0,0.0,800.0,0.5,800.0,0.0,0.005,0.304,0.309,800.0,0.0,0.005,0.256,0.261
82.148510588,1.0,0.0,800.0,0.5,800.0,0.0,0.005,0.304,0.309,800.0,0.0,0.005,0.256,0.261
82.172064423,1.0,0.0,800.0,0.5,780.0,20.0,0.195,0.304,0.499,800.0,0.0,0.005,0.256,0.261
82.189410425,1.0,0.0,800.0,0.5,800.0,0.0,0.005,0.304,0.309,780.0,20.0,0.195,0.256,0.451
82.213225302,1.0,0.0,800.0,0.5,800.0,0.0,0.005,0.304,0.309,800.0,0.0,0.005,0.256,0.261
82.231920554,1.0,0.0,800.0,0.5,800.0,0.0,0.005,0.304,0.309,780.0,20.0,0.195,0.256,0.451
82.248000431,1.0,0.0,800.0,0.5,800.0,0.0,0.005,0.304,0.309,800.0,0.0,0.005,0.256,0.261
82.260650891,1.0,0.0,800.0,0.5,800.0,0.0,0.005,0.304,0.309,780.0,20.0,0.195,0.256,0.451
82.277286392,1.0,0.0,800.0,0.5,800.0,0.0,0.005,0.304,0.309,800.0,0.0,0.005,0.256,0.261
82.290187685,1.0,0.0,800.0,0.5,800.0,0.0,0.005,0.304,0.309,800.0,0.0,0.005,0.256,0.261
82.302074853,1.0,0.0,800.0,0.5,800.0,0.0,0.005,0.304,0.309,800.0,0.0,0.005,0.256,0.261
82.313540854,1.0,0.0,800.0,0.5,800.0,0.0,0.005,0.304,0.309,800.0,0.0,0.005,0.256,0.261
82.336649898,1.0,0.0,800.0,0.5,800.0,0.0,0.005,0.304,0.309,800.0,0.0,0.005,0.256,0.261
82.350135691,1.0,0.0,800.0,0.5,780.0,20.0,0.195,0.304,0.499,800.0,0.0,0.005,0.256,0.261
82.36638736,1.0,0.0,800.0,0.5,780.0,20.0,0.195,0.304,0.499,800.0,0.0,0.005,0.256,0.261
82.378455944,1.0,0.0,800.0,0.5,780.0,20.0,0.195,0.304,0.499,800.0,0.0,0.005,0.256,0.261
82.395007154,1.0,0.0,800.0,0.5,800.0,0.0,0.005,0.304,0.309,780.0,20.0,0.195,0.256,0.451
82.408506947,1.0,0.0,800.0,0.5,800.0,0.0,0.005,0.304,0.309,780.0,20.0,0.195,0.256,0.451
82.424453532,1.0,0.0,800.0,0.5,800.0,0.0,0.005,0.304,0.309,800.0,0.0,0.005,0.256,0.261
82.438975617,1.0,0.0,800.0,0.5,800.0,0.0,0.005,0.304,0.309,820.0,-20.0,-0.18657756680000034,0.256,0.06942243319999966
82.461176119,1.0,0.0,800.0,0.5,800.0,0.0,0.005,0.304,0.309,780.0,20.0,0.195,0.256,0.451
82.474915079,1.0,0.0,800.0,0.5,800.0,0.0,0.005,0.304,0.309,780.0,20.0,0.195,0.256,0.451
82.501155456,1.0,0.0,800.0,0.5,800.0,0.0,0.005,0.304,0.309,820.0,-20.0,-0.18741960860000176,0.256,0.06858039139999825
82.525465876,1.0,0.0,800.0,0.5,800.0,0.0,0.005,0.304,0.309,800.0,0.0,0.002580391399998234,0.256,0.2585803913999982
82.546019919,1.0,0.0,800.0,0.5,800.0,0.0,0.005,0.304,0.309,800.0,0.0,0.002580391399998234,0.256,0.2585803913999982
82.559203254,1.0,0.0,800.0,0.5,800.0,0.0,0.005,0.304,0.309,780.0,20.0,0.19369219569999926,0.256,0.4496921956999993
82.582567215,1.0,0.0,800.0,0.5,800.0,0.0,0.005,0.304,0.309,820.0,-20.0,-0.18859149619999926,0.256,0.06740850380000074
82.598522258,1.0,0.0,800.0,0.5,800.0,0.0,0.005,0.304,0.309,820.0,-20.0,-0.19000721709999824,0.256,0.06599278290000177
82.615629676,1.0,0.0,800.0,0.5,800.0,0.0,0.005,0.304,0.309,820.0,-20.0,-0.19194580899999836,0.256,0.06405419100000165
82.628955636,1.0,0.0,800.0,0.5,800.0,0.0,0.005,0.304,0.309,800.0,0.0,-0.0019458089999983485,0.256,0.25405419100000165
82.65226418,1.0,0.0,800.0,0.5,780.0,20.0,0.195,0.304,0.499,800.0,0.0,-0.0019458089999983485,0.256,0.25405419100000165
82.66946464,1.0,0.0,800.0,0.5,780.0,20.0,0.195,0.304,0.499,800.0,0.0,-0.0019458089999983485,0.256,0.25405419100000165
82.703593727,0.0,0.0,800.0,0.5,780.0,20.0,0.195,0.304,0.499,820.0,-20.0,-0.19492990929999848,0.256,0.06107009070000152
82.718350895,0.0,0.0,800.0,0.5,780.0,20.0,0.195,0.304,0.499,820.0,-20.0,-0.195,0.256,0.061
82.751329065,1.0,0.0,800.0,0.5,800.0,0.0,0.005,0.304,0.309,800.0,0.0,-0.005,0.256,0.251
82.770236358,1.0,0.0,800.0,0.5,800.0,0.0,0.005,0.304,0.309,800.0,0.0,-0.005,0.256,0.251
82.783601693,1.0,0.0,800.0,0.5,800.0,0.0,0.005,0.304,0.309,800.0,0.0,-0.005,0.256,0.251
82.80397082,1.0,0.0,800.0,0.5,800.0,0.0,0.005,0.304,0.309,800.0,0.0,-0.005,0.256,0.251
82.817016197,1.0,0.0,800.0,0.5,820.0,-20.0,-0.18618267930000115,0.304,0.11781732069999884,800.0,0.0,-0.005,0.256,0.251
82.83520599,1.0,0.0,800.0,0.5,820.0,-20.0,-0.18797021700000074,0.304,0.11602978299999925,800.0,0.0,-0.005,0.256,0.251
82.858415951,1.0,0.0,800.0,0.5,820.0,-20.0,-0.19031084220000083,0.304,0.11368915779999916,800.0,0.0,-0.005,0.256,0.251
82.873692577,1.0,0.0,800.0,0.5,800.0,0.0,-3.108422000008204E-4,0.304,0.30368915779999917,800.0,0.0,-0.005,0.256,0.251
82.894846579,1.0,0.0,800.0,0.5,800.0,0.0,-3.108422000008204E-4,0.304,0.30368915779999917,800.0,0.0,-0.005,0.256,0.251
82.906533955,1.0,0.0,800.0,0.5,800.0,0.0,-3.108422000008204E-4,0.304,0.30368915779999917,800.0,0.0,-0.005,0.256,0.251
82.923538124,1.0,0.0,800.0,0.5,800.0,0.0,-3.108422000008204E-4,0.304,0.30368915779999917,800.0,0.0,-0.005,0.256,0.251
82.942800667,1.0,0.0,800.0,0.5,820.0,-20.0,-0.19202184650000106,0.304,0.11197815349999893,800.0,0.0,-0.005,0.256,0.251
82.958184044,1.0,0.0,800.0,0.5,820.0,-20.0,-0.19365748420000045,0.304,0.11034251579999954,800.0,0.0,-0.005,0.256,0.251
82.981581838,1.0,0.0,800.0,0.5,800.0,0.0,-0.0036574842000004536,0.304,0.30034251579999954,800.0,0.0,-0.005,0.256,0.251
82.992602173,1.0,0.0,800.0,0.5,800.0,0.0,-0.0036574842000004536,0.304,0.30034251579999954,800.0,0.0,-0.005,0.256,0.251
83.020364175,1.0,0.0,800.0,0.5,780.0,20.0,0.18877580350000017,0.304,0.49277580350000016,780.0,20.0,0.18743320019999943,0.256,0.44343320019999943
83.03486001,1.0,0.0,800.0,0.5,800.0,0.0,-0.0012241964999998346,0.304,0.30277580350000016,780.0,20.0,0.18891308779999805,0.256,0.44491308779999805
83.057607971,1.0,0.0,800.0,0.5,800.0,0.0,-0.0012241964999998346,0.304,0.30277580350000016,780.0,20.0,0.19128226719999816,0.256,0.4472822671999982
83.072278514,1.0,0.0,800.0,0.5,800.0,0.0,-0.0012241964999998346,0.304,0.30277580350000016,800.0,0.0,0.0012822671999981594,0.256,0.25728226719999814
83.091497599,1.0,0.0,800.0,0.5,820.0,-20.0,-0.19323372170000028,0.304,0.11076627829999972,800.0,0.0,0.0012822671999981594,0.256,0.25728226719999814
83.111624643,0.0,0.0,800.0,0.5,820.0,-20.0,-0.19479186360000028,0.304,0.10920813639999971,780.0,20.0,0.19284043819999738,0.256,0.4488404381999974
83.138376604,1.0,0.0,800.0,0.5,800.0,0.0,-0.004791863600000283,0.304,0.2992081363999997,780.0,20.0,0.195,0.256,0.451
83.165446482,1.0,0.0,800.0,0.5,800.0,0.0,-0.004791863600000283,0.304,0.2992081363999997,800.0,0.0,0.005,0.256,0.261
83.180362608,1.0,0.0,800.0,0.5,800.0,0.0,-0.004791863600000283,0.304,0.2992081363999997,800.0,0.0,0.005,0.256,0.261
83.193462818,1.0,0.0,800.0,0.5,800.0,0.0,-0.004791863600000283,0.304,0.2992081363999997,800.0,0.0,0.005,0.256,0.261
83.21561082,1.0,0.0,800.0,0.5,800.0,0.0,-0.004791863600000283,0.304,0.2992081363999997,800.0,0.0,0.005,0.256,0.261
83.228664363,1.0,0.0,800.0,0.5,800.0,0.0,-0.004791863600000283,0.304,0.2992081363999997,800.0,0.0,0.005,0.256,0.261
83.252326699,1.0,0.0,800.0,0.5,800.0,0.0,-0.004791863600000283,0.304,0.2992081363999997,780.0,20.0,0.195,0.256,0.451
83.267592825,1.0,0.0,800.0,0.5,800.0,0.0,-0.004791863600000283,0.304,0.2992081363999997,780.0,20.0,0.195,0.256,0.451
83.279207868,1.0,0.0,800.0,0.5,800.0,0.0,-0.004791863600000283,0.304,0.2992081363999997,780.0,20.0,0.195,0.256,0.451
83.309797579,1.0,0.0,800.0,0.5,800.0,0.0,-0.004791863600000283,0.304,0.2992081363999997,800.0,0.0,0.005,0.256,0.261
83.331492915,1.0,0.0,800.0,0.5,800.0,0.0,-0.004791863600000283,0.304,0.2992081363999997,800.0,0.0,0.005,0.256,0.261
83.348478125,1.0,0.0,800.0,0.5,820.0,-20.0,-0.195,0.304,0.10899999999999999,800.0,0.0,0.005,0.256,0.261
83.373213211,1.0,0.0,800.0,0.5,780.0,20.0,0.18759265450000043,0.304,0.49159265450000045,800.0,0.0,0.005,0.256,0.261
83.385898087,1.0,0.0,800.0,0.5,780.0,20.0,0.188826929600001,0.304,0.49282692960000096,800.0,0.0,0.005,0.256,0.261
83.413990256,1.0,0.0,800.0,0.5,800.0,0.0,-0.0011730703999990055,0.304,0.30282692960000096,800.0,0.0,0.005,0.256,0.261
83.426251049,1.0,0.0,800.0,0.5,800.0,0.0,-0.0011730703999990055,0.304,0.30282692960000096,800.0,0.0,0.005,0.256,0.261
83.448884093,1.0,0.0,800.0,0.5,800.0,0.0,-0.0011730703999990055,0.304,0.30282692960000096,800.0,0.0,0.005,0.256,0.261
83.465010637,1.0,0.0,800.0,0.5,800.0,0.0,-0.0011730703999990055,0.304,0.30282692960000096,800.0,0.0,0.005,0.256,0.261
83.478623013,1.0,0.0,800.0,0.5,800.0,0.0,-0.0011730703999990055,0.304,0.30282692960000096,800.0,0.0,0.005,0.256,0.261
83.494802931,1.0,0.0,800.0,0.5,800.0,0.0,-0.0011730703999990055,0.304,0.30282692960000096,800.0,0.0,0.005,0.256,0.261
83.509694849,1.0,0.0,800.0,0.5,800.0,0.0,-0.0011730703999990055,0.304,0.30282692960000096,800.0,0.0,0.005,0.256,0.261
83.530175393,1.0,0.0,800.0,0.5,800.0,0.0,-0.0011730703999990055,0.304,0.30282692960000096,800.0,0.0,0.005,0.256,0.261
83.542988311,1.0,0.0,800.0,0.5,800.0,0.0,-0.0011730703999990055,0.304,0.30282692960000096,800.0,0.0,0.005,0.256,0.261
83.558936354,1.0,0.0,800.0,0.5,800.0,0.0,-0.0011730703999990055,0.304,0.30282692960000096,800.0,0.0,0.005,0.256,0.261
83.578720106,1.0,0.0,800.0,0.5,800.0,0.0,-0.0011730703999990055,0.304,0.30282692960000096,780.0,20.0,0.195,0.256,0.451
83.590464649,1.0,0.0,800.0,0.5,800.0,0.0,-0.0011730703999990055,0.304,0.30282692960000096,780.0,20.0,0.195,0.256,0.451
83.607224693,1.0,0.0,800.0,0.5,800.0,0.0,-0.0011730703999990055,0.304,0.30282692960000096,780.0,20.0,0.195,0.256,0.451
83.620988444,1.0,0.0,800.0,0.5,780.0,20.0,0.18987319640000125,0.304,0.49387319640000127,780.0,20.0,0.195,0.256,0.451
83.640305821,1.0,0.0,800.0,0.5,800.0,0.0,-1.2680359999876602E-4,0.304,0.3038731964000012,800.0,0.0,0.005,0.256,0.261
83.657083364,1.0,0.0,800.0,0.5,800.0,0.0,-1.2680359999876602E-4,0.304,0.3038731964000012,800.0,0.0,0.005,0.256,0.261
83.670376657,1.0,0.0,800.0,0.5,820.0,-20.0,-0.19134322869999607,0.304,0.11265677130000393,800.0,0.0,0.005,0.256,0.261
83.683901825,1.0,0.0,800.0,0.5,800.0,0.0,-0.0013432286999960751,0.304,0.3026567713000039,800.0,0.0,0.005,0.256,0.261
83.696978993,1.0,0.0,800.0,0.5,800.0,0.0,-0.0013432286999960751,0.304,0.3026567713000039,800.0,0.0,0.005,0.256,0.261
83.71586062,1.0,0.0,800.0,0.5,800.0,0.0,-0.0013432286999960751,0.304,0.3026567713000039,800.0,0.0,0.005,0.256,0.261
83.758424708,1.0,0.0,825.0,0.95,800.0,25.0,0.2408435634250037,0.3135,0.5543435634250037,800.0,25.0,0.2425,0.264,0.5065
83.778604251,0.0,0.0,825.0,0.95,780.0,45.0,0.4325,0.3135,0.746,800.0,25.0,0.2425,0.264,0.5065
83.792499545,1.0,0.0,825.0,0.95,800.0,25.0,0.2425,0.3135,0.556,800.0,25.0,0.2425,0.264,0.5065
83.811502213,1.0,0.0,825.0,0.95,800.0,25.0,0.2425,0.3135,0.556,820.0,5.0,0.0525,0.264,0.3165
83.826291756,1.0,0.0,825.0,0.95,820.0,5.0,0.0525,0.3135,0.366,800.0,25.0,0.2425,0.264,0.5065
83.845532717,1.0,0.0,825.0,0.95,820.0,5.0,0.0525,0.3135,0.366,820.0,5.0,0.0525,0.264,0.3165
83.857947509,1.0,0.0,825.0,0.95,820.0,5.0,0.0525,0.3135,0.366,820.0,5.0,0.0525,0.264,0.3165
83.874822469,1.0,0.0,825.0,0.95,840.0,-15.0,-0.13858637829999976,0.3135,0.17491362170000024,820.0,5.0,0.0525,0.264,0.3165
83.891403138,1.0,0.0,825.0,0.95,840.0,-15.0,-0.1399269877750001,0.3135,0.1735730122249999,820.0,5.0,0.0525,0.264,0.3165
83.908953306,1.0,0.0,825.0,0.95,840.0,-15.0,-0.1412405816500012,0.3135,0.1722594183499988,820.0,5.0,0.0525,0.264,0.3165
83.928483892,1.0,0.0,825.0,0.95,820.0,5.0,0.04916603089999839,0.3135,0.3626660308999984,840.0,-15.0,-0.1387198157500002,0.264,0.12528018424999982
83.949362852,1.0,0.0,805.0,0.95,820.0,-15.0,-0.1425030755000023,0.3059,0.1633969244999977,820.0,-15.0,-0.14038890032499934,0.2576,0.11721109967500065
83.984768272,0.0,0.0,805.0,0.95,840.0,-35.0,-0.3375,0.3059,-0.03160000000000002,800.0,5.0,0.050410208100000777,0.2576,0.3080102081000008
84.002179899,1.0,0.0,805.0,0.95,820.0,-15.0,-0.1475,0.3059,0.1584,820.0,-15.0,-0.14114164825000017,0.2576,0.11645835174999983
84.019475734,1.0,0.0,805.0,0.95,840.0,-35.0,-0.3375,0.3059,-0.03160000000000002,820.0,-15.0,-0.14242341399999958,0.2576,0.11517658600000041
84.039167028,1.0,0.0,805.0,0.95,820.0,-15.0,-0.1475,0.3059,0.1584,820.0,-15.0,-0.14390601415000004,0.2576,0.11369398584999996
84.057371404,1.0,0.0,805.0,0.95,800.0,5.0,0.042956370875000545,0.3059,0.34885637087500054,820.0,-15.0,-0.1452751486750003,0.2576,0.1123248513249997
84.072632573,1.0,0.0,805.0,0.95,800.0,5.0,0.04333543550000016,0.3059,0.34923543550000014,820.0,-15.0,-0.1464123206499984,0.2576,0.1111876793500016
84.090330908,1.0,0.0,805.0,0.95,800.0,5.0,0.043774102225000465,0.3059,0.34967410222500045,820.0,-15.0,-0.1475,0.2576,0.1101
84.107963035,1.0,0.0,805.0,0.95,820.0,-15.0,-0.1475,0.3059,0.1584,800.0,5.0,0.04293833129999982,0.2576,0.3005383312999998
84.138622746,1.0,0.0,805.0,0.95,800.0,5.0,0.04322471880000009,0.3059,0.34912471880000007,820.0,-15.0,-0.1475,0.2576,0.1101
84.154852248,0.0,0.0,805.0,0.95,780.0,25.0,0.23577209930000123,0.3059,0.5416720993000013,820.0,-15.0,-0.1475,0.2576,0.1101
84.184138501,0.0,0.0,760.0,0.95,800.0,-40.0,-0.385,0.2888,-0.09620000000000001,800.0,-40.0,-0.385,0.24320000000000003,-0.14179999999999998
84.19960121,0.0,0.0,760.0,0.95,820.0,-60.0,-0.575,0.2888,-0.28619999999999995,800.0,-40.0,-0.385,0.24320000000000003,-0.14179999999999998
84.228867922,0.0,0.0,760.0,0.95,800.0,-40.0,-0.385,0.2888,-0.09620000000000001,780.0,-20.0,-0.195,0.24320000000000003,0.04820000000000002
84.250607591,1.0,0.0,760.0,0.95,780.0,-20.0,-0.195,0.2888,0.0938,780.0,-20.0,-0.195,0.24320000000000003,0.04820000000000002
84.262718758,1.0,0.0,760.0,0.95,780.0,-20.0,-0.195,0.2888,0.0938,780.0,-20.0,-0.195,0.24320000000000003,0.04820000000000002
84.279376427,1.0,0.0,760.0,0.95,760.0,0.0,-0.005,0.2888,0.2838,760.0,0.0,-0.005,0.24320000000000003,0.23820000000000002
84.301833012,1.0,0.0,760.0,0.95,740.0,20.0,0.18744002530000103,0.2888,0.47624002530000104,740.0,20.0,0.18744005440000025,0.24320000000000003,0.4306400544000003
84.319264181,1.0,0.0,760.0,0.95,740.0,20.0,0.18917797960000143,0.2888,0.47797797960000143,760.0,0.0,-0.0025599455999997644,0.24320000000000003,0.24064005440000028
84.339181516,1.0,0.0,760.0,0.95,760.0,0.0,-8.220203999985642E-4,0.2888,0.28797797960000143,760.0,0.0,-0.0025599455999997644,0.24320000000000003,0.24064005440000028
84.351714142,1.0,0.0,760.0,0.95,760.0,0.0,-8.220203999985642E-4,0.2888,0.28797797960000143,760.0,0.0,-0.0025599455999997644,0.24320000000000003,0.24064005440000028
84.372964103,1.0,0.0,760.0,0.95,760.0,0.0,-8.220203999985642E-4,0.2888,0.28797797960000143,760.0,0.0,-0.0025599455999997644,0.24320000000000003,0.24064005440000028
84.400882147,0.0,0.0,740.0,0.95,760.0,-20.0,-0.19316299559999778,0.2812,0.08803700440000223,780.0,-40.0,-0.385,0.2368,-0.1482
84.420924316,1.0,0.0,740.0,0.95,760.0,-20.0,-0.195,0.2812,0.0862,740.0,0.0,-0.005,0.2368,0.2318
84.435950692,1.0,0.0,740.0,0.95,740.0,0.0,-0.005,0.2812,0.2762,740.0,0.0,-0.005,0.2368,0.2318
84.455539319,1.0,0.0,740.0,0.95,740.0,0.0,-0.005,0.2812,0.2762,740.0,0.0,-0.005,0.2368,0.2318
84.471158071,1.0,0.0,740.0,0.95,740.0,0.0,-0.005,0.2812,0.2762,740.0,0.0,-0.005,0.2368,0.2318
84.49463549,1.0,0.0,740.0,0.95,740.0,0.0,-0.005,0.2812,0.2762,740.0,0.0,-0.005,0.2368,0.2318
84.511154325,1.0,0.0,740.0,0.95,740.0,0.0,-0.005,0.2812,0.2762,740.0,0.0,-0.005,0.2368,0.2318
84.537469953,1.0,0.0,740.0,0.95,740.0,0.0,-0.005,0.2812,0.2762,740.0,0.0,-0.005,0.2368,0.2318
84.553847329,1.0,0.0,740.0,0.95,740.0,0.0,-0.005,0.2812,0.2762,740.0,0.0,-0.005,0.2368,0.2318
84.57591804,1.0,0.0,740.0,0.95,740.0,0.0,-0.005,0.2812,0.2762,720.0,20.0,0.18700520850000033,0.2368,0.42380520850000036
84.592154542,1.0,0.0,740.0,0.95,760.0,-20.0,-0.195,0.2812,0.0862,740.0,0.0,-0.0029947914999996785,0.2368,0.23380520850000033
84.623399628,1.0,0.0,740.0,0.95,760.0,-20.0,-0.195,0.2812,0.0862,740.0,0.0,-0.0029947914999996785,0.2368,0.23380520850000033
84.640572963,1.0,0.0,740.0,0.95,760.0,-20.0,-0.195,0.2812,0.0862,740.0,0.0,-0.0029947914999996785,0.2368,0.23380520850000033
84.667567007,0.0,0.0,740.0,0.95,760.0,-20.0,-0.195,0.2812,0.0862,720.0,20.0,0.18970064630000025,0.2368,0.4265006463000003
84.694680344,1.0,0.0,740.0,0.95,740.0,0.0,-0.005,0.2812,0.2762,740.0,0.0,-2.9935369999975595E-4,0.2368,0.23650064630000026
84.708472387,1.0,0.0,740.0,0.95,740.0,0.0,-0.005,0.2812,0.2762,740.0,0.0,-2.9935369999975595E-4,0.2368,0.23650064630000026
84.733272806,1.0,0.0,740.0,0.95,760.0,-20.0,-0.195,0.2812,0.0862,740.0,0.0,-2.9935369999975595E-4,0.2368,0.23650064630000026
84.749880599,1.0,0.0,740.0,0.95,740.0,0.0,-0.005,0.2812,0.2762,720.0,20.0,0.19112724650000018,0.2368,0.4279272465000002
84.773238435,1.0,0.0,740.0,0.95,740.0,0.0,-0.005,0.2812,0.2762,760.0,-20.0,-0.19135763699999983,0.2368,0.04544236300000018
84.79200777,1.0,0.0,740.0,0.95,720.0,20.0,0.18655682930000012,0.2812,0.4677568293000001,740.0,0.0,-0.0013576369999998405,0.2368,0.23544236300000018
84.804979646,1.0,0.0,740.0,0.95,740.0,0.0,-0.0034431706999998824,0.2812,0.2777568293000001,740.0,0.0,-0.0013576369999998405,0.2368,0.23544236300000018
84.819634439,1.0,0.0,740.0,0.95,720.0,20.0,0.18794863360000194,0.2812,0.4691486336000019,740.0,0.0,-0.0013576369999998405,0.2368,0.23544236300000018
84.848169942,0.0,0.0,720.0,0.9,740.0,-20.0,-0.1947777207999974,0.2736,0.07882227920000262,760.0,-40.0,-0.385,0.23040000000000002,-0.1546
84.865905319,1.0,0.0,720.0,0.9,740.0,-20.0,-0.195,0.2736,0.0786,720.0,0.0,-0.005,0.23040000000000002,0.22540000000000002
84.886648363,0.0,0.0,720.0,0.9,760.0,-40.0,-0.385,0.2736,-0.1114,740.0,-20.0,-0.195,0.23040000000000002,0.035400000000000015
84.900232447,0.0,0.0,720.0,0.9,760.0,-40.0,-0.385,0.2736,-0.1114,740.0,-20.0,-0.195,0.23040000000000002,0.035400000000000015
84.917229324,1.0,0.0,720.0,0.9,740.0,-20.0,-0.195,0.2736,0.0786,740.0,-20.0,-0.195,0.23040000000000002,0.035400000000000015
84.943178035,1.0,0.0,720.0,0.9,740.0,-20.0,-0.195,0.2736,0.0786,720.0,0.0,-0.005,0.23040000000000002,0.22540000000000002
84.959309828,1.0,0.0,720.0,0.9,720.0,0.0,-0.005,0.2736,0.2686,700.0,20.0,0.1867848544000003,0.23040000000000002,0.4171848544000003
84.983442623,1.0,0.0,720.0,0.9,720.0,0.0,-0.005,0.2736,0.2686,720.0,0.0,-0.003215145599999687,0.23040000000000002,0.22718485440000033
84.998954041,1.0,0.0,720.0,0.9,720.0,0.0,-0.005,0.2736,0.2686,740.0,-20.0,-0.19477751659999967,0.23040000000000002,0.03562248340000035
85.018766376,1.0,0.0,720.0,0.9,720.0,0.0,-0.005,0.2736,0.2686,720.0,0.0,-0.004777516599999671,0.23040000000000002,0.22562248340000035
85.029367002,1.0,0.0,720.0,0.9,720.0,0.0,-0.005,0.2736,0.2686,720.0,0.0,-0.004777516599999671,0.23040000000000002,0.22562248340000035
85.052722796,1.0,0.0,720.0,0.9,720.0,0.0,-0.005,0.2736,0.2686,720.0,0.0,-0.004777516599999671,0.23040000000000002,0.22562248340000035
85.066504923,1.0,0.0,720.0,0.9,720.0,0.0,-0.005,0.2736,0.2686,720.0,0.0,-0.004777516599999671,0.23040000000000002,0.22562248340000035
85.091853967,0.0,0.0,720.0,0.9,700.0,20.0,0.1872284794000001,0.2736,0.4608284794000001,740.0,-20.0,-0.195,0.23040000000000002,0.035400000000000015
85.10711251,1.0,0.0,720.0,0.9,720.0,0.0,-0.002771520599999917,0.2736,0.2708284794000001,720.0,0.0,-0.005,0.23040000000000002,0.22540000000000002
85.121756511,1.0,0.0,720.0,0.9,720.0,0.0,-0.002771520599999917,0.2736,0.2708284794000001,720.0,0.0,-0.005,0.23040000000000002,0.22540000000000002
85.133939429,1.0,0.0,720.0,0.9,740.0,-20.0,-0.1938630833000002,0.2736,0.0797369166999998,720.0,0.0,-0.005,0.23040000000000002,0.22540000000000002
85.150431139,1.0,0.0,720.0,0.9,740.0,-20.0,-0.195,0.2736,0.0786,720.0,0.0,-0.005,0.23040000000000002,0.22540000000000002
85.171195766,1.0,0.0,720.0,0.9,740.0,-20.0,-0.195,0.2736,0.0786,720.0,0.0,-0.005,0.23040000000000002,0.22540000000000002
85.188440851,1.0,0.0,720.0,0.9,720.0,0.0,-0.005,0.2736,0.2686,700.0,20.0,0.18634236680000016,0.23040000000000002,0.4167423668000002
85.210290187,1.0,0.0,720.0,0.9,720.0,0.0,-0.005,0.2736,0.2686,720.0,0.0,-0.0036576331999998504,0.23040000000000002,0.22674236680000018
85.22331748,1.0,0.0,720.0,0.9,700.0,20.0,0.1863862334999999,0.2736,0.4599862334999999,720.0,0.0,-0.0036576331999998504,0.23040000000000002,0.22674236680000018
85.247613024,1.0,0.0,720.0,0.9,720.0,0.0,-0.003613766500000111,0.2736,0.2699862334999999,720.0,0.0,-0.0036576331999998504,0.23040000000000002,0.22674236680000018
85.260727817,1.0,0.0,720.0,0.9,720.0,0.0,-0.003613766500000111,0.2736,0.2699862334999999,720.0,0.0,-0.0036576331999998504,0.23040000000000002,0.22674236680000018
85.275489943,1.0,0.0,720.0,0.9,740.0,-20.0,-0.1947833208000003,0.2736,0.07881667919999971,740.0,-20.0,-0.19482718750000003,0.23040000000000002,0.035572812499999995
85.289796487,1.0,0.0,720.0,0.9,720.0,0.0,-0.004783320800000297,0.2736,0.2688166791999997,740.0,-20.0,-0.195,0.23040000000000002,0.035400000000000015
85.30664928,1.0,0.0,720.0,0.9,720.0,0.0,-0.004783320800000297,0.2736,0.2688166791999997,720.0,0.0,-0.005,0.23040000000000002,0.22540000000000002
85.320010531,1.0,0.0,720.0,0.9,720.0,0.0,-0.004783320800000297,0.2736,0.2688166791999997,720.0,0.0,-0.005,0.23040000000000002,0.22540000000000002
85.331036991,1.0,0.0,720.0,0.9,720.0,0.0,-0.004783320800000297,0.2736,0.2688166791999997,720.0,0.0,-0.005,0.23040000000000002,0.22540000000000002
85.346503201,1.0,0.0,720.0,0.9,720.0,0.0,-0.004783320800000297,0.2736,0.2688166791999997,720.0,0.0,-0.005,0.23040000000000002,0.22540000000000002
85.358132535,1.0,0.0,720.0,0.9,720.0,0.0,-0.004783320800000297,0.2736,0.2688166791999997,720.0,0.0,-0.005,0.23040000000000002,0.22540000000000002
85.371098578,1.0,0.0,720.0,0.9,720.0,0.0,-0.004783320800000297,0.2736,0.2688166791999997,720.0,0.0,-0.005,0.23040000000000002,0.22540000000000002
85.385619788,1.0,0.0,720.0,0.9,720.0,0.0,-0.004783320800000297,0.2736,0.2688166791999997,720.0,0.0,-0.005,0.23040000000000002,0.22540000000000002
85.414724332,1.0,0.0,720.0,0.9,720.0,0.0,-0.004783320800000297,0.2736,0.2688166791999997,720.0,0.0,-0.005,0.23040000000000002,0.22540000000000002
85.428738626,1.0,0.0,720.0,0.9,720.0,0.0,-0.004783320800000297,0.2736,0.2688166791999997,700.0,20.0,0.18620461269999908,0.23040000000000002,0.4166046126999991
85.45496267,1.0,0.0,720.0,0.9,720.0,0.0,-0.004783320800000297,0.2736,0.2688166791999997,720.0,0.0,-0.0037953873000009255,0.23040000000000002,0.2266046126999991
85.468018546,1.0,0.0,720.0,0.9,720.0,0.0,-0.004783320800000297,0.2736,0.2688166791999997,740.0,-20.0,-0.195,0.23040000000000002,0.035400000000000015
85.495278299,1.0,0.0,720.0,0.9,720.0,0.0,-0.004783320800000297,0.2736,0.2688166791999997,720.0,0.0,-0.005,0.23040000000000002,0.22540000000000002
85.507764258,1.0,0.0,720.0,0.9,720.0,0.0,-0.004783320800000297,0.2736,0.2688166791999997,720.0,0.0,-0.005,0.23040000000000002,0.22540000000000002
85.532894553,0.0,0.0,720.0,0.9,700.0,20.0,0.18726858359999937,0.2736,0.4608685835999994,740.0,-20.0,-0.195,0.23040000000000002,0.035400000000000015
85.550294804,1.0,0.0,720.0,0.9,720.0,0.0,-0.002731416400000626,0.2736,0.2708685835999994,720.0,0.0,-0.005,0.23040000000000002,0.22540000000000002
85.567690973,1.0,0.0,720.0,0.9,720.0,0.0,-0.002731416400000626,0.2736,0.2708685835999994,720.0,0.0,-0.005,0.23040000000000002,0.22540000000000002
85.584582266,1.0,0.0,720.0,0.9,720.0,0.0,-0.002731416400000626,0.2736,0.2708685835999994,720.0,0.0,-0.005,0.23040000000000002,0.22540000000000002
85.598760184,1.0,0.0,720.0,0.9,700.0,20.0,0.18856028790000096,0.2736,0.46216028790000097,720.0,0.0,-0.005,0.23040000000000002,0.22540000000000002
85.620567812,1.0,0.0,720.0,0.9,720.0,0.0,-0.0014397120999990421,0.2736,0.27216028790000096,720.0,0.0,-0.005,0.23040000000000002,0.22540000000000002
85.643279897,1.0,0.0,720.0,0.9,740.0,-20.0,-0.1937536790000007,0.2736,0.0798463209999993,720.0,0.0,-0.005,0.23040000000000002,0.22540000000000002
85.661119982,1.0,0.0,720.0,0.9,700.0,20.0,0.18784888369999977,0.2736,0.4614488836999998,720.0,0.0,-0.005,0.23040000000000002,0.22540000000000002
85.678339984,1.0,0.0,720.0,0.9,720.0,0.0,-0.0021511163000002397,0.2736,0.27144888369999975,720.0,0.0,-0.005,0.23040000000000002,0.22540000000000002
85.69170211,1.0,0.0,720.0,0.9,720.0,0.0,-0.0021511163000002397,0.2736,0.27144888369999975,720.0,0.0,-0.005,0.23040000000000002,0.22540000000000002
85.708152695,0.0,0.0,720.0,0.9,740.0,-20.0,-0.1934779665000019,0.2736,0.08012203349999811,700.0,20.0,0.18632687930000089,0.23040000000000002,0.4167268793000009
85.725229489,1.0,0.0,720.0,0.9,740.0,-20.0,-0.195,0.2736,0.0786,720.0,0.0,-0.0036731206999991175,0.23040000000000002,0.2267268793000009
85.738302865,1.0,0.0,720.0,0.9,720.0,0.0,-0.005,0.2736,0.2686,720.0,0.0,-0.0036731206999991175,0.23040000000000002,0.2267268793000009
85.754612283,1.0,0.0,720.0,0.9,740.0,-20.0,-0.195,0.2736,0.0786,720.0,0.0,-0.0036731206999991175,0.23040000000000002,0.2267268793000009
85.76769966,1.0,0.0,720.0,0.9,720.0,0.0,-0.005,0.2736,0.2686,720.0,0.0,-0.0036731206999991175,0.23040000000000002,0.2267268793000009
85.780872203,1.0,0.0,720.0,0.9,740.0,-20.0,-0.195,0.2736,0.0786,720.0,0.0,-0.0036731206999991175,0.23040000000000002,0.2267268793000009
85.799898496,1.0,0.0,720.0,0.9,720.0,0.0,-0.005,0.2736,0.2686,720.0,0.0,-0.0036731206999991175,0.23040000000000002,0.2267268793000009
85.818746873,1.0,1.0,720.0,0.9,720.0,0.0,-0.005,0.2736,0.2686,720.0,0.0,-0.0036731206999991175,0.23040000000000002,0.2267268793000009
85.831295833,1.0,0.0,720.0,0.9,720.0,0.0,-0.005,0.2736,0.2686,720.0,0.0,-0.0036731206999991175,0.23040000000000002,0.2267268793000009
85.845202501,1.0,0.0,720.0,0.9,720.0,0.0,-0.005,0.2736,0.2686,720.0,0.0,-0.0036731206999991175,0.23040000000000002,0.2267268793000009
85.857536502,1.0,0.0,720.0,0.9,740.0,-20.0,-0.195,0.2736,0.0786,720.0,0.0,-0.0036731206999991175,0.23040000000000002,0.2267268793000009
85.871337003,1.0,0.0,720.0,0.9,720.0,0.0,-0.005,0.2736,0.2686,720.0,0.0,-0.0036731206999991175,0.23040000000000002,0.2267268793000009
85.885090255,1.0,0.0,720.0,0.9,720.0,0.0,-0.005,0.2736,0.2686,700.0,20.0,0.18744935860000056,0.23040000000000002,0.4178493586000006
85.900838506,1.0,0.0,720.0,0.9,720.0,0.0,-0.005,0.2736,0.2686,720.0,0.0,-0.002550641399999449,0.23040000000000002,0.22784935860000058
85.913423633,1.0,0.0,720.0,0.9,720.0,0.0,-0.005,0.2736,0.2686,720.0,0.0,-0.002550641399999449,0.23040000000000002,0.22784935860000058
85.926764176,1.0,0.0,720.0,0.9,720.0,0.0,-0.005,0.2736,0.2686,720.0,0.0,-0.002550641399999449,0.23040000000000002,0.22784935860000058
85.940352344,1.0,0.0,720.0,0.9,740.0,-20.0,-0.195,0.2736,0.0786,740.0,-20.0,-0.19357608319999828,0.23040000000000002,0.036823916800001744
85.962829054,1.0,0.0,720.0,0.9,720.0,0.0,-0.005,0.2736,0.2686,720.0,0.0,-0.0035760831999982656,0.23040000000000002,0.22682391680000175
85.974506514,1.0,0.0,720.0,0.9,720.0,0.0,-0.005,0.2736,0.2686,720.0,0.0,-0.0035760831999982656,0.23040000000000002,0.22682391680000175
85.988719432,1.0,0.0,720.0,0.9,700.0,20.0,0.18630695840000214,0.2736,0.4599069584000022,720.0,0.0,-0.0035760831999982656,0.23040000000000002,0.22682391680000175
86.003434308,1.0,0.0,720.0,0.9,720.0,0.0,-0.003693041599997855,0.2736,0.2699069584000022,720.0,0.0,-0.0035760831999982656,0.23040000000000002,0.22682391680000175
86.015219685,1.0,0.0,720.0,0.9,720.0,0.0,-0.003693041599997855,0.2736,0.2699069584000022,720.0,0.0,-0.0035760831999982656,0.23040000000000002,0.22682391680000175
86.032810978,1.0,0.0,720.0,0.9,720.0,0.0,-0.003693041599997855,0.2736,0.2699069584000022,700.0,20.0,0.18798051280000208,0.23040000000000002,0.4183805128000021
86.047371271,1.0,0.0,720.0,0.9,720.0,0.0,-0.003693041599997855,0.2736,0.2699069584000022,700.0,20.0,0.18944386300000304,0.23040000000000002,0.4198438630000031
86.065123273,1.0,0.0,720.0,0.9,720.0,0.0,-0.003693041599997855,0.2736,0.2699069584000022,720.0,0.0,-5.561369999969657E-4,0.23040000000000002,0.22984386300000306
86.093862067,1.0,0.0,720.0,0.9,700.0,20.0,0.18913606700000174,0.2736,0.46273606700000175,720.0,0.0,-5.561369999969657E-4,0.23040000000000002,0.22984386300000306
86.113025444,0.0,0.0,720.0,0.9,680.0,40.0,0.3828400006000038,0.2736,0.6564400006000037,680.0,40.0,0.3831476218000006,0.23040000000000002,0.6135476218000007
86.128352529,0.0,0.0,720.0,0.9,640.0,80.0,0.765,0.2736,1.0,620.0,100.0,0.955,0.23040000000000002,1.0
86.14984924,0.0,0.0,720.0,0.9,600.0,120.0,1.1449999999999998,0.2736,1.0,560.0,160.0,1.525,0.23040000000000002,1.0
86.164392908,0.0,0.0,720.0,0.9,600.0,120.0,1.1449999999999998,0.2736,1.0,560.0,160.0,1.525,0.23040000000000002,1.0
86.178762159,0.0,0.0,720.0,0.9,620.0,100.0,0.955,0.2736,1.0,600.0,120.0,1.1449999999999998,0.23040000000000002,1.0
86.193416369,0.0,0.0,720.0,0.9,640.0,80.0,0.765,0.2736,1.0,600.0,120.0,1.1449999999999998,0.23040000000000002,1.0
86.205211662,0.0,0.0,720.0,0.9,660.0,60.0,0.575,0.2736,0.8486,600.0,120.0,1.1449999999999998,0.23040000000000002,1.0
86.222965414,0.0,0.0,720.0,0.9,680.0,40.0,0.385,0.2736,0.6586000000000001,640.0,80.0,0.765,0.23040000000000002,0.9954000000000001
86.241348582,0.0,0.0,720.0,0.9,720.0,0.0,0.005,0.2736,0.2786,660.0,60.0,0.575,0.23040000000000002,0.8054
86.257680459,0.0,0.0,720.0,0.9,740.0,-20.0,-0.18692494190000047,0.2736,0.08667505809999954,700.0,20.0,0.195,0.23040000000000002,0.4254
86.271940335,0.0,0.0,720.0,0.9,760.0,-40.0,-0.37970370870000353,0.2736,-0.10610370870000352,720.0,0.0,0.005,0.23040000000000002,0.23540000000000003
86.285979128,1.0,0.0,720.0,0.9,720.0,0.0,2.9629129999648286E-4,0.2736,0.2738962912999965,720.0,0.0,0.005,0.23040000000000002,0.23540000000000003
86.298133171,1.0,0.0,720.0,0.9,740.0,-20.0,-0.19092188380000494,0.2736,0.08267811619999507,720.0,0.0,0.005,0.23040000000000002,0.23540000000000003
86.318145007,1.0,0.0,720.0,0.9,740.0,-20.0,-0.19272878820000358,0.2736,0.08087121179999643,740.0,-20.0,-0.18680690439999864,0.23040000000000002,0.04359309560000138
86.332181466,1.0,0.0,720.0,0.9,740.0,-20.0,-0.19408830500000307,0.2736,0.07951169499999694,720.0,0.0,0.0031930956000013567,0.23040000000000002,0.23359309560000138
86.350212593,1.0,0.0,720.0,0.9,740.0,-20.0,-0.195,0.2736,0.0786,740.0,-20.0,-0.1886454837999969,0.23040000000000002,0.04175451620000312
86.363138678,1.0,0.0,720.0,0.9,740.0,-20.0,-0.195,0.2736,0.0786,740.0,-20.0,-0.19006024229999866,0.23040000000000002,0.040339757700001366
86.377663096,1.0,0.0,720.0,0.9,720.0,0.0,-0.005,0.2736,0.2686,740.0,-20.0,-0.19137875069999724,0.23040000000000002,0.03902124930000278
86.394751848,1.0,0.0,720.0,0.9,740.0,-20.0,-0.195,0.2736,0.0786,740.0,-20.0,-0.19288888419999695,0.23040000000000002,0.037511115800003075
86.411289058,1.0,0.0,720.0,0.9,720.0,0.0,-0.005,0.2736,0.2686,740.0,-20.0,-0.19476024689999805,0.23040000000000002,0.035639753100001975
86.427695893,1.0,0.0,720.0,0.9,740.0,-20.0,-0.195,0.2736,0.0786,740.0,-20.0,-0.195,0.23040000000000002,0.035400000000000015
86.439907686,1.0,0.0,720.0,0.9,720.0,0.0,-0.005,0.2736,0.2686,740.0,-20.0,-0.195,0.23040000000000002,0.035400000000000015
86.455597895,1.0,0.0,720.0,0.9,740.0,-20.0,-0.195,0.2736,0.0786,720.0,0.0,-0.005,0.23040000000000002,0.22540000000000002
86.471690314,1.0,0.0,720.0,0.9,720.0,0.0,-0.005,0.2736,0.2686,740.0,-20.0,-0.195,0.23040000000000002,0.035400000000000015
86.491044441,1.0,0.0,720.0,0.9,740.0,-20.0,-0.195,0.2736,0.0786,740.0,-20.0,-0.195,0.23040000000000002,0.035400000000000015
86.507713776,1.0,0.0,720.0,0.9,720.0,0.0,-0.005,0.2736,0.2686,740.0,-20.0,-0.195,0.23040000000000002,0.035400000000000015
86.525031194,1.0,0.0,720.0,0.9,720.0,0.0,-0.005,0.2736,0.2686,720.0,0.0,-0.005,0.23040000000000002,0.22540000000000002
86.540457154,1.0,0.0,720.0,0.9,740.0,-20.0,-0.195,0.2736,0.0786,740.0,-20.0,-0.195,0.23040000000000002,0.035400000000000015
86.557477947,1.0,0.0,720.0,0.9,720.0,0.0,-0.005,0.2736,0.2686,720.0,0.0,-0.005,0.23040000000000002,0.22540000000000002
86.573045366,1.0,0.0,720.0,0.9,720.0,0.0,-0.005,0.2736,0.2686,740.0,-20.0,-0.195,0.23040000000000002,0.035400000000000015
86.604395744,0.0,0.0,720.0,0.9,640.0,80.0,0.765,0.2736,1.0,640.0,80.0,0.765,0.23040000000000002,0.9954000000000001
86.616721287,0.0,0.0,720.0,0.9,620.0,100.0,0.955,0.2736,1.0,600.0,120.0,1.1449999999999998,0.23040000000000002,1.0
86.631796663,0.0,0.0,720.0,0.9,560.0,160.0,1.525,0.2736,1.0,560.0,160.0,1.525,0.23040000000000002,1.0
86.654530332,0.0,0.0,720.0,0.9,600.0,120.0,1.1449999999999998,0.2736,1.0,580.0,140.0,1.335,0.23040000000000002,1.0
86.669071375,0.0,0.0,720.0,0.9,600.0,120.0,1.1449999999999998,0.2736,1.0,600.0,120.0,1.1449999999999998,0.23040000000000002,1.0
86.693616586,0.0,0.0,720.0,0.9,660.0,60.0,0.575,0.2736,0.8486,640.0,80.0,0.765,0.23040000000000002,0.9954000000000001
86.708694004,0.0,0.0,720.0,0.9,660.0,60.0,0.575,0.2736,0.8486,660.0,60.0,0.575,0.23040000000000002,0.8054
86.724903964,0.0,0.0,720.0,0.9,700.0,20.0,0.195,0.2736,0.4686,680.0,40.0,0.385,0.23040000000000002,0.6154000000000001
86.739314632,0.0,0.0,720.0,0.9,720.0,0.0,0.005,0.2736,0.2786,680.0,40.0,0.385,0.23040000000000002,0.6154000000000001
86.762086218,1.0,0.0,720.0,0.9,740.0,-20.0,-0.1870351044000023,0.2736,0.08656489559999772,720.0,0.0,0.005,0.23040000000000002,0.23540000000000003
86.777961928,0.0,0.0,720.0,0.9,760.0,-40.0,-0.3802529464000003,0.2736,-0.10665294640000028,740.0,-20.0,-0.18660892090000006,0.23040000000000002,0.04379107909999996
86.794066013,1.0,0.0,720.0,0.9,740.0,-20.0,-0.19188724240000057,0.2736,0.08171275759999944,720.0,0.0,0.003391079099999956,0.23040000000000002,0.23379107909999997
86.811161181,1.0,0.0,720.0,0.9,740.0,-20.0,-0.19360037589999934,0.2736,0.07999962410000067,740.0,-20.0,-0.18832202530000244,0.23040000000000002,0.04207797469999758
86.825916308,1.0,0.0,720.0,0.9,720.0,0.0,-0.0036003758999993353,0.2736,0.26999962410000067,740.0,-20.0,-0.18979432959999998,0.23040000000000002,0.04060567040000004
86.840891934,1.0,0.0,720.0,0.9,740.0,-20.0,-0.195,0.2736,0.0786,740.0,-20.0,-0.19128874230000065,0.23040000000000002,0.039111257699999374
86.857224394,1.0,0.0,720.0,0.9,740.0,-20.0,-0.195,0.2736,0.0786,740.0,-20.0,-0.19303139240000236,0.23040000000000002,0.03736860759999766
86.883049438,1.0,0.0,720.0,0.9,740.0,-20.0,-0.195,0.2736,0.0786,740.0,-20.0,-0.195,0.23040000000000002,0.035400000000000015
86.894944481,1.0,0.0,720.0,0.9,720.0,0.0,-0.005,0.2736,0.2686,740.0,-20.0,-0.195,0.23040000000000002,0.035400000000000015
86.906903982,1.0,0.0,720.0,0.9,720.0,0.0,-0.005,0.2736,0.2686,740.0,-20.0,-0.195,0.23040000000000002,0.035400000000000015
86.922209776,1.0,0.0,720.0,0.9,740.0,-20.0,-0.195,0.2736,0.0786,740.0,-20.0,-0.195,0.23040000000000002,0.035400000000000015
86.935427527,1.0,0.0,720.0,0.9,720.0,0.0,-0.005,0.2736,0.2686,740.0,-20.0,-0.195,0.23040000000000002,0.035400000000000015
86.94678182,1.0,0.0,720.0,0.9,720.0,0.0,-0.005,0.2736,0.2686,740.0,-20.0,-0.195,0.23040000000000002,0.035400000000000015
86.958819488,1.0,0.0,720.0,0.9,720.0,0.0,-0.005,0.2736,0.2686,740.0,-20.0,-0.195,0.23040000000000002,0.035400000000000015
86.974026698,1.0,0.0,720.0,0.9,720.0,0.0,-0.005,0.2736,0.2686,740.0,-20.0,-0.195,0.23040000000000002,0.035400000000000015
86.988127032,1.0,0.0,720.0,0.9,740.0,-20.0,-0.195,0.2736,0.0786,740.0,-20.0,-0.195,0.23040000000000002,0.035400000000000015
87.005342367,1.0,0.0,720.0,0.9,720.0,0.0,-0.005,0.2736,0.2686,740.0,-20.0,-0.195,0.23040000000000002,0.035400000000000015
87.025300828,1.0,0.0,720.0,0.9,740.0,-20.0,-0.195,0.2736,0.0786,720.0,0.0,-0.005,0.23040000000000002,0.22540000000000002
87.047409747,1.0,0.0,720.0,0.9,720.0,0.0,-0.005,0.2736,0.2686,740.0,-20.0,-0.195,0.23040000000000002,0.035400000000000015
87.058539164,1.0,0.0,720.0,0.9,720.0,0.0,-0.005,0.2736,0.2686,740.0,-20.0,-0.195,0.23040000000000002,0.035400000000000015
87.070641582,1.0,0.0,720.0,0.9,720.0,0.0,-0.005,0.2736,0.2686,740.0,-20.0,-0.195,0.23040000000000002,0.035400000000000015
87.083392667,1.0,0.0,720.0,0.9,720.0,0.0,-0.005,0.2736,0.2686,720.0,0.0,-0.005,0.23040000000000002,0.22540000000000002
87.116293254,1.0,0.0,720.0,0.9,740.0,-20.0,-0.195,0.2736,0.0786,720.0,0.0,-0.005,0.23040000000000002,0.22540000000000002
87.135538589,1.0,0.0,720.0,0.9,720.0,0.0,-0.005,0.2736,0.2686,740.0,-20.0,-0.195,0.23040000000000002,0.035400000000000015
87.154214882,1.0,0.0,720.0,0.9,720.0,0.0,-0.005,0.2736,0.2686,720.0,0.0,-0.005,0.23040000000000002,0.22540000000000002
87.1654108,1.0,0.0,720.0,0.9,720.0,0.0,-0.005,0.2736,0.2686,720.0,0.0,-0.005,0.23040000000000002,0.22540000000000002
87.181751135,1.0,0.0,720.0,0.9,720.0,0.0,-0.005,0.2736,0.2686,740.0,-20.0,-0.195,0.23040000000000002,0.035400000000000015
87.198913387,1.0,0.0,720.0,0.9,720.0,0.0,-0.005,0.2736,0.2686,720.0,0.0,-0.005,0.23040000000000002,0.22540000000000002
87.215877888,0.0,0.0,720.0,0.9,700.0,20.0,0.18657712940000182,0.2736,0.4601771294000018,740.0,-20.0,-0.195,0.23040000000000002,0.035400000000000015
87.237995849,1.0,0.0,720.0,0.9,720.0,0.0,-0.0034228705999981915,0.2736,0.2701771294000018,720.0,0.0,-0.005,0.23040000000000002,0.22540000000000002
87.252801142,1.0,0.0,720.0,0.9,720.0,0.0,-0.0034228705999981915,0.2736,0.2701771294000018,740.0,-20.0,-0.195,0.23040000000000002,0.035400000000000015
87.274412478,1.0,0.0,720.0,0.9,740.0,-20.0,-0.195,0.2736,0.0786,720.0,0.0,-0.005,0.23040000000000002,0.22540000000000002
87.290329313,1.0,0.0,720.0,0.9,720.0,0.0,-0.005,0.2736,0.2686,720.0,0.0,-0.005,0.23040000000000002,0.22540000000000002
87.302130731,1.0,0.0,720.0,0.9,720.0,0.0,-0.005,0.2736,0.2686,720.0,0.0,-0.005,0.23040000000000002,0.22540000000000002
87.313374482,1.0,0.0,720.0,0.9,720.0,0.0,-0.005,0.2736,0.2686,720.0,0.0,-0.005,0.23040000000000002,0.22540000000000002
87.3300619,1.0,0.0,720.0,0.9,720.0,0.0,-0.005,0.2736,0.2686,720.0,0.0,-0.005,0.23040000000000002,0.22540000000000002
87.342968735,1.0,0.0,720.0,0.9,720.0,0.0,-0.005,0.2736,0.2686,720.0,0.0,-0.005,0.23040000000000002,0.22540000000000002
87.359173736,1.0,0.0,720.0,0.9,740.0,-20.0,-0.195,0.2736,0.0786,720.0,0.0,-0.005,0.23040000000000002,0.22540000000000002
87.372022238,1.0,0.0,720.0,0.9,720.0,0.0,-0.005,0.2736,0.2686,720.0,0.0,-0.005,0.23040000000000002,0.22540000000000002
87.384602114,1.0,0.0,720.0,0.9,720.0,0.0,-0.005,0.2736,0.2686,720.0,0.0,-0.005,0.23040000000000002,0.22540000000000002
87.4099462,1.0,0.0,720.0,0.9,700.0,20.0,0.18720036270000037,0.2736,0.46080036270000035,700.0,20.0,0.18720030440000016,0.23040000000000002,0.4176003044000002
87.430143243,1.0,0.0,720.0,0.9,720.0,0.0,-0.0027996372999996313,0.2736,0.27080036270000035,720.0,0.0,-0.0027996955999998363,0.23040000000000002,0.22760030440000018
87.442840661,1.0,0.0,720.0,0.9,720.0,0.0,-0.0027996372999996313,0.2736,0.27080036270000035,720.0,0.0,-0.0027996955999998363,0.23040000000000002,0.22760030440000018
87.458798913,1.0,0.0,720.0,0.9,720.0,0.0,-0.0027996372999996313,0.2736,0.27080036270000035,700.0,20.0,0.18859126280000055,0.23040000000000002,0.41899126280000054
87.48069404,0.0,0.0,720.0,0.9,640.0,80.0,0.7648500802999979,0.2736,1.0,620.0,100.0,0.955,0.23040000000000002,1.0
87.491206874,0.0,0.0,720.0,0.9,600.0,120.0,1.1449999999999998,0.2736,1.0,580.0,140.0,1.335,0.23040000000000002,1.0
87.503528626,0.0,0.0,720.0,0.9,580.0,140.0,1.335,0.2736,1.0,560.0,160.0,1.525,0.23040000000000002,1.0
87.517413127,0.0,0.0,720.0,0.9,580.0,140.0,1.335,0.2736,1.0,560.0,160.0,1.525,0.23040000000000002,1.0
87.531540295,0.0,0.0,720.0,0.9,620.0,100.0,0.955,0.2736,1.0,600.0,120.0,1.1449999999999998,0.23040000000000002,1.0
87.542928713,0.0,0.0,720.0,0.9,640.0,80.0,0.765,0.2736,1.0,600.0,120.0,1.1449999999999998,0.23040000000000002,1.0
87.558888715,0.0,0.0,720.0,0.9,640.0,80.0,0.765,0.2736,1.0,640.0,80.0,0.765,0.23040000000000002,0.9954000000000001
87.575161091,0.0,0.0,720.0,0.9,660.0,60.0,0.575,0.2736,0.8486,640.0,80.0,0.765,0.23040000000000002,0.9954000000000001
87.593112301,0.0,0.0,720.0,0.9,700.0,20.0,0.195,0.2736,0.4686,680.0,40.0,0.385,0.23040000000000002,0.6154000000000001
87.62635793,1.0,0.0,720.0,0.9,740.0,-20.0,-0.18820716699999934,0.2736,0.08539283300000067,720.0,0.0,0.005,0.23040000000000002,0.23540000000000003
87.640450973,1.0,0.0,720.0,0.9,740.0,-20.0,-0.18976265460000036,0.2736,0.08383734539999965,740.0,-20.0,-0.18655545849999897,0.23040000000000002,0.043844541500001055
87.656585683,0.0,0.0,720.0,0.9,760.0,-40.0,-0.38303346320000176,0.2736,-0.10943346320000175,740.0,-20.0,-0.1881908919999978,0.23040000000000002,0.042209108000002216
87.673239268,0.0,0.0,720.0,0.9,760.0,-40.0,-0.385,0.2736,-0.1114,740.0,-20.0,-0.1898456047000002,0.23040000000000002,0.040554395299999824
87.689894603,0.0,0.0,720.0,0.9,760.0,-40.0,-0.385,0.2736,-0.1114,740.0,-20.0,-0.19142731319999826,0.23040000000000002,0.038972686800001766
87.709175521,0.0,0.0,720.0,0.9,760.0,-40.0,-0.385,0.2736,-0.1114,760.0,-40.0,-0.385,0.23040000000000002,-0.1546
87.727224732,1.0,0.0,720.0,0.9,740.0,-20.0,-0.195,0.2736,0.0786,740.0,-20.0,-0.195,0.23040000000000002,0.035400000000000015
87.741281608,1.0,0.0,720.0,0.9,720.0,0.0,-0.005,0.2736,0.2686,740.0,-20.0,-0.195,0.23040000000000002,0.035400000000000015
87.757048235,0.0,0.0,720.0,0.9,700.0,20.0,0.18657966680000074,0.2736,0.4601796668000008,740.0,-20.0,-0.195,0.23040000000000002,0.035400000000000015
87.791244988,1.0,0.0,720.0,0.9,720.0,0.0,-0.003420333199999277,0.2736,0.2701796668000007,740.0,-20.0,-0.195,0.23040000000000002,0.035400000000000015
87.803619823,1.0,0.0,720.0,0.9,720.0,0.0,-0.003420333199999277,0.2736,0.2701796668000007,720.0,0.0,-0.005,0.23040000000000002,0.22540000000000002
87.815026324,1.0,0.0,720.0,0.9,720.0,0.0,-0.003420333199999277,0.2736,0.2701796668000007,720.0,0.0,-0.005,0.23040000000000002,0.22540000000000002
87.839379618,0.0,0.0,720.0,0.9,700.0,20.0,0.18869480450000312,0.2736,0.46229480450000315,740.0,-20.0,-0.195,0.23040000000000002,0.035400000000000015
87.854086619,1.0,0.0,720.0,0.9,720.0,0.0,-0.0013051954999968984,0.2736,0.2722948045000031,720.0,0.0,-0.005,0.23040000000000002,0.22540000000000002
87.866856079,1.0,0.0,720.0,0.9,720.0,0.0,-0.0013051954999968984,0.2736,0.2722948045000031,720.0,0.0,-0.005,0.23040000000000002,0.22540000000000002
87.879622622,1.0,0.0,720.0,0.9,720.0,0.0,-0.0013051954999968984,0.2736,0.2722948045000031,740.0,-20.0,-0.195,0.23040000000000002,0.035400000000000015
87.89980129,1.0,0.0,720.0,0.9,720.0,0.0,-0.0013051954999968984,0.2736,0.2722948045000031,720.0,0.0,-0.005,0.23040000000000002,0.22540000000000002
87.910123667,1.0,0.0,720.0,0.9,720.0,0.0,-0.0013051954999968984,0.2736,0.2722948045000031,720.0,0.0,-0.005,0.23040000000000002,0.22540000000000002
87.933393711,1.0,0.0,720.0,0.9,720.0,0.0,-0.0013051954999968984,0.2736,0.2722948045000031,720.0,0.0,-0.005,0.23040000000000002,0.22540000000000002
87.943933962,1.0,0.0,720.0,0.9,720.0,0.0,-0.0013051954999968984,0.2736,0.2722948045000031,720.0,0.0,-0.005,0.23040000000000002,0.22540000000000002
87.962826089,1.0,0.0,720.0,0.9,720.0,0.0,-0.0013051954999968984,0.2736,0.2722948045000031,720.0,0.0,-0.005,0.23040000000000002,0.22540000000000002
87.983009132,1.0,0.0,720.0,0.9,720.0,0.0,-0.0013051954999968984,0.2736,0.2722948045000031,720.0,0.0,-0.005,0.23040000000000002,0.22540000000000002
87.995576175,1.0,0.0,720.0,0.9,720.0,0.0,-0.0013051954999968984,0.2736,0.2722948045000031,720.0,0.0,-0.005,0.23040000000000002,0.22540000000000002
88.011537052,1.0,0.0,720.0,0.9,720.0,0.0,-0.0013051954999968984,0.2736,0.2722948045000031,720.0,0.0,-0.005,0.23040000000000002,0.22540000000000002
88.02345747,1.0,0.0,720.0,0.9,720.0,0.0,-0.0013051954999968984,0.2736,0.2722948045000031,720.0,0.0,-0.005,0.23040000000000002,0.22540000000000002
88.038161263,1.0,0.0,720.0,0.9,720.0,0.0,-0.0013051954999968984,0.2736,0.2722948045000031,720.0,0.0,-0.005,0.23040000000000002,0.22540000000000002
88.053406098,1.0,0.0,720.0,0.9,720.0,0.0,-0.0013051954999968984,0.2736,0.2722948045000031,720.0,0.0,-0.005,0.23040000000000002,0.22540000000000002
88.069709099,1.0,0.0,720.0,0.9,700.0,20.0,0.19019694630000344,0.2736,0.46379694630000345,720.0,0.0,-0.005,0.23040000000000002,0.22540000000000002
88.093698393,1.0,0.0,720.0,0.9,720.0,0.0,1.969463000034466E-4,0.2736,0.27379694630000345,700.0,20.0,0.1869901293000004,0.23040000000000002,0.4173901293000004
88.10682077,1.0,0.0,720.0,0.9,720.0,0.0,1.969463000034466E-4,0.2736,0.27379694630000345,720.0,0.0,-0.003009870699999624,0.23040000000000002,0.2273901293000004
88.127693313,1.0,0.0,720.0,0.9,720.0,0.0,1.969463000034466E-4,0.2736,0.27379694630000345,720.0,0.0,-0.003009870699999624,0.23040000000000002,0.2273901293000004
88.149152982,1.0,0.0,720.0,0.9,700.0,20.0,0.19212964650000458,0.2736,0.4657296465000046,720.0,0.0,-0.003009870699999624,0.23040000000000002,0.2273901293000004
88.169857526,1.0,0.0,720.0,0.9,720.0,0.0,0.0021296465000045827,0.2736,0.2757296465000046,720.0,0.0,-0.003009870699999624,0.23040000000000002,0.2273901293000004
88.180417319,1.0,0.0,720.0,0.9,720.0,0.0,0.0021296465000045827,0.2736,0.2757296465000046,720.0,0.0,-0.003009870699999624,0.23040000000000002,0.2273901293000004
88.195543445,1.0,0.0,720.0,0.9,720.0,0.0,0.0021296465000045827,0.2736,0.2757296465000046,720.0,0.0,-0.003009870699999624,0.23040000000000002,0.2273901293000004
88.212337905,1.0,0.0,720.0,0.9,720.0,0.0,0.0021296465000045827,0.2736,0.2757296465000046,720.0,0.0,-0.003009870699999624,0.23040000000000002,0.2273901293000004
88.229877574,1.0,0.0,720.0,0.9,720.0,0.0,0.0021296465000045827,0.2736,0.2757296465000046,700.0,20.0,0.18833380859999863,0.23040000000000002,0.41873380859999865
88.242174533,1.0,0.0,720.0,0.9,720.0,0.0,0.0021296465000045827,0.2736,0.2757296465000046,720.0,0.0,-0.0016661914000013667,0.23040000000000002,0.22873380859999864
88.253525618,1.0,0.0,720.0,0.9,720.0,0.0,0.0021296465000045827,0.2736,0.2757296465000046,720.0,0.0,-0.0016661914000013667,0.23040000000000002,0.22873380859999864
88.267219952,1.0,0.0,720.0,0.9,720.0,0.0,0.0021296465000045827,0.2736,0.2757296465000046,720.0,0.0,-0.0016661914000013667,0.23040000000000002,0.22873380859999864
88.287048038,1.0,0.0,720.0,0.9,720.0,0.0,0.0021296465000045827,0.2736,0.2757296465000046,720.0,0.0,-0.0016661914000013667,0.23040000000000002,0.22873380859999864
88.305160831,0.0,0.0,720.0,0.9,740.0,-20.0,-0.18919207029999655,0.2736,0.08440792970000346,700.0,20.0,0.1896554962999977,0.23040000000000002,0.4200554962999977
88.32605875,1.0,0.0,720.0,0.9,720.0,0.0,8.079297000034558E-4,0.2736,0.27440792970000344,720.0,0.0,-3.4450370000229215E-4,0.23040000000000002,0.23005549629999772
88.342644668,1.0,0.0,720.0,0.9,720.0,0.0,8.079297000034558E-4,0.2736,0.27440792970000344,700.0,20.0,0.19142780899999592,0.23040000000000002,0.42182780899999595
88.355445628,1.0,0.0,720.0,0.9,720.0,0.0,8.079297000034558E-4,0.2736,0.27440792970000344,720.0,0.0,0.001427808999995932,0.23040000000000002,0.23182780899999594
88.368164629,1.0,0.0,720.0,0.9,720.0,0.0,8.079297000034558E-4,0.2736,0.27440792970000344,720.0,0.0,0.001427808999995932,0.23040000000000002,0.23182780899999594
88.383138506,1.0,0.0,720.0,0.9,720.0,0.0,8.079297000034558E-4,0.2736,0.27440792970000344,700.0,20.0,0.192718959099995,0.23040000000000002,0.42311895909999503
88.398859632,1.0,0.0,720.0,0.9,700.0,20.0,0.19221385070000338,0.2736,0.46581385070000336,720.0,0.0,0.0027189590999950044,0.23040000000000002,0.23311895909999503
88.410684967,1.0,0.0,720.0,0.9,720.0,0.0,0.002213850700003377,0.2736,0.27581385070000336,720.0,0.0,0.0027189590999950044,0.23040000000000002,0.23311895909999503
88.423737635,1.0,0.0,720.0,0.9,720.0,0.0,0.002213850700003377,0.2736,0.27581385070000336,720.0,0.0,0.0027189590999950044,0.23040000000000002,0.23311895909999503
88.438579678,1.0,0.0,720.0,0.9,720.0,0.0,0.002213850700003377,0.2736,0.27581385070000336,720.0,0.0,0.0027189590999950044,0.23040000000000002,0.23311895909999503
88.453773763,1.0,0.0,720.0,0.9,720.0,0.0,0.002213850700003377,0.2736,0.27581385070000336,720.0,0.0,0.0027189590999950044,0.23040000000000002,0.23311895909999503
88.464613556,1.0,0.0,720.0,0.9,720.0,0.0,0.002213850700003377,0.2736,0.27581385070000336,720.0,0.0,0.0027189590999950044,0.23040000000000002,0.23311895909999503
88.492965017,1.0,0.0,740.0,0.95,720.0,20.0,0.19461400510000487,0.2812,0.4758140051000049,720.0,20.0,0.195,0.2368,0.4318
88.515929394,1.0,0.0,740.0,0.95,720.0,20.0,0.195,0.2812,0.4762,720.0,20.0,0.195,0.2368,0.4318
88.531605312,1.0,0.0,740.0,0.95,720.0,20.0,0.195,0.2812,0.4762,720.0,20.0,0.195,0.2368,0.4318
88.548873439,1.0,0.0,740.0,0.95,720.0,20.0,0.195,0.2812,0.4762,720.0,20.0,0.195,0.2368,0.4318
88.562865857,1.0,0.0,740.0,0.95,720.0,20.0,0.195,0.2812,0.4762,720.0,20.0,0.195,0.2368,0.4318
88.582891109,1.0,0.0,740.0,0.95,740.0,0.0,0.005,0.2812,0.2862,740.0,0.0,0.005,0.2368,0.24180000000000001
88.595569569,1.0,0.0,740.0,0.95,740.0,0.0,0.005,0.2812,0.2862,740.0,0.0,0.005,0.2368,0.24180000000000001
88.617105654,0.0,0.0,740.0,0.95,760.0,-20.0,-0.1866408585000022,0.2812,0.0945591414999978,720.0,20.0,0.195,0.2368,0.4318
88.633295781,1.0,0.0,740.0,0.95,740.0,0.0,0.0033591414999978044,0.2812,0.28455914149999784,720.0,20.0,0.195,0.2368,0.4318
88.643725199,1.0,0.0,740.0,0.95,740.0,0.0,0.0033591414999978044,0.2812,0.28455914149999784,720.0,20.0,0.195,0.2368,0.4318
88.656086908,1.0,0.0,740.0,0.95,740.0,0.0,0.0033591414999978044,0.2812,0.28455914149999784,740.0,0.0,0.005,0.2368,0.24180000000000001
88.687632703,1.0,0.0,740.0,0.95,760.0,-20.0,-0.18974658380000223,0.2812,0.09145341619999778,740.0,0.0,0.005,0.2368,0.24180000000000001
88.714599622,1.0,0.0,740.0,0.95,740.0,0.0,2.5341619999778685E-4,0.2812,0.2814534161999978,740.0,0.0,0.005,0.2368,0.24180000000000001
88.728904124,1.0,0.0,740.0,0.95,760.0,-20.0,-0.191370525600002,0.2812,0.089829474399998,740.0,0.0,0.005,0.2368,0.24180000000000001
88.744006625,1.0,0.0,740.0,0.95,740.0,0.0,-0.0013705256000019971,0.2812,0.279829474399998,740.0,0.0,0.005,0.2368,0.24180000000000001
88.760629877,0.0,0.0,740.0,0.95,760.0,-20.0,-0.19283597570000155,0.2812,0.08836402429999846,720.0,20.0,0.195,0.2368,0.4318
88.779027629,0.0,0.0,740.0,0.95,720.0,20.0,0.1890110911999966,0.2812,0.4702110911999966,760.0,-20.0,-0.18684709600000018,0.2368,0.049952903999999826
88.811601549,1.0,0.0,740.0,0.95,740.0,0.0,-9.889088000034007E-4,0.2812,0.2802110911999966,740.0,0.0,0.0031529039999998077,0.2368,0.23995290399999983
88.828426926,0.0,0.0,740.0,0.95,760.0,-20.0,-0.19263845890000142,0.2812,0.08856154109999859,720.0,20.0,0.19480245410000066,0.2368,0.43160245410000064
88.846534177,1.0,0.0,740.0,0.95,760.0,-20.0,-0.19447520080000288,0.2812,0.08672479919999712,740.0,0.0,0.004802454100000659,0.2368,0.24160245410000067
88.860692262,1.0,0.0,740.0,0.95,740.0,0.0,-0.004475200800002881,0.2812,0.27672479919999715,760.0,-20.0,-0.1866108459999998,0.2368,0.05018915400000021
88.875860972,1.0,0.0,740.0,0.95,740.0,0.0,-0.004475200800002881,0.2812,0.27672479919999715,740.0,0.0,0.0033891540000001896,0.2368,0.2401891540000002
88.900227099,1.0,0.0,760.0,0.95,740.0,20.0,0.18783033689999626,0.2888,0.47663033689999623,740.0,20.0,0.195,0.24320000000000003,0.43820000000000003
88.914470642,1.0,0.0,760.0,0.95,740.0,20.0,0.18947131209999782,0.2888,0.47827131209999785,740.0,20.0,0.195,0.24320000000000003,0.43820000000000003
88.930107186,1.0,0.0,760.0,0.95,740.0,20.0,0.1910232705999971,0.2888,0.4798232705999971,740.0,20.0,0.195,0.24320000000000003,0.43820000000000003
88.947547688,1.0,0.0,760.0,0.95,760.0,0.0,0.0010232705999970904,0.2888,0.2898232705999971,760.0,0.0,0.005,0.24320000000000003,0.24820000000000003
88.966700856,1.0,0.0,760.0,0.95,760.0,0.0,0.0010232705999970904,0.2888,0.2898232705999971,760.0,0.0,0.005,0.24320000000000003,0.24820000000000003
88.983047899,1.0,0.0,760.0,0.95,760.0,0.0,0.0010232705999970904,0.2888,0.2898232705999971,740.0,20.0,0.195,0.24320000000000003,0.43820000000000003
89.004018152,1.0,0.0,760.0,0.95,760.0,0.0,0.0010232705999970904,0.2888,0.2898232705999971,760.0,0.0,0.005,0.24320000000000003,0.24820000000000003
89.019640111,1.0,0.0,760.0,0.95,760.0,0.0,0.0010232705999970904,0.2888,0.2898232705999971,740.0,20.0,0.195,0.24320000000000003,0.43820000000000003
89.037976905,1.0,0.0,760.0,0.95,760.0,0.0,0.0010232705999970904,0.2888,0.2898232705999971,760.0,0.0,0.005,0.24320000000000003,0.24820000000000003
89.062255824,1.0,0.0,760.0,0.95,740.0,20.0,0.19350552909999522,0.2888,0.48230552909999524,760.0,0.0,0.005,0.24320000000000003,0.24820000000000003
89.078870617,1.0,0.0,760.0,0.95,760.0,0.0,0.003505529099995215,0.2888,0.29230552909999524,780.0,-20.0,-0.18646320439999955,0.24320000000000003,0.05673679560000047
89.111124287,0.0,0.0,805.0,0.95,760.0,45.0,0.4325,0.3059,0.7384,760.0,45.0,0.4325,0.2576,0.6900999999999999
89.134293123,0.0,0.0,805.0,0.95,760.0,45.0,0.4325,0.3059,0.7384,760.0,45.0,0.4325,0.2576,0.6900999999999999
89.152927125,0.0,0.0,805.0,0.95,760.0,45.0,0.4325,0.3059,0.7384,780.0,25.0,0.2425,0.2576,0.5001
89.18374142,1.0,0.0,805.0,0.95,780.0,25.0,0.2425,0.3059,0.5484,800.0,5.0,0.0525,0.2576,0.3101
89.206480922,1.0,0.0,805.0,0.95,800.0,5.0,0.0525,0.3059,0.3584,780.0,25.0,0.2425,0.2576,0.5001
89.2335263,1.0,0.0,805.0,0.95,820.0,-15.0,-0.13948791265000152,0.3059,0.1664120873499985,800.0,5.0,0.0525,0.2576,0.3101
89.247543218,1.0,0.0,805.0,0.95,820.0,-15.0,-0.1408181097250015,0.3059,0.1650818902749985,800.0,5.0,0.0525,0.2576,0.3101
89.268862595,1.0,0.0,805.0,0.95,840.0,-35.0,-0.33414250474999907,0.3059,-0.028242504749999064,820.0,-15.0,-0.13892474072500105,0.2576,0.11867525927499895
89.284541138,1.0,0.0,805.0,0.95,820.0,-15.0,-0.14528973924999916,0.3059,0.16061026075000084,800.0,5.0,0.051457656199998925,0.2576,0.3090576561999989
89.306879015,1.0,0.0,805.0,0.95,820.0,-15.0,-0.14695591442500058,0.3059,0.15894408557499942,800.0,5.0,0.05201307707499879,0.2576,0.3096130770749988
89.320899142,1.0,0.0,805.0,0.95,800.0,5.0,0.043422989774998796,0.3059,0.3493229897749988,800.0,5.0,0.052391973999998384,0.2576,0.3099919739999984
89.344919061,1.0,0.0,800.0,0.5,800.0,0.0,-0.004077010225001203,0.304,0.2999229897749988,800.0,0.0,0.004891973999998384,0.256,0.2608919739999984
89.358642854,1.0,0.0,800.0,0.5,800.0,0.0,-0.004077010225001203,0.304,0.2999229897749988,820.0,-20.0,-0.18659074290000163,0.256,0.06940925709999837
89.371619688,1.0,0.0,800.0,0.5,800.0,0.0,-0.004077010225001203,0.304,0.2999229897749988,800.0,0.0,0.003409257099998371,0.256,0.2594092570999984
89.384511356,1.0,0.0,800.0,0.5,800.0,0.0,-0.004077010225001203,0.304,0.2999229897749988,800.0,0.0,0.003409257099998371,0.256,0.2594092570999984
89.396559233,1.0,0.0,800.0,0.5,800.0,0.0,-0.004077010225001203,0.304,0.2999229897749988,820.0,-20.0,-0.18758905970000073,0.256,0.06841094029999928
89.410302859,1.0,0.0,800.0,0.5,800.0,0.0,-0.004077010225001203,0.304,0.2999229897749988,800.0,0.0,0.0024109402999992822,0.256,0.2584109402999993
89.42024636,1.0,0.0,800.0,0.5,800.0,0.0,-0.004077010225001203,0.304,0.2999229897749988,800.0,0.0,0.0024109402999992822,0.256,0.2584109402999993
89.434357486,1.0,0.0,800.0,0.5,800.0,0.0,-0.004077010225001203,0.304,0.2999229897749988,820.0,-20.0,-0.18879723070000254,0.256,0.06720276929999747
89.449096571,1.0,0.0,800.0,0.5,800.0,0.0,-0.004077010225001203,0.304,0.2999229897749988,800.0,0.0,0.0012027692999974705,0.256,0.25720276929999747
89.460695281,1.0,0.0,800.0,0.5,800.0,0.0,-0.004077010225001203,0.304,0.2999229897749988,800.0,0.0,0.0012027692999974705,0.256,0.25720276929999747
89.472331324,1.0,0.0,800.0,0.5,800.0,0.0,-0.004077010225001203,0.304,0.2999229897749988,800.0,0.0,0.0012027692999974705,0.256,0.25720276929999747
89.498563826,1.0,0.0,800.0,0.5,800.0,0.0,-0.004077010225001203,0.304,0.2999229897749988,800.0,0.0,0.0012027692999974705,0.256,0.25720276929999747
89.511983994,1.0,0.0,800.0,0.5,800.0,0.0,-0.004077010225001203,0.304,0.2999229897749988,800.0,0.0,0.0012027692999974705,0.256,0.25720276929999747
89.532403288,1.0,0.0,800.0,0.5,800.0,0.0,-0.004077010225001203,0.304,0.2999229897749988,800.0,0.0,0.0012027692999974705,0.256,0.25720276929999747
89.544232706,1.0,0.0,800.0,0.5,800.0,0.0,-0.004077010225001203,0.304,0.2999229897749988,800.0,0.0,0.0012027692999974705,0.256,0.25720276929999747
89.558067916,1.0,0.0,800.0,0.5,800.0,0.0,-0.004077010225001203,0.304,0.2999229897749988,800.0,0.0,0.0012027692999974705,0.256,0.25720276929999747
89.572701417,1.0,0.0,800.0,0.5,800.0,0.0,-0.004077010225001203,0.304,0.2999229897749988,800.0,0.0,0.0012027692999974705,0.256,0.25720276929999747
89.58420446,1.0,0.0,800.0,0.5,800.0,0.0,-0.004077010225001203,0.304,0.2999229897749988,800.0,0.0,0.0012027692999974705,0.256,0.25720276929999747
89.607262754,1.0,0.0,800.0,0.5,780.0,20.0,0.18811145257499973,0.304,0.4921114525749997,800.0,0.0,0.0012027692999974705,0.256,0.25720276929999747
89.620101047,1.0,0.0,800.0,0.5,800.0,0.0,-0.0018885474250002687,0.304,0.3021114525749997,800.0,0.0,0.0012027692999974705,0.256,0.25720276929999747
89.63206609,1.0,0.0,800.0,0.5,800.0,0.0,-0.0018885474250002687,0.304,0.3021114525749997,800.0,0.0,0.0012027692999974705,0.256,0.25720276929999747
89.649955466,1.0,0.0,800.0,0.5,800.0,0.0,-0.0018885474250002687,0.304,0.3021114525749997,800.0,0.0,0.0012027692999974705,0.256,0.25720276929999747
89.66902201,1.0,0.0,800.0,0.5,800.0,0.0,-0.0018885474250002687,0.304,0.3021114525749997,800.0,0.0,0.0012027692999974705,0.256,0.25720276929999747
89.690692262,1.0,0.0,800.0,0.5,780.0,20.0,0.18976149857500005,0.304,0.49376149857500007,780.0,20.0,0.1928528444999988,0.256,0.4488528444999988
89.70689318,1.0,0.0,800.0,0.5,800.0,0.0,-2.3850142499995286E-4,0.304,0.30376149857500007,800.0,0.0,0.0028528444999987813,0.256,0.2588528444999988
89.728098224,1.0,0.0,800.0,0.5,800.0,0.0,-2.3850142499995286E-4,0.304,0.30376149857500007,780.0,20.0,0.195,0.256,0.451
89.75288756,1.0,0.0,800.0,0.5,800.0,0.0,-2.3850142499995286E-4,0.304,0.30376149857500007,780.0,20.0,0.195,0.256,0.451
89.771568229,1.0,0.0,800.0,0.5,820.0,-20.0,-0.1919724599249973,0.304,0.11202754007500268,800.0,0.0,0.005,0.256,0.261
89.788944272,1.0,0.0,800.0,0.5,820.0,-20.0,-0.19389789762499832,0.304,0.11010210237500168,800.0,0.0,0.005,0.256,0.261
89.810949941,1.0,0.0,800.0,0.5,800.0,0.0,-0.003897897624998308,0.304,0.3001021023750017,800.0,0.0,0.005,0.256,0.261
89.826128276,1.0,0.0,800.0,0.5,800.0,0.0,-0.003897897624998308,0.304,0.3001021023750017,800.0,0.0,0.005,0.256,0.261
89.844321861,1.0,0.0,800.0,0.5,800.0,0.0,-0.003897897624998308,0.304,0.3001021023750017,800.0,0.0,0.005,0.256,0.261
89.860254446,1.0,0.0,800.0,0.5,800.0,0.0,-0.003897897624998308,0.304,0.3001021023750017,800.0,0.0,0.005,0.256,0.261
89.878501114,1.0,0.0,800.0,0.5,800.0,0.0,-0.003897897624998308,0.304,0.3001021023750017,800.0,0.0,0.005,0.256,0.261
89.896982283,1.0,0.0,800.0,0.5,800.0,0.0,-0.003897897624998308,0.304,0.3001021023750017,800.0,0.0,0.005,0.256,0.261
89.910937368,1.0,0.0,800.0,0.5,800.0,0.0,-0.003897897624998308,0.304,0.3001021023750017,800.0,0.0,0.005,0.256,0.261
89.930331745,1.0,0.0,800.0,0.5,800.0,0.0,-0.003897897624998308,0.304,0.3001021023750017,800.0,0.0,0.005,0.256,0.261
89.940857996,1.0,0.0,800.0,0.5,800.0,0.0,-0.003897897624998308,0.304,0.3001021023750017,800.0,0.0,0.005,0.256,0.261
89.955197205,1.0,0.0,800.0,0.5,800.0,0.0,-0.003897897624998308,0.304,0.3001021023750017,800.0,0.0,0.005,0.256,0.261
89.972599207,1.0,0.0,800.0,0.5,800.0,0.0,-0.003897897624998308,0.304,0.3001021023750017,780.0,20.0,0.195,0.256,0.451
89.984185375,1.0,0.0,800.0,0.5,800.0,0.0,-0.003897897624998308,0.304,0.3001021023750017,780.0,20.0,0.195,0.256,0.451
90.003793835,1.0,0.0,800.0,0.5,780.0,20.0,0.18794978177500254,0.304,0.49194978177500254,780.0,20.0,0.195,0.256,0.451
90.022852212,0.0,0.0,800.0,0.5,780.0,20.0,0.1895387235750026,0.304,0.4935387235750026,820.0,-20.0,-0.18658897100000105,0.256,0.06941102899999896
90.040745381,1.0,0.0,800.0,0.5,780.0,20.0,0.19139404457500192,0.304,0.4953940445750019,800.0,0.0,0.003411028999998962,0.256,0.25941102899999896
90.064689175,0.0,0.0,800.0,0.5,820.0,-20.0,-0.19103819322499746,0.304,0.11296180677500253,780.0,20.0,0.195,0.256,0.451
90.079157301,0.0,0.0,800.0,0.5,820.0,-20.0,-0.192671235024997,0.304,0.11132876497500299,780.0,20.0,0.195,0.256,0.451
90.095999011,1.0,0.0,800.0,0.5,800.0,0.0,-0.002671235024997003,0.304,0.301328764975003,820.0,-20.0,-0.18651252510000008,0.256,0.06948747489999993
90.114244513,1.0,0.0,800.0,0.5,800.0,0.0,-0.002671235024997003,0.304,0.301328764975003,820.0,-20.0,-0.18845085450000226,0.256,0.06754914549999774
90.128916223,1.0,0.0,800.0,0.5,800.0,0.0,-0.002671235024997003,0.304,0.301328764975003,820.0,-20.0,-0.18991951300000154,0.256,0.06608048699999847
90.145431849,1.0,0.0,800.0,0.5,820.0,-20.0,-0.19411985592499534,0.304,0.10988014407500465,800.0,0.0,8.048699999847032E-5,0.256,0.25608048699999847
90.160055143,1.0,0.0,800.0,0.5,820.0,-20.0,-0.195,0.304,0.10899999999999999,800.0,0.0,8.048699999847032E-5,0.256,0.25608048699999847
90.173486102,1.0,0.0,800.0,0.5,820.0,-20.0,-0.195,0.304,0.10899999999999999,800.0,0.0,8.048699999847032E-5,0.256,0.25608048699999847
90.186602937,1.0,0.0,800.0,0.5,800.0,0.0,-0.005,0.304,0.299,800.0,0.0,8.048699999847032E-5,0.256,0.25608048699999847
90.20528098,1.0,0.0,800.0,0.5,800.0,0.0,-0.005,0.304,0.299,800.0,0.0,8.048699999847032E-5,0.256,0.25608048699999847
90.216567023,1.0,0.0,800.0,0.5,800.0,0.0,-0.005,0.304,0.299,800.0,0.0,8.048699999847032E-5,0.256,0.25608048699999847
90.245133443,1.0,0.0,800.0,0.5,820.0,-20.0,-0.195,0.304,0.10899999999999999,800.0,0.0,8.048699999847032E-5,0.256,0.25608048699999847
90.264756778,1.0,0.0,800.0,0.5,820.0,-20.0,-0.195,0.304,0.10899999999999999,800.0,0.0,8.048699999847032E-5,0.256,0.25608048699999847
90.281549196,1.0,0.0,800.0,0.5,820.0,-20.0,-0.195,0.304,0.10899999999999999,800.0,0.0,8.048699999847032E-5,0.256,0.25608048699999847
90.295104406,1.0,0.0,800.0,0.5,800.0,0.0,-0.005,0.304,0.299,800.0,0.0,8.048699999847032E-5,0.256,0.25608048699999847
90.315176325,1.0,0.0,800.0,0.5,800.0,0.0,-0.005,0.304,0.299,800.0,0.0,8.048699999847032E-5,0.256,0.25608048699999847
90.329251576,1.0,0.0,800.0,0.5,800.0,0.0,-0.005,0.304,0.299,800.0,0.0,8.048699999847032E-5,0.256,0.25608048699999847
90.343752661,1.0,0.0,800.0,0.5,800.0,0.0,-0.005,0.304,0.299,800.0,0.0,8.048699999847032E-5,0.256,0.25608048699999847
90.358326954,1.0,0.0,800.0,0.5,800.0,0.0,-0.005,0.304,0.299,800.0,0.0,8.048699999847032E-5,0.256,0.25608048699999847
90.375256748,1.0,0.0,800.0,0.5,800.0,0.0,-0.005,0.304,0.299,780.0,20.0,0.19131680379999635,0.256,0.4473168037999964
90.388395166,1.0,0.0,800.0,0.5,800.0,0.0,-0.005,0.304,0.299,780.0,20.0,0.1928751788999972,0.256,0.4488751788999972
90.403644959,1.0,0.0,800.0,0.5,800.0,0.0,-0.005,0.304,0.299,820.0,-20.0,-0.18866295460000287,0.256,0.06733704539999713
90.422930544,1.0,0.0,800.0,0.5,800.0,0.0,-0.005,0.304,0.299,800.0,0.0,0.0013370453999971233,0.256,0.25733704539999713
90.434890337,1.0,0.0,800.0,0.5,800.0,0.0,-0.005,0.304,0.299,800.0,0.0,0.0013370453999971233,0.256,0.25733704539999713
90.452114714,1.0,0.0,800.0,0.5,800.0,0.0,-0.005,0.304,0.299,780.0,20.0,0.1928247204999974,0.256,0.44882472049999744
90.470636132,1.0,0.0,800.0,0.5,800.0,0.0,-0.005,0.304,0.299,800.0,0.0,0.0028247204999973974,0.256,0.2588247204999974
90.485907217,1.0,0.0,800.0,0.5,800.0,0.0,-0.005,0.304,0.299,800.0,0.0,0.0028247204999973974,0.256,0.2588247204999974
90.501827844,1.0,0.0,800.0,0.5,800.0,0.0,-0.005,0.304,0.299,780.0,20.0,0.19420479979999755,0.256,0.45020479979999756
90.515466178,1.0,0.0,800.0,0.5,800.0,0.0,-0.005,0.304,0.299,800.0,0.0,0.004204799799997545,0.256,0.26020479979999755
90.542902681,1.0,0.0,800.0,0.5,800.0,0.0,-0.005,0.304,0.299,780.0,20.0,0.195,0.256,0.451
90.558519683,1.0,0.0,800.0,0.5,800.0,0.0,-0.005,0.304,0.299,800.0,0.0,0.005,0.256,0.261
90.577245268,1.0,0.0,800.0,0.5,780.0,20.0,0.18695445849999773,0.304,0.49095445849999775,800.0,0.0,0.005,0.256,0.261
90.591960144,1.0,0.0,800.0,0.5,780.0,20.0,0.18843043780000016,0.304,0.4924304378000002,800.0,0.0,0.005,0.256,0.261
90.61693673,1.0,0.0,800.0,0.5,780.0,20.0,0.19089825889999815,0.304,0.49489825889999817,800.0,0.0,0.005,0.256,0.261
90.63147894,1.0,0.0,800.0,0.5,800.0,0.0,8.982588999981544E-4,0.304,0.30489825889999816,780.0,20.0,0.195,0.256,0.451
90.650696859,1.0,0.0,800.0,0.5,800.0,0.0,8.982588999981544E-4,0.304,0.30489825889999816,780.0,20.0,0.195,0.256,0.451
90.660576193,1.0,0.0,800.0,0.5,800.0,0.0,8.982588999981544E-4,0.304,0.30489825889999816,780.0,20.0,0.195,0.256,0.451
90.677340903,1.0,0.0,800.0,0.5,820.0,-20.0,-0.19044682040000224,0.304,0.11355317959999775,800.0,0.0,0.005,0.256,0.261
90.694116405,1.0,0.0,800.0,0.5,820.0,-20.0,-0.19233894980000174,0.304,0.11166105019999825,800.0,0.0,0.005,0.256,0.261
90.707936448,1.0,0.0,800.0,0.5,820.0,-20.0,-0.19372410410000043,0.304,0.11027589589999956,800.0,0.0,0.005,0.256,0.261
90.723723199,1.0,0.0,800.0,0.5,800.0,0.0,-0.0037241041000004318,0.304,0.30027589589999953,800.0,0.0,0.005,0.256,0.261
90.742642743,1.0,0.0,800.0,0.5,800.0,0.0,-0.0037241041000004318,0.304,0.30027589589999953,800.0,0.0,0.005,0.256,0.261
90.754141702,1.0,0.0,800.0,0.5,800.0,0.0,-0.0037241041000004318,0.304,0.30027589589999953,800.0,0.0,0.005,0.256,0.261
90.77784458,1.0,0.0,800.0,0.5,800.0,0.0,-0.0037241041000004318,0.304,0.30027589589999953,780.0,20.0,0.195,0.256,0.451
90.797387123,1.0,0.0,800.0,0.5,800.0,0.0,-0.0037241041000004318,0.304,0.30027589589999953,800.0,0.0,0.005,0.256,0.261
90.81703175,1.0,0.0,800.0,0.5,800.0,0.0,-0.0037241041000004318,0.304,0.30027589589999953,800.0,0.0,0.005,0.256,0.261
90.829989627,1.0,0.0,800.0,0.5,800.0,0.0,-0.0037241041000004318,0.304,0.30027589589999953,800.0,0.0,0.005,0.256,0.261
90.845289587,1.0,0.0,800.0,0.5,800.0,0.0,-0.0037241041000004318,0.304,0.30027589589999953,780.0,20.0,0.195,0.256,0.451
90.855721046,1.0,0.0,800.0,0.5,800.0,0.0,-0.0037241041000004318,0.304,0.30027589589999953,780.0,20.0,0.195,0.256,0.451
90.872578214,1.0,0.0,800.0,0.5,780.0,20.0,0.18753671269999814,0.304,0.4915367126999981,800.0,0.0,0.005,0.256,0.261
90.885394049,1.0,0.0,800.0,0.5,800.0,0.0,-0.0024632873000018664,0.304,0.3015367126999981,800.0,0.0,0.005,0.256,0.261
90.897986467,1.0,0.0,800.0,0.5,780.0,20.0,0.18877113369999904,0.304,0.49277113369999903,800.0,0.0,0.005,0.256,0.261
90.913199802,1.0,0.0,800.0,0.5,800.0,0.0,-0.0012288663000009593,0.304,0.30277113369999903,800.0,0.0,0.005,0.256,0.261
90.927721303,1.0,0.0,800.0,0.5,800.0,0.0,-0.0012288663000009593,0.304,0.30277113369999903,800.0,0.0,0.005,0.256,0.261
90.943608388,1.0,0.0,800.0,0.5,800.0,0.0,-0.0012288663000009593,0.304,0.30277113369999903,820.0,-20.0,-0.1860383335,0.256,0.06996166649999999
90.964501932,1.0,0.0,800.0,0.5,800.0,0.0,-0.0012288663000009593,0.304,0.30277113369999903,800.0,0.0,0.003961666499999979,0.256,0.25996166649999997
90.992093018,1.0,0.0,800.0,0.5,800.0,0.0,-0.0012288663000009593,0.304,0.30277113369999903,780.0,20.0,0.195,0.256,0.451
91.013748978,1.0,0.0,800.0,0.5,800.0,0.0,-0.0012288663000009593,0.304,0.30277113369999903,820.0,-20.0,-0.18714935019999984,0.256,0.06885064980000016
91.026895271,1.0,0.0,800.0,0.5,800.0,0.0,-0.0012288663000009593,0.304,0.30277113369999903,820.0,-20.0,-0.18847879619999958,0.256,0.06752120380000043
91.052047732,1.0,0.0,800.0,0.5,800.0,0.0,-0.0012288663000009593,0.304,0.30277113369999903,800.0,0.0,0.0015212038000004214,0.256,0.25752120380000043
91.064367442,1.0,0.0,800.0,0.5,800.0,0.0,-0.0012288663000009593,0.304,0.30277113369999903,800.0,0.0,0.0015212038000004214,0.256,0.25752120380000043
91.081080819,1.0,0.0,800.0,0.5,800.0,0.0,-0.0012288663000009593,0.304,0.30277113369999903,820.0,-20.0,-0.18988821719999918,0.256,0.06611178280000082
91.105552238,1.0,0.0,800.0,0.5,800.0,0.0,-0.0012288663000009593,0.304,0.30277113369999903,780.0,20.0,0.19261918300000047,0.256,0.4486191830000005
91.118510697,1.0,0.0,800.0,0.5,800.0,0.0,-0.0012288663000009593,0.304,0.30277113369999903,800.0,0.0,0.0026191830000004755,0.256,0.2586191830000005
91.138933199,1.0,0.0,800.0,0.5,800.0,0.0,-0.0012288663000009593,0.304,0.30277113369999903,800.0,0.0,0.0026191830000004755,0.256,0.2586191830000005
91.153492909,1.0,0.0,800.0,0.5,800.0,0.0,-0.0012288663000009593,0.304,0.30277113369999903,820.0,-20.0,-0.1886279253999993,0.256,0.06737207460000069
91.191072996,1.0,0.0,800.0,0.5,800.0,0.0,-0.0012288663000009593,0.304,0.30277113369999903,800.0,0.0,0.001372074600000701,0.256,0.2573720746000007
91.216576332,1.0,0.0,800.0,0.5,800.0,0.0,-0.0012288663000009593,0.304,0.30277113369999903,800.0,0.0,0.001372074600000701,0.256,0.2573720746000007
91.229040708,1.0,0.0,800.0,0.5,800.0,0.0,-0.0012288663000009593,0.304,0.30277113369999903,800.0,0.0,0.001372074600000701,0.256,0.2573720746000007
91.258996628,1.0,0.0,800.0,0.5,800.0,0.0,-0.0012288663000009593,0.304,0.30277113369999903,800.0,0.0,0.001372074600000701,0.256,0.2573720746000007
91.27512638,1.0,0.0,800.0,0.5,800.0,0.0,-0.0012288663000009593,0.304,0.30277113369999903,780.0,20.0,0.19276769970000032,0.256,0.4487676997000003
91.305059258,1.0,0.0,800.0,0.5,800.0,0.0,-0.0012288663000009593,0.304,0.30277113369999903,800.0,0.0,0.0027676997000003214,0.256,0.25876769970000035
91.325970885,1.0,0.0,800.0,0.5,800.0,0.0,-0.0012288663000009593,0.304,0.30277113369999903,800.0,0.0,0.0027676997000003214,0.256,0.25876769970000035
91.346960679,1.0,0.0,800.0,0.5,780.0,20.0,0.19051133389999733,0.304,0.49451133389999735,780.0,20.0,0.1945076957000009,0.256,0.45050769570000093
91.371186223,1.0,0.0,800.0,0.5,780.0,20.0,0.1929076966999992,0.304,0.4969076966999992,800.0,0.0,0.004507695700000909,0.256,0.26050769570000093
91.391408058,0.0,0.0,800.0,0.5,780.0,20.0,0.19487157599999763,0.304,0.49887157599999765,820.0,-20.0,-0.1874562419999967,0.256,0.06854375800000331
91.416441811,1.0,0.0,800.0,0.5,800.0,0.0,0.004871575999997617,0.304,0.3088715759999976,780.0,20.0,0.195,0.256,0.451
91.439567188,1.0,0.0,800.0,0.5,820.0,-20.0,-0.18746047430000032,0.304,0.11653952569999967,800.0,0.0,0.005,0.256,0.261
91.468681941,1.0,0.0,800.0,0.5,820.0,-20.0,-0.19017358700000217,0.304,0.11382641299999782,820.0,-20.0,-0.18771320020000018,0.256,0.06828679979999983
91.48981261,1.0,0.0,800.0,0.5,800.0,0.0,-1.7358700000215776E-4,0.304,0.30382641299999785,800.0,0.0,0.0022867997999998124,0.256,0.2582867997999998
91.504316611,1.0,0.0,800.0,0.5,820.0,-20.0,-0.19183191640000075,0.304,0.11216808359999925,800.0,0.0,0.0022867997999998124,0.256,0.2582867997999998
91.517397279,1.0,0.0,800.0,0.5,820.0,-20.0,-0.19313385820000065,0.304,0.11086614179999935,800.0,0.0,0.0022867997999998124,0.256,0.2582867997999998
91.537045114,1.0,0.0,800.0,0.5,820.0,-20.0,-0.195,0.304,0.10899999999999999,800.0,0.0,0.0022867997999998124,0.256,0.2582867997999998
91.551124741,1.0,0.0,800.0,0.5,800.0,0.0,-0.005,0.304,0.299,800.0,0.0,0.0022867997999998124,0.256,0.2582867997999998
91.577015993,1.0,0.0,800.0,0.5,800.0,0.0,-0.005,0.304,0.299,800.0,0.0,0.0022867997999998124,0.256,0.2582867997999998
91.589061828,1.0,0.0,800.0,0.5,800.0,0.0,-0.005,0.304,0.299,800.0,0.0,0.0022867997999998124,0.256,0.2582867997999998
91.603129496,1.0,0.0,800.0,0.5,800.0,0.0,-0.005,0.304,0.299,800.0,0.0,0.0022867997999998124,0.256,0.2582867997999998
91.625961457,1.0,0.0,800.0,0.5,800.0,0.0,-0.005,0.304,0.299,800.0,0.0,0.0022867997999998124,0.256,0.2582867997999998
91.643023375,1.0,0.0,800.0,0.5,800.0,0.0,-0.005,0.304,0.299,800.0,0.0,0.0022867997999998124,0.256,0.2582867997999998
91.664048752,1.0,0.0,800.0,0.5,800.0,0.0,-0.005,0.304,0.299,800.0,0.0,0.0022867997999998124,0.256,0.2582867997999998
91.674241628,1.0,0.0,800.0,0.5,800.0,0.0,-0.005,0.304,0.299,800.0,0.0,0.0022867997999998124,0.256,0.2582867997999998
91.69497213,1.0,0.0,800.0,0.5,800.0,0.0,-0.005,0.304,0.299,800.0,0.0,0.0022867997999998124,0.256,0.2582867997999998
91.707636298,1.0,0.0,800.0,0.5,800.0,0.0,-0.005,0.304,0.299,800.0,0.0,0.0022867997999998124,0.256,0.2582867997999998
91.731925426,1.0,0.0,800.0,0.5,780.0,20.0,0.18731758360000073,0.304,0.4913175836000007,800.0,0.0,0.0022867997999998124,0.256,0.2582867997999998
91.744316885,1.0,0.0,800.0,0.5,800.0,0.0,-0.0026824163999992832,0.304,0.3013175836000007,800.0,0.0,0.0022867997999998124,0.256,0.2582867997999998
91.772979263,1.0,0.0,800.0,0.5,800.0,0.0,-0.0026824163999992832,0.304,0.3013175836000007,800.0,0.0,0.0022867997999998124,0.256,0.2582867997999998
91.789888056,1.0,0.0,800.0,0.5,800.0,0.0,-0.0026824163999992832,0.304,0.3013175836000007,800.0,0.0,0.0022867997999998124,0.256,0.2582867997999998
91.81071685,1.0,0.0,800.0,0.5,800.0,0.0,-0.0026824163999992832,0.304,0.3013175836000007,800.0,0.0,0.0022867997999998124,0.256,0.2582867997999998
91.826458102,1.0,0.0,800.0,0.5,800.0,0.0,-0.0026824163999992832,0.304,0.3013175836000007,800.0,0.0,0.0022867997999998124,0.256,0.2582867997999998
91.852994229,1.0,0.0,800.0,0.5,800.0,0.0,-0.0026824163999992832,0.304,0.3013175836000007,800.0,0.0,0.0022867997999998124,0.256,0.2582867997999998
91.866226272,1.0,0.0,800.0,0.5,800.0,0.0,-0.0026824163999992832,0.304,0.3013175836000007,800.0,0.0,0.0022867997999998124,0.256,0.2582867997999998
91.889559608,1.0,0.0,800.0,0.5,800.0,0.0,-0.0026824163999992832,0.304,0.3013175836000007,780.0,20.0,0.19440934589999984,0.256,0.4504093458999998
91.903706318,1.0,0.0,800.0,0.5,800.0,0.0,-0.0026824163999992832,0.304,0.3013175836000007,780.0,20.0,0.195,0.256,0.451
91.915030569,1.0,0.0,800.0,0.5,800.0,0.0,-0.0026824163999992832,0.304,0.3013175836000007,780.0,20.0,0.195,0.256,0.451
91.941152238,1.0,0.0,800.0,0.5,780.0,20.0,0.18949542970000038,0.304,0.4934954297000004,800.0,0.0,0.005,0.256,0.261
91.955527323,1.0,0.0,800.0,0.5,780.0,20.0,0.19116300490000016,0.304,0.49516300490000015,800.0,0.0,0.005,0.256,0.261
91.975659617,1.0,0.0,800.0,0.5,780.0,20.0,0.19325113420000037,0.304,0.49725113420000033,800.0,0.0,0.005,0.256,0.261
91.987956285,1.0,0.0,800.0,0.5,800.0,0.0,0.0032511342000003654,0.304,0.30725113420000033,800.0,0.0,0.005,0.256,0.261
92.00818512,1.0,0.0,800.0,0.5,800.0,0.0,0.0032511342000003654,0.304,0.30725113420000033,800.0,0.0,0.005,0.256,0.261
92.023839163,1.0,0.0,800.0,0.5,800.0,0.0,0.0032511342000003654,0.304,0.30725113420000033,800.0,0.0,0.005,0.256,0.261
92.041990748,1.0,0.0,800.0,0.5,800.0,0.0,0.0032511342000003654,0.304,0.30725113420000033,800.0,0.0,0.005,0.256,0.261
92.058728625,1.0,0.0,800.0,0.5,800.0,0.0,0.0032511342000003654,0.304,0.30725113420000033,800.0,0.0,0.005,0.256,0.261
92.071799376,1.0,0.0,800.0,0.5,800.0,0.0,0.0032511342000003654,0.304,0.30725113420000033,800.0,0.0,0.005,0.256,0.261
92.08777542,1.0,0.0,800.0,0.5,800.0,0.0,0.0032511342000003654,0.304,0.30725113420000033,800.0,0.0,0.005,0.256,0.261
92.10409038,1.0,0.0,800.0,0.5,800.0,0.0,0.0032511342000003654,0.304,0.30725113420000033,780.0,20.0,0.195,0.256,0.451
92.118512423,1.0,0.0,800.0,0.5,800.0,0.0,0.0032511342000003654,0.304,0.30725113420000033,780.0,20.0,0.195,0.256,0.451
92.134152758,1.0,0.0,800.0,0.5,800.0,0.0,0.0032511342000003654,0.304,0.30725113420000033,780.0,20.0,0.195,0.256,0.451
92.149592718,1.0,0.0,800.0,0.5,800.0,0.0,0.0032511342000003654,0.304,0.30725113420000033,800.0,0.0,0.005,0.256,0.261
92.163121677,1.0,0.0,800.0,0.5,800.0,0.0,0.0032511342000003654,0.304,0.30725113420000033,800.0,0.0,0.005,0.256,0.261
92.176727637,1.0,0.0,800.0,0.5,800.0,0.0,0.0032511342000003654,0.304,0.30725113420000033,780.0,20.0,0.195,0.256,0.451
92.190518805,1.0,0.0,800.0,0.5,800.0,0.0,0.0032511342000003654,0.304,0.30725113420000033,800.0,0.0,0.005,0.256,0.261
92.210111807,1.0,0.0,800.0,0.5,800.0,0.0,0.0032511342000003654,0.304,0.30725113420000033,800.0,0.0,0.005,0.256,0.261
92.222169016,1.0,0.0,800.0,0.5,800.0,0.0,0.0032511342000003654,0.304,0.30725113420000033,800.0,0.0,0.005,0.256,0.261
92.23811006,1.0,0.0,800.0,0.5,800.0,0.0,0.0032511342000003654,0.304,0.30725113420000033,800.0,0.0,0.005,0.256,0.261
92.263615146,1.0,0.0,800.0,0.5,780.0,20.0,0.195,0.304,0.499,800.0,0.0,0.005,0.256,0.261
92.287453648,1.0,0.0,800.0,0.5,780.0,20.0,0.195,0.304,0.499,780.0,20.0,0.195,0.256,0.451
92.308542317,1.0,0.0,800.0,0.5,780.0,20.0,0.195,0.304,0.499,800.0,0.0,0.005,0.256,0.261
92.33545907,1.0,0.0,800.0,0.5,800.0,0.0,0.005,0.304,0.309,800.0,0.0,0.005,0.256,0.261
92.357283905,0.0,0.0,800.0,0.5,820.0,-20.0,-0.18716784190000113,0.304,0.11683215809999886,780.0,20.0,0.195,0.256,0.451
92.386075783,1.0,0.0,800.0,0.5,820.0,-20.0,-0.18988713800000084,0.304,0.11411286199999915,820.0,-20.0,-0.18771926690000157,0.256,0.06828073309999844
92.412641369,1.0,0.0,800.0,0.5,800.0,0.0,1.1286199999915425E-4,0.304,0.30411286199999915,800.0,0.0,0.002280733099998429,0.256,0.25828073309999844
92.427039495,1.0,0.0,800.0,0.5,820.0,-20.0,-0.19153499649999958,0.304,0.11246500350000041,800.0,0.0,0.002280733099998429,0.256,0.25828073309999844
92.461837957,1.0,0.0,800.0,0.5,800.0,0.0,-0.0015349964999995791,0.304,0.30246500350000044,820.0,-20.0,-0.19073372970000038,0.256,0.06526627029999962
92.475476875,1.0,0.0,800.0,0.5,800.0,0.0,-0.0015349964999995791,0.304,0.30246500350000044,800.0,0.0,-7.337297000003674E-4,0.256,0.25526627029999965
92.493472419,1.0,0.0,800.0,0.5,800.0,0.0,-0.0015349964999995791,0.304,0.30246500350000044,800.0,0.0,-7.337297000003674E-4,0.256,0.25526627029999965
92.508029212,1.0,0.0,800.0,0.5,800.0,0.0,-0.0015349964999995791,0.304,0.30246500350000044,800.0,0.0,-7.337297000003674E-4,0.256,0.25526627029999965
92.532425964,1.0,0.0,800.0,0.5,780.0,20.0,0.1907842496000012,0.304,0.4947842496000012,800.0,0.0,-7.337297000003674E-4,0.256,0.25526627029999965
92.554187217,1.0,0.0,800.0,0.5,780.0,20.0,0.19295171230000221,0.304,0.49695171230000224,800.0,0.0,-7.337297000003674E-4,0.256,0.25526627029999965
92.572087385,1.0,0.0,800.0,0.5,800.0,0.0,0.002951712300002214,0.304,0.30695171230000223,800.0,0.0,-7.337297000003674E-4,0.256,0.25526627029999965
92.58960722,1.0,0.0,800.0,0.5,800.0,0.0,0.002951712300002214,0.304,0.30695171230000223,800.0,0.0,-7.337297000003674E-4,0.256,0.25526627029999965
92.60852093,1.0,0.0,800.0,0.5,800.0,0.0,0.002951712300002214,0.304,0.30695171230000223,800.0,0.0,-7.337297000003674E-4,0.256,0.25526627029999965
92.620857557,1.0,0.0,800.0,0.5,800.0,0.0,0.002951712300002214,0.304,0.30695171230000223,800.0,0.0,-7.337297000003674E-4,0.256,0.25526627029999965
92.635601308,1.0,0.0,800.0,0.5,800.0,0.0,0.002951712300002214,0.304,0.30695171230000223,800.0,0.0,-7.337297000003674E-4,0.256,0.25526627029999965
92.65927706,1.0,0.0,800.0,0.5,800.0,0.0,0.002951712300002214,0.304,0.30695171230000223,800.0,0.0,-7.337297000003674E-4,0.256,0.25526627029999965
92.670162353,1.0,0.0,800.0,0.5,800.0,0.0,0.002951712300002214,0.304,0.30695171230000223,800.0,0.0,-7.337297000003674E-4,0.256,0.25526627029999965
92.69042998,1.0,0.0,800.0,0.5,800.0,0.0,0.002951712300002214,0.304,0.30695171230000223,800.0,0.0,-7.337297000003674E-4,0.256,0.25526627029999965
92.702633606,1.0,0.0,800.0,0.5,800.0,0.0,0.002951712300002214,0.304,0.30695171230000223,800.0,0.0,-7.337297000003674E-4,0.256,0.25526627029999965
92.714342274,1.0,0.0,800.0,0.5,800.0,0.0,0.002951712300002214,0.304,0.30695171230000223,800.0,0.0,-7.337297000003674E-4,0.256,0.25526627029999965
92.729394609,1.0,0.0,800.0,0.5,800.0,0.0,0.002951712300002214,0.304,0.30695171230000223,800.0,0.0,-7.337297000003674E-4,0.256,0.25526627029999965
92.743692402,1.0,0.0,800.0,0.5,800.0,0.0,0.002951712300002214,0.304,0.30695171230000223,800.0,0.0,-7.337297000003674E-4,0.256,0.25526627029999965
92.754008362,1.0,0.0,800.0,0.5,800.0,0.0,0.002951712300002214,0.304,0.30695171230000223,800.0,0.0,-7.337297000003674E-4,0.256,0.25526627029999965
92.77215178,1.0,0.0,800.0,0.5,800.0,0.0,0.002951712300002214,0.304,0.30695171230000223,800.0,0.0,-7.337297000003674E-4,0.256,0.25526627029999965
92.794211991,1.0,0.0,800.0,0.5,800.0,0.0,0.002951712300002214,0.304,0.30695171230000223,780.0,20.0,0.19108137049999926,0.256,0.4470813704999993
92.814195826,1.0,0.0,800.0,0.5,800.0,0.0,0.002951712300002214,0.304,0.30695171230000223,800.0,0.0,0.0010813704999992524,0.256,0.25708137049999924
92.834291953,1.0,0.0,800.0,0.5,800.0,0.0,0.002951712300002214,0.304,0.30695171230000223,780.0,20.0,0.19308059979999656,0.256,0.4490805997999966
92.859058247,1.0,0.0,800.0,0.5,800.0,0.0,0.002951712300002214,0.304,0.30695171230000223,800.0,0.0,0.0030805997999965484,0.256,0.25908059979999654
92.874981207,1.0,0.0,800.0,0.5,800.0,0.0,0.002951712300002214,0.304,0.30695171230000223,780.0,20.0,0.19489135419999684,0.256,0.4508913541999968
92.894923626,1.0,0.0,800.0,0.5,800.0,0.0,0.002951712300002214,0.304,0.30695171230000223,800.0,0.0,0.00489135419999684,0.256,0.26089135419999687
92.906726502,1.0,0.0,800.0,0.5,800.0,0.0,0.002951712300002214,0.304,0.30695171230000223,800.0,0.0,0.00489135419999684,0.256,0.26089135419999687
92.925035004,1.0,0.0,800.0,0.5,800.0,0.0,0.002951712300002214,0.304,0.30695171230000223,780.0,20.0,0.195,0.256,0.451
92.938752963,1.0,0.0,800.0,0.5,800.0,0.0,0.002951712300002214,0.304,0.30695171230000223,800.0,0.0,0.005,0.256,0.261
92.953162465,1.0,0.0,800.0,0.5,800.0,0.0,0.002951712300002214,0.304,0.30695171230000223,780.0,20.0,0.195,0.256,0.451
92.970534133,1.0,0.0,800.0,0.5,800.0,0.0,0.002951712300002214,0.304,0.30695171230000223,800.0,0.0,0.005,0.256,0.261
92.983723301,1.0,0.0,800.0,0.5,800.0,0.0,0.002951712300002214,0.304,0.30695171230000223,800.0,0.0,0.005,0.256,0.261
92.994695511,1.0,0.0,800.0,0.5,800.0,0.0,0.002951712300002214,0.304,0.30695171230000223,800.0,0.0,0.005,0.256,0.261
93.016474263,1.0,0.0,800.0,0.5,800.0,0.0,0.002951712300002214,0.304,0.30695171230000223,800.0,0.0,0.005,0.256,0.261
93.030459973,1.0,0.0,800.0,0.5,800.0,0.0,0.002951712300002214,0.304,0.30695171230000223,780.0,20.0,0.195,0.256,0.451
93.042387974,1.0,0.0,800.0,0.5,800.0,0.0,0.002951712300002214,0.304,0.30695171230000223,780.0,20.0,0.195,0.256,0.451
93.056118184,1.0,0.0,800.0,0.5,800.0,0.0,0.002951712300002214,0.304,0.30695171230000223,780.0,20.0,0.195,0.256,0.451
93.070378935,1.0,0.0,800.0,0.5,800.0,0.0,0.002951712300002214,0.304,0.30695171230000223,800.0,0.0,0.005,0.256,0.261
93.089609104,1.0,0.0,800.0,0.5,800.0,0.0,0.002951712300002214,0.304,0.30695171230000223,800.0,0.0,0.005,0.256,0.261
93.106075147,1.0,0.0,800.0,0.5,780.0,20.0,0.1943949083000018,0.304,0.49839490830000177,800.0,0.0,0.005,0.256,0.261
93.120935565,1.0,0.0,800.0,0.5,780.0,20.0,0.195,0.304,0.499,780.0,20.0,0.195,0.256,0.451
93.147622776,1.0,0.0,800.0,0.5,800.0,0.0,0.005,0.304,0.309,800.0,0.0,0.005,0.256,0.261
93.163009944,1.0,0.0,800.0,0.5,800.0,0.0,0.005,0.304,0.309,800.0,0.0,0.005,0.256,0.261
93.17440857,1.0,0.0,800.0,0.5,800.0,0.0,0.005,0.304,0.309,800.0,0.0,0.005,0.256,0.261
93.205387657,0.0,0.0,845.0,0.95,800.0,45.0,0.4325,0.3211,0.7536,800.0,45.0,0.4325,0.27040000000000003,0.7029000000000001
93.22183445,0.0,0.0,845.0,0.95,800.0,45.0,0.4325,0.3211,0.7536,800.0,45.0,0.4325,0.27040000000000003,0.7029000000000001
93.236845368,0.0,0.0,845.0,0.95,820.0,25.0,0.2425,0.3211,0.5636,800.0,45.0,0.4325,0.27040000000000003,0.7029000000000001
93.257075371,0.0,0.0,845.0,0.95,820.0,25.0,0.2425,0.3211,0.5636,800.0,45.0,0.4325,0.27040000000000003,0.7029000000000001
93.272973539,1.0,0.0,845.0,0.95,840.0,5.0,0.0525,0.3211,0.3736,820.0,25.0,0.2425,0.27040000000000003,0.5129
93.296247666,1.0,0.0,845.0,0.95,840.0,5.0,0.0525,0.3211,0.3736,840.0,5.0,0.0525,0.27040000000000003,0.3229
93.308407251,1.0,0.0,845.0,0.95,840.0,5.0,0.0525,0.3211,0.3736,840.0,5.0,0.0525,0.27040000000000003,0.3229
93.33347542,1.0,0.0,845.0,0.95,840.0,5.0,0.0525,0.3211,0.3736,840.0,5.0,0.0525,0.27040000000000003,0.3229
93.347483588,1.0,0.0,845.0,0.95,840.0,5.0,0.0525,0.3211,0.3736,820.0,25.0,0.2425,0.27040000000000003,0.5129
93.378140091,1.0,0.0,845.0,0.95,840.0,5.0,0.0525,0.3211,0.3736,860.0,-15.0,-0.13967231897499985,0.27040000000000003,0.13072768102500018
93.394146468,1.0,0.0,845.0,0.95,840.0,5.0,0.0525,0.3211,0.3736,860.0,-15.0,-0.14103661907499898,0.27040000000000003,0.12936338092500105
93.422993762,0.0,0.0,800.0,0.5,860.0,-60.0,-0.5733342882999971,0.304,-0.2693342882999971,840.0,-40.0,-0.3840927530749987,0.256,-0.12809275307499868
93.43822693,0.0,0.0,800.0,0.5,840.0,-40.0,-0.385,0.304,-0.08100000000000002,840.0,-40.0,-0.385,0.256,-0.129
93.459268349,0.0,0.0,800.0,0.5,820.0,-20.0,-0.195,0.304,0.10899999999999999,840.0,-40.0,-0.385,0.256,-0.129
93.471378934,0.0,0.0,800.0,0.5,820.0,-20.0,-0.195,0.304,0.10899999999999999,840.0,-40.0,-0.385,0.256,-0.129
93.490491269,1.0,0.0,800.0,0.5,820.0,-20.0,-0.195,0.304,0.10899999999999999,820.0,-20.0,-0.195,0.256,0.061
93.50118202,1.0,0.0,800.0,0.5,820.0,-20.0,-0.195,0.304,0.10899999999999999,820.0,-20.0,-0.195,0.256,0.061
93.51623348,1.0,0.0,800.0,0.5,800.0,0.0,-0.005,0.304,0.299,800.0,0.0,-0.005,0.256,0.251
93.53271994,1.0,0.0,800.0,0.5,800.0,0.0,-0.005,0.304,0.299,780.0,20.0,0.18677385849999895,0.256,0.44277385849999895
93.546289441,1.0,0.0,800.0,0.5,800.0,0.0,-0.005,0.304,0.299,780.0,20.0,0.18812587950000137,0.256,0.4441258795000014
93.565584068,1.0,0.0,800.0,0.5,800.0,0.0,-0.005,0.304,0.299,780.0,20.0,0.19004735050000135,0.256,0.4460473505000013
93.582116611,0.0,0.0,800.0,0.5,820.0,-20.0,-0.195,0.304,0.10899999999999999,780.0,20.0,0.19156349230000047,0.256,0.4475634923000005
93.608106447,1.0,0.0,800.0,0.5,800.0,0.0,-0.005,0.304,0.299,800.0,0.0,0.0015634923000004618,0.256,0.2575634923000005
93.638903242,1.0,0.0,800.0,0.5,800.0,0.0,-0.005,0.304,0.299,780.0,20.0,0.19446930920000285,0.256,0.45046930920000283
93.665551078,1.0,0.0,800.0,0.5,800.0,0.0,-0.005,0.304,0.299,800.0,0.0,0.00446930920000284,0.256,0.26046930920000283
93.679225871,1.0,0.0,800.0,0.5,800.0,0.0,-0.005,0.304,0.299,800.0,0.0,0.00446930920000284,0.256,0.26046930920000283
93.701144623,1.0,0.0,800.0,0.5,800.0,0.0,-0.005,0.304,0.299,800.0,0.0,0.00446930920000284,0.256,0.26046930920000283
93.718173292,1.0,0.0,800.0,0.5,800.0,0.0,-0.005,0.304,0.299,780.0,20.0,0.195,0.256,0.451
93.740096127,1.0,0.0,800.0,0.5,800.0,0.0,-0.005,0.304,0.299,800.0,0.0,0.005,0.256,0.261
93.753486545,1.0,0.0,800.0,0.5,800.0,0.0,-0.005,0.304,0.299,800.0,0.0,0.005,0.256,0.261
93.777221506,1.0,0.0,800.0,0.5,800.0,0.0,-0.005,0.304,0.299,820.0,-20.0,-0.18716241689999777,0.256,0.06883758310000224
93.791711799,1.0,0.0,800.0,0.5,800.0,0.0,-0.005,0.304,0.299,780.0,20.0,0.1942868457000043,0.256,0.4502868457000043
93.816452135,1.0,0.0,800.0,0.5,800.0,0.0,-0.005,0.304,0.299,800.0,0.0,0.0042868457000042786,0.256,0.26028684570000427
93.844098929,1.0,0.0,805.0,0.95,800.0,5.0,0.04320935527499998,0.3059,0.349109355275,820.0,-15.0,-0.14034124194999506,0.2576,0.11725875805000494
93.866847182,1.0,0.0,805.0,0.95,800.0,5.0,0.043779979299999924,0.3059,0.34967997929999994,800.0,5.0,0.05022938207500488,0.2576,0.3078293820750049
93.898471727,1.0,0.0,805.0,0.95,800.0,5.0,0.044512062699999716,0.3059,0.3504120626999997,800.0,5.0,0.05096145820000487,0.2576,0.30856145820000486
93.91779027,1.0,0.0,805.0,0.95,800.0,5.0,0.04504551379999981,0.3059,0.35094551379999983,800.0,5.0,0.051494916575005475,0.2576,0.3090949165750055
93.943798481,1.0,0.0,805.0,0.95,800.0,5.0,0.045683855524999754,0.3059,0.35158385552499977,800.0,5.0,0.052133221850005074,0.2576,0.30973322185000507
93.966735442,1.0,0.0,805.0,0.95,800.0,5.0,0.046272380600000246,0.3059,0.3521723806000002,800.0,5.0,0.0525,0.2576,0.3101
93.97963061,1.0,0.0,805.0,0.95,800.0,5.0,0.046645137924999885,0.3059,0.35254513792499986,800.0,5.0,0.0525,0.2576,0.3101
93.993618653,1.0,0.0,805.0,0.95,800.0,5.0,0.046999680674999954,0.3059,0.35289968067499994,800.0,5.0,0.0525,0.2576,0.3101
94.006381696,1.0,0.0,805.0,0.95,820.0,-15.0,-0.1439599318750004,0.3059,0.16194006812499961,800.0,5.0,0.0525,0.2576,0.3101
94.022251572,1.0,0.0,805.0,0.95,820.0,-15.0,-0.14492009139999934,0.3059,0.16097990860000067,820.0,-15.0,-0.1384602032499991,0.2576,0.11913979675000089
94.037408616,1.0,0.0,805.0,0.95,800.0,5.0,0.0454870461250006,0.3059,0.3513870461250006,800.0,5.0,0.05194693430000058,0.2576,0.3095469343000006
94.067693535,1.0,0.0,800.0,0.5,800.0,0.0,-0.0020129538749993968,0.304,0.3019870461250006,800.0,0.0,0.004446934300000578,0.256,0.2604469343000006
94.092417246,1.0,0.0,800.0,0.5,800.0,0.0,-0.0020129538749993968,0.304,0.3019870461250006,820.0,-20.0,-0.18815569510000132,0.256,0.06784430489999868
94.11275254,1.0,0.0,800.0,0.5,800.0,0.0,-0.0020129538749993968,0.304,0.3019870461250006,780.0,20.0,0.19388375509999747,0.256,0.44988375509999745
94.132435375,1.0,0.0,800.0,0.5,800.0,0.0,-0.0020129538749993968,0.304,0.3019870461250006,800.0,0.0,0.0038837550999974726,0.256,0.2598837550999975
94.147810877,1.0,0.0,800.0,0.5,800.0,0.0,-0.0020129538749993968,0.304,0.3019870461250006,800.0,0.0,0.0038837550999974726,0.256,0.2598837550999975
94.170283796,1.0,0.0,800.0,0.5,800.0,0.0,-0.0020129538749993968,0.304,0.3019870461250006,820.0,-20.0,-0.1882501076000031,0.256,0.0677498923999969
94.189903923,1.0,0.0,800.0,0.5,820.0,-20.0,-0.19358203317499986,0.304,0.11041796682500013,800.0,0.0,0.0017498923999968953,0.256,0.2577498923999969
94.212098008,1.0,0.0,800.0,0.5,820.0,-20.0,-0.195,0.304,0.10899999999999999,800.0,0.0,0.0017498923999968953,0.256,0.2577498923999969
94.226916135,1.0,0.0,800.0,0.5,800.0,0.0,-0.005,0.304,0.299,800.0,0.0,0.0017498923999968953,0.256,0.2577498923999969
94.249300678,1.0,0.0,800.0,0.5,800.0,0.0,-0.005,0.304,0.299,800.0,0.0,0.0017498923999968953,0.256,0.2577498923999969
94.259899263,1.0,0.0,800.0,0.5,800.0,0.0,-0.005,0.304,0.299,800.0,0.0,0.0017498923999968953,0.256,0.2577498923999969
94.291080766,0.0,0.0,740.0,0.95,800.0,-60.0,-0.575,0.2812,-0.29379999999999995,800.0,-60.0,-0.575,0.2368,-0.33819999999999995
94.317766227,0.0,0.0,740.0,0.95,800.0,-60.0,-0.575,0.2812,-0.29379999999999995,780.0,-40.0,-0.385,0.2368,-0.1482
94.333897145,0.0,0.0,740.0,0.95,780.0,-40.0,-0.385,0.2812,-0.1038,760.0,-20.0,-0.195,0.2368,0.041800000000000004
94.352368397,1.0,0.0,740.0,0.95,760.0,-20.0,-0.195,0.2812,0.0862,760.0,-20.0,-0.195,0.2368,0.041800000000000004
94.378434067,1.0,0.0,740.0,0.95,760.0,-20.0,-0.195,0.2812,0.0862,740.0,0.0,-0.005,0.2368,0.2318
94.40931457,1.0,0.0,740.0,0.95,720.0,20.0,0.1877577086000008,0.2812,0.4689577086000008,720.0,20.0,0.18775767950000158,0.2368,0.42455767950000156
94.430364155,0.0,0.0,740.0,0.95,720.0,20.0,0.19008550049999884,0.2812,0.47128550049999884,760.0,-20.0,-0.1945701414999985,0.2368,0.04222985850000152
94.446693115,1.0,0.0,740.0,0.95,740.0,0.0,8.550049999882959E-5,0.2812,0.28128550049999884,740.0,0.0,-0.004570141499998499,0.2368,0.23222985850000152
94.460603866,1.0,0.0,740.0,0.95,720.0,20.0,0.19169692979999753,0.2812,0.47289692979999753,740.0,0.0,-0.004570141499998499,0.2368,0.23222985850000152
94.475783951,1.0,0.0,740.0,0.95,720.0,20.0,0.1932164841999969,0.2812,0.47441648419999694,740.0,0.0,-0.004570141499998499,0.2368,0.23222985850000152
94.497027203,1.0,0.0,740.0,0.95,720.0,20.0,0.195,0.2812,0.4762,740.0,0.0,-0.004570141499998499,0.2368,0.23222985850000152
94.521757623,1.0,0.0,740.0,0.95,760.0,-20.0,-0.18752589190000093,0.2812,0.09367410809999907,740.0,0.0,-0.004570141499998499,0.2368,0.23222985850000152
94.540635458,1.0,0.0,740.0,0.95,760.0,-20.0,-0.18939617540000087,0.2812,0.09180382459999914,740.0,0.0,-0.004570141499998499,0.2368,0.23222985850000152
94.554278167,1.0,0.0,740.0,0.95,740.0,0.0,6.038245999991432E-4,0.2812,0.28180382459999914,740.0,0.0,-0.004570141499998499,0.2368,0.23222985850000152
94.572198169,1.0,0.0,740.0,0.95,740.0,0.0,6.038245999991432E-4,0.2812,0.28180382459999914,740.0,0.0,-0.004570141499998499,0.2368,0.23222985850000152
94.587854838,1.0,0.0,740.0,0.95,760.0,-20.0,-0.1908480046999989,0.2812,0.0903519953000011,740.0,0.0,-0.004570141499998499,0.2368,0.23222985850000152
94.609684923,1.0,0.0,740.0,0.95,760.0,-20.0,-0.19296740079999836,0.2812,0.08823259920000165,740.0,0.0,-0.004570141499998499,0.2368,0.23222985850000152
94.623240424,1.0,0.0,740.0,0.95,760.0,-20.0,-0.19434832589999815,0.2812,0.08685167410000186,740.0,0.0,-0.004570141499998499,0.2368,0.23222985850000152
94.636305926,1.0,0.0,740.0,0.95,740.0,0.0,-0.004348325899998145,0.2812,0.2768516741000019,740.0,0.0,-0.004570141499998499,0.2368,0.23222985850000152
94.66331047,1.0,0.0,740.0,0.95,760.0,-20.0,-0.195,0.2812,0.0862,740.0,0.0,-0.004570141499998499,0.2368,0.23222985850000152
94.678215513,1.0,0.0,740.0,0.95,760.0,-20.0,-0.195,0.2812,0.0862,740.0,0.0,-0.004570141499998499,0.2368,0.23222985850000152
94.69601039,1.0,0.0,740.0,0.95,740.0,0.0,-0.005,0.2812,0.2762,740.0,0.0,-0.004570141499998499,0.2368,0.23222985850000152
94.729048352,0.0,0.0,800.0,0.5,740.0,60.0,0.5747952760000026,0.304,0.8787952760000026,740.0,60.0,0.575,0.256,0.831
94.743804062,0.0,0.0,800.0,0.5,740.0,60.0,0.575,0.304,0.879,740.0,60.0,0.575,0.256,0.831
94.758203646,0.0,0.0,800.0,0.5,760.0,40.0,0.385,0.304,0.6890000000000001,760.0,40.0,0.385,0.256,0.641
94.770340189,0.0,0.0,800.0,0.5,780.0,20.0,0.195,0.304,0.499,760.0,40.0,0.385,0.256,0.641
94.789324774,1.0,0.0,800.0,0.5,780.0,20.0,0.195,0.304,0.499,780.0,20.0,0.195,0.256,0.451
94.810363568,0.0,0.0,800.0,0.5,780.0,20.0,0.195,0.304,0.499,760.0,40.0,0.385,0.256,0.641
94.827533112,1.0,0.0,800.0,0.5,800.0,0.0,0.005,0.304,0.309,780.0,20.0,0.195,0.256,0.451
94.842518946,1.0,0.0,800.0,0.5,800.0,0.0,0.005,0.304,0.309,800.0,0.0,0.005,0.256,0.261
94.855843156,1.0,0.0,800.0,0.5,820.0,-20.0,-0.18646547930000054,0.304,0.11753452069999945,800.0,0.0,0.005,0.256,0.261
94.871417283,1.0,0.0,800.0,0.5,820.0,-20.0,-0.18801781699999992,0.304,0.11598218300000007,800.0,0.0,0.005,0.256,0.261
94.886701784,1.0,0.0,800.0,0.5,820.0,-20.0,-0.18951707130000045,0.304,0.11448292869999954,800.0,0.0,0.005,0.256,0.261
94.919072996,0.0,0.0,720.0,0.9,820.0,-100.0,-0.955,0.2736,-0.6814,820.0,-100.0,-0.955,0.23040000000000002,-0.7245999999999999
94.936563956,0.0,0.0,720.0,0.9,800.0,-80.0,-0.765,0.2736,-0.4914,800.0,-80.0,-0.765,0.23040000000000002,-0.5346
94.950554332,0.0,0.0,720.0,0.9,780.0,-60.0,-0.575,0.2736,-0.30139999999999995,800.0,-80.0,-0.765,0.23040000000000002,-0.5346
94.965480959,0.0,0.0,720.0,0.9,780.0,-60.0,-0.575,0.2736,-0.30139999999999995,760.0,-40.0,-0.385,0.23040000000000002,-0.1546
94.980358877,0.0,0.0,720.0,0.9,760.0,-40.0,-0.385,0.2736,-0.1114,740.0,-20.0,-0.195,0.23040000000000002,0.035400000000000015
94.99481592,1.0,0.0,720.0,0.9,720.0,0.0,-0.005,0.2736,0.2686,740.0,-20.0,-0.195,0.23040000000000002,0.035400000000000015
95.007538421,1.0,0.0,720.0,0.9,720.0,0.0,-0.005,0.2736,0.2686,720.0,0.0,-0.005,0.23040000000000002,0.22540000000000002
95.021541048,1.0,0.0,720.0,0.9,700.0,20.0,0.18628114590000053,0.2736,0.4598811459000005,700.0,20.0,0.18628117520000045,0.23040000000000002,0.4166811752000005
95.037302716,1.0,0.0,720.0,0.9,700.0,20.0,0.18785156690000007,0.2736,0.4614515669000001,720.0,0.0,-0.0037188247999995383,0.23040000000000002,0.22668117520000047
95.067236177,0.0,0.0,720.0,0.9,700.0,20.0,0.19084065470000042,0.2736,0.4644406547000004,680.0,40.0,0.3822592923999991,0.23040000000000002,0.6126592923999992
95.092416347,1.0,0.0,720.0,0.9,700.0,20.0,0.193376959200001,0.2736,0.46697695920000104,700.0,20.0,0.19479562599999894,0.23040000000000002,0.42519562599999894
95.117873599,1.0,0.0,720.0,0.9,700.0,20.0,0.195,0.2736,0.4686,720.0,0.0,0.004795625999998947,0.23040000000000002,0.23519562599999896
95.136733643,1.0,0.0,720.0,0.9,700.0,20.0,0.195,0.2736,0.4686,720.0,0.0,0.004795625999998947,0.23040000000000002,0.23519562599999896
95.149786894,1.0,0.0,720.0,0.9,720.0,0.0,0.005,0.2736,0.2786,720.0,0.0,0.004795625999998947,0.23040000000000002,0.23519562599999896
95.171080313,1.0,0.0,720.0,0.9,740.0,-20.0,-0.18702597520000155,0.2736,0.08657402479999846,720.0,0.0,0.004795625999998947,0.23040000000000002,0.23519562599999896
95.184502522,1.0,0.0,720.0,0.9,740.0,-20.0,-0.18841314199999942,0.2736,0.08518685800000059,720.0,0.0,0.004795625999998947,0.23040000000000002,0.23519562599999896
95.205474816,1.0,0.0,720.0,0.9,740.0,-20.0,-0.19043401300000143,0.2736,0.08316598699999858,720.0,0.0,0.004795625999998947,0.23040000000000002,0.23519562599999896
95.220735984,1.0,0.0,720.0,0.9,740.0,-20.0,-0.19206626740000046,0.2736,0.08153373259999955,720.0,0.0,0.004795625999998947,0.23040000000000002,0.23519562599999896
95.234128736,1.0,0.0,720.0,0.9,740.0,-20.0,-0.1934369842000001,0.2736,0.0801630157999999,720.0,0.0,0.004795625999998947,0.23040000000000002,0.23519562599999896
95.24655082,1.0,0.0,720.0,0.9,740.0,-20.0,-0.19464640930000088,0.2736,0.07895359069999913,720.0,0.0,0.004795625999998947,0.23040000000000002,0.23519562599999896
95.258863238,1.0,0.0,720.0,0.9,740.0,-20.0,-0.195,0.2736,0.0786,720.0,0.0,0.004795625999998947,0.23040000000000002,0.23519562599999896
95.270281114,1.0,0.0,720.0,0.9,740.0,-20.0,-0.195,0.2736,0.0786,720.0,0.0,0.004795625999998947,0.23040000000000002,0.23519562599999896
95.2958212,1.0,0.0,720.0,0.9,720.0,0.0,-0.005,0.2736,0.2686,720.0,0.0,0.004795625999998947,0.23040000000000002,0.23519562599999896
95.312762077,1.0,0.0,720.0,0.9,740.0,-20.0,-0.195,0.2736,0.0786,720.0,0.0,0.004795625999998947,0.23040000000000002,0.23519562599999896
95.324692995,1.0,0.0,720.0,0.9,700.0,20.0,0.18621972099999823,0.2736,0.45981972099999824,720.0,0.0,0.004795625999998947,0.23040000000000002,0.23519562599999896
95.341382163,1.0,0.0,720.0,0.9,740.0,-20.0,-0.195,0.2736,0.0786,720.0,0.0,0.004795625999998947,0.23040000000000002,0.23519562599999896
95.354299498,1.0,0.0,720.0,0.9,720.0,0.0,-0.005,0.2736,0.2686,720.0,0.0,0.004795625999998947,0.23040000000000002,0.23519562599999896
95.365601291,1.0,0.0,720.0,0.9,720.0,0.0,-0.005,0.2736,0.2686,720.0,0.0,0.004795625999998947,0.23040000000000002,0.23519562599999896
95.378422667,1.0,0.0,720.0,0.9,740.0,-20.0,-0.195,0.2736,0.0786,720.0,0.0,0.004795625999998947,0.23040000000000002,0.23519562599999896
95.400803419,1.0,0.0,720.0,0.9,720.0,0.0,-0.005,0.2736,0.2686,700.0,20.0,0.195,0.23040000000000002,0.4254
95.421393338,1.0,0.0,720.0,0.9,740.0,-20.0,-0.195,0.2736,0.0786,720.0,0.0,0.005,0.23040000000000002,0.23540000000000003
95.435085048,1.0,0.0,720.0,0.9,720.0,0.0,-0.005,0.2736,0.2686,720.0,0.0,0.005,0.23040000000000002,0.23540000000000003
95.448730382,1.0,0.0,720.0,0.9,740.0,-20.0,-0.195,0.2736,0.0786,720.0,0.0,0.005,0.23040000000000002,0.23540000000000003
95.467351551,1.0,0.0,720.0,0.9,720.0,0.0,-0.005,0.2736,0.2686,720.0,0.0,0.005,0.23040000000000002,0.23540000000000003
95.481761052,1.0,0.0,720.0,0.9,740.0,-20.0,-0.195,0.2736,0.0786,720.0,0.0,0.005,0.23040000000000002,0.23540000000000003
95.499926929,1.0,1.0,720.0,0.9,720.0,0.0,-0.005,0.2736,0.2686,720.0,0.0,0.005,0.23040000000000002,0.23540000000000003
95.51325668,1.0,0.0,720.0,0.9,720.0,0.0,-0.005,0.2736,0.2686,720.0,0.0,0.005,0.23040000000000002,0.23540000000000003
95.525191098,1.0,0.0,720.0,0.9,740.0,-20.0,-0.195,0.2736,0.0786,720.0,0.0,0.005,0.23040000000000002,0.23540000000000003
95.545155392,1.0,0.0,720.0,0.9,720.0,0.0,-0.005,0.2736,0.2686,700.0,20.0,0.195,0.23040000000000002,0.4254
95.565898144,1.0,0.0,720.0,0.9,740.0,-20.0,-0.195,0.2736,0.0786,720.0,0.0,0.005,0.23040000000000002,0.23540000000000003
95.580830021,1.0,0.0,720.0,0.9,720.0,0.0,-0.005,0.2736,0.2686,720.0,0.0,0.005,0.23040000000000002,0.23540000000000003
95.596287189,1.0,0.0,720.0,0.9,720.0,0.0,-0.005,0.2736,0.2686,740.0,-20.0,-0.18657109179999964,0.23040000000000002,0.04382890820000038
95.614166649,1.0,0.0,720.0,0.9,720.0,0.0,-0.005,0.2736,0.2686,720.0,0.0,0.003428908200000365,0.23040000000000002,0.23382890820000038
95.630413651,1.0,0.0,720.0,0.9,720.0,0.0,-0.005,0.2736,0.2686,720.0,0.0,0.003428908200000365,0.23040000000000002,0.23382890820000038
95.646044069,1.0,0.0,720.0,0.9,720.0,0.0,-0.005,0.2736,0.2686,720.0,0.0,0.003428908200000365,0.23040000000000002,0.23382890820000038
95.65683107,1.0,0.0,720.0,0.9,720.0,0.0,-0.005,0.2736,0.2686,720.0,0.0,0.003428908200000365,0.23040000000000002,0.23382890820000038
95.668264696,1.0,0.0,720.0,0.9,700.0,20.0,0.18599184169999944,0.2736,0.45959184169999945,720.0,0.0,0.003428908200000365,0.23040000000000002,0.23382890820000038
95.682568031,1.0,0.0,720.0,0.9,720.0,0.0,-0.0040081583000005595,0.2736,0.26959184169999945,720.0,0.0,0.003428908200000365,0.23040000000000002,0.23382890820000038
95.696962949,1.0,0.0,720.0,0.9,720.0,0.0,-0.0040081583000005595,0.2736,0.26959184169999945,700.0,20.0,0.19489208329999996,0.23040000000000002,0.4252920833
95.712217117,1.0,0.0,720.0,0.9,720.0,0.0,-0.0040081583000005595,0.2736,0.26959184169999945,720.0,0.0,0.004892083299999968,0.23040000000000002,0.23529208329999998
95.723043493,1.0,0.0,720.0,0.9,720.0,0.0,-0.0040081583000005595,0.2736,0.26959184169999945,720.0,0.0,0.004892083299999968,0.23040000000000002,0.23529208329999998
95.734705203,1.0,0.0,720.0,0.9,720.0,0.0,-0.0040081583000005595,0.2736,0.26959184169999945,720.0,0.0,0.004892083299999968,0.23040000000000002,0.23529208329999998
95.746613662,1.0,0.0,720.0,0.9,720.0,0.0,-0.0040081583000005595,0.2736,0.26959184169999945,720.0,0.0,0.004892083299999968,0.23040000000000002,0.23529208329999998
95.759847164,1.0,0.0,720.0,0.9,720.0,0.0,-0.0040081583000005595,0.2736,0.26959184169999945,740.0,-20.0,-0.186221295900001,0.23040000000000002,0.04417870409999902
95.773677998,1.0,0.0,720.0,0.9,720.0,0.0,-0.0040081583000005595,0.2736,0.26959184169999945,720.0,0.0,0.0037787040999990042,0.23040000000000002,0.23417870409999902
95.80470871,1.0,0.0,720.0,0.9,720.0,0.0,-0.0040081583000005595,0.2736,0.26959184169999945,720.0,0.0,0.0037787040999990042,0.23040000000000002,0.23417870409999902
95.818803503,1.0,0.0,720.0,0.9,720.0,0.0,-0.0040081583000005595,0.2736,0.26959184169999945,720.0,0.0,0.0037787040999990042,0.23040000000000002,0.23417870409999902
95.831090546,1.0,0.0,720.0,0.9,720.0,0.0,-0.0040081583000005595,0.2736,0.26959184169999945,720.0,0.0,0.0037787040999990042,0.23040000000000002,0.23417870409999902
95.841725005,1.0,0.0,720.0,0.9,720.0,0.0,-0.0040081583000005595,0.2736,0.26959184169999945,720.0,0.0,0.0037787040999990042,0.23040000000000002,0.23417870409999902
95.85577284,1.0,0.0,720.0,0.9,720.0,0.0,-0.0040081583000005595,0.2736,0.26959184169999945,700.0,20.0,0.19498436669999933,0.23040000000000002,0.42538436669999935
95.871142217,1.0,0.0,720.0,0.9,720.0,0.0,-0.0040081583000005595,0.2736,0.26959184169999945,720.0,0.0,0.004984366699999327,0.23040000000000002,0.23538436669999935
95.884611384,1.0,0.0,720.0,0.9,720.0,0.0,-0.0040081583000005595,0.2736,0.26959184169999945,720.0,0.0,0.004984366699999327,0.23040000000000002,0.23538436669999935
95.897369761,1.0,0.0,720.0,0.9,720.0,0.0,-0.0040081583000005595,0.2736,0.26959184169999945,720.0,0.0,0.004984366699999327,0.23040000000000002,0.23538436669999935
95.917883263,0.0,0.0,720.0,0.9,660.0,60.0,0.5702710297000061,0.2736,0.843871029700006,660.0,60.0,0.575,0.23040000000000002,0.8054
95.933477514,0.0,0.0,720.0,0.9,580.0,140.0,1.335,0.2736,1.0,600.0,120.0,1.1449999999999998,0.23040000000000002,1.0
95.945069807,0.0,0.0,720.0,0.9,560.0,160.0,1.525,0.2736,1.0,580.0,140.0,1.335,0.23040000000000002,1.0
95.960071684,0.0,0.0,720.0,0.9,580.0,140.0,1.335,0.2736,1.0,580.0,140.0,1.335,0.23040000000000002,1.0
95.971398268,0.0,0.0,720.0,0.9,600.0,120.0,1.1449999999999998,0.2736,1.0,580.0,140.0,1.335,0.23040000000000002,1.0
95.984076436,0.0,0.0,720.0,0.9,620.0,100.0,0.955,0.2736,1.0,600.0,120.0,1.1449999999999998,0.23040000000000002,1.0
95.996874771,0.0,0.0,720.0,0.9,620.0,100.0,0.955,0.2736,1.0,600.0,120.0,1.1449999999999998,0.23040000000000002,1.0
96.012853147,0.0,0.0,720.0,0.9,660.0,60.0,0.575,0.2736,0.8486,640.0,80.0,0.765,0.23040000000000002,0.9954000000000001
96.029554566,0.0,0.0,720.0,0.9,680.0,40.0,0.385,0.2736,0.6586000000000001,660.0,60.0,0.575,0.23040000000000002,0.8054
96.043918859,0.0,0.0,720.0,0.9,700.0,20.0,0.195,0.2736,0.4686,680.0,40.0,0.385,0.23040000000000002,0.6154000000000001
96.057375485,0.0,0.0,720.0,0.9,720.0,0.0,0.005,0.2736,0.2786,680.0,40.0,0.385,0.23040000000000002,0.6154000000000001
96.074700195,1.0,0.0,720.0,0.9,720.0,0.0,0.005,0.2736,0.2786,720.0,0.0,0.005,0.23040000000000002,0.23540000000000003
96.089336905,1.0,0.0,720.0,0.9,740.0,-20.0,-0.18635432520000053,0.2736,0.08724567479999948,740.0,-20.0,-0.18635438350000072,0.23040000000000002,0.0440456164999993
96.105990198,1.0,0.0,720.0,0.9,740.0,-20.0,-0.1877946627999995,0.2736,0.0858053372000005,740.0,-20.0,-0.18779466280000237,0.23040000000000002,0.04260533719999765
96.129958201,0.0,0.0,720.0,0.9,760.0,-40.0,-0.38285467160000053,0.2736,-0.10925467160000052,740.0,-20.0,-0.19032469640000102,0.23040000000000002,0.040075303599999
96.147020119,1.0,0.0,720.0,0.9,740.0,-20.0,-0.19463462600000184,0.2736,0.07896537399999817,740.0,-20.0,-0.19210467990000155,0.23040000000000002,0.038295320099998476
96.162814454,1.0,0.0,720.0,0.9,740.0,-20.0,-0.195,0.2736,0.0786,740.0,-20.0,-0.19369446760000017,0.23040000000000002,0.03670553239999985
96.177733497,1.0,0.0,720.0,0.9,720.0,0.0,-0.005,0.2736,0.2686,740.0,-20.0,-0.195,0.23040000000000002,0.035400000000000015
96.19143104,1.0,0.0,720.0,0.9,740.0,-20.0,-0.195,0.2736,0.0786,740.0,-20.0,-0.195,0.23040000000000002,0.035400000000000015
96.206523625,1.0,0.0,720.0,0.9,740.0,-20.0,-0.195,0.2736,0.0786,740.0,-20.0,-0.195,0.23040000000000002,0.035400000000000015
96.218132543,1.0,0.0,720.0,0.9,720.0,0.0,-0.005,0.2736,0.2686,740.0,-20.0,-0.195,0.23040000000000002,0.035400000000000015
96.231930419,1.0,0.0,720.0,0.9,720.0,0.0,-0.005,0.2736,0.2686,740.0,-20.0,-0.195,0.23040000000000002,0.035400000000000015
96.241835712,1.0,0.0,720.0,0.9,720.0,0.0,-0.005,0.2736,0.2686,740.0,-20.0,-0.195,0.23040000000000002,0.035400000000000015
96.252902713,1.0,0.0,720.0,0.9,720.0,0.0,-0.005,0.2736,0.2686,740.0,-20.0,-0.195,0.23040000000000002,0.035400000000000015
96.265447589,1.0,0.0,720.0,0.9,720.0,0.0,-0.005,0.2736,0.2686,740.0,-20.0,-0.195,0.23040000000000002,0.035400000000000015
96.28964455,0.0,0.0,720.0,0.9,640.0,80.0,0.7633930008000038,0.2736,1.0,660.0,60.0,0.5712946629999999,0.23040000000000002,0.8016946629999999
96.322730928,0.0,0.0,720.0,0.9,580.0,140.0,1.335,0.2736,1.0,580.0,140.0,1.335,0.23040000000000002,1.0
96.335804597,0.0,0.0,720.0,0.9,580.0,140.0,1.335,0.2736,1.0,580.0,140.0,1.335,0.23040000000000002,1.0
96.349268223,0.0,0.0,720.0,0.9,600.0,120.0,1.1449999999999998,0.2736,1.0,600.0,120.0,1.1449999999999998,0.23040000000000002,1.0
96.361631099,0.0,0.0,720.0,0.9,620.0,100.0,0.955,0.2736,1.0,620.0,100.0,0.955,0.23040000000000002,1.0
96.375399517,0.0,0.0,720.0,0.9,640.0,80.0,0.765,0.2736,1.0,640.0,80.0,0.765,0.23040000000000002,0.9954000000000001
96.38748706,0.0,0.0,720.0,0.9,640.0,80.0,0.765,0.2736,1.0,640.0,80.0,0.765,0.23040000000000002,0.9954000000000001
96.403216645,0.0,0.0,720.0,0.9,700.0,20.0,0.195,0.2736,0.4686,660.0,60.0,0.575,0.23040000000000002,0.8054
96.421720563,0.0,0.0,720.0,0.9,700.0,20.0,0.195,0.2736,0.4686,680.0,40.0,0.385,0.23040000000000002,0.6154000000000001
96.447483774,1.0,0.0,720.0,0.9,740.0,-20.0,-0.18747951689999867,0.2736,0.08612048310000134,720.0,0.0,0.005,0.23040000000000002,0.23540000000000003
96.463192943,1.0,0.0,720.0,0.9,740.0,-20.0,-0.18930036289999977,0.2736,0.08429963710000024,740.0,-20.0,-0.18682078769999805,0.23040000000000002,0.043579212300001974
96.483540778,1.0,0.0,720.0,0.9,740.0,-20.0,-0.1914462130999999,0.2736,0.08215378690000011,740.0,-20.0,-0.1889666963000002,0.23040000000000002,0.04143330369999981
96.501748363,0.0,0.0,720.0,0.9,760.0,-40.0,-0.385,0.2736,-0.1114,740.0,-20.0,-0.19077193809999984,0.23040000000000002,0.03962806190000018
96.519885657,1.0,0.0,720.0,0.9,740.0,-20.0,-0.195,0.2736,0.0786,740.0,-20.0,-0.192592142499999,0.23040000000000002,0.03780785750000101
96.533750033,1.0,0.0,720.0,0.9,740.0,-20.0,-0.195,0.2736,0.0786,740.0,-20.0,-0.19410215929999936,0.23040000000000002,0.036297840700000666
96.546825159,1.0,0.0,720.0,0.9,740.0,-20.0,-0.195,0.2736,0.0786,740.0,-20.0,-0.195,0.23040000000000002,0.035400000000000015
96.560384744,1.0,0.0,720.0,0.9,740.0,-20.0,-0.195,0.2736,0.0786,740.0,-20.0,-0.195,0.23040000000000002,0.035400000000000015
96.574801829,0.0,0.0,720.0,0.9,740.0,-20.0,-0.195,0.2736,0.0786,760.0,-40.0,-0.385,0.23040000000000002,-0.1546
96.594387247,1.0,0.0,720.0,0.9,720.0,0.0,-0.005,0.2736,0.2686,740.0,-20.0,-0.195,0.23040000000000002,0.035400000000000015
96.605815915,1.0,0.0,720.0,0.9,720.0,0.0,-0.005,0.2736,0.2686,740.0,-20.0,-0.195,0.23040000000000002,0.035400000000000015
96.618927208,1.0,0.0,720.0,0.9,740.0,-20.0,-0.195,0.2736,0.0786,740.0,-20.0,-0.195,0.23040000000000002,0.035400000000000015
96.63713071,1.0,0.0,720.0,0.9,720.0,0.0,-0.005,0.2736,0.2686,720.0,0.0,-0.005,0.23040000000000002,0.22540000000000002
96.65695092,1.0,0.0,720.0,0.9,740.0,-20.0,-0.195,0.2736,0.0786,720.0,0.0,-0.005,0.23040000000000002,0.22540000000000002
96.669941172,1.0,0.0,720.0,0.9,720.0,0.0,-0.005,0.2736,0.2686,720.0,0.0,-0.005,0.23040000000000002,0.22540000000000002
96.681881715,1.0,0.0,720.0,0.9,720.0,0.0,-0.005,0.2736,0.2686,720.0,0.0,-0.005,0.23040000000000002,0.22540000000000002
96.696232591,1.0,0.0,720.0,0.9,740.0,-20.0,-0.195,0.2736,0.0786,720.0,0.0,-0.005,0.23040000000000002,0.22540000000000002
96.709942967,1.0,0.0,720.0,0.9,720.0,0.0,-0.005,0.2736,0.2686,720.0,0.0,-0.005,0.23040000000000002,0.22540000000000002
96.721002969,1.0,0.0,720.0,0.9,720.0,0.0,-0.005,0.2736,0.2686,720.0,0.0,-0.005,0.23040000000000002,0.22540000000000002
96.732434845,1.0,0.0,720.0,0.9,720.0,0.0,-0.005,0.2736,0.2686,720.0,0.0,-0.005,0.23040000000000002,0.22540000000000002
96.747161388,1.0,0.0,720.0,0.9,720.0,0.0,-0.005,0.2736,0.2686,700.0,20.0,0.1862622168000007,0.23040000000000002,0.4166622168000007
96.760232139,1.0,0.0,720.0,0.9,720.0,0.0,-0.005,0.2736,0.2686,720.0,0.0,-0.003737783199999285,0.23040000000000002,0.22666221680000073
96.77025964,1.0,0.0,720.0,0.9,720.0,0.0,-0.005,0.2736,0.2686,720.0,0.0,-0.003737783199999285,0.23040000000000002,0.22666221680000073
96.781172933,1.0,0.0,720.0,0.9,720.0,0.0,-0.005,0.2736,0.2686,720.0,0.0,-0.003737783199999285,0.23040000000000002,0.22666221680000073
96.798839768,1.0,0.0,720.0,0.9,720.0,0.0,-0.005,0.2736,0.2686,720.0,0.0,-0.003737783199999285,0.23040000000000002,0.22666221680000073
96.83026598,1.0,0.0,720.0,0.9,720.0,0.0,-0.005,0.2736,0.2686,720.0,0.0,-0.003737783199999285,0.23040000000000002,0.22666221680000073
96.841208439,1.0,0.0,720.0,0.9,720.0,0.0,-0.005,0.2736,0.2686,720.0,0.0,-0.003737783199999285,0.23040000000000002,0.22666221680000073
96.856261065,1.0,0.0,720.0,0.9,720.0,0.0,-0.005,0.2736,0.2686,700.0,20.0,0.1875648294000007,0.23040000000000002,0.4179648294000007
96.873175984,1.0,0.0,720.0,0.9,720.0,0.0,-0.005,0.2736,0.2686,720.0,0.0,-0.00243517059999931,0.23040000000000002,0.2279648294000007
96.887261444,1.0,0.0,720.0,0.9,720.0,0.0,-0.005,0.2736,0.2686,720.0,0.0,-0.00243517059999931,0.23040000000000002,0.2279648294000007
96.898107361,1.0,0.0,720.0,0.9,720.0,0.0,-0.005,0.2736,0.2686,720.0,0.0,-0.00243517059999931,0.23040000000000002,0.2279648294000007
96.912820488,1.0,0.0,720.0,0.9,720.0,0.0,-0.005,0.2736,0.2686,740.0,-20.0,-0.19370214149999868,0.23040000000000002,0.036697858500001346
96.930315823,1.0,0.0,720.0,0.9,720.0,0.0,-0.005,0.2736,0.2686,720.0,0.0,-0.0037021414999986748,0.23040000000000002,0.22669785850000135
96.943569741,1.0,0.0,720.0,0.9,720.0,0.0,-0.005,0.2736,0.2686,720.0,0.0,-0.0037021414999986748,0.23040000000000002,0.22669785850000135
96.959389159,1.0,0.0,720.0,0.9,700.0,20.0,0.18612708759999977,0.2736,0.4597270875999998,720.0,0.0,-0.0037021414999986748,0.23040000000000002,0.22669785850000135
96.982176203,1.0,0.0,720.0,0.9,720.0,0.0,-0.0038729124000002457,0.2736,0.26972708759999975,700.0,20.0,0.18868036710000013,0.23040000000000002,0.4190803671000002
96.996064205,1.0,0.0,720.0,0.9,720.0,0.0,-0.0038729124000002457,0.2736,0.26972708759999975,720.0,0.0,-0.0013196328999998742,0.23040000000000002,0.22908036710000015
97.011940206,1.0,0.0,720.0,0.9,720.0,0.0,-0.0038729124000002457,0.2736,0.26972708759999975,740.0,-20.0,-0.19289813300000105,0.23040000000000002,0.03750186699999897
97.028351124,1.0,0.0,720.0,0.9,720.0,0.0,-0.0038729124000002457,0.2736,0.26972708759999975,740.0,-20.0,-0.19453441229999954,0.23040000000000002,0.03586558770000048
97.043052001,1.0,0.0,720.0,0.9,740.0,-20.0,-0.195,0.2736,0.0786,720.0,0.0,-0.004534412299999531,0.23040000000000002,0.22586558770000048
97.057152336,1.0,0.0,720.0,0.9,720.0,0.0,-0.005,0.2736,0.2686,720.0,0.0,-0.004534412299999531,0.23040000000000002,0.22586558770000048
97.071615504,1.0,0.0,720.0,0.9,720.0,0.0,-0.005,0.2736,0.2686,700.0,20.0,0.1868508878000006,0.23040000000000002,0.41725088780000064
97.085307505,1.0,0.0,720.0,0.9,720.0,0.0,-0.005,0.2736,0.2686,740.0,-20.0,-0.19452280399999722,0.23040000000000002,0.0358771960000028
97.098972965,1.0,0.0,720.0,0.9,720.0,0.0,-0.005,0.2736,0.2686,720.0,0.0,-0.004522803999997223,0.23040000000000002,0.2258771960000028
97.111065174,1.0,0.0,720.0,0.9,720.0,0.0,-0.005,0.2736,0.2686,720.0,0.0,-0.004522803999997223,0.23040000000000002,0.2258771960000028
97.122470509,1.0,0.0,720.0,0.9,720.0,0.0,-0.005,0.2736,0.2686,720.0,0.0,-0.004522803999997223,0.23040000000000002,0.2258771960000028
97.148496803,1.0,0.0,720.0,0.9,720.0,0.0,-0.005,0.2736,0.2686,720.0,0.0,-0.004522803999997223,0.23040000000000002,0.2258771960000028
97.159892513,1.0,0.0,720.0,0.9,720.0,0.0,-0.005,0.2736,0.2686,720.0,0.0,-0.004522803999997223,0.23040000000000002,0.2258771960000028
97.172017097,1.0,0.0,720.0,0.9,720.0,0.0,-0.005,0.2736,0.2686,720.0,0.0,-0.004522803999997223,0.23040000000000002,0.2258771960000028
97.186306724,1.0,0.0,720.0,0.9,720.0,0.0,-0.005,0.2736,0.2686,700.0,20.0,0.1866533127000031,0.23040000000000002,0.4170533127000031
97.203040517,1.0,0.0,720.0,0.9,720.0,0.0,-0.005,0.2736,0.2686,720.0,0.0,-0.0033466872999969154,0.23040000000000002,0.22705331270000312
97.214955685,1.0,0.0,720.0,0.9,720.0,0.0,-0.005,0.2736,0.2686,720.0,0.0,-0.0033466872999969154,0.23040000000000002,0.22705331270000312
97.229964853,1.0,0.0,720.0,0.9,720.0,0.0,-0.005,0.2736,0.2686,720.0,0.0,-0.0033466872999969154,0.23040000000000002,0.22705331270000312
97.243036771,1.0,0.0,720.0,0.9,720.0,0.0,-0.005,0.2736,0.2686,740.0,-20.0,-0.19446097069999665,0.23040000000000002,0.03593902930000337
97.261823898,1.0,0.0,720.0,0.9,720.0,0.0,-0.005,0.2736,0.2686,720.0,0.0,-0.004460970699996665,0.23040000000000002,0.22593902930000337
97.273377691,1.0,0.0,720.0,0.9,720.0,0.0,-0.005,0.2736,0.2686,720.0,0.0,-0.004460970699996665,0.23040000000000002,0.22593902930000337
97.287379734,1.0,0.0,720.0,0.9,720.0,0.0,-0.005,0.2736,0.2686,720.0,0.0,-0.004460970699996665,0.23040000000000002,0.22593902930000337
97.31825032,1.0,0.0,720.0,0.9,700.0,20.0,0.1879605336000003,0.2736,0.4615605336000003,720.0,0.0,-0.004460970699996665,0.23040000000000002,0.22593902930000337
97.357069116,0.0,0.0,720.0,0.9,620.0,100.0,0.955,0.2736,1.0,620.0,100.0,0.955,0.23040000000000002,1.0
97.370284242,0.0,0.0,720.0,0.9,580.0,140.0,1.335,0.2736,1.0,540.0,180.0,1.7149999999999999,0.23040000000000002,1.0
97.381300493,0.0,0.0,720.0,0.9,580.0,140.0,1.335,0.2736,1.0,560.0,160.0,1.525,0.23040000000000002,1.0
97.394216078,0.0,0.0,720.0,0.9,580.0,140.0,1.335,0.2736,1.0,560.0,160.0,1.525,0.23040000000000002,1.0
97.407930246,0.0,0.0,720.0,0.9,620.0,100.0,0.955,0.2736,1.0,580.0,140.0,1.335,0.23040000000000002,1.0
97.419840164,0.0,0.0,720.0,0.9,620.0,100.0,0.955,0.2736,1.0,600.0,120.0,1.1449999999999998,0.23040000000000002,1.0
97.432791623,0.0,0.0,720.0,0.9,640.0,80.0,0.765,0.2736,1.0,620.0,100.0,0.955,0.23040000000000002,1.0
97.446495291,0.0,0.0,720.0,0.9,660.0,60.0,0.575,0.2736,0.8486,620.0,100.0,0.955,0.23040000000000002,1.0
97.465555418,0.0,0.0,720.0,0.9,680.0,40.0,0.385,0.2736,0.6586000000000001,640.0,80.0,0.765,0.23040000000000002,0.9954000000000001
97.479770378,0.0,0.0,720.0,0.9,700.0,20.0,0.195,0.2736,0.4686,680.0,40.0,0.385,0.23040000000000002,0.6154000000000001
97.502090172,1.0,0.0,720.0,0.9,740.0,-20.0,-0.18723381680000045,0.2736,0.08636618319999956,720.0,0.0,0.005,0.23040000000000002,0.23540000000000003
97.514848548,1.0,0.0,720.0,0.9,740.0,-20.0,-0.18871866280000008,0.2736,0.08488133719999993,720.0,0.0,0.005,0.23040000000000002,0.23540000000000003
97.5302748,1.0,0.0,720.0,0.9,740.0,-20.0,-0.19024941710000065,0.2736,0.08335058289999936,720.0,0.0,0.005,0.23040000000000002,0.23540000000000003
97.547677677,0.0,0.0,720.0,0.9,760.0,-40.0,-0.3833333840999984,0.2736,-0.10973338409999839,740.0,-20.0,-0.18654198350000173,0.23040000000000002,0.04385801649999829
97.563331428,0.0,0.0,720.0,0.9,760.0,-40.0,-0.385,0.2736,-0.1114,740.0,-20.0,-0.1880751003000006,0.23040000000000002,0.04232489969999942
97.578837305,1.0,0.0,720.0,0.9,740.0,-20.0,-0.195,0.2736,0.0786,740.0,-20.0,-0.18965243380000119,0.23040000000000002,0.040747566199998836
97.590921639,1.0,0.0,720.0,0.9,740.0,-20.0,-0.195,0.2736,0.0786,740.0,-20.0,-0.1909745880999998,0.23040000000000002,0.039425411900000235
97.603727266,1.0,0.0,720.0,0.9,740.0,-20.0,-0.195,0.2736,0.0786,740.0,-20.0,-0.19227673400000128,0.23040000000000002,0.03812326599999874
97.618839975,1.0,0.0,720.0,0.9,740.0,-20.0,-0.195,0.2736,0.0786,720.0,0.0,-0.0022767340000012836,0.23040000000000002,0.22812326599999874
97.633214769,1.0,0.0,720.0,0.9,720.0,0.0,-0.005,0.2736,0.2686,740.0,-20.0,-0.19360323410000205,0.23040000000000002,0.036796765899997974
97.652461562,1.0,0.0,720.0,0.9,740.0,-20.0,-0.195,0.2736,0.0786,740.0,-20.0,-0.195,0.23040000000000002,0.035400000000000015
97.671806356,1.0,0.0,720.0,0.9,720.0,0.0,-0.005,0.2736,0.2686,740.0,-20.0,-0.195,0.23040000000000002,0.035400000000000015
97.69365365,1.0,0.0,720.0,0.9,720.0,0.0,-0.005,0.2736,0.2686,720.0,0.0,-0.005,0.23040000000000002,0.22540000000000002
97.709169735,1.0,0.0,720.0,0.9,720.0,0.0,-0.005,0.2736,0.2686,740.0,-20.0,-0.195,0.23040000000000002,0.035400000000000015
97.727881028,1.0,0.0,720.0,0.9,720.0,0.0,-0.005,0.2736,0.2686,740.0,-20.0,-0.195,0.23040000000000002,0.035400000000000015
97.739503946,1.0,0.0,720.0,0.9,720.0,0.0,-0.005,0.2736,0.2686,740.0,-20.0,-0.195,0.23040000000000002,0.035400000000000015
97.754120822,1.0,0.0,720.0,0.9,720.0,0.0,-0.005,0.2736,0.2686,720.0,0.0,-0.005,0.23040000000000002,0.22540000000000002
97.773256783,1.0,0.0,720.0,0.9,720.0,0.0,-0.005,0.2736,0.2686,740.0,-20.0,-0.195,0.23040000000000002,0.035400000000000015
97.789065701,1.0,0.0,720.0,0.9,720.0,0.0,-0.005,0.2736,0.2686,720.0,0.0,-0.005,0.23040000000000002,0.22540000000000002
97.815010328,1.0,0.0,720.0,0.9,720.0,0.0,-0.005,0.2736,0.2686,720.0,0.0,-0.005,0.23040000000000002,0.22540000000000002
97.826718121,1.0,0.0,720.0,0.9,720.0,0.0,-0.005,0.2736,0.2686,720.0,0.0,-0.005,0.23040000000000002,0.22540000000000002
97.849156915,1.0,0.0,720.0,0.9,720.0,0.0,-0.005,0.2736,0.2686,720.0,0.0,-0.005,0.23040000000000002,0.22540000000000002
97.869031959,1.0,0.0,720.0,0.9,720.0,0.0,-0.005,0.2736,0.2686,720.0,0.0,-0.005,0.23040000000000002,0.22540000000000002
97.886627919,1.0,0.0,720.0,0.9,720.0,0.0,-0.005,0.2736,0.2686,720.0,0.0,-0.005,0.23040000000000002,0.22540000000000002
97.901355629,1.0,0.0,720.0,0.9,700.0,20.0,0.18625597509999978,0.2736,0.45985597509999976,720.0,0.0,-0.005,0.23040000000000002,0.22540000000000002
97.924307756,0.0,0.0,720.0,0.9,700.0,20.0,0.18845382950000045,0.2736,0.46205382950000046,740.0,-20.0,-0.195,0.23040000000000002,0.035400000000000015
97.951679509,1.0,0.0,720.0,0.9,720.0,0.0,-0.0015461704999995619,0.2736,0.27205382950000045,720.0,0.0,-0.005,0.23040000000000002,0.22540000000000002
97.971448386,1.0,0.0,720.0,0.9,740.0,-20.0,-0.19333216239999843,0.2736,0.08026783760000158,720.0,0.0,-0.005,0.23040000000000002,0.22540000000000002
97.987920554,1.0,0.0,720.0,0.9,720.0,0.0,-0.003332162399998424,0.2736,0.27026783760000156,720.0,0.0,-0.005,0.23040000000000002,0.22540000000000002
98.002214264,1.0,0.0,720.0,0.9,720.0,0.0,-0.003332162399998424,0.2736,0.27026783760000156,720.0,0.0,-0.005,0.23040000000000002,0.22540000000000002
98.014755057,1.0,0.0,720.0,0.9,720.0,0.0,-0.003332162399998424,0.2736,0.27026783760000156,720.0,0.0,-0.005,0.23040000000000002,0.22540000000000002
98.0287746,1.0,0.0,720.0,0.9,720.0,0.0,-0.003332162399998424,0.2736,0.27026783760000156,720.0,0.0,-0.005,0.23040000000000002,0.22540000000000002
98.041118226,1.0,0.0,720.0,0.9,720.0,0.0,-0.003332162399998424,0.2736,0.27026783760000156,720.0,0.0,-0.005,0.23040000000000002,0.22540000000000002
98.084364522,0.0,0.0,740.0,0.95,720.0,20.0,0.19047799630000156,0.2812,0.47167799630000157,700.0,40.0,0.38262025920000153,0.2368,0.6194202592000015
98.111458608,1.0,0.0,740.0,0.95,740.0,0.0,4.7799630000156413E-4,0.2812,0.28167799630000157,720.0,20.0,0.195,0.2368,0.4318
98.138936819,1.0,0.0,740.0,0.95,720.0,20.0,0.19314913820000243,0.2812,0.47434913820000246,740.0,0.0,0.005,0.2368,0.24180000000000001
98.166856614,1.0,0.0,740.0,0.95,720.0,20.0,0.195,0.2812,0.4762,720.0,20.0,0.195,0.2368,0.4318
98.190239533,1.0,0.0,740.0,0.95,720.0,20.0,0.195,0.2812,0.4762,740.0,0.0,0.005,0.2368,0.24180000000000001
98.211817618,1.0,0.0,740.0,0.95,740.0,0.0,0.005,0.2812,0.2862,740.0,0.0,0.005,0.2368,0.24180000000000001
98.230248329,0.0,0.0,740.0,0.95,760.0,-20.0,-0.18675157520000085,0.2812,0.09444842479999915,720.0,20.0,0.195,0.2368,0.4318
98.252478289,1.0,0.0,740.0,0.95,740.0,0.0,0.003248424799999157,0.2812,0.28444842479999916,720.0,20.0,0.195,0.2368,0.4318
98.265658415,1.0,0.0,740.0,0.95,740.0,0.0,0.003248424799999157,0.2812,0.28444842479999916,740.0,0.0,0.005,0.2368,0.24180000000000001
98.290742043,1.0,0.0,740.0,0.95,740.0,0.0,0.003248424799999157,0.2812,0.28444842479999916,720.0,20.0,0.195,0.2368,0.4318
98.310247837,1.0,0.0,740.0,0.95,760.0,-20.0,-0.18855853790000254,0.2812,0.09264146209999746,740.0,0.0,0.005,0.2368,0.24180000000000001
98.352596091,0.0,0.0,800.0,0.5,740.0,60.0,0.575,0.304,0.879,740.0,60.0,0.575,0.256,0.831
98.37342576,0.0,0.0,800.0,0.5,760.0,40.0,0.385,0.304,0.6890000000000001,740.0,60.0,0.575,0.256,0.831
98.387324844,0.0,0.0,800.0,0.5,760.0,40.0,0.385,0.304,0.6890000000000001,760.0,40.0,0.385,0.256,0.641
98.406544221,0.0,0.0,800.0,0.5,780.0,20.0,0.195,0.304,0.499,760.0,40.0,0.385,0.256,0.641
98.424322473,0.0,0.0,800.0,0.5,760.0,40.0,0.385,0.304,0.6890000000000001,780.0,20.0,0.195,0.256,0.451
98.444011142,1.0,0.0,800.0,0.5,780.0,20.0,0.195,0.304,0.499,780.0,20.0,0.195,0.256,0.451
98.455048684,1.0,0.0,800.0,0.5,780.0,20.0,0.195,0.304,0.499,780.0,20.0,0.195,0.256,0.451
98.475227061,1.0,0.0,800.0,0.5,800.0,0.0,0.005,0.304,0.309,780.0,20.0,0.195,0.256,0.451
98.50760119,1.0,0.0,800.0,0.5,820.0,-20.0,-0.1883186127999983,0.304,0.1156813872000017,800.0,0.0,0.005,0.256,0.261
98.531795525,1.0,0.0,800.0,0.5,800.0,0.0,0.0016813872000017228,0.304,0.3056813872000017,800.0,0.0,0.005,0.256,0.261
98.545330902,1.0,0.0,800.0,0.5,820.0,-20.0,-0.18965887959999805,0.304,0.11434112040000194,800.0,0.0,0.005,0.256,0.261
98.577917655,0.0,0.0,740.0,0.95,820.0,-80.0,-0.765,0.2812,-0.4838,800.0,-60.0,-0.5741576631999998,0.2368,-0.3373576631999998
98.605409283,0.0,0.0,740.0,0.95,800.0,-60.0,-0.575,0.2812,-0.29379999999999995,800.0,-60.0,-0.575,0.2368,-0.33819999999999995
98.631964077,0.0,0.0,740.0,0.95,780.0,-40.0,-0.385,0.2812,-0.1038,760.0,-20.0,-0.195,0.2368,0.041800000000000004
98.66132558,0.0,0.0,740.0,0.95,720.0,20.0,0.18804902530000106,0.2812,0.46924902530000107,760.0,-20.0,-0.195,0.2368,0.041800000000000004
98.684870374,1.0,0.0,740.0,0.95,720.0,20.0,0.19030705049999938,0.2812,0.4715070504999994,740.0,0.0,-0.005,0.2368,0.2318
98.708019668,1.0,0.0,740.0,0.95,720.0,20.0,0.19259059659999936,0.2812,0.47379059659999934,720.0,20.0,0.18728342940000062,0.2368,0.42408342940000066
98.740371046,0.0,0.0,740.0,0.95,700.0,40.0,0.385,0.2812,0.6662,720.0,20.0,0.19037019639999983,0.2368,0.42717019639999987
98.765264799,1.0,0.0,740.0,0.95,720.0,20.0,0.195,0.2812,0.4762,720.0,20.0,0.19303343419999863,0.2368,0.42983343419999864
98.791135635,1.0,0.0,740.0,0.95,740.0,0.0,0.005,0.2812,0.2862,720.0,20.0,0.195,0.2368,0.4318
98.817719596,1.0,0.0,740.0,0.95,760.0,-20.0,-0.18759288770000127,0.2812,0.09360711229999874,740.0,0.0,0.005,0.2368,0.24180000000000001
98.853850683,0.0,0.0,740.0,0.95,760.0,-20.0,-0.1912897339000017,0.2812,0.0899102660999983,720.0,20.0,0.195,0.2368,0.4318
98.895771354,0.0,0.0,800.0,0.5,760.0,40.0,0.385,0.304,0.6890000000000001,760.0,40.0,0.385,0.256,0.641
98.930215149,0.0,0.0,800.0,0.5,760.0,40.0,0.385,0.304,0.6890000000000001,760.0,40.0,0.385,0.256,0.641
98.955052901,0.0,0.0,800.0,0.5,780.0,20.0,0.195,0.304,0.499,760.0,40.0,0.385,0.256,0.641
98.981072779,1.0,0.0,800.0,0.5,780.0,20.0,0.195,0.304,0.499,780.0,20.0,0.195,0.256,0.451
98.992598572,1.0,0.0,800.0,0.5,780.0,20.0,0.195,0.304,0.499,780.0,20.0,0.195,0.256,0.451
99.020606158,1.0,0.0,800.0,0.5,800.0,0.0,0.005,0.304,0.309,780.0,20.0,0.195,0.256,0.451
99.033309409,1.0,0.0,800.0,0.5,800.0,0.0,0.005,0.304,0.309,780.0,20.0,0.195,0.256,0.451
99.073721288,1.0,0.0,800.0,0.5,820.0,-20.0,-0.18869777949999844,0.304,0.11530222050000155,820.0,-20.0,-0.188697692099999,0.256,0.067302307900001
99.103040791,1.0,0.0,800.0,0.5,820.0,-20.0,-0.19162264229999892,0.304,0.11237735770000107,800.0,0.0,0.001302307900000983,0.256,0.25730230790000097
99.120183501,1.0,0.0,800.0,0.5,800.0,0.0,-0.0016226422999989153,0.304,0.30237735770000107,820.0,-20.0,-0.1902258505999987,0.256,0.06577414940000131
99.148637046,1.0,0.0,800.0,0.5,820.0,-20.0,-0.19457751759999894,0.304,0.10942248240000105,800.0,0.0,-2.2585059999869373E-4,0.256,0.2557741494000013
99.181201341,0.0,0.0,720.0,0.9,800.0,-80.0,-0.765,0.2736,-0.4914,800.0,-80.0,-0.765,0.23040000000000002,-0.5346
99.205495135,0.0,0.0,720.0,0.9,780.0,-60.0,-0.575,0.2736,-0.30139999999999995,800.0,-80.0,-0.765,0.23040000000000002,-0.5346
99.223484553,0.0,0.0,720.0,0.9,760.0,-40.0,-0.385,0.2736,-0.1114,760.0,-40.0,-0.385,0.23040000000000002,-0.1546
99.239373097,0.0,0.0,720.0,0.9,760.0,-40.0,-0.385,0.2736,-0.1114,760.0,-40.0,-0.385,0.23040000000000002,-0.1546
99.267014349,1.0,0.0,720.0,0.9,740.0,-20.0,-0.195,0.2736,0.0786,740.0,-20.0,-0.195,0.23040000000000002,0.035400000000000015
99.28985681,1.0,0.0,720.0,0.9,700.0,20.0,0.18721453780000047,0.2736,0.4608145378000005,700.0,20.0,0.18721453780000047,0.23040000000000002,0.41761453780000046
99.308420812,0.0,0.0,720.0,0.9,700.0,20.0,0.18915697960000047,0.2736,0.4627569796000005,680.0,40.0,0.38109947979999675,0.23040000000000002,0.6114994797999967
99.337152898,0.0,0.0,720.0,0.9,700.0,20.0,0.19201968820000048,0.2736,0.4656196882000005,680.0,40.0,0.385,0.23040000000000002,0.6154000000000001
99.351362316,0.0,0.0,720.0,0.9,700.0,20.0,0.19364745089999985,0.2736,0.46724745089999986,680.0,40.0,0.385,0.23040000000000002,0.6154000000000001
99.37727311,1.0,0.0,720.0,0.9,700.0,20.0,0.195,0.2736,0.4686,700.0,20.0,0.195,0.23040000000000002,0.4254
99.392810779,1.0,0.0,720.0,0.9,700.0,20.0,0.195,0.2736,0.4686,720.0,0.0,0.005,0.23040000000000002,0.23540000000000003
99.4352932,0.0,0.0,800.0,0.5,720.0,80.0,0.765,0.304,1.0,720.0,80.0,0.765,0.256,1.0
99.458403994,0.0,0.0,800.0,0.5,720.0,80.0,0.765,0.304,1.0,740.0,60.0,0.575,0.256,0.831
99.474598787,0.0,0.0,800.0,0.5,740.0,60.0,0.575,0.304,0.879,720.0,80.0,0.765,0.256,1.0
99.499474748,0.0,0.0,800.0,0.5,760.0,40.0,0.385,0.304,0.6890000000000001,740.0,60.0,0.575,0.256,0.831
99.514120207,0.0,0.0,800.0,0.5,780.0,20.0,0.195,0.304,0.499,760.0,40.0,0.385,0.256,0.641
99.537284376,1.0,0.0,800.0,0.5,800.0,0.0,0.005,0.304,0.309,780.0,20.0,0.195,0.256,0.451
99.552547586,1.0,0.0,800.0,0.5,820.0,-20.0,-0.186646633499999,0.304,0.117353366500001,800.0,0.0,0.005,0.256,0.261
99.575542005,1.0,0.0,800.0,0.5,820.0,-20.0,-0.18916628379999792,0.304,0.11483371620000207,800.0,0.0,0.005,0.256,0.261
99.588349382,1.0,0.0,800.0,0.5,820.0,-20.0,-0.19043649219999906,0.304,0.11356350780000093,800.0,0.0,0.005,0.256,0.261
99.612520092,1.0,0.0,800.0,0.5,820.0,-20.0,-0.19286864250000008,0.304,0.11113135749999992,800.0,0.0,0.005,0.256,0.261
99.625567219,1.0,0.0,800.0,0.5,820.0,-20.0,-0.19416574259999833,0.304,0.10983425740000166,800.0,0.0,0.005,0.256,0.261
99.657805139,1.0,0.0,800.0,0.5,800.0,0.0,-0.004165742599998339,0.304,0.29983425740000164,800.0,0.0,0.005,0.256,0.261
99.671477015,1.0,0.0,800.0,0.5,820.0,-20.0,-0.195,0.304,0.10899999999999999,800.0,0.0,0.005,0.256,0.261
99.693725059,1.0,0.0,800.0,0.5,820.0,-20.0,-0.195,0.304,0.10899999999999999,800.0,0.0,0.005,0.256,0.261
99.70729981,1.0,0.0,800.0,0.5,820.0,-20.0,-0.195,0.304,0.10899999999999999,800.0,0.0,0.005,0.256,0.261
99.738996397,1.0,0.0,800.0,0.5,800.0,0.0,-0.005,0.304,0.299,800.0,0.0,0.005,0.256,0.261
99.756573107,1.0,0.0,800.0,0.5,800.0,0.0,-0.005,0.304,0.299,800.0,0.0,0.005,0.256,0.261
99.773621609,1.0,0.0,800.0,0.5,800.0,0.0,-0.005,0.304,0.299,800.0,0.0,0.005,0.256,0.261
99.79148386,1.0,0.0,800.0,0.5,800.0,0.0,-0.005,0.304,0.299,800.0,0.0,0.005,0.256,0.261
99.807631404,1.0,0.0,800.0,0.5,800.0,0.0,-0.005,0.304,0.299,800.0,0.0,0.005,0.256,0.261
99.824232197,1.0,0.0,800.0,0.5,800.0,0.0,-0.005,0.304,0.299,800.0,0.0,0.005,0.256,0.261
99.83904274,1.0,0.0,800.0,0.5,800.0,0.0,-0.005,0.304,0.299,800.0,0.0,0.005,0.256,0.261
99.860843076,1.0,0.0,800.0,0.5,800.0,0.0,-0.005,0.304,0.299,800.0,0.0,0.005,0.256,0.261
99.875591786,1.0,0.0,800.0,0.5,800.0,0.0,-0.005,0.304,0.299,800.0,0.0,0.005,0.256,0.261
99.894735329,1.0,0.0,800.0,0.5,800.0,0.0,-0.005,0.304,0.299,800.0,0.0,0.005,0.256,0.261
99.908165705,1.0,0.0,800.0,0.5,800.0,0.0,-0.005,0.304,0.299,800.0,0.0,0.005,0.256,0.261
99.931919333,1.0,0.0,800.0,0.5,800.0,0.0,-0.005,0.304,0.299,800.0,0.0,0.005,0.256,0.261
99.945753376,1.0,0.0,800.0,0.5,780.0,20.0,0.1862623918000003,0.304,0.4902623918000003,800.0,0.0,0.005,0.256,0.261
99.97273867,1.0,0.0,800.0,0.5,800.0,0.0,-0.0037376081999997268,0.304,0.30026239180000025,800.0,0.0,0.005,0.256,0.261
99.984764671,1.0,0.0,800.0,0.5,780.0,20.0,0.18745481279999923,0.304,0.49145481279999925,800.0,0.0,0.005,0.256,0.261
100.002258548,1.0,0.0,800.0,0.5,800.0,0.0,-0.0025451872000007824,0.304,0.3014548127999992,800.0,0.0,0.005,0.256,0.261
100.029532593,1.0,0.0,800.0,0.5,800.0,0.0,-0.0025451872000007824,0.304,0.3014548127999992,800.0,0.0,0.005,0.256,0.261
100.055853762,1.0,0.0,800.0,0.5,800.0,0.0,-0.0025451872000007824,0.304,0.3014548127999992,780.0,20.0,0.195,0.256,0.451
100.096969724,0.0,0.0,720.0,0.9,820.0,-100.0,-0.955,0.2736,-0.6814,800.0,-80.0,-0.765,0.23040000000000002,-0.5346
100.131033186,0.0,0.0,720.0,0.9,780.0,-60.0,-0.575,0.2736,-0.30139999999999995,780.0,-60.0,-0.575,0.23040000000000002,-0.3445999999999999
100.157634647,1.0,0.0,720.0,0.9,740.0,-20.0,-0.195,0.2736,0.0786,740.0,-20.0,-0.195,0.23040000000000002,0.035400000000000015
100.18129465,1.0,0.0,720.0,0.9,720.0,0.0,-0.005,0.2736,0.2686,720.0,0.0,-0.005,0.23040000000000002,0.22540000000000002
100.209280944,0.0,0.0,720.0,0.9,680.0,40.0,0.3810921006000001,0.2736,0.6546921006000002,720.0,0.0,-0.005,0.23040000000000002,0.22540000000000002
100.225028321,0.0,0.0,720.0,0.9,680.0,40.0,0.3837922342000013,0.2736,0.6573922342000014,700.0,20.0,0.1863500375999996,0.23040000000000002,0.4167500375999996
100.245954823,0.0,0.0,720.0,0.9,680.0,40.0,0.385,0.2736,0.6586000000000001,720.0,0.0,-0.0036499624000003905,0.23040000000000002,0.22675003759999962
100.267973617,0.0,0.0,720.0,0.9,720.0,0.0,0.005,0.2736,0.2786,680.0,40.0,0.38042036299999893,0.23040000000000002,0.610820362999999
100.291477286,0.0,0.0,720.0,0.9,740.0,-20.0,-0.18751046269999905,0.2736,0.08608953730000096,700.0,20.0,0.19293085489999898,0.23040000000000002,0.423330854899999
100.308973496,0.0,0.0,720.0,0.9,740.0,-20.0,-0.18925518369999908,0.2736,0.08434481630000093,700.0,20.0,0.19467557589999898,0.23040000000000002,0.425075575899999
100.33469354,1.0,0.0,720.0,0.9,740.0,-20.0,-0.19182645900000125,0.2736,0.08177354099999876,720.0,0.0,0.00467557589999899,0.23040000000000002,0.235075575899999
100.354722875,1.0,0.0,720.0,0.9,740.0,-20.0,-0.1940291258999997,0.2736,0.0795708741000003,720.0,0.0,0.00467557589999899,0.23040000000000002,0.235075575899999
100.375908669,1.0,0.0,720.0,0.9,720.0,0.0,-0.0040291258999997125,0.2736,0.2695708741000003,720.0,0.0,0.00467557589999899,0.23040000000000002,0.235075575899999
100.389640337,1.0,0.0,720.0,0.9,740.0,-20.0,-0.195,0.2736,0.0786,720.0,0.0,0.00467557589999899,0.23040000000000002,0.235075575899999
100.411700839,1.0,0.0,720.0,0.9,740.0,-20.0,-0.195,0.2736,0.0786,720.0,0.0,0.00467557589999899,0.23040000000000002,0.235075575899999
100.431341383,1.0,0.0,720.0,0.9,720.0,0.0,-0.005,0.2736,0.2686,720.0,0.0,0.00467557589999899,0.23040000000000002,0.235075575899999
100.455199135,1.0,0.0,720.0,0.9,720.0,0.0,-0.005,0.2736,0.2686,720.0,0.0,0.00467557589999899,0.23040000000000002,0.235075575899999
100.467054803,1.0,0.0,720.0,0.9,720.0,0.0,-0.005,0.2736,0.2686,720.0,0.0,0.00467557589999899,0.23040000000000002,0.235075575899999
100.486807639,1.0,0.0,720.0,0.9,720.0,0.0,-0.005,0.2736,0.2686,720.0,0.0,0.00467557589999899,0.23040000000000002,0.235075575899999
100.498367848,1.0,0.0,720.0,0.9,740.0,-20.0,-0.195,0.2736,0.0786,720.0,0.0,0.00467557589999899,0.23040000000000002,0.235075575899999
100.514053683,1.0,0.0,720.0,0.9,740.0,-20.0,-0.195,0.2736,0.0786,720.0,0.0,0.00467557589999899,0.23040000000000002,0.235075575899999
100.534754727,1.0,0.0,720.0,0.9,740.0,-20.0,-0.195,0.2736,0.0786,720.0,0.0,0.00467557589999899,0.23040000000000002,0.235075575899999
100.562026146,0.0,0.0,800.0,0.5,740.0,60.0,0.5716271632000024,0.304,0.8756271632000023,720.0,80.0,0.765,0.256,1.0
100.576538606,0.0,0.0,800.0,0.5,720.0,80.0,0.765,0.304,1.0,720.0,80.0,0.765,0.256,1.0
100.592284816,0.0,0.0,800.0,0.5,740.0,60.0,0.575,0.304,0.879,740.0,60.0,0.575,0.256,0.831
100.606024942,0.0,0.0,800.0,0.5,740.0,60.0,0.575,0.304,0.879,740.0,60.0,0.575,0.256,0.831
100.622874236,0.0,0.0,800.0,0.5,760.0,40.0,0.385,0.304,0.6890000000000001,760.0,40.0,0.385,0.256,0.641
100.634716487,0.0,0.0,800.0,0.5,760.0,40.0,0.385,0.304,0.6890000000000001,760.0,40.0,0.385,0.256,0.641
100.652340739,1.0,0.0,800.0,0.5,780.0,20.0,0.195,0.304,0.499,780.0,20.0,0.195,0.256,0.451
100.672987241,1.0,0.0,800.0,0.5,820.0,-20.0,-0.18706327939999937,0.304,0.11693672060000063,820.0,-20.0,-0.18706322100000022,0.256,0.06893677899999978
100.705564077,1.0,0.0,800.0,0.5,820.0,-20.0,-0.1902652547000008,0.304,0.11373474529999919,820.0,-20.0,-0.19026499220000007,0.256,0.06573500779999994
100.734844205,0.0,0.0,800.0,0.5,840.0,-40.0,-0.385,0.304,-0.08100000000000002,800.0,0.0,-2.6499220000005154E-4,0.256,0.25573500779999997
100.760365916,1.0,0.0,800.0,0.5,820.0,-20.0,-0.195,0.304,0.10899999999999999,820.0,-20.0,-0.19284802159999742,0.256,0.06315197840000258
100.794473128,0.0,0.0,720.0,0.9,800.0,-80.0,-0.765,0.2736,-0.4914,820.0,-100.0,-0.955,0.23040000000000002,-0.7245999999999999
100.813580505,0.0,0.0,720.0,0.9,800.0,-80.0,-0.765,0.2736,-0.4914,820.0,-100.0,-0.955,0.23040000000000002,-0.7245999999999999
100.826904131,0.0,0.0,720.0,0.9,800.0,-80.0,-0.765,0.2736,-0.4914,820.0,-100.0,-0.955,0.23040000000000002,-0.7245999999999999
100.841177132,0.0,0.0,720.0,0.9,760.0,-40.0,-0.385,0.2736,-0.1114,780.0,-60.0,-0.575,0.23040000000000002,-0.3445999999999999
100.875651844,1.0,0.0,720.0,0.9,720.0,0.0,-0.005,0.2736,0.2686,720.0,0.0,-0.005,0.23040000000000002,0.22540000000000002
100.898858013,1.0,0.0,720.0,0.9,720.0,0.0,-0.005,0.2736,0.2686,700.0,20.0,0.18745974190000028,0.23040000000000002,0.4178597419000003
100.923593099,0.0,0.0,720.0,0.9,680.0,40.0,0.3796190088000003,0.2736,0.6532190088000003,680.0,40.0,0.38207863410000015,0.23040000000000002,0.6124786341000001
100.948816143,0.0,0.0,720.0,0.9,680.0,40.0,0.3847298260000002,0.2736,0.6583298260000002,660.0,60.0,0.575,0.23040000000000002,0.8054
100.979816813,0.0,0.0,720.0,0.9,700.0,20.0,0.195,0.2736,0.4686,680.0,40.0,0.385,0.23040000000000002,0.6154000000000001
101.001112857,1.0,0.0,720.0,0.9,720.0,0.0,0.005,0.2736,0.2786,700.0,20.0,0.195,0.23040000000000002,0.4254
101.019990984,1.0,0.0,720.0,0.9,740.0,-20.0,-0.1866999793000025,0.2736,0.0869000206999975,720.0,0.0,0.005,0.23040000000000002,0.23540000000000003
101.046863403,1.0,0.0,720.0,0.9,740.0,-20.0,-0.18964426710000226,0.2736,0.08395573289999775,740.0,-20.0,-0.18794434609999996,0.23040000000000002,0.04245565390000006
101.064361655,1.0,0.0,720.0,0.9,740.0,-20.0,-0.19116527980000114,0.2736,0.08243472019999887,720.0,0.0,0.0020556539000000386,0.23040000000000002,0.23245565390000006
101.08232424,1.0,0.0,720.0,0.9,740.0,-20.0,-0.19316520910000237,0.2736,0.08043479089999764,740.0,-20.0,-0.18994424630000198,0.23040000000000002,0.04045575369999804
101.107065743,1.0,0.0,720.0,0.9,720.0,0.0,-0.0031652091000023575,0.2736,0.27043479089999767,740.0,-20.0,-0.1923009715000012,0.23040000000000002,0.03809902849999883
101.130129287,1.0,0.0,720.0,0.9,740.0,-20.0,-0.195,0.2736,0.0786,740.0,-20.0,-0.19462447590000012,0.23040000000000002,0.0357755240999999
101.144358538,1.0,0.0,720.0,0.9,740.0,-20.0,-0.195,0.2736,0.0786,740.0,-20.0,-0.195,0.23040000000000002,0.035400000000000015
101.158994956,1.0,0.0,720.0,0.9,740.0,-20.0,-0.195,0.2736,0.0786,720.0,0.0,-0.005,0.23040000000000002,0.22540000000000002
101.186940709,1.0,0.0,720.0,0.9,720.0,0.0,-0.005,0.2736,0.2686,720.0,0.0,-0.005,0.23040000000000002,0.22540000000000002
101.21498067,1.0,0.0,720.0,0.9,720.0,0.0,-0.005,0.2736,0.2686,720.0,0.0,-0.005,0.23040000000000002,0.22540000000000002
101.232390547,1.0,0.0,720.0,0.9,740.0,-20.0,-0.195,0.2736,0.0786,740.0,-20.0,-0.195,0.23040000000000002,0.035400000000000015
101.257270591,1.0,0.0,720.0,0.9,720.0,0.0,-0.005,0.2736,0.2686,720.0,0.0,-0.005,0.23040000000000002,0.22540000000000002
101.285606011,1.0,0.0,720.0,0.9,720.0,0.0,-0.005,0.2736,0.2686,720.0,0.0,-0.005,0.23040000000000002,0.22540000000000002
101.307882929,1.0,0.0,720.0,0.9,740.0,-20.0,-0.195,0.2736,0.0786,720.0,0.0,-0.005,0.23040000000000002,0.22540000000000002
101.324108056,1.0,0.0,720.0,0.9,720.0,0.0,-0.005,0.2736,0.2686,740.0,-20.0,-0.195,0.23040000000000002,0.035400000000000015
101.345552558,1.0,0.0,720.0,0.9,720.0,0.0,-0.005,0.2736,0.2686,720.0,0.0,-0.005,0.23040000000000002,0.22540000000000002
101.356962851,1.0,0.0,720.0,0.9,720.0,0.0,-0.005,0.2736,0.2686,720.0,0.0,-0.005,0.23040000000000002,0.22540000000000002
101.371157977,1.0,0.0,720.0,0.9,740.0,-20.0,-0.195,0.2736,0.0786,720.0,0.0,-0.005,0.23040000000000002,0.22540000000000002
101.385163229,1.0,0.0,720.0,0.9,720.0,0.0,-0.005,0.2736,0.2686,720.0,0.0,-0.005,0.23040000000000002,0.22540000000000002
101.407638189,1.0,0.0,720.0,0.9,720.0,0.0,-0.005,0.2736,0.2686,740.0,-20.0,-0.195,0.23040000000000002,0.035400000000000015
101.422618774,1.0,0.0,720.0,0.9,720.0,0.0,-0.005,0.2736,0.2686,720.0,0.0,-0.005,0.23040000000000002,0.22540000000000002
101.435194859,1.0,0.0,720.0,0.9,720.0,0.0,-0.005,0.2736,0.2686,720.0,0.0,-0.005,0.23040000000000002,0.22540000000000002
101.452651402,1.0,0.0,720.0,0.9,720.0,0.0,-0.005,0.2736,0.2686,700.0,20.0,0.18653755009999942,0.23040000000000002,0.41693755009999944
101.472484738,1.0,0.0,720.0,0.9,720.0,0.0,-0.005,0.2736,0.2686,720.0,0.0,-0.0034624499000005925,0.23040000000000002,0.22693755009999944
101.489578448,1.0,0.0,720.0,0.9,720.0,0.0,-0.005,0.2736,0.2686,740.0,-20.0,-0.195,0.23040000000000002,0.035400000000000015
101.504614157,1.0,0.0,720.0,0.9,720.0,0.0,-0.005,0.2736,0.2686,740.0,-20.0,-0.195,0.23040000000000002,0.035400000000000015
101.518900867,1.0,0.0,720.0,0.9,720.0,0.0,-0.005,0.2736,0.2686,720.0,0.0,-0.005,0.23040000000000002,0.22540000000000002
101.53370616,1.0,0.0,720.0,0.9,720.0,0.0,-0.005,0.2736,0.2686,720.0,0.0,-0.005,0.23040000000000002,0.22540000000000002
101.548163495,1.0,0.0,720.0,0.9,720.0,0.0,-0.005,0.2736,0.2686,700.0,20.0,0.18644261260000178,0.23040000000000002,0.41684261260000177
101.562014747,1.0,0.0,720.0,0.9,720.0,0.0,-0.005,0.2736,0.2686,720.0,0.0,-0.00355738739999822,0.23040000000000002,0.2268426126000018
101.573559498,1.0,0.0,720.0,0.9,720.0,0.0,-0.005,0.2736,0.2686,720.0,0.0,-0.00355738739999822,0.23040000000000002,0.2268426126000018
101.595419917,0.0,0.0,720.0,0.9,700.0,20.0,0.18667011270000047,0.2736,0.4602701127000005,740.0,-20.0,-0.195,0.23040000000000002,0.035400000000000015
101.618218627,1.0,1.0,720.0,0.9,720.0,0.0,-0.003329887299999541,0.2736,0.27027011270000045,720.0,0.0,-0.005,0.23040000000000002,0.22540000000000002
101.631913545,1.0,0.0,720.0,0.9,720.0,0.0,-0.003329887299999541,0.2736,0.27027011270000045,700.0,20.0,0.18649120430000096,0.23040000000000002,0.416891204300001
101.662065465,1.0,0.0,720.0,0.9,720.0,0.0,-0.003329887299999541,0.2736,0.27027011270000045,740.0,-20.0,-0.195,0.23040000000000002,0.035400000000000015
101.674553175,1.0,0.0,720.0,0.9,720.0,0.0,-0.003329887299999541,0.2736,0.27027011270000045,740.0,-20.0,-0.195,0.23040000000000002,0.035400000000000015
101.701344802,1.0,0.0,720.0,0.9,720.0,0.0,-0.003329887299999541,0.2736,0.27027011270000045,720.0,0.0,-0.005,0.23040000000000002,0.22540000000000002
101.713100137,1.0,0.0,720.0,0.9,720.0,0.0,-0.003329887299999541,0.2736,0.27027011270000045,720.0,0.0,-0.005,0.23040000000000002,0.22540000000000002
101.744843973,1.0,0.0,720.0,0.9,720.0,0.0,-0.003329887299999541,0.2736,0.27027011270000045,740.0,-20.0,-0.195,0.23040000000000002,0.035400000000000015
101.7661861,1.0,0.0,720.0,0.9,720.0,0.0,-0.003329887299999541,0.2736,0.27027011270000045,720.0,0.0,-0.005,0.23040000000000002,0.22540000000000002
101.79476827,1.0,0.0,720.0,0.9,700.0,20.0,0.18951415459999965,0.2736,0.46311415459999966,720.0,0.0,-0.005,0.23040000000000002,0.22540000000000002
101.817899189,1.0,0.0,720.0,0.9,720.0,0.0,-4.858454000003576E-4,0.2736,0.27311415459999966,720.0,0.0,-0.005,0.23040000000000002,0.22540000000000002
101.832402315,1.0,0.0,720.0,0.9,720.0,0.0,-4.858454000003576E-4,0.2736,0.27311415459999966,740.0,-20.0,-0.195,0.23040000000000002,0.035400000000000015
101.849501567,1.0,0.0,720.0,0.9,720.0,0.0,-4.858454000003576E-4,0.2736,0.27311415459999966,720.0,0.0,-0.005,0.23040000000000002,0.22540000000000002
101.86447136,1.0,0.0,720.0,0.9,720.0,0.0,-4.858454000003576E-4,0.2736,0.27311415459999966,720.0,0.0,-0.005,0.23040000000000002,0.22540000000000002
101.881495945,1.0,0.0,720.0,0.9,720.0,0.0,-4.858454000003576E-4,0.2736,0.27311415459999966,720.0,0.0,-0.005,0.23040000000000002,0.22540000000000002
101.898307614,1.0,0.0,720.0,0.9,740.0,-20.0,-0.19204133310000032,0.2736,0.08155866689999969,720.0,0.0,-0.005,0.23040000000000002,0.22540000000000002
101.911357073,1.0,0.0,720.0,0.9,720.0,0.0,-0.0020413331000003155,0.2736,0.2715586668999997,720.0,0.0,-0.005,0.23040000000000002,0.22540000000000002
101.923911866,1.0,0.0,720.0,0.9,740.0,-20.0,-0.19329689989999793,0.2736,0.08030310010000208,720.0,0.0,-0.005,0.23040000000000002,0.22540000000000002
101.941597076,1.0,0.0,720.0,0.9,720.0,0.0,-0.003296899899997925,0.2736,0.2703031001000021,720.0,0.0,-0.005,0.23040000000000002,0.22540000000000002
101.96281612,1.0,0.0,720.0,0.9,740.0,-20.0,-0.195,0.2736,0.0786,720.0,0.0,-0.005,0.23040000000000002,0.22540000000000002
101.974707955,1.0,0.0,720.0,0.9,720.0,0.0,-0.005,0.2736,0.2686,720.0,0.0,-0.005,0.23040000000000002,0.22540000000000002
101.987448539,1.0,0.0,720.0,0.9,720.0,0.0,-0.005,0.2736,0.2686,720.0,0.0,-0.005,0.23040000000000002,0.22540000000000002
102.003966791,0.0,0.0,720.0,0.9,660.0,60.0,0.5690414506000047,0.2736,0.8426414506000046,640.0,80.0,0.7603886007999949,0.23040000000000002,0.990788600799995
102.019015918,0.0,0.0,720.0,0.9,600.0,120.0,1.1449999999999998,0.2736,1.0,620.0,100.0,0.955,0.23040000000000002,1.0
102.031072835,0.0,0.0,720.0,0.9,560.0,160.0,1.525,0.2736,1.0,540.0,180.0,1.7149999999999999,0.23040000000000002,1.0
102.059550297,0.0,0.0,720.0,0.9,560.0,160.0,1.525,0.2736,1.0,580.0,140.0,1.335,0.23040000000000002,1.0
102.071825089,0.0,0.0,720.0,0.9,600.0,120.0,1.1449999999999998,0.2736,1.0,600.0,120.0,1.1449999999999998,0.23040000000000002,1.0
102.093267842,0.0,0.0,720.0,0.9,640.0,80.0,0.765,0.2736,1.0,620.0,100.0,0.955,0.23040000000000002,1.0
102.113958677,0.0,0.0,720.0,0.9,660.0,60.0,0.575,0.2736,0.8486,640.0,80.0,0.765,0.23040000000000002,0.9954000000000001
102.137547513,0.0,0.0,720.0,0.9,700.0,20.0,0.195,0.2736,0.4686,680.0,40.0,0.385,0.23040000000000002,0.6154000000000001
102.156444598,1.0,0.0,720.0,0.9,720.0,0.0,0.005,0.2736,0.2786,720.0,0.0,0.005,0.23040000000000002,0.23540000000000003
102.177805975,1.0,0.0,720.0,0.9,740.0,-20.0,-0.1873421419000016,0.2736,0.08625785809999842,720.0,0.0,0.005,0.23040000000000002,0.23540000000000003
102.197434269,0.0,0.0,720.0,0.9,760.0,-40.0,-0.38086658389999856,0.2736,-0.10726658389999855,740.0,-20.0,-0.18676233770000067,0.23040000000000002,0.04363766229999935
102.215930021,0.0,0.0,720.0,0.9,760.0,-40.0,-0.38454140930000164,0.2736,-0.11094140930000163,740.0,-20.0,-0.18859977960000038,0.23040000000000002,0.041800220399999644
102.237341856,1.0,0.0,720.0,0.9,740.0,-20.0,-0.195,0.2736,0.0786,740.0,-20.0,-0.19072369639999978,0.23040000000000002,0.03967630360000024
102.250075732,1.0,0.0,720.0,0.9,740.0,-20.0,-0.195,0.2736,0.0786,740.0,-20.0,-0.19214568829999962,0.23040000000000002,0.038254311700000404
102.27611661,0.0,0.0,720.0,0.9,720.0,0.0,-0.005,0.2736,0.2686,760.0,-40.0,-0.385,0.23040000000000002,-0.1546
102.293242987,1.0,0.0,720.0,0.9,720.0,0.0,-0.005,0.2736,0.2686,740.0,-20.0,-0.195,0.23040000000000002,0.035400000000000015
102.309289613,0.0,0.0,720.0,0.9,700.0,20.0,0.18659824600000036,0.2736,0.46019824600000037,740.0,-20.0,-0.195,0.23040000000000002,0.035400000000000015
102.333704158,1.0,0.0,720.0,0.9,720.0,0.0,-0.0034017539999996417,0.2736,0.27019824600000036,740.0,-20.0,-0.195,0.23040000000000002,0.035400000000000015
102.351220493,1.0,0.0,720.0,0.9,720.0,0.0,-0.0034017539999996417,0.2736,0.27019824600000036,720.0,0.0,-0.005,0.23040000000000002,0.22540000000000002
102.363494994,1.0,0.0,720.0,0.9,720.0,0.0,-0.0034017539999996417,0.2736,0.27019824600000036,720.0,0.0,-0.005,0.23040000000000002,0.22540000000000002
102.374769953,1.0,0.0,720.0,0.9,720.0,0.0,-0.0034017539999996417,0.2736,0.27019824600000036,720.0,0.0,-0.005,0.23040000000000002,0.22540000000000002
102.386962788,1.0,0.0,720.0,0.9,720.0,0.0,-0.0034017539999996417,0.2736,0.27019824600000036,720.0,0.0,-0.005,0.23040000000000002,0.22540000000000002
102.397561372,1.0,0.0,720.0,0.9,720.0,0.0,-0.0034017539999996417,0.2736,0.27019824600000036,720.0,0.0,-0.005,0.23040000000000002,0.22540000000000002
102.410910665,1.0,0.0,720.0,0.9,720.0,0.0,-0.0034017539999996417,0.2736,0.27019824600000036,740.0,-20.0,-0.195,0.23040000000000002,0.035400000000000015
102.42239475,1.0,0.0,720.0,0.9,720.0,0.0,-0.0034017539999996417,0.2736,0.27019824600000036,740.0,-20.0,-0.195,0.23040000000000002,0.035400000000000015
102.444370669,1.0,0.0,720.0,0.9,720.0,0.0,-0.0034017539999996417,0.2736,0.27019824600000036,720.0,0.0,-0.005,0.23040000000000002,0.22540000000000002
102.467174338,1.0,0.0,720.0,0.9,720.0,0.0,-0.0034017539999996417,0.2736,0.27019824600000036,700.0,20.0,0.18724323770000012,0.23040000000000002,0.4176432377000001
102.489165423,1.0,0.0,720.0,0.9,720.0,0.0,-0.0034017539999996417,0.2736,0.27019824600000036,720.0,0.0,-0.0027567622999998776,0.23040000000000002,0.22764323770000014
102.517831884,1.0,0.0,720.0,0.9,720.0,0.0,-0.0034017539999996417,0.2736,0.27019824600000036,720.0,0.0,-0.0027567622999998776,0.23040000000000002,0.22764323770000014
102.535007553,1.0,0.0,720.0,0.9,720.0,0.0,-0.0034017539999996417,0.2736,0.27019824600000036,720.0,0.0,-0.0027567622999998776,0.23040000000000002,0.22764323770000014
102.547359346,1.0,0.0,720.0,0.9,720.0,0.0,-0.0034017539999996417,0.2736,0.27019824600000036,720.0,0.0,-0.0027567622999998776,0.23040000000000002,0.22764323770000014
102.572093265,1.0,0.0,720.0,0.9,720.0,0.0,-0.0034017539999996417,0.2736,0.27019824600000036,740.0,-20.0,-0.1948020457999985,0.23040000000000002,0.03559795420000153
102.586792391,1.0,0.0,720.0,0.9,720.0,0.0,-0.0034017539999996417,0.2736,0.27019824600000036,720.0,0.0,-0.004802045799998496,0.23040000000000002,0.22559795420000153
102.601681101,1.0,0.0,720.0,0.9,720.0,0.0,-0.0034017539999996417,0.2736,0.27019824600000036,720.0,0.0,-0.004802045799998496,0.23040000000000002,0.22559795420000153
102.617587436,1.0,0.0,720.0,0.9,720.0,0.0,-0.0034017539999996417,0.2736,0.27019824600000036,720.0,0.0,-0.004802045799998496,0.23040000000000002,0.22559795420000153
102.631305687,1.0,0.0,720.0,0.9,700.0,20.0,0.18785818780000113,0.2736,0.46145818780000114,720.0,0.0,-0.004802045799998496,0.23040000000000002,0.22559795420000153
102.650676439,1.0,0.0,720.0,0.9,720.0,0.0,-0.002141812199998867,0.2736,0.27145818780000114,720.0,0.0,-0.004802045799998496,0.23040000000000002,0.22559795420000153
102.664374566,1.0,0.0,720.0,0.9,720.0,0.0,-0.002141812199998867,0.2736,0.27145818780000114,720.0,0.0,-0.004802045799998496,0.23040000000000002,0.22559795420000153
102.675711942,1.0,0.0,720.0,0.9,720.0,0.0,-0.002141812199998867,0.2736,0.27145818780000114,720.0,0.0,-0.004802045799998496,0.23040000000000002,0.22559795420000153
102.691484402,1.0,0.0,720.0,0.9,700.0,20.0,0.18931509210000058,0.2736,0.4629150921000006,720.0,0.0,-0.004802045799998496,0.23040000000000002,0.22559795420000153
102.705476528,1.0,0.0,720.0,0.9,720.0,0.0,-6.849078999994163E-4,0.2736,0.2729150921000006,720.0,0.0,-0.004802045799998496,0.23040000000000002,0.22559795420000153
102.721408821,1.0,0.0,720.0,0.9,720.0,0.0,-6.849078999994163E-4,0.2736,0.2729150921000006,720.0,0.0,-0.004802045799998496,0.23040000000000002,0.22559795420000153
102.737433281,1.0,0.0,720.0,0.9,720.0,0.0,-6.849078999994163E-4,0.2736,0.2729150921000006,720.0,0.0,-0.004802045799998496,0.23040000000000002,0.22559795420000153
102.754250783,1.0,0.0,720.0,0.9,700.0,20.0,0.1908668173000001,0.2736,0.4644668173000001,720.0,0.0,-0.004802045799998496,0.23040000000000002,0.22559795420000153
102.765914826,1.0,0.0,720.0,0.9,720.0,0.0,8.668173000000934E-4,0.2736,0.2744668173000001,720.0,0.0,-0.004802045799998496,0.23040000000000002,0.22559795420000153
102.781753494,1.0,0.0,720.0,0.9,720.0,0.0,8.668173000000934E-4,0.2736,0.2744668173000001,700.0,20.0,0.18648668349999922,0.23040000000000002,0.41688668349999924
102.798433621,1.0,0.0,720.0,0.9,720.0,0.0,8.668173000000934E-4,0.2736,0.2744668173000001,720.0,0.0,-0.0035133165000007694,0.23040000000000002,0.22688668349999924
102.817498414,1.0,0.0,720.0,0.9,720.0,0.0,8.668173000000934E-4,0.2736,0.2744668173000001,720.0,0.0,-0.0035133165000007694,0.23040000000000002,0.22688668349999924
102.845170292,1.0,0.0,720.0,0.9,720.0,0.0,8.668173000000934E-4,0.2736,0.2744668173000001,700.0,20.0,0.1889247254000003,0.23040000000000002,0.4193247254000003
102.859759752,1.0,0.0,720.0,0.9,720.0,0.0,8.668173000000934E-4,0.2736,0.2744668173000001,720.0,0.0,-0.001075274599999716,0.23040000000000002,0.22932472540000032
102.874488628,1.0,0.0,720.0,0.9,720.0,0.0,8.668173000000934E-4,0.2736,0.2744668173000001,720.0,0.0,-0.001075274599999716,0.23040000000000002,0.22932472540000032
102.885832713,1.0,0.0,720.0,0.9,720.0,0.0,8.668173000000934E-4,0.2736,0.2744668173000001,720.0,0.0,-0.001075274599999716,0.23040000000000002,0.22932472540000032
102.899548048,1.0,0.0,720.0,0.9,720.0,0.0,8.668173000000934E-4,0.2736,0.2744668173000001,720.0,0.0,-0.001075274599999716,0.23040000000000002,0.22932472540000032
102.916266091,1.0,0.0,720.0,0.9,700.0,20.0,0.19212048830000072,0.2736,0.46572048830000073,700.0,20.0,0.1901784255000001,0.23040000000000002,0.42057842550000013
102.931400676,1.0,0.0,720.0,0.9,720.0,0.0,0.002120488300000716,0.2736,0.27572048830000073,720.0,0.0,1.784255000001167E-4,0.23040000000000002,0.23057842550000013
102.944361469,1.0,0.0,720.0,0.9,720.0,0.0,0.002120488300000716,0.2736,0.27572048830000073,720.0,0.0,1.784255000001167E-4,0.23040000000000002,0.23057842550000013
102.957455553,1.0,0.0,720.0,0.9,720.0,0.0,0.002120488300000716,0.2736,0.27572048830000073,720.0,0.0,1.784255000001167E-4,0.23040000000000002,0.23057842550000013
102.97183793,1.0,0.0,720.0,0.9,720.0,0.0,0.002120488300000716,0.2736,0.27572048830000073,720.0,0.0,1.784255000001167E-4,0.23040000000000002,0.23057842550000013
102.992762099,1.0,0.0,720.0,0.9,720.0,0.0,0.002120488300000716,0.2736,0.27572048830000073,700.0,20.0,0.19207195479999997,0.23040000000000002,0.4224719548
103.010598392,1.0,0.0,720.0,0.9,720.0,0.0,0.002120488300000716,0.2736,0.27572048830000073,720.0,0.0,0.0020719547999999578,0.23040000000000002,0.2324719548
103.02184156,1.0,0.0,720.0,0.9,700.0,20.0,0.19333790510000085,0.2736,0.4669379051000009,720.0,0.0,0.0020719547999999578,0.23040000000000002,0.2324719548
103.039293145,1.0,0.0,720.0,0.9,720.0,0.0,0.003337905100000853,0.2736,0.2769379051000009,720.0,0.0,0.0020719547999999578,0.23040000000000002,0.2324719548
103.050230063,1.0,0.0,720.0,0.9,720.0,0.0,0.003337905100000853,0.2736,0.2769379051000009,720.0,0.0,0.0020719547999999578,0.23040000000000002,0.2324719548
103.064955439,1.0,0.0,720.0,0.9,720.0,0.0,0.003337905100000853,0.2736,0.2769379051000009,720.0,0.0,0.0020719547999999578,0.23040000000000002,0.2324719548
103.085111941,1.0,0.0,720.0,0.9,720.0,0.0,0.003337905100000853,0.2736,0.2769379051000009,720.0,0.0,0.0020719547999999578,0.23040000000000002,0.2324719548
103.102699151,1.0,0.0,720.0,0.9,720.0,0.0,0.003337905100000853,0.2736,0.2769379051000009,700.0,20.0,0.19384298420000107,0.23040000000000002,0.42424298420000106
103.117465361,1.0,0.0,720.0,0.9,720.0,0.0,0.003337905100000853,0.2736,0.2769379051000009,720.0,0.0,0.0038429842000010693,0.23040000000000002,0.2342429842000011
103.140060488,1.0,0.0,720.0,0.9,720.0,0.0,0.003337905100000853,0.2736,0.2769379051000009,720.0,0.0,0.0038429842000010693,0.23040000000000002,0.2342429842000011
103.151842073,1.0,0.0,720.0,0.9,720.0,0.0,0.003337905100000853,0.2736,0.2769379051000009,720.0,0.0,0.0038429842000010693,0.23040000000000002,0.2342429842000011
103.189277785,1.0,0.0,740.0,0.95,720.0,20.0,0.195,0.2812,0.4762,720.0,20.0,0.195,0.2368,0.4318
103.209956079,1.0,0.0,740.0,0.95,720.0,20.0,0.195,0.2812,0.4762,720.0,20.0,0.195,0.2368,0.4318
103.223403664,1.0,0.0,740.0,0.95,720.0,20.0,0.195,0.2812,0.4762,740.0,0.0,0.005,0.2368,0.24180000000000001
103.241086832,1.0,0.0,740.0,0.95,720.0,20.0,0.195,0.2812,0.4762,720.0,20.0,0.195,0.2368,0.4318
103.26696671,1.0,0.0,740.0,0.95,740.0,0.0,0.005,0.2812,0.2862,720.0,20.0,0.195,0.2368,0.4318
103.284252628,1.0,0.0,740.0,0.95,740.0,0.0,0.005,0.2812,0.2862,720.0,20.0,0.195,0.2368,0.4318
103.304457255,1.0,0.0,740.0,0.95,740.0,0.0,0.005,0.2812,0.2862,740.0,0.0,0.005,0.2368,0.24180000000000001
103.318389298,1.0,0.0,740.0,0.95,760.0,-20.0,-0.18676878359999932,0.2812,0.09443121640000068,740.0,0.0,0.005,0.2368,0.24180000000000001
103.338508758,1.0,0.0,740.0,0.95,740.0,0.0,0.003231216400000676,0.2812,0.2844312164000007,740.0,0.0,0.005,0.2368,0.24180000000000001
103.359698052,1.0,0.0,740.0,0.95,740.0,0.0,0.003231216400000676,0.2812,0.2844312164000007,720.0,20.0,0.195,0.2368,0.4318
103.386434263,1.0,0.0,740.0,0.95,760.0,-20.0,-0.18950922560000039,0.2812,0.09169077439999962,740.0,0.0,0.005,0.2368,0.24180000000000001
103.415053183,1.0,0.0,760.0,0.95,740.0,20.0,0.19335421209999992,0.2888,0.4821542120999999,740.0,20.0,0.195,0.24320000000000003,0.43820000000000003
103.435802352,1.0,0.0,760.0,0.95,740.0,20.0,0.195,0.2888,0.4838,740.0,20.0,0.195,0.24320000000000003,0.43820000000000003
103.453826187,1.0,0.0,760.0,0.95,760.0,0.0,0.005,0.2888,0.2938,740.0,20.0,0.195,0.24320000000000003,0.43820000000000003
103.474417855,1.0,0.0,760.0,0.95,760.0,0.0,0.005,0.2888,0.2938,740.0,20.0,0.195,0.24320000000000003,0.43820000000000003
103.503136233,1.0,0.0,760.0,0.95,740.0,20.0,0.195,0.2888,0.4838,760.0,0.0,0.005,0.24320000000000003,0.24820000000000003
103.517457068,1.0,0.0,760.0,0.95,760.0,0.0,0.005,0.2888,0.2938,740.0,20.0,0.195,0.24320000000000003,0.43820000000000003
103.538368695,1.0,0.0,760.0,0.95,760.0,0.0,0.005,0.2888,0.2938,780.0,-20.0,-0.1872099876999988,0.24320000000000003,0.055990012300001224
103.552455322,1.0,0.0,760.0,0.95,760.0,0.0,0.005,0.2888,0.2938,760.0,0.0,0.0027900123000011946,0.24320000000000003,0.24599001230000123
103.571171865,1.0,0.0,760.0,0.95,760.0,0.0,0.005,0.2888,0.2938,760.0,0.0,0.0027900123000011946,0.24320000000000003,0.24599001230000123
103.589205617,1.0,0.0,760.0,0.95,760.0,0.0,0.005,0.2888,0.2938,740.0,20.0,0.1942053833,0.24320000000000003,0.4374053833
103.610365161,1.0,0.0,760.0,0.95,760.0,0.0,0.005,0.2888,0.2938,780.0,-20.0,-0.18810164189999967,0.24320000000000003,0.055098358100000355
103.632102205,1.0,0.0,760.0,0.95,760.0,0.0,0.005,0.2888,0.2938,780.0,-20.0,-0.19027508380000085,0.24320000000000003,0.05292491619999917
103.656572749,1.0,0.0,760.0,0.95,760.0,0.0,0.005,0.2888,0.2938,760.0,0.0,-2.750838000008571E-4,0.24320000000000003,0.24292491619999917
103.668307083,1.0,0.0,760.0,0.95,760.0,0.0,0.005,0.2888,0.2938,760.0,0.0,-2.750838000008571E-4,0.24320000000000003,0.24292491619999917
103.680511876,1.0,0.0,760.0,0.95,760.0,0.0,0.005,0.2888,0.2938,760.0,0.0,-2.750838000008571E-4,0.24320000000000003,0.24292491619999917
103.697613753,1.0,0.0,760.0,0.95,760.0,0.0,0.005,0.2888,0.2938,760.0,0.0,-2.750838000008571E-4,0.24320000000000003,0.24292491619999917
103.713380088,1.0,0.0,760.0,0.95,740.0,20.0,0.195,0.2888,0.4838,760.0,0.0,-2.750838000008571E-4,0.24320000000000003,0.24292491619999917
103.739545215,0.0,0.0,760.0,0.95,740.0,20.0,0.195,0.2888,0.4838,780.0,-20.0,-0.1928146841000006,0.24320000000000003,0.05038531589999942
103.756523425,1.0,0.0,760.0,0.95,760.0,0.0,0.005,0.2888,0.2938,780.0,-20.0,-0.1943160092000005,0.24320000000000003,0.04888399079999953
103.776283844,1.0,0.0,760.0,0.95,760.0,0.0,0.005,0.2888,0.2938,760.0,0.0,-0.004316009200000508,0.24320000000000003,0.23888399079999953
103.791300012,1.0,0.0,760.0,0.95,760.0,0.0,0.005,0.2888,0.2938,780.0,-20.0,-0.195,0.24320000000000003,0.04820000000000002
103.807598931,1.0,0.0,760.0,0.95,760.0,0.0,0.005,0.2888,0.2938,760.0,0.0,-0.005,0.24320000000000003,0.23820000000000002
103.835768683,0.0,0.0,800.0,0.5,760.0,40.0,0.385,0.304,0.6890000000000001,760.0,40.0,0.38083397560000093,0.256,0.636833975600001
103.854623185,1.0,0.0,800.0,0.5,780.0,20.0,0.195,0.304,0.499,780.0,20.0,0.19252097580000282,0.256,0.44852097580000283
103.882766396,0.0,0.0,800.0,0.5,780.0,20.0,0.195,0.304,0.499,760.0,40.0,0.385,0.256,0.641
103.904568482,1.0,0.0,800.0,0.5,780.0,20.0,0.195,0.304,0.499,780.0,20.0,0.195,0.256,0.451
103.918115233,1.0,0.0,800.0,0.5,800.0,0.0,0.005,0.304,0.309,780.0,20.0,0.195,0.256,0.451
103.938059694,1.0,0.0,800.0,0.5,800.0,0.0,0.005,0.304,0.309,800.0,0.0,0.005,0.256,0.261
103.949567112,1.0,0.0,800.0,0.5,800.0,0.0,0.005,0.304,0.309,800.0,0.0,0.005,0.256,0.261
103.969626489,1.0,0.0,800.0,0.5,800.0,0.0,0.005,0.304,0.309,800.0,0.0,0.005,0.256,0.261
103.981516281,1.0,0.0,800.0,0.5,800.0,0.0,0.005,0.304,0.309,800.0,0.0,0.005,0.256,0.261
104.000208908,1.0,0.0,800.0,0.5,820.0,-20.0,-0.18660515849999854,0.304,0.11739484150000146,800.0,0.0,0.005,0.256,0.261
104.019086743,1.0,0.0,800.0,0.5,820.0,-20.0,-0.18864163369999914,0.304,0.11535836630000085,800.0,0.0,0.005,0.256,0.261
104.042497079,1.0,0.0,800.0,0.5,820.0,-20.0,-0.1907304630999994,0.304,0.1132695369000006,820.0,-20.0,-0.18708880019999924,0.256,0.06891119980000077
104.067924582,1.0,0.0,800.0,0.5,800.0,0.0,-7.304630999993833E-4,0.304,0.30326953690000064,820.0,-20.0,-0.18963327129999982,0.256,0.06636672870000018
104.089024917,1.0,0.0,800.0,0.5,800.0,0.0,-7.304630999993833E-4,0.304,0.30326953690000064,820.0,-20.0,-0.19190474240000185,0.256,0.06409525759999815
104.103946877,1.0,0.0,800.0,0.5,800.0,0.0,-7.304630999993833E-4,0.304,0.30326953690000064,800.0,0.0,-0.001904742400001851,0.256,0.2540952575999982
104.116366628,1.0,0.0,800.0,0.5,800.0,0.0,-7.304630999993833E-4,0.304,0.30326953690000064,800.0,0.0,-0.001904742400001851,0.256,0.2540952575999982
104.130129796,1.0,0.0,800.0,0.5,800.0,0.0,-7.304630999993833E-4,0.304,0.30326953690000064,800.0,0.0,-0.001904742400001851,0.256,0.2540952575999982
104.143307298,1.0,0.0,800.0,0.5,800.0,0.0,-7.304630999993833E-4,0.304,0.30326953690000064,800.0,0.0,-0.001904742400001851,0.256,0.2540952575999982
104.155799091,1.0,0.0,800.0,0.5,780.0,20.0,0.19039274530000058,0.304,0.49439274530000055,800.0,0.0,-0.001904742400001851,0.256,0.2540952575999982
104.168669175,1.0,0.0,800.0,0.5,800.0,0.0,3.9274530000056986E-4,0.304,0.30439274530000054,800.0,0.0,-0.001904742400001851,0.256,0.2540952575999982
104.181468093,1.0,0.0,800.0,0.5,780.0,20.0,0.19168867880000107,0.304,0.49568867880000106,800.0,0.0,-0.001904742400001851,0.256,0.2540952575999982
104.195752178,1.0,0.0,800.0,0.5,780.0,20.0,0.19312822890000064,0.304,0.49712822890000063,800.0,0.0,-0.001904742400001851,0.256,0.2540952575999982
104.215551097,1.0,0.0,800.0,0.5,800.0,0.0,0.003128228900000636,0.304,0.30712822890000063,800.0,0.0,-0.001904742400001851,0.256,0.2540952575999982
104.229355681,1.0,0.0,800.0,0.5,780.0,20.0,0.19450588739999944,0.304,0.49850588739999946,800.0,0.0,-0.001904742400001851,0.256,0.2540952575999982
104.266110643,1.0,0.0,800.0,0.5,820.0,-20.0,-0.18917795040000043,0.304,0.11482204959999956,800.0,0.0,-0.001904742400001851,0.256,0.2540952575999982
104.279515353,1.0,0.0,800.0,0.5,820.0,-20.0,-0.1905117714000005,0.304,0.11348822859999949,800.0,0.0,-0.001904742400001851,0.256,0.2540952575999982
104.301602105,1.0,0.0,800.0,0.5,800.0,0.0,-5.117714000004981E-4,0.304,0.3034882285999995,800.0,0.0,-0.001904742400001851,0.256,0.2540952575999982
104.313946898,1.0,0.0,800.0,0.5,800.0,0.0,-5.117714000004981E-4,0.304,0.3034882285999995,800.0,0.0,-0.001904742400001851,0.256,0.2540952575999982
104.335772317,1.0,0.0,800.0,0.5,820.0,-20.0,-0.1925736216000024,0.304,0.11142637839999758,800.0,0.0,-0.001904742400001851,0.256,0.2540952575999982
104.347927235,1.0,0.0,800.0,0.5,820.0,-20.0,-0.1937833967000023,0.304,0.11021660329999769,800.0,0.0,-0.001904742400001851,0.256,0.2540952575999982
104.365766153,1.0,0.0,800.0,0.5,820.0,-20.0,-0.195,0.304,0.10899999999999999,800.0,0.0,-0.001904742400001851,0.256,0.2540952575999982
104.386193614,1.0,0.0,800.0,0.5,800.0,0.0,-0.005,0.304,0.299,800.0,0.0,-0.001904742400001851,0.256,0.2540952575999982
104.40247824,1.0,0.0,800.0,0.5,820.0,-20.0,-0.195,0.304,0.10899999999999999,800.0,0.0,-0.001904742400001851,0.256,0.2540952575999982
104.424185534,1.0,0.0,800.0,0.5,820.0,-20.0,-0.195,0.304,0.10899999999999999,800.0,0.0,-0.001904742400001851,0.256,0.2540952575999982
104.43539516,1.0,0.0,800.0,0.5,820.0,-20.0,-0.195,0.304,0.10899999999999999,800.0,0.0,-0.001904742400001851,0.256,0.2540952575999982
104.453137245,1.0,0.0,800.0,0.5,800.0,0.0,-0.005,0.304,0.299,800.0,0.0,-0.001904742400001851,0.256,0.2540952575999982
104.469236955,1.0,0.0,800.0,0.5,800.0,0.0,-0.005,0.304,0.299,800.0,0.0,-0.001904742400001851,0.256,0.2540952575999982
104.487403999,1.0,0.0,800.0,0.5,800.0,0.0,-0.005,0.304,0.299,800.0,0.0,-0.001904742400001851,0.256,0.2540952575999982
104.503762709,1.0,0.0,800.0,0.5,800.0,0.0,-0.005,0.304,0.299,800.0,0.0,-0.001904742400001851,0.256,0.2540952575999982
104.520276294,1.0,0.0,800.0,0.5,800.0,0.0,-0.005,0.304,0.299,780.0,20.0,0.18931984939999721,0.256,0.44531984939999725
104.537445546,1.0,0.0,800.0,0.5,800.0,0.0,-0.005,0.304,0.299,800.0,0.0,-6.801506000027757E-4,0.256,0.25531984939999725
104.551864964,1.0,0.0,800.0,0.5,800.0,0.0,-0.005,0.304,0.299,780.0,20.0,0.19076540789999796,0.256,0.44676540789999797
104.570361299,1.0,0.0,800.0,0.5,800.0,0.0,-0.005,0.304,0.299,800.0,0.0,7.654078999979675E-4,0.256,0.25676540789999797
104.585281509,1.0,0.0,800.0,0.5,800.0,0.0,-0.005,0.304,0.299,780.0,20.0,0.19226687889999824,0.256,0.4482668788999983
104.614274637,1.0,0.0,800.0,0.5,800.0,0.0,-0.005,0.304,0.299,800.0,0.0,0.0022668788999982326,0.256,0.2582668788999982
104.628905221,1.0,0.0,800.0,0.5,800.0,0.0,-0.005,0.304,0.299,800.0,0.0,0.0022668788999982326,0.256,0.2582668788999982
104.651830515,1.0,0.0,800.0,0.5,820.0,-20.0,-0.195,0.304,0.10899999999999999,800.0,0.0,0.0022668788999982326,0.256,0.2582668788999982
104.664270683,1.0,0.0,800.0,0.5,820.0,-20.0,-0.195,0.304,0.10899999999999999,800.0,0.0,0.0022668788999982326,0.256,0.2582668788999982
104.675809309,1.0,0.0,800.0,0.5,820.0,-20.0,-0.195,0.304,0.10899999999999999,800.0,0.0,0.0022668788999982326,0.256,0.2582668788999982
104.69946727,1.0,0.0,800.0,0.5,800.0,0.0,-0.005,0.304,0.299,780.0,20.0,0.19431330000000002,0.256,0.4503133
104.712951605,1.0,0.0,800.0,0.5,800.0,0.0,-0.005,0.304,0.299,800.0,0.0,0.004313300000000027,0.256,0.2603133
104.741451816,1.0,0.0,800.0,0.5,800.0,0.0,-0.005,0.304,0.299,820.0,-20.0,-0.1881217085999998,0.256,0.0678782914000002
104.755387651,1.0,0.0,800.0,0.5,800.0,0.0,-0.005,0.304,0.299,780.0,20.0,0.19368117069999868,0.256,0.4496811706999987
104.794284613,1.0,0.0,800.0,0.5,780.0,20.0,0.1887644544999978,0.304,0.4927644544999978,800.0,0.0,0.0036811706999986885,0.256,0.2596811706999987
104.812459532,1.0,0.0,800.0,0.5,800.0,0.0,-0.0012355455000022176,0.304,0.3027644544999978,800.0,0.0,0.0036811706999986885,0.256,0.2596811706999987
104.832315325,1.0,0.0,800.0,0.5,800.0,0.0,-0.0012355455000022176,0.304,0.3027644544999978,800.0,0.0,0.0036811706999986885,0.256,0.2596811706999987
104.856081203,1.0,0.0,800.0,0.5,820.0,-20.0,-0.19349018740000304,0.304,0.11050981259999695,800.0,0.0,0.0036811706999986885,0.256,0.2596811706999987
104.870231996,1.0,0.0,800.0,0.5,800.0,0.0,-0.0034901874000030377,0.304,0.30050981259999693,800.0,0.0,0.0036811706999986885,0.256,0.2596811706999987
104.893786415,1.0,0.0,800.0,0.5,800.0,0.0,-0.0034901874000030377,0.304,0.30050981259999693,800.0,0.0,0.0036811706999986885,0.256,0.2596811706999987
104.906946708,1.0,0.0,800.0,0.5,800.0,0.0,-0.0034901874000030377,0.304,0.30050981259999693,800.0,0.0,0.0036811706999986885,0.256,0.2596811706999987
104.922939959,1.0,0.0,800.0,0.5,800.0,0.0,-0.0034901874000030377,0.304,0.30050981259999693,780.0,20.0,0.195,0.256,0.451
104.933832835,1.0,0.0,800.0,0.5,800.0,0.0,-0.0034901874000030377,0.304,0.30050981259999693,780.0,20.0,0.195,0.256,0.451
104.947321837,1.0,0.0,800.0,0.5,800.0,0.0,-0.0034901874000030377,0.304,0.30050981259999693,780.0,20.0,0.195,0.256,0.451
104.965812922,1.0,0.0,800.0,0.5,800.0,0.0,-0.0034901874000030377,0.304,0.30050981259999693,800.0,0.0,0.005,0.256,0.261
104.978923632,1.0,0.0,800.0,0.5,800.0,0.0,-0.0034901874000030377,0.304,0.30050981259999693,800.0,0.0,0.005,0.256,0.261
104.992175216,1.0,0.0,800.0,0.5,800.0,0.0,-0.0034901874000030377,0.304,0.30050981259999693,800.0,0.0,0.005,0.256,0.261
105.020917511,1.0,0.0,800.0,0.5,800.0,0.0,-0.0034901874000030377,0.304,0.30050981259999693,800.0,0.0,0.005,0.256,0.261
105.03406672,1.0,0.0,800.0,0.5,800.0,0.0,-0.0034901874000030377,0.304,0.30050981259999693,800.0,0.0,0.005,0.256,0.261
105.050917472,1.0,0.0,800.0,0.5,800.0,0.0,-0.0034901874000030377,0.304,0.30050981259999693,800.0,0.0,0.005,0.256,0.261
105.063710265,1.0,0.0,800.0,0.5,800.0,0.0,-0.0034901874000030377,0.304,0.30050981259999693,800.0,0.0,0.005,0.256,0.261
105.074983766,1.0,0.0,800.0,0.5,800.0,0.0,-0.0034901874000030377,0.304,0.30050981259999693,800.0,0.0,0.005,0.256,0.261
105.09764131,1.0,0.0,800.0,0.5,800.0,0.0,-0.0034901874000030377,0.304,0.30050981259999693,780.0,20.0,0.195,0.256,0.451
105.111724145,1.0,0.0,800.0,0.5,800.0,0.0,-0.0034901874000030377,0.304,0.30050981259999693,800.0,0.0,0.005,0.256,0.261
105.133973939,1.0,0.0,800.0,0.5,800.0,0.0,-0.0034901874000030377,0.304,0.30050981259999693,820.0,-20.0,-0.18704583770000113,0.256,0.06895416229999887
105.149859857,1.0,0.0,800.0,0.5,780.0,20.0,0.1881691335999966,0.304,0.4921691335999966,800.0,0.0,0.0029541622999988706,0.256,0.2589541622999989
105.167038442,1.0,0.0,800.0,0.5,780.0,20.0,0.18962802119999708,0.304,0.49362802119999705,780.0,20.0,0.19441293329999895,0.256,0.450412933299999
105.18314836,1.0,0.0,800.0,0.5,780.0,20.0,0.191460621399998,0.304,0.495460621399998,780.0,20.0,0.195,0.256,0.451
105.202042821,1.0,0.0,800.0,0.5,800.0,0.0,0.00146062139999799,0.304,0.30546062139999797,800.0,0.0,0.005,0.256,0.261
105.214221072,1.0,0.0,800.0,0.5,800.0,0.0,0.00146062139999799,0.304,0.30546062139999797,800.0,0.0,0.005,0.256,0.261
105.227910157,1.0,0.0,800.0,0.5,800.0,0.0,0.00146062139999799,0.304,0.30546062139999797,800.0,0.0,0.005,0.256,0.261
105.239932074,1.0,0.0,800.0,0.5,800.0,0.0,0.00146062139999799,0.304,0.30546062139999797,800.0,0.0,0.005,0.256,0.261
105.255770451,1.0,0.0,800.0,0.5,820.0,-20.0,-0.18986946630000262,0.304,0.11413053369999737,800.0,0.0,0.005,0.256,0.261
105.271517828,1.0,0.0,800.0,0.5,820.0,-20.0,-0.19154471230000183,0.304,0.11245528769999816,800.0,0.0,0.005,0.256,0.261
105.293824497,1.0,0.0,800.0,0.5,820.0,-20.0,-0.19380979580000257,0.304,0.11019020419999742,800.0,0.0,0.005,0.256,0.261
105.30806804,1.0,0.0,800.0,0.5,800.0,0.0,-0.003809795800002576,0.304,0.3001902041999974,800.0,0.0,0.005,0.256,0.261
105.32531925,1.0,0.0,800.0,0.5,800.0,0.0,-0.003809795800002576,0.304,0.3001902041999974,800.0,0.0,0.005,0.256,0.261
105.336950918,1.0,0.0,800.0,0.5,800.0,0.0,-0.003809795800002576,0.304,0.3001902041999974,800.0,0.0,0.005,0.256,0.261
105.355899336,1.0,0.0,800.0,0.5,800.0,0.0,-0.003809795800002576,0.304,0.3001902041999974,800.0,0.0,0.005,0.256,0.261
105.379831464,1.0,0.0,800.0,0.5,800.0,0.0,-0.003809795800002576,0.304,0.3001902041999974,780.0,20.0,0.195,0.256,0.451
105.402400633,1.0,0.0,800.0,0.5,800.0,0.0,-0.003809795800002576,0.304,0.3001902041999974,780.0,20.0,0.195,0.256,0.451
105.417949384,1.0,0.0,800.0,0.5,780.0,20.0,0.1875533376999988,0.304,0.49155333769999876,800.0,0.0,0.005,0.256,0.261
105.435129719,1.0,0.0,800.0,0.5,800.0,0.0,-0.002446662300001208,0.304,0.30155333769999876,800.0,0.0,0.005,0.256,0.261
105.456620596,1.0,0.0,800.0,0.5,800.0,0.0,-0.002446662300001208,0.304,0.30155333769999876,800.0,0.0,0.005,0.256,0.261
105.470007223,1.0,0.0,800.0,0.5,820.0,-20.0,-0.19364097900000105,0.304,0.11035902099999895,800.0,0.0,0.005,0.256,0.261
105.497456267,1.0,0.0,800.0,0.5,800.0,0.0,-0.003640979000001039,0.304,0.30035902099999895,780.0,20.0,0.195,0.256,0.451
105.515200977,1.0,0.0,800.0,0.5,800.0,0.0,-0.003640979000001039,0.304,0.30035902099999895,800.0,0.0,0.005,0.256,0.261
105.532514604,1.0,0.0,800.0,0.5,800.0,0.0,-0.003640979000001039,0.304,0.30035902099999895,780.0,20.0,0.195,0.256,0.451
105.546267855,1.0,0.0,800.0,0.5,800.0,0.0,-0.003640979000001039,0.304,0.30035902099999895,800.0,0.0,0.005,0.256,0.261
105.559065315,1.0,0.0,800.0,0.5,800.0,0.0,-0.003640979000001039,0.304,0.30035902099999895,820.0,-20.0,-0.18627983350000135,0.256,0.06972016649999865
105.578579858,1.0,0.0,800.0,0.5,780.0,20.0,0.18819354619999787,0.304,0.4921935461999979,780.0,20.0,0.195,0.256,0.451
105.601344153,0.0,0.0,800.0,0.5,780.0,20.0,0.19026052979999747,0.304,0.49426052979999746,820.0,-20.0,-0.18706698350000067,0.256,0.06893301649999933
105.62257428,1.0,0.0,800.0,0.5,800.0,0.0,2.6052979999747095E-4,0.304,0.30426052979999746,800.0,0.0,0.002933016499999326,0.256,0.25893301649999934
105.645163282,1.0,0.0,800.0,0.5,800.0,0.0,2.6052979999747095E-4,0.304,0.30426052979999746,780.0,20.0,0.195,0.256,0.451
105.66196095,1.0,0.0,800.0,0.5,800.0,0.0,2.6052979999747095E-4,0.304,0.30426052979999746,820.0,-20.0,-0.187071358500001,0.256,0.068928641499999
105.677417243,1.0,0.0,800.0,0.5,820.0,-20.0,-0.1910562579000026,0.304,0.11294374209999739,820.0,-20.0,-0.18838808779999908,0.256,0.06761191220000093
105.698806329,1.0,0.0,800.0,0.5,820.0,-20.0,-0.19332008730000438,0.304,0.11067991269999561,820.0,-20.0,-0.19065191720000088,0.256,0.06534808279999912
105.715516497,1.0,0.0,800.0,0.5,820.0,-20.0,-0.19498220830000265,0.304,0.10901779169999734,800.0,0.0,-6.519172000008666E-4,0.256,0.25534808279999915
105.740386625,1.0,0.0,800.0,0.5,800.0,0.0,-0.00498220830000264,0.304,0.29901779169999737,800.0,0.0,-6.519172000008666E-4,0.256,0.25534808279999915
105.751739459,1.0,0.0,800.0,0.5,800.0,0.0,-0.00498220830000264,0.304,0.29901779169999737,800.0,0.0,-6.519172000008666E-4,0.256,0.25534808279999915
105.771168545,1.0,0.0,800.0,0.5,800.0,0.0,-0.00498220830000264,0.304,0.29901779169999737,800.0,0.0,-6.519172000008666E-4,0.256,0.25534808279999915
105.790162463,1.0,0.0,800.0,0.5,800.0,0.0,-0.00498220830000264,0.304,0.29901779169999737,800.0,0.0,-6.519172000008666E-4,0.256,0.25534808279999915
105.819411091,1.0,0.0,800.0,0.5,800.0,0.0,-0.00498220830000264,0.304,0.29901779169999737,800.0,0.0,-6.519172000008666E-4,0.256,0.25534808279999915
105.831520217,1.0,0.0,800.0,0.5,800.0,0.0,-0.00498220830000264,0.304,0.29901779169999737,800.0,0.0,-6.519172000008666E-4,0.256,0.25534808279999915
105.855746053,1.0,0.0,800.0,0.5,800.0,0.0,-0.00498220830000264,0.304,0.29901779169999737,800.0,0.0,-6.519172000008666E-4,0.256,0.25534808279999915
105.868711513,1.0,0.0,800.0,0.5,800.0,0.0,-0.00498220830000264,0.304,0.29901779169999737,800.0,0.0,-6.519172000008666E-4,0.256,0.25534808279999915
105.890434556,1.0,0.0,800.0,0.5,800.0,0.0,-0.00498220830000264,0.304,0.29901779169999737,800.0,0.0,-6.519172000008666E-4,0.256,0.25534808279999915
105.906690892,1.0,0.0,800.0,0.5,800.0,0.0,-0.00498220830000264,0.304,0.29901779169999737,800.0,0.0,-6.519172000008666E-4,0.256,0.25534808279999915
105.92289006,1.0,0.0,800.0,0.5,780.0,20.0,0.18643625429999758,0.304,0.4904362542999976,780.0,20.0,0.19076654539999935,0.256,0.4467665453999994
105.951197771,1.0,0.0,800.0,0.5,780.0,20.0,0.18927539629999957,0.304,0.49327539629999956,800.0,0.0,7.665453999993588E-4,0.256,0.2567665453999994
105.97687319,1.0,0.0,800.0,0.5,800.0,0.0,-7.246037000004436E-4,0.304,0.30327539629999956,800.0,0.0,7.665453999993588E-4,0.256,0.2567665453999994
105.996494484,0.0,0.0,800.0,0.5,820.0,-20.0,-0.192485570500001,0.304,0.11151442949999898,780.0,20.0,0.19252754140000092,0.256,0.44852754140000095
106.02086032,1.0,0.0,800.0,0.5,820.0,-20.0,-0.19495070829999975,0.304,0.10904929170000024,800.0,0.0,0.0025275414000009277,0.256,0.25852754140000095
106.038561571,1.0,0.0,800.0,0.5,820.0,-20.0,-0.195,0.304,0.10899999999999999,820.0,-20.0,-0.18924964210000098,0.256,0.06675035789999903
106.053318739,1.0,0.0,800.0,0.5,800.0,0.0,-0.005,0.304,0.299,780.0,20.0,0.19222709549999706,0.256,0.44822709549999706
106.067370074,1.0,0.0,800.0,0.5,800.0,0.0,-0.005,0.304,0.299,800.0,0.0,0.0022270954999970625,0.256,0.25822709549999706
106.087399118,1.0,0.0,800.0,0.5,800.0,0.0,-0.005,0.304,0.299,800.0,0.0,0.0022270954999970625,0.256,0.25822709549999706
106.102450578,1.0,0.0,800.0,0.5,800.0,0.0,-0.005,0.304,0.299,820.0,-20.0,-0.18885014630000455,0.256,0.06714985369999546
106.118854788,1.0,0.0,800.0,0.5,800.0,0.0,-0.005,0.304,0.299,800.0,0.0,0.0011498536999954467,0.256,0.25714985369999543
106.13941029,1.0,0.0,800.0,0.5,800.0,0.0,-0.005,0.304,0.299,800.0,0.0,0.0011498536999954467,0.256,0.25714985369999543
106.1547435,1.0,0.0,800.0,0.5,800.0,0.0,-0.005,0.304,0.299,800.0,0.0,0.0011498536999954467,0.256,0.25714985369999543
106.17612996,1.0,0.0,800.0,0.5,800.0,0.0,-0.005,0.304,0.299,800.0,0.0,0.0011498536999954467,0.256,0.25714985369999543
106.188711003,1.0,0.0,800.0,0.5,800.0,0.0,-0.005,0.304,0.299,800.0,0.0,0.0011498536999954467,0.256,0.25714985369999543
106.211534214,1.0,0.0,800.0,0.5,800.0,0.0,-0.005,0.304,0.299,800.0,0.0,0.0011498536999954467,0.256,0.25714985369999543
106.226121924,1.0,0.0,800.0,0.5,800.0,0.0,-0.005,0.304,0.299,800.0,0.0,0.0011498536999954467,0.256,0.25714985369999543
106.237099091,1.0,0.0,800.0,0.5,800.0,0.0,-0.005,0.304,0.299,800.0,0.0,0.0011498536999954467,0.256,0.25714985369999543
106.25851851,1.0,0.0,800.0,0.5,800.0,0.0,-0.005,0.304,0.299,800.0,0.0,0.0011498536999954467,0.256,0.25714985369999543
106.271920595,1.0,0.0,800.0,0.5,800.0,0.0,-0.005,0.304,0.299,800.0,0.0,0.0011498536999954467,0.256,0.25714985369999543
106.293853347,1.0,0.0,800.0,0.5,800.0,0.0,-0.005,0.304,0.299,800.0,0.0,0.0011498536999954467,0.256,0.25714985369999543
106.307623515,1.0,0.0,800.0,0.5,800.0,0.0,-0.005,0.304,0.299,800.0,0.0,0.0011498536999954467,0.256,0.25714985369999543
106.332737768,1.0,0.0,800.0,0.5,800.0,0.0,-0.005,0.304,0.299,800.0,0.0,0.0011498536999954467,0.256,0.25714985369999543
106.347093894,1.0,0.0,800.0,0.5,800.0,0.0,-0.005,0.304,0.299,800.0,0.0,0.0011498536999954467,0.256,0.25714985369999543
106.360374354,1.0,0.0,800.0,0.5,780.0,20.0,0.18609932100000096,0.304,0.490099321000001,800.0,0.0,0.0011498536999954467,0.256,0.25714985369999543
106.375303022,1.0,0.0,800.0,0.5,780.0,20.0,0.1877000170000008,0.304,0.49170001700000077,800.0,0.0,0.0011498536999954467,0.256,0.25714985369999543
106.397211566,1.0,0.0,800.0,0.5,780.0,20.0,0.18989422550000143,0.304,0.4938942255000014,800.0,0.0,0.0011498536999954467,0.256,0.25714985369999543
106.413483067,1.0,0.0,800.0,0.5,800.0,0.0,-1.0577449999857436E-4,0.304,0.3038942255000014,800.0,0.0,0.0011498536999954467,0.256,0.25714985369999543
106.428808986,1.0,0.0,800.0,0.5,800.0,0.0,-1.0577449999857436E-4,0.304,0.3038942255000014,800.0,0.0,0.0011498536999954467,0.256,0.25714985369999543
106.453629238,1.0,0.0,800.0,0.5,800.0,0.0,-1.0577449999857436E-4,0.304,0.3038942255000014,780.0,20.0,0.1934217038999958,0.256,0.4494217038999958
106.469497656,1.0,0.0,800.0,0.5,800.0,0.0,-1.0577449999857436E-4,0.304,0.3038942255000014,800.0,0.0,0.003421703899995805,0.256,0.2594217038999958
106.497831034,1.0,0.0,800.0,0.5,800.0,0.0,-1.0577449999857436E-4,0.304,0.3038942255000014,780.0,20.0,0.195,0.256,0.451
106.511651369,1.0,0.0,800.0,0.5,800.0,0.0,-1.0577449999857436E-4,0.304,0.3038942255000014,800.0,0.0,0.005,0.256,0.261
106.531243204,1.0,0.0,800.0,0.5,800.0,0.0,-1.0577449999857436E-4,0.304,0.3038942255000014,800.0,0.0,0.005,0.256,0.261
106.544885914,1.0,0.0,800.0,0.5,800.0,0.0,-1.0577449999857436E-4,0.304,0.3038942255000014,800.0,0.0,0.005,0.256,0.261
106.556859415,1.0,0.0,800.0,0.5,800.0,0.0,-1.0577449999857436E-4,0.304,0.3038942255000014,800.0,0.0,0.005,0.256,0.261
106.579133709,1.0,0.0,800.0,0.5,780.0,20.0,0.1920067090000009,0.304,0.4960067090000009,800.0,0.0,0.005,0.256,0.261
106.597845003,1.0,0.0,800.0,0.5,780.0,20.0,0.19386856340000008,0.304,0.4978685634000001,800.0,0.0,0.005,0.256,0.261
106.621791713,1.0,0.0,800.0,0.5,800.0,0.0,0.0038685634000000845,0.304,0.3078685634000001,780.0,20.0,0.195,0.256,0.451
106.633045673,1.0,0.0,800.0,0.5,800.0,0.0,0.0038685634000000845,0.304,0.3078685634000001,780.0,20.0,0.195,0.256,0.451
106.645564882,1.0,0.0,800.0,0.5,800.0,0.0,0.0038685634000000845,0.304,0.3078685634000001,780.0,20.0,0.195,0.256,0.451
106.660653384,1.0,0.0,800.0,0.5,800.0,0.0,0.0038685634000000845,0.304,0.3078685634000001,800.0,0.0,0.005,0.256,0.261
106.67483451,1.0,0.0,800.0,0.5,800.0,0.0,0.0038685634000000845,0.304,0.3078685634000001,800.0,0.0,0.005,0.256,0.261
106.686458595,1.0,0.0,800.0,0.5,800.0,0.0,0.0038685634000000845,0.304,0.3078685634000001,800.0,0.0,0.005,0.256,0.261
106.699194221,1.0,0.0,800.0,0.5,800.0,0.0,0.0038685634000000845,0.304,0.3078685634000001,800.0,0.0,0.005,0.256,0.261
106.713470723,1.0,0.0,800.0,0.5,800.0,0.0,0.0038685634000000845,0.304,0.3078685634000001,780.0,20.0,0.195,0.256,0.451
106.732441308,1.0,0.0,800.0,0.5,800.0,0.0,0.0038685634000000845,0.304,0.3078685634000001,800.0,0.0,0.005,0.256,0.261
106.744709101,1.0,0.0,800.0,0.5,800.0,0.0,0.0038685634000000845,0.304,0.3078685634000001,800.0,0.0,0.005,0.256,0.261
106.769359311,1.0,0.0,800.0,0.5,800.0,0.0,0.0038685634000000845,0.304,0.3078685634000001,820.0,-20.0,-0.18726018360000068,0.256,0.06873981639999932
106.787489897,1.0,0.0,800.0,0.5,800.0,0.0,0.0038685634000000845,0.304,0.3078685634000001,780.0,20.0,0.1945503374000009,0.256,0.45055033740000094
106.811138524,1.0,0.0,800.0,0.5,800.0,0.0,0.0038685634000000845,0.304,0.3078685634000001,800.0,0.0,0.004550337400000899,0.256,0.2605503374000009
106.825362817,1.0,0.0,800.0,0.5,800.0,0.0,0.0038685634000000845,0.304,0.3078685634000001,780.0,20.0,0.195,0.256,0.451
106.848278778,1.0,0.0,800.0,0.5,800.0,0.0,0.0038685634000000845,0.304,0.3078685634000001,800.0,0.0,0.005,0.256,0.261
106.869969738,1.0,0.0,800.0,0.5,800.0,0.0,0.0038685634000000845,0.304,0.3078685634000001,800.0,0.0,0.005,0.256,0.261
106.891448074,1.0,0.0,800.0,0.5,800.0,0.0,0.0038685634000000845,0.304,0.3078685634000001,800.0,0.0,0.005,0.256,0.261
106.902943825,1.0,0.0,800.0,0.5,800.0,0.0,0.0038685634000000845,0.304,0.3078685634000001,800.0,0.0,0.005,0.256,0.261
106.917910118,1.0,0.0,800.0,0.5,800.0,0.0,0.0038685634000000845,0.304,0.3078685634000001,800.0,0.0,0.005,0.256,0.261
106.937995453,1.0,0.0,800.0,0.5,780.0,20.0,0.195,0.304,0.499,800.0,0.0,0.005,0.256,0.261
106.951167121,1.0,0.0,800.0,0.5,780.0,20.0,0.195,0.304,0.499,800.0,0.0,0.005,0.256,0.261
106.980415749,1.0,0.0,800.0,0.5,800.0,0.0,0.005,0.304,0.309,800.0,0.0,0.005,0.256,0.261
106.995343543,1.0,0.0,800.0,0.5,800.0,0.0,0.005,0.304,0.309,800.0,0.0,0.005,0.256,0.261
107.021860129,1.0,0.0,800.0,0.5,800.0,0.0,0.005,0.304,0.309,800.0,0.0,0.005,0.256,0.261
107.03484513,1.0,0.0,800.0,0.5,800.0,0.0,0.005,0.304,0.309,800.0,0.0,0.005,0.256,0.261
107.056822215,1.0,0.0,800.0,0.5,800.0,0.0,0.005,0.304,0.309,780.0,20.0,0.195,0.256,0.451
107.072367467,1.0,0.0,800.0,0.5,800.0,0.0,0.005,0.304,0.309,800.0,0.0,0.005,0.256,0.261
107.09079526,1.0,0.0,800.0,0.5,800.0,0.0,0.005,0.304,0.309,800.0,0.0,0.005,0.256,0.261
107.101429428,1.0,0.0,800.0,0.5,800.0,0.0,0.005,0.304,0.309,800.0,0.0,0.005,0.256,0.261
107.12219843,1.0,0.0,800.0,0.5,800.0,0.0,0.005,0.304,0.309,780.0,20.0,0.195,0.256,0.451
107.147453558,1.0,0.0,800.0,0.5,800.0,0.0,0.005,0.304,0.309,800.0,0.0,0.005,0.256,0.261
107.163167101,1.0,0.0,800.0,0.5,800.0,0.0,0.005,0.304,0.309,800.0,0.0,0.005,0.256,0.261
107.184463145,1.0,0.0,800.0,0.5,800.0,0.0,0.005,0.304,0.309,780.0,20.0,0.195,0.256,0.451
107.205515647,1.0,0.0,800.0,0.5,800.0,0.0,0.005,0.304,0.309,820.0,-20.0,-0.18710793359999855,0.256,0.06889206640000145
107.221004899,1.0,0.0,800.0,0.5,800.0,0.0,0.005,0.304,0.309,820.0,-20.0,-0.18865353370000038,0.256,0.06734646629999963
107.237050942,1.0,0.0,800.0,0.5,800.0,0.0,0.005,0.304,0.309,820.0,-20.0,-0.19023419219999824,0.256,0.06576580780000177
107.264221736,1.0,0.0,800.0,0.5,800.0,0.0,0.005,0.304,0.309,800.0,0.0,-2.3419219999823326E-4,0.256,0.2557658078000018
107.275499904,1.0,0.0,800.0,0.5,800.0,0.0,0.005,0.304,0.309,800.0,0.0,-2.3419219999823326E-4,0.256,0.2557658078000018
107.295783864,1.0,0.0,800.0,0.5,800.0,0.0,0.005,0.304,0.309,800.0,0.0,-2.3419219999823326E-4,0.256,0.2557658078000018
107.308085782,1.0,0.0,800.0,0.5,800.0,0.0,0.005,0.304,0.309,800.0,0.0,-2.3419219999823326E-4,0.256,0.2557658078000018
107.33200741,1.0,0.0,800.0,0.5,800.0,0.0,0.005,0.304,0.309,820.0,-20.0,-0.19242145909999864,0.256,0.06357854090000137
107.352678703,1.0,0.0,800.0,0.5,800.0,0.0,0.005,0.304,0.309,820.0,-20.0,-0.19449395519999996,0.256,0.06150604480000005
107.371800372,1.0,0.0,800.0,0.5,800.0,0.0,0.005,0.304,0.309,800.0,0.0,-0.004493955199999959,0.256,0.25150604480000005
107.390716124,1.0,0.0,800.0,0.5,800.0,0.0,0.005,0.304,0.309,800.0,0.0,-0.004493955199999959,0.256,0.25150604480000005
107.411479584,1.0,0.0,800.0,0.5,780.0,20.0,0.195,0.304,0.499,800.0,0.0,-0.004493955199999959,0.256,0.25150604480000005
107.427064794,1.0,0.0,800.0,0.5,780.0,20.0,0.195,0.304,0.499,800.0,0.0,-0.004493955199999959,0.256,0.25150604480000005
107.444671838,1.0,0.0,800.0,0.5,780.0,20.0,0.195,0.304,0.499,800.0,0.0,-0.004493955199999959,0.256,0.25150604480000005
107.456810131,1.0,0.0,800.0,0.5,780.0,20.0,0.195,0.304,0.499,800.0,0.0,-0.004493955199999959,0.256,0.25150604480000005
107.471191924,1.0,0.0,800.0,0.5,800.0,0.0,0.005,0.304,0.309,800.0,0.0,-0.004493955199999959,0.256,0.25150604480000005
107.486700717,1.0,0.0,800.0,0.5,800.0,0.0,0.005,0.304,0.309,800.0,0.0,-0.004493955199999959,0.256,0.25150604480000005
107.49916451,1.0,0.0,800.0,0.5,820.0,-20.0,-0.18613493350000057,0.304,0.11786506649999942,800.0,0.0,-0.004493955199999959,0.256,0.25150604480000005
107.512519053,1.0,0.0,800.0,0.5,820.0,-20.0,-0.1874645544000009,0.304,0.1165354455999991,800.0,0.0,-0.004493955199999959,0.256,0.25150604480000005
107.534689513,1.0,0.0,800.0,0.5,820.0,-20.0,-0.18967331719999891,0.304,0.11432668280000108,800.0,0.0,-0.004493955199999959,0.256,0.25150604480000005
107.545899431,1.0,0.0,800.0,0.5,800.0,0.0,3.266828000010946E-4,0.304,0.3043266828000011,800.0,0.0,-0.004493955199999959,0.256,0.25150604480000005
107.566978767,1.0,0.0,800.0,0.5,800.0,0.0,3.266828000010946E-4,0.304,0.3043266828000011,780.0,20.0,0.18754712830000073,0.256,0.44354712830000076
107.589719727,1.0,0.0,800.0,0.5,800.0,0.0,3.266828000010946E-4,0.304,0.3043266828000011,800.0,0.0,-0.002452871699999264,0.256,0.25354712830000076
107.607956479,1.0,0.0,800.0,0.5,800.0,0.0,3.266828000010946E-4,0.304,0.3043266828000011,780.0,20.0,0.18936794519999978,0.256,0.4453679451999998
107.627785731,1.0,0.0,800.0,0.5,800.0,0.0,3.266828000010946E-4,0.304,0.3043266828000011,820.0,-20.0,-0.19241988409999977,0.256,0.06358011590000023
107.650945817,1.0,0.0,800.0,0.5,800.0,0.0,3.266828000010946E-4,0.304,0.3043266828000011,800.0,0.0,-0.002419884099999763,0.256,0.25358011590000024
107.661859401,1.0,0.0,800.0,0.5,800.0,0.0,3.266828000010946E-4,0.304,0.3043266828000011,800.0,0.0,-0.002419884099999763,0.256,0.25358011590000024
107.677529486,1.0,0.0,800.0,0.5,800.0,0.0,3.266828000010946E-4,0.304,0.3043266828000011,780.0,20.0,0.18873030350000136,0.256,0.44473030350000137
107.698009738,1.0,0.0,800.0,0.5,800.0,0.0,3.266828000010946E-4,0.304,0.3043266828000011,820.0,-20.0,-0.1935191175999995,0.256,0.06248088240000049
107.714450406,1.0,0.0,800.0,0.5,800.0,0.0,3.266828000010946E-4,0.304,0.3043266828000011,800.0,0.0,-0.003519117599999504,0.256,0.2524808824000005
107.732336867,1.0,0.0,800.0,0.5,800.0,0.0,3.266828000010946E-4,0.304,0.3043266828000011,800.0,0.0,-0.003519117599999504,0.256,0.2524808824000005
107.74695316,1.0,0.0,800.0,0.5,800.0,0.0,3.266828000010946E-4,0.304,0.3043266828000011,780.0,20.0,0.18770661170000097,0.256,0.443706611700001
107.768084995,1.0,0.0,800.0,0.5,800.0,0.0,3.266828000010946E-4,0.304,0.3043266828000011,800.0,0.0,-0.0022933882999990373,0.256,0.253706611700001
107.789574997,1.0,0.0,800.0,0.5,800.0,0.0,3.266828000010946E-4,0.304,0.3043266828000011,800.0,0.0,-0.0022933882999990373,0.256,0.253706611700001
107.805633874,1.0,0.0,800.0,0.5,800.0,0.0,3.266828000010946E-4,0.304,0.3043266828000011,800.0,0.0,-0.0022933882999990373,0.256,0.253706611700001
107.816860125,1.0,0.0,800.0,0.5,800.0,0.0,3.266828000010946E-4,0.304,0.3043266828000011,800.0,0.0,-0.0022933882999990373,0.256,0.253706611700001
107.827256001,1.0,0.0,800.0,0.5,800.0,0.0,3.266828000010946E-4,0.304,0.3043266828000011,800.0,0.0,-0.0022933882999990373,0.256,0.253706611700001
107.850229128,1.0,0.0,800.0,0.5,800.0,0.0,3.266828000010946E-4,0.304,0.3043266828000011,800.0,0.0,-0.0022933882999990373,0.256,0.253706611700001
107.860951963,1.0,0.0,800.0,0.5,800.0,0.0,3.266828000010946E-4,0.304,0.3043266828000011,800.0,0.0,-0.0022933882999990373,0.256,0.253706611700001
107.874097673,1.0,0.0,800.0,0.5,800.0,0.0,3.266828000010946E-4,0.304,0.3043266828000011,800.0,0.0,-0.0022933882999990373,0.256,0.253706611700001
107.900489717,1.0,0.0,800.0,0.5,800.0,0.0,3.266828000010946E-4,0.304,0.3043266828000011,800.0,0.0,-0.0022933882999990373,0.256,0.253706611700001
107.914487968,1.0,0.0,800.0,0.5,780.0,20.0,0.19159814540000014,0.304,0.49559814540000013,800.0,0.0,-0.0022933882999990373,0.256,0.253706611700001
107.943457763,1.0,0.0,800.0,0.5,800.0,0.0,0.001598145400000135,0.304,0.30559814540000013,800.0,0.0,-0.0022933882999990373,0.256,0.253706611700001
107.970886391,1.0,0.0,800.0,0.5,800.0,0.0,0.001598145400000135,0.304,0.30559814540000013,800.0,0.0,-0.0022933882999990373,0.256,0.253706611700001
107.992250976,1.0,0.0,800.0,0.5,800.0,0.0,0.001598145400000135,0.304,0.30559814540000013,800.0,0.0,-0.0022933882999990373,0.256,0.253706611700001
108.005121936,1.0,0.0,800.0,0.5,800.0,0.0,0.001598145400000135,0.304,0.30559814540000013,800.0,0.0,-0.0022933882999990373,0.256,0.253706611700001
108.018375562,1.0,0.0,800.0,0.5,800.0,0.0,0.001598145400000135,0.304,0.30559814540000013,800.0,0.0,-0.0022933882999990373,0.256,0.253706611700001
108.029600646,1.0,0.0,800.0,0.5,800.0,0.0,0.001598145400000135,0.304,0.30559814540000013,800.0,0.0,-0.0022933882999990373,0.256,0.253706611700001
108.044956606,1.0,0.0,800.0,0.5,800.0,0.0,0.001598145400000135,0.304,0.30559814540000013,800.0,0.0,-0.0022933882999990373,0.256,0.253706611700001
108.056478607,1.0,0.0,800.0,0.5,800.0,0.0,0.001598145400000135,0.304,0.30559814540000013,800.0,0.0,-0.0022933882999990373,0.256,0.253706611700001
108.072331567,1.0,0.0,800.0,0.5,800.0,0.0,0.001598145400000135,0.304,0.30559814540000013,780.0,20.0,0.18909409929999982,0.256,0.4450940992999998
108.095469486,1.0,0.0,800.0,0.5,800.0,0.0,0.001598145400000135,0.304,0.30559814540000013,800.0,0.0,-9.059007000001884E-4,0.256,0.2550940992999998
108.107260696,1.0,0.0,800.0,0.5,800.0,0.0,0.001598145400000135,0.304,0.30559814540000013,800.0,0.0,-9.059007000001884E-4,0.256,0.2550940992999998
108.120481656,1.0,0.0,800.0,0.5,800.0,0.0,0.001598145400000135,0.304,0.30559814540000013,800.0,0.0,-9.059007000001884E-4,0.256,0.2550940992999998
108.153831117,1.0,0.0,800.0,0.5,800.0,0.0,0.001598145400000135,0.304,0.30559814540000013,780.0,20.0,0.1920170079000013,0.256,0.4480170079000013
108.176837203,1.0,0.0,800.0,0.5,820.0,-20.0,-0.19067099229999998,0.304,0.11332900770000001,800.0,0.0,0.0020170079000013173,0.256,0.2580170079000013
108.192759288,1.0,0.0,800.0,0.5,820.0,-20.0,-0.19235280079999825,0.304,0.11164719920000174,800.0,0.0,0.0020170079000013173,0.256,0.2580170079000013
108.207991289,1.0,0.0,800.0,0.5,820.0,-20.0,-0.19410808019999934,0.304,0.10989191980000065,800.0,0.0,0.0020170079000013173,0.256,0.2580170079000013
108.222168624,1.0,0.0,800.0,0.5,800.0,0.0,-0.004108080199999336,0.304,0.2998919198000007,800.0,0.0,0.0020170079000013173,0.256,0.2580170079000013
108.235865876,1.0,0.0,800.0,0.5,780.0,20.0,0.18725169910000092,0.304,0.4912516991000009,800.0,0.0,0.0020170079000013173,0.256,0.2580170079000013
108.258818294,1.0,0.0,800.0,0.5,800.0,0.0,-0.0027483008999990943,0.304,0.3012516991000009,800.0,0.0,0.0020170079000013173,0.256,0.2580170079000013
108.272542671,1.0,0.0,800.0,0.5,800.0,0.0,-0.0027483008999990943,0.304,0.3012516991000009,800.0,0.0,0.0020170079000013173,0.256,0.2580170079000013
108.297354173,1.0,0.0,800.0,0.5,800.0,0.0,-0.0027483008999990943,0.304,0.3012516991000009,800.0,0.0,0.0020170079000013173,0.256,0.2580170079000013
108.308969508,1.0,0.0,800.0,0.5,800.0,0.0,-0.0027483008999990943,0.304,0.3012516991000009,800.0,0.0,0.0020170079000013173,0.256,0.2580170079000013
108.331100885,1.0,0.0,800.0,0.5,800.0,0.0,-0.0027483008999990943,0.304,0.3012516991000009,780.0,20.0,0.1940199706000027,0.256,0.4500199706000027
108.353679387,1.0,0.0,800.0,0.5,800.0,0.0,-0.0027483008999990943,0.304,0.3012516991000009,800.0,0.0,0.004019970600002694,0.256,0.2600199706000027
108.38075014,1.0,0.0,800.0,0.5,820.0,-20.0,-0.195,0.304,0.10899999999999999,820.0,-20.0,-0.18855244219999803,0.256,0.06744755780000197
108.406114643,0.0,0.0,800.0,0.5,820.0,-20.0,-0.195,0.304,0.10899999999999999,780.0,20.0,0.19413325390000125,0.256,0.45013325390000125
108.438059437,1.0,0.0,800.0,0.5,800.0,0.0,-0.005,0.304,0.299,800.0,0.0,0.0041332539000012505,0.256,0.26013325390000125
108.467346565,1.0,0.0,800.0,0.5,800.0,0.0,-0.005,0.304,0.299,800.0,0.0,0.0041332539000012505,0.256,0.26013325390000125
108.485739651,1.0,0.0,800.0,0.5,800.0,0.0,-0.005,0.304,0.299,780.0,20.0,0.195,0.256,0.451
108.499612194,1.0,0.0,800.0,0.5,800.0,0.0,-0.005,0.304,0.299,780.0,20.0,0.195,0.256,0.451
108.518590362,1.0,0.0,800.0,0.5,800.0,0.0,-0.005,0.304,0.299,800.0,0.0,0.005,0.256,0.261
108.539981489,1.0,0.0,800.0,0.5,780.0,20.0,0.1871935960999997,0.304,0.4911935960999997,800.0,0.0,0.005,0.256,0.261
108.557527866,1.0,0.0,800.0,0.5,800.0,0.0,-0.002806403900000305,0.304,0.3011935960999997,800.0,0.0,0.005,0.256,0.261
108.583907077,1.0,0.0,800.0,0.5,780.0,20.0,0.18946384219999915,0.304,0.49346384219999917,780.0,20.0,0.195,0.256,0.451
108.612916247,0.0,0.0,720.0,0.9,780.0,-60.0,-0.575,0.2736,-0.30139999999999995,800.0,-80.0,-0.765,0.23040000000000002,-0.5346
108.640183291,0.0,0.0,720.0,0.9,800.0,-80.0,-0.765,0.2736,-0.4914,800.0,-80.0,-0.765,0.23040000000000002,-0.5346
108.668828752,0.0,0.0,720.0,0.9,780.0,-60.0,-0.575,0.2736,-0.30139999999999995,760.0,-40.0,-0.385,0.23040000000000002,-0.1546
108.689993546,0.0,0.0,720.0,0.9,760.0,-40.0,-0.385,0.2736,-0.1114,740.0,-20.0,-0.195,0.23040000000000002,0.035400000000000015
108.71242359,1.0,0.0,720.0,0.9,720.0,0.0,-0.005,0.2736,0.2686,720.0,0.0,-0.005,0.23040000000000002,0.22540000000000002
108.734762926,0.0,0.0,720.0,0.9,680.0,40.0,0.3798574169999995,0.2736,0.6534574169999995,700.0,20.0,0.1874286793999977,0.23040000000000002,0.4178286793999977
108.751052802,0.0,0.0,720.0,0.9,680.0,40.0,0.3831319590000021,0.2736,0.656731959000002,700.0,20.0,0.18906592119999802,0.23040000000000002,0.41946592119999804
108.770792513,0.0,0.0,720.0,0.9,680.0,40.0,0.385,0.2736,0.6586000000000001,680.0,40.0,0.38295109659999865,0.23040000000000002,0.6133510965999986
108.786622431,0.0,0.0,720.0,0.9,700.0,20.0,0.195,0.2736,0.4686,680.0,40.0,0.385,0.23040000000000002,0.6154000000000001
108.803116183,0.0,0.0,720.0,0.9,700.0,20.0,0.195,0.2736,0.4686,680.0,40.0,0.385,0.23040000000000002,0.6154000000000001
108.819902767,1.0,0.0,720.0,0.9,700.0,20.0,0.195,0.2736,0.4686,700.0,20.0,0.195,0.23040000000000002,0.4254
108.84514652,0.0,0.0,800.0,0.5,720.0,80.0,0.765,0.304,1.0,720.0,80.0,0.765,0.256,1.0
108.864148605,0.0,0.0,800.0,0.5,720.0,80.0,0.765,0.304,1.0,740.0,60.0,0.575,0.256,0.831
108.878515815,0.0,0.0,800.0,0.5,740.0,60.0,0.575,0.304,0.879,740.0,60.0,0.575,0.256,0.831
108.904382276,0.0,0.0,800.0,0.5,760.0,40.0,0.385,0.304,0.6890000000000001,760.0,40.0,0.385,0.256,0.641
108.916738736,0.0,0.0,800.0,0.5,780.0,20.0,0.195,0.304,0.499,760.0,40.0,0.385,0.256,0.641
108.94638578,1.0,0.0,800.0,0.5,820.0,-20.0,-0.1876004419000003,0.304,0.11639955809999969,800.0,0.0,0.005,0.256,0.261
108.979387867,0.0,0.0,800.0,0.5,820.0,-20.0,-0.19093637979999925,0.304,0.11306362020000074,780.0,20.0,0.195,0.256,0.451
108.998885494,1.0,0.0,800.0,0.5,820.0,-20.0,-0.19286738829999933,0.304,0.11113261170000066,800.0,0.0,0.005,0.256,0.261
109.015893746,1.0,0.0,800.0,0.5,820.0,-20.0,-0.19492387180000095,0.304,0.10907612819999904,800.0,0.0,0.005,0.256,0.261
109.033593831,0.0,0.0,800.0,0.5,840.0,-40.0,-0.385,0.304,-0.08100000000000002,820.0,-20.0,-0.18657858770000132,0.256,0.06942141229999868
109.054073208,1.0,0.0,800.0,0.5,820.0,-20.0,-0.195,0.304,0.10899999999999999,800.0,0.0,0.0034214122999986787,0.256,0.2594214122999987
109.072067876,1.0,0.0,800.0,0.5,820.0,-20.0,-0.195,0.304,0.10899999999999999,800.0,0.0,0.0034214122999986787,0.256,0.2594214122999987
109.090828461,1.0,0.0,800.0,0.5,800.0,0.0,-0.005,0.304,0.299,800.0,0.0,0.0034214122999986787,0.256,0.2594214122999987
109.103537838,1.0,0.0,800.0,0.5,800.0,0.0,-0.005,0.304,0.299,800.0,0.0,0.0034214122999986787,0.256,0.2594214122999987
109.121655589,1.0,0.0,800.0,0.5,800.0,0.0,-0.005,0.304,0.299,800.0,0.0,0.0034214122999986787,0.256,0.2594214122999987
109.133987257,1.0,0.0,800.0,0.5,800.0,0.0,-0.005,0.304,0.299,800.0,0.0,0.0034214122999986787,0.256,0.2594214122999987
109.153270801,1.0,0.0,800.0,0.5,800.0,0.0,-0.005,0.304,0.299,800.0,0.0,0.0034214122999986787,0.256,0.2594214122999987
109.185154638,1.0,0.0,800.0,0.5,800.0,0.0,-0.005,0.304,0.299,780.0,20.0,0.195,0.256,0.451
109.21217114,1.0,0.0,800.0,0.5,800.0,0.0,-0.005,0.304,0.299,800.0,0.0,0.005,0.256,0.261
109.22563535,1.0,0.0,800.0,0.5,800.0,0.0,-0.005,0.304,0.299,800.0,0.0,0.005,0.256,0.261
109.247195352,1.0,0.0,800.0,0.5,800.0,0.0,-0.005,0.304,0.299,800.0,0.0,0.005,0.256,0.261
109.25980702,1.0,0.0,800.0,0.5,800.0,0.0,-0.005,0.304,0.299,800.0,0.0,0.005,0.256,0.261
109.290177981,1.0,0.0,805.0,0.95,800.0,5.0,0.04314710632499967,0.3059,0.3490471063249997,800.0,5.0,0.0525,0.2576,0.3101
109.312722359,1.0,0.0,805.0,0.95,780.0,25.0,0.23613143995000072,0.3059,0.5420314399500007,780.0,25.0,0.2425,0.2576,0.5001
109.329248194,1.0,0.0,805.0,0.95,780.0,25.0,0.2381222838250001,0.3059,0.5440222838250001,800.0,5.0,0.0525,0.2576,0.3101
109.343388195,1.0,0.0,805.0,0.95,820.0,-15.0,-0.1430750444500012,0.3059,0.16282495554999882,800.0,5.0,0.0525,0.2576,0.3101
109.357127447,1.0,0.0,805.0,0.95,820.0,-15.0,-0.14415488207499988,0.3059,0.16174511792500013,800.0,5.0,0.0525,0.2576,0.3101
109.375436823,1.0,0.0,805.0,0.95,820.0,-15.0,-0.14554099157500017,0.3059,0.16035900842499984,800.0,5.0,0.0525,0.2576,0.3101
109.388741491,1.0,0.0,805.0,0.95,800.0,5.0,0.044779637624999966,0.3059,0.350679637625,800.0,5.0,0.0525,0.2576,0.3101
109.411302785,1.0,0.0,805.0,0.95,820.0,-15.0,-0.1469092875249997,0.3059,0.1589907124750003,800.0,5.0,0.0525,0.2576,0.3101
109.42619762,1.0,0.0,805.0,0.95,800.0,5.0,0.043473998975000254,0.3059,0.34937399897500027,800.0,5.0,0.0525,0.2576,0.3101
109.450337123,1.0,0.0,805.0,0.95,820.0,-15.0,-0.1475,0.3059,0.1584,800.0,5.0,0.0525,0.2576,0.3101
109.466897083,1.0,0.0,805.0,0.95,800.0,5.0,0.04291313860000045,0.3059,0.34881313860000046,800.0,5.0,0.0525,0.2576,0.3101
109.504916711,0.0,0.0,760.0,0.95,800.0,-40.0,-0.385,0.2888,-0.09620000000000001,800.0,-40.0,-0.3818504340000004,0.24320000000000003,-0.13865043400000038
109.529874631,1.0,0.0,760.0,0.95,780.0,-20.0,-0.195,0.2888,0.0938,780.0,-20.0,-0.19448858840000072,0.24320000000000003,0.04871141159999931
109.552764633,1.0,0.0,760.0,0.95,780.0,-20.0,-0.195,0.2888,0.0938,780.0,-20.0,-0.195,0.24320000000000003,0.04820000000000002
109.575944843,0.0,0.0,760.0,0.95,800.0,-40.0,-0.385,0.2888,-0.09620000000000001,780.0,-20.0,-0.195,0.24320000000000003,0.04820000000000002
109.594132012,1.0,0.0,760.0,0.95,780.0,-20.0,-0.195,0.2888,0.0938,760.0,0.0,-0.005,0.24320000000000003,0.23820000000000002
109.611793305,1.0,0.0,760.0,0.95,780.0,-20.0,-0.195,0.2888,0.0938,780.0,-20.0,-0.195,0.24320000000000003,0.04820000000000002
109.633581391,1.0,0.0,760.0,0.95,760.0,0.0,-0.005,0.2888,0.2838,760.0,0.0,-0.005,0.24320000000000003,0.23820000000000002
109.648808142,1.0,0.0,760.0,0.95,780.0,-20.0,-0.195,0.2888,0.0938,760.0,0.0,-0.005,0.24320000000000003,0.23820000000000002
109.669424895,1.0,0.0,760.0,0.95,760.0,0.0,-0.005,0.2888,0.2838,760.0,0.0,-0.005,0.24320000000000003,0.23820000000000002
109.691620147,1.0,0.0,760.0,0.95,760.0,0.0,-0.005,0.2888,0.2838,780.0,-20.0,-0.195,0.24320000000000003,0.04820000000000002
109.706092357,1.0,0.0,760.0,0.95,760.0,0.0,-0.005,0.2888,0.2838,780.0,-20.0,-0.195,0.24320000000000003,0.04820000000000002
109.733664193,1.0,0.0,740.0,0.95,760.0,-20.0,-0.195,0.2812,0.0862,760.0,-20.0,-0.195,0.2368,0.041800000000000004
109.756093362,1.0,0.0,740.0,0.95,760.0,-20.0,-0.195,0.2812,0.0862,760.0,-20.0,-0.195,0.2368,0.041800000000000004
109.773164322,1.0,0.0,740.0,0.95,760.0,-20.0,-0.195,0.2812,0.0862,760.0,-20.0,-0.195,0.2368,0.041800000000000004
109.789964615,1.0,0.0,740.0,0.95,760.0,-20.0,-0.195,0.2812,0.0862,760.0,-20.0,-0.195,0.2368,0.041800000000000004
109.807762408,1.0,0.0,740.0,0.95,760.0,-20.0,-0.195,0.2812,0.0862,760.0,-20.0,-0.195,0.2368,0.041800000000000004
109.818758243,1.0,0.0,740.0,0.95,760.0,-20.0,-0.195,0.2812,0.0862,760.0,-20.0,-0.195,0.2368,0.041800000000000004
109.836058161,1.0,0.0,740.0,0.95,740.0,0.0,-0.005,0.2812,0.2762,760.0,-20.0,-0.195,0.2368,0.041800000000000004
109.860019164,1.0,0.0,740.0,0.95,760.0,-20.0,-0.195,0.2812,0.0862,760.0,-20.0,-0.195,0.2368,0.041800000000000004
109.87368579,1.0,0.0,740.0,0.95,740.0,0.0,-0.005,0.2812,0.2762,740.0,0.0,-0.005,0.2368,0.2318
109.893480917,1.0,0.0,740.0,0.95,740.0,0.0,-0.005,0.2812,0.2762,740.0,0.0,-0.005,0.2368,0.2318
109.90930471,1.0,0.0,740.0,0.95,760.0,-20.0,-0.195,0.2812,0.0862,760.0,-20.0,-0.195,0.2368,0.041800000000000004
109.938371047,1.0,0.0,740.0,0.95,740.0,0.0,-0.005,0.2812,0.2762,740.0,0.0,-0.005,0.2368,0.2318
109.950770089,1.0,0.0,740.0,0.95,740.0,0.0,-0.005,0.2812,0.2762,740.0,0.0,-0.005,0.2368,0.2318
109.966032424,1.0,0.0,740.0,0.95,740.0,0.0,-0.005,0.2812,0.2762,740.0,0.0,-0.005,0.2368,0.2318
109.979667842,1.0,0.0,740.0,0.95,740.0,0.0,-0.005,0.2812,0.2762,740.0,0.0,-0.005,0.2368,0.2318
109.994158136,1.0,0.0,740.0,0.95,760.0,-20.0,-0.195,0.2812,0.0862,740.0,0.0,-0.005,0.2368,0.2318
110.021522013,1.0,0.0,740.0,0.95,740.0,0.0,-0.005,0.2812,0.2762,740.0,0.0,-0.005,0.2368,0.2318
110.036034473,1.0,0.0,740.0,0.95,740.0,0.0,-0.005,0.2812,0.2762,760.0,-20.0,-0.195,0.2368,0.041800000000000004
110.058941392,1.0,0.0,740.0,0.95,740.0,0.0,-0.005,0.2812,0.2762,740.0,0.0,-0.005,0.2368,0.2318
110.070764685,1.0,0.0,740.0,0.95,740.0,0.0,-0.005,0.2812,0.2762,740.0,0.0,-0.005,0.2368,0.2318
110.091721812,1.0,0.0,740.0,0.95,720.0,20.0,0.18698012519999793,0.2812,0.46818012519999797,740.0,0.0,-0.005,0.2368,0.2318
110.104500022,1.0,0.0,740.0,0.95,740.0,0.0,-0.0030198748000020716,0.2812,0.2781801251999979,740.0,0.0,-0.005,0.2368,0.2318
110.137310775,1.0,0.0,720.0,0.9,740.0,-20.0,-0.195,0.2736,0.0786,740.0,-20.0,-0.195,0.23040000000000002,0.035400000000000015
110.151671568,1.0,0.0,720.0,0.9,740.0,-20.0,-0.195,0.2736,0.0786,740.0,-20.0,-0.195,0.23040000000000002,0.035400000000000015
110.178448904,1.0,0.0,720.0,0.9,740.0,-20.0,-0.195,0.2736,0.0786,720.0,0.0,-0.005,0.23040000000000002,0.22540000000000002
110.202780907,1.0,0.0,720.0,0.9,740.0,-20.0,-0.195,0.2736,0.0786,740.0,-20.0,-0.195,0.23040000000000002,0.035400000000000015
110.222029158,1.0,0.0,720.0,0.9,740.0,-20.0,-0.195,0.2736,0.0786,740.0,-20.0,-0.195,0.23040000000000002,0.035400000000000015
110.236191035,1.0,0.0,720.0,0.9,740.0,-20.0,-0.195,0.2736,0.0786,740.0,-20.0,-0.195,0.23040000000000002,0.035400000000000015
110.247706911,1.0,0.0,720.0,0.9,740.0,-20.0,-0.195,0.2736,0.0786,740.0,-20.0,-0.195,0.23040000000000002,0.035400000000000015
110.264438079,1.0,0.0,720.0,0.9,740.0,-20.0,-0.195,0.2736,0.0786,740.0,-20.0,-0.195,0.23040000000000002,0.035400000000000015
110.280629373,1.0,0.0,720.0,0.9,740.0,-20.0,-0.195,0.2736,0.0786,720.0,0.0,-0.005,0.23040000000000002,0.22540000000000002
110.296309958,1.0,0.0,720.0,0.9,740.0,-20.0,-0.195,0.2736,0.0786,740.0,-20.0,-0.195,0.23040000000000002,0.035400000000000015
110.314014709,1.0,0.0,720.0,0.9,720.0,0.0,-0.005,0.2736,0.2686,720.0,0.0,-0.005,0.23040000000000002,0.22540000000000002
110.341431962,1.0,0.0,740.0,0.95,720.0,20.0,0.18759510449999994,0.2812,0.46879510449999995,740.0,0.0,-0.005,0.2368,0.2318
110.354006297,1.0,0.0,740.0,0.95,740.0,0.0,-0.002404895500000066,0.2812,0.27879510449999995,740.0,0.0,-0.005,0.2368,0.2318
110.372878299,1.0,0.0,740.0,0.95,740.0,0.0,-0.002404895500000066,0.2812,0.27879510449999995,720.0,20.0,0.1867733043999982,0.2368,0.4235733043999982
110.388558592,1.0,0.0,740.0,0.95,720.0,20.0,0.18905317549999892,0.2812,0.4702531754999989,720.0,20.0,0.1882321919999987,0.2368,0.4250321919999987
110.402880593,1.0,0.0,740.0,0.95,720.0,20.0,0.19050357559999953,0.2812,0.47170357559999954,720.0,20.0,0.18968256300000008,0.2368,0.4264825630000001
110.418444511,1.0,0.0,740.0,0.95,740.0,0.0,5.035755999995218E-4,0.2812,0.28170357559999953,740.0,0.0,-3.1743699999992715E-4,0.2368,0.2364825630000001
110.432007596,1.0,0.0,740.0,0.95,740.0,0.0,5.035755999995218E-4,0.2812,0.28170357559999953,740.0,0.0,-3.1743699999992715E-4,0.2368,0.2364825630000001
110.443367431,1.0,0.0,740.0,0.95,740.0,0.0,5.035755999995218E-4,0.2812,0.28170357559999953,740.0,0.0,-3.1743699999992715E-4,0.2368,0.2364825630000001
110.456470557,1.0,0.0,740.0,0.95,740.0,0.0,5.035755999995218E-4,0.2812,0.28170357559999953,740.0,0.0,-3.1743699999992715E-4,0.2368,0.2364825630000001
110.467568183,1.0,0.0,740.0,0.95,740.0,0.0,5.035755999995218E-4,0.2812,0.28170357559999953,740.0,0.0,-3.1743699999992715E-4,0.2368,0.2364825630000001
110.482023185,1.0,0.0,740.0,0.95,760.0,-20.0,-0.19083135370000093,0.2812,0.09036864629999908,740.0,0.0,-3.1743699999992715E-4,0.2368,0.2364825630000001
110.508236729,1.0,0.0,720.0,0.9,740.0,-20.0,-0.1932433498000006,0.2736,0.08035665019999941,740.0,-20.0,-0.1927294621999988,0.23040000000000002,0.03767053780000121
110.522402689,1.0,0.0,720.0,0.9,740.0,-20.0,-0.19464008329999957,0.2736,0.07895991670000044,740.0,-20.0,-0.19412616659999857,0.23040000000000002,0.036273833400001454
110.540610565,1.0,0.0,720.0,0.9,740.0,-20.0,-0.195,0.2736,0.0786,740.0,-20.0,-0.195,0.23040000000000002,0.035400000000000015
110.555162692,1.0,0.0,720.0,0.9,740.0,-20.0,-0.195,0.2736,0.0786,720.0,0.0,-0.005,0.23040000000000002,0.22540000000000002
110.566856485,1.0,0.0,720.0,0.9,740.0,-20.0,-0.195,0.2736,0.0786,720.0,0.0,-0.005,0.23040000000000002,0.22540000000000002
110.579593861,1.0,0.0,720.0,0.9,740.0,-20.0,-0.195,0.2736,0.0786,740.0,-20.0,-0.195,0.23040000000000002,0.035400000000000015
110.616499323,1.0,0.0,720.0,0.9,740.0,-20.0,-0.195,0.2736,0.0786,720.0,0.0,-0.005,0.23040000000000002,0.22540000000000002
110.639931534,1.0,0.0,720.0,0.9,720.0,0.0,-0.005,0.2736,0.2686,720.0,0.0,-0.005,0.23040000000000002,0.22540000000000002
110.662678036,1.0,0.0,720.0,0.9,720.0,0.0,-0.005,0.2736,0.2686,740.0,-20.0,-0.195,0.23040000000000002,0.035400000000000015
110.675884412,1.0,0.0,720.0,0.9,720.0,0.0,-0.005,0.2736,0.2686,720.0,0.0,-0.005,0.23040000000000002,0.22540000000000002
110.699796998,1.0,0.0,720.0,0.9,740.0,-20.0,-0.195,0.2736,0.0786,740.0,-20.0,-0.195,0.23040000000000002,0.035400000000000015
110.717367,1.0,0.0,720.0,0.9,740.0,-20.0,-0.195,0.2736,0.0786,740.0,-20.0,-0.195,0.23040000000000002,0.035400000000000015
110.752370503,1.0,1.0,720.0,0.9,720.0,0.0,-0.005,0.2736,0.2686,720.0,0.0,-0.005,0.23040000000000002,0.22540000000000002
110.768125755,1.0,0.0,720.0,0.9,720.0,0.0,-0.005,0.2736,0.2686,720.0,0.0,-0.005,0.23040000000000002,0.22540000000000002
110.778897006,1.0,0.0,720.0,0.9,720.0,0.0,-0.005,0.2736,0.2686,720.0,0.0,-0.005,0.23040000000000002,0.22540000000000002
110.795432758,1.0,0.0,720.0,0.9,740.0,-20.0,-0.195,0.2736,0.0786,720.0,0.0,-0.005,0.23040000000000002,0.22540000000000002
110.807966259,1.0,0.0,720.0,0.9,720.0,0.0,-0.005,0.2736,0.2686,720.0,0.0,-0.005,0.23040000000000002,0.22540000000000002
110.819648968,1.0,0.0,720.0,0.9,720.0,0.0,-0.005,0.2736,0.2686,720.0,0.0,-0.005,0.23040000000000002,0.22540000000000002
110.833460553,1.0,0.0,720.0,0.9,720.0,0.0,-0.005,0.2736,0.2686,720.0,0.0,-0.005,0.23040000000000002,0.22540000000000002
110.844224513,1.0,0.0,720.0,0.9,720.0,0.0,-0.005,0.2736,0.2686,720.0,0.0,-0.005,0.23040000000000002,0.22540000000000002
110.856863305,1.0,0.0,720.0,0.9,720.0,0.0,-0.005,0.2736,0.2686,720.0,0.0,-0.005,0.23040000000000002,0.22540000000000002
110.870791849,1.0,0.0,720.0,0.9,720.0,0.0,-0.005,0.2736,0.2686,720.0,0.0,-0.005,0.23040000000000002,0.22540000000000002
110.891217267,1.0,0.0,720.0,0.9,700.0,20.0,0.1868028501999993,0.2736,0.46040285019999927,720.0,0.0,-0.005,0.23040000000000002,0.22540000000000002
110.904696644,1.0,0.0,720.0,0.9,720.0,0.0,-0.003197149800000716,0.2736,0.27040285019999927,720.0,0.0,-0.005,0.23040000000000002,0.22540000000000002
110.915128103,1.0,0.0,720.0,0.9,720.0,0.0,-0.003197149800000716,0.2736,0.27040285019999927,720.0,0.0,-0.005,0.23040000000000002,0.22540000000000002
110.926714854,1.0,0.0,720.0,0.9,720.0,0.0,-0.003197149800000716,0.2736,0.27040285019999927,720.0,0.0,-0.005,0.23040000000000002,0.22540000000000002
110.937885397,1.0,0.0,720.0,0.9,720.0,0.0,-0.003197149800000716,0.2736,0.27040285019999927,720.0,0.0,-0.005,0.23040000000000002,0.22540000000000002
110.960432399,0.0,0.0,720.0,0.9,700.0,20.0,0.18874479619999876,0.2736,0.4623447961999988,680.0,40.0,0.3788839504000009,0.23040000000000002,0.6092839504000009
110.977101443,0.0,0.0,720.0,0.9,640.0,80.0,0.765,0.2736,1.0,620.0,100.0,0.955,0.23040000000000002,1.0
110.989564944,0.0,0.0,720.0,0.9,600.0,120.0,1.1449999999999998,0.2736,1.0,560.0,160.0,1.525,0.23040000000000002,1.0
111.003377112,0.0,0.0,720.0,0.9,560.0,160.0,1.525,0.2736,1.0,540.0,180.0,1.7149999999999999,0.23040000000000002,1.0
111.015375988,0.0,0.0,720.0,0.9,600.0,120.0,1.1449999999999998,0.2736,1.0,540.0,180.0,1.7149999999999999,0.23040000000000002,1.0
111.027784948,0.0,0.0,720.0,0.9,600.0,120.0,1.1449999999999998,0.2736,1.0,580.0,140.0,1.335,0.23040000000000002,1.0
111.056618242,0.0,0.0,720.0,0.9,640.0,80.0,0.765,0.2736,1.0,600.0,120.0,1.1449999999999998,0.23040000000000002,1.0
111.078268661,0.0,0.0,720.0,0.9,660.0,60.0,0.575,0.2736,0.8486,640.0,80.0,0.765,0.23040000000000002,0.9954000000000001
111.094905621,0.0,0.0,720.0,0.9,700.0,20.0,0.195,0.2736,0.4686,640.0,80.0,0.765,0.23040000000000002,0.9954000000000001
111.110211998,0.0,0.0,720.0,0.9,720.0,0.0,0.005,0.2736,0.2786,680.0,40.0,0.385,0.23040000000000002,0.6154000000000001
111.123423332,0.0,0.0,720.0,0.9,740.0,-20.0,-0.18652667099999917,0.2736,0.08707332900000084,680.0,40.0,0.385,0.23040000000000002,0.6154000000000001
111.139881209,0.0,0.0,720.0,0.9,760.0,-40.0,-0.3793232880000005,0.2736,-0.10572328800000047,720.0,0.0,0.005,0.23040000000000002,0.23540000000000003
111.157506336,1.0,0.0,720.0,0.9,740.0,-20.0,-0.1913340965000009,0.2736,0.0822659034999991,720.0,0.0,0.005,0.23040000000000002,0.23540000000000003
111.174712921,1.0,0.0,720.0,0.9,740.0,-20.0,-0.19283422580000206,0.2736,0.08076577419999795,740.0,-20.0,-0.18650010010000018,0.23040000000000002,0.043899899899999845
111.190778214,1.0,0.0,720.0,0.9,740.0,-20.0,-0.19439942600000165,0.2736,0.07920057399999836,720.0,0.0,0.0034998998999998324,0.23040000000000002,0.23389989989999985
111.204653965,1.0,0.0,720.0,0.9,740.0,-20.0,-0.195,0.2736,0.0786,740.0,-20.0,-0.18795362110000213,0.23040000000000002,0.04244637889999789
111.218673509,1.0,0.0,720.0,0.9,740.0,-20.0,-0.195,0.2736,0.0786,740.0,-20.0,-0.189466087900002,0.23040000000000002,0.04093391209999803
111.243973844,1.0,0.0,720.0,0.9,740.0,-20.0,-0.195,0.2736,0.0786,720.0,0.0,5.339120999980196E-4,0.23040000000000002,0.23093391209999803
111.276560889,1.0,0.0,720.0,0.9,740.0,-20.0,-0.195,0.2736,0.0786,740.0,-20.0,-0.19231873400000324,0.23040000000000002,0.03808126599999678
111.296811308,1.0,0.0,720.0,0.9,720.0,0.0,-0.005,0.2736,0.2686,740.0,-20.0,-0.1946405176000019,0.23040000000000002,0.03575948239999813
111.313296893,1.0,0.0,720.0,0.9,740.0,-20.0,-0.195,0.2736,0.0786,740.0,-20.0,-0.195,0.23040000000000002,0.035400000000000015
111.329236186,1.0,0.0,720.0,0.9,720.0,0.0,-0.005,0.2736,0.2686,720.0,0.0,-0.005,0.23040000000000002,0.22540000000000002
111.342658396,1.0,0.0,720.0,0.9,720.0,0.0,-0.005,0.2736,0.2686,740.0,-20.0,-0.195,0.23040000000000002,0.035400000000000015
111.356331147,1.0,0.0,720.0,0.9,740.0,-20.0,-0.195,0.2736,0.0786,740.0,-20.0,-0.195,0.23040000000000002,0.035400000000000015
111.368732232,1.0,0.0,720.0,0.9,720.0,0.0,-0.005,0.2736,0.2686,740.0,-20.0,-0.195,0.23040000000000002,0.035400000000000015
111.382417525,1.0,0.0,720.0,0.9,720.0,0.0,-0.005,0.2736,0.2686,740.0,-20.0,-0.195,0.23040000000000002,0.035400000000000015
111.397299818,1.0,0.0,720.0,0.9,720.0,0.0,-0.005,0.2736,0.2686,720.0,0.0,-0.005,0.23040000000000002,0.22540000000000002
111.415325695,0.0,0.0,720.0,0.9,660.0,60.0,0.5697308632000067,0.2736,0.8433308632000067,660.0,60.0,0.5697309505000043,0.23040000000000002,0.8001309505000044
111.436121239,0.0,0.0,720.0,0.9,600.0,120.0,1.1449999999999998,0.2736,1.0,600.0,120.0,1.1449999999999998,0.23040000000000002,1.0
111.447099573,0.0,0.0,720.0,0.9,580.0,140.0,1.335,0.2736,1.0,580.0,140.0,1.335,0.23040000000000002,1.0
111.458602324,0.0,0.0,720.0,0.9,580.0,140.0,1.335,0.2736,1.0,580.0,140.0,1.335,0.23040000000000002,1.0
111.473006867,0.0,0.0,720.0,0.9,600.0,120.0,1.1449999999999998,0.2736,1.0,620.0,100.0,0.955,0.23040000000000002,1.0
111.488025661,0.0,0.0,720.0,0.9,620.0,100.0,0.955,0.2736,1.0,620.0,100.0,0.955,0.23040000000000002,1.0
111.503337579,0.0,0.0,720.0,0.9,640.0,80.0,0.765,0.2736,1.0,640.0,80.0,0.765,0.23040000000000002,0.9954000000000001
111.522776289,0.0,0.0,720.0,0.9,680.0,40.0,0.385,0.2736,0.6586000000000001,660.0,60.0,0.575,0.23040000000000002,0.8054
111.536927957,0.0,0.0,720.0,0.9,700.0,20.0,0.195,0.2736,0.4686,680.0,40.0,0.385,0.23040000000000002,0.6154000000000001
111.562994793,1.0,0.0,720.0,0.9,700.0,20.0,0.195,0.2736,0.4686,700.0,20.0,0.195,0.23040000000000002,0.4254
111.579210878,1.0,0.0,720.0,0.9,720.0,0.0,0.005,0.2736,0.2786,720.0,0.0,0.005,0.23040000000000002,0.23540000000000003
111.597026172,1.0,0.0,720.0,0.9,740.0,-20.0,-0.1867692210000007,0.2736,0.0868307789999993,740.0,-20.0,-0.1867692210000007,0.23040000000000002,0.043630778999999315
111.620466549,1.0,0.0,720.0,0.9,740.0,-20.0,-0.18892682540000066,0.2736,0.08467317459999935,720.0,0.0,0.0032307789999993022,0.23040000000000002,0.23363077899999932
111.638734217,1.0,0.0,720.0,0.9,740.0,-20.0,-0.19089577979999944,0.2736,0.08270422020000057,740.0,-20.0,-0.1887382044999987,0.23040000000000002,0.04166179550000132
111.657035428,1.0,0.0,720.0,0.9,740.0,-20.0,-0.1927645466000007,0.2736,0.08083545339999931,740.0,-20.0,-0.19060694220000074,0.23040000000000002,0.03979305779999928
111.673541138,1.0,0.0,720.0,0.9,740.0,-20.0,-0.19444550929999935,0.2736,0.07915449070000066,740.0,-20.0,-0.19228796319999958,0.23040000000000002,0.03811203680000044
111.689058389,0.0,0.0,720.0,0.9,760.0,-40.0,-0.385,0.2736,-0.1114,740.0,-20.0,-0.19385053840000013,0.23040000000000002,0.03654946159999989
111.703354141,1.0,0.0,720.0,0.9,740.0,-20.0,-0.195,0.2736,0.0786,740.0,-20.0,-0.195,0.23040000000000002,0.035400000000000015
111.719494976,0.0,0.0,720.0,0.9,740.0,-20.0,-0.195,0.2736,0.0786,760.0,-40.0,-0.385,0.23040000000000002,-0.1546
111.741236978,1.0,0.0,720.0,0.9,740.0,-20.0,-0.195,0.2736,0.0786,740.0,-20.0,-0.195,0.23040000000000002,0.035400000000000015
111.751646854,1.0,0.0,720.0,0.9,740.0,-20.0,-0.195,0.2736,0.0786,740.0,-20.0,-0.195,0.23040000000000002,0.035400000000000015
111.781580315,1.0,0.0,720.0,0.9,740.0,-20.0,-0.195,0.2736,0.0786,720.0,0.0,-0.005,0.23040000000000002,0.22540000000000002
111.796917025,1.0,0.0,720.0,0.9,720.0,0.0,-0.005,0.2736,0.2686,700.0,20.0,0.1868084210000012,0.23040000000000002,0.4172084210000012
111.817761569,1.0,0.0,720.0,0.9,720.0,0.0,-0.005,0.2736,0.2686,720.0,0.0,-0.0031915789999987965,0.23040000000000002,0.22720842100000121
111.829805945,1.0,0.0,720.0,0.9,720.0,0.0,-0.005,0.2736,0.2686,720.0,0.0,-0.0031915789999987965,0.23040000000000002,0.22720842100000121
111.842640155,1.0,0.0,720.0,0.9,740.0,-20.0,-0.195,0.2736,0.0786,720.0,0.0,-0.0031915789999987965,0.23040000000000002,0.22720842100000121
111.856385239,1.0,0.0,720.0,0.9,720.0,0.0,-0.005,0.2736,0.2686,720.0,0.0,-0.0031915789999987965,0.23040000000000002,0.22720842100000121
111.871522449,0.0,0.0,720.0,0.9,680.0,40.0,0.37760499199999914,0.2736,0.6512049919999991,660.0,60.0,0.570715996300006,0.23040000000000002,0.8011159963000061
111.885909492,0.0,0.0,720.0,0.9,660.0,60.0,0.5719642424999954,0.2736,0.8455642424999954,640.0,80.0,0.765,0.23040000000000002,0.9954000000000001
111.901733285,0.0,0.0,720.0,0.9,580.0,140.0,1.335,0.2736,1.0,560.0,160.0,1.525,0.23040000000000002,1.0
111.912148412,0.0,0.0,720.0,0.9,580.0,140.0,1.335,0.2736,1.0,580.0,140.0,1.335,0.23040000000000002,1.0
111.923255371,0.0,0.0,720.0,0.9,600.0,120.0,1.1449999999999998,0.2736,1.0,580.0,140.0,1.335,0.23040000000000002,1.0
111.93382333,0.0,0.0,720.0,0.9,600.0,120.0,1.1449999999999998,0.2736,1.0,580.0,140.0,1.335,0.23040000000000002,1.0
111.945182873,0.0,0.0,720.0,0.9,620.0,100.0,0.955,0.2736,1.0,600.0,120.0,1.1449999999999998,0.23040000000000002,1.0
111.964383875,0.0,0.0,720.0,0.9,660.0,60.0,0.575,0.2736,0.8486,640.0,80.0,0.765,0.23040000000000002,0.9954000000000001
111.976993793,0.0,0.0,720.0,0.9,660.0,60.0,0.575,0.2736,0.8486,640.0,80.0,0.765,0.23040000000000002,0.9954000000000001
111.993478795,0.0,0.0,720.0,0.9,700.0,20.0,0.195,0.2736,0.4686,680.0,40.0,0.385,0.23040000000000002,0.6154000000000001
112.004317421,0.0,0.0,720.0,0.9,700.0,20.0,0.195,0.2736,0.4686,680.0,40.0,0.385,0.23040000000000002,0.6154000000000001
112.019452006,1.0,0.0,720.0,0.9,720.0,0.0,0.005,0.2736,0.2786,700.0,20.0,0.195,0.23040000000000002,0.4254
112.036605216,1.0,0.0,720.0,0.9,740.0,-20.0,-0.18672453760000055,0.2736,0.08687546239999946,720.0,0.0,0.005,0.23040000000000002,0.23540000000000003
112.053577301,0.0,0.0,720.0,0.9,760.0,-40.0,-0.3801088046000018,0.2736,-0.10650880460000178,740.0,-20.0,-0.18669219180000085,0.23040000000000002,0.04370780819999917
112.071148177,1.0,0.0,720.0,0.9,740.0,-20.0,-0.1917783631000026,0.2736,0.08182163689999741,720.0,0.0,0.0033078081999991585,0.23040000000000002,0.23370780819999917
112.086203429,1.0,0.0,720.0,0.9,740.0,-20.0,-0.19335750500000073,0.2736,0.08024249499999928,740.0,-20.0,-0.1882712169000007,0.23040000000000002,0.04212878309999932
112.100008014,1.0,0.0,720.0,0.9,740.0,-20.0,-0.1947326843000019,0.2736,0.07886731569999811,740.0,-20.0,-0.18964595870000153,0.23040000000000002,0.04075404129999849
112.115473932,0.0,0.0,720.0,0.9,740.0,-20.0,-0.195,0.2736,0.0786,760.0,-40.0,-0.3828122341000039,0.23040000000000002,-0.1524122341000039
112.137688434,1.0,0.0,720.0,0.9,740.0,-20.0,-0.195,0.2736,0.0786,740.0,-20.0,-0.195,0.23040000000000002,0.035400000000000015
112.151128727,1.0,0.0,720.0,0.9,720.0,0.0,-0.005,0.2736,0.2686,740.0,-20.0,-0.195,0.23040000000000002,0.035400000000000015
112.164599062,1.0,0.0,720.0,0.9,740.0,-20.0,-0.195,0.2736,0.0786,740.0,-20.0,-0.195,0.23040000000000002,0.035400000000000015
112.175444688,1.0,0.0,720.0,0.9,740.0,-20.0,-0.195,0.2736,0.0786,740.0,-20.0,-0.195,0.23040000000000002,0.035400000000000015
112.193461231,1.0,0.0,720.0,0.9,720.0,0.0,-0.005,0.2736,0.2686,720.0,0.0,-0.005,0.23040000000000002,0.22540000000000002
112.206482691,1.0,0.0,720.0,0.9,740.0,-20.0,-0.195,0.2736,0.0786,720.0,0.0,-0.005,0.23040000000000002,0.22540000000000002
112.218949984,1.0,0.0,720.0,0.9,720.0,0.0,-0.005,0.2736,0.2686,720.0,0.0,-0.005,0.23040000000000002,0.22540000000000002
112.230263735,1.0,0.0,720.0,0.9,720.0,0.0,-0.005,0.2736,0.2686,720.0,0.0,-0.005,0.23040000000000002,0.22540000000000002
112.265045864,1.0,0.0,720.0,0.9,720.0,0.0,-0.005,0.2736,0.2686,720.0,0.0,-0.005,0.23040000000000002,0.22540000000000002
112.275874865,1.0,0.0,720.0,0.9,720.0,0.0,-0.005,0.2736,0.2686,720.0,0.0,-0.005,0.23040000000000002,0.22540000000000002
112.305432951,1.0,0.0,720.0,0.9,720.0,0.0,-0.005,0.2736,0.2686,720.0,0.0,-0.005,0.23040000000000002,0.22540000000000002
112.332641954,0.0,0.0,720.0,0.9,740.0,-20.0,-0.195,0.2736,0.0786,700.0,20.0,0.18763984610000137,0.23040000000000002,0.4180398461000014
112.356248873,1.0,0.0,720.0,0.9,720.0,0.0,-0.005,0.2736,0.2686,720.0,0.0,-0.002360153899998636,0.23040000000000002,0.2280398461000014
112.372778499,1.0,0.0,720.0,0.9,720.0,0.0,-0.005,0.2736,0.2686,720.0,0.0,-0.002360153899998636,0.23040000000000002,0.2280398461000014
112.389827293,1.0,0.0,720.0,0.9,720.0,0.0,-0.005,0.2736,0.2686,700.0,20.0,0.18913350040000182,0.23040000000000002,0.4195335004000018
112.40780592,1.0,0.0,720.0,0.9,720.0,0.0,-0.005,0.2736,0.2686,700.0,20.0,0.19094480890000284,0.23040000000000002,0.42134480890000287
112.422205504,1.0,0.0,720.0,0.9,700.0,20.0,0.18624512520000053,0.2736,0.45984512520000054,720.0,0.0,9.448089000028404E-4,0.23040000000000002,0.23134480890000286
112.441829715,1.0,0.0,720.0,0.9,720.0,0.0,-0.0037548747999994704,0.2736,0.26984512520000054,720.0,0.0,9.448089000028404E-4,0.23040000000000002,0.23134480890000286
112.456620716,1.0,0.0,720.0,0.9,720.0,0.0,-0.0037548747999994704,0.2736,0.26984512520000054,720.0,0.0,9.448089000028404E-4,0.23040000000000002,0.23134480890000286
112.473487801,1.0,0.0,720.0,0.9,740.0,-20.0,-0.195,0.2736,0.0786,720.0,0.0,9.448089000028404E-4,0.23040000000000002,0.23134480890000286
112.488458469,1.0,0.0,720.0,0.9,720.0,0.0,-0.005,0.2736,0.2686,720.0,0.0,9.448089000028404E-4,0.23040000000000002,0.23134480890000286
112.503457721,1.0,0.0,720.0,0.9,720.0,0.0,-0.005,0.2736,0.2686,720.0,0.0,9.448089000028404E-4,0.23040000000000002,0.23134480890000286
112.521754556,1.0,0.0,720.0,0.9,720.0,0.0,-0.005,0.2736,0.2686,700.0,20.0,0.19256749650000474,0.23040000000000002,0.42296749650000476
112.544505433,1.0,0.0,720.0,0.9,720.0,0.0,-0.005,0.2736,0.2686,720.0,0.0,0.0025674965000047224,0.23040000000000002,0.23296749650000476
112.558952852,1.0,0.0,720.0,0.9,720.0,0.0,-0.005,0.2736,0.2686,700.0,20.0,0.19404120080000722,0.23040000000000002,0.42444120080000725
112.57970902,1.0,0.0,720.0,0.9,700.0,20.0,0.18680492099999868,0.2736,0.4604049209999987,720.0,0.0,0.004041200800007232,0.23040000000000002,0.23444120080000724
112.59403773,1.0,0.0,720.0,0.9,720.0,0.0,-0.0031950790000013288,0.2736,0.2704049209999987,700.0,20.0,0.195,0.23040000000000002,0.4254
112.605430523,1.0,0.0,720.0,0.9,720.0,0.0,-0.0031950790000013288,0.2736,0.2704049209999987,700.0,20.0,0.195,0.23040000000000002,0.4254
112.618042483,1.0,0.0,720.0,0.9,720.0,0.0,-0.0031950790000013288,0.2736,0.2704049209999987,720.0,0.0,0.005,0.23040000000000002,0.23540000000000003
112.631157859,1.0,0.0,720.0,0.9,720.0,0.0,-0.0031950790000013288,0.2736,0.2704049209999987,720.0,0.0,0.005,0.23040000000000002,0.23540000000000003
112.64658586,1.0,0.0,720.0,0.9,700.0,20.0,0.18820643779999727,0.2736,0.4618064377999973,720.0,0.0,0.005,0.23040000000000002,0.23540000000000003
112.658167361,1.0,0.0,720.0,0.9,720.0,0.0,-0.0017935622000027252,0.2736,0.2718064377999973,720.0,0.0,0.005,0.23040000000000002,0.23540000000000003
112.672230946,1.0,0.0,720.0,0.9,720.0,0.0,-0.0017935622000027252,0.2736,0.2718064377999973,700.0,20.0,0.195,0.23040000000000002,0.4254
112.701164866,0.0,0.0,800.0,0.5,720.0,80.0,0.765,0.304,1.0,720.0,80.0,0.765,0.256,1.0
112.713381617,0.0,0.0,800.0,0.5,720.0,80.0,0.765,0.304,1.0,720.0,80.0,0.765,0.256,1.0
112.732225619,0.0,0.0,800.0,0.5,720.0,80.0,0.765,0.304,1.0,740.0,60.0,0.575,0.256,0.831
112.755023163,0.0,0.0,800.0,0.5,740.0,60.0,0.575,0.304,0.879,740.0,60.0,0.575,0.256,0.831
112.775958998,0.0,0.0,800.0,0.5,760.0,40.0,0.385,0.304,0.6890000000000001,760.0,40.0,0.385,0.256,0.641
112.801334293,1.0,0.0,800.0,0.5,780.0,20.0,0.195,0.304,0.499,800.0,0.0,0.005,0.256,0.261
112.828295962,1.0,0.0,800.0,0.5,820.0,-20.0,-0.18768181700000128,0.304,0.11631818299999871,800.0,0.0,0.005,0.256,0.261
112.852773506,0.0,0.0,800.0,0.5,840.0,-40.0,-0.38305338420000223,0.304,-0.07905338420000224,800.0,0.0,0.005,0.256,0.261
112.869514591,1.0,0.0,800.0,0.5,820.0,-20.0,-0.19472828020000235,0.304,0.10927171979999764,800.0,0.0,0.005,0.256,0.261
112.894620385,1.0,0.0,800.0,0.5,820.0,-20.0,-0.195,0.304,0.10899999999999999,800.0,0.0,0.005,0.256,0.261
112.915900971,0.0,0.0,800.0,0.5,840.0,-40.0,-0.385,0.304,-0.08100000000000002,820.0,-20.0,-0.1867300793000004,0.256,0.0692699206999996
112.943687474,1.0,0.0,800.0,0.5,820.0,-20.0,-0.195,0.304,0.10899999999999999,820.0,-20.0,-0.1897053420999987,0.256,0.0662946579000013
112.967032768,1.0,0.0,800.0,0.5,800.0,0.0,-0.005,0.304,0.299,800.0,0.0,2.9465790000131163E-4,0.256,0.25629465790000133
112.987251686,1.0,0.0,800.0,0.5,800.0,0.0,-0.005,0.304,0.299,800.0,0.0,2.9465790000131163E-4,0.256,0.25629465790000133
113.008427855,1.0,0.0,800.0,0.5,780.0,20.0,0.1868560210000004,0.304,0.49085602100000036,800.0,0.0,2.9465790000131163E-4,0.256,0.25629465790000133
113.023467648,1.0,0.0,800.0,0.5,800.0,0.0,-0.003143978999999604,0.304,0.30085602100000036,800.0,0.0,2.9465790000131163E-4,0.256,0.25629465790000133
113.034175899,1.0,0.0,800.0,0.5,780.0,20.0,0.18793728780000038,0.304,0.49193728780000034,800.0,0.0,2.9465790000131163E-4,0.256,0.25629465790000133
113.056525735,1.0,0.0,800.0,0.5,820.0,-20.0,-0.19428661239999884,0.304,0.10971338760000116,800.0,0.0,2.9465790000131163E-4,0.256,0.25629465790000133
113.071119861,1.0,0.0,800.0,0.5,780.0,20.0,0.18718099610000025,0.304,0.4911809961000002,800.0,0.0,2.9465790000131163E-4,0.256,0.25629465790000133
113.09265478,1.0,0.0,800.0,0.5,820.0,-20.0,-0.19487994990000004,0.304,0.10912005009999995,800.0,0.0,2.9465790000131163E-4,0.256,0.25629465790000133
113.105041281,1.0,0.0,800.0,0.5,800.0,0.0,-0.004879949900000042,0.304,0.2991200500999999,800.0,0.0,2.9465790000131163E-4,0.256,0.25629465790000133
113.116915908,1.0,0.0,800.0,0.5,820.0,-20.0,-0.195,0.304,0.10899999999999999,800.0,0.0,2.9465790000131163E-4,0.256,0.25629465790000133
113.143226577,1.0,0.0,800.0,0.5,800.0,0.0,-0.005,0.304,0.299,800.0,0.0,2.9465790000131163E-4,0.256,0.25629465790000133
113.156937537,1.0,0.0,800.0,0.5,800.0,0.0,-0.005,0.304,0.299,800.0,0.0,2.9465790000131163E-4,0.256,0.25629465790000133
113.178714539,1.0,0.0,800.0,0.5,800.0,0.0,-0.005,0.304,0.299,800.0,0.0,2.9465790000131163E-4,0.256,0.25629465790000133
113.192078415,1.0,0.0,800.0,0.5,800.0,0.0,-0.005,0.304,0.299,800.0,0.0,2.9465790000131163E-4,0.256,0.25629465790000133
113.212985667,1.0,0.0,800.0,0.5,800.0,0.0,-0.005,0.304,0.299,780.0,20.0,0.19218640810000068,0.256,0.44818640810000065
113.227945835,1.0,0.0,800.0,0.5,800.0,0.0,-0.005,0.304,0.299,780.0,20.0,0.19368747080000162,0.256,0.4496874708000016
113.247962337,1.0,0.0,800.0,0.5,800.0,0.0,-0.005,0.304,0.299,800.0,0.0,0.00368747080000162,0.256,0.25968747080000165
113.267518881,1.0,0.0,800.0,0.5,800.0,0.0,-0.005,0.304,0.299,820.0,-20.0,-0.1882055335999985,0.256,0.0677944664000015
113.2900583,1.0,0.0,800.0,0.5,780.0,20.0,0.18719899189999922,0.304,0.4911989918999992,780.0,20.0,0.19399339990000158,0.256,0.4499933999000016
113.310859385,1.0,0.0,800.0,0.5,780.0,20.0,0.18898046290000026,0.304,0.49298046290000025,780.0,20.0,0.195,0.256,0.451
113.335933388,1.0,0.0,800.0,0.5,800.0,0.0,-0.0010195370999997522,0.304,0.30298046290000025,820.0,-20.0,-0.18759452100000032,0.256,0.06840547899999969
113.359565974,1.0,0.0,800.0,0.5,800.0,0.0,-0.0010195370999997522,0.304,0.30298046290000025,800.0,0.0,0.002405478999999673,0.256,0.25840547899999966
113.376680975,1.0,0.0,800.0,0.5,800.0,0.0,-0.0010195370999997522,0.304,0.30298046290000025,800.0,0.0,0.002405478999999673,0.256,0.25840547899999966
113.388890143,1.0,0.0,800.0,0.5,800.0,0.0,-0.0010195370999997522,0.304,0.30298046290000025,800.0,0.0,0.002405478999999673,0.256,0.25840547899999966
113.409021854,1.0,0.0,800.0,0.5,800.0,0.0,-0.0010195370999997522,0.304,0.30298046290000025,800.0,0.0,0.002405478999999673,0.256,0.25840547899999966
113.428112897,1.0,0.0,800.0,0.5,800.0,0.0,-0.0010195370999997522,0.304,0.30298046290000025,800.0,0.0,0.002405478999999673,0.256,0.25840547899999966
113.453996858,1.0,0.0,800.0,0.5,800.0,0.0,-0.0010195370999997522,0.304,0.30298046290000025,820.0,-20.0,-0.18977962960000014,0.256,0.06622037039999987
113.468543151,1.0,0.0,800.0,0.5,800.0,0.0,-0.0010195370999997522,0.304,0.30298046290000025,820.0,-20.0,-0.19142147970000054,0.256,0.06457852029999947
113.482386236,1.0,0.0,800.0,0.5,800.0,0.0,-0.0010195370999997522,0.304,0.30298046290000025,820.0,-20.0,-0.19280322150000076,0.256,0.06319677849999925
113.502017155,1.0,0.0,800.0,0.5,800.0,0.0,-0.0010195370999997522,0.304,0.30298046290000025,800.0,0.0,-0.0028032215000007455,0.256,0.2531967784999993
113.517859615,1.0,0.0,800.0,0.5,800.0,0.0,-0.0010195370999997522,0.304,0.30298046290000025,780.0,20.0,0.18878499109999722,0.256,0.44478499109999725
113.545599159,1.0,0.0,800.0,0.5,800.0,0.0,-0.0010195370999997522,0.304,0.30298046290000025,800.0,0.0,-0.001215008900002772,0.256,0.25478499109999725
113.576452245,1.0,0.0,800.0,0.5,800.0,0.0,-0.0010195370999997522,0.304,0.30298046290000025,800.0,0.0,-0.001215008900002772,0.256,0.25478499109999725
113.595485539,1.0,0.0,800.0,0.5,800.0,0.0,-0.0010195370999997522,0.304,0.30298046290000025,780.0,20.0,0.19035532459999557,0.256,0.4463553245999956
113.6201375,1.0,0.0,800.0,0.5,800.0,0.0,-0.0010195370999997522,0.304,0.30298046290000025,780.0,20.0,0.19294418739999458,0.256,0.4489441873999946
113.636094876,1.0,0.0,800.0,0.5,800.0,0.0,-0.0010195370999997522,0.304,0.30298046290000025,800.0,0.0,0.0029441873999945757,0.256,0.2589441873999946
113.652986753,1.0,0.0,800.0,0.5,800.0,0.0,-0.0010195370999997522,0.304,0.30298046290000025,800.0,0.0,0.0029441873999945757,0.256,0.2589441873999946
113.664134254,1.0,0.0,800.0,0.5,800.0,0.0,-0.0010195370999997522,0.304,0.30298046290000025,800.0,0.0,0.0029441873999945757,0.256,0.2589441873999946
113.685373423,1.0,0.0,800.0,0.5,780.0,20.0,0.1908828589000001,0.304,0.49488285890000006,800.0,0.0,0.0029441873999945757,0.256,0.2589441873999946
113.697289466,1.0,0.0,800.0,0.5,780.0,20.0,0.1921834590000009,0.304,0.4961834590000009,800.0,0.0,0.0029441873999945757,0.256,0.2589441873999946
113.713548718,1.0,0.0,800.0,0.5,780.0,20.0,0.19361589250000066,0.304,0.49761589250000066,780.0,20.0,0.1943766500999925,0.256,0.4503766500999925
113.731396678,1.0,0.0,800.0,0.5,800.0,0.0,0.003615892500000655,0.304,0.30761589250000065,800.0,0.0,0.004376650099992503,0.256,0.2603766500999925
113.747544221,1.0,0.0,800.0,0.5,800.0,0.0,0.003615892500000655,0.304,0.30761589250000065,780.0,20.0,0.195,0.256,0.451
113.767611181,1.0,0.0,800.0,0.5,800.0,0.0,0.003615892500000655,0.304,0.30761589250000065,800.0,0.0,0.005,0.256,0.261
113.78594885,1.0,0.0,800.0,0.5,800.0,0.0,0.003615892500000655,0.304,0.30761589250000065,780.0,20.0,0.195,0.256,0.451
113.798936768,1.0,0.0,800.0,0.5,800.0,0.0,0.003615892500000655,0.304,0.30761589250000065,800.0,0.0,0.005,0.256,0.261
113.816773061,1.0,0.0,800.0,0.5,800.0,0.0,0.003615892500000655,0.304,0.30761589250000065,800.0,0.0,0.005,0.256,0.261
113.830204313,1.0,0.0,800.0,0.5,780.0,20.0,0.19484138850000135,0.304,0.49884138850000137,800.0,0.0,0.005,0.256,0.261
113.852883148,1.0,0.0,800.0,0.5,780.0,20.0,0.195,0.304,0.499,800.0,0.0,0.005,0.256,0.261
113.864905066,1.0,0.0,800.0,0.5,780.0,20.0,0.195,0.304,0.499,800.0,0.0,0.005,0.256,0.261
113.884899401,1.0,0.0,800.0,0.5,800.0,0.0,0.005,0.304,0.309,800.0,0.0,0.005,0.256,0.261
113.899306278,1.0,0.0,800.0,0.5,800.0,0.0,0.005,0.304,0.309,800.0,0.0,0.005,0.256,0.261
113.918341322,1.0,0.0,800.0,0.5,800.0,0.0,0.005,0.304,0.309,800.0,0.0,0.005,0.256,0.261
113.938652698,1.0,0.0,800.0,0.5,800.0,0.0,0.005,0.304,0.309,800.0,0.0,0.005,0.256,0.261
113.960240409,1.0,0.0,800.0,0.5,800.0,0.0,0.005,0.304,0.309,800.0,0.0,0.005,0.256,0.261
113.985819287,1.0,0.0,800.0,0.5,800.0,0.0,0.005,0.304,0.309,780.0,20.0,0.195,0.256,0.451
113.999591496,1.0,0.0,800.0,0.5,800.0,0.0,0.005,0.304,0.309,800.0,0.0,0.005,0.256,0.261
114.013010789,1.0,0.0,800.0,0.5,800.0,0.0,0.005,0.304,0.309,800.0,0.0,0.005,0.256,0.261
114.026046249,1.0,0.0,800.0,0.5,800.0,0.0,0.005,0.304,0.309,780.0,20.0,0.195,0.256,0.451
114.040449917,1.0,0.0,800.0,0.5,800.0,0.0,0.005,0.304,0.309,800.0,0.0,0.005,0.256,0.261
114.053842377,1.0,0.0,800.0,0.5,800.0,0.0,0.005,0.304,0.309,780.0,20.0,0.195,0.256,0.451
114.071950212,1.0,0.0,800.0,0.5,800.0,0.0,0.005,0.304,0.309,800.0,0.0,0.005,0.256,0.261
114.082722046,1.0,0.0,800.0,0.5,800.0,0.0,0.005,0.304,0.309,800.0,0.0,0.005,0.256,0.261
114.09820109,1.0,0.0,800.0,0.5,800.0,0.0,0.005,0.304,0.309,800.0,0.0,0.005,0.256,0.261
114.109802132,1.0,0.0,800.0,0.5,800.0,0.0,0.005,0.304,0.309,800.0,0.0,0.005,0.256,0.261
114.13229401,1.0,0.0,800.0,0.5,780.0,20.0,0.195,0.304,0.499,800.0,0.0,0.005,0.256,0.261
114.142212427,1.0,0.0,800.0,0.5,780.0,20.0,0.195,0.304,0.499,800.0,0.0,0.005,0.256,0.261
114.157755346,1.0,0.0,800.0,0.5,780.0,20.0,0.195,0.304,0.499,800.0,0.0,0.005,0.256,0.261
114.175051764,1.0,0.0,800.0,0.5,800.0,0.0,0.005,0.304,0.309,800.0,0.0,0.005,0.256,0.261
114.192461932,1.0,0.0,800.0,0.5,800.0,0.0,0.005,0.304,0.309,780.0,20.0,0.195,0.256,0.451
114.214230768,1.0,0.0,800.0,0.5,820.0,-20.0,-0.18698496680000062,0.304,0.11701503319999937,800.0,0.0,0.005,0.256,0.261
114.226647894,1.0,0.0,800.0,0.5,820.0,-20.0,-0.18852969200000075,0.304,0.11547030799999924,800.0,0.0,0.005,0.256,0.261
114.242552187,1.0,0.0,800.0,0.5,820.0,-20.0,-0.190126596300002,0.304,0.11387340369999799,800.0,0.0,0.005,0.256,0.261
114.262217814,1.0,0.0,800.0,0.5,800.0,0.0,-1.265963000020065E-4,0.304,0.303873403699998,780.0,20.0,0.195,0.256,0.451
114.276291899,1.0,0.0,800.0,0.5,800.0,0.0,-1.265963000020065E-4,0.304,0.303873403699998,780.0,20.0,0.195,0.256,0.451
114.297022693,1.0,0.0,800.0,0.5,800.0,0.0,-1.265963000020065E-4,0.304,0.303873403699998,820.0,-20.0,-0.18687290860000075,0.256,0.06912709139999926
114.31816357,1.0,0.0,800.0,0.5,800.0,0.0,-1.265963000020065E-4,0.304,0.303873403699998,820.0,-20.0,-0.18890970460000234,0.256,0.06709029539999767
114.338683489,1.0,0.0,800.0,0.5,800.0,0.0,-1.265963000020065E-4,0.304,0.303873403699998,800.0,0.0,0.0010902953999976717,0.256,0.25709029539999767
114.354270157,1.0,0.0,800.0,0.5,800.0,0.0,-1.265963000020065E-4,0.304,0.303873403699998,780.0,20.0,0.19264867059999743,0.256,0.44864867059999747
114.38376816,0.0,0.0,800.0,0.5,780.0,20.0,0.19246072069999912,0.304,0.49646072069999914,820.0,-20.0,-0.1899386755000029,0.256,0.0660613244999971
114.400712537,1.0,0.0,800.0,0.5,780.0,20.0,0.19438761669999963,0.304,0.49838761669999965,800.0,0.0,6.132449999711298E-5,0.256,0.25606132449999713
114.41982283,1.0,0.0,800.0,0.5,800.0,0.0,0.0043876166999996255,0.304,0.30838761669999964,820.0,-20.0,-0.19185375900000054,0.256,0.06414624099999947
114.432722081,1.0,0.0,800.0,0.5,800.0,0.0,0.0043876166999996255,0.304,0.30838761669999964,800.0,0.0,-0.0018537590000005366,0.256,0.2541462409999995
114.451089208,1.0,0.0,800.0,0.5,800.0,0.0,0.0043876166999996255,0.304,0.30838761669999964,820.0,-20.0,-0.1936448259000008,0.256,0.06235517409999922
114.467435085,1.0,0.0,800.0,0.5,800.0,0.0,0.0043876166999996255,0.304,0.30838761669999964,800.0,0.0,-0.0036448259000007965,0.256,0.2523551740999992
114.490870796,1.0,0.0,800.0,0.5,800.0,0.0,0.0043876166999996255,0.304,0.30838761669999964,800.0,0.0,-0.0036448259000007965,0.256,0.2523551740999992
114.502306755,1.0,0.0,800.0,0.5,800.0,0.0,0.0043876166999996255,0.304,0.30838761669999964,800.0,0.0,-0.0036448259000007965,0.256,0.2523551740999992
114.535051008,0.0,0.0,720.0,0.9,800.0,-80.0,-0.765,0.2736,-0.4914,800.0,-80.0,-0.765,0.23040000000000002,-0.5346
114.55542626,0.0,0.0,720.0,0.9,800.0,-80.0,-0.765,0.2736,-0.4914,780.0,-60.0,-0.575,0.23040000000000002,-0.3445999999999999
114.585451305,0.0,0.0,720.0,0.9,780.0,-60.0,-0.575,0.2736,-0.30139999999999995,760.0,-40.0,-0.385,0.23040000000000002,-0.1546
114.607386099,1.0,0.0,720.0,0.9,740.0,-20.0,-0.195,0.2736,0.0786,740.0,-20.0,-0.195,0.23040000000000002,0.035400000000000015
114.628659393,1.0,0.0,720.0,0.9,720.0,0.0,-0.005,0.2736,0.2686,720.0,0.0,-0.005,0.23040000000000002,0.22540000000000002
114.649058562,1.0,0.0,720.0,0.9,700.0,20.0,0.18702766689999975,0.2736,0.4606276668999998,700.0,20.0,0.18702763769999878,0.23040000000000002,0.4174276376999988
114.670314647,0.0,0.0,720.0,0.9,680.0,40.0,0.3813056007,0.2736,0.6549056007,700.0,20.0,0.1891666921000001,0.23040000000000002,0.4195666921000001
114.686428649,0.0,0.0,720.0,0.9,680.0,40.0,0.3846047593000037,0.2736,0.6582047593000038,700.0,20.0,0.1908162713999991,0.23040000000000002,0.4212162713999991
114.703810817,0.0,0.0,720.0,0.9,680.0,40.0,0.385,0.2736,0.6586000000000001,700.0,20.0,0.1925238340999988,0.23040000000000002,0.4229238340999988
114.722078486,1.0,0.0,720.0,0.9,700.0,20.0,0.195,0.2736,0.4686,700.0,20.0,0.1942731342999997,0.23040000000000002,0.42467313429999975
114.739678821,1.0,0.0,720.0,0.9,720.0,0.0,0.005,0.2736,0.2786,720.0,0.0,0.004273134299999697,0.23040000000000002,0.23467313429999972
114.762076781,0.0,0.0,720.0,0.9,740.0,-20.0,-0.18725251279999838,0.2736,0.08634748720000163,700.0,20.0,0.195,0.23040000000000002,0.4254
114.78326345,1.0,0.0,720.0,0.9,720.0,0.0,0.002747487200001615,0.2736,0.27634748720000163,720.0,0.0,0.005,0.23040000000000002,0.23540000000000003
114.803448244,0.0,0.0,720.0,0.9,740.0,-20.0,-0.18936377129999812,0.2736,0.08423622870000189,700.0,20.0,0.195,0.23040000000000002,0.4254
114.820414787,1.0,0.0,720.0,0.9,720.0,0.0,6.362287000018796E-4,0.2736,0.2742362287000019,720.0,0.0,0.005,0.23040000000000002,0.23540000000000003
114.83752833,0.0,0.0,720.0,0.9,740.0,-20.0,-0.19108157149999896,0.2736,0.08251842850000105,700.0,20.0,0.195,0.23040000000000002,0.4254
114.856430082,1.0,0.0,720.0,0.9,720.0,0.0,-0.0010815714999989723,0.2736,0.272518428500001,720.0,0.0,0.005,0.23040000000000002,0.23540000000000003
114.867150292,1.0,0.0,720.0,0.9,720.0,0.0,-0.0010815714999989723,0.2736,0.272518428500001,720.0,0.0,0.005,0.23040000000000002,0.23540000000000003
114.891946044,1.0,0.0,720.0,0.9,720.0,0.0,-0.0010815714999989723,0.2736,0.272518428500001,720.0,0.0,0.005,0.23040000000000002,0.23540000000000003
114.905750921,1.0,0.0,720.0,0.9,720.0,0.0,-0.0010815714999989723,0.2736,0.272518428500001,720.0,0.0,0.005,0.23040000000000002,0.23540000000000003
114.918800672,1.0,0.0,720.0,0.9,720.0,0.0,-0.0010815714999989723,0.2736,0.272518428500001,720.0,0.0,0.005,0.23040000000000002,0.23540000000000003
114.93175184,1.0,0.0,720.0,0.9,720.0,0.0,-0.0010815714999989723,0.2736,0.272518428500001,720.0,0.0,0.005,0.23040000000000002,0.23540000000000003
114.955358467,0.0,0.0,720.0,0.9,740.0,-20.0,-0.19312198419999674,0.2736,0.08047801580000327,700.0,20.0,0.195,0.23040000000000002,0.4254
114.974350928,1.0,0.0,720.0,0.9,720.0,0.0,-0.0031219841999967457,0.2736,0.27047801580000325,720.0,0.0,0.005,0.23040000000000002,0.23540000000000003
114.992567263,1.0,0.0,720.0,0.9,720.0,0.0,-0.0031219841999967457,0.2736,0.27047801580000325,720.0,0.0,0.005,0.23040000000000002,0.23540000000000003
115.014822307,1.0,0.0,720.0,0.9,720.0,0.0,-0.0031219841999967457,0.2736,0.27047801580000325,720.0,0.0,0.005,0.23040000000000002,0.23540000000000003
115.030356767,1.0,0.0,720.0,0.9,720.0,0.0,-0.0031219841999967457,0.2736,0.27047801580000325,720.0,0.0,0.005,0.23040000000000002,0.23540000000000003
115.051610519,1.0,0.0,720.0,0.9,700.0,20.0,0.18888558690000365,0.2736,0.46248558690000363,720.0,0.0,0.005,0.23040000000000002,0.23540000000000003
115.075182729,1.0,0.0,720.0,0.9,720.0,0.0,-0.001114413099996341,0.2736,0.2724855869000037,700.0,20.0,0.195,0.23040000000000002,0.4254
115.101137857,1.0,0.0,720.0,0.9,720.0,0.0,-0.001114413099996341,0.2736,0.2724855869000037,720.0,0.0,0.005,0.23040000000000002,0.23540000000000003
115.113853358,1.0,0.0,720.0,0.9,720.0,0.0,-0.001114413099996341,0.2736,0.2724855869000037,720.0,0.0,0.005,0.23040000000000002,0.23540000000000003
115.136500986,1.0,0.0,720.0,0.9,720.0,0.0,-0.001114413099996341,0.2736,0.2724855869000037,720.0,0.0,0.005,0.23040000000000002,0.23540000000000003
115.151707904,1.0,0.0,720.0,0.9,720.0,0.0,-0.001114413099996341,0.2736,0.2724855869000037,700.0,20.0,0.195,0.23040000000000002,0.4254
115.186123116,0.0,0.0,800.0,0.5,720.0,80.0,0.765,0.304,1.0,720.0,80.0,0.765,0.256,1.0
115.201663409,0.0,0.0,800.0,0.5,720.0,80.0,0.765,0.304,1.0,740.0,60.0,0.575,0.256,0.831
115.226028953,0.0,0.0,800.0,0.5,740.0,60.0,0.575,0.304,0.879,740.0,60.0,0.575,0.256,0.831
115.240133663,0.0,0.0,800.0,0.5,760.0,40.0,0.385,0.304,0.6890000000000001,740.0,60.0,0.575,0.256,0.831
115.261483956,0.0,0.0,800.0,0.5,780.0,20.0,0.195,0.304,0.499,760.0,40.0,0.385,0.256,0.641
115.277340125,0.0,0.0,800.0,0.5,800.0,0.0,0.005,0.304,0.309,760.0,40.0,0.385,0.256,0.641
115.303989127,1.0,0.0,800.0,0.5,800.0,0.0,0.005,0.304,0.309,820.0,-20.0,-0.18751781279999932,0.256,0.06848218720000068
115.325981671,1.0,0.0,800.0,0.5,800.0,0.0,0.005,0.304,0.309,800.0,0.0,0.002482187200000681,0.256,0.2584821872000007
115.340644048,1.0,0.0,800.0,0.5,820.0,-20.0,-0.18634175430000027,0.304,0.11765824569999972,820.0,-20.0,-0.18885962549999874,0.256,0.06714037450000127
115.358728549,1.0,0.0,800.0,0.5,820.0,-20.0,-0.18815387949999887,0.304,0.11584612050000112,800.0,0.0,0.0011403745000012578,0.256,0.25714037450000127
115.379255177,1.0,0.0,800.0,0.5,820.0,-20.0,-0.19019405879999796,0.304,0.11380594120000204,820.0,-20.0,-0.1908997756999986,0.256,0.0651002243000014
115.406020846,1.0,0.0,800.0,0.5,800.0,0.0,-1.9405879999794706E-4,0.304,0.30380594120000204,820.0,-20.0,-0.1933476759000007,0.256,0.0626523240999993
115.424669139,1.0,0.0,800.0,0.5,800.0,0.0,-1.9405879999794706E-4,0.304,0.30380594120000204,820.0,-20.0,-0.195,0.256,0.061
115.438025141,1.0,0.0,800.0,0.5,800.0,0.0,-1.9405879999794706E-4,0.304,0.30380594120000204,800.0,0.0,-0.005,0.256,0.251
115.453573017,1.0,0.0,800.0,0.5,800.0,0.0,-1.9405879999794706E-4,0.304,0.30380594120000204,800.0,0.0,-0.005,0.256,0.251
115.467516144,1.0,0.0,800.0,0.5,800.0,0.0,-1.9405879999794706E-4,0.304,0.30380594120000204,820.0,-20.0,-0.195,0.256,0.061
115.485452187,1.0,0.0,800.0,0.5,800.0,0.0,-1.9405879999794706E-4,0.304,0.30380594120000204,820.0,-20.0,-0.195,0.256,0.061
115.498366897,1.0,0.0,800.0,0.5,800.0,0.0,-1.9405879999794706E-4,0.304,0.30380594120000204,820.0,-20.0,-0.195,0.256,0.061
115.512326648,1.0,0.0,800.0,0.5,800.0,0.0,-1.9405879999794706E-4,0.304,0.30380594120000204,800.0,0.0,-0.005,0.256,0.251
115.52765315,1.0,0.0,800.0,0.5,800.0,0.0,-1.9405879999794706E-4,0.304,0.30380594120000204,820.0,-20.0,-0.195,0.256,0.061
115.550293194,1.0,0.0,800.0,0.5,800.0,0.0,-1.9405879999794706E-4,0.304,0.30380594120000204,820.0,-20.0,-0.195,0.256,0.061
115.56348207,1.0,0.0,800.0,0.5,800.0,0.0,-1.9405879999794706E-4,0.304,0.30380594120000204,820.0,-20.0,-0.195,0.256,0.061
115.598806699,1.0,0.0,800.0,0.5,780.0,20.0,0.19278671650000206,0.304,0.49678671650000206,800.0,0.0,-0.005,0.256,0.251
115.61461445,1.0,0.0,800.0,0.5,780.0,20.0,0.1947951042000011,0.304,0.49879510420000106,800.0,0.0,-0.005,0.256,0.251
115.628559327,1.0,0.0,800.0,0.5,780.0,20.0,0.195,0.304,0.499,800.0,0.0,-0.005,0.256,0.251
115.653910413,1.0,0.0,800.0,0.5,800.0,0.0,0.005,0.304,0.309,800.0,0.0,-0.005,0.256,0.251
115.664754289,1.0,0.0,800.0,0.5,800.0,0.0,0.005,0.304,0.309,800.0,0.0,-0.005,0.256,0.251
115.677096456,1.0,0.0,800.0,0.5,800.0,0.0,0.005,0.304,0.309,800.0,0.0,-0.005,0.256,0.251
115.693696666,1.0,0.0,800.0,0.5,800.0,0.0,0.005,0.304,0.309,800.0,0.0,-0.005,0.256,0.251
115.705271459,1.0,0.0,800.0,0.5,800.0,0.0,0.005,0.304,0.309,800.0,0.0,-0.005,0.256,0.251
115.72707442,1.0,0.0,800.0,0.5,820.0,-20.0,-0.18694970439999906,0.304,0.11705029560000094,800.0,0.0,-0.005,0.256,0.251
115.741575213,1.0,0.0,800.0,0.5,820.0,-20.0,-0.1885118128999983,0.304,0.1154881871000017,800.0,0.0,-0.005,0.256,0.251
115.753783798,1.0,0.0,800.0,0.5,820.0,-20.0,-0.1897435213,0.304,0.1142564787,800.0,0.0,-0.005,0.256,0.251
115.778983217,1.0,0.0,800.0,0.5,800.0,0.0,2.564787000000024E-4,0.304,0.3042564787,800.0,0.0,-0.005,0.256,0.251
115.800284219,1.0,0.0,800.0,0.5,780.0,20.0,0.19238771640000152,0.304,0.4963877164000015,800.0,0.0,-0.005,0.256,0.251
115.826688805,1.0,0.0,800.0,0.5,780.0,20.0,0.195,0.304,0.499,800.0,0.0,-0.005,0.256,0.251
115.843290765,1.0,0.0,800.0,0.5,780.0,20.0,0.195,0.304,0.499,800.0,0.0,-0.005,0.256,0.251
115.865691934,0.0,0.0,800.0,0.5,820.0,-20.0,-0.18681743349999977,0.304,0.11718256650000022,780.0,20.0,0.18681755010000017,0.256,0.4428175501000002
115.882532769,1.0,0.0,800.0,0.5,820.0,-20.0,-0.18857726279999895,0.304,0.11542273720000104,800.0,0.0,-0.003182449899999824,0.256,0.2528175501000002
115.90939848,0.0,0.0,800.0,0.5,820.0,-20.0,-0.19098788809999748,0.304,0.11301211190000252,780.0,20.0,0.18922805869999934,0.256,0.4452280586999994
115.934009899,1.0,0.0,800.0,0.5,800.0,0.0,-9.878880999974627E-4,0.304,0.30301211190000255,780.0,20.0,0.19198801310000194,0.256,0.4479880131000019
115.949907776,1.0,0.0,800.0,0.5,800.0,0.0,-9.878880999974627E-4,0.304,0.30301211190000255,800.0,0.0,0.001988013100001922,0.256,0.2579880131000019
115.966237902,1.0,0.0,800.0,0.5,800.0,0.0,-9.878880999974627E-4,0.304,0.30301211190000255,800.0,0.0,0.001988013100001922,0.256,0.2579880131000019
115.979383904,1.0,0.0,800.0,0.5,800.0,0.0,-9.878880999974627E-4,0.304,0.30301211190000255,780.0,20.0,0.19309048400000164,0.256,0.4490904840000016
116.001987489,1.0,0.0,800.0,0.5,800.0,0.0,-9.878880999974627E-4,0.304,0.30301211190000255,800.0,0.0,0.003090484000001652,0.256,0.2590904840000017
116.022382575,1.0,0.0,800.0,0.5,800.0,0.0,-9.878880999974627E-4,0.304,0.30301211190000255,780.0,20.0,0.195,0.256,0.451
116.03845516,1.0,0.0,800.0,0.5,800.0,0.0,-9.878880999974627E-4,0.304,0.30301211190000255,800.0,0.0,0.005,0.256,0.261
116.063175954,1.0,0.0,800.0,0.5,800.0,0.0,-9.878880999974627E-4,0.304,0.30301211190000255,780.0,20.0,0.195,0.256,0.451
116.077644955,1.0,0.0,800.0,0.5,800.0,0.0,-9.878880999974627E-4,0.304,0.30301211190000255,800.0,0.0,0.005,0.256,0.261
116.102289916,1.0,0.0,800.0,0.5,780.0,20.0,0.19127022460000206,0.304,0.49527022460000203,800.0,0.0,0.005,0.256,0.261
116.118828293,1.0,0.0,800.0,0.5,780.0,20.0,0.1932044706000039,0.304,0.4972044706000039,800.0,0.0,0.005,0.256,0.261
116.144669379,1.0,0.0,800.0,0.5,800.0,0.0,0.0032044706000039017,0.304,0.3072044706000039,800.0,0.0,0.005,0.256,0.261
116.165918172,1.0,0.0,800.0,0.5,820.0,-20.0,-0.1891499212999952,0.304,0.1148500787000048,800.0,0.0,0.005,0.256,0.261
116.184880008,1.0,0.0,800.0,0.5,820.0,-20.0,-0.1910522589999948,0.304,0.11294774100000518,800.0,0.0,0.005,0.256,0.261
116.196640009,1.0,0.0,800.0,0.5,820.0,-20.0,-0.19222073409999665,0.304,0.11177926590000334,800.0,0.0,0.005,0.256,0.261
116.219212969,1.0,0.0,800.0,0.5,800.0,0.0,-0.002220734099996662,0.304,0.3017792659000033,800.0,0.0,0.005,0.256,0.261
116.237239138,1.0,0.0,800.0,0.5,800.0,0.0,-0.002220734099996662,0.304,0.3017792659000033,780.0,20.0,0.195,0.256,0.451
116.25600264,1.0,0.0,800.0,0.5,800.0,0.0,-0.002220734099996662,0.304,0.3017792659000033,800.0,0.0,0.005,0.256,0.261
116.273130475,0.0,0.0,800.0,0.5,820.0,-20.0,-0.19370409259999577,0.304,0.11029590740000422,780.0,20.0,0.195,0.256,0.451
116.294436144,1.0,0.0,800.0,0.5,820.0,-20.0,-0.195,0.304,0.10899999999999999,800.0,0.0,0.005,0.256,0.261
116.308986228,0.0,0.0,800.0,0.5,820.0,-20.0,-0.195,0.304,0.10899999999999999,780.0,20.0,0.195,0.256,0.451
116.334813023,1.0,0.0,800.0,0.5,800.0,0.0,-0.005,0.304,0.299,800.0,0.0,0.005,0.256,0.261
116.354732983,1.0,0.0,800.0,0.5,800.0,0.0,-0.005,0.304,0.299,800.0,0.0,0.005,0.256,0.261
116.371186485,1.0,0.0,800.0,0.5,800.0,0.0,-0.005,0.304,0.299,800.0,0.0,0.005,0.256,0.261
116.385050861,1.0,0.0,800.0,0.5,800.0,0.0,-0.005,0.304,0.299,800.0,0.0,0.005,0.256,0.261
116.402358071,0.0,0.0,800.0,0.5,780.0,20.0,0.1864215833999998,0.304,0.4904215833999998,820.0,-20.0,-0.18642158349999874,0.256,0.06957841650000127
116.435809616,0.0,0.0,695.0,0.95,780.0,-85.0,-0.8125,0.2641,-0.5484,800.0,-105.0,-1.0025,0.22240000000000001,-0.7800999999999999
116.45788791,0.0,0.0,695.0,0.95,780.0,-85.0,-0.8125,0.2641,-0.5484,800.0,-105.0,-1.0025,0.22240000000000001,-0.7800999999999999
116.472047745,0.0,0.0,695.0,0.95,780.0,-85.0,-0.8125,0.2641,-0.5484,780.0,-85.0,-0.8125,0.22240000000000001,-0.5901
116.497387164,0.0,0.0,695.0,0.95,760.0,-65.0,-0.6224999999999999,0.2641,-0.35839999999999994,760.0,-65.0,-0.6224999999999999,0.22240000000000001,-0.4000999999999999
116.514156832,1.0,0.0,695.0,0.95,720.0,-25.0,-0.2425,0.2641,0.021600000000000008,700.0,-5.0,-0.0525,0.22240000000000001,0.16990000000000002
116.535036959,1.0,0.0,695.0,0.95,700.0,-5.0,-0.0525,0.2641,0.2116,680.0,15.0,0.13906999082499993,0.22240000000000001,0.361469990825
116.550657461,1.0,0.0,695.0,0.95,680.0,15.0,0.13865596262500046,0.2641,0.40275596262500046,660.0,35.0,0.3317671858499993,0.22240000000000001,0.5541671858499994
116.573827172,1.0,0.0,695.0,0.95,660.0,35.0,0.3327714526750002,0.2641,0.5968714526750002,660.0,35.0,0.33588272682499765,0.22240000000000001,0.5582827268249977
116.588216256,1.0,0.0,695.0,0.95,660.0,35.0,0.33519011332499904,0.2641,0.599290113324999,660.0,35.0,0.3375,0.22240000000000001,0.5599000000000001
116.611547842,1.0,0.0,695.0,0.95,660.0,35.0,0.3375,0.2641,0.6016,660.0,35.0,0.3375,0.22240000000000001,0.5599000000000001
116.627975385,1.0,0.0,695.0,0.95,680.0,15.0,0.1475,0.2641,0.41159999999999997,680.0,15.0,0.1475,0.22240000000000001,0.3699
116.663919514,0.0,0.0,800.0,0.5,680.0,120.0,1.1449999999999998,0.304,1.0,700.0,100.0,0.955,0.256,1.0
116.677003974,0.0,0.0,800.0,0.5,680.0,120.0,1.1449999999999998,0.304,1.0,700.0,100.0,0.955,0.256,1.0
116.6948496,0.0,0.0,800.0,0.5,700.0,100.0,0.955,0.304,1.0,700.0,100.0,0.955,0.256,1.0
116.70891931,0.0,0.0,800.0,0.5,700.0,100.0,0.955,0.304,1.0,720.0,80.0,0.765,0.256,1.0
116.72576627,0.0,0.0,800.0,0.5,740.0,60.0,0.575,0.304,0.879,720.0,80.0,0.765,0.256,1.0
116.743742272,0.0,0.0,800.0,0.5,740.0,60.0,0.575,0.304,0.879,760.0,40.0,0.385,0.256,0.641
116.756286273,0.0,0.0,800.0,0.5,760.0,40.0,0.385,0.304,0.6890000000000001,760.0,40.0,0.385,0.256,0.641
116.781390026,1.0,0.0,800.0,0.5,780.0,20.0,0.195,0.304,0.499,780.0,20.0,0.195,0.256,0.451
116.793199027,1.0,0.0,800.0,0.5,800.0,0.0,0.005,0.304,0.309,780.0,20.0,0.195,0.256,0.451
116.810202029,1.0,0.0,800.0,0.5,820.0,-20.0,-0.18648916260000079,0.304,0.11751083739999921,820.0,-20.0,-0.18648913349999874,0.256,0.06951086650000127
116.82698103,1.0,0.0,800.0,0.5,820.0,-20.0,-0.18815131280000003,0.304,0.11584868719999997,820.0,-20.0,-0.1881512837000008,0.256,0.0678487162999992
116.8559587,1.0,0.0,800.0,0.5,800.0,0.0,0.0018486871999999722,0.304,0.30584868719999997,800.0,0.0,0.0018487162999991824,0.256,0.25784871629999917
116.872798952,1.0,0.0,800.0,0.5,820.0,-20.0,-0.1900459797000002,0.304,0.11395402029999979,800.0,0.0,0.0018487162999991824,0.256,0.25784871629999917
116.891717037,1.0,0.0,800.0,0.5,820.0,-20.0,-0.1919239922999998,0.304,0.1120760077000002,800.0,0.0,0.0018487162999991824,0.256,0.25784871629999917
116.905233455,1.0,0.0,800.0,0.5,820.0,-20.0,-0.19328024250000111,0.304,0.11071975749999888,800.0,0.0,0.0018487162999991824,0.256,0.25784871629999917
116.920144915,1.0,0.0,800.0,0.5,800.0,0.0,-0.0032802425000011226,0.304,0.30071975749999885,820.0,-20.0,-0.1894072880000016,0.256,0.06659271199999842
116.945247501,1.0,0.0,800.0,0.5,820.0,-20.0,-0.195,0.304,0.10899999999999999,820.0,-20.0,-0.19165023399999995,0.256,0.06434976600000006
116.959028752,1.0,0.0,800.0,0.5,820.0,-20.0,-0.195,0.304,0.10899999999999999,800.0,0.0,-0.0016502339999999549,0.256,0.25434976600000003
116.979291421,1.0,0.0,800.0,0.5,800.0,0.0,-0.005,0.304,0.299,800.0,0.0,-0.0016502339999999549,0.256,0.25434976600000003
116.999238506,1.0,0.0,800.0,0.5,800.0,0.0,-0.005,0.304,0.299,800.0,0.0,-0.0016502339999999549,0.256,0.25434976600000003
117.022150675,1.0,0.0,800.0,0.5,800.0,0.0,-0.005,0.304,0.299,800.0,0.0,-0.0016502339999999549,0.256,0.25434976600000003
117.033154676,1.0,0.0,800.0,0.5,800.0,0.0,-0.005,0.304,0.299,800.0,0.0,-0.0016502339999999549,0.256,0.25434976600000003
117.057470637,1.0,0.0,800.0,0.5,800.0,0.0,-0.005,0.304,0.299,800.0,0.0,-0.0016502339999999549,0.256,0.25434976600000003
117.070514555,1.0,0.0,800.0,0.5,800.0,0.0,-0.005,0.304,0.299,800.0,0.0,-0.0016502339999999549,0.256,0.25434976600000003
117.094909266,1.0,0.0,800.0,0.5,800.0,0.0,-0.005,0.304,0.299,800.0,0.0,-0.0016502339999999549,0.256,0.25434976600000003
117.112298142,1.0,0.0,800.0,0.5,820.0,-20.0,-0.195,0.304,0.10899999999999999,800.0,0.0,-0.0016502339999999549,0.256,0.25434976600000003
117.138952978,1.0,0.0,800.0,0.5,820.0,-20.0,-0.195,0.304,0.10899999999999999,800.0,0.0,-0.0016502339999999549,0.256,0.25434976600000003
117.151303313,1.0,0.0,800.0,0.5,820.0,-20.0,-0.195,0.304,0.10899999999999999,800.0,0.0,-0.0016502339999999549,0.256,0.25434976600000003
117.169604231,1.0,0.0,800.0,0.5,800.0,0.0,-0.005,0.304,0.299,800.0,0.0,-0.0016502339999999549,0.256,0.25434976600000003
117.180669774,1.0,0.0,800.0,0.5,800.0,0.0,-0.005,0.304,0.299,800.0,0.0,-0.0016502339999999549,0.256,0.25434976600000003
117.193795942,1.0,0.0,800.0,0.5,800.0,0.0,-0.005,0.304,0.299,800.0,0.0,-0.0016502339999999549,0.256,0.25434976600000003
117.211703402,1.0,0.0,800.0,0.5,800.0,0.0,-0.005,0.304,0.299,780.0,20.0,0.18984114530000057,0.256,0.4458411453000006
117.231341613,1.0,0.0,800.0,0.5,800.0,0.0,-0.005,0.304,0.299,800.0,0.0,-1.588546999994378E-4,0.256,0.25584114530000057
117.259080282,1.0,0.0,800.0,0.5,800.0,0.0,-0.005,0.304,0.299,800.0,0.0,-1.588546999994378E-4,0.256,0.25584114530000057
117.273260825,1.0,0.0,800.0,0.5,780.0,20.0,0.18629887930000052,0.304,0.4902988793000005,800.0,0.0,-1.588546999994378E-4,0.256,0.25584114530000057
117.291229827,1.0,0.0,800.0,0.5,800.0,0.0,-0.0037011206999994785,0.304,0.3002988793000005,800.0,0.0,-1.588546999994378E-4,0.256,0.25584114530000057
117.309824162,1.0,0.0,800.0,0.5,780.0,20.0,0.1878467837000022,0.304,0.49184678370000223,780.0,20.0,0.19138902050000126,0.256,0.4473890205000013
117.330146914,0.0,0.0,800.0,0.5,820.0,-20.0,-0.19431055819999699,0.304,0.109689441800003,780.0,20.0,0.19354633319999948,0.256,0.4495463331999995
117.354281458,1.0,0.0,800.0,0.5,820.0,-20.0,-0.195,0.304,0.10899999999999999,800.0,0.0,0.003546333199999481,0.256,0.2595463331999995
117.371532377,1.0,0.0,800.0,0.5,800.0,0.0,-0.005,0.304,0.299,800.0,0.0,0.003546333199999481,0.256,0.2595463331999995
117.384912003,1.0,0.0,800.0,0.5,800.0,0.0,-0.005,0.304,0.299,800.0,0.0,0.003546333199999481,0.256,0.2595463331999995
117.397073921,1.0,0.0,800.0,0.5,820.0,-20.0,-0.195,0.304,0.10899999999999999,800.0,0.0,0.003546333199999481,0.256,0.2595463331999995
117.412932423,1.0,0.0,800.0,0.5,800.0,0.0,-0.005,0.304,0.299,800.0,0.0,0.003546333199999481,0.256,0.2595463331999995
117.42407584,1.0,0.0,800.0,0.5,800.0,0.0,-0.005,0.304,0.299,800.0,0.0,0.003546333199999481,0.256,0.2595463331999995
117.442024426,1.0,0.0,800.0,0.5,800.0,0.0,-0.005,0.304,0.299,800.0,0.0,0.003546333199999481,0.256,0.2595463331999995
117.455250344,1.0,0.0,800.0,0.5,800.0,0.0,-0.005,0.304,0.299,800.0,0.0,0.003546333199999481,0.256,0.2595463331999995
117.470375303,1.0,0.0,800.0,0.5,800.0,0.0,-0.005,0.304,0.299,780.0,20.0,0.195,0.256,0.451
117.492543722,1.0,0.0,800.0,0.5,780.0,20.0,0.1870829085999992,0.304,0.4910829085999992,800.0,0.0,0.005,0.256,0.261
117.507380224,1.0,0.0,800.0,0.5,780.0,20.0,0.18874467959999833,0.304,0.49274467959999835,800.0,0.0,0.005,0.256,0.261
117.519966517,1.0,0.0,800.0,0.5,780.0,20.0,0.1900270796999996,0.304,0.4940270796999996,800.0,0.0,0.005,0.256,0.261
117.548104769,0.0,1.0,800.0,0.5,820.0,-20.0,-0.1926164122,0.304,0.11138358779999999,780.0,20.0,0.195,0.256,0.451
117.568351397,1.0,0.0,800.0,0.5,820.0,-20.0,-0.19462226240000122,0.304,0.10937773759999878,800.0,0.0,0.005,0.256,0.261
117.582874356,1.0,0.0,800.0,0.5,820.0,-20.0,-0.195,0.304,0.10899999999999999,800.0,0.0,0.005,0.256,0.261
117.603435108,1.0,0.0,800.0,0.5,800.0,0.0,-0.005,0.304,0.299,800.0,0.0,0.005,0.256,0.261
117.626708361,1.0,0.0,800.0,0.5,800.0,0.0,-0.005,0.304,0.299,800.0,0.0,0.005,0.256,0.261
117.654910197,1.0,0.0,800.0,0.5,800.0,0.0,-0.005,0.304,0.299,800.0,0.0,0.005,0.256,0.261
117.668034907,1.0,0.0,800.0,0.5,800.0,0.0,-0.005,0.304,0.299,800.0,0.0,0.005,0.256,0.261
117.690921701,1.0,0.0,800.0,0.5,800.0,0.0,-0.005,0.304,0.299,800.0,0.0,0.005,0.256,0.261
117.705745077,1.0,0.0,800.0,0.5,800.0,0.0,-0.005,0.304,0.299,800.0,0.0,0.005,0.256,0.261
117.718693912,1.0,0.0,800.0,0.5,800.0,0.0,-0.005,0.304,0.299,800.0,0.0,0.005,0.256,0.261
117.738698164,1.0,0.0,800.0,0.5,800.0,0.0,-0.005,0.304,0.299,780.0,20.0,0.195,0.256,0.451
117.757383791,0.0,0.0,800.0,0.5,720.0,80.0,0.762026017599992,0.304,1.0,700.0,100.0,0.955,0.256,1.0
117.785660002,0.0,0.0,800.0,0.5,620.0,180.0,1.7149999999999999,0.304,1.0,620.0,180.0,1.7149999999999999,0.256,1.0
117.797384128,0.0,0.0,800.0,0.5,640.0,160.0,1.525,0.304,1.0,640.0,160.0,1.525,0.256,1.0
117.811359921,0.0,0.0,800.0,0.5,640.0,160.0,1.525,0.304,1.0,660.0,140.0,1.335,0.256,1.0
117.824786797,0.0,0.0,800.0,0.5,640.0,160.0,1.525,0.304,1.0,640.0,160.0,1.525,0.256,1.0
117.856624551,1.0,0.0,695.0,0.9,700.0,-5.0,-0.043129416749999476,0.2641,0.22097058325000052,680.0,15.0,0.1475,0.22240000000000001,0.3699
117.874342719,1.0,0.0,695.0,0.9,720.0,-25.0,-0.23578547950000198,0.2641,0.028314520499998025,720.0,-25.0,-0.23515606274999895,0.22240000000000001,-0.012756062749998937
117.892404762,0.0,0.0,695.0,0.9,740.0,-45.0,-0.4297411579249973,0.2641,-0.16564115792499728,740.0,-45.0,-0.4291116754749984,0.22240000000000001,-0.20671167547499839
117.907465556,0.0,0.0,695.0,0.9,740.0,-45.0,-0.4325,0.2641,-0.1684,740.0,-45.0,-0.4325,0.22240000000000001,-0.21009999999999998
117.922304682,0.0,0.0,695.0,0.9,740.0,-45.0,-0.4325,0.2641,-0.1684,720.0,-25.0,-0.2425,0.22240000000000001,-0.02009999999999998
117.940626309,1.0,0.0,695.0,0.9,720.0,-25.0,-0.2425,0.2641,0.021600000000000008,700.0,-5.0,-0.0525,0.22240000000000001,0.16990000000000002
117.958495561,1.0,0.0,695.0,0.9,720.0,-25.0,-0.2425,0.2641,0.021600000000000008,700.0,-5.0,-0.0525,0.22240000000000001,0.16990000000000002
117.970644937,1.0,0.0,695.0,0.9,720.0,-25.0,-0.2425,0.2641,0.021600000000000008,700.0,-5.0,-0.0525,0.22240000000000001,0.16990000000000002
117.984352397,0.0,0.0,695.0,0.9,720.0,-25.0,-0.2425,0.2641,0.021600000000000008,680.0,15.0,0.1383622251250003,0.22240000000000001,0.36076222512500034
118.008107191,1.0,0.0,695.0,0.9,700.0,-5.0,-0.0525,0.2641,0.2116,680.0,15.0,0.14007440342500174,0.22240000000000001,0.36247440342500176
118.023646609,1.0,0.0,695.0,0.9,700.0,-5.0,-0.0525,0.2641,0.2116,680.0,15.0,0.14124373165000179,0.22240000000000001,0.3636437316500018
118.049858695,0.0,0.0,720.0,0.9,680.0,40.0,0.38021196720000033,0.2736,0.6538119672000003,700.0,20.0,0.1913497444500001,0.23040000000000002,0.42174974445000013
118.066381613,1.0,0.0,720.0,0.9,700.0,20.0,0.1917925673000019,0.2736,0.4653925673000019,700.0,20.0,0.19293028625000147,0.23040000000000002,0.42333028625000146
118.083388698,0.0,0.0,720.0,0.9,680.0,40.0,0.385,0.2736,0.6586000000000001,700.0,20.0,0.19470548644999952,0.23040000000000002,0.42510548644999957
118.098977991,1.0,0.0,720.0,0.9,720.0,0.0,0.005,0.2736,0.2786,700.0,20.0,0.195,0.23040000000000002,0.4254
118.114821035,1.0,0.0,720.0,0.9,700.0,20.0,0.195,0.2736,0.4686,700.0,20.0,0.195,0.23040000000000002,0.4254
118.133913828,0.0,0.0,720.0,0.9,740.0,-20.0,-0.18690262940000138,0.2736,0.08669737059999863,700.0,20.0,0.195,0.23040000000000002,0.4254
118.15225908,1.0,0.0,720.0,0.9,720.0,0.0,0.0030973705999986123,0.2736,0.2766973705999986,720.0,0.0,0.005,0.23040000000000002,0.23540000000000003
118.165588832,1.0,0.0,720.0,0.9,720.0,0.0,0.0030973705999986123,0.2736,0.2766973705999986,720.0,0.0,0.005,0.23040000000000002,0.23540000000000003
118.176831416,1.0,0.0,720.0,0.9,720.0,0.0,0.0030973705999986123,0.2736,0.2766973705999986,720.0,0.0,0.005,0.23040000000000002,0.23540000000000003
118.192423918,1.0,0.0,720.0,0.9,720.0,0.0,0.0030973705999986123,0.2736,0.2766973705999986,720.0,0.0,0.005,0.23040000000000002,0.23540000000000003
118.216639253,1.0,0.0,720.0,0.9,720.0,0.0,0.0030973705999986123,0.2736,0.2766973705999986,720.0,0.0,0.005,0.23040000000000002,0.23540000000000003
118.239854464,1.0,0.0,720.0,0.9,740.0,-20.0,-0.18909234620000234,0.2736,0.08450765379999767,720.0,0.0,0.005,0.23040000000000002,0.23540000000000003
118.261427591,1.0,0.0,720.0,0.9,720.0,0.0,9.076537999976608E-4,0.2736,0.2745076537999977,720.0,0.0,0.005,0.23040000000000002,0.23540000000000003
118.275399884,1.0,0.0,720.0,0.9,740.0,-20.0,-0.19045973800000185,0.2736,0.08314026199999816,720.0,0.0,0.005,0.23040000000000002,0.23540000000000003
118.296451511,1.0,0.0,720.0,0.9,720.0,0.0,-4.5973800000183475E-4,0.2736,0.2731402619999982,720.0,0.0,0.005,0.23040000000000002,0.23540000000000003
118.312949638,0.0,0.0,720.0,0.9,720.0,0.0,-4.5973800000183475E-4,0.2736,0.2731402619999982,680.0,40.0,0.385,0.23040000000000002,0.6154000000000001
118.334707682,0.0,0.0,720.0,0.9,640.0,80.0,0.765,0.2736,1.0,640.0,80.0,0.765,0.23040000000000002,0.9954000000000001
118.349718017,0.0,0.0,720.0,0.9,600.0,120.0,1.1449999999999998,0.2736,1.0,580.0,140.0,1.335,0.23040000000000002,1.0
118.370198852,0.0,0.0,720.0,0.9,600.0,120.0,1.1449999999999998,0.2736,1.0,580.0,140.0,1.335,0.23040000000000002,1.0
118.383047937,0.0,0.0,720.0,0.9,600.0,120.0,1.1449999999999998,0.2736,1.0,580.0,140.0,1.335,0.23040000000000002,1.0
118.394269813,0.0,0.0,720.0,0.9,600.0,120.0,1.1449999999999998,0.2736,1.0,600.0,120.0,1.1449999999999998,0.23040000000000002,1.0
118.413720773,0.0,0.0,720.0,0.9,640.0,80.0,0.765,0.2736,1.0,620.0,100.0,0.955,0.23040000000000002,1.0
118.439423317,0.0,0.0,720.0,0.9,680.0,40.0,0.385,0.2736,0.6586000000000001,660.0,60.0,0.575,0.23040000000000002,0.8054
118.455181194,0.0,0.0,720.0,0.9,700.0,20.0,0.195,0.2736,0.4686,680.0,40.0,0.385,0.23040000000000002,0.6154000000000001
118.476472863,1.0,0.0,720.0,0.9,720.0,0.0,0.005,0.2736,0.2786,700.0,20.0,0.195,0.23040000000000002,0.4254
118.489469822,1.0,0.0,720.0,0.9,720.0,0.0,0.005,0.2736,0.2786,720.0,0.0,0.005,0.23040000000000002,0.23540000000000003
118.510872033,0.0,0.0,720.0,0.9,760.0,-40.0,-0.3794658253999955,0.2736,-0.1058658253999955,720.0,0.0,0.005,0.23040000000000002,0.23540000000000003
118.528520493,1.0,0.0,720.0,0.9,740.0,-20.0,-0.19097461719999614,0.2736,0.08262538280000387,740.0,-20.0,-0.1865087335000004,0.23040000000000002,0.04389126649999961
118.547917495,0.0,0.0,720.0,0.9,760.0,-40.0,-0.3846484509999982,0.2736,-0.11104845099999822,740.0,-20.0,-0.18834567950000064,0.23040000000000002,0.04205432049999938
118.564900955,1.0,0.0,720.0,0.9,720.0,0.0,-0.004648450999998204,0.2736,0.2689515490000018,740.0,-20.0,-0.19017938800000195,0.23040000000000002,0.040220611999998074
118.580243207,1.0,0.0,720.0,0.9,740.0,-20.0,-0.195,0.2736,0.0786,740.0,-20.0,-0.1917141382000017,0.23040000000000002,0.03868586179999833
118.600155292,1.0,0.0,720.0,0.9,720.0,0.0,-0.005,0.2736,0.2686,740.0,-20.0,-0.19370849670000098,0.23040000000000002,0.03669150329999904
118.613707585,1.0,0.0,720.0,0.9,720.0,0.0,-0.005,0.2736,0.2686,740.0,-20.0,-0.195,0.23040000000000002,0.035400000000000015
118.632241253,1.0,0.0,720.0,0.9,720.0,0.0,-0.005,0.2736,0.2686,740.0,-20.0,-0.195,0.23040000000000002,0.035400000000000015
118.646182921,1.0,0.0,720.0,0.9,720.0,0.0,-0.005,0.2736,0.2686,740.0,-20.0,-0.195,0.23040000000000002,0.035400000000000015
118.661935256,1.0,0.0,720.0,0.9,720.0,0.0,-0.005,0.2736,0.2686,720.0,0.0,-0.005,0.23040000000000002,0.22540000000000002
118.676460841,1.0,0.0,720.0,0.9,720.0,0.0,-0.005,0.2736,0.2686,740.0,-20.0,-0.195,0.23040000000000002,0.035400000000000015
118.692245843,1.0,0.0,720.0,0.9,720.0,0.0,-0.005,0.2736,0.2686,720.0,0.0,-0.005,0.23040000000000002,0.22540000000000002
118.70948072,1.0,0.0,720.0,0.9,720.0,0.0,-0.005,0.2736,0.2686,740.0,-20.0,-0.195,0.23040000000000002,0.035400000000000015
118.722872888,1.0,0.0,720.0,0.9,720.0,0.0,-0.005,0.2736,0.2686,720.0,0.0,-0.005,0.23040000000000002,0.22540000000000002
118.734751305,1.0,0.0,720.0,0.9,720.0,0.0,-0.005,0.2736,0.2686,720.0,0.0,-0.005,0.23040000000000002,0.22540000000000002
118.75139439,0.0,0.0,720.0,0.9,680.0,40.0,0.3776874169999985,0.2736,0.6512874169999985,700.0,20.0,0.1863437085000021,0.23040000000000002,0.4167437085000021
118.768022892,0.0,0.0,720.0,0.9,660.0,60.0,0.5725767422999973,0.2736,0.8461767422999973,660.0,60.0,0.5712328589000003,0.23040000000000002,0.8016328589000004
118.78416081,0.0,0.0,720.0,0.9,620.0,100.0,0.955,0.2736,1.0,620.0,100.0,0.955,0.23040000000000002,1.0
118.807034188,0.0,0.0,720.0,0.9,600.0,120.0,1.1449999999999998,0.2736,1.0,580.0,140.0,1.335,0.23040000000000002,1.0
118.818463147,0.0,0.0,720.0,0.9,600.0,120.0,1.1449999999999998,0.2736,1.0,600.0,120.0,1.1449999999999998,0.23040000000000002,1.0
118.83064869,0.0,0.0,720.0,0.9,620.0,100.0,0.955,0.2736,1.0,600.0,120.0,1.1449999999999998,0.23040000000000002,1.0
118.84204615,0.0,0.0,720.0,0.9,640.0,80.0,0.765,0.2736,1.0,600.0,120.0,1.1449999999999998,0.23040000000000002,1.0
118.855485859,0.0,0.0,720.0,0.9,640.0,80.0,0.765,0.2736,1.0,640.0,80.0,0.765,0.23040000000000002,0.9954000000000001
118.870418611,0.0,0.0,720.0,0.9,700.0,20.0,0.195,0.2736,0.4686,660.0,60.0,0.575,0.23040000000000002,0.8054
118.900571989,0.0,0.0,720.0,0.9,740.0,-20.0,-0.1880085420000006,0.2736,0.0855914579999994,700.0,20.0,0.195,0.23040000000000002,0.4254
118.921002949,1.0,0.0,720.0,0.9,740.0,-20.0,-0.18998881299999995,0.2736,0.08361118700000006,720.0,0.0,0.005,0.23040000000000002,0.23540000000000003
118.944552701,1.0,0.0,720.0,0.9,740.0,-20.0,-0.1919316631999982,0.2736,0.08166833680000182,740.0,-20.0,-0.18694287939999923,0.23040000000000002,0.04345712060000079
118.960423161,1.0,0.0,720.0,0.9,740.0,-20.0,-0.19396735089999936,0.2736,0.07963264910000065,740.0,-20.0,-0.18897859619999963,0.23040000000000002,0.041421403800000395
118.975565621,1.0,0.0,720.0,0.9,740.0,-20.0,-0.195,0.2736,0.0786,740.0,-20.0,-0.19051165470000114,0.23040000000000002,0.03988834529999888
119.002183416,0.0,0.0,720.0,0.9,760.0,-40.0,-0.385,0.2736,-0.1114,740.0,-20.0,-0.19295905909999989,0.23040000000000002,0.037440940900000136
119.022141876,1.0,0.0,720.0,0.9,720.0,0.0,-0.005,0.2736,0.2686,740.0,-20.0,-0.195,0.23040000000000002,0.035400000000000015
119.036583752,1.0,0.0,720.0,0.9,740.0,-20.0,-0.195,0.2736,0.0786,740.0,-20.0,-0.195,0.23040000000000002,0.035400000000000015
119.058075213,1.0,0.0,720.0,0.9,720.0,0.0,-0.005,0.2736,0.2686,740.0,-20.0,-0.195,0.23040000000000002,0.035400000000000015
119.072123048,1.0,0.0,720.0,0.9,740.0,-20.0,-0.195,0.2736,0.0786,720.0,0.0,-0.005,0.23040000000000002,0.22540000000000002
119.094123175,1.0,0.0,720.0,0.9,720.0,0.0,-0.005,0.2736,0.2686,740.0,-20.0,-0.195,0.23040000000000002,0.035400000000000015
119.106924426,1.0,0.0,720.0,0.9,720.0,0.0,-0.005,0.2736,0.2686,720.0,0.0,-0.005,0.23040000000000002,0.22540000000000002
119.123452594,0.0,0.0,720.0,0.9,700.0,20.0,0.18652261679999982,0.2736,0.46012261679999983,740.0,-20.0,-0.195,0.23040000000000002,0.035400000000000015
119.138589221,1.0,0.0,720.0,0.9,720.0,0.0,-0.0034773832000001906,0.2736,0.2701226167999998,740.0,-20.0,-0.195,0.23040000000000002,0.035400000000000015
119.151599597,1.0,0.0,720.0,0.9,720.0,0.0,-0.0034773832000001906,0.2736,0.2701226167999998,740.0,-20.0,-0.195,0.23040000000000002,0.035400000000000015
119.167848349,1.0,0.0,720.0,0.9,720.0,0.0,-0.0034773832000001906,0.2736,0.2701226167999998,720.0,0.0,-0.005,0.23040000000000002,0.22540000000000002
119.186481767,1.0,0.0,720.0,0.9,720.0,0.0,-0.0034773832000001906,0.2736,0.2701226167999998,720.0,0.0,-0.005,0.23040000000000002,0.22540000000000002
119.198319644,1.0,0.0,720.0,0.9,720.0,0.0,-0.0034773832000001906,0.2736,0.2701226167999998,720.0,0.0,-0.005,0.23040000000000002,0.22540000000000002
119.228410313,1.0,0.0,720.0,0.9,720.0,0.0,-0.0034773832000001906,0.2736,0.2701226167999998,720.0,0.0,-0.005,0.23040000000000002,0.22540000000000002
119.24796919,1.0,0.0,720.0,0.9,720.0,0.0,-0.0034773832000001906,0.2736,0.2701226167999998,740.0,-20.0,-0.195,0.23040000000000002,0.035400000000000015
119.263456692,1.0,0.0,720.0,0.9,720.0,0.0,-0.0034773832000001906,0.2736,0.2701226167999998,720.0,0.0,-0.005,0.23040000000000002,0.22540000000000002
119.277335652,1.0,0.0,720.0,0.9,720.0,0.0,-0.0034773832000001906,0.2736,0.2701226167999998,720.0,0.0,-0.005,0.23040000000000002,0.22540000000000002
119.295773362,1.0,0.0,720.0,0.9,720.0,0.0,-0.0034773832000001906,0.2736,0.2701226167999998,720.0,0.0,-0.005,0.23040000000000002,0.22540000000000002
119.307535405,1.0,0.0,720.0,0.9,720.0,0.0,-0.0034773832000001906,0.2736,0.2701226167999998,720.0,0.0,-0.005,0.23040000000000002,0.22540000000000002
119.323976948,1.0,0.0,720.0,0.9,720.0,0.0,-0.0034773832000001906,0.2736,0.2701226167999998,720.0,0.0,-0.005,0.23040000000000002,0.22540000000000002
119.338119574,1.0,0.0,720.0,0.9,700.0,20.0,0.18781566279999765,0.2736,0.4614156627999977,720.0,0.0,-0.005,0.23040000000000002,0.22540000000000002
119.355480159,0.0,0.0,720.0,0.9,700.0,20.0,0.18935044209999943,0.2736,0.46295044209999947,740.0,-20.0,-0.195,0.23040000000000002,0.035400000000000015
119.384476204,1.0,0.0,720.0,0.9,720.0,0.0,-6.495579000005591E-4,0.2736,0.27295044209999947,720.0,0.0,-0.005,0.23040000000000002,0.22540000000000002
119.397151455,1.0,0.0,720.0,0.9,720.0,0.0,-6.495579000005591E-4,0.2736,0.27295044209999947,720.0,0.0,-0.005,0.23040000000000002,0.22540000000000002
119.416572957,1.0,0.0,720.0,0.9,720.0,0.0,-6.495579000005591E-4,0.2736,0.27295044209999947,720.0,0.0,-0.005,0.23040000000000002,0.22540000000000002
119.430079459,1.0,0.0,720.0,0.9,720.0,0.0,-6.495579000005591E-4,0.2736,0.27295044209999947,720.0,0.0,-0.005,0.23040000000000002,0.22540000000000002
119.451914794,1.0,0.0,720.0,0.9,720.0,0.0,-6.495579000005591E-4,0.2736,0.27295044209999947,700.0,20.0,0.1867856710000018,0.23040000000000002,0.4171856710000018
119.466306504,1.0,0.0,720.0,0.9,720.0,0.0,-6.495579000005591E-4,0.2736,0.27295044209999947,720.0,0.0,-0.0032143289999982017,0.23040000000000002,0.2271856710000018
119.488639423,1.0,0.0,720.0,0.9,700.0,20.0,0.19160216729999946,0.2736,0.46520216729999947,720.0,0.0,-0.0032143289999982017,0.23040000000000002,0.2271856710000018
119.504910049,1.0,0.0,720.0,0.9,720.0,0.0,0.0016021672999994507,0.2736,0.27520216729999947,720.0,0.0,-0.0032143289999982017,0.23040000000000002,0.2271856710000018
119.523758718,1.0,0.0,720.0,0.9,700.0,20.0,0.19364739249999788,0.2736,0.4672473924999979,700.0,20.0,0.18883089620000307,0.23040000000000002,0.4192308962000031
119.546331679,1.0,0.0,720.0,0.9,720.0,0.0,0.0036473924999978636,0.2736,0.27724739249999786,720.0,0.0,-0.0011691037999969466,0.23040000000000002,0.2292308962000031
119.559955138,1.0,0.0,720.0,0.9,720.0,0.0,0.0036473924999978636,0.2736,0.27724739249999786,720.0,0.0,-0.0011691037999969466,0.23040000000000002,0.2292308962000031
119.581860766,1.0,0.0,720.0,0.9,740.0,-20.0,-0.18842457850000302,0.2736,0.08517542149999699,720.0,0.0,-0.0011691037999969466,0.23040000000000002,0.2292308962000031
119.598294142,1.0,0.0,720.0,0.9,720.0,0.0,0.0015754214999969918,0.2736,0.275175421499997,720.0,0.0,-0.0011691037999969466,0.23040000000000002,0.2292308962000031
119.613881394,1.0,0.0,720.0,0.9,720.0,0.0,0.0015754214999969918,0.2736,0.275175421499997,720.0,0.0,-0.0011691037999969466,0.23040000000000002,0.2292308962000031
119.629825062,1.0,0.0,720.0,0.9,720.0,0.0,0.0015754214999969918,0.2736,0.275175421499997,700.0,20.0,0.19018895470000302,0.23040000000000002,0.420588954700003
119.652982231,1.0,0.0,720.0,0.9,720.0,0.0,0.0015754214999969918,0.2736,0.275175421499997,720.0,0.0,1.889547000030234E-4,0.23040000000000002,0.23058895470000304
119.671238525,1.0,0.0,720.0,0.9,720.0,0.0,0.0015754214999969918,0.2736,0.275175421499997,720.0,0.0,1.889547000030234E-4,0.23040000000000002,0.23058895470000304
119.685162984,1.0,0.0,720.0,0.9,720.0,0.0,0.0015754214999969918,0.2736,0.275175421499997,720.0,0.0,1.889547000030234E-4,0.23040000000000002,0.23058895470000304
119.698323277,1.0,0.0,720.0,0.9,720.0,0.0,0.0015754214999969918,0.2736,0.275175421499997,720.0,0.0,1.889547000030234E-4,0.23040000000000002,0.23058895470000304
119.710465653,1.0,0.0,720.0,0.9,720.0,0.0,0.0015754214999969918,0.2736,0.275175421499997,720.0,0.0,1.889547000030234E-4,0.23040000000000002,0.23058895470000304
119.734683322,1.0,0.0,720.0,0.9,720.0,0.0,0.0015754214999969918,0.2736,0.275175421499997,720.0,0.0,1.889547000030234E-4,0.23040000000000002,0.23058895470000304
119.749955574,1.0,0.0,720.0,0.9,720.0,0.0,0.0015754214999969918,0.2736,0.275175421499997,700.0,20.0,0.19162605480000308,0.23040000000000002,0.4220260548000031
119.77535916,1.0,0.0,740.0,0.95,720.0,20.0,0.19402005499999916,0.2812,0.4752200549999992,740.0,0.0,0.0016260548000030894,0.2368,0.2384260548000031
119.793150828,1.0,0.0,740.0,0.95,720.0,20.0,0.195,0.2812,0.4762,720.0,20.0,0.19333078830000033,0.2368,0.43013078830000034
119.817514331,1.0,0.0,740.0,0.95,720.0,20.0,0.195,0.2812,0.4762,720.0,20.0,0.195,0.2368,0.4318
119.82732979,1.0,0.0,740.0,0.95,720.0,20.0,0.195,0.2812,0.4762,720.0,20.0,0.195,0.2368,0.4318
119.844235375,1.0,0.0,740.0,0.95,740.0,0.0,0.005,0.2812,0.2862,720.0,20.0,0.195,0.2368,0.4318
119.85773896,1.0,0.0,740.0,0.95,740.0,0.0,0.005,0.2812,0.2862,740.0,0.0,0.005,0.2368,0.24180000000000001
119.871890628,1.0,0.0,740.0,0.95,740.0,0.0,0.005,0.2812,0.2862,720.0,20.0,0.195,0.2368,0.4318
119.891296672,1.0,0.0,740.0,0.95,740.0,0.0,0.005,0.2812,0.2862,740.0,0.0,0.005,0.2368,0.24180000000000001
119.90459084,1.0,0.0,740.0,0.95,740.0,0.0,0.005,0.2812,0.2862,720.0,20.0,0.195,0.2368,0.4318
119.919658924,0.0,0.0,740.0,0.95,760.0,-20.0,-0.1866401294000019,0.2812,0.0945598705999981,720.0,20.0,0.195,0.2368,0.4318
119.947364344,1.0,0.0,740.0,0.95,740.0,0.0,0.0033598705999980895,0.2812,0.2845598705999981,740.0,0.0,0.005,0.2368,0.24180000000000001
119.978746514,1.0,0.0,760.0,0.95,740.0,20.0,0.195,0.2888,0.4838,760.0,0.0,0.005,0.24320000000000003,0.24820000000000003
119.997397432,0.0,0.0,760.0,0.95,740.0,20.0,0.195,0.2888,0.4838,720.0,40.0,0.385,0.24320000000000003,0.6282000000000001
120.020439101,0.0,0.0,760.0,0.95,720.0,40.0,0.385,0.2888,0.6738,760.0,0.0,0.005,0.24320000000000003,0.24820000000000003
120.035678103,1.0,0.0,760.0,0.95,760.0,0.0,0.005,0.2888,0.2938,760.0,0.0,0.005,0.24320000000000003,0.24820000000000003
120.052684313,1.0,0.0,760.0,0.95,760.0,0.0,0.005,0.2888,0.2938,760.0,0.0,0.005,0.24320000000000003,0.24820000000000003
120.066838606,1.0,0.0,760.0,0.95,760.0,0.0,0.005,0.2888,0.2938,740.0,20.0,0.195,0.24320000000000003,0.43820000000000003
120.080912107,1.0,0.0,760.0,0.95,760.0,0.0,0.005,0.2888,0.2938,740.0,20.0,0.195,0.24320000000000003,0.43820000000000003
120.108239527,1.0,0.0,760.0,0.95,760.0,0.0,0.005,0.2888,0.2938,760.0,0.0,0.005,0.24320000000000003,0.24820000000000003
120.119443319,1.0,0.0,760.0,0.95,760.0,0.0,0.005,0.2888,0.2938,760.0,0.0,0.005,0.24320000000000003,0.24820000000000003
120.142053905,1.0,0.0,760.0,0.95,780.0,-20.0,-0.18711026690000154,0.2888,0.10168973309999846,760.0,0.0,0.005,0.24320000000000003,0.24820000000000003
120.157154657,1.0,0.0,760.0,0.95,760.0,0.0,0.002889733099998466,0.2888,0.29168973309999846,760.0,0.0,0.005,0.24320000000000003,0.24820000000000003
120.18725991,0.0,0.0,805.0,0.95,760.0,45.0,0.4325,0.3059,0.7384,780.0,25.0,0.2425,0.2576,0.5001
120.208732412,0.0,0.0,805.0,0.95,780.0,25.0,0.2425,0.3059,0.5484,760.0,45.0,0.4325,0.2576,0.6900999999999999
120.22193208,0.0,0.0,805.0,0.95,760.0,45.0,0.4325,0.3059,0.7384,780.0,25.0,0.2425,0.2576,0.5001
120.252621833,0.0,0.0,805.0,0.95,780.0,25.0,0.2425,0.3059,0.5484,760.0,45.0,0.4325,0.2576,0.6900999999999999
120.270501585,1.0,0.0,805.0,0.95,800.0,5.0,0.0525,0.3059,0.3584,780.0,25.0,0.2425,0.2576,0.5001
120.291640712,1.0,0.0,805.0,0.95,820.0,-15.0,-0.13908340015000176,0.3059,0.16681659984999825,800.0,5.0,0.0525,0.2576,0.3101
120.311513714,1.0,0.0,805.0,0.95,820.0,-15.0,-0.14077694095000126,0.3059,0.16512305904999874,800.0,5.0,0.0525,0.2576,0.3101
120.3387373,1.0,0.0,805.0,0.95,840.0,-35.0,-0.3350904727249977,0.3059,-0.029190472724997696,820.0,-15.0,-0.13934863457499985,0.2576,0.11825136542500014
120.355518052,1.0,0.0,805.0,0.95,820.0,-15.0,-0.146365260324999,0.3059,0.159534739675001,820.0,-15.0,-0.14062344407499977,0.2576,0.11697655592500023
120.379668346,1.0,0.0,805.0,0.95,820.0,-15.0,-0.1475,0.3059,0.1584,800.0,5.0,0.04996722472499982,0.2576,0.3075672247249998
120.397367556,1.0,0.0,805.0,0.95,800.0,5.0,0.04295771985000016,0.3059,0.34885771985000014,800.0,5.0,0.05042495915000004,0.2576,0.30802495915000005
120.42695335,1.0,0.0,805.0,0.95,800.0,5.0,0.04369834907499978,0.3059,0.34959834907499976,820.0,-15.0,-0.14179690669999942,0.2576,0.11580309330000058
120.442154727,1.0,0.0,805.0,0.95,800.0,5.0,0.0440747303750004,0.3059,0.3499747303750004,820.0,-15.0,-0.14292605052499993,0.2576,0.11467394947500006
120.46782898,1.0,0.0,805.0,0.95,820.0,-15.0,-0.1475,0.3059,0.1584,800.0,5.0,0.04772532870000049,0.2576,0.3053253287000005
120.49344869,1.0,0.0,805.0,0.95,820.0,-15.0,-0.1475,0.3059,0.1584,800.0,5.0,0.0483486714750002,0.2576,0.3059486714750002
120.5088834,1.0,0.0,805.0,0.95,800.0,5.0,0.04289620005000032,0.3059,0.34879620005000034,800.0,5.0,0.04874487882500006,0.2576,0.30634487882500006
120.532937736,1.0,0.0,805.0,0.95,800.0,5.0,0.043391734475000304,0.3059,0.3492917344750003,800.0,5.0,0.049240405949999795,0.2576,0.3068404059499998
120.548440988,1.0,0.0,805.0,0.95,800.0,5.0,0.043879007425000366,0.3059,0.34977900742500034,800.0,5.0,0.04972768620000011,0.2576,0.3073276862000001
120.562647781,1.0,0.0,805.0,0.95,800.0,5.0,0.04424665330000039,0.3059,0.3501466533000004,800.0,5.0,0.05009533207500013,0.2576,0.3076953320750001
120.581323783,1.0,0.0,805.0,0.95,800.0,5.0,0.04471196377500022,0.3059,0.3506119637750002,800.0,5.0,0.05056064254999996,0.2576,0.30816064255
120.597758618,1.0,0.0,805.0,0.95,800.0,5.0,0.04512858047500032,0.3059,0.3510285804750003,800.0,5.0,0.05097725925000006,0.2576,0.30857725925000007
120.612244827,1.0,0.0,805.0,0.95,800.0,5.0,0.04548959822500038,0.3059,0.3513895982250004,800.0,5.0,0.05133827700000012,0.2576,0.3089382770000001
120.63850358,1.0,0.0,800.0,0.5,820.0,-20.0,-0.1946238519749987,0.304,0.10937614802500129,800.0,0.0,0.003838277000000119,0.256,0.2598382770000001
120.654021998,1.0,0.0,800.0,0.5,820.0,-20.0,-0.195,0.304,0.10899999999999999,800.0,0.0,0.003838277000000119,0.256,0.2598382770000001
120.665968083,1.0,0.0,800.0,0.5,820.0,-20.0,-0.195,0.304,0.10899999999999999,800.0,0.0,0.003838277000000119,0.256,0.2598382770000001
120.682292376,1.0,0.0,800.0,0.5,800.0,0.0,-0.005,0.304,0.299,800.0,0.0,0.003838277000000119,0.256,0.2598382770000001
120.693855794,1.0,0.0,800.0,0.5,800.0,0.0,-0.005,0.304,0.299,800.0,0.0,0.003838277000000119,0.256,0.2598382770000001
120.706090337,1.0,0.0,800.0,0.5,800.0,0.0,-0.005,0.304,0.299,800.0,0.0,0.003838277000000119,0.256,0.2598382770000001
120.716900963,1.0,0.0,800.0,0.5,800.0,0.0,-0.005,0.304,0.299,800.0,0.0,0.003838277000000119,0.256,0.2598382770000001
120.73371059,1.0,0.0,800.0,0.5,800.0,0.0,-0.005,0.304,0.299,800.0,0.0,0.003838277000000119,0.256,0.2598382770000001
120.753205008,1.0,0.0,800.0,0.5,800.0,0.0,-0.005,0.304,0.299,800.0,0.0,0.003838277000000119,0.256,0.2598382770000001
120.771392468,1.0,0.0,800.0,0.5,800.0,0.0,-0.005,0.304,0.299,800.0,0.0,0.003838277000000119,0.256,0.2598382770000001
120.782036844,1.0,0.0,800.0,0.5,800.0,0.0,-0.005,0.304,0.299,800.0,0.0,0.003838277000000119,0.256,0.2598382770000001
120.802229805,1.0,0.0,800.0,0.5,800.0,0.0,-0.005,0.304,0.299,780.0,20.0,0.195,0.256,0.451
120.828427891,1.0,0.0,800.0,0.5,800.0,0.0,-0.005,0.304,0.299,800.0,0.0,0.005,0.256,0.261
120.8410101,1.0,0.0,800.0,0.5,800.0,0.0,-0.005,0.304,0.299,800.0,0.0,0.005,0.256,0.261
120.862783311,1.0,0.0,800.0,0.5,800.0,0.0,-0.005,0.304,0.299,800.0,0.0,0.005,0.256,0.261
120.873738604,1.0,0.0,800.0,0.5,800.0,0.0,-0.005,0.304,0.299,800.0,0.0,0.005,0.256,0.261
120.88910273,1.0,0.0,800.0,0.5,800.0,0.0,-0.005,0.304,0.299,780.0,20.0,0.195,0.256,0.451
120.904461898,1.0,0.0,800.0,0.5,800.0,0.0,-0.005,0.304,0.299,800.0,0.0,0.005,0.256,0.261
120.9179404,1.0,0.0,800.0,0.5,800.0,0.0,-0.005,0.304,0.299,820.0,-20.0,-0.1863258000999997,0.256,0.06967419990000032
120.938575235,1.0,0.0,800.0,0.5,800.0,0.0,-0.005,0.304,0.299,800.0,0.0,0.0036741999000003034,0.256,0.2596741999000003
120.94941182,1.0,0.0,800.0,0.5,800.0,0.0,-0.005,0.304,0.299,800.0,0.0,0.0036741999000003034,0.256,0.2596741999000003
120.964798988,1.0,0.0,800.0,0.5,780.0,20.0,0.18621245839999914,0.304,0.49021245839999916,780.0,20.0,0.19488665840000124,0.256,0.45088665840000125
120.997607116,1.0,0.0,800.0,0.5,800.0,0.0,-0.00378754160000085,0.304,0.30021245839999916,800.0,0.0,0.004886658400001238,0.256,0.26088665840000125
121.022933119,1.0,0.0,800.0,0.5,820.0,-20.0,-0.195,0.304,0.10899999999999999,820.0,-20.0,-0.18777730859999964,0.256,0.06822269140000037
121.040178787,1.0,0.0,800.0,0.5,800.0,0.0,-0.005,0.304,0.299,800.0,0.0,0.0022226914000003715,0.256,0.25822269140000037
121.059143539,1.0,0.0,800.0,0.5,800.0,0.0,-0.005,0.304,0.299,800.0,0.0,0.0022226914000003715,0.256,0.25822269140000037
121.073404874,1.0,0.0,800.0,0.5,800.0,0.0,-0.005,0.304,0.299,800.0,0.0,0.0022226914000003715,0.256,0.25822269140000037
121.09884696,1.0,0.0,800.0,0.5,800.0,0.0,-0.005,0.304,0.299,800.0,0.0,0.0022226914000003715,0.256,0.25822269140000037
121.110664419,1.0,0.0,800.0,0.5,800.0,0.0,-0.005,0.304,0.299,800.0,0.0,0.0022226914000003715,0.256,0.25822269140000037
121.134230797,1.0,0.0,800.0,0.5,800.0,0.0,-0.005,0.304,0.299,780.0,20.0,0.1943037041000008,0.256,0.4503037041000008
121.149969131,1.0,0.0,800.0,0.5,800.0,0.0,-0.005,0.304,0.299,820.0,-20.0,-0.18729168349999895,0.256,0.06870831650000106
121.170723258,1.0,0.0,800.0,0.5,800.0,0.0,-0.005,0.304,0.299,800.0,0.0,0.0027083165000010468,0.256,0.25870831650000103
121.187559719,1.0,0.0,800.0,0.5,800.0,0.0,-0.005,0.304,0.299,820.0,-20.0,-0.1889723544999987,0.256,0.06702764550000131
121.209194971,1.0,0.0,800.0,0.5,800.0,0.0,-0.005,0.304,0.299,780.0,20.0,0.19319583740000154,0.256,0.4491958374000016
121.230148889,1.0,0.0,800.0,0.5,800.0,0.0,-0.005,0.304,0.299,800.0,0.0,0.003195837400001551,0.256,0.25919583740000157
121.248696266,1.0,0.0,800.0,0.5,800.0,0.0,-0.005,0.304,0.299,800.0,0.0,0.003195837400001551,0.256,0.25919583740000157
121.268243185,1.0,0.0,800.0,0.5,800.0,0.0,-0.005,0.304,0.299,800.0,0.0,0.003195837400001551,0.256,0.25919583740000157
121.291326854,1.0,0.0,800.0,0.5,800.0,0.0,-0.005,0.304,0.299,780.0,20.0,0.195,0.256,0.451
121.305472689,1.0,0.0,800.0,0.5,800.0,0.0,-0.005,0.304,0.299,820.0,-20.0,-0.18657963759999974,0.256,0.06942036240000027
121.321624024,1.0,0.0,800.0,0.5,800.0,0.0,-0.005,0.304,0.299,800.0,0.0,0.003420362400000272,0.256,0.25942036240000027
121.342069276,1.0,0.0,800.0,0.5,800.0,0.0,-0.005,0.304,0.299,800.0,0.0,0.003420362400000272,0.256,0.25942036240000027
121.356182735,1.0,0.0,800.0,0.5,800.0,0.0,-0.005,0.304,0.299,800.0,0.0,0.003420362400000272,0.256,0.25942036240000027
121.379564196,1.0,0.0,800.0,0.5,800.0,0.0,-0.005,0.304,0.299,800.0,0.0,0.003420362400000272,0.256,0.25942036240000027
121.391895572,1.0,0.0,800.0,0.5,800.0,0.0,-0.005,0.304,0.299,800.0,0.0,0.003420362400000272,0.256,0.25942036240000027
121.420401909,1.0,0.0,800.0,0.5,800.0,0.0,-0.005,0.304,0.299,820.0,-20.0,-0.18921207529999776,0.256,0.06678792470000225
121.433820327,1.0,0.0,800.0,0.5,800.0,0.0,-0.005,0.304,0.299,800.0,0.0,7.87924700002236E-4,0.256,0.2567879247000022
121.460291704,0.0,0.0,800.0,0.5,780.0,20.0,0.1872516668999998,0.304,0.4912516668999998,820.0,-20.0,-0.19146374220000043,0.256,0.06453625779999958
121.476140581,1.0,0.0,800.0,0.5,780.0,20.0,0.18911130459999925,0.304,0.49311130459999925,800.0,0.0,-0.0014637422000004108,0.256,0.2545362577999996
121.506102625,1.0,0.0,800.0,0.5,800.0,0.0,-8.886954000007564E-4,0.304,0.30311130459999924,800.0,0.0,-0.0014637422000004108,0.256,0.2545362577999996
121.522230044,1.0,0.0,800.0,0.5,820.0,-20.0,-0.1925191413999994,0.304,0.11148085860000059,800.0,0.0,-0.0014637422000004108,0.256,0.2545362577999996
121.540243379,1.0,0.0,800.0,0.5,820.0,-20.0,-0.19404791230000001,0.304,0.10995208769999998,800.0,0.0,-0.0014637422000004108,0.256,0.2545362577999996
121.553261339,1.0,0.0,800.0,0.5,820.0,-20.0,-0.195,0.304,0.10899999999999999,800.0,0.0,-0.0014637422000004108,0.256,0.2545362577999996
121.575424508,1.0,0.0,800.0,0.5,800.0,0.0,-0.005,0.304,0.299,800.0,0.0,-0.0014637422000004108,0.256,0.2545362577999996
121.590210259,1.0,0.0,800.0,0.5,800.0,0.0,-0.005,0.304,0.299,780.0,20.0,0.18970601630000034,0.256,0.44570601630000034
121.62134072,1.0,0.0,800.0,0.5,800.0,0.0,-0.005,0.304,0.299,800.0,0.0,-2.9398369999967145E-4,0.256,0.25570601630000034
121.642511348,1.0,0.0,800.0,0.5,820.0,-20.0,-0.195,0.304,0.10899999999999999,820.0,-20.0,-0.1922821005999998,0.256,0.0637178994000002
121.664177516,1.0,0.0,800.0,0.5,820.0,-20.0,-0.195,0.304,0.10899999999999999,800.0,0.0,-0.002282100599999808,0.256,0.2537178994000002
121.676049226,1.0,0.0,800.0,0.5,820.0,-20.0,-0.195,0.304,0.10899999999999999,800.0,0.0,-0.002282100599999808,0.256,0.2537178994000002
121.692666644,1.0,0.0,800.0,0.5,800.0,0.0,-0.005,0.304,0.299,800.0,0.0,-0.002282100599999808,0.256,0.2537178994000002
121.705783771,1.0,0.0,800.0,0.5,800.0,0.0,-0.005,0.304,0.299,820.0,-20.0,-0.193505438200001,0.256,0.062494561799999016
121.725613314,1.0,0.0,800.0,0.5,800.0,0.0,-0.005,0.304,0.299,800.0,0.0,-0.003505438200000981,0.256,0.252494561799999
121.742909733,1.0,0.0,800.0,0.5,800.0,0.0,-0.005,0.304,0.299,800.0,0.0,-0.003505438200000981,0.256,0.252494561799999
121.755620859,1.0,0.0,800.0,0.5,800.0,0.0,-0.005,0.304,0.299,800.0,0.0,-0.003505438200000981,0.256,0.252494561799999
121.785275779,1.0,0.0,800.0,0.5,800.0,0.0,-0.005,0.304,0.299,800.0,0.0,-0.003505438200000981,0.256,0.252494561799999
121.795911696,1.0,0.0,800.0,0.5,800.0,0.0,-0.005,0.304,0.299,800.0,0.0,-0.003505438200000981,0.256,0.252494561799999
121.816638407,1.0,0.0,800.0,0.5,800.0,0.0,-0.005,0.304,0.299,800.0,0.0,-0.003505438200000981,0.256,0.252494561799999
121.834819742,1.0,0.0,800.0,0.5,800.0,0.0,-0.005,0.304,0.299,800.0,0.0,-0.003505438200000981,0.256,0.252494561799999
121.857923828,1.0,0.0,800.0,0.5,780.0,20.0,0.1871810835000025,0.304,0.4911810835000025,800.0,0.0,-0.003505438200000981,0.256,0.252494561799999
121.870265412,1.0,0.0,800.0,0.5,780.0,20.0,0.1884253628000016,0.304,0.4924253628000016,800.0,0.0,-0.003505438200000981,0.256,0.252494561799999
121.894283581,1.0,0.0,800.0,0.5,800.0,0.0,-0.0015746371999983922,0.304,0.3024253628000016,800.0,0.0,-0.003505438200000981,0.256,0.252494561799999
121.909355458,1.0,0.0,800.0,0.5,820.0,-20.0,-0.19307479570000055,0.304,0.11092520429999944,800.0,0.0,-0.003505438200000981,0.256,0.252494561799999
121.931627418,1.0,0.0,800.0,0.5,800.0,0.0,-0.00307479570000055,0.304,0.3009252042999994,780.0,20.0,0.18852812029999882,0.256,0.44452812029999883
121.94592667,1.0,0.0,800.0,0.5,800.0,0.0,-0.00307479570000055,0.304,0.3009252042999994,780.0,20.0,0.19005668709999782,0.256,0.4460566870999978
121.960280754,1.0,0.0,800.0,0.5,800.0,0.0,-0.00307479570000055,0.304,0.3009252042999994,800.0,0.0,5.6687099997816405E-5,0.256,0.25605668709999785
121.977039048,1.0,0.0,800.0,0.5,800.0,0.0,-0.00307479570000055,0.304,0.3009252042999994,820.0,-20.0,-0.19161552560000303,0.256,0.06438447439999698
121.993036091,1.0,0.0,800.0,0.5,800.0,0.0,-0.00307479570000055,0.304,0.3009252042999994,800.0,0.0,-0.001615525600003025,0.256,0.254384474399997
122.008430551,1.0,0.0,800.0,0.5,800.0,0.0,-0.00307479570000055,0.304,0.3009252042999994,780.0,20.0,0.1899337786999962,0.256,0.4459337786999962
122.034026637,1.0,0.0,800.0,0.5,820.0,-20.0,-0.195,0.304,0.10899999999999999,800.0,0.0,-6.622130000380366E-5,0.256,0.25593377869999623
122.052011389,1.0,0.0,800.0,0.5,820.0,-20.0,-0.195,0.304,0.10899999999999999,820.0,-20.0,-0.19180239650000375,0.256,0.06419760349999626
122.065563682,1.0,0.0,800.0,0.5,820.0,-20.0,-0.195,0.304,0.10899999999999999,800.0,0.0,-0.0018023965000037378,0.256,0.25419760349999626
122.080081392,1.0,0.0,800.0,0.5,800.0,0.0,-0.005,0.304,0.299,800.0,0.0,-0.0018023965000037378,0.256,0.25419760349999626
122.094480976,1.0,0.0,800.0,0.5,820.0,-20.0,-0.195,0.304,0.10899999999999999,800.0,0.0,-0.0018023965000037378,0.256,0.25419760349999626
122.113223187,1.0,0.0,800.0,0.5,800.0,0.0,-0.005,0.304,0.299,820.0,-20.0,-0.19329520500000455,0.256,0.06270479499999546
122.136906231,1.0,0.0,800.0,0.5,800.0,0.0,-0.005,0.304,0.299,800.0,0.0,-0.0032952050000045574,0.256,0.25270479499999543
122.148033315,1.0,0.0,800.0,0.5,800.0,0.0,-0.005,0.304,0.299,800.0,0.0,-0.0032952050000045574,0.256,0.25270479499999543
122.159890733,1.0,0.0,800.0,0.5,800.0,0.0,-0.005,0.304,0.299,800.0,0.0,-0.0032952050000045574,0.256,0.25270479499999543
122.173385276,1.0,0.0,800.0,0.5,800.0,0.0,-0.005,0.304,0.299,800.0,0.0,-0.0032952050000045574,0.256,0.25270479499999543
122.186598361,1.0,0.0,800.0,0.5,800.0,0.0,-0.005,0.304,0.299,800.0,0.0,-0.0032952050000045574,0.256,0.25270479499999543
122.206915571,1.0,0.0,800.0,0.5,800.0,0.0,-0.005,0.304,0.299,800.0,0.0,-0.0032952050000045574,0.256,0.25270479499999543
122.217643947,1.0,0.0,800.0,0.5,800.0,0.0,-0.005,0.304,0.299,800.0,0.0,-0.0032952050000045574,0.256,0.25270479499999543
122.230078573,1.0,0.0,800.0,0.5,800.0,0.0,-0.005,0.304,0.299,800.0,0.0,-0.0032952050000045574,0.256,0.25270479499999543
122.253109451,1.0,0.0,800.0,0.5,800.0,0.0,-0.005,0.304,0.299,780.0,20.0,0.18880774109999662,0.256,0.44480774109999666
122.266499577,1.0,0.0,800.0,0.5,800.0,0.0,-0.005,0.304,0.299,800.0,0.0,-0.0011922589000033668,0.256,0.25480774109999665
122.29417933,1.0,0.0,800.0,0.5,800.0,0.0,-0.005,0.304,0.299,820.0,-20.0,-0.19385879250000415,0.256,0.062141207499995854
122.307667748,1.0,0.0,800.0,0.5,800.0,0.0,-0.005,0.304,0.299,820.0,-20.0,-0.195,0.256,0.061
122.323938958,1.0,0.0,800.0,0.5,780.0,20.0,0.1865225584999996,0.304,0.4905225584999996,800.0,0.0,-0.005,0.256,0.251
122.335979834,1.0,0.0,800.0,0.5,780.0,20.0,0.18791509189999886,0.304,0.4919150918999988,800.0,0.0,-0.005,0.256,0.251
122.348551252,1.0,0.0,800.0,0.5,800.0,0.0,-0.002084908100001144,0.304,0.3019150918999988,800.0,0.0,-0.005,0.256,0.251
122.36212017,1.0,0.0,800.0,0.5,800.0,0.0,-0.002084908100001144,0.304,0.3019150918999988,800.0,0.0,-0.005,0.256,0.251
122.381129838,1.0,0.0,800.0,0.5,820.0,-20.0,-0.1938621208000012,0.304,0.11013787919999879,800.0,0.0,-0.005,0.256,0.251
122.397295465,1.0,0.0,800.0,0.5,800.0,0.0,-0.0038621208000012078,0.304,0.3001378791999988,800.0,0.0,-0.005,0.256,0.251
122.4109338,1.0,0.0,800.0,0.5,800.0,0.0,-0.0038621208000012078,0.304,0.3001378791999988,800.0,0.0,-0.005,0.256,0.251
122.423720176,1.0,0.0,800.0,0.5,800.0,0.0,-0.0038621208000012078,0.304,0.3001378791999988,800.0,0.0,-0.005,0.256,0.251
122.436195927,1.0,0.0,800.0,0.5,800.0,0.0,-0.0038621208000012078,0.304,0.3001378791999988,800.0,0.0,-0.005,0.256,0.251
122.448729137,1.0,0.0,800.0,0.5,800.0,0.0,-0.0038621208000012078,0.304,0.3001378791999988,800.0,0.0,-0.005,0.256,0.251
122.460517138,1.0,0.0,800.0,0.5,800.0,0.0,-0.0038621208000012078,0.304,0.3001378791999988,800.0,0.0,-0.005,0.256,0.251
122.474704681,1.0,0.0,800.0,0.5,800.0,0.0,-0.0038621208000012078,0.304,0.3001378791999988,800.0,0.0,-0.005,0.256,0.251
122.500566767,1.0,0.0,800.0,0.5,800.0,0.0,-0.0038621208000012078,0.304,0.3001378791999988,780.0,20.0,0.18738589200000091,0.256,0.4433858920000009
122.515055019,1.0,0.0,800.0,0.5,800.0,0.0,-0.0038621208000012078,0.304,0.3001378791999988,780.0,20.0,0.1888220879000022,0.256,0.4448220879000022
122.540708563,1.0,0.0,800.0,0.5,800.0,0.0,-0.0038621208000012078,0.304,0.3001378791999988,780.0,20.0,0.1913756882000007,0.256,0.44737568820000073
122.56240419,1.0,0.0,800.0,0.5,800.0,0.0,-0.0038621208000012078,0.304,0.3001378791999988,820.0,-20.0,-0.19058778280000127,0.256,0.06541221719999873
122.58261815,1.0,0.0,800.0,0.5,800.0,0.0,-0.0038621208000012078,0.304,0.3001378791999988,800.0,0.0,-5.877828000012641E-4,0.256,0.25541221719999874
122.595129193,1.0,0.0,800.0,0.5,800.0,0.0,-0.0038621208000012078,0.304,0.3001378791999988,800.0,0.0,-5.877828000012641E-4,0.256,0.25541221719999874
122.615926195,1.0,0.0,800.0,0.5,820.0,-20.0,-0.195,0.304,0.10899999999999999,800.0,0.0,-5.877828000012641E-4,0.256,0.25541221719999874
122.642051365,1.0,0.0,800.0,0.5,800.0,0.0,-0.005,0.304,0.299,820.0,-20.0,-0.192857795500002,0.256,0.063142204499998
122.665537534,1.0,0.0,800.0,0.5,780.0,20.0,0.1874227295000003,0.304,0.4914227295000003,800.0,0.0,-0.0028577955000019984,0.256,0.253142204499998
122.694583162,0.0,0.0,800.0,0.5,780.0,20.0,0.1904908006000005,0.304,0.4944908006000005,820.0,-20.0,-0.195,0.256,0.061
122.715297914,1.0,0.0,800.0,0.5,820.0,-20.0,-0.19157898289999878,0.304,0.11242101710000121,800.0,0.0,-0.005,0.256,0.251
122.735399874,1.0,0.0,800.0,0.5,820.0,-20.0,-0.19379279150000003,0.304,0.11020720849999996,800.0,0.0,-0.005,0.256,0.251
122.748997667,1.0,0.0,800.0,0.5,820.0,-20.0,-0.195,0.304,0.10899999999999999,800.0,0.0,-0.005,0.256,0.251
122.761571127,1.0,0.0,800.0,0.5,800.0,0.0,-0.005,0.304,0.299,800.0,0.0,-0.005,0.256,0.251
122.779198003,1.0,0.0,800.0,0.5,820.0,-20.0,-0.195,0.304,0.10899999999999999,800.0,0.0,-0.005,0.256,0.251
122.798843505,1.0,0.0,800.0,0.5,820.0,-20.0,-0.195,0.304,0.10899999999999999,800.0,0.0,-0.005,0.256,0.251
122.811150673,1.0,0.0,800.0,0.5,820.0,-20.0,-0.195,0.304,0.10899999999999999,800.0,0.0,-0.005,0.256,0.251
122.823695841,1.0,0.0,800.0,0.5,820.0,-20.0,-0.195,0.304,0.10899999999999999,800.0,0.0,-0.005,0.256,0.251
122.837088593,1.0,0.0,800.0,0.5,800.0,0.0,-0.005,0.304,0.299,800.0,0.0,-0.005,0.256,0.251
122.849090969,1.0,0.0,800.0,0.5,800.0,0.0,-0.005,0.304,0.299,800.0,0.0,-0.005,0.256,0.251
122.866219971,1.0,0.0,800.0,0.5,820.0,-20.0,-0.195,0.304,0.10899999999999999,800.0,0.0,-0.005,0.256,0.251
122.880053139,1.0,0.0,800.0,0.5,820.0,-20.0,-0.195,0.304,0.10899999999999999,800.0,0.0,-0.005,0.256,0.251
122.892923515,1.0,0.0,800.0,0.5,820.0,-20.0,-0.195,0.304,0.10899999999999999,800.0,0.0,-0.005,0.256,0.251
122.90870735,1.0,0.0,800.0,0.5,800.0,0.0,-0.005,0.304,0.299,800.0,0.0,-0.005,0.256,0.251
122.920778268,1.0,0.0,800.0,0.5,800.0,0.0,-0.005,0.304,0.299,800.0,0.0,-0.005,0.256,0.251
122.938726269,1.0,0.0,800.0,0.5,800.0,0.0,-0.005,0.304,0.299,800.0,0.0,-0.005,0.256,0.251
122.949787146,1.0,0.0,800.0,0.5,800.0,0.0,-0.005,0.304,0.299,800.0,0.0,-0.005,0.256,0.251
122.961370688,1.0,0.0,800.0,0.5,800.0,0.0,-0.005,0.304,0.299,800.0,0.0,-0.005,0.256,0.251
122.974081815,1.0,0.0,800.0,0.5,800.0,0.0,-0.005,0.304,0.299,800.0,0.0,-0.005,0.256,0.251
122.988993858,1.0,0.0,800.0,0.5,800.0,0.0,-0.005,0.304,0.299,800.0,0.0,-0.005,0.256,0.251
123.000776901,1.0,0.0,800.0,0.5,800.0,0.0,-0.005,0.304,0.299,800.0,0.0,-0.005,0.256,0.251
123.019424611,1.0,0.0,800.0,0.5,800.0,0.0,-0.005,0.304,0.299,780.0,20.0,0.1863923583999997,0.256,0.4423923583999997
123.036784029,1.0,0.0,800.0,0.5,800.0,0.0,-0.005,0.304,0.299,800.0,0.0,-0.0036076416000003064,0.256,0.2523923583999997
123.051442322,1.0,0.0,800.0,0.5,800.0,0.0,-0.005,0.304,0.299,780.0,20.0,0.18789100030000214,0.256,0.44389100030000217
123.069912408,1.0,0.0,800.0,0.5,800.0,0.0,-0.005,0.304,0.299,800.0,0.0,-0.002108999699997867,0.256,0.2538910003000021
123.085606409,1.0,0.0,800.0,0.5,800.0,0.0,-0.005,0.304,0.299,780.0,20.0,0.18976379220000353,0.256,0.4457637922000035
123.106888745,1.0,0.0,800.0,0.5,800.0,0.0,-0.005,0.304,0.299,800.0,0.0,-2.3620779999646404E-4,0.256,0.25576379220000356
123.118910079,1.0,0.0,800.0,0.5,800.0,0.0,-0.005,0.304,0.299,800.0,0.0,-2.3620779999646404E-4,0.256,0.25576379220000356
123.136734706,1.0,0.0,800.0,0.5,800.0,0.0,-0.005,0.304,0.299,800.0,0.0,-2.3620779999646404E-4,0.256,0.25576379220000356
123.149209582,1.0,0.0,800.0,0.5,800.0,0.0,-0.005,0.304,0.299,800.0,0.0,-2.3620779999646404E-4,0.256,0.25576379220000356
123.166315251,1.0,0.0,800.0,0.5,800.0,0.0,-0.005,0.304,0.299,780.0,20.0,0.1910089756000025,0.256,0.4470089756000025
123.181074169,1.0,0.0,800.0,0.5,800.0,0.0,-0.005,0.304,0.299,820.0,-20.0,-0.19071010789999832,0.256,0.06528989210000169
123.19518442,1.0,0.0,800.0,0.5,800.0,0.0,-0.005,0.304,0.299,820.0,-20.0,-0.19213242059999913,0.256,0.06386757940000087
123.209116463,1.0,0.0,800.0,0.5,800.0,0.0,-0.005,0.304,0.299,820.0,-20.0,-0.1935331206999973,0.256,0.06246687930000269
123.228309882,1.0,0.0,800.0,0.5,800.0,0.0,-0.005,0.304,0.299,800.0,0.0,-0.003533120699997312,0.256,0.25246687930000267
123.252647426,1.0,0.0,800.0,0.5,800.0,0.0,-0.005,0.304,0.299,800.0,0.0,-0.003533120699997312,0.256,0.25246687930000267
123.263628386,1.0,0.0,800.0,0.5,800.0,0.0,-0.005,0.304,0.299,800.0,0.0,-0.003533120699997312,0.256,0.25246687930000267
123.282332971,1.0,0.0,800.0,0.5,800.0,0.0,-0.005,0.304,0.299,820.0,-20.0,-0.195,0.256,0.061
123.304866556,1.0,0.0,800.0,0.5,800.0,0.0,-0.005,0.304,0.299,800.0,0.0,-0.005,0.256,0.251
123.315413224,1.0,0.0,800.0,0.5,800.0,0.0,-0.005,0.304,0.299,800.0,0.0,-0.005,0.256,0.251
123.327867392,1.0,0.0,800.0,0.5,800.0,0.0,-0.005,0.304,0.299,800.0,0.0,-0.005,0.256,0.251
123.34089381,1.0,0.0,800.0,0.5,800.0,0.0,-0.005,0.304,0.299,820.0,-20.0,-0.195,0.256,0.061
123.352558728,1.0,0.0,800.0,0.5,800.0,0.0,-0.005,0.304,0.299,820.0,-20.0,-0.195,0.256,0.061
123.365408687,1.0,0.0,800.0,0.5,800.0,0.0,-0.005,0.304,0.299,820.0,-20.0,-0.195,0.256,0.061
123.380247522,1.0,0.0,800.0,0.5,800.0,0.0,-0.005,0.304,0.299,800.0,0.0,-0.005,0.256,0.251
123.39388294,1.0,0.0,800.0,0.5,800.0,0.0,-0.005,0.304,0.299,800.0,0.0,-0.005,0.256,0.251
123.405889983,1.0,0.0,800.0,0.5,800.0,0.0,-0.005,0.304,0.299,800.0,0.0,-0.005,0.256,0.251
123.419782359,1.0,0.0,800.0,0.5,800.0,0.0,-0.005,0.304,0.299,800.0,0.0,-0.005,0.256,0.251
123.440473487,1.0,0.0,800.0,0.5,800.0,0.0,-0.005,0.304,0.299,800.0,0.0,-0.005,0.256,0.251
123.452546154,1.0,0.0,800.0,0.5,800.0,0.0,-0.005,0.304,0.299,800.0,0.0,-0.005,0.256,0.251
123.465111447,1.0,0.0,800.0,0.5,800.0,0.0,-0.005,0.304,0.299,800.0,0.0,-0.005,0.256,0.251
123.480157657,1.0,0.0,800.0,0.5,780.0,20.0,0.1861519084000014,0.304,0.4901519084000014,780.0,20.0,0.18615185009999835,0.256,0.44215185009999836
123.498891409,1.0,0.0,800.0,0.5,800.0,0.0,-0.0038480915999986112,0.304,0.3001519084000014,800.0,0.0,-0.0038481499000016586,0.256,0.25215185009999835
123.514002369,1.0,0.0,800.0,0.5,780.0,20.0,0.187694504400003,0.304,0.49169450440000295,780.0,20.0,0.1876944751999963,0.256,0.4436944751999963
123.531550787,1.0,0.0,800.0,0.5,800.0,0.0,-0.0023054955999970163,0.304,0.30169450440000295,820.0,-20.0,-0.19406342920000383,0.256,0.06193657079999618
123.548278747,1.0,0.0,800.0,0.5,800.0,0.0,-0.0023054955999970163,0.304,0.30169450440000295,800.0,0.0,-0.0040634292000038385,0.256,0.25193657079999615
123.564078332,1.0,0.0,800.0,0.5,820.0,-20.0,-0.19379104159999486,0.304,0.11020895840000514,820.0,-20.0,-0.195,0.256,0.061
123.578972875,1.0,0.0,800.0,0.5,800.0,0.0,-0.0037910415999948557,0.304,0.3002089584000051,820.0,-20.0,-0.195,0.256,0.061
123.593672877,1.0,0.0,800.0,0.5,800.0,0.0,-0.0037910415999948557,0.304,0.3002089584000051,800.0,0.0,-0.005,0.256,0.251
123.612260504,1.0,0.0,800.0,0.5,800.0,0.0,-0.0037910415999948557,0.304,0.3002089584000051,800.0,0.0,-0.005,0.256,0.251
123.62579238,1.0,0.0,800.0,0.5,800.0,0.0,-0.0037910415999948557,0.304,0.3002089584000051,800.0,0.0,-0.005,0.256,0.251
123.646690007,1.0,0.0,800.0,0.5,800.0,0.0,-0.0037910415999948557,0.304,0.3002089584000051,800.0,0.0,-0.005,0.256,0.251
123.66032455,1.0,0.0,800.0,0.5,820.0,-20.0,-0.195,0.304,0.10899999999999999,800.0,0.0,-0.005,0.256,0.251
123.676558427,1.0,0.0,800.0,0.5,820.0,-20.0,-0.195,0.304,0.10899999999999999,800.0,0.0,-0.005,0.256,0.251
123.687558345,1.0,0.0,800.0,0.5,820.0,-20.0,-0.195,0.304,0.10899999999999999,800.0,0.0,-0.005,0.256,0.251
123.701250054,1.0,0.0,800.0,0.5,820.0,-20.0,-0.195,0.304,0.10899999999999999,800.0,0.0,-0.005,0.256,0.251
123.712849347,1.0,0.0,800.0,0.5,800.0,0.0,-0.005,0.304,0.299,800.0,0.0,-0.005,0.256,0.251
123.733649266,1.0,0.0,800.0,0.5,800.0,0.0,-0.005,0.304,0.299,780.0,20.0,0.18674355430000047,0.256,0.44274355430000045
123.764261436,1.0,0.0,800.0,0.5,800.0,0.0,-0.005,0.304,0.299,800.0,0.0,-0.0032564456999995173,0.256,0.2527435543000005
123.777340062,1.0,0.0,800.0,0.5,800.0,0.0,-0.005,0.304,0.299,820.0,-20.0,-0.19456847919999917,0.256,0.06143152080000083
123.797334106,1.0,0.0,800.0,0.5,800.0,0.0,-0.005,0.304,0.299,780.0,20.0,0.1874297293000018,0.256,0.4434297293000018
123.818687608,1.0,0.0,800.0,0.5,800.0,0.0,-0.005,0.304,0.299,800.0,0.0,-0.002570270699998218,0.256,0.2534297293000018
123.831374817,1.0,0.0,800.0,0.5,800.0,0.0,-0.005,0.304,0.299,800.0,0.0,-0.002570270699998218,0.256,0.2534297293000018
123.845587736,1.0,0.0,800.0,0.5,800.0,0.0,-0.005,0.304,0.299,820.0,-20.0,-0.19378856249999898,0.256,0.06221143750000102
123.858899112,1.0,0.0,800.0,0.5,800.0,0.0,-0.005,0.304,0.299,820.0,-20.0,-0.195,0.256,0.061
123.873721613,1.0,0.0,800.0,0.5,800.0,0.0,-0.005,0.304,0.299,800.0,0.0,-0.005,0.256,0.251
123.88657099,1.0,0.0,800.0,0.5,800.0,0.0,-0.005,0.304,0.299,800.0,0.0,-0.005,0.256,0.251
123.901111158,1.0,0.0,800.0,0.5,800.0,0.0,-0.005,0.304,0.299,800.0,0.0,-0.005,0.256,0.251
123.912209951,1.0,0.0,800.0,0.5,800.0,0.0,-0.005,0.304,0.299,800.0,0.0,-0.005,0.256,0.251
123.925753494,1.0,0.0,800.0,0.5,800.0,0.0,-0.005,0.304,0.299,800.0,0.0,-0.005,0.256,0.251
123.939474662,1.0,0.0,800.0,0.5,800.0,0.0,-0.005,0.304,0.299,800.0,0.0,-0.005,0.256,0.251
123.961046331,0.0,0.0,800.0,0.5,-0.0,800.0,7.6049999999999995,0.304,1.0,0.0,800.0,7.6049999999999995,0.256,1.0
