# Timestamp,ShooterReady,IsShooting,TargetTPS,Tilt,RightTPS,RightError,RightPowerPID,RightPowerFF,RightPower,LeftTPS,LeftError,LeftPowerPID,LeftPowerFF,LeftPower,RSSI,LinkSpeed
# 0.000 PIDF Config: kP=0.0095 kI=0.005 kD=0.0
# 0.001 Feedforward Config: kS=0.0 kV_Left=3.2E-4 kV_Right=3.8E-4 kA=0.01
20.195093904,0.0,0.0,720.0,0.0,-0.0,720.0,6.84,0.2736,1.0,0.0,720.0,6.84,0.23040000000000002,1.0,-127.0,-1.0
20.220874031,0.0,0.0,720.0,0.0,20.0,700.0,6.654999999999999,0.2736,1.0,0.0,720.0,6.845,0.23040000000000002,1.0,-127.0,-1.0
20.237322866,0.0,0.0,720.0,0.0,40.0,680.0,6.465,0.2736,1.0,20.0,700.0,6.654999999999999,0.23040000000000002,1.0,-127.0,-1.0
20.256701202,0.0,0.0,720.0,0.0,80.0,640.0,6.085,0.2736,1.0,60.0,660.0,6.2749999999999995,0.23040000000000002,1.0,-127.0,-1.0
20.274436578,0.0,0.0,720.0,0.0,120.0,600.0,5.705,0.2736,1.0,100.0,620.0,5.895,0.23040000000000002,1.0,-127.0,-1.0
20.291565872,0.0,0.0,720.0,0.0,160.0,560.0,5.325,0.2736,1.0,140.0,580.0,5.515,0.23040000000000002,1.0,-127.0,-1.0
20.307295748,0.0,0.0,720.0,0.0,180.0,540.0,5.135,0.2736,1.0,180.0,540.0,5.135,0.23040000000000002,1.0,-127.0,-1.0
20.325128833,0.0,0.0,720.0,0.0,220.0,500.0,4.755,0.2736,1.0,220.0,500.0,4.755,0.23040000000000002,1.0,-127.0,-1.0
20.347643461,0.0,0.0,720.0,0.0,260.0,460.0,4.375,0.2736,1.0,260.0,460.0,4.375,0.23040000000000002,1.0,-127.0,-1.0
20.363736171,0.0,0.0,720.0,0.0,300.0,420.0,3.9949999999999997,0.2736,1.0,300.0,420.0,3.9949999999999997,0.23040000000000002,1.0,-127.0,-1.0
20.390956548,0.0,0.0,695.0,0.9,360.0,335.0,3.1875,0.2641,1.0,320.0,375.0,3.5675,0.22240000000000001,1.0,-127.0,-1.0
20.407978217,0.0,0.0,695.0,0.9,380.0,315.0,2.9974999999999996,0.2641,1.0,380.0,315.0,2.9974999999999996,0.22240000000000001,1.0,-127.0,-1.0
20.423919843,0.0,0.0,695.0,0.9,420.0,275.0,2.6174999999999997,0.2641,1.0,400.0,295.0,2.8074999999999997,0.22240000000000001,1.0,-127.0,-1.0
20.444034637,0.0,0.0,695.0,0.9,440.0,255.0,2.4274999999999998,0.2641,1.0,460.0,235.0,2.2375,0.22240000000000001,1.0,-127.0,-1.0
20.45968168,0.0,0.0,695.0,0.9,480.0,215.0,2.0475,0.2641,1.0,460.0,235.0,2.2375,0.22240000000000001,1.0,-127.0,-1.0
20.479610099,0.0,0.0,695.0,0.9,500.0,195.0,1.8575,0.2641,1.0,500.0,195.0,1.8575,0.22240000000000001,1.0,-127.0,-1.0
20.496771476,0.0,0.0,695.0,0.9,540.0,155.0,1.4774999999999998,0.2641,1.0,520.0,175.0,1.6674999999999998,0.22240000000000001,1.0,-127.0,-1.0
20.514705769,0.0,0.0,695.0,0.9,580.0,115.0,1.0975,0.2641,1.0,560.0,135.0,1.2874999999999999,0.22240000000000001,1.0,-127.0,-1.0
20.531099479,0.0,0.0,695.0,0.9,600.0,95.0,0.9075,0.2641,1.0,600.0,95.0,0.9075,0.22240000000000001,1.0,-127.0,-1.0
20.554776398,0.0,0.0,695.0,0.9,640.0,55.0,0.5275,0.2641,0.7916,620.0,75.0,0.7175,0.22240000000000001,0.9399000000000001,-127.0,-1.0
20.584650943,1.0,0.0,695.0,0.9,660.0,35.0,0.3375,0.2641,0.6016,660.0,35.0,0.3375,0.22240000000000001,0.5599000000000001,-127.0,-1.0
20.61765828,0.0,0.0,695.0,0.9,740.0,-45.0,-0.43008080395002024,0.2641,-0.16598080395002024,720.0,-25.0,-0.23671174012501522,0.22240000000000001,-0.01431174012501521,-127.0,-1.0
20.637981323,0.0,0.0,695.0,0.9,720.0,-25.0,-0.2425,0.2641,0.021600000000000008,740.0,-45.0,-0.43125778120004044,0.22240000000000001,-0.20885778120004042,-127.0,-1.0
20.678798036,1.0,0.0,695.0,0.9,720.0,-25.0,-0.2425,0.2641,0.021600000000000008,720.0,-25.0,-0.2425,0.22240000000000001,-0.02009999999999998,-127.0,-1.0
20.713438122,0.0,0.0,695.0,0.9,720.0,-25.0,-0.2425,0.2641,0.021600000000000008,680.0,15.0,0.13965687527499993,0.22240000000000001,0.36205687527499997,-127.0,-1.0
20.738281125,0.0,0.0,695.0,0.9,720.0,-25.0,-0.2425,0.2641,0.021600000000000008,680.0,15.0,0.14195208797500525,0.22240000000000001,0.3643520879750053,-127.0,-1.0
20.758939002,1.0,0.0,695.0,0.9,720.0,-25.0,-0.2425,0.2641,0.021600000000000008,700.0,-5.0,-0.048559247499999854,0.22240000000000001,0.17384075250000017,-127.0,-1.0
20.777896754,0.0,0.0,695.0,0.9,720.0,-25.0,-0.2425,0.2641,0.021600000000000008,660.0,35.0,0.3346564798749705,0.22240000000000001,0.5570564798749705,-127.0,-1.0
20.796037839,0.0,0.0,695.0,0.9,720.0,-25.0,-0.2425,0.2641,0.021600000000000008,680.0,15.0,0.146079645674979,0.22240000000000001,0.36847964567497904,-127.0,-1.0
20.812656424,0.0,0.0,695.0,0.9,720.0,-25.0,-0.2425,0.2641,0.021600000000000008,680.0,15.0,0.14736049267496582,0.22240000000000001,0.3697604926749658,-127.0,-1.0
20.838679218,1.0,0.0,695.0,0.9,700.0,-5.0,-0.0525,0.2641,0.2116,680.0,15.0,0.1475,0.22240000000000001,0.3699,-127.0,-1.0
20.857616845,0.0,0.0,695.0,0.9,720.0,-25.0,-0.2425,0.2641,0.021600000000000008,680.0,15.0,0.1475,0.22240000000000001,0.3699,-127.0,-1.0
20.887139348,1.0,0.0,695.0,0.9,720.0,-25.0,-0.2425,0.2641,0.021600000000000008,720.0,-25.0,-0.2361164118749866,0.22240000000000001,-0.013716411874986595,-127.0,-1.0
20.906042558,1.0,0.0,695.0,0.9,700.0,-5.0,-0.0525,0.2641,0.2116,700.0,-5.0,-0.046551950449991185,0.22240000000000001,0.17584804955000882,-127.0,-1.0
20.923831602,1.0,0.0,695.0,0.9,700.0,-5.0,-0.0525,0.2641,0.2116,700.0,-5.0,-0.0470309546749877,0.22240000000000001,0.17536904532501232,-127.0,-1.0
20.942947146,1.0,0.0,695.0,0.9,720.0,-25.0,-0.2425,0.2641,0.021600000000000008,700.0,-5.0,-0.04748615887498772,0.22240000000000001,0.1749138411250123,-127.0,-1.0
20.961476147,1.0,0.0,695.0,0.9,720.0,-25.0,-0.2425,0.2641,0.021600000000000008,700.0,-5.0,-0.04798055579998845,0.22240000000000001,0.17441944420001157,-127.0,-1.0
20.981258149,0.0,0.0,695.0,0.9,720.0,-25.0,-0.2425,0.2641,0.021600000000000008,680.0,15.0,0.14345168815002352,0.22240000000000001,0.36585168815002356,-127.0,-1.0
21.003130818,1.0,0.0,695.0,0.9,700.0,-5.0,-0.0525,0.2641,0.2116,680.0,15.0,0.14493612572500522,0.22240000000000001,0.36733612572500524,-127.0,-1.0
21.022045112,1.0,0.0,695.0,0.9,720.0,-25.0,-0.2425,0.2641,0.021600000000000008,700.0,-5.0,-0.04557163684999523,0.22240000000000001,0.17682836315000477,-127.0,-1.0
21.04174603,1.0,0.0,695.0,0.9,700.0,-5.0,-0.0525,0.2641,0.2116,700.0,-5.0,-0.04605557022500079,0.22240000000000001,0.17634442977499923,-127.0,-1.0
21.059736907,1.0,0.0,695.0,0.9,700.0,-5.0,-0.0525,0.2641,0.2116,680.0,15.0,0.14540729862497753,0.22240000000000001,0.3678072986249775,-127.0,-1.0
21.079638784,1.0,0.0,695.0,0.9,680.0,15.0,0.13887149702501345,0.2641,0.40297149702501345,700.0,-5.0,-0.04504971392503194,0.22240000000000001,0.17735028607496808,-127.0,-1.0
21.107838579,1.0,0.0,695.0,0.9,700.0,-5.0,-0.05181976762497925,0.2641,0.21228023237502075,700.0,-5.0,-0.04574115357502705,0.22240000000000001,0.17665884642497295,-127.0,-1.0
21.128282372,1.0,0.0,695.0,0.9,700.0,-5.0,-0.05230648642498409,0.2641,0.2117935135750159,700.0,-5.0,-0.04622783592503083,0.22240000000000001,0.1761721640749692,-127.0,-1.0
21.1485605,1.0,0.0,695.0,0.9,700.0,-5.0,-0.0525,0.2641,0.2116,720.0,-25.0,-0.23891820605001157,0.22240000000000001,-0.016518206050011558,-127.0,-1.0
21.188464587,1.0,0.0,695.0,0.9,700.0,-5.0,-0.0525,0.2641,0.2116,700.0,-5.0,-0.04995016655001791,0.22240000000000001,0.1724498334499821,-127.0,-1.0
21.223383215,0.0,0.0,695.0,0.9,720.0,-25.0,-0.2425,0.2641,0.021600000000000008,680.0,15.0,0.14220885244995768,0.22240000000000001,0.36460885244995767,-127.0,-1.0
21.250903135,1.0,0.0,695.0,0.9,680.0,15.0,0.1399237939750151,0.2641,0.4040237939750151,680.0,15.0,0.1446324276499672,0.22240000000000001,0.36703242764996724,-127.0,-1.0
21.272094179,1.0,0.0,695.0,0.9,680.0,15.0,0.14152576607501713,0.2641,0.4056257660750171,680.0,15.0,0.14623461844997562,0.22240000000000001,0.36863461844997564,-127.0,-1.0
21.292920931,1.0,0.0,695.0,0.9,700.0,-5.0,-0.04899744022498226,0.2641,0.21510255977501774,680.0,15.0,0.1475,0.22240000000000001,0.3699,-127.0,-1.0
21.312777599,1.0,0.0,695.0,0.9,700.0,-5.0,-0.04947871214998486,0.2641,0.21462128785001514,700.0,-5.0,-0.04298157090000131,0.22240000000000001,0.1794184290999987,-127.0,-1.0
21.333613976,1.0,0.0,695.0,0.9,700.0,-5.0,-0.05001881322498548,0.2641,0.21408118677501453,700.0,-5.0,-0.04352173032499877,0.22240000000000001,0.17887826967500126,-127.0,-1.0
21.359678771,1.0,0.0,695.0,0.9,700.0,-5.0,-0.05059781537497884,0.2641,0.21350218462502116,680.0,15.0,0.1475,0.22240000000000001,0.3699,-127.0,-1.0
21.386627607,1.0,0.0,695.0,0.9,700.0,-5.0,-0.051323117524977986,0.2641,0.21277688247502202,700.0,-5.0,-0.04322538967500577,0.22240000000000001,0.17917461032499424,-127.0,-1.0
21.409390151,1.0,0.0,695.0,0.9,700.0,-5.0,-0.05190303112498441,0.2641,0.2121969688750156,700.0,-5.0,-0.04380529597500981,0.22240000000000001,0.1785947040249902,-127.0,-1.0
21.432915986,1.0,0.0,695.0,0.9,700.0,-5.0,-0.05244557494998162,0.2641,0.21165442505001839,700.0,-5.0,-0.044347832500004646,0.22240000000000001,0.17805216749999536,-127.0,-1.0
21.455044447,1.0,0.0,695.0,0.9,720.0,-25.0,-0.2425,0.2641,0.021600000000000008,700.0,-5.0,-0.044952209625005256,0.22240000000000001,0.17744779037499475,-127.0,-1.0
21.474694324,1.0,0.0,695.0,0.9,680.0,15.0,0.13896671890001924,0.2641,0.4030667189000192,700.0,-5.0,-0.04544110865000903,0.22240000000000001,0.176958891349991,-127.0,-1.0
21.495258576,1.0,0.0,695.0,0.9,680.0,15.0,0.14035462217502753,0.2641,0.40445462217502753,700.0,-5.0,-0.04590374305000069,0.22240000000000001,0.17649625694999932,-127.0,-1.0
21.51559387,1.0,0.0,695.0,0.9,700.0,-5.0,-0.050206712249964765,0.2641,0.21389328775003524,680.0,15.0,0.14578026030000954,0.22240000000000001,0.36818026030000955,-127.0,-1.0
21.53439033,1.0,0.0,695.0,0.9,720.0,-25.0,-0.2425,0.2641,0.021600000000000008,700.0,-5.0,-0.04468814912499283,0.22240000000000001,0.17771185087500718,-127.0,-1.0
21.552504873,1.0,0.0,695.0,0.9,720.0,-25.0,-0.2425,0.2641,0.021600000000000008,700.0,-5.0,-0.04517903874998865,0.22240000000000001,0.17722096125001136,-127.0,-1.0
21.570696709,1.0,0.0,695.0,0.9,720.0,-25.0,-0.2425,0.2641,0.021600000000000008,720.0,-25.0,-0.237439346250012,0.22240000000000001,-0.015039346250011992,-127.0,-1.0
21.598471836,1.0,0.0,695.0,0.9,700.0,-5.0,-0.0525,0.2641,0.2116,680.0,15.0,0.14451227584997695,0.22240000000000001,0.366912275849977,-127.0,-1.0
21.622455297,1.0,0.0,695.0,0.9,700.0,-5.0,-0.0525,0.2641,0.2116,680.0,15.0,0.1464566353999976,0.22240000000000001,0.3688566353999976,-127.0,-1.0
21.643820466,1.0,0.0,695.0,0.9,700.0,-5.0,-0.0525,0.2641,0.2116,700.0,-5.0,-0.04401495320000095,0.22240000000000001,0.17838504679999906,-127.0,-1.0
21.662210634,1.0,0.0,695.0,0.9,700.0,-5.0,-0.0525,0.2641,0.2116,680.0,15.0,0.1475,0.22240000000000001,0.3699,-127.0,-1.0
21.708335097,1.0,0.0,695.0,0.9,680.0,15.0,0.14080960029999687,0.2641,0.4049096002999969,700.0,-5.0,-0.043603214675003985,0.22240000000000001,0.17879678532499604,-127.0,-1.0
21.742180101,1.0,0.0,695.0,0.9,700.0,-5.0,-0.04989111435000041,0.2641,0.2142088856499996,700.0,-5.0,-0.04430391474999624,0.22240000000000001,0.17809608525000378,-127.0,-1.0
21.773451146,1.0,0.0,695.0,0.9,700.0,-5.0,-0.05080496445000563,0.2641,0.21329503554999438,700.0,-5.0,-0.045217794024999876,0.22240000000000001,0.17718220597500015,-127.0,-1.0
21.793760189,1.0,0.0,695.0,0.9,700.0,-5.0,-0.051336125950003864,0.2641,0.21276387404999614,680.0,15.0,0.14637564675001385,0.22240000000000001,0.36877564675001384,-127.0,-1.0
21.81278415,1.0,0.0,695.0,0.9,700.0,-5.0,-0.05180207080000173,0.2641,0.21229792919999826,680.0,15.0,0.1475,0.22240000000000001,0.3699,-127.0,-1.0
21.835064568,1.0,0.0,695.0,0.9,700.0,-5.0,-0.05235458230000859,0.2641,0.21174541769999142,700.0,-5.0,-0.043052489624999454,0.22240000000000001,0.17934751037500057,-127.0,-1.0
21.855339779,1.0,0.0,695.0,0.9,700.0,-5.0,-0.0525,0.2641,0.2116,720.0,-25.0,-0.23555779712502953,0.22240000000000001,-0.013157797125029513,-127.0,-1.0
21.874289656,1.0,0.0,695.0,0.9,700.0,-5.0,-0.0525,0.2641,0.2116,680.0,15.0,0.14604194372496748,0.22240000000000001,0.3684419437249675,-127.0,-1.0
21.898851783,1.0,0.0,695.0,0.9,700.0,-5.0,-0.0525,0.2641,0.2116,680.0,15.0,0.1475,0.22240000000000001,0.3699,-127.0,-1.0
21.918064743,1.0,0.0,695.0,0.9,700.0,-5.0,-0.0525,0.2641,0.2116,700.0,-5.0,-0.04296846774999949,0.22240000000000001,0.17943153225000052,-127.0,-1.0
21.936517912,1.0,0.0,695.0,0.9,700.0,-5.0,-0.0525,0.2641,0.2116,700.0,-5.0,-0.04343563760000279,0.22240000000000001,0.17896436239999722,-127.0,-1.0
21.953107039,1.0,0.0,695.0,0.9,700.0,-5.0,-0.0525,0.2641,0.2116,700.0,-5.0,-0.04385743867500651,0.22240000000000001,0.17854256132499352,-127.0,-1.0
21.970777082,1.0,0.0,695.0,0.9,700.0,-5.0,-0.0525,0.2641,0.2116,700.0,-5.0,-0.04430069912499903,0.22240000000000001,0.17809930087500098,-127.0,-1.0
21.991584876,1.0,0.0,695.0,0.9,680.0,15.0,0.1388649345250087,0.2641,0.4029649345250087,700.0,-5.0,-0.04475566999999955,0.22240000000000001,0.17764433000000046,-127.0,-1.0
22.011612461,1.0,0.0,695.0,0.9,680.0,15.0,0.14045535654998956,0.2641,0.40455535654998953,700.0,-5.0,-0.045285817974995556,0.22240000000000001,0.17711418202500445,-127.0,-1.0
22.030587713,1.0,0.0,695.0,0.9,700.0,-5.0,-0.05000589245001038,0.2641,0.21409410754998962,700.0,-5.0,-0.04574705970000423,0.22240000000000001,0.1766529402999958,-127.0,-1.0
22.050426882,1.0,0.0,695.0,0.9,700.0,-5.0,-0.05051056335001022,0.2641,0.21358943664998978,700.0,-5.0,-0.04625173787499534,0.22240000000000001,0.17614826212500467,-127.0,-1.0
22.071073092,1.0,0.0,695.0,0.9,700.0,-5.0,-0.05101718110001002,0.2641,0.21308281889998998,700.0,-5.0,-0.046758268124999634,0.22240000000000001,0.17564173187500037,-127.0,-1.0
22.092988344,1.0,0.0,695.0,0.9,700.0,-5.0,-0.05155712907501538,0.2641,0.2125428709249846,680.0,15.0,0.14486164142500454,0.22240000000000001,0.36726164142500456,-127.0,-1.0
22.128132723,1.0,0.0,695.0,0.9,700.0,-5.0,-0.052421439575018665,0.2641,0.21167856042498134,720.0,-25.0,-0.23945983819998673,0.22240000000000001,-0.017059838199986715,-127.0,-1.0
22.148108392,1.0,0.0,695.0,0.9,700.0,-5.0,-0.0525,0.2641,0.2116,700.0,-5.0,-0.04997017469998354,0.22240000000000001,0.17242982530001646,-127.0,-1.0
22.164990352,1.0,0.0,695.0,0.9,700.0,-5.0,-0.0525,0.2641,0.2116,700.0,-5.0,-0.05044395807498631,0.22240000000000001,0.1719560419250137,-127.0,-1.0
22.208985356,1.0,0.0,695.0,0.9,680.0,15.0,0.14070606595000754,0.2641,0.40480606595000757,680.0,15.0,0.14276217350000933,0.22240000000000001,0.36516217350000935,-127.0,-1.0
22.24542736,1.0,0.0,695.0,0.9,680.0,15.0,0.14294606620001105,0.2641,0.40704606620001105,700.0,-5.0,-0.04798448594998945,0.22240000000000001,0.17441551405001057,-127.0,-1.0
22.280016988,1.0,0.0,695.0,0.9,700.0,-5.0,-0.04804334014998176,0.2641,0.21605665985001823,680.0,15.0,0.14498366747503494,0.22240000000000001,0.3673836674750349,-127.0,-1.0
22.301469074,1.0,0.0,695.0,0.9,700.0,-5.0,-0.04862475582498519,0.2641,0.21547524417501482,680.0,15.0,0.14672784895002222,0.22240000000000001,0.36912784895002226,-127.0,-1.0
22.320415742,1.0,0.0,695.0,0.9,720.0,-25.0,-0.24094376132498382,0.2641,0.023156238675016177,700.0,-5.0,-0.04373516462498401,0.22240000000000001,0.178664835375016,-127.0,-1.0
22.341616994,1.0,0.0,695.0,0.9,720.0,-25.0,-0.2425,0.2641,0.021600000000000008,700.0,-5.0,-0.044264999049976265,0.22240000000000001,0.17813500095002374,-127.0,-1.0
22.366040872,1.0,0.0,695.0,0.9,700.0,-5.0,-0.0525,0.2641,0.2116,700.0,-5.0,-0.04486190224998154,0.22240000000000001,0.17753809775001847,-127.0,-1.0
22.384669624,1.0,0.0,695.0,0.9,700.0,-5.0,-0.0525,0.2641,0.2116,680.0,15.0,0.14667241040000134,0.22240000000000001,0.3690724104000014,-127.0,-1.0
22.411224418,1.0,0.0,695.0,0.9,700.0,-5.0,-0.0525,0.2641,0.2116,700.0,-5.0,-0.04400605007499962,0.22240000000000001,0.1783939499250004,-127.0,-1.0
22.429538753,1.0,0.0,695.0,0.9,700.0,-5.0,-0.0525,0.2641,0.2116,700.0,-5.0,-0.04445110429999659,0.22240000000000001,0.17794889570000344,-127.0,-1.0
22.45084413,1.0,0.0,695.0,0.9,700.0,-5.0,-0.0525,0.2641,0.2116,700.0,-5.0,-0.044969038724996156,0.22240000000000001,0.17743096127500385,-127.0,-1.0
22.470978174,1.0,0.0,695.0,0.9,700.0,-5.0,-0.0525,0.2641,0.2116,680.0,15.0,0.1465752926500363,0.22240000000000001,0.3689752926500363,-127.0,-1.0
22.490024009,1.0,0.0,695.0,0.9,700.0,-5.0,-0.0525,0.2641,0.2116,700.0,-5.0,-0.04390511157495666,0.22240000000000001,0.17849488842504335,-127.0,-1.0
22.508649261,1.0,0.0,695.0,0.9,700.0,-5.0,-0.0525,0.2641,0.2116,680.0,15.0,0.1475,0.22240000000000001,0.3699,-127.0,-1.0
22.525918555,1.0,0.0,695.0,0.9,700.0,-5.0,-0.0525,0.2641,0.2116,700.0,-5.0,-0.04292541047499753,0.22240000000000001,0.17947458952500248,-127.0,-1.0
22.545396932,1.0,0.0,695.0,0.9,700.0,-5.0,-0.0525,0.2641,0.2116,700.0,-5.0,-0.043398457400001006,0.22240000000000001,0.179001542599999,-127.0,-1.0
22.567739475,1.0,0.0,695.0,0.9,700.0,-5.0,-0.0525,0.2641,0.2116,700.0,-5.0,-0.04396042619999207,0.22240000000000001,0.17843957380000794,-127.0,-1.0
22.597956145,1.0,0.0,695.0,0.9,700.0,-5.0,-0.0525,0.2641,0.2116,700.0,-5.0,-0.04472792522499731,0.22240000000000001,0.17767207477500271,-127.0,-1.0
22.621628981,1.0,0.0,695.0,0.9,700.0,-5.0,-0.0525,0.2641,0.2116,700.0,-5.0,-0.04531438674999208,0.22240000000000001,0.17708561325000793,-127.0,-1.0
22.651147692,1.0,0.0,695.0,0.9,680.0,15.0,0.13947045640002215,0.2641,0.40357045640002215,700.0,-5.0,-0.04597123472499789,0.22240000000000001,0.17642876527500212,-127.0,-1.0
22.672616694,1.0,0.0,695.0,0.9,680.0,15.0,0.14121006595003108,0.2641,0.40531006595003105,700.0,-5.0,-0.0465510681249998,0.22240000000000001,0.17584893187500023,-127.0,-1.0
22.71582449,1.0,0.0,695.0,0.9,700.0,-5.0,-0.04988399042496439,0.2641,0.21421600957503562,700.0,-5.0,-0.04764517552499001,0.22240000000000001,0.17475482447501,-127.0,-1.0
22.748280869,1.0,0.0,695.0,0.9,700.0,-5.0,-0.050546948824958235,0.2641,0.21355305117504175,700.0,-5.0,-0.04830819224999232,0.22240000000000001,0.1740918077500077,-127.0,-1.0
22.771944954,1.0,0.0,695.0,0.9,700.0,-5.0,-0.05128484367496867,0.2641,0.21281515632503134,680.0,15.0,0.14390549237500408,0.22240000000000001,0.3663054923750041,-127.0,-1.0
22.799030874,1.0,0.0,695.0,0.9,720.0,-25.0,-0.2425,0.2641,0.021600000000000008,720.0,-25.0,-0.23950215900002375,0.22240000000000001,-0.017102159000023737,-127.0,-1.0
22.816298709,1.0,0.0,695.0,0.9,720.0,-25.0,-0.2425,0.2641,0.021600000000000008,700.0,-5.0,-0.049962059050021705,0.22240000000000001,0.1724379409499783,-127.0,-1.0
22.83299896,1.0,0.0,695.0,0.9,720.0,-25.0,-0.2425,0.2641,0.021600000000000008,700.0,-5.0,-0.05039786012502418,0.22240000000000001,0.17200213987497584,-127.0,-1.0
22.854428879,1.0,0.0,695.0,0.9,700.0,-5.0,-0.0525,0.2641,0.2116,680.0,15.0,0.1409751681749617,0.22240000000000001,0.36337516817496174,-127.0,-1.0
22.874301298,1.0,0.0,695.0,0.9,700.0,-5.0,-0.0525,0.2641,0.2116,700.0,-5.0,-0.04957422250004583,0.22240000000000001,0.17282577749995418,-127.0,-1.0
22.891715841,1.0,0.0,695.0,0.9,700.0,-5.0,-0.0525,0.2641,0.2116,700.0,-5.0,-0.05002953610003715,0.22240000000000001,0.17237046389996286,-127.0,-1.0
22.918744302,1.0,0.0,695.0,0.9,700.0,-5.0,-0.0525,0.2641,0.2116,680.0,15.0,0.14196813284998824,0.22240000000000001,0.36436813284998826,-127.0,-1.0
22.937812888,1.0,0.0,695.0,0.9,680.0,15.0,0.1388300438499982,0.2641,0.4029300438499982,680.0,15.0,0.14329813297497138,0.22240000000000001,0.3656981329749714,-127.0,-1.0
22.957903181,1.0,0.0,695.0,0.9,680.0,15.0,0.14032990337498175,0.2641,0.40442990337498175,700.0,-5.0,-0.047201834775028144,0.22240000000000001,0.17519816522497186,-127.0,-1.0
22.977649308,1.0,0.0,695.0,0.9,700.0,-5.0,-0.05016444980001552,0.2641,0.21393555019998448,700.0,-5.0,-0.047696195250027815,0.22240000000000001,0.1747038047499722,-127.0,-1.0
22.998196935,1.0,0.0,695.0,0.9,700.0,-5.0,-0.050681625900019754,0.2641,0.21341837409998024,700.0,-5.0,-0.04821334945002491,0.22240000000000001,0.17418665054997512,-127.0,-1.0
23.016983771,1.0,0.0,695.0,0.9,720.0,-25.0,-0.2425,0.2641,0.021600000000000008,700.0,-5.0,-0.04867591825002819,0.22240000000000001,0.17372408174997184,-127.0,-1.0
23.036613814,1.0,0.0,695.0,0.9,720.0,-25.0,-0.2425,0.2641,0.021600000000000008,700.0,-5.0,-0.04920631415002845,0.22240000000000001,0.17319368584997158,-127.0,-1.0
23.058426691,0.0,0.0,695.0,0.9,720.0,-25.0,-0.2425,0.2641,0.021600000000000008,680.0,15.0,0.14241742347497618,0.22240000000000001,0.3648174234749762,-127.0,-1.0
23.078687318,1.0,0.0,695.0,0.9,700.0,-5.0,-0.0525,0.2641,0.2116,700.0,-5.0,-0.048060377625022285,0.22240000000000001,0.17433962237497774,-127.0,-1.0
23.097421654,1.0,0.0,695.0,0.9,700.0,-5.0,-0.0525,0.2641,0.2116,700.0,-5.0,-0.04855966725001963,0.22240000000000001,0.1738403327499804,-127.0,-1.0
23.115862281,1.0,0.0,695.0,0.9,700.0,-5.0,-0.0525,0.2641,0.2116,700.0,-5.0,-0.04901393812502192,0.22240000000000001,0.1733860618749781,-127.0,-1.0
23.141266741,1.0,0.0,695.0,0.9,700.0,-5.0,-0.0525,0.2641,0.2116,700.0,-5.0,-0.04964996112502604,0.22240000000000001,0.17275003887497398,-127.0,-1.0
23.16321291,1.0,0.0,695.0,0.9,680.0,15.0,0.13893850015001588,0.2641,0.40303850015001585,700.0,-5.0,-0.05012951950002844,0.22240000000000001,0.17227048049997157,-127.0,-1.0
23.186387288,1.0,0.0,695.0,0.9,680.0,15.0,0.14079339099999968,0.2641,0.40489339099999966,680.0,15.0,0.1417253931749633,0.22240000000000001,0.3641253931749633,-127.0,-1.0
23.228900334,1.0,0.0,695.0,0.9,700.0,-5.0,-0.05026584764999825,0.2641,0.21383415235000175,720.0,-25.0,-0.2425,0.22240000000000001,-0.02009999999999998,-127.0,-1.0
23.26321492,0.0,0.0,695.0,0.9,720.0,-25.0,-0.2425,0.2641,0.021600000000000008,680.0,15.0,0.13965980650000345,0.22240000000000001,0.36205980650000347,-127.0,-1.0
23.28125713,0.0,0.0,695.0,0.9,720.0,-25.0,-0.2425,0.2641,0.021600000000000008,680.0,15.0,0.14155175357498137,0.22240000000000001,0.3639517535749814,-127.0,-1.0
23.308684008,1.0,0.0,695.0,0.9,700.0,-5.0,-0.0525,0.2641,0.2116,700.0,-5.0,-0.04909781732502779,0.22240000000000001,0.17330218267497222,-127.0,-1.0
23.326653593,1.0,0.0,695.0,0.9,700.0,-5.0,-0.0525,0.2641,0.2116,680.0,15.0,0.142349148449955,0.22240000000000001,0.364749148449955,-127.0,-1.0
23.348226137,0.0,0.0,695.0,0.9,720.0,-25.0,-0.2425,0.2641,0.021600000000000008,680.0,15.0,0.14385992354995095,0.22240000000000001,0.36625992354995096,-127.0,-1.0
23.365841347,0.0,0.0,695.0,0.9,720.0,-25.0,-0.2425,0.2641,0.021600000000000008,680.0,15.0,0.14525506747495454,0.22240000000000001,0.3676550674749546,-127.0,-1.0
23.388393016,1.0,0.0,695.0,0.9,720.0,-25.0,-0.2425,0.2641,0.021600000000000008,700.0,-5.0,-0.045306070075050685,0.22240000000000001,0.17709392992494932,-127.0,-1.0
23.415463477,1.0,0.0,695.0,0.9,700.0,-5.0,-0.0525,0.2641,0.2116,700.0,-5.0,-0.04596686285005035,0.22240000000000001,0.17643313714994968,-127.0,-1.0
23.432823187,1.0,0.0,695.0,0.9,700.0,-5.0,-0.0525,0.2641,0.2116,700.0,-5.0,-0.04643949415004954,0.22240000000000001,0.1759605058499505,-127.0,-1.0
23.453698939,1.0,0.0,695.0,0.9,700.0,-5.0,-0.0525,0.2641,0.2116,700.0,-5.0,-0.046961169200042154,0.22240000000000001,0.17543883079995787,-127.0,-1.0
23.476964317,1.0,0.0,695.0,0.9,680.0,15.0,0.13911216580000882,0.2641,0.40321216580000885,700.0,-5.0,-0.04749852132504429,0.22240000000000001,0.17490147867495573,-127.0,-1.0
23.496486152,1.0,0.0,695.0,0.9,680.0,15.0,0.14052367217502704,0.2641,0.40462367217502704,700.0,-5.0,-0.047968673475045305,0.22240000000000001,0.17443132652495472,-127.0,-1.0
23.516276321,1.0,0.0,695.0,0.9,680.0,15.0,0.14205083170000987,0.2641,0.4061508317000099,700.0,-5.0,-0.04847812767505048,0.22240000000000001,0.17392187232494954,-127.0,-1.0
23.534497906,1.0,0.0,695.0,0.9,720.0,-25.0,-0.24027925704999006,0.2641,0.023820742950009938,700.0,-5.0,-0.0489441089750494,0.22240000000000001,0.17345589102495063,-127.0,-1.0
23.554900283,1.0,0.0,695.0,0.9,720.0,-25.0,-0.2425,0.2641,0.021600000000000008,700.0,-5.0,-0.049455050700046285,0.22240000000000001,0.17294494929995374,-127.0,-1.0
23.573335368,1.0,0.0,695.0,0.9,700.0,-5.0,-0.0525,0.2641,0.2116,700.0,-5.0,-0.049928739300050894,0.22240000000000001,0.1724712606999491,-127.0,-1.0
23.591358037,1.0,0.0,695.0,0.9,700.0,-5.0,-0.0525,0.2641,0.2116,700.0,-5.0,-0.05039235080004346,0.22240000000000001,0.17200764919995656,-127.0,-1.0
23.60837708,1.0,0.0,695.0,0.9,700.0,-5.0,-0.0525,0.2641,0.2116,700.0,-5.0,-0.05081894980004563,0.22240000000000001,0.1715810501999544,-127.0,-1.0
23.633121499,1.0,0.0,695.0,0.9,700.0,-5.0,-0.0525,0.2641,0.2116,700.0,-5.0,-0.05143252902504628,0.22240000000000001,0.17096747097495374,-127.0,-1.0
23.656476418,0.0,0.0,695.0,0.9,720.0,-25.0,-0.2425,0.2641,0.021600000000000008,680.0,15.0,0.14024674924996816,0.22240000000000001,0.3626467492499682,-127.0,-1.0
23.677736004,1.0,0.0,695.0,0.9,700.0,-5.0,-0.0525,0.2641,0.2116,700.0,-5.0,-0.05025039665003078,0.22240000000000001,0.17214960334996923,-127.0,-1.0
23.696514672,1.0,0.0,695.0,0.9,720.0,-25.0,-0.2425,0.2641,0.021600000000000008,700.0,-5.0,-0.050766070650026904,0.22240000000000001,0.17163392934997312,-127.0,-1.0
23.734525551,1.0,0.0,695.0,0.9,720.0,-25.0,-0.2425,0.2641,0.021600000000000008,700.0,-5.0,-0.05174986970003147,0.22240000000000001,0.17065013029996856,-127.0,-1.0
23.767960471,1.0,0.0,695.0,0.9,680.0,15.0,0.13930068452501698,0.2641,0.403400684525017,700.0,-5.0,-0.05235001767503263,0.22240000000000001,0.17004998232496737,-127.0,-1.0
23.788626223,1.0,0.0,695.0,0.9,680.0,15.0,0.1413777159999995,0.2641,0.4054777159999995,680.0,15.0,0.1397263794499395,0.22240000000000001,0.36212637944993953,-127.0,-1.0
23.816184351,1.0,0.0,695.0,0.9,720.0,-25.0,-0.2421518521250323,0.2641,0.02194814787496771,700.0,-5.0,-0.05097962895006503,0.22240000000000001,0.171420371049935,-127.0,-1.0
23.841626437,1.0,0.0,695.0,0.9,720.0,-25.0,-0.2425,0.2641,0.021600000000000008,700.0,-5.0,-0.051546446725060376,0.22240000000000001,0.17085355327493965,-127.0,-1.0
23.863829564,1.0,0.0,695.0,0.9,700.0,-5.0,-0.0525,0.2641,0.2116,700.0,-5.0,-0.05216797385006885,0.22240000000000001,0.17023202614993116,-127.0,-1.0
23.889683192,1.0,0.0,695.0,0.9,700.0,-5.0,-0.0525,0.2641,0.2116,700.0,-5.0,-0.0525,0.22240000000000001,0.16990000000000002,-127.0,-1.0
23.918654153,1.0,0.0,695.0,0.9,700.0,-5.0,-0.0525,0.2641,0.2116,680.0,15.0,0.13967369702500035,0.22240000000000001,0.36207369702500036,-127.0,-1.0
23.941233238,1.0,0.0,695.0,0.9,700.0,-5.0,-0.0525,0.2641,0.2116,680.0,15.0,0.141491969125002,0.22240000000000001,0.363891969125002,-127.0,-1.0
23.962483782,1.0,0.0,695.0,0.9,700.0,-5.0,-0.0525,0.2641,0.2116,700.0,-5.0,-0.04906460384999264,0.22240000000000001,0.17333539615000737,-127.0,-1.0
23.980901951,1.0,0.0,695.0,0.9,700.0,-5.0,-0.0525,0.2641,0.2116,700.0,-5.0,-0.049516599724997834,0.22240000000000001,0.17288340027500218,-127.0,-1.0
24.000748703,1.0,0.0,695.0,0.9,700.0,-5.0,-0.0525,0.2641,0.2116,700.0,-5.0,-0.049980371649987775,0.22240000000000001,0.17241962835001223,-127.0,-1.0
24.019055746,1.0,0.0,695.0,0.9,700.0,-5.0,-0.0525,0.2641,0.2116,700.0,-5.0,-0.050473842524993415,0.22240000000000001,0.1719261574750066,-127.0,-1.0
24.038100123,1.0,0.0,695.0,0.9,700.0,-5.0,-0.0525,0.2641,0.2116,700.0,-5.0,-0.050935594649993164,0.22240000000000001,0.17146440535000684,-127.0,-1.0
24.057073917,1.0,0.0,695.0,0.9,700.0,-5.0,-0.0525,0.2641,0.2116,700.0,-5.0,-0.05141958637499556,0.22240000000000001,0.17098041362500446,-127.0,-1.0
24.07449196,1.0,0.0,695.0,0.9,700.0,-5.0,-0.0525,0.2641,0.2116,700.0,-5.0,-0.051861548924991896,0.22240000000000001,0.17053845107500812,-127.0,-1.0
24.09221567,1.0,0.0,695.0,0.9,700.0,-5.0,-0.0525,0.2641,0.2116,700.0,-5.0,-0.052298604174998216,0.22240000000000001,0.1701013958250018,-127.0,-1.0
24.112533172,1.0,0.0,695.0,0.9,700.0,-5.0,-0.0525,0.2641,0.2116,680.0,15.0,0.13923562094998942,0.22240000000000001,0.36163562094998947,-127.0,-1.0
24.139099925,1.0,0.0,695.0,0.9,700.0,-5.0,-0.0525,0.2641,0.2116,700.0,-5.0,-0.0514254780750116,0.22240000000000001,0.1709745219249884,-127.0,-1.0
24.15812651,1.0,0.0,695.0,0.9,680.0,15.0,0.13882345952498554,0.2641,0.40292345952498554,700.0,-5.0,-0.051866623950004395,0.22240000000000001,0.17053337604999563,-127.0,-1.0
24.178659554,1.0,0.0,695.0,0.9,680.0,15.0,0.14026828157499266,0.2641,0.40436828157499266,700.0,-5.0,-0.052348216725013115,0.22240000000000001,0.1700517832749869,-127.0,-1.0
24.20211714,1.0,0.0,695.0,0.9,700.0,-5.0,-0.05032531847500877,0.2641,0.21377468152499124,680.0,15.0,0.13943247407498802,0.22240000000000001,0.36183247407498803,-127.0,-1.0
24.242176685,1.0,0.0,695.0,0.9,700.0,-5.0,-0.05135734462500295,0.2641,0.21274265537499704,720.0,-25.0,-0.2425,0.22240000000000001,-0.02009999999999998,-127.0,-1.0
24.278393522,1.0,0.0,695.0,0.9,700.0,-5.0,-0.052097055100002766,0.2641,0.21200294489999724,680.0,15.0,0.13971913149999862,0.22240000000000001,0.36211913149999864,-127.0,-1.0
24.300436816,1.0,0.0,695.0,0.9,700.0,-5.0,-0.0525,0.2641,0.2116,700.0,-5.0,-0.05096813732499413,0.22240000000000001,0.17143186267500587,-127.0,-1.0
24.329262236,1.0,0.0,695.0,0.9,700.0,-5.0,-0.0525,0.2641,0.2116,700.0,-5.0,-0.051737225950003,0.22240000000000001,0.17066277404999702,-127.0,-1.0
24.349390738,1.0,0.0,695.0,0.9,700.0,-5.0,-0.0525,0.2641,0.2116,680.0,15.0,0.13978063664997079,0.22240000000000001,0.3621806366499708,-127.0,-1.0
24.373887824,1.0,0.0,695.0,0.9,700.0,-5.0,-0.0525,0.2641,0.2116,680.0,15.0,0.1415495805749856,0.22240000000000001,0.3639495805749856,-127.0,-1.0
24.394207076,1.0,0.0,695.0,0.9,680.0,15.0,0.13901620015002436,0.2641,0.40311620015002436,700.0,-5.0,-0.04895592885001406,0.22240000000000001,0.17344407114998595,-127.0,-1.0
24.422982329,1.0,0.0,695.0,0.9,680.0,15.0,0.14117445347501414,0.2641,0.4052744534750141,680.0,15.0,0.14320252142497336,0.22240000000000001,0.3656025214249734,-127.0,-1.0
24.442902289,1.0,0.0,695.0,0.9,700.0,-5.0,-0.04932603199998994,0.2641,0.21477396800001006,700.0,-5.0,-0.04729795675002833,0.22240000000000001,0.1751020432499717,-127.0,-1.0
24.462182916,1.0,0.0,695.0,0.9,700.0,-5.0,-0.049802301824981896,0.2641,0.2142976981750181,700.0,-5.0,-0.047774212000026635,0.22240000000000001,0.1746257879999734,-127.0,-1.0
24.480851334,1.0,0.0,695.0,0.9,700.0,-5.0,-0.05027601959998492,0.2641,0.21382398040001507,700.0,-5.0,-0.04824789330002886,0.22240000000000001,0.17415210669997117,-127.0,-1.0
24.50010542,1.0,0.0,695.0,0.9,700.0,-5.0,-0.05074857067499124,0.2641,0.21335142932500875,680.0,15.0,0.1431699349749806,0.22240000000000001,0.3655699349749806,-127.0,-1.0
24.521676797,1.0,0.0,695.0,0.9,700.0,-5.0,-0.051292944699982856,0.2641,0.21280705530001714,720.0,-25.0,-0.23955186215001048,0.22240000000000001,-0.017151862150010466,-127.0,-1.0
24.539916757,1.0,0.0,695.0,0.9,700.0,-5.0,-0.05175633014998993,0.2641,0.21234366985001007,700.0,-5.0,-0.050015247600017576,0.22240000000000001,0.17238475239998244,-127.0,-1.0
24.559591134,1.0,0.0,695.0,0.9,700.0,-5.0,-0.052239366674987193,0.2641,0.21186063332501281,700.0,-5.0,-0.050498284125014836,0.22240000000000001,0.17190171587498518,-127.0,-1.0
24.578202094,1.0,0.0,695.0,0.9,700.0,-5.0,-0.0525,0.2641,0.2116,700.0,-5.0,-0.050968188325011855,0.22240000000000001,0.17143181167498817,-127.0,-1.0
24.596097888,1.0,0.0,695.0,0.9,700.0,-5.0,-0.0525,0.2641,0.2116,680.0,15.0,0.14044900559998721,0.22240000000000001,0.36284900559998723,-127.0,-1.0
24.615136139,1.0,0.0,695.0,0.9,700.0,-5.0,-0.0525,0.2641,0.2116,680.0,15.0,0.14187492757497466,0.22240000000000001,0.3642749275749747,-127.0,-1.0
24.642456851,1.0,0.0,695.0,0.9,700.0,-5.0,-0.0525,0.2641,0.2116,700.0,-5.0,-0.04881290270002637,0.22240000000000001,0.17358709729997365,-127.0,-1.0
24.660218769,1.0,0.0,695.0,0.9,700.0,-5.0,-0.0525,0.2641,0.2116,700.0,-5.0,-0.04926276942502682,0.22240000000000001,0.1731372305749732,-127.0,-1.0
24.677770979,1.0,0.0,695.0,0.9,700.0,-5.0,-0.0525,0.2641,0.2116,680.0,15.0,0.14204056504996743,0.22240000000000001,0.36444056504996747,-127.0,-1.0
24.698321231,1.0,0.0,695.0,0.9,700.0,-5.0,-0.0525,0.2641,0.2116,700.0,-5.0,-0.04847262980004189,0.22240000000000001,0.17392737019995813,-127.0,-1.0
24.717586983,1.0,0.0,695.0,0.9,680.0,15.0,0.13874831889999084,0.2641,0.40284831889999084,700.0,-5.0,-0.04888874337504149,0.22240000000000001,0.17351125662495853,-127.0,-1.0
24.758972446,1.0,0.0,695.0,0.9,700.0,-5.0,-0.05230840412500811,0.2641,0.21179159587499188,700.0,-5.0,-0.04994546640004046,0.22240000000000001,0.17245453359995955,-127.0,-1.0
24.794185657,1.0,0.0,695.0,0.9,700.0,-5.0,-0.0525,0.2641,0.2116,680.0,15.0,0.14229453384996305,0.22240000000000001,0.3646945338499631,-127.0,-1.0
24.811850159,1.0,0.0,695.0,0.9,700.0,-5.0,-0.0525,0.2641,0.2116,700.0,-5.0,-0.04832562245003601,0.22240000000000001,0.17407437754996402,-127.0,-1.0
24.83991112,1.0,0.0,695.0,0.9,700.0,-5.0,-0.0525,0.2641,0.2116,700.0,-5.0,-0.04901650795003661,0.22240000000000001,0.1733834920499634,-127.0,-1.0
24.859640039,1.0,0.0,695.0,0.9,700.0,-5.0,-0.0525,0.2641,0.2116,700.0,-5.0,-0.049508206950033586,0.22240000000000001,0.17289179304996644,-127.0,-1.0
24.878828499,1.0,0.0,695.0,0.9,700.0,-5.0,-0.0525,0.2641,0.2116,700.0,-5.0,-0.050005688250032564,0.22240000000000001,0.17239431174996744,-127.0,-1.0
24.906214252,1.0,0.0,695.0,0.9,700.0,-5.0,-0.0525,0.2641,0.2116,680.0,15.0,0.1419927244749715,0.22240000000000001,0.3643927244749715,-127.0,-1.0
24.925337671,1.0,0.0,695.0,0.9,700.0,-5.0,-0.0525,0.2641,0.2116,700.0,-5.0,-0.0485013516000231,0.22240000000000001,0.17389864839997693,-127.0,-1.0
24.943777714,1.0,0.0,695.0,0.9,700.0,-5.0,-0.0525,0.2641,0.2116,700.0,-5.0,-0.04896049332502571,0.22240000000000001,0.17343950667497432,-127.0,-1.0
24.963400758,1.0,0.0,695.0,0.9,680.0,15.0,0.13882676267497798,0.2641,0.40292676267497796,700.0,-5.0,-0.049402762125023404,0.22240000000000001,0.17299723787497662,-127.0,-1.0
24.989159885,1.0,0.0,695.0,0.9,700.0,-5.0,-0.051818717600021956,0.2641,0.21228128239997804,700.0,-5.0,-0.05004823510003235,0.22240000000000001,0.17235176489996767,-127.0,-1.0
25.007351429,1.0,0.0,695.0,0.9,700.0,-5.0,-0.05228843222502292,0.2641,0.2118115677749771,700.0,-5.0,-0.05051793515002828,0.22240000000000001,0.17188206484997173,-127.0,-1.0
25.027269639,1.0,0.0,695.0,0.9,700.0,-5.0,-0.0525,0.2641,0.2116,700.0,-5.0,-0.051010027900022126,0.22240000000000001,0.1713899720999779,-127.0,-1.0
25.044724141,1.0,0.0,695.0,0.9,700.0,-5.0,-0.0525,0.2641,0.2116,680.0,15.0,0.1404140784749984,0.22240000000000001,0.3628140784749984,-127.0,-1.0
25.061741434,1.0,0.0,695.0,0.9,700.0,-5.0,-0.0525,0.2641,0.2116,680.0,15.0,0.14171459114999152,0.22240000000000001,0.36411459114999156,-127.0,-1.0
25.083325937,1.0,0.0,695.0,0.9,700.0,-5.0,-0.0525,0.2641,0.2116,700.0,-5.0,-0.04878437035000843,0.22240000000000001,0.17361562964999158,-127.0,-1.0
25.102148647,1.0,0.0,695.0,0.9,700.0,-5.0,-0.0525,0.2641,0.2116,700.0,-5.0,-0.049290477700005796,0.22240000000000001,0.1731095222999942,-127.0,-1.0
25.12971815,1.0,0.0,695.0,0.9,680.0,15.0,0.13934498147500562,0.2641,0.4034449814750056,680.0,15.0,0.14255452560000775,0.22240000000000001,0.36495452560000774,-127.0,-1.0
25.152390277,0.0,0.0,695.0,0.9,680.0,15.0,0.14114861912499918,0.2641,0.4052486191249992,720.0,-25.0,-0.2404515736499934,0.22240000000000001,-0.01805157364999338,-127.0,-1.0
25.173076154,1.0,0.0,695.0,0.9,700.0,-5.0,-0.04936381739999206,0.2641,0.21473618260000793,700.0,-5.0,-0.05096401017499602,0.22240000000000001,0.171435989825004,-127.0,-1.0
25.193981364,1.0,0.0,695.0,0.9,700.0,-5.0,-0.04989314869999589,0.2641,0.2142068513000041,700.0,-5.0,-0.05149331229999007,0.22240000000000001,0.17090668770000994,-127.0,-1.0
25.214624366,1.0,0.0,695.0,0.9,700.0,-5.0,-0.05041267269999935,0.2641,0.21368732730000065,700.0,-5.0,-0.0520128435999959,0.22240000000000001,0.17038715640000412,-127.0,-1.0
25.235168785,1.0,0.0,695.0,0.9,700.0,-5.0,-0.05089575295000032,0.2641,0.21320424704999968,700.0,-5.0,-0.05249592384999687,0.22240000000000001,0.16990407615000314,-127.0,-1.0
25.275424331,1.0,0.0,695.0,0.9,700.0,-5.0,-0.05193081244999803,0.2641,0.21216918755000197,680.0,15.0,0.14060923274998913,0.22240000000000001,0.36300923274998914,-127.0,-1.0
25.307525751,1.0,0.0,695.0,0.9,700.0,-5.0,-0.0525,0.2641,0.2116,700.0,-5.0,-0.050063963150014386,0.22240000000000001,0.17233603684998564,-127.0,-1.0
25.326229753,1.0,0.0,695.0,0.9,700.0,-5.0,-0.0525,0.2641,0.2116,680.0,15.0,0.1418021276749755,0.22240000000000001,0.3642021276749755,-127.0,-1.0
25.356083589,1.0,0.0,695.0,0.9,680.0,15.0,0.13956952832500064,0.2641,0.40366952832500064,680.0,15.0,0.143871634099969,0.22240000000000001,0.366271634099969,-127.0,-1.0
25.379179216,1.0,0.0,695.0,0.9,700.0,-5.0,-0.05102176027500264,0.2641,0.21307823972499737,700.0,-5.0,-0.046719610750030824,0.22240000000000001,0.1756803892499692,-127.0,-1.0
25.409155553,1.0,0.0,695.0,0.9,680.0,15.0,0.1412519493249874,0.2641,0.4053519493249874,700.0,-5.0,-0.04747755770003096,0.22240000000000001,0.17492244229996906,-127.0,-1.0
25.43101568,1.0,0.0,695.0,0.9,680.0,15.0,0.14289347132497596,0.2641,0.406993471324976,700.0,-5.0,-0.04802472442503586,0.22240000000000001,0.17437527557496416,-127.0,-1.0
25.449035432,1.0,0.0,695.0,0.9,700.0,-5.0,-0.04756076310002527,0.2641,0.21653923689997473,700.0,-5.0,-0.04847897342503075,0.22240000000000001,0.17392102657496927,-127.0,-1.0
25.470375517,1.0,0.0,695.0,0.9,700.0,-5.0,-0.04809275587502043,0.2641,0.21600724412497957,700.0,-5.0,-0.04901092972503648,0.22240000000000001,0.17338907027496353,-127.0,-1.0
25.491096394,1.0,0.0,695.0,0.9,720.0,-25.0,-0.24058741750002807,0.2641,0.02351258249997193,700.0,-5.0,-0.04950985477503537,0.22240000000000001,0.17289014522496465,-127.0,-1.0
25.511373355,1.0,0.0,695.0,0.9,720.0,-25.0,-0.2425,0.2641,0.021600000000000008,700.0,-5.0,-0.050029604850035415,0.22240000000000001,0.1723703951499646,-127.0,-1.0
25.530997273,1.0,0.0,695.0,0.9,700.0,-5.0,-0.0525,0.2641,0.2116,700.0,-5.0,-0.050510723625031916,0.22240000000000001,0.1718892763749681,-127.0,-1.0
25.554990359,1.0,0.0,695.0,0.9,700.0,-5.0,-0.0525,0.2641,0.2116,700.0,-5.0,-0.05109639765003294,0.22240000000000001,0.17130360234996708,-127.0,-1.0
25.578446778,1.0,0.0,695.0,0.9,700.0,-5.0,-0.0525,0.2641,0.2116,700.0,-5.0,-0.051727075850035366,0.22240000000000001,0.17067292414996466,-127.0,-1.0
25.598374322,1.0,0.0,695.0,0.9,700.0,-5.0,-0.0525,0.2641,0.2116,680.0,15.0,0.13979509617496433,0.22240000000000001,0.36219509617496437,-127.0,-1.0
25.617974032,1.0,0.0,695.0,0.9,720.0,-25.0,-0.2425,0.2641,0.021600000000000008,720.0,-25.0,-0.2425,0.22240000000000001,-0.02009999999999998,-127.0,-1.0
25.64637216,1.0,0.0,695.0,0.9,700.0,-5.0,-0.0525,0.2641,0.2116,700.0,-5.0,-0.0525,0.22240000000000001,0.16990000000000002,-127.0,-1.0
25.667363704,1.0,0.0,695.0,0.9,680.0,15.0,0.13905360647499945,0.2641,0.4031536064749994,680.0,15.0,0.1390535845749923,0.22240000000000001,0.3614535845749923,-127.0,-1.0
25.687105747,1.0,0.0,695.0,0.9,700.0,-5.0,-0.05144946752499436,0.2641,0.21265053247500565,680.0,15.0,0.14056278467500077,0.22240000000000001,0.36296278467500076,-127.0,-1.0
25.706275249,1.0,0.0,695.0,0.9,700.0,-5.0,-0.05192526339999631,0.2641,0.2121747366000037,680.0,15.0,0.14199023792499474,0.22240000000000001,0.36439023792499475,-127.0,-1.0
25.724876293,1.0,0.0,695.0,0.9,700.0,-5.0,-0.05239901032499802,0.2641,0.21170098967500198,680.0,15.0,0.14341147869999984,0.22240000000000001,0.36581147869999986,-127.0,-1.0
25.744856336,1.0,0.0,695.0,0.9,700.0,-5.0,-0.0525,0.2641,0.2116,700.0,-5.0,-0.0470594244749941,0.22240000000000001,0.17534057552500593,-127.0,-1.0
25.783389299,1.0,0.0,695.0,0.9,700.0,-5.0,-0.0525,0.2641,0.2116,680.0,15.0,0.14602834150000488,0.22240000000000001,0.3684283415000049,-127.0,-1.0
25.819508136,0.0,0.0,695.0,0.9,720.0,-25.0,-0.2425,0.2641,0.021600000000000008,680.0,15.0,0.1475,0.22240000000000001,0.3699,-127.0,-1.0
25.839968554,1.0,0.0,695.0,0.9,680.0,15.0,0.13944788147498455,0.2641,0.40354788147498455,700.0,-5.0,-0.043149315700002265,0.22240000000000001,0.17925068429999774,-127.0,-1.0
25.867099682,1.0,0.0,695.0,0.9,700.0,-5.0,-0.05119129877502019,0.2641,0.21290870122497982,700.0,-5.0,-0.04378847409999935,0.22240000000000001,0.17861152590000068,-127.0,-1.0
25.884859267,1.0,0.0,695.0,0.9,700.0,-5.0,-0.05167805405001445,0.2641,0.21242194594998554,700.0,-5.0,-0.044275222050002866,0.22240000000000001,0.17812477794999715,-127.0,-1.0
25.912564687,1.0,0.0,695.0,0.9,700.0,-5.0,-0.052364426000021926,0.2641,0.21173557399997808,700.0,-5.0,-0.04496160860000373,0.22240000000000001,0.1774383913999963,-127.0,-1.0
25.934507064,1.0,0.0,695.0,0.9,700.0,-5.0,-0.0525,0.2641,0.2116,700.0,-5.0,-0.045521448225001676,0.22240000000000001,0.17687855177499834,-127.0,-1.0
25.951460482,1.0,0.0,695.0,0.9,700.0,-5.0,-0.0525,0.2641,0.2116,700.0,-5.0,-0.04596059620000006,0.22240000000000001,0.17643940379999995,-127.0,-1.0
25.971205734,1.0,0.0,695.0,0.9,680.0,15.0,0.13889470637502654,0.2641,0.40299470637502655,700.0,-5.0,-0.046425476450001495,0.22240000000000001,0.1759745235499985,-127.0,-1.0
25.990227944,1.0,0.0,695.0,0.9,680.0,15.0,0.14032931275002056,0.2641,0.4044293127500206,700.0,-5.0,-0.046903678574999504,0.22240000000000001,0.17549632142500052,-127.0,-1.0
26.011191196,1.0,0.0,695.0,0.9,680.0,15.0,0.14186953165002478,0.2641,0.4059695316500248,700.0,-5.0,-0.04741709217500329,0.22240000000000001,0.17498290782499673,-127.0,-1.0
26.030283407,1.0,0.0,695.0,0.9,700.0,-5.0,-0.04860084652497335,0.2641,0.21549915347502666,700.0,-5.0,-0.04788747762500407,0.22240000000000001,0.17451252237499595,-127.0,-1.0
26.050834825,1.0,0.0,695.0,0.9,700.0,-5.0,-0.04913719969996692,0.2641,0.2149628003000331,700.0,-5.0,-0.048423808925001595,0.22240000000000001,0.17397619107499843,-127.0,-1.0
26.069763702,1.0,0.0,695.0,0.9,700.0,-5.0,-0.04960180287496541,0.2641,0.2144981971250346,700.0,-5.0,-0.04888840482499745,0.22240000000000001,0.17351159517500256,-127.0,-1.0
26.088843371,1.0,0.0,695.0,0.9,720.0,-25.0,-0.24199233962496464,0.2641,0.022107660375035365,700.0,-5.0,-0.049366555900001004,0.22240000000000001,0.17303344409999902,-127.0,-1.0
26.108592415,1.0,0.0,695.0,0.9,720.0,-25.0,-0.2425,0.2641,0.021600000000000008,700.0,-5.0,-0.04986172575000183,0.22240000000000001,0.17253827424999818,-127.0,-1.0
26.137911626,1.0,0.0,695.0,0.9,700.0,-5.0,-0.0525,0.2641,0.2116,700.0,-5.0,-0.05059696645000031,0.22240000000000001,0.1718030335499997,-127.0,-1.0
26.158495711,1.0,0.0,695.0,0.9,700.0,-5.0,-0.0525,0.2641,0.2116,680.0,15.0,0.14102215560001014,0.22240000000000001,0.3634221556000101,-127.0,-1.0
26.174899921,1.0,0.0,695.0,0.9,700.0,-5.0,-0.0525,0.2641,0.2116,700.0,-5.0,-0.049395212149981944,0.22240000000000001,0.17300478785001808,-127.0,-1.0
26.198258924,1.0,0.0,695.0,0.9,700.0,-5.0,-0.0525,0.2641,0.2116,680.0,15.0,0.14230465047504365,0.22240000000000001,0.36470465047504363,-127.0,-1.0
26.21675555,1.0,0.0,695.0,0.9,700.0,-5.0,-0.0525,0.2641,0.2116,700.0,-5.0,-0.048175221449951094,0.22240000000000001,0.17422477855004892,-127.0,-1.0
26.23402601,1.0,0.0,695.0,0.9,700.0,-5.0,-0.0525,0.2641,0.2116,680.0,15.0,0.14313642557505998,0.22240000000000001,0.36553642557506,-127.0,-1.0
26.255388846,0.0,0.0,695.0,0.9,680.0,15.0,0.13890662830000336,0.2641,0.40300662830000333,720.0,-25.0,-0.23920795492494562,0.22240000000000001,-0.016807954924945606,-127.0,-1.0
26.301485892,1.0,0.0,695.0,0.9,700.0,-5.0,-0.052252950974993835,0.2641,0.21184704902500617,680.0,15.0,0.14427062975002852,0.22240000000000001,0.3666706297500285,-127.0,-1.0
26.337454229,1.0,0.0,695.0,0.9,700.0,-5.0,-0.0525,0.2641,0.2116,680.0,15.0,0.14655300185005216,0.22240000000000001,0.3689530018500522,-127.0,-1.0
26.358962606,1.0,0.0,695.0,0.9,720.0,-25.0,-0.2425,0.2641,0.021600000000000008,700.0,-5.0,-0.044116657599947755,0.22240000000000001,0.17828334240005225,-127.0,-1.0
26.389085359,0.0,0.0,695.0,0.9,720.0,-25.0,-0.2425,0.2641,0.021600000000000008,680.0,15.0,0.1475,0.22240000000000001,0.3699,-127.0,-1.0
26.412661362,0.0,0.0,695.0,0.9,720.0,-25.0,-0.2425,0.2641,0.021600000000000008,680.0,15.0,0.1475,0.22240000000000001,0.3699,-127.0,-1.0
26.435495947,1.0,0.0,695.0,0.9,700.0,-5.0,-0.0525,0.2641,0.2116,700.0,-5.0,-0.04298932192499933,0.22240000000000001,0.1794106780750007,-127.0,-1.0
26.452996241,1.0,0.0,695.0,0.9,680.0,15.0,0.13881295952497794,0.2641,0.40291295952497796,680.0,15.0,0.1475,0.22240000000000001,0.3699,-127.0,-1.0
26.472435826,1.0,0.0,695.0,0.9,680.0,15.0,0.1403771971749961,0.2641,0.4044771971749961,680.0,15.0,0.1475,0.22240000000000001,0.3699,-127.0,-1.0
26.490859536,1.0,0.0,695.0,0.9,680.0,15.0,0.14166279099998746,0.2641,0.40576279099998747,700.0,-5.0,-0.04292856774999791,0.22240000000000001,0.17947143225000212,-127.0,-1.0
26.509920538,1.0,0.0,695.0,0.9,700.0,-5.0,-0.048812297600013606,0.2641,0.2152877023999864,700.0,-5.0,-0.04340236572499407,0.22240000000000001,0.17899763427500595,-127.0,-1.0
26.528613457,1.0,0.0,695.0,0.9,720.0,-25.0,-0.24108631347501613,0.2641,0.023013686524983867,700.0,-5.0,-0.04385844492499473,0.22240000000000001,0.1785415550750053,-127.0,-1.0
26.548269167,1.0,0.0,695.0,0.9,700.0,-5.0,-0.051581979150014376,0.2641,0.2125180208499856,700.0,-5.0,-0.04435412517499799,0.22240000000000001,0.17804587482500203,-127.0,-1.0
26.56581496,1.0,0.0,695.0,0.9,700.0,-5.0,-0.05202846982502024,0.2641,0.21207153017497976,700.0,-5.0,-0.04480061584999248,0.22240000000000001,0.17759938415000753,-127.0,-1.0
26.587498921,1.0,0.0,695.0,0.9,700.0,-5.0,-0.0525,0.2641,0.2116,700.0,-5.0,-0.04533308257498902,0.22240000000000001,0.177066917425011,-127.0,-1.0
26.611329548,1.0,0.0,695.0,0.9,700.0,-5.0,-0.0525,0.2641,0.2116,700.0,-5.0,-0.045963760774991445,0.22240000000000001,0.17643623922500856,-127.0,-1.0
26.637611926,1.0,0.0,695.0,0.9,700.0,-5.0,-0.0525,0.2641,0.2116,700.0,-5.0,-0.046623124374996223,0.22240000000000001,0.1757768756250038,-127.0,-1.0
26.656910928,1.0,0.0,695.0,0.9,700.0,-5.0,-0.0525,0.2641,0.2116,680.0,15.0,0.14481601012499595,0.22240000000000001,0.36721601012499594,-127.0,-1.0
26.67514768,1.0,0.0,695.0,0.9,700.0,-5.0,-0.0525,0.2641,0.2116,700.0,-5.0,-0.04564640555000096,0.22240000000000001,0.17675359444999905,-127.0,-1.0
26.691605848,1.0,0.0,695.0,0.9,700.0,-5.0,-0.0525,0.2641,0.2116,700.0,-5.0,-0.04605204830000275,0.22240000000000001,0.17634795169999726,-127.0,-1.0
26.7116346,1.0,0.0,695.0,0.9,700.0,-5.0,-0.0525,0.2641,0.2116,720.0,-25.0,-0.23864671517498662,0.22240000000000001,-0.016246715174986603,-127.0,-1.0
26.732776061,0.0,0.0,695.0,0.9,720.0,-25.0,-0.2425,0.2641,0.021600000000000008,680.0,15.0,0.14280683500004215,0.22240000000000001,0.36520683500004214,-127.0,-1.0
26.752438479,1.0,0.0,695.0,0.9,720.0,-25.0,-0.2425,0.2641,0.021600000000000008,700.0,-5.0,-0.047727527549948266,0.22240000000000001,0.17467247245005174,-127.0,-1.0
26.769738398,1.0,0.0,695.0,0.9,720.0,-25.0,-0.2425,0.2641,0.021600000000000008,700.0,-5.0,-0.04815522029995691,0.22240000000000001,0.1742447797000431,-127.0,-1.0
26.811367985,1.0,0.0,695.0,0.9,700.0,-5.0,-0.0525,0.2641,0.2116,680.0,15.0,0.14476741127503828,0.22240000000000001,0.36716741127503827,-127.0,-1.0
26.844267113,1.0,0.0,695.0,0.9,700.0,-5.0,-0.0525,0.2641,0.2116,700.0,-5.0,-0.04597802317495507,0.22240000000000001,0.17642197682504496,-127.0,-1.0
26.862319532,1.0,0.0,695.0,0.9,700.0,-5.0,-0.0525,0.2641,0.2116,700.0,-5.0,-0.04657860134996554,0.22240000000000001,0.1758213986500345,-127.0,-1.0
26.893911993,1.0,0.0,695.0,0.9,680.0,15.0,0.13978361897500236,0.2641,0.40388361897500236,680.0,15.0,0.1457050176250027,0.22240000000000001,0.3681050176250027,-127.0,-1.0
26.917142662,1.0,0.0,695.0,0.9,680.0,15.0,0.1414073566750062,0.2641,0.4055073566750062,680.0,15.0,0.14732862407503033,0.22240000000000001,0.3697286240750304,-127.0,-1.0
26.936649331,1.0,0.0,695.0,0.9,700.0,-5.0,-0.049105969399990956,0.2641,0.21499403060000905,700.0,-5.0,-0.04318474574997026,0.22240000000000001,0.17921525425002977,-127.0,-1.0
26.95442875,1.0,0.0,695.0,0.9,700.0,-5.0,-0.04954866112498394,0.2641,0.21455133887501607,700.0,-5.0,-0.043627364549961384,0.22240000000000001,0.17877263545003863,-127.0,-1.0
26.97335471,1.0,0.0,695.0,0.9,700.0,-5.0,-0.05003581012498671,0.2641,0.2140641898750133,680.0,15.0,0.1475,0.22240000000000001,0.3699,-127.0,-1.0
26.991510087,1.0,0.0,695.0,0.9,700.0,-5.0,-0.05047751017498513,0.2641,0.21362248982501486,700.0,-5.0,-0.04294162712499656,0.22240000000000001,0.17945837287500346,-127.0,-1.0
27.011491005,1.0,0.0,695.0,0.9,700.0,-5.0,-0.050969340424992425,0.2641,0.21313065957500757,700.0,-5.0,-0.04343311467500143,0.22240000000000001,0.17896688532499858,-127.0,-1.0
27.031100341,1.0,0.0,695.0,0.9,700.0,-5.0,-0.05145678839998254,0.2641,0.21264321160001745,700.0,-5.0,-0.043920919949998735,0.22240000000000001,0.1784790800500013,-127.0,-1.0
27.051195301,1.0,0.0,695.0,0.9,680.0,15.0,0.14002476175004402,0.2641,0.404124761750044,680.0,15.0,0.1475,0.22240000000000001,0.3699,-127.0,-1.0
27.070282845,1.0,0.0,695.0,0.9,700.0,-5.0,-0.0504732372499484,0.2641,0.2136267627500516,700.0,-5.0,-0.042998006300006185,0.22240000000000001,0.17940199369999382,-127.0,-1.0
27.089594096,1.0,0.0,695.0,0.9,700.0,-5.0,-0.050951001874957456,0.2641,0.21314899812504254,680.0,15.0,0.1475,0.22240000000000001,0.3699,-127.0,-1.0
27.112822432,1.0,0.0,695.0,0.9,700.0,-5.0,-0.051556195699949965,0.2641,0.21254380430005004,720.0,-25.0,-0.23552593262500748,0.22240000000000001,-0.01312593262500747,-127.0,-1.0
27.134093393,1.0,0.0,695.0,0.9,700.0,-5.0,-0.052072854074949645,0.2641,0.21202714592505034,680.0,15.0,0.1460240206749836,0.22240000000000001,0.3684240206749836,-127.0,-1.0
27.16067852,1.0,0.0,695.0,0.9,700.0,-5.0,-0.0525,0.2641,0.2116,680.0,15.0,0.1475,0.22240000000000001,0.3699,-127.0,-1.0
27.179869022,1.0,0.0,695.0,0.9,700.0,-5.0,-0.0525,0.2641,0.2116,720.0,-25.0,-0.23502171375001352,0.22240000000000001,-0.012621713750013502,-127.0,-1.0
27.200107774,1.0,0.0,695.0,0.9,680.0,15.0,0.13899292517498907,0.2641,0.40309292517498907,700.0,-5.0,-0.04551937735001729,0.22240000000000001,0.17688062264998272,-127.0,-1.0
27.217790943,1.0,0.0,695.0,0.9,700.0,-5.0,-0.05144579985001428,0.2641,0.2126542001499857,700.0,-5.0,-0.045958109675011655,0.22240000000000001,0.17644189032498836,-127.0,-1.0
27.234164528,1.0,0.0,695.0,0.9,680.0,15.0,0.13980065964999538,0.2641,0.4039006596499954,680.0,15.0,0.1452882842000099,0.22240000000000001,0.3676882842000099,-127.0,-1.0
27.25347053,1.0,0.0,695.0,0.9,700.0,-5.0,-0.05068217270000105,0.2641,0.21341782729999895,700.0,-5.0,-0.04519455544998891,0.22240000000000001,0.1772054445500111,-127.0,-1.0
27.270763156,1.0,0.0,695.0,0.9,700.0,-5.0,-0.051112293575001785,0.2641,0.2129877064249982,680.0,15.0,0.14609567592500297,0.22240000000000001,0.368495675925003,-127.0,-1.0
27.289393075,1.0,0.0,695.0,0.9,700.0,-5.0,-0.05156953217499677,0.2641,0.21253046782500323,700.0,-5.0,-0.04436162100000047,0.22240000000000001,0.17803837899999955,-127.0,-1.0
27.329160371,1.0,0.0,695.0,0.9,700.0,-5.0,-0.0525,0.2641,0.2116,700.0,-5.0,-0.045321824199997994,0.22240000000000001,0.177078175800002,-127.0,-1.0
27.367019874,1.0,0.0,695.0,0.9,700.0,-5.0,-0.0525,0.2641,0.2116,700.0,-5.0,-0.046121523250001246,0.22240000000000001,0.17627847674999877,-127.0,-1.0
27.391461835,1.0,0.0,695.0,0.9,700.0,-5.0,-0.0525,0.2641,0.2116,680.0,15.0,0.14635726447497516,0.22240000000000001,0.36875726447497514,-127.0,-1.0
27.412064879,1.0,0.0,695.0,0.9,680.0,15.0,0.13874919385001475,0.2641,0.4028491938500147,700.0,-5.0,-0.0440591480750345,0.22240000000000001,0.17834085192496552,-127.0,-1.0
27.431368839,1.0,0.0,695.0,0.9,680.0,15.0,0.14035960960001148,0.2641,0.4044596096000115,680.0,15.0,0.1475,0.22240000000000001,0.3699,-127.0,-1.0
27.450291299,1.0,0.0,695.0,0.9,700.0,-5.0,-0.05010886544999039,0.2641,0.21399113455000962,700.0,-5.0,-0.04296846047499685,0.22240000000000001,0.17943153952500318,-127.0,-1.0
27.47071001,1.0,0.0,695.0,0.9,700.0,-5.0,-0.05062758009999243,0.2641,0.21347241990000757,680.0,15.0,0.1475,0.22240000000000001,0.3699,-127.0,-1.0
27.488499637,1.0,0.0,695.0,0.9,700.0,-5.0,-0.05106659679999211,0.2641,0.21303340320000788,700.0,-5.0,-0.04293900212500603,0.22240000000000001,0.17946099787499398,-127.0,-1.0
27.508156514,1.0,0.0,695.0,0.9,700.0,-5.0,-0.05155917082498945,0.2641,0.21254082917501055,680.0,15.0,0.1475,0.22240000000000001,0.3699,-127.0,-1.0
27.528626849,1.0,0.0,695.0,0.9,700.0,-5.0,-0.05204198127499012,0.2641,0.21205801872500987,700.0,-5.0,-0.04298283962499909,0.22240000000000001,0.17941716037500094,-127.0,-1.0
27.548576268,1.0,0.0,695.0,0.9,700.0,-5.0,-0.0525,0.2641,0.2116,700.0,-5.0,-0.04350034385000072,0.22240000000000001,0.1788996561499993,-127.0,-1.0
27.565442769,1.0,0.0,695.0,0.9,700.0,-5.0,-0.0525,0.2641,0.2116,700.0,-5.0,-0.043969978275008544,0.22240000000000001,0.17843002172499148,-127.0,-1.0
27.592830564,1.0,0.0,695.0,0.9,720.0,-25.0,-0.2425,0.2641,0.021600000000000008,700.0,-5.0,-0.044628554375008206,0.22240000000000001,0.1777714456249918,-127.0,-1.0
27.612114982,1.0,0.0,695.0,0.9,700.0,-5.0,-0.0525,0.2641,0.2116,700.0,-5.0,-0.045105640900003435,0.22240000000000001,0.17729435909999658,-127.0,-1.0
27.633012609,1.0,0.0,695.0,0.9,680.0,15.0,0.1390704939249872,0.2641,0.40317049392498716,700.0,-5.0,-0.04562913157500816,0.22240000000000001,0.17677086842499184,-127.0,-1.0
27.653613903,1.0,0.0,695.0,0.9,680.0,15.0,0.1406367440500048,0.2641,0.4047367440500048,700.0,-5.0,-0.046151236824998706,0.22240000000000001,0.17624876317500132,-127.0,-1.0
27.677094239,1.0,0.0,695.0,0.9,680.0,15.0,0.14221920362498394,0.2641,0.40631920362498397,700.0,-5.0,-0.04667870147500707,0.22240000000000001,0.17572129852499294,-127.0,-1.0
27.696079116,1.0,0.0,695.0,0.9,700.0,-5.0,-0.048305584950016967,0.2641,0.21579441504998303,700.0,-5.0,-0.0472035192250064,0.22240000000000001,0.1751964807749936,-127.0,-1.0
27.713946034,1.0,0.0,695.0,0.9,700.0,-5.0,-0.048750529800022376,0.2641,0.21534947019997763,700.0,-5.0,-0.04764844220000441,0.22240000000000001,0.1747515577999956,-127.0,-1.0
27.733711411,1.0,0.0,695.0,0.9,720.0,-25.0,-0.2412333425499969,0.2641,0.022866657450003103,700.0,-5.0,-0.048145033899998,0.22240000000000001,0.17425496610000202,-127.0,-1.0
27.758694705,0.0,0.0,695.0,0.9,720.0,-25.0,-0.2425,0.2641,0.021600000000000008,680.0,15.0,0.14366206005000548,0.22240000000000001,0.3660620600500055,-127.0,-1.0
27.779565499,1.0,0.0,695.0,0.9,700.0,-5.0,-0.0525,0.2641,0.2116,700.0,-5.0,-0.046873243124996404,0.22240000000000001,0.1755267568750036,-127.0,-1.0
27.798327251,1.0,0.0,695.0,0.9,700.0,-5.0,-0.0525,0.2641,0.2116,700.0,-5.0,-0.04733945774999484,0.22240000000000001,0.17506054225000517,-127.0,-1.0
27.84311063,1.0,0.0,695.0,0.9,700.0,-5.0,-0.0525,0.2641,0.2116,680.0,15.0,0.1461079988500137,0.22240000000000001,0.36850799885001373,-127.0,-1.0
27.874536259,1.0,0.0,695.0,0.9,700.0,-5.0,-0.0525,0.2641,0.2116,700.0,-5.0,-0.044558488724992455,0.22240000000000001,0.17784151127500755,-127.0,-1.0
27.904328553,1.0,0.0,695.0,0.9,700.0,-5.0,-0.0525,0.2641,0.2116,700.0,-5.0,-0.04542944922498464,0.22240000000000001,0.1769705507750154,-127.0,-1.0
27.929336347,1.0,0.0,695.0,0.9,680.0,15.0,0.13916733459999475,0.2641,0.40326733459999475,700.0,-5.0,-0.04598523469998554,0.22240000000000001,0.1764147653000145,-127.0,-1.0
27.949169099,1.0,0.0,695.0,0.9,680.0,15.0,0.14077083782497082,0.2641,0.4048708378249708,700.0,-5.0,-0.046519721199983904,0.22240000000000001,0.1758802788000161,-127.0,-1.0
27.967812435,1.0,0.0,695.0,0.9,680.0,15.0,0.14218280364997327,0.2641,0.40628280364997327,700.0,-5.0,-0.04699038374998736,0.22240000000000001,0.17540961625001267,-127.0,-1.0
27.986076312,1.0,0.0,695.0,0.9,700.0,-5.0,-0.048257700550029765,0.2641,0.21584229944997024,680.0,15.0,0.14433110702501378,0.22240000000000001,0.36673110702501377,-127.0,-1.0
28.004967563,1.0,0.0,695.0,0.9,720.0,-25.0,-0.24063117480005075,0.2641,0.02346882519994925,700.0,-5.0,-0.04614358782499039,0.22240000000000001,0.17625641217500962,-127.0,-1.0
28.024992524,1.0,0.0,695.0,0.9,720.0,-25.0,-0.2425,0.2641,0.021600000000000008,700.0,-5.0,-0.04665261912498863,0.22240000000000001,0.17574738087501138,-127.0,-1.0
28.050192818,1.0,0.0,695.0,0.9,700.0,-5.0,-0.0525,0.2641,0.2116,680.0,15.0,0.145162634150015,0.22240000000000001,0.367562634150015,-127.0,-1.0
28.069798653,1.0,0.0,695.0,0.9,700.0,-5.0,-0.0525,0.2641,0.2116,700.0,-5.0,-0.04537840757498543,0.22240000000000001,0.17702159242501458,-127.0,-1.0
28.093650864,1.0,0.0,695.0,0.9,700.0,-5.0,-0.0525,0.2641,0.2116,720.0,-25.0,-0.23844404332496197,0.22240000000000001,-0.016044043324961954,-127.0,-1.0
28.109605907,1.0,0.0,695.0,0.9,700.0,-5.0,-0.0525,0.2641,0.2116,680.0,15.0,0.14277157242504243,0.22240000000000001,0.36517157242504245,-127.0,-1.0
28.128341117,1.0,0.0,695.0,0.9,700.0,-5.0,-0.0525,0.2641,0.2116,700.0,-5.0,-0.04769367239995745,0.22240000000000001,0.17470632760004257,-127.0,-1.0
28.144835161,1.0,0.0,695.0,0.9,700.0,-5.0,-0.0525,0.2641,0.2116,680.0,15.0,0.14356151522503977,0.22240000000000001,0.3659615152250398,-127.0,-1.0
28.163005413,1.0,0.0,695.0,0.9,700.0,-5.0,-0.0525,0.2641,0.2116,700.0,-5.0,-0.04688282439996556,0.22240000000000001,0.17551717560003446,-127.0,-1.0
28.180610706,1.0,0.0,695.0,0.9,700.0,-5.0,-0.0525,0.2641,0.2116,680.0,15.0,0.1444539570000279,0.22240000000000001,0.3668539570000279,-127.0,-1.0
28.198580291,1.0,0.0,695.0,0.9,700.0,-5.0,-0.0525,0.2641,0.2116,700.0,-5.0,-0.045991585749964085,0.22240000000000001,0.17640841425003592,-127.0,-1.0
28.213769126,1.0,0.0,695.0,0.9,700.0,-5.0,-0.0525,0.2641,0.2116,700.0,-5.0,-0.04637981599997147,0.22240000000000001,0.17602018400002856,-127.0,-1.0
28.231291294,1.0,0.0,695.0,0.9,700.0,-5.0,-0.0525,0.2641,0.2116,700.0,-5.0,-0.04681353167497264,0.22240000000000001,0.1755864683250274,-127.0,-1.0
28.246706463,1.0,0.0,695.0,0.9,700.0,-5.0,-0.0525,0.2641,0.2116,700.0,-5.0,-0.047195921299969544,0.22240000000000001,0.17520407870003046,-127.0,-1.0
28.26676409,1.0,0.0,695.0,0.9,680.0,15.0,0.13889022197500933,0.2641,0.40299022197500933,700.0,-5.0,-0.047659321349970016,0.22240000000000001,0.17474067865003,-127.0,-1.0
28.289744217,1.0,0.0,695.0,0.9,700.0,-5.0,-0.0516943801749926,0.2641,0.21240561982500739,700.0,-5.0,-0.048243923474972236,0.22240000000000001,0.1741560765250278,-127.0,-1.0
28.307559802,1.0,0.0,695.0,0.9,680.0,15.0,0.13964531062499644,0.2641,0.4037453106249964,700.0,-5.0,-0.048690487074968584,0.22240000000000001,0.17370951292503142,-127.0,-1.0
28.345591973,1.0,0.0,695.0,0.9,700.0,-5.0,-0.05129975507500376,0.2641,0.21280024492499625,700.0,-5.0,-0.049635552799968535,0.22240000000000001,0.17276444720003148,-127.0,-1.0
28.366448475,0.0,0.0,695.0,0.9,720.0,-25.0,-0.2425,0.2641,0.021600000000000008,680.0,15.0,0.14193015042503473,0.22240000000000001,0.36433015042503475,-127.0,-1.0
28.397718936,1.0,0.0,695.0,0.9,720.0,-25.0,-0.2425,0.2641,0.021600000000000008,700.0,-5.0,-0.04875764339996522,0.22240000000000001,0.1736423566000348,-127.0,-1.0
28.422911939,1.0,0.0,695.0,0.9,700.0,-5.0,-0.0525,0.2641,0.2116,700.0,-5.0,-0.04949380284996778,0.22240000000000001,0.17290619715003225,-127.0,-1.0
28.442363774,1.0,0.0,695.0,0.9,700.0,-5.0,-0.0525,0.2641,0.2116,700.0,-5.0,-0.04998068934996127,0.22240000000000001,0.17241931065003874,-127.0,-1.0
28.458992567,1.0,0.0,695.0,0.9,700.0,-5.0,-0.0525,0.2641,0.2116,700.0,-5.0,-0.05041719774996409,0.22240000000000001,0.17198280225003593,-127.0,-1.0
28.474554152,1.0,0.0,695.0,0.9,700.0,-5.0,-0.0525,0.2641,0.2116,700.0,-5.0,-0.05080424672496974,0.22240000000000001,0.17159575327503027,-127.0,-1.0
28.492424279,1.0,0.0,695.0,0.9,700.0,-5.0,-0.0525,0.2641,0.2116,700.0,-5.0,-0.05126071969996701,0.22240000000000001,0.171139280300033,-127.0,-1.0
28.508715322,1.0,0.0,695.0,0.9,700.0,-5.0,-0.0525,0.2641,0.2116,680.0,15.0,0.1399522710500355,0.22240000000000001,0.36235227105003553,-127.0,-1.0
28.529895866,1.0,0.0,695.0,0.9,700.0,-5.0,-0.0525,0.2641,0.2116,700.0,-5.0,-0.050582543574960254,0.22240000000000001,0.17181745642503976,-127.0,-1.0
28.551374202,1.0,0.0,695.0,0.9,680.0,15.0,0.13886922204999336,0.2641,0.40296922204999336,700.0,-5.0,-0.05103894362495567,0.22240000000000001,0.17136105637504434,-127.0,-1.0
28.570596787,1.0,0.0,695.0,0.9,680.0,15.0,0.14044599407499161,0.2641,0.4045459940749916,700.0,-5.0,-0.05156453429996646,0.22240000000000001,0.17083546570003355,-127.0,-1.0
28.587996455,1.0,0.0,695.0,0.9,680.0,15.0,0.14172060670001654,0.2641,0.4058206067000165,680.0,15.0,0.1397101002250315,0.22240000000000001,0.36211010022503154,-127.0,-1.0
28.607684249,1.0,0.0,695.0,0.9,700.0,-5.0,-0.048774183974981046,0.2641,0.21532581602501896,700.0,-5.0,-0.05078469044996609,0.22240000000000001,0.17161530955003393,-127.0,-1.0
28.625481751,1.0,0.0,695.0,0.9,720.0,-25.0,-0.2409029498499808,0.2641,0.02319705015001919,700.0,-5.0,-0.05121040714996525,0.22240000000000001,0.17118959285003477,-127.0,-1.0
28.642739086,1.0,0.0,695.0,0.9,720.0,-25.0,-0.2425,0.2641,0.021600000000000008,700.0,-5.0,-0.05167358844995988,0.22240000000000001,0.17072641155004015,-127.0,-1.0
28.662441463,1.0,0.0,695.0,0.9,700.0,-5.0,-0.0525,0.2641,0.2116,700.0,-5.0,-0.05214018954996391,0.22240000000000001,0.1702598104500361,-127.0,-1.0
28.682984423,1.0,0.0,695.0,0.9,700.0,-5.0,-0.0525,0.2641,0.2116,700.0,-5.0,-0.0525,0.22240000000000001,0.16990000000000002,-127.0,-1.0
28.701318008,1.0,0.0,695.0,0.9,700.0,-5.0,-0.0525,0.2641,0.2116,680.0,15.0,0.13870421889999987,0.22240000000000001,0.3611042188999999,-127.0,-1.0
28.723627302,1.0,0.0,695.0,0.9,700.0,-5.0,-0.0525,0.2641,0.2116,700.0,-5.0,-0.05180955197499998,0.22240000000000001,0.17059044802500004,-127.0,-1.0
28.749377097,1.0,0.0,695.0,0.9,700.0,-5.0,-0.0525,0.2641,0.2116,700.0,-5.0,-0.0525,0.22240000000000001,0.16990000000000002,-127.0,-1.0
28.766412473,1.0,0.0,695.0,0.9,700.0,-5.0,-0.0525,0.2641,0.2116,680.0,15.0,0.13883702199997286,0.22240000000000001,0.3612370219999729,-127.0,-1.0
28.781710683,1.0,0.0,695.0,0.9,700.0,-5.0,-0.0525,0.2641,0.2116,680.0,15.0,0.13999510644997598,0.22240000000000001,0.36239510644997597,-127.0,-1.0
28.798900352,1.0,0.0,695.0,0.9,700.0,-5.0,-0.0525,0.2641,0.2116,700.0,-5.0,-0.05042964047502437,0.22240000000000001,0.17197035952497564,-127.0,-1.0
28.814585895,1.0,0.0,695.0,0.9,700.0,-5.0,-0.0525,0.2641,0.2116,700.0,-5.0,-0.05082697072503151,0.22240000000000001,0.1715730292749685,-127.0,-1.0
28.851864399,1.0,0.0,695.0,0.9,700.0,-5.0,-0.0525,0.2641,0.2116,700.0,-5.0,-0.05176263020003034,0.22240000000000001,0.17063736979996968,-127.0,-1.0
28.868084858,1.0,0.0,695.0,0.9,700.0,-5.0,-0.0525,0.2641,0.2116,700.0,-5.0,-0.05215138545002219,0.22240000000000001,0.17024861454997783,-127.0,-1.0
28.891639569,1.0,0.0,695.0,0.9,700.0,-5.0,-0.0525,0.2641,0.2116,700.0,-5.0,-0.0525,0.22240000000000001,0.16990000000000002,-127.0,-1.0
28.909979279,1.0,0.0,695.0,0.9,700.0,-5.0,-0.0525,0.2641,0.2116,700.0,-5.0,-0.0525,0.22240000000000001,0.16990000000000002,-127.0,-1.0
28.935346115,1.0,0.0,695.0,0.9,680.0,15.0,0.13930088147501463,0.2641,0.4034008814750146,700.0,-5.0,-0.0525,0.22240000000000001,0.16990000000000002,-127.0,-1.0
28.9504422,1.0,0.0,695.0,0.9,680.0,15.0,0.14062786285003312,0.2641,0.40472786285003315,700.0,-5.0,-0.0525,0.22240000000000001,0.16990000000000002,-127.0,-1.0
28.972127619,1.0,0.0,695.0,0.9,700.0,-5.0,-0.04994263719995843,0.2641,0.21415736280004158,700.0,-5.0,-0.0525,0.22240000000000001,0.16990000000000002,-127.0,-1.0
28.989330412,1.0,0.0,695.0,0.9,700.0,-5.0,-0.05034356954995701,0.2641,0.213756430450043,700.0,-5.0,-0.0525,0.22240000000000001,0.16990000000000002,-127.0,-1.0
29.008125706,1.0,0.0,695.0,0.9,700.0,-5.0,-0.05073004249996075,0.2641,0.21336995750003926,680.0,15.0,0.13865939702500327,0.22240000000000001,0.3610593970250033,-127.0,-1.0
29.025669166,1.0,0.0,695.0,0.9,700.0,-5.0,-0.0512133050499665,0.2641,0.2128866949500335,700.0,-5.0,-0.051823865525002476,0.22240000000000001,0.17057613447499753,-127.0,-1.0
29.045206751,1.0,0.0,695.0,0.9,700.0,-5.0,-0.051696771749961956,0.2641,0.21240322825003805,700.0,-5.0,-0.05230732494999529,0.22240000000000001,0.17009267505000472,-127.0,-1.0
29.063761711,1.0,0.0,695.0,0.9,700.0,-5.0,-0.05215516972496289,0.2641,0.2119448302750371,700.0,-5.0,-0.0525,0.22240000000000001,0.16990000000000002,-127.0,-1.0
29.080181963,1.0,0.0,695.0,0.9,700.0,-5.0,-0.0525,0.2641,0.2116,680.0,15.0,0.13881042197500618,0.22240000000000001,0.3612104219750062,-127.0,-1.0
29.096746006,1.0,0.0,695.0,0.9,700.0,-5.0,-0.0525,0.2641,0.2116,700.0,-5.0,-0.05162372389999291,0.22240000000000001,0.17077627610000712,-127.0,-1.0
29.112528383,1.0,0.0,695.0,0.9,700.0,-5.0,-0.0525,0.2641,0.2116,700.0,-5.0,-0.05201763437499039,0.22240000000000001,0.17038236562500964,-127.0,-1.0
29.128469135,1.0,0.0,695.0,0.9,700.0,-5.0,-0.0525,0.2641,0.2116,700.0,-5.0,-0.05241821669998444,0.22240000000000001,0.16998178330001557,-127.0,-1.0
29.143583886,1.0,0.0,695.0,0.9,700.0,-5.0,-0.0525,0.2641,0.2116,700.0,-5.0,-0.0525,0.22240000000000001,0.16990000000000002,-127.0,-1.0
29.167174764,1.0,0.0,695.0,0.9,680.0,15.0,0.1392162688749863,0.2641,0.4033162688749863,700.0,-5.0,-0.0525,0.22240000000000001,0.16990000000000002,-127.0,-1.0
29.184575599,1.0,0.0,695.0,0.9,680.0,15.0,0.14063040032497154,0.2641,0.40473040032497154,700.0,-5.0,-0.0525,0.22240000000000001,0.16990000000000002,-127.0,-1.0
29.202377184,1.0,0.0,695.0,0.9,680.0,15.0,0.14182383482497016,0.2641,0.4059238348249702,680.0,15.0,0.13869334697500335,0.22240000000000001,0.3610933469750034,-127.0,-1.0
29.224028478,1.0,0.0,695.0,0.9,700.0,-5.0,-0.048716288125037865,0.2641,0.21538371187496214,680.0,15.0,0.14031378152501472,0.22240000000000001,0.36271378152501477,-127.0,-1.0
29.241849021,1.0,0.0,695.0,0.9,700.0,-5.0,-0.049153416300034676,0.2641,0.21494658369996533,680.0,15.0,0.14162510035001785,0.22240000000000001,0.3640251003500179,-127.0,-1.0
29.262832981,1.0,0.0,695.0,0.9,700.0,-5.0,-0.04968920802503135,0.2641,0.21441079197496865,720.0,-25.0,-0.24105400414995756,0.22240000000000001,-0.018654004149957548,-127.0,-1.0
29.280370317,1.0,0.0,695.0,0.9,700.0,-5.0,-0.05011208097503413,0.2641,0.21398791902496586,680.0,15.0,0.14021459287504284,0.22240000000000001,0.36261459287504283,-127.0,-1.0
29.304562902,1.0,0.0,695.0,0.9,700.0,-5.0,-0.05072091332503078,0.2641,0.21337908667496921,700.0,-5.0,-0.050394210299955375,0.22240000000000001,0.17200578970004465,-127.0,-1.0
29.322396571,1.0,0.0,695.0,0.9,700.0,-5.0,-0.05118068942503214,0.2641,0.21291931057496785,680.0,15.0,0.1409852273500519,0.22240000000000001,0.3633852273500519,-127.0,-1.0
29.364600742,1.0,0.0,695.0,0.9,700.0,-5.0,-0.0522289395250391,0.2641,0.2118710604749609,720.0,-25.0,-0.2425,0.22240000000000001,-0.02009999999999998,-127.0,-1.0
29.384265202,1.0,0.0,695.0,0.9,700.0,-5.0,-0.0525,0.2641,0.2116,700.0,-5.0,-0.0525,0.22240000000000001,0.16990000000000002,-127.0,-1.0
29.419406081,1.0,0.0,695.0,0.9,700.0,-5.0,-0.0525,0.2641,0.2116,680.0,15.0,0.1399690752249967,0.22240000000000001,0.36236907522499673,-127.0,-1.0
29.450671,1.0,0.0,695.0,0.9,700.0,-5.0,-0.0525,0.2641,0.2116,700.0,-5.0,-0.05089732070000764,0.22240000000000001,0.17150267929999238,-127.0,-1.0
29.466603002,1.0,0.0,695.0,0.9,700.0,-5.0,-0.0525,0.2641,0.2116,700.0,-5.0,-0.05128874470000483,0.22240000000000001,0.17111125529999519,-127.0,-1.0
29.482641462,1.0,0.0,695.0,0.9,700.0,-5.0,-0.0525,0.2641,0.2116,700.0,-5.0,-0.05170564577499818,0.22240000000000001,0.17069435422500184,-127.0,-1.0
29.498030963,1.0,0.0,695.0,0.9,700.0,-5.0,-0.0525,0.2641,0.2116,700.0,-5.0,-0.052089741650004275,0.22240000000000001,0.17031025834999575,-127.0,-1.0
29.517573799,1.0,0.0,695.0,0.9,700.0,-5.0,-0.0525,0.2641,0.2116,700.0,-5.0,-0.0525,0.22240000000000001,0.16990000000000002,-127.0,-1.0
29.531322967,1.0,0.0,695.0,0.9,700.0,-5.0,-0.0525,0.2641,0.2116,700.0,-5.0,-0.0525,0.22240000000000001,0.16990000000000002,-127.0,-1.0
29.552874219,1.0,0.0,695.0,0.9,680.0,15.0,0.1388982501249984,0.2641,0.4029982501249984,680.0,15.0,0.13889829392501268,0.22240000000000001,0.36129829392501267,-127.0,-1.0
29.574556429,1.0,0.0,695.0,0.9,680.0,15.0,0.14040202524997766,0.2641,0.4045020252499777,700.0,-5.0,-0.051602957149978014,0.22240000000000001,0.170797042850022,-127.0,-1.0
29.59233264,1.0,0.0,695.0,0.9,680.0,15.0,0.14184262539998826,0.2641,0.40594262539998827,700.0,-5.0,-0.05208315719998154,0.22240000000000001,0.17031684280001846,-127.0,-1.0
29.61201985,1.0,0.0,695.0,0.9,700.0,-5.0,-0.04862781840000935,0.2641,0.21547218159999065,700.0,-5.0,-0.0525,0.22240000000000001,0.16990000000000002,-127.0,-1.0
29.635755394,1.0,0.0,695.0,0.9,700.0,-5.0,-0.04923818930001517,0.2641,0.21486181069998483,680.0,15.0,0.1393379158000016,0.22240000000000001,0.3617379158000016,-127.0,-1.0
29.653688812,1.0,0.0,695.0,0.9,700.0,-5.0,-0.049695544550015715,0.2641,0.2144044554499843,700.0,-5.0,-0.05111942487500528,0.22240000000000001,0.17128057512499473,-127.0,-1.0
29.674215439,1.0,0.0,695.0,0.9,700.0,-5.0,-0.0502035331500133,0.2641,0.2138964668499867,700.0,-5.0,-0.05162741347500287,0.22240000000000001,0.17077258652499716,-127.0,-1.0
29.693130025,1.0,0.0,695.0,0.9,700.0,-5.0,-0.05062615817501182,0.2641,0.2134738418249882,720.0,-25.0,-0.2425,0.22240000000000001,-0.02009999999999998,-127.0,-1.0
29.712709027,1.0,0.0,695.0,0.9,700.0,-5.0,-0.05116761552501657,0.2641,0.21293238447498342,680.0,15.0,0.13912437197501504,0.22240000000000001,0.3615243719750151,-127.0,-1.0
29.730022945,1.0,0.0,695.0,0.9,700.0,-5.0,-0.05159172807500682,0.2641,0.2125082719249932,700.0,-5.0,-0.05129974787497758,0.22240000000000001,0.17110025212502245,-127.0,-1.0
29.751351072,1.0,0.0,695.0,0.9,700.0,-5.0,-0.052117187500007274,0.2641,0.21198281249999273,700.0,-5.0,-0.05182519999998703,0.22240000000000001,0.170574800000013,-127.0,-1.0
29.770064407,1.0,0.0,695.0,0.9,700.0,-5.0,-0.0525,0.2641,0.2116,700.0,-5.0,-0.05229708754998456,0.22240000000000001,0.17010291245001546,-127.0,-1.0
29.788328576,1.0,0.0,695.0,0.9,700.0,-5.0,-0.0525,0.2641,0.2116,680.0,15.0,0.1391368407500181,0.22240000000000001,0.36153684075001813,-127.0,-1.0
29.804720828,1.0,0.0,695.0,0.9,680.0,15.0,0.1386704001249768,0.2641,0.4027704001249768,700.0,-5.0,-0.05125329989997681,0.22240000000000001,0.1711467001000232,-127.0,-1.0
29.828073705,1.0,0.0,695.0,0.9,680.0,15.0,0.14042011592499648,0.2641,0.4045201159249965,680.0,15.0,0.1404963502750206,0.22240000000000001,0.36289635027502065,-127.0,-1.0
29.872740126,1.0,0.0,695.0,0.9,700.0,-5.0,-0.05070210085000554,0.2641,0.21339789914999446,700.0,-5.0,-0.05062584464998508,0.22240000000000001,0.17177415535001495,-127.0,-1.0
29.890762211,1.0,0.0,695.0,0.9,700.0,-5.0,-0.05114458110000669,0.2641,0.2129554188999933,680.0,15.0,0.14070166172500648,0.22240000000000001,0.36310166172500646,-127.0,-1.0
29.92343559,0.0,0.0,695.0,0.9,720.0,-25.0,-0.2425,0.2641,0.021600000000000008,680.0,15.0,0.14292039940000903,0.22240000000000001,0.36532039940000904,-127.0,-1.0
29.951756426,1.0,0.0,695.0,0.9,700.0,-5.0,-0.0525,0.2641,0.2116,720.0,-25.0,-0.24099092397499816,0.22240000000000001,-0.018590923974998147,-127.0,-1.0
29.971639053,1.0,0.0,695.0,0.9,700.0,-5.0,-0.0525,0.2641,0.2116,700.0,-5.0,-0.05152911464999988,0.22240000000000001,0.17087088535000014,-127.0,-1.0
29.988521596,1.0,0.0,695.0,0.9,700.0,-5.0,-0.0525,0.2641,0.2116,700.0,-5.0,-0.051932963649996965,0.22240000000000001,0.17046703635000304,-127.0,-1.0
30.006060098,1.0,0.0,695.0,0.9,700.0,-5.0,-0.0525,0.2641,0.2116,680.0,15.0,0.13941773024999973,0.22240000000000001,0.36181773024999975,-127.0,-1.0
30.0237841,1.0,0.0,695.0,0.9,700.0,-5.0,-0.0525,0.2641,0.2116,700.0,-5.0,-0.05097990624999738,0.22240000000000001,0.17142009375000264,-127.0,-1.0
30.041916143,1.0,0.0,695.0,0.9,700.0,-5.0,-0.0525,0.2641,0.2116,680.0,15.0,0.14052358447502228,0.22240000000000001,0.36292358447502227,-127.0,-1.0
30.058813853,1.0,0.0,695.0,0.9,700.0,-5.0,-0.0525,0.2641,0.2116,720.0,-25.0,-0.24157244177497886,0.22240000000000001,-0.019172441774978843,-127.0,-1.0
30.078686563,1.0,0.0,695.0,0.9,700.0,-5.0,-0.0525,0.2641,0.2116,680.0,15.0,0.1398154614999953,0.22240000000000001,0.3622154614999953,-127.0,-1.0
30.102958774,1.0,0.0,695.0,0.9,700.0,-5.0,-0.0525,0.2641,0.2116,700.0,-5.0,-0.05082950835001384,0.22240000000000001,0.17157049164998617,-127.0,-1.0
30.121191734,1.0,0.0,695.0,0.9,700.0,-5.0,-0.0525,0.2641,0.2116,680.0,15.0,0.14050792929996303,0.22240000000000001,0.3629079292999631,-127.0,-1.0
30.139517153,1.0,0.0,695.0,0.9,700.0,-5.0,-0.0525,0.2641,0.2116,700.0,-5.0,-0.049944518675035854,0.22240000000000001,0.17245548132496416,-127.0,-1.0
30.158669446,1.0,0.0,695.0,0.9,700.0,-5.0,-0.0525,0.2641,0.2116,700.0,-5.0,-0.050428094750034236,0.22240000000000001,0.17197190524996578,-127.0,-1.0
30.179097199,1.0,0.0,695.0,0.9,700.0,-5.0,-0.0525,0.2641,0.2116,700.0,-5.0,-0.05093915315003642,0.22240000000000001,0.1714608468499636,-127.0,-1.0
30.197950242,1.0,0.0,695.0,0.9,700.0,-5.0,-0.0525,0.2641,0.2116,700.0,-5.0,-0.0514188573500428,0.22240000000000001,0.17098114264995723,-127.0,-1.0
30.217989494,1.0,0.0,695.0,0.9,680.0,15.0,0.13882768134998286,0.2641,0.40292768134998286,700.0,-5.0,-0.05186143240004185,0.22240000000000001,0.17053856759995817,-127.0,-1.0
30.236643329,1.0,0.0,695.0,0.9,680.0,15.0,0.1402935690249933,0.2641,0.4043935690249933,680.0,15.0,0.1396044770999424,0.22240000000000001,0.36200447709994243,-127.0,-1.0
30.259692582,1.0,0.0,695.0,0.9,680.0,15.0,0.1419506004249797,0.2641,0.4060506004249797,700.0,-5.0,-0.05094785942506178,0.22240000000000001,0.17145214057493824,-127.0,-1.0
30.279858709,1.0,0.0,695.0,0.9,700.0,-5.0,-0.04853609650002909,0.2641,0.2155639034999709,700.0,-5.0,-0.05143455635005921,0.22240000000000001,0.17096544364994082,-127.0,-1.0
30.301171669,1.0,0.0,695.0,0.9,700.0,-5.0,-0.04906654342502407,0.2641,0.21503345657497594,700.0,-5.0,-0.051964995975063176,0.22240000000000001,0.17043500402493683,-127.0,-1.0
30.327983422,1.0,0.0,695.0,0.9,720.0,-25.0,-0.2425,0.2641,0.021600000000000008,700.0,-5.0,-0.0525,0.22240000000000001,0.16990000000000002,-127.0,-1.0
30.34289459,1.0,0.0,695.0,0.9,720.0,-25.0,-0.2425,0.2641,0.021600000000000008,700.0,-5.0,-0.0525,0.22240000000000001,0.16990000000000002,-127.0,-1.0
30.380246302,1.0,0.0,695.0,0.9,700.0,-5.0,-0.0525,0.2641,0.2116,700.0,-5.0,-0.0525,0.22240000000000001,0.16990000000000002,-127.0,-1.0
30.396635637,1.0,0.0,695.0,0.9,700.0,-5.0,-0.0525,0.2641,0.2116,700.0,-5.0,-0.0525,0.22240000000000001,0.16990000000000002,-127.0,-1.0
30.430426099,0.0,0.0,695.0,0.9,720.0,-25.0,-0.2425,0.2641,0.021600000000000008,680.0,15.0,0.13948839392498938,0.22240000000000001,0.3618883939249894,-127.0,-1.0
30.46088456,1.0,0.0,695.0,0.9,680.0,15.0,0.14002019717501069,0.2641,0.4041201971750107,700.0,-5.0,-0.051351664500011794,0.22240000000000001,0.1710483354999882,-127.0,-1.0
30.482683146,1.0,0.0,695.0,0.9,680.0,15.0,0.14166926604999616,0.2641,0.4057692660499962,700.0,-5.0,-0.0519012885250072,0.22240000000000001,0.17049871147499282,-127.0,-1.0
30.505662981,1.0,0.0,695.0,0.9,700.0,-5.0,-0.04890112465000357,0.2641,0.21519887534999643,700.0,-5.0,-0.0524717375250043,0.22240000000000001,0.1699282624749957,-127.0,-1.0
30.526315608,1.0,0.0,695.0,0.9,700.0,-5.0,-0.04937880177500574,0.2641,0.21472119822499425,700.0,-5.0,-0.0525,0.22240000000000001,0.16990000000000002,-127.0,-1.0
30.547025986,0.0,0.0,695.0,0.9,720.0,-25.0,-0.24229393752502118,0.2641,0.02180606247497882,680.0,15.0,0.13924912517499022,0.22240000000000001,0.36164912517499026,-127.0,-1.0
30.568933654,1.0,0.0,695.0,0.9,720.0,-25.0,-0.2425,0.2641,0.021600000000000008,700.0,-5.0,-0.05128220405000775,0.22240000000000001,0.17111779594999227,-127.0,-1.0
30.592841865,1.0,0.0,695.0,0.9,700.0,-5.0,-0.0525,0.2641,0.2116,700.0,-5.0,-0.05189264057501305,0.22240000000000001,0.17050735942498696,-127.0,-1.0
30.6127802,1.0,0.0,695.0,0.9,720.0,-25.0,-0.2425,0.2641,0.021600000000000008,700.0,-5.0,-0.052396502075011994,0.22240000000000001,0.17000349792498803,-127.0,-1.0
30.632782411,1.0,0.0,695.0,0.9,700.0,-5.0,-0.0525,0.2641,0.2116,680.0,15.0,0.13910561059998372,0.22240000000000001,0.36150561059998376,-127.0,-1.0
30.648365579,1.0,0.0,695.0,0.9,700.0,-5.0,-0.0525,0.2641,0.2116,700.0,-5.0,-0.05130391130001272,0.22240000000000001,0.1710960886999873,-127.0,-1.0
30.667848914,1.0,0.0,695.0,0.9,700.0,-5.0,-0.0525,0.2641,0.2116,700.0,-5.0,-0.05178876342502235,0.22240000000000001,0.17061123657497768,-127.0,-1.0
30.687024833,1.0,0.0,695.0,0.9,680.0,15.0,0.13876527205,0.2641,0.40286527205,680.0,15.0,0.13947653052495068,0.22240000000000001,0.3618765305249507,-127.0,-1.0
30.707698752,1.0,0.0,695.0,0.9,680.0,15.0,0.14031338784998296,0.2641,0.40441338784998293,700.0,-5.0,-0.05103951535005763,0.22240000000000001,0.17136048464994239,-127.0,-1.0
30.726921045,1.0,0.0,695.0,0.9,700.0,-5.0,-0.050168292400021526,0.2641,0.21393170759997848,680.0,15.0,0.14040550357491383,0.22240000000000001,0.3628055035749138,-127.0,-1.0
30.746198464,1.0,0.0,695.0,0.9,700.0,-5.0,-0.05067558100002088,0.2641,0.2134244189999791,700.0,-5.0,-0.050101777725094505,0.22240000000000001,0.17229822227490552,-127.0,-1.0
30.764377174,1.0,0.0,695.0,0.9,700.0,-5.0,-0.051119913325023844,0.2641,0.21298008667497614,700.0,-5.0,-0.05054611735008848,0.22240000000000001,0.17185388264991153,-127.0,-1.0
30.782673134,1.0,0.0,695.0,0.9,700.0,-5.0,-0.051600558175018706,0.2641,0.2124994418249813,720.0,-25.0,-0.2425,0.22240000000000001,-0.02009999999999998,-127.0,-1.0
30.807299428,1.0,0.0,695.0,0.9,700.0,-5.0,-0.052201129050026794,0.2641,0.2118988709499732,680.0,15.0,0.13930166890000917,0.22240000000000001,0.3617016689000092,-127.0,-1.0
30.826726472,1.0,0.0,695.0,0.9,700.0,-5.0,-0.0525,0.2641,0.2116,700.0,-5.0,-0.051180397824989544,0.22240000000000001,0.17121960217501048,-127.0,-1.0
30.84500639,1.0,0.0,695.0,0.9,700.0,-5.0,-0.0525,0.2641,0.2116,700.0,-5.0,-0.05168253849998564,0.22240000000000001,0.17071746150001438,-127.0,-1.0
30.87160931,1.0,0.0,695.0,0.9,700.0,-5.0,-0.0525,0.2641,0.2116,700.0,-5.0,-0.05234891667498914,0.22240000000000001,0.17005108332501087,-127.0,-1.0
30.899128063,1.0,0.0,695.0,0.9,700.0,-5.0,-0.0525,0.2641,0.2116,680.0,15.0,0.13970090232498933,0.22240000000000001,0.36210090232498937,-127.0,-1.0
30.925162815,1.0,0.0,695.0,0.9,700.0,-5.0,-0.0525,0.2641,0.2116,700.0,-5.0,-0.050952438350011564,0.22240000000000001,0.17144756164998845,-127.0,-1.0
30.945208776,1.0,0.0,695.0,0.9,700.0,-5.0,-0.0525,0.2641,0.2116,700.0,-5.0,-0.05136095402501951,0.22240000000000001,0.1710390459749805,-127.0,-1.0
30.971709028,1.0,0.0,695.0,0.9,700.0,-5.0,-0.0525,0.2641,0.2116,680.0,15.0,0.14090151179995017,0.22240000000000001,0.3633015117999502,-127.0,-1.0
30.99006478,1.0,0.0,695.0,0.9,680.0,15.0,0.13877494074999958,0.2641,0.4028749407499996,680.0,15.0,0.14217649634996404,0.22240000000000001,0.36457649634996403,-127.0,-1.0
31.007958532,1.0,0.0,695.0,0.9,680.0,15.0,0.14012235339997686,0.2641,0.40422235339997686,700.0,-5.0,-0.048272626600034986,0.22240000000000001,0.17412737339996504,-127.0,-1.0
31.030258492,1.0,0.0,695.0,0.9,680.0,15.0,0.14163910044998146,0.2641,0.40573910044998146,700.0,-5.0,-0.0487781797750381,0.22240000000000001,0.17362182022496192,-127.0,-1.0
31.055511578,1.0,0.0,695.0,0.9,700.0,-5.0,-0.0490474464750173,0.2641,0.2150525535249827,700.0,-5.0,-0.04946477047504004,0.22240000000000001,0.17293522952496,-127.0,-1.0
31.073687372,1.0,0.0,695.0,0.9,700.0,-5.0,-0.04950251215001572,0.2641,0.21459748784998428,700.0,-5.0,-0.04991983615003846,0.22240000000000001,0.17248016384996157,-127.0,-1.0
31.091873082,1.0,0.0,695.0,0.9,700.0,-5.0,-0.04995345802501788,0.2641,0.21414654197498212,700.0,-5.0,-0.05037078932503164,0.22240000000000001,0.17202921067496837,-127.0,-1.0
31.109788417,1.0,0.0,695.0,0.9,700.0,-5.0,-0.05040971952502332,0.2641,0.21369028047497668,680.0,15.0,0.14099797327497754,0.22240000000000001,0.3633979732749776,-127.0,-1.0
31.128017586,1.0,0.0,695.0,0.9,720.0,-25.0,-0.2425,0.2641,0.021600000000000008,700.0,-5.0,-0.049441072600020564,0.22240000000000001,0.17295892739997945,-127.0,-1.0
31.144609337,1.0,0.0,695.0,0.9,720.0,-25.0,-0.2425,0.2641,0.021600000000000008,700.0,-5.0,-0.04989093932502101,0.22240000000000001,0.172509060674979,-127.0,-1.0
31.161416631,1.0,0.0,695.0,0.9,720.0,-25.0,-0.2425,0.2641,0.021600000000000008,700.0,-5.0,-0.05030061435002381,0.22240000000000001,0.1720993856499762,-127.0,-1.0
31.179823716,1.0,0.0,695.0,0.9,700.0,-5.0,-0.0525,0.2641,0.2116,680.0,15.0,0.14102531702498025,0.22240000000000001,0.36342531702498027,-127.0,-1.0
31.199957176,1.0,0.0,695.0,0.9,700.0,-5.0,-0.0525,0.2641,0.2116,700.0,-5.0,-0.049516293450019476,0.22240000000000001,0.17288370654998053,-127.0,-1.0
31.216187844,1.0,0.0,695.0,0.9,700.0,-5.0,-0.0525,0.2641,0.2116,700.0,-5.0,-0.04991590600001473,0.22240000000000001,0.1724840939999853,-127.0,-1.0
31.232996888,1.0,0.0,695.0,0.9,700.0,-5.0,-0.0525,0.2641,0.2116,700.0,-5.0,-0.05034029562501928,0.22240000000000001,0.17205970437498075,-127.0,-1.0
31.258604057,1.0,0.0,695.0,0.9,680.0,15.0,0.13921180645000958,0.2641,0.4033118064500096,680.0,15.0,0.14137153264996413,0.22240000000000001,0.36377153264996415,-127.0,-1.0
31.276593184,1.0,0.0,695.0,0.9,700.0,-5.0,-0.05127425609998909,0.2641,0.2128257439000109,700.0,-5.0,-0.049114537200036924,0.22240000000000001,0.1732854627999631,-127.0,-1.0
31.296276894,1.0,0.0,695.0,0.9,680.0,15.0,0.14018445647501493,0.2641,0.40428445647501493,680.0,15.0,0.14234415354999327,0.22240000000000001,0.3647441535499933,-127.0,-1.0
31.314047271,1.0,0.0,695.0,0.9,700.0,-5.0,-0.05026646754999092,0.2641,0.21383353245000908,700.0,-5.0,-0.048106734000000415,0.22240000000000001,0.1742932659999996,-127.0,-1.0
31.332738148,1.0,0.0,695.0,0.9,700.0,-5.0,-0.05074163634998513,0.2641,0.21335836365001487,700.0,-5.0,-0.048581910099997,0.22240000000000001,0.17381808990000303,-127.0,-1.0
31.350029608,1.0,0.0,695.0,0.9,700.0,-5.0,-0.05116725824998639,0.2641,0.21293274175001362,720.0,-25.0,-0.24071016547499538,0.22240000000000001,-0.018310165474995366,-127.0,-1.0
31.380381028,1.0,0.0,695.0,0.9,700.0,-5.0,-0.05191696562498237,0.2641,0.21218303437501762,680.0,15.0,0.14153895665002664,0.22240000000000001,0.3639389566500266,-127.0,-1.0
31.410175072,1.0,0.0,695.0,0.9,700.0,-5.0,-0.0525,0.2641,0.2116,680.0,15.0,0.14373581937502422,0.22240000000000001,0.36613581937502426,-127.0,-1.0
31.438123158,1.0,0.0,695.0,0.9,700.0,-5.0,-0.0525,0.2641,0.2116,700.0,-5.0,-0.04700125882497105,0.22240000000000001,0.17539874117502896,-127.0,-1.0
31.459728077,1.0,0.0,695.0,0.9,700.0,-5.0,-0.0525,0.2641,0.2116,680.0,15.0,0.14434698505004917,0.22240000000000001,0.3667469850500492,-127.0,-1.0
31.482986163,1.0,0.0,695.0,0.9,700.0,-5.0,-0.0525,0.2641,0.2116,680.0,15.0,0.14642034145005026,0.22240000000000001,0.36882034145005027,-127.0,-1.0
31.509409707,1.0,0.0,695.0,0.9,700.0,-5.0,-0.0525,0.2641,0.2116,700.0,-5.0,-0.044227574249944154,0.22240000000000001,0.17817242575005587,-127.0,-1.0
31.526284376,1.0,0.0,695.0,0.9,700.0,-5.0,-0.0525,0.2641,0.2116,700.0,-5.0,-0.04464292949994842,0.22240000000000001,0.1777570705000516,-127.0,-1.0
31.548182128,1.0,0.0,695.0,0.9,700.0,-5.0,-0.0525,0.2641,0.2116,700.0,-5.0,-0.04514161392494543,0.22240000000000001,0.1772583860750546,-127.0,-1.0
31.566495588,1.0,0.0,695.0,0.9,680.0,15.0,0.13895322204998592,0.2641,0.40305322204998595,700.0,-5.0,-0.04562604314994815,0.22240000000000001,0.17677395685005187,-127.0,-1.0
31.587060715,1.0,0.0,695.0,0.9,680.0,15.0,0.14044940657498728,0.2641,0.4045494065749873,700.0,-5.0,-0.0461247713249486,0.22240000000000001,0.1762752286750514,-127.0,-1.0
31.606658675,1.0,0.0,695.0,0.9,700.0,-5.0,-0.050047221600018475,0.2641,0.21405277839998152,700.0,-5.0,-0.04662137762494695,0.22240000000000001,0.17577862237505307,-127.0,-1.0
31.624384719,1.0,0.0,695.0,0.9,700.0,-5.0,-0.050498736225019915,0.2641,0.2136012637749801,700.0,-5.0,-0.047072899524939656,0.22240000000000001,0.17532710047506037,-127.0,-1.0
31.642945221,1.0,0.0,695.0,0.9,700.0,-5.0,-0.05096658420001404,0.2641,0.21313341579998596,700.0,-5.0,-0.04754076937494119,0.22240000000000001,0.17485923062505881,-127.0,-1.0
31.660586972,1.0,0.0,695.0,0.9,700.0,-5.0,-0.05140533840001581,0.2641,0.21269466159998418,700.0,-5.0,-0.04797952357494296,0.22240000000000001,0.17442047642505706,-127.0,-1.0
31.679724391,1.0,0.0,695.0,0.9,700.0,-5.0,-0.05186229990001948,0.2641,0.21223770009998053,700.0,-5.0,-0.04843646322495033,0.22240000000000001,0.1739635367750497,-127.0,-1.0
31.702368227,1.0,0.0,695.0,0.9,700.0,-5.0,-0.052441608300014195,0.2641,0.2116583916999858,700.0,-5.0,-0.04901577889994769,0.22240000000000001,0.17338422110005233,-127.0,-1.0
31.729202729,1.0,0.0,695.0,0.9,700.0,-5.0,-0.0525,0.2641,0.2116,680.0,15.0,0.14297300877503857,0.22240000000000001,0.3653730087750386,-127.0,-1.0
31.749493398,1.0,0.0,695.0,0.9,700.0,-5.0,-0.0525,0.2641,0.2116,700.0,-5.0,-0.04757584962495912,0.22240000000000001,0.1748241503750409,-127.0,-1.0
31.770721192,1.0,0.0,695.0,0.9,680.0,15.0,0.1388848845250095,0.2641,0.40298488452500947,700.0,-5.0,-0.04803747049995991,0.22240000000000001,0.1743625295000401,-127.0,-1.0
31.797512236,1.0,0.0,695.0,0.9,680.0,15.0,0.14091965342497587,0.2641,0.40501965342497587,680.0,15.0,0.14399729847503975,0.22240000000000001,0.36639729847503977,-127.0,-1.0
31.822482405,1.0,0.0,695.0,0.9,700.0,-5.0,-0.04972457270003133,0.2641,0.21437542729996867,700.0,-5.0,-0.0466469057499603,0.22240000000000001,0.1757530942500397,-127.0,-1.0
31.841689532,1.0,0.0,695.0,0.9,700.0,-5.0,-0.05021363212503275,0.2641,0.21388636787496726,700.0,-5.0,-0.04713600892496515,0.22240000000000001,0.17526399107503488,-127.0,-1.0
31.859104659,1.0,0.0,695.0,0.9,700.0,-5.0,-0.05066593425002793,0.2641,0.21343406574997206,700.0,-5.0,-0.047588325624965365,0.22240000000000001,0.17481167437503464,-127.0,-1.0
31.88807912,1.0,0.0,695.0,0.9,700.0,-5.0,-0.05135733015003097,0.2641,0.21274266984996903,700.0,-5.0,-0.048279714249965765,0.22240000000000001,0.17412028575003424,-127.0,-1.0
31.918559165,1.0,0.0,695.0,0.9,700.0,-5.0,-0.05215105730002506,0.2641,0.21194894269997494,700.0,-5.0,-0.049073441399959845,0.22240000000000001,0.17332655860004018,-127.0,-1.0
31.943232709,1.0,0.0,695.0,0.9,700.0,-5.0,-0.0525,0.2641,0.2116,700.0,-5.0,-0.04968970397495923,0.22240000000000001,0.1727102960250408,-127.0,-1.0
31.964485295,1.0,0.0,695.0,0.9,700.0,-5.0,-0.0525,0.2641,0.2116,700.0,-5.0,-0.050171668599969056,0.22240000000000001,0.17222833140003097,-127.0,-1.0
31.993254131,1.0,0.0,695.0,0.9,700.0,-5.0,-0.0525,0.2641,0.2116,680.0,15.0,0.1422417348000067,0.22240000000000001,0.3646417348000067,-127.0,-1.0
32.011326091,1.0,0.0,695.0,0.9,700.0,-5.0,-0.0525,0.2641,0.2116,680.0,15.0,0.1435027192500229,0.22240000000000001,0.36590271925002293,-127.0,-1.0
32.029242009,1.0,0.0,695.0,0.9,700.0,-5.0,-0.0525,0.2641,0.2116,720.0,-25.0,-0.23876404149996686,0.22240000000000001,-0.01636404149996684,-127.0,-1.0
32.04927572,1.0,0.0,695.0,0.9,700.0,-5.0,-0.0525,0.2641,0.2116,700.0,-5.0,-0.04922696757496624,0.22240000000000001,0.1731730324250338,-127.0,-1.0
32.065719305,1.0,0.0,695.0,0.9,700.0,-5.0,-0.0525,0.2641,0.2116,700.0,-5.0,-0.049690389499962746,0.22240000000000001,0.17270961050003727,-127.0,-1.0
32.083244682,1.0,0.0,695.0,0.9,700.0,-5.0,-0.0525,0.2641,0.2116,680.0,15.0,0.14165100747505902,0.22240000000000001,0.36405100747505903,-127.0,-1.0
32.1010521,1.0,0.0,695.0,0.9,700.0,-5.0,-0.0525,0.2641,0.2116,700.0,-5.0,-0.04877449777493666,0.22240000000000001,0.17362550222506334,-127.0,-1.0
32.120413519,1.0,0.0,695.0,0.9,680.0,15.0,0.1388840094999864,0.2641,0.40298400949998636,700.0,-5.0,-0.049235826999940856,0.22240000000000001,0.17316417300005915,-127.0,-1.0
32.138725229,1.0,0.0,695.0,0.9,680.0,15.0,0.1402554627999848,0.2641,0.4043554627999848,680.0,15.0,0.1421355606000361,0.22240000000000001,0.3645355606000361,-127.0,-1.0
32.160457606,1.0,0.0,695.0,0.9,700.0,-5.0,-0.050245999750020476,0.2641,0.21385400024997953,680.0,15.0,0.1436400576750543,0.22240000000000001,0.3660400576750543,-127.0,-1.0
32.179588608,1.0,0.0,695.0,0.9,700.0,-5.0,-0.05076451750002434,0.2641,0.21333548249997566,700.0,-5.0,-0.0468784527999469,0.22240000000000001,0.1755215472000531,-127.0,-1.0
32.208723777,1.0,0.0,695.0,0.9,700.0,-5.0,-0.05146132382501719,0.2641,0.2126386761749828,700.0,-5.0,-0.04757524452494636,0.22240000000000001,0.17482475547505366,-127.0,-1.0
32.230188405,1.0,0.0,695.0,0.9,680.0,15.0,0.14023226069999736,0.2641,0.4043322606999974,700.0,-5.0,-0.04813977999994222,0.22240000000000001,0.1742602200000578,-127.0,-1.0
32.24999024,1.0,0.0,695.0,0.9,700.0,-5.0,-0.050262624774998134,0.2641,0.21383737522500187,680.0,15.0,0.14334485452507123,0.22240000000000001,0.3657448545250712,-127.0,-1.0
32.26759145,1.0,0.0,695.0,0.9,700.0,-5.0,-0.05069583002499712,0.2641,0.2134041699750029,700.0,-5.0,-0.04708835072492775,0.22240000000000001,0.17531164927507226,-127.0,-1.0
32.288627911,1.0,0.0,695.0,0.9,700.0,-5.0,-0.051199975900001395,0.2641,0.2129000240999986,700.0,-5.0,-0.04759249659992065,0.22240000000000001,0.17480750340007936,-127.0,-1.0
32.307720412,1.0,0.0,695.0,0.9,700.0,-5.0,-0.051706433250003556,0.2641,0.21239356674999643,700.0,-5.0,-0.048098961249925194,0.22240000000000001,0.17430103875007483,-127.0,-1.0
32.329787623,0.0,0.0,695.0,0.9,720.0,-25.0,-0.2425,0.2641,0.021600000000000008,680.0,15.0,0.14347004512507056,0.22240000000000001,0.3658700451250706,-127.0,-1.0
32.351518833,1.0,0.0,695.0,0.9,700.0,-5.0,-0.0525,0.2641,0.2116,700.0,-5.0,-0.0471050851499308,0.22240000000000001,0.1752949148500692,-127.0,-1.0
32.37076971,1.0,0.0,695.0,0.9,680.0,15.0,0.1388779282750079,0.2641,0.4029779282750079,700.0,-5.0,-0.047564321649931574,0.22240000000000001,0.17483567835006844,-127.0,-1.0
32.400410922,1.0,0.0,695.0,0.9,700.0,-5.0,-0.05188927907498964,0.2641,0.21221072092501037,700.0,-5.0,-0.04833159464992832,0.22240000000000001,0.1740684053500717,-127.0,-1.0
32.429579633,1.0,0.0,695.0,0.9,700.0,-5.0,-0.0525,0.2641,0.2116,700.0,-5.0,-0.04905577387493395,0.22240000000000001,0.17334422612506606,-127.0,-1.0
32.473562679,1.0,0.0,695.0,0.9,700.0,-5.0,-0.0525,0.2641,0.2116,700.0,-5.0,-0.05001462084992681,0.22240000000000001,0.1723853791500732,-127.0,-1.0
32.496573431,1.0,0.0,695.0,0.9,700.0,-5.0,-0.0525,0.2641,0.2116,700.0,-5.0,-0.050759260524935144,0.22240000000000001,0.17164073947506486,-127.0,-1.0
32.512537808,1.0,0.0,695.0,0.9,700.0,-5.0,-0.0525,0.2641,0.2116,680.0,15.0,0.1404577770750393,0.22240000000000001,0.3628577770750393,-127.0,-1.0
32.531641393,1.0,0.0,695.0,0.9,700.0,-5.0,-0.0525,0.2641,0.2116,700.0,-5.0,-0.0500122146249646,0.22240000000000001,0.1723877853750354,-127.0,-1.0
32.550099228,1.0,0.0,695.0,0.9,700.0,-5.0,-0.0525,0.2641,0.2116,680.0,15.0,0.14123942925002664,0.22240000000000001,0.3636394292500267,-127.0,-1.0
32.572758522,1.0,0.0,695.0,0.9,700.0,-5.0,-0.0525,0.2641,0.2116,720.0,-25.0,-0.241887347125014,0.22240000000000001,-0.019487347125013987,-127.0,-1.0
32.589163899,1.0,0.0,695.0,0.9,700.0,-5.0,-0.0525,0.2641,0.2116,680.0,15.0,0.13929269987498855,0.22240000000000001,0.36169269987498853,-127.0,-1.0
32.608117568,1.0,0.0,695.0,0.9,680.0,15.0,0.13884949074999894,0.2641,0.402949490749999,700.0,-5.0,-0.05115711580000607,0.22240000000000001,0.17124288419999395,-127.0,-1.0
32.625772736,1.0,0.0,695.0,0.9,680.0,15.0,0.14016623462503047,0.2641,0.4042662346250305,680.0,15.0,0.1401596499749985,0.22240000000000001,0.3625596499749985,-127.0,-1.0
32.644763446,1.0,0.0,695.0,0.9,700.0,-5.0,-0.050301000849960927,0.2641,0.21379899915003908,700.0,-5.0,-0.050307585475004545,0.22240000000000001,0.17209241452499546,-127.0,-1.0
32.662749656,1.0,0.0,695.0,0.9,700.0,-5.0,-0.05076052172496702,0.2641,0.21333947827503297,700.0,-5.0,-0.050767113650001645,0.22240000000000001,0.17163288634999838,-127.0,-1.0
32.688117659,1.0,0.0,695.0,0.9,700.0,-5.0,-0.05139038324996591,0.2641,0.21270961675003408,700.0,-5.0,-0.05139697517500053,0.22240000000000001,0.1710030248249995,-127.0,-1.0
32.706303077,1.0,0.0,695.0,0.9,700.0,-5.0,-0.051846141624960186,0.2641,0.21225385837503982,680.0,15.0,0.1399702562250013,0.22240000000000001,0.3623702562250013,-127.0,-1.0
32.727209455,1.0,0.0,695.0,0.9,700.0,-5.0,-0.05236983647496572,0.2641,0.21173016352503427,700.0,-5.0,-0.0505534458999955,0.22240000000000001,0.17184655410000452,-127.0,-1.0
32.747008957,1.0,0.0,695.0,0.9,700.0,-5.0,-0.0525,0.2641,0.2116,700.0,-5.0,-0.051047485550000146,0.22240000000000001,0.17135251444999988,-127.0,-1.0
32.765807167,1.0,0.0,695.0,0.9,700.0,-5.0,-0.0525,0.2641,0.2116,720.0,-25.0,-0.2425,0.22240000000000001,-0.02009999999999998,-127.0,-1.0
32.781918252,1.0,0.0,695.0,0.9,700.0,-5.0,-0.0525,0.2641,0.2116,680.0,15.0,0.13872753767501533,0.22240000000000001,0.3611275376750154,-127.0,-1.0
32.798921545,1.0,0.0,695.0,0.9,700.0,-5.0,-0.0525,0.2641,0.2116,700.0,-5.0,-0.051691259224983244,0.22240000000000001,0.17070874077501677,-127.0,-1.0
32.81772413,1.0,0.0,695.0,0.9,680.0,15.0,0.13872327205000373,0.2641,0.40282327205000373,680.0,15.0,0.13953201282502048,0.22240000000000001,0.3619320128250205,-127.0,-1.0
32.834678132,1.0,0.0,695.0,0.9,680.0,15.0,0.14010222842498476,0.2641,0.40420222842498477,700.0,-5.0,-0.050927646574975824,0.22240000000000001,0.1714723534250242,-127.0,-1.0
32.853438426,1.0,0.0,695.0,0.9,700.0,-5.0,-0.05037351640002271,0.2641,0.21372648359997728,700.0,-5.0,-0.05140338412496931,0.22240000000000001,0.1709966158750307,-127.0,-1.0
32.872185886,1.0,0.0,695.0,0.9,700.0,-5.0,-0.050840518550014625,0.2641,0.21325948144998538,700.0,-5.0,-0.05187039354997523,0.22240000000000001,0.1705296064500248,-127.0,-1.0
32.89413468,1.0,0.0,695.0,0.9,700.0,-5.0,-0.051389544625012606,0.2641,0.2127104553749874,680.0,15.0,0.13977666285001078,0.22240000000000001,0.3621766628500108,-127.0,-1.0
32.932221975,1.0,0.0,695.0,0.9,700.0,-5.0,-0.05234346245001916,0.2641,0.21175653754998083,680.0,15.0,0.14263832880003519,0.22240000000000001,0.3650383288000352,-127.0,-1.0
32.953702061,1.0,0.0,695.0,0.9,700.0,-5.0,-0.0525,0.2641,0.2116,700.0,-5.0,-0.04789248999996062,0.22240000000000001,0.1745075100000394,-127.0,-1.0
32.97908173,1.0,0.0,695.0,0.9,700.0,-5.0,-0.0525,0.2641,0.2116,700.0,-5.0,-0.048475611924961866,0.22240000000000001,0.17392438807503816,-127.0,-1.0
33.004307982,1.0,0.0,695.0,0.9,680.0,15.0,0.1394315627500191,0.2641,0.4035315627500191,700.0,-5.0,-0.04911948804996428,0.22240000000000001,0.17328051195003574,-127.0,-1.0
33.022136401,1.0,0.0,695.0,0.9,680.0,15.0,0.14086826912500783,0.2641,0.40496826912500783,700.0,-5.0,-0.04959839017496052,0.22240000000000001,0.1728016098250395,-127.0,-1.0
33.039661778,1.0,0.0,695.0,0.9,700.0,-5.0,-0.04957862987498857,0.2641,0.21452137012501143,700.0,-5.0,-0.05004529647495929,0.22240000000000001,0.17235470352504073,-127.0,-1.0
33.059962946,1.0,0.0,695.0,0.9,680.0,15.0,0.1417415921250267,0.2641,0.4058415921250267,700.0,-5.0,-0.05048534859995698,0.22240000000000001,0.17191465140004303,-127.0,-1.0
33.079863073,1.0,0.0,695.0,0.9,700.0,-5.0,-0.048807229799970174,0.2641,0.21529277020002982,700.0,-5.0,-0.05103417052496525,0.22240000000000001,0.17136582947503476,-127.0,-1.0
33.097951367,1.0,0.0,695.0,0.9,720.0,-25.0,-0.241079094674983,0.2641,0.023020905325016994,700.0,-5.0,-0.05148852889996306,0.22240000000000001,0.17091147110003696,-127.0,-1.0
33.118192161,1.0,0.0,695.0,0.9,720.0,-25.0,-0.2425,0.2641,0.021600000000000008,700.0,-5.0,-0.05198816124996256,0.22240000000000001,0.17041183875003746,-127.0,-1.0
33.142891371,1.0,0.0,695.0,0.9,700.0,-5.0,-0.0525,0.2641,0.2116,700.0,-5.0,-0.0525,0.22240000000000001,0.16990000000000002,-127.0,-1.0
33.16037329,1.0,0.0,695.0,0.9,700.0,-5.0,-0.0525,0.2641,0.2116,680.0,15.0,0.1389275407749892,0.22240000000000001,0.3613275407749892,-127.0,-1.0
33.179222833,1.0,0.0,695.0,0.9,700.0,-5.0,-0.0525,0.2641,0.2116,700.0,-5.0,-0.05152853842501145,0.22240000000000001,0.17087146157498856,-127.0,-1.0
33.199881585,1.0,0.0,695.0,0.9,700.0,-5.0,-0.0525,0.2641,0.2116,680.0,15.0,0.1400506179999752,0.22240000000000001,0.36245061799997524,-127.0,-1.0
33.216446504,1.0,0.0,695.0,0.9,700.0,-5.0,-0.0525,0.2641,0.2116,720.0,-25.0,-0.24202025200003616,0.22240000000000001,-0.019620252000036142,-127.0,-1.0
33.234702506,1.0,0.0,695.0,0.9,700.0,-5.0,-0.0525,0.2641,0.2116,680.0,15.0,0.13931902314998296,0.22240000000000001,0.36171902314998294,-127.0,-1.0
33.251209091,1.0,0.0,695.0,0.9,700.0,-5.0,-0.0525,0.2641,0.2116,700.0,-5.0,-0.05110880085001327,0.22240000000000001,0.17129119914998675,-127.0,-1.0
33.270919343,1.0,0.0,695.0,0.9,700.0,-5.0,-0.0525,0.2641,0.2116,680.0,15.0,0.14036205242497315,0.22240000000000001,0.36276205242497317,-127.0,-1.0
33.290858261,1.0,0.0,695.0,0.9,700.0,-5.0,-0.0525,0.2641,0.2116,700.0,-5.0,-0.05013092990002633,0.22240000000000001,0.1722690700999737,-127.0,-1.0
33.319957264,1.0,0.0,695.0,0.9,680.0,15.0,0.13933170325001354,0.2641,0.40343170325001354,700.0,-5.0,-0.05074151225003561,0.22240000000000001,0.1716584877499644,-127.0,-1.0
33.342795058,1.0,0.0,695.0,0.9,680.0,15.0,0.14124963782498978,0.2641,0.4053496378249898,700.0,-5.0,-0.05138081650003642,0.22240000000000001,0.1710191834999636,-127.0,-1.0
33.370852228,1.0,0.0,695.0,0.9,700.0,-5.0,-0.04947049455000979,0.2641,0.2146295054499902,680.0,15.0,0.14077953682494806,0.22240000000000001,0.3631795368249481,-127.0,-1.0
33.388820646,1.0,0.0,695.0,0.9,700.0,-5.0,-0.04992049250000946,0.2641,0.21417950749999054,680.0,15.0,0.14212957447496136,0.22240000000000001,0.36452957447496137,-127.0,-1.0
33.410710232,1.0,0.0,695.0,0.9,700.0,-5.0,-0.05046707590001006,0.2641,0.21363292409998993,700.0,-5.0,-0.048417016200030506,0.22240000000000001,0.17398298379996952,-127.0,-1.0
33.453067819,1.0,0.0,695.0,0.9,700.0,-5.0,-0.05154355205001138,0.2641,0.21255644794998863,700.0,-5.0,-0.04949348505002945,0.22240000000000001,0.17290651494997056,-127.0,-1.0
33.475452363,1.0,0.0,695.0,0.9,700.0,-5.0,-0.05207994167501738,0.2641,0.2120200583249826,700.0,-5.0,-0.0500298674000328,0.22240000000000001,0.17237013259996722,-127.0,-1.0
33.497485157,1.0,0.0,695.0,0.9,700.0,-5.0,-0.0525,0.2641,0.2116,680.0,15.0,0.1414066639999646,0.22240000000000001,0.36380666399996464,-127.0,-1.0
33.521206118,1.0,0.0,695.0,0.9,700.0,-5.0,-0.0525,0.2641,0.2116,700.0,-5.0,-0.04930190377504232,0.22240000000000001,0.1730980962249577,-127.0,-1.0
33.538440703,1.0,0.0,695.0,0.9,700.0,-5.0,-0.0525,0.2641,0.2116,720.0,-25.0,-0.2414158311500205,0.22240000000000001,-0.01901583115002048,-127.0,-1.0
33.555620163,1.0,0.0,695.0,0.9,700.0,-5.0,-0.0525,0.2641,0.2116,700.0,-5.0,-0.051848329100018874,0.22240000000000001,0.17055167089998113,-127.0,-1.0
33.575615665,1.0,0.0,695.0,0.9,680.0,15.0,0.138778222000019,0.2641,0.402878222000019,680.0,15.0,0.13942995852498824,0.22240000000000001,0.3618299585249882,-127.0,-1.0
33.594803542,1.0,0.0,695.0,0.9,700.0,-5.0,-0.05174723012497907,0.2641,0.21235276987502094,700.0,-5.0,-0.05109548632500719,0.22240000000000001,0.17130451367499283,-127.0,-1.0
33.621370878,1.0,0.0,695.0,0.9,700.0,-5.0,-0.05237702602497848,0.2641,0.21172297397502152,700.0,-5.0,-0.051725282225006594,0.22240000000000001,0.17067471777499343,-127.0,-1.0
33.641698588,1.0,0.0,695.0,0.9,700.0,-5.0,-0.0525,0.2641,0.2116,700.0,-5.0,-0.05225882810001622,0.22240000000000001,0.1701411718999838,-127.0,-1.0
33.659030007,1.0,0.0,695.0,0.9,700.0,-5.0,-0.0525,0.2641,0.2116,680.0,15.0,0.13913697207497078,0.22240000000000001,0.3615369720749708,-127.0,-1.0
33.676776175,1.0,0.0,695.0,0.9,700.0,-5.0,-0.0525,0.2641,0.2116,700.0,-5.0,-0.051306543575028625,0.22240000000000001,0.1710934564249714,-127.0,-1.0
33.693100177,1.0,0.0,695.0,0.9,700.0,-5.0,-0.0525,0.2641,0.2116,680.0,15.0,0.1399267690999636,0.22240000000000001,0.36232676909996364,-127.0,-1.0
33.712227679,1.0,0.0,695.0,0.9,700.0,-5.0,-0.0525,0.2641,0.2116,700.0,-5.0,-0.05054199032504357,0.22240000000000001,0.17185800967495646,-127.0,-1.0
33.731283722,1.0,0.0,695.0,0.9,700.0,-5.0,-0.0525,0.2641,0.2116,680.0,15.0,0.14082125977494114,0.22240000000000001,0.36322125977494113,-127.0,-1.0
33.750891307,1.0,0.0,695.0,0.9,700.0,-5.0,-0.0525,0.2641,0.2116,700.0,-5.0,-0.049703280900055234,0.22240000000000001,0.17269671909994477,-127.0,-1.0
33.767115267,1.0,0.0,695.0,0.9,700.0,-5.0,-0.0525,0.2641,0.2116,700.0,-5.0,-0.050108500750061465,0.22240000000000001,0.17229149924993856,-127.0,-1.0
33.785643103,1.0,0.0,695.0,0.9,680.0,15.0,0.1387872563500082,0.2641,0.4028872563500082,700.0,-5.0,-0.05053759350005521,0.22240000000000001,0.1718624064999448,-127.0,-1.0
33.802760438,1.0,0.0,695.0,0.9,680.0,15.0,0.14008949710000707,0.2641,0.40418949710000707,700.0,-5.0,-0.050971644575056416,0.22240000000000001,0.1714283554249436,-127.0,-1.0
33.827287273,1.0,0.0,695.0,0.9,680.0,15.0,0.14184131290002142,0.2641,0.40594131290002144,700.0,-5.0,-0.05155560505005724,0.22240000000000001,0.17084439494994277,-127.0,-1.0
33.847939901,1.0,0.0,695.0,0.9,700.0,-5.0,-0.048663656949977395,0.2641,0.2154363430500226,680.0,15.0,0.1399593044999392,0.22240000000000001,0.36235930449993925,-127.0,-1.0
33.864479444,1.0,0.0,695.0,0.9,700.0,-5.0,-0.04911922574997561,0.2641,0.21498077425002438,720.0,-25.0,-0.24231839362505977,0.22240000000000001,-0.01991839362505976,-127.0,-1.0
33.885385529,0.0,0.0,695.0,0.9,720.0,-25.0,-0.24173080937500116,0.2641,0.02236919062499884,680.0,15.0,0.1392486658999587,0.22240000000000001,0.3616486658999587,-127.0,-1.0
33.907150281,1.0,0.0,695.0,0.9,720.0,-25.0,-0.2425,0.2641,0.021600000000000008,700.0,-5.0,-0.051284828950033445,0.22240000000000001,0.17111517104996657,-127.0,-1.0
33.925789242,1.0,0.0,695.0,0.9,700.0,-5.0,-0.0525,0.2641,0.2116,700.0,-5.0,-0.05175956752504135,0.22240000000000001,0.17064043247495866,-127.0,-1.0
33.973012996,0.0,0.0,695.0,0.9,720.0,-25.0,-0.2425,0.2641,0.021600000000000008,680.0,15.0,0.1416854391249558,0.22240000000000001,0.36408543912495583,-127.0,-1.0
34.000113207,1.0,0.0,695.0,0.9,700.0,-5.0,-0.0525,0.2641,0.2116,680.0,15.0,0.1435309017999543,0.22240000000000001,0.36593090179995436,-127.0,-1.0
34.024173085,1.0,0.0,695.0,0.9,700.0,-5.0,-0.0525,0.2641,0.2116,700.0,-5.0,-0.047194575350047216,0.22240000000000001,0.1752054246499528,-127.0,-1.0
34.040759587,1.0,0.0,695.0,0.9,700.0,-5.0,-0.0525,0.2641,0.2116,700.0,-5.0,-0.047609544150045625,0.22240000000000001,0.1747904558499544,-127.0,-1.0
34.059479047,1.0,0.0,695.0,0.9,680.0,15.0,0.13880031572499546,0.2641,0.40290031572499546,680.0,15.0,0.1436907496749427,0.22240000000000001,0.3660907496749427,-127.0,-1.0
34.084977716,1.0,0.0,695.0,0.9,680.0,15.0,0.1405039408749985,0.2641,0.4046039408749985,700.0,-5.0,-0.0468771326750607,0.22240000000000001,0.17552286732493932,-127.0,-1.0
34.102515926,1.0,0.0,695.0,0.9,700.0,-5.0,-0.05000888940000096,0.2641,0.21409111059999905,720.0,-25.0,-0.23944132042507135,0.22240000000000001,-0.017041320425071338,-127.0,-1.0
34.120474136,1.0,0.0,695.0,0.9,700.0,-5.0,-0.05045809257500423,0.2641,0.21364190742499578,700.0,-5.0,-0.049890516325071986,0.22240000000000001,0.17250948367492802,-127.0,-1.0
34.140110305,1.0,0.0,695.0,0.9,700.0,-5.0,-0.05094400927499919,0.2641,0.2131559907250008,680.0,15.0,0.14156721194990496,0.22240000000000001,0.363967211949905,-127.0,-1.0
34.158442723,1.0,0.0,695.0,0.9,700.0,-5.0,-0.051413162450003255,0.2641,0.21268683754999673,700.0,-5.0,-0.04890194120009937,0.22240000000000001,0.17349805879990066,-127.0,-1.0
34.177879684,1.0,0.0,695.0,0.9,700.0,-5.0,-0.0518778677000023,0.2641,0.2122221322999977,700.0,-5.0,-0.04936663187509339,0.22240000000000001,0.17303336812490663,-127.0,-1.0
34.198809102,0.0,0.0,695.0,0.9,720.0,-25.0,-0.2425,0.2641,0.021600000000000008,680.0,15.0,0.14223348082492748,0.22240000000000001,0.3646334808249275,-127.0,-1.0
34.218327729,1.0,0.0,695.0,0.9,700.0,-5.0,-0.0525,0.2641,0.2116,700.0,-5.0,-0.048256395250066364,0.22240000000000001,0.17414360474993365,-127.0,-1.0
34.236392106,1.0,0.0,695.0,0.9,700.0,-5.0,-0.0525,0.2641,0.2116,700.0,-5.0,-0.04873621615006641,0.22240000000000001,0.1736637838499336,-127.0,-1.0
34.254653941,1.0,0.0,695.0,0.9,680.0,15.0,0.13877975327499142,0.2641,0.4028797532749914,700.0,-5.0,-0.049162778675067784,0.22240000000000001,0.17323722132493224,-127.0,-1.0
34.273270443,1.0,0.0,695.0,0.9,700.0,-5.0,-0.05169209052501401,0.2641,0.212407909474986,680.0,15.0,0.14225284024994378,0.22240000000000001,0.3646528402499438,-127.0,-1.0
34.299866946,1.0,0.0,695.0,0.9,700.0,-5.0,-0.05235918330000914,0.2641,0.21174081669999087,700.0,-5.0,-0.04841425982505371,0.22240000000000001,0.1739857401749463,-127.0,-1.0
34.317490614,1.0,0.0,695.0,0.9,700.0,-5.0,-0.0525,0.2641,0.2116,680.0,15.0,0.14289266212496157,0.22240000000000001,0.3652926621249616,-127.0,-1.0
34.335149574,1.0,0.0,695.0,0.9,700.0,-5.0,-0.0525,0.2641,0.2116,700.0,-5.0,-0.047578933775039335,0.22240000000000001,0.1748210662249607,-127.0,-1.0
34.351092076,1.0,0.0,695.0,0.9,700.0,-5.0,-0.0525,0.2641,0.2116,700.0,-5.0,-0.04797584840003083,0.22240000000000001,0.17442415159996918,-127.0,-1.0
34.368508078,1.0,0.0,695.0,0.9,700.0,-5.0,-0.0525,0.2641,0.2116,720.0,-25.0,-0.2401630934000468,0.22240000000000001,-0.01776309340004678,-127.0,-1.0
34.387309788,1.0,0.0,695.0,0.9,700.0,-5.0,-0.0525,0.2641,0.2116,680.0,15.0,0.14122089419996653,0.22240000000000001,0.36362089419996657,-127.0,-1.0
34.404044456,1.0,0.0,695.0,0.9,700.0,-5.0,-0.0525,0.2641,0.2116,700.0,-5.0,-0.0492114506500252,0.22240000000000001,0.17318854934997482,-127.0,-1.0
34.421181041,1.0,0.0,695.0,0.9,700.0,-5.0,-0.0525,0.2641,0.2116,680.0,15.0,0.14202595259998815,0.22240000000000001,0.36442595259998817,-127.0,-1.0
34.43922996,1.0,0.0,695.0,0.9,700.0,-5.0,-0.0525,0.2641,0.2116,700.0,-5.0,-0.04843385992501453,0.22240000000000001,0.17396614007498548,-127.0,-1.0
34.484719173,1.0,0.0,695.0,0.9,680.0,15.0,0.1407372159249803,0.2641,0.40483721592498034,680.0,15.0,0.14480339979998005,0.22240000000000001,0.36720339979998007,-127.0,-1.0
34.511661592,1.0,0.0,695.0,0.9,700.0,-5.0,-0.04985736852502441,0.2641,0.21424263147497558,680.0,15.0,0.14658715307499504,0.22240000000000001,0.3689871530749951,-127.0,-1.0
34.545926596,1.0,0.0,695.0,0.9,700.0,-5.0,-0.05082488527501937,0.2641,0.21327511472498062,700.0,-5.0,-0.0443803418250036,0.22240000000000001,0.17801965817499643,-127.0,-1.0
34.564601723,1.0,0.0,695.0,0.9,700.0,-5.0,-0.051286185325025144,0.2641,0.21281381467497484,700.0,-5.0,-0.04484165645000303,0.22240000000000001,0.177558343549997,-127.0,-1.0
34.585386183,1.0,0.0,695.0,0.9,700.0,-5.0,-0.05175440517502011,0.2641,0.2123455948249799,700.0,-5.0,-0.04530986899999562,0.22240000000000001,0.1770901310000044,-127.0,-1.0
34.60562406,1.0,0.0,695.0,0.9,680.0,15.0,0.13994390434999104,0.2641,0.40404390434999105,700.0,-5.0,-0.045875979475001716,0.22240000000000001,0.1765240205249983,-127.0,-1.0
34.622821312,1.0,0.0,695.0,0.9,680.0,15.0,0.14118975132499825,0.2641,0.4052897513249982,700.0,-5.0,-0.04629125452500148,0.22240000000000001,0.17610874547499855,-127.0,-1.0
34.642953897,1.0,0.0,695.0,0.9,700.0,-5.0,-0.0493200747749961,0.2641,0.2147799252250039,700.0,-5.0,-0.04680108059999611,0.22240000000000001,0.1755989194000039,-127.0,-1.0
34.665200483,1.0,0.0,695.0,0.9,700.0,-5.0,-0.04986994669999604,0.2641,0.21423005330000397,700.0,-5.0,-0.04735095982499843,0.22240000000000001,0.17504904017500159,-127.0,-1.0
34.682769026,1.0,0.0,695.0,0.9,700.0,-5.0,-0.050305361324992644,0.2641,0.21379463867500736,700.0,-5.0,-0.047786367175003765,0.22240000000000001,0.17461363282499626,-127.0,-1.0
34.70140682,1.0,0.0,695.0,0.9,700.0,-5.0,-0.050784555124996585,0.2641,0.21331544487500342,700.0,-5.0,-0.04826556824999898,0.22240000000000001,0.17413443175000104,-127.0,-1.0
34.722964488,1.0,0.0,695.0,0.9,700.0,-5.0,-0.05130571247499575,0.2641,0.21279428752500426,680.0,15.0,0.14329788189999135,0.22240000000000001,0.36569788189999136,-127.0,-1.0
34.746396991,1.0,0.0,695.0,0.9,700.0,-5.0,-0.051906130249997205,0.2641,0.2121938697500028,700.0,-5.0,-0.04730251400001407,0.22240000000000001,0.17509748599998595,-127.0,-1.0
34.776069119,1.0,0.0,695.0,0.9,700.0,-5.0,-0.0525,0.2641,0.2116,720.0,-25.0,-0.24058591537498614,0.22240000000000001,-0.018185915374986122,-127.0,-1.0
34.799945829,1.0,0.0,695.0,0.9,680.0,15.0,0.13924153457501232,0.2641,0.4033415345750123,680.0,15.0,0.1411555754000119,0.22240000000000001,0.36355557540001193,-127.0,-1.0
34.822704582,1.0,0.0,695.0,0.9,680.0,15.0,0.14123355977500296,0.2641,0.40533355977500296,680.0,15.0,0.1431475787750287,0.22240000000000001,0.36554757877502875,-127.0,-1.0
34.841304459,1.0,0.0,695.0,0.9,700.0,-5.0,-0.049220842349998295,0.2641,0.2148791576500017,700.0,-5.0,-0.047306845224968586,0.22240000000000001,0.17509315477503143,-127.0,-1.0
34.859953919,1.0,0.0,695.0,0.9,680.0,15.0,0.14225486717499505,0.2641,0.406354867174995,700.0,-5.0,-0.04779874109997536,0.22240000000000001,0.17460125890002465,-127.0,-1.0
34.879047587,1.0,0.0,695.0,0.9,700.0,-5.0,-0.04821736307500487,0.2641,0.21588263692499512,700.0,-5.0,-0.04827094949996763,0.22240000000000001,0.17412905050003238,-127.0,-1.0
34.900876215,1.0,0.0,695.0,0.9,700.0,-5.0,-0.04872713812500479,0.2641,0.21537286187499521,680.0,15.0,0.14325844127505433,0.22240000000000001,0.3656584412750543,-127.0,-1.0
34.919950633,1.0,0.0,695.0,0.9,700.0,-5.0,-0.049235768400014875,0.2641,0.21486423159998513,700.0,-5.0,-0.04725019627493566,0.22240000000000001,0.17514980372506436,-127.0,-1.0
34.93698776,1.0,0.0,695.0,0.9,700.0,-5.0,-0.04966502155000626,0.2641,0.21443497844999374,700.0,-5.0,-0.04767944942493841,0.22240000000000001,0.1747205505750616,-127.0,-1.0
34.957746845,1.0,0.0,695.0,0.9,700.0,-5.0,-0.050179980975010495,0.2641,0.2139200190249895,700.0,-5.0,-0.048194408849942645,0.22240000000000001,0.17420559115005738,-127.0,-1.0
35.0066996,1.0,0.0,695.0,0.9,700.0,-5.0,-0.05136219360000723,0.2641,0.21273780639999276,700.0,-5.0,-0.049376614174937,0.22240000000000001,0.17302338582506302,-127.0,-1.0
35.040835104,1.0,0.0,695.0,0.9,700.0,-5.0,-0.0521786489000101,0.2641,0.21192135109998989,680.0,15.0,0.1430727517250716,0.22240000000000001,0.36547275172507165,-127.0,-1.0
35.062540939,1.0,0.0,695.0,0.9,700.0,-5.0,-0.0525,0.2641,0.2116,700.0,-5.0,-0.047558757724928,0.22240000000000001,0.17484124227507203,-127.0,-1.0
35.079062108,1.0,0.0,695.0,0.9,700.0,-5.0,-0.0525,0.2641,0.2116,680.0,15.0,0.14372808297507617,0.22240000000000001,0.36612808297507615,-127.0,-1.0
35.099659318,1.0,0.0,695.0,0.9,700.0,-5.0,-0.0525,0.2641,0.2116,700.0,-5.0,-0.046741230624925266,0.22240000000000001,0.17565876937507474,-127.0,-1.0
35.115501195,1.0,0.0,695.0,0.9,700.0,-5.0,-0.0525,0.2641,0.2116,680.0,15.0,0.1446254976000773,0.22240000000000001,0.3670254976000773,-127.0,-1.0
35.135865363,1.0,0.0,695.0,0.9,700.0,-5.0,-0.0525,0.2641,0.2116,700.0,-5.0,-0.04586755767492377,0.22240000000000001,0.17653244232507626,-127.0,-1.0
35.153230907,1.0,0.0,695.0,0.9,680.0,15.0,0.1387538969500042,0.2641,0.4028538969500042,700.0,-5.0,-0.04628552332492518,0.22240000000000001,0.17611447667507485,-127.0,-1.0
35.176631034,1.0,0.0,695.0,0.9,680.0,15.0,0.14049457840000057,0.2641,0.40459457840000057,700.0,-5.0,-0.04686574317492159,0.22240000000000001,0.17553425682507842,-127.0,-1.0
35.194797786,1.0,0.0,695.0,0.9,680.0,15.0,0.14184776604998886,0.2641,0.40594776604998883,700.0,-5.0,-0.047316805724917685,0.22240000000000001,0.17508319427508234,-127.0,-1.0
35.212704663,1.0,0.0,695.0,0.9,700.0,-5.0,-0.04861533502501288,0.2641,0.2154846649749871,700.0,-5.0,-0.04777991409992183,0.22240000000000001,0.1746200859000782,-127.0,-1.0
35.23585804,1.0,0.0,695.0,0.9,700.0,-5.0,-0.04918408510001427,0.2641,0.21491591489998574,700.0,-5.0,-0.048348656874920834,0.22240000000000001,0.1740513431250792,-127.0,-1.0
35.264665376,1.0,0.0,695.0,0.9,700.0,-5.0,-0.04990230705001523,0.2641,0.21419769294998478,700.0,-5.0,-0.049066886124924165,0.22240000000000001,0.17333311387507586,-127.0,-1.0
35.289357295,0.0,0.0,695.0,0.9,720.0,-25.0,-0.2425,0.2641,0.021600000000000008,680.0,15.0,0.14272515780006642,0.22240000000000001,0.36512515780006644,-127.0,-1.0
35.308587464,1.0,0.0,695.0,0.9,700.0,-5.0,-0.0525,0.2641,0.2116,700.0,-5.0,-0.04777364327493615,0.22240000000000001,0.17462635672506388,-127.0,-1.0
35.324089549,1.0,0.0,695.0,0.9,700.0,-5.0,-0.0525,0.2641,0.2116,680.0,15.0,0.14349366315007045,0.22240000000000001,0.36589366315007044,-127.0,-1.0
35.341485426,1.0,0.0,695.0,0.9,700.0,-5.0,-0.0525,0.2641,0.2116,720.0,-25.0,-0.23861873284990223,0.22240000000000001,-0.016218732849902218,-127.0,-1.0
35.358032261,1.0,0.0,695.0,0.9,700.0,-5.0,-0.0525,0.2641,0.2116,680.0,15.0,0.14265097980010066,0.22240000000000001,0.3650509798001007,-127.0,-1.0
35.374476721,1.0,0.0,695.0,0.9,700.0,-5.0,-0.0525,0.2641,0.2116,700.0,-5.0,-0.047760583774893346,0.22240000000000001,0.17463941622510668,-127.0,-1.0
35.391764972,1.0,0.0,695.0,0.9,680.0,15.0,0.13870566265001116,0.2641,0.40280566265001116,680.0,15.0,0.14344512260013287,0.22240000000000001,0.3658451226001329,-127.0,-1.0
35.410649224,1.0,0.0,695.0,0.9,680.0,15.0,0.14013320342500035,0.2641,0.40423320342500035,700.0,-5.0,-0.047030717024861134,0.22240000000000001,0.17536928297513887,-127.0,-1.0
35.429079934,1.0,0.0,695.0,0.9,680.0,15.0,0.14148831602499284,0.2641,0.40558831602499285,700.0,-5.0,-0.04748242852486101,0.22240000000000001,0.174917571475139,-127.0,-1.0
35.446793144,1.0,0.0,695.0,0.9,720.0,-25.0,-0.24081100197504837,0.2641,0.02328899802495163,700.0,-5.0,-0.04794229212486926,0.22240000000000001,0.17445770787513076,-127.0,-1.0
35.473326647,1.0,0.0,695.0,0.9,720.0,-25.0,-0.2425,0.2641,0.021600000000000008,700.0,-5.0,-0.048607839074863934,0.22240000000000001,0.17379216092513608,-127.0,-1.0
35.524832361,1.0,0.0,695.0,0.9,700.0,-5.0,-0.0525,0.2641,0.2116,680.0,15.0,0.1449248206001357,0.22240000000000001,0.3673248206001357,-127.0,-1.0
35.549532155,1.0,0.0,695.0,0.9,700.0,-5.0,-0.0525,0.2641,0.2116,700.0,-5.0,-0.04571648154985951,0.22240000000000001,0.17668351845014052,-127.0,-1.0
35.56972599,1.0,0.0,695.0,0.9,700.0,-5.0,-0.0525,0.2641,0.2116,700.0,-5.0,-0.04632059619986194,0.22240000000000001,0.1760794038001381,-127.0,-1.0
35.58788895,1.0,0.0,695.0,0.9,700.0,-5.0,-0.0525,0.2641,0.2116,700.0,-5.0,-0.046770091024861814,0.22240000000000001,0.1756299089751382,-127.0,-1.0
35.607685536,1.0,0.0,695.0,0.9,700.0,-5.0,-0.0525,0.2641,0.2116,700.0,-5.0,-0.04721812754986786,0.22240000000000001,0.17518187245013217,-127.0,-1.0
35.624314037,1.0,0.0,695.0,0.9,700.0,-5.0,-0.0525,0.2641,0.2116,700.0,-5.0,-0.04768666819986948,0.22240000000000001,0.17471333180013054,-127.0,-1.0
35.641659747,1.0,0.0,695.0,0.9,700.0,-5.0,-0.0525,0.2641,0.2116,700.0,-5.0,-0.048110510974859154,0.22240000000000001,0.17428948902514085,-127.0,-1.0
35.658033041,1.0,0.0,695.0,0.9,700.0,-5.0,-0.0525,0.2641,0.2116,680.0,15.0,0.1431556578501727,0.22240000000000001,0.36555565785017274,-127.0,-1.0
35.679023126,1.0,0.0,695.0,0.9,700.0,-5.0,-0.0525,0.2641,0.2116,700.0,-5.0,-0.047366141174816224,0.22240000000000001,0.1750338588251838,-127.0,-1.0
35.696456628,1.0,0.0,695.0,0.9,700.0,-5.0,-0.0525,0.2641,0.2116,700.0,-5.0,-0.04780483704982089,0.22240000000000001,0.17459516295017913,-127.0,-1.0
35.721274547,1.0,0.0,695.0,0.9,700.0,-5.0,-0.0525,0.2641,0.2116,700.0,-5.0,-0.0484232943998245,0.22240000000000001,0.17397670560017553,-127.0,-1.0
35.739291674,1.0,0.0,695.0,0.9,700.0,-5.0,-0.0525,0.2641,0.2116,700.0,-5.0,-0.04886543922482588,0.22240000000000001,0.17353456077517415,-127.0,-1.0
35.757071092,1.0,0.0,695.0,0.9,700.0,-5.0,-0.0525,0.2641,0.2116,700.0,-5.0,-0.04931200282482223,0.22240000000000001,0.17308799717517778,-127.0,-1.0
35.776223678,1.0,0.0,695.0,0.9,680.0,15.0,0.1388176626250015,0.2641,0.4029176626250015,700.0,-5.0,-0.04975124557481877,0.22240000000000001,0.17264875442518124,-127.0,-1.0
35.793393221,1.0,0.0,695.0,0.9,680.0,15.0,0.14017257842499475,0.2641,0.40427257842499476,700.0,-5.0,-0.050202869574823124,0.22240000000000001,0.1721971304251769,-127.0,-1.0
35.81247814,1.0,0.0,695.0,0.9,680.0,15.0,0.14161453479998726,0.2641,0.40571453479998726,680.0,15.0,0.14123910870017653,0.22240000000000001,0.36363910870017657,-127.0,-1.0
35.833381308,1.0,0.0,695.0,0.9,700.0,-5.0,-0.048906936075015894,0.2641,0.2151930639249841,680.0,15.0,0.142803521325186,0.22240000000000001,0.365203521325186,-127.0,-1.0
35.855115144,1.0,0.0,695.0,0.9,700.0,-5.0,-0.04941799447500671,0.2641,0.21468200552499328,700.0,-5.0,-0.047707522474811415,0.22240000000000001,0.1746924775251886,-127.0,-1.0
35.873970521,1.0,0.0,695.0,0.9,700.0,-5.0,-0.04990881117501204,0.2641,0.21419118882498797,700.0,-5.0,-0.0481983391998051,0.22240000000000001,0.17420166080019492,-127.0,-1.0
35.892590814,1.0,0.0,695.0,0.9,700.0,-5.0,-0.050376527900007205,0.2641,0.2137234720999928,700.0,-5.0,-0.048666055924811644,0.22240000000000001,0.17373394407518838,-127.0,-1.0
35.911056233,1.0,0.0,695.0,0.9,700.0,-5.0,-0.05083149147501672,0.2641,0.21326850852498327,700.0,-5.0,-0.049116702824815096,0.22240000000000001,0.17328329717518492,-127.0,-1.0
35.940762194,1.0,0.0,695.0,0.9,700.0,-5.0,-0.05155953530001171,0.2641,0.2125404646999883,700.0,-5.0,-0.04984907062480715,0.22240000000000001,0.17255092937519287,-127.0,-1.0
35.960697613,1.0,0.0,695.0,0.9,700.0,-5.0,-0.05207133015001318,0.2641,0.2120286698499868,700.0,-5.0,-0.050360850874803874,0.22240000000000001,0.17203914912519613,-127.0,-1.0
35.979951698,1.0,0.0,695.0,0.9,700.0,-5.0,-0.0525,0.2641,0.2116,700.0,-5.0,-0.05083459049981457,0.22240000000000001,0.17156540950018545,-127.0,-1.0
36.029324453,1.0,0.0,695.0,0.9,700.0,-5.0,-0.0525,0.2641,0.2116,700.0,-5.0,-0.052112185424814474,0.22240000000000001,0.17028781457518555,-127.0,-1.0
36.052968122,1.0,0.0,695.0,0.9,700.0,-5.0,-0.0525,0.2641,0.2116,700.0,-5.0,-0.0525,0.22240000000000001,0.16990000000000002,-127.0,-1.0
36.072879624,1.0,0.0,695.0,0.9,700.0,-5.0,-0.0525,0.2641,0.2116,680.0,15.0,0.13925470330000278,0.22240000000000001,0.3616547033000028,-127.0,-1.0
36.088997709,1.0,0.0,695.0,0.9,700.0,-5.0,-0.0525,0.2641,0.2116,700.0,-5.0,-0.05115062592499498,0.22240000000000001,0.17124937407500504,-127.0,-1.0
36.110882336,1.0,0.0,695.0,0.9,680.0,15.0,0.1387834719999887,0.2641,0.4028834719999887,680.0,15.0,0.14013286790000165,0.22240000000000001,0.36253286790000167,-127.0,-1.0
36.129509338,1.0,0.0,695.0,0.9,680.0,15.0,0.14043730967498502,0.2641,0.404537309674985,700.0,-5.0,-0.05041840402499474,0.22240000000000001,0.17198159597500529,-127.0,-1.0
36.150062507,1.0,0.0,695.0,0.9,700.0,-5.0,-0.05006875392502025,0.2641,0.21403124607497975,700.0,-5.0,-0.050924474924991046,0.22240000000000001,0.17147552507500896,-127.0,-1.0
36.168691259,1.0,0.0,695.0,0.9,700.0,-5.0,-0.050537170625013915,0.2641,0.21356282937498608,720.0,-25.0,-0.2425,0.22240000000000001,-0.02009999999999998,-127.0,-1.0
36.19846722,1.0,0.0,695.0,0.9,700.0,-5.0,-0.051287680075020034,0.2641,0.21281231992497995,680.0,15.0,0.13975148462500328,0.22240000000000001,0.3621514846250033,-127.0,-1.0
36.216582347,1.0,0.0,695.0,0.9,700.0,-5.0,-0.05174249055001155,0.2641,0.21235750944998844,680.0,15.0,0.14111595977499292,0.22240000000000001,0.36351595977499296,-127.0,-1.0
36.234539974,1.0,0.0,695.0,0.9,680.0,15.0,0.139552509549992,0.2641,0.403652509549992,680.0,15.0,0.14241093804998853,0.22240000000000001,0.36481093804998854,-127.0,-1.0
36.260104851,1.0,0.0,695.0,0.9,700.0,-5.0,-0.05102523842500887,0.2641,0.21307476157499114,680.0,15.0,0.14414418197499115,0.22240000000000001,0.36654418197499117,-127.0,-1.0
36.285055187,0.0,0.0,695.0,0.9,720.0,-25.0,-0.2425,0.2641,0.021600000000000008,680.0,15.0,0.14618507590001853,0.22240000000000001,0.36858507590001854,-127.0,-1.0
36.306889648,1.0,0.0,695.0,0.9,700.0,-5.0,-0.0525,0.2641,0.2116,700.0,-5.0,-0.04437834394997481,0.22240000000000001,0.1780216560500252,-127.0,-1.0
36.322794233,1.0,0.0,695.0,0.9,700.0,-5.0,-0.0525,0.2641,0.2116,700.0,-5.0,-0.04480369607497551,0.22240000000000001,0.1775963039250245,-127.0,-1.0
36.341788734,1.0,0.0,695.0,0.9,700.0,-5.0,-0.0525,0.2641,0.2116,680.0,15.0,0.14666337285002554,0.22240000000000001,0.36906337285002555,-127.0,-1.0
36.358633361,1.0,0.0,695.0,0.9,700.0,-5.0,-0.0525,0.2641,0.2116,700.0,-5.0,-0.04374833654997246,0.22240000000000001,0.17865166345002756,-127.0,-1.0
36.375725613,1.0,0.0,695.0,0.9,700.0,-5.0,-0.0525,0.2641,0.2116,700.0,-5.0,-0.044172099099969275,0.22240000000000001,0.17822790090003074,-127.0,-1.0
36.396010448,0.0,0.0,695.0,0.9,680.0,15.0,0.13892384387503398,0.2641,0.403023843875034,720.0,-25.0,-0.23654513585001266,0.22240000000000001,-0.014145135850012647,-127.0,-1.0
36.421764326,1.0,0.0,695.0,0.9,700.0,-5.0,-0.051714235349961654,0.2641,0.21238576465003833,680.0,15.0,0.14536912364998214,0.22240000000000001,0.36776912364998215,-127.0,-1.0
36.439881203,1.0,0.0,695.0,0.9,680.0,15.0,0.13967029922503116,0.2641,0.40377029922503116,700.0,-5.0,-0.045092373275010686,0.22240000000000001,0.17730762672498934,-127.0,-1.0
36.460472871,1.0,0.0,695.0,0.9,700.0,-5.0,-0.05082230394996486,0.2641,0.21327769605003513,680.0,15.0,0.1463854581500186,0.22240000000000001,0.3687854581500186,-127.0,-1.0
36.478934207,1.0,0.0,695.0,0.9,700.0,-5.0,-0.05131028419996483,0.2641,0.21278971580003517,700.0,-5.0,-0.04410252209998134,0.22240000000000001,0.17829747790001868,-127.0,-1.0
36.501607792,1.0,0.0,695.0,0.9,720.0,-25.0,-0.2425,0.2641,0.021600000000000008,700.0,-5.0,-0.04466083777497488,0.22240000000000001,0.17773916222502514,-127.0,-1.0
36.550522922,1.0,0.0,695.0,0.9,700.0,-5.0,-0.0525,0.2641,0.2116,680.0,15.0,0.1475,0.22240000000000001,0.3699,-127.0,-1.0
36.572239258,1.0,0.0,695.0,0.9,680.0,15.0,0.13891343139998752,0.2641,0.4030134313999875,700.0,-5.0,-0.042971143799995844,0.22240000000000001,0.17942885620000418,-127.0,-1.0
36.595433177,0.0,0.0,695.0,0.9,720.0,-25.0,-0.2425,0.2641,0.021600000000000008,680.0,15.0,0.1475,0.22240000000000001,0.3699,-127.0,-1.0
36.613412095,0.0,0.0,695.0,0.9,720.0,-25.0,-0.2425,0.2641,0.021600000000000008,680.0,15.0,0.1475,0.22240000000000001,0.3699,-127.0,-1.0
36.636038431,1.0,0.0,695.0,0.9,700.0,-5.0,-0.0525,0.2641,0.2116,700.0,-5.0,-0.042887603149999905,0.22240000000000001,0.17951239685000012,-127.0,-1.0
36.651892849,1.0,0.0,695.0,0.9,700.0,-5.0,-0.0525,0.2641,0.2116,700.0,-5.0,-0.04340534800000342,0.22240000000000001,0.1789946519999966,-127.0,-1.0
36.678200893,1.0,0.0,695.0,0.9,680.0,15.0,0.1393617813999981,0.2641,0.4034617813999981,680.0,15.0,0.1475,0.22240000000000001,0.3699,-127.0,-1.0
36.700999312,1.0,0.0,695.0,0.9,720.0,-25.0,-0.2425,0.2641,0.021600000000000008,700.0,-5.0,-0.0430682104750008,0.22240000000000001,0.17933178952499923,-127.0,-1.0
36.721038856,1.0,0.0,695.0,0.9,680.0,15.0,0.13891148454997618,0.2641,0.40301148454997615,700.0,-5.0,-0.043538712599995505,0.22240000000000001,0.1788612874000045,-127.0,-1.0
36.7414249,1.0,0.0,695.0,0.9,720.0,-25.0,-0.2425,0.2641,0.021600000000000008,700.0,-5.0,-0.04406068659999846,0.22240000000000001,0.17833931340000156,-127.0,-1.0
36.76693086,1.0,0.0,695.0,0.9,700.0,-5.0,-0.0525,0.2641,0.2116,700.0,-5.0,-0.04469344292499954,0.22240000000000001,0.17770655707500047,-127.0,-1.0
36.782089362,1.0,0.0,695.0,0.9,700.0,-5.0,-0.0525,0.2641,0.2116,700.0,-5.0,-0.045132306500004236,0.22240000000000001,0.17726769349999577,-127.0,-1.0
36.799988655,1.0,0.0,695.0,0.9,700.0,-5.0,-0.0525,0.2641,0.2116,700.0,-5.0,-0.04558311385000479,0.22240000000000001,0.17681688614999522,-127.0,-1.0
36.816975324,1.0,0.0,695.0,0.9,720.0,-25.0,-0.2425,0.2641,0.021600000000000008,700.0,-5.0,-0.04596734825000112,0.22240000000000001,0.1764326517499989,-127.0,-1.0
36.836050326,1.0,0.0,695.0,0.9,700.0,-5.0,-0.0525,0.2641,0.2116,700.0,-5.0,-0.046435094124994976,0.22240000000000001,0.17596490587500505,-127.0,-1.0
36.852233744,1.0,0.0,695.0,0.9,700.0,-5.0,-0.0525,0.2641,0.2116,700.0,-5.0,-0.046891785849998084,0.22240000000000001,0.17550821415000192,-127.0,-1.0
36.872648663,1.0,0.0,695.0,0.9,720.0,-25.0,-0.2425,0.2641,0.021600000000000008,700.0,-5.0,-0.04737726507500383,0.22240000000000001,0.17502273492499618,-127.0,-1.0
36.895246123,1.0,0.0,695.0,0.9,700.0,-5.0,-0.0525,0.2641,0.2116,700.0,-5.0,-0.04793146825000349,0.22240000000000001,0.17446853174999652,-127.0,-1.0
36.911404458,1.0,0.0,695.0,0.9,700.0,-5.0,-0.0525,0.2641,0.2116,680.0,15.0,0.1433191037250003,0.22240000000000001,0.3657191037250003,-127.0,-1.0
36.928770877,1.0,0.0,695.0,0.9,680.0,15.0,0.13876780952497256,0.2641,0.4028678095249726,700.0,-5.0,-0.04710349214999951,0.22240000000000001,0.1752965078500005,-127.0,-1.0
36.947019587,1.0,0.0,695.0,0.9,700.0,-5.0,-0.05166115927503597,0.2641,0.21243884072496402,700.0,-5.0,-0.04753246094999668,0.22240000000000001,0.17486753905000335,-127.0,-1.0
36.964584922,1.0,0.0,695.0,0.9,680.0,15.0,0.13973886272494837,0.2641,0.4038388627249484,700.0,-5.0,-0.04799914224999384,0.22240000000000001,0.1744008577500062,-127.0,-1.0
36.985486341,0.0,0.0,695.0,0.9,720.0,-25.0,-0.2425,0.2641,0.021600000000000008,680.0,15.0,0.14357362665001344,0.22240000000000001,0.36597362665001343,-127.0,-1.0
37.005651009,1.0,0.0,695.0,0.9,700.0,-5.0,-0.0525,0.2641,0.2116,680.0,15.0,0.14501971740000724,0.22240000000000001,0.36741971740000723,-127.0,-1.0
37.053914264,1.0,0.0,695.0,0.9,720.0,-25.0,-0.2425,0.2641,0.021600000000000008,700.0,-5.0,-0.046195533774998694,0.22240000000000001,0.17620446622500133,-127.0,-1.0
37.076142767,1.0,0.0,695.0,0.9,700.0,-5.0,-0.0525,0.2641,0.2116,700.0,-5.0,-0.04667295569999396,0.22240000000000001,0.17572704430000605,-127.0,-1.0
37.097234935,1.0,0.0,695.0,0.9,720.0,-25.0,-0.2425,0.2641,0.021600000000000008,720.0,-25.0,-0.23975507057497905,0.22240000000000001,-0.017355070574979037,-127.0,-1.0
37.114540979,1.0,0.0,695.0,0.9,680.0,15.0,0.13879075637499907,0.2641,0.40289075637499905,680.0,15.0,0.14153568580002002,0.22240000000000001,0.36393568580002,-127.0,-1.0
37.14274894,1.0,0.0,695.0,0.9,700.0,-5.0,-0.051815720775007325,0.2641,0.21228427922499268,720.0,-25.0,-0.24149669995001202,0.22240000000000001,-0.019096699950012008,-127.0,-1.0
37.165727609,1.0,0.0,695.0,0.9,700.0,-5.0,-0.052458401025003244,0.2641,0.21164159897499676,700.0,-5.0,-0.052139321875010865,0.22240000000000001,0.17026067812498916,-127.0,-1.0
37.186902903,1.0,0.0,695.0,0.9,700.0,-5.0,-0.0525,0.2641,0.2116,680.0,15.0,0.1394972126999937,0.22240000000000001,0.36189721269999375,-127.0,-1.0
37.209042447,1.0,0.0,695.0,0.9,700.0,-5.0,-0.0525,0.2641,0.2116,700.0,-5.0,-0.0511035331750054,0.22240000000000001,0.1712964668249946,-127.0,-1.0
37.225346323,1.0,0.0,695.0,0.9,700.0,-5.0,-0.0525,0.2641,0.2116,680.0,15.0,0.14011046384999643,0.22240000000000001,0.3625104638499964,-127.0,-1.0
37.241632116,1.0,0.0,695.0,0.9,700.0,-5.0,-0.0525,0.2641,0.2116,680.0,15.0,0.14134718894998513,0.22240000000000001,0.36374718894998515,-127.0,-1.0
37.260678243,1.0,0.0,695.0,0.9,700.0,-5.0,-0.0525,0.2641,0.2116,700.0,-5.0,-0.04912810382501675,0.22240000000000001,0.17327189617498326,-127.0,-1.0
37.282347912,1.0,0.0,695.0,0.9,700.0,-5.0,-0.0525,0.2641,0.2116,700.0,-5.0,-0.049661241375013106,0.22240000000000001,0.17273875862498692,-127.0,-1.0
37.299359664,1.0,0.0,695.0,0.9,700.0,-5.0,-0.0525,0.2641,0.2116,680.0,15.0,0.14161892747498311,0.22240000000000001,0.3640189274749831,-127.0,-1.0
37.317474207,1.0,0.0,695.0,0.9,680.0,15.0,0.13877478760001621,0.2641,0.4028747876000162,680.0,15.0,0.14289373697500649,0.22240000000000001,0.3652937369750065,-127.0,-1.0
37.336510709,1.0,0.0,695.0,0.9,680.0,15.0,0.1400869596250004,0.2641,0.4041869596250004,700.0,-5.0,-0.047543653699988225,0.22240000000000001,0.1748563463000118,-127.0,-1.0
37.360225253,1.0,0.0,695.0,0.9,680.0,15.0,0.14198573170000373,0.2641,0.4060857317000037,700.0,-5.0,-0.04817657042498695,0.22240000000000001,0.17422342957501308,-127.0,-1.0
37.377803714,1.0,0.0,695.0,0.9,700.0,-5.0,-0.048463617299992164,0.2641,0.21563638270000784,700.0,-5.0,-0.04862592672498522,0.22240000000000001,0.1737740732750148,-127.0,-1.0
37.39544809,1.0,0.0,695.0,0.9,700.0,-5.0,-0.04888973504999058,0.2641,0.21521026495000942,700.0,-5.0,-0.049052029899989975,0.22240000000000001,0.17334797010001005,-127.0,-1.0
37.413164217,1.0,0.0,695.0,0.9,720.0,-25.0,-0.24111176130001466,0.2641,0.02298823869998534,700.0,-5.0,-0.04949644242498607,0.22240000000000001,0.17290355757501394,-127.0,-1.0
37.430434677,1.0,0.0,695.0,0.9,720.0,-25.0,-0.2425,0.2641,0.021600000000000008,700.0,-5.0,-0.04992595082498383,0.22240000000000001,0.1724740491750162,-127.0,-1.0
37.447120929,1.0,0.0,695.0,0.9,720.0,-25.0,-0.2425,0.2641,0.021600000000000008,700.0,-5.0,-0.050367300849989076,0.22240000000000001,0.17203269915001093,-127.0,-1.0
37.464284639,1.0,0.0,695.0,0.9,700.0,-5.0,-0.0525,0.2641,0.2116,700.0,-5.0,-0.050784223824989566,0.22240000000000001,0.17161577617501045,-127.0,-1.0
37.481690724,1.0,0.0,695.0,0.9,700.0,-5.0,-0.0525,0.2641,0.2116,700.0,-5.0,-0.05124327072498318,0.22240000000000001,0.17115672927501685,-127.0,-1.0
37.498909267,1.0,0.0,695.0,0.9,700.0,-5.0,-0.0525,0.2641,0.2116,700.0,-5.0,-0.051651983274989564,0.22240000000000001,0.17074801672501044,-127.0,-1.0
37.517930894,1.0,0.0,695.0,0.9,700.0,-5.0,-0.0525,0.2641,0.2116,680.0,15.0,0.13982092627501058,0.22240000000000001,0.36222092627501057,-127.0,-1.0
37.567366649,1.0,0.0,695.0,0.9,700.0,-5.0,-0.0525,0.2641,0.2116,720.0,-25.0,-0.2425,0.22240000000000001,-0.02009999999999998,-127.0,-1.0
37.596072485,1.0,0.0,695.0,0.9,700.0,-5.0,-0.0525,0.2641,0.2116,680.0,15.0,0.13940861582499336,0.22240000000000001,0.36180861582499335,-127.0,-1.0
37.616980613,1.0,0.0,695.0,0.9,700.0,-5.0,-0.0525,0.2641,0.2116,680.0,15.0,0.14121579729999212,0.22240000000000001,0.36361579729999216,-127.0,-1.0
37.635431156,1.0,0.0,695.0,0.9,680.0,15.0,0.13877931572501437,0.2641,0.40287931572501434,700.0,-5.0,-0.0492106339750103,0.22240000000000001,0.17318936602498972,-127.0,-1.0
37.659686742,1.0,0.0,695.0,0.9,680.0,15.0,0.14028980650001585,0.2641,0.4043898065000159,680.0,15.0,0.1422998786999983,0.22240000000000001,0.3646998786999983,-127.0,-1.0
37.684072411,1.0,0.0,695.0,0.9,680.0,15.0,0.14242323174999,0.2641,0.40652323174999,680.0,15.0,0.14443328204999942,0.22240000000000001,0.36683328204999943,-127.0,-1.0
37.710458039,1.0,0.0,695.0,0.9,720.0,-25.0,-0.24078382587500072,0.2641,0.023316174124999284,700.0,-5.0,-0.046208136775001095,0.22240000000000001,0.1761918632249989,-127.0,-1.0
37.73831075,0.0,0.0,695.0,0.9,720.0,-25.0,-0.2425,0.2641,0.021600000000000008,680.0,15.0,0.14599436962499793,0.22240000000000001,0.36839436962499794,-127.0,-1.0
37.757716793,1.0,0.0,695.0,0.9,700.0,-5.0,-0.0525,0.2641,0.2116,700.0,-5.0,-0.044457108550002435,0.22240000000000001,0.1779428914499976,-127.0,-1.0
37.774680712,1.0,0.0,695.0,0.9,700.0,-5.0,-0.0525,0.2641,0.2116,720.0,-25.0,-0.23668540567498894,0.22240000000000001,-0.014285405674988927,-127.0,-1.0
37.79099363,1.0,0.0,695.0,0.9,700.0,-5.0,-0.0525,0.2641,0.2116,700.0,-5.0,-0.04714480259998709,0.22240000000000001,0.17525519740001294,-127.0,-1.0
37.806694048,1.0,0.0,695.0,0.9,700.0,-5.0,-0.0525,0.2641,0.2116,720.0,-25.0,-0.2390796100999796,0.22240000000000001,-0.01667961009997959,-127.0,-1.0
37.831500884,1.0,0.0,695.0,0.9,700.0,-5.0,-0.0525,0.2641,0.2116,700.0,-5.0,-0.049704753899984556,0.22240000000000001,0.17269524610001546,-127.0,-1.0
37.847611677,1.0,0.0,695.0,0.9,700.0,-5.0,-0.0525,0.2641,0.2116,700.0,-5.0,-0.050097811249988806,0.22240000000000001,0.17230218875001121,-127.0,-1.0
37.864123221,1.0,0.0,695.0,0.9,700.0,-5.0,-0.0525,0.2641,0.2116,680.0,15.0,0.1410871794499826,0.22240000000000001,0.36348717944998266,-127.0,-1.0
37.881608931,1.0,0.0,695.0,0.9,700.0,-5.0,-0.0525,0.2641,0.2116,680.0,15.0,0.14244898587498936,0.22240000000000001,0.3648489858749894,-127.0,-1.0
37.897778641,1.0,0.0,695.0,0.9,700.0,-5.0,-0.0525,0.2641,0.2116,680.0,15.0,0.14365261407499474,0.22240000000000001,0.3660526140749948,-127.0,-1.0
37.916449393,1.0,0.0,695.0,0.9,700.0,-5.0,-0.0525,0.2641,0.2116,700.0,-5.0,-0.04681158077500186,0.22240000000000001,0.17558841922499815,-127.0,-1.0
37.932587311,1.0,0.0,695.0,0.9,700.0,-5.0,-0.0525,0.2641,0.2116,700.0,-5.0,-0.04722313705000488,0.22240000000000001,0.17517686294999513,-127.0,-1.0
37.949279396,1.0,0.0,695.0,0.9,700.0,-5.0,-0.0525,0.2641,0.2116,680.0,15.0,0.14400870997500304,0.22240000000000001,0.3664087099750031,-127.0,-1.0
37.964581397,1.0,0.0,695.0,0.9,700.0,-5.0,-0.0525,0.2641,0.2116,680.0,15.0,0.1451749757250127,0.22240000000000001,0.36757497572501274,-127.0,-1.0
37.981042191,1.0,0.0,695.0,0.9,700.0,-5.0,-0.0525,0.2641,0.2116,680.0,15.0,0.14639680395000595,0.22240000000000001,0.36879680395000597,-127.0,-1.0
37.998183734,1.0,0.0,695.0,0.9,700.0,-5.0,-0.0525,0.2641,0.2116,700.0,-5.0,-0.0440278627749899,0.22240000000000001,0.1783721372250101,-127.0,-1.0
38.02300282,1.0,0.0,695.0,0.9,680.0,15.0,0.13930446887500236,0.2641,0.40340446887500236,700.0,-5.0,-0.0446293523999907,0.22240000000000001,0.17777064760000932,-127.0,-1.0
38.071507283,1.0,0.0,695.0,0.9,700.0,-5.0,-0.05190152187499507,0.2641,0.21219847812500492,680.0,15.0,0.1475,0.22240000000000001,0.3699,-127.0,-1.0
38.099503786,1.0,0.0,695.0,0.9,700.0,-5.0,-0.0525,0.2641,0.2116,700.0,-5.0,-0.04310764382500338,0.22240000000000001,0.17929235617499664,-127.0,-1.0
38.11850558,1.0,0.0,695.0,0.9,700.0,-5.0,-0.0525,0.2641,0.2116,720.0,-25.0,-0.23611505557499413,0.22240000000000001,-0.013715055574994112,-127.0,-1.0
38.134962873,1.0,0.0,695.0,0.9,700.0,-5.0,-0.0525,0.2641,0.2116,680.0,15.0,0.14512352892500985,0.22240000000000001,0.36752352892500983,-127.0,-1.0
38.152073791,1.0,0.0,695.0,0.9,700.0,-5.0,-0.0525,0.2641,0.2116,680.0,15.0,0.14642071655000335,0.22240000000000001,0.36882071655000337,-127.0,-1.0
38.170570127,1.0,0.0,695.0,0.9,700.0,-5.0,-0.0525,0.2641,0.2116,680.0,15.0,0.1475,0.22240000000000001,0.3699,-127.0,-1.0
38.188726962,1.0,0.0,695.0,0.9,700.0,-5.0,-0.0525,0.2641,0.2116,700.0,-5.0,-0.043005188575004925,0.22240000000000001,0.17939481142499508,-127.0,-1.0
38.205890672,1.0,0.0,695.0,0.9,700.0,-5.0,-0.0525,0.2641,0.2116,700.0,-5.0,-0.04342892197500305,0.22240000000000001,0.17897107802499695,-127.0,-1.0
38.221757923,1.0,0.0,695.0,0.9,700.0,-5.0,-0.0525,0.2641,0.2116,700.0,-5.0,-0.04383880847499768,0.22240000000000001,0.17856119152500233,-127.0,-1.0
38.244007426,1.0,0.0,695.0,0.9,700.0,-5.0,-0.0525,0.2641,0.2116,680.0,15.0,0.1475,0.22240000000000001,0.3699,-127.0,-1.0
38.268363053,1.0,0.0,695.0,0.9,700.0,-5.0,-0.0525,0.2641,0.2116,700.0,-5.0,-0.0430932281750006,0.22240000000000001,0.1793067718249994,-127.0,-1.0
38.292347097,0.0,0.0,695.0,0.9,680.0,15.0,0.13916952205001962,0.2641,0.40326952205001965,720.0,-25.0,-0.23587580142498835,0.22240000000000001,-0.013475801424988332,-127.0,-1.0
38.316380433,1.0,0.0,695.0,0.9,680.0,15.0,0.1410266221750021,0.2641,0.40512662217500206,700.0,-5.0,-0.046494827524991254,0.22240000000000001,0.17590517247500875,-127.0,-1.0
38.334307143,1.0,0.0,695.0,0.9,700.0,-5.0,-0.04943770392500483,0.2641,0.21466229607499518,700.0,-5.0,-0.046959087974987594,0.22240000000000001,0.1754409120250124,-127.0,-1.0
38.354234103,1.0,0.0,695.0,0.9,700.0,-5.0,-0.04993709565000245,0.2641,0.21416290434999755,700.0,-5.0,-0.047458559899989726,0.22240000000000001,0.17494144010001028,-127.0,-1.0
38.376363147,1.0,0.0,695.0,0.9,700.0,-5.0,-0.050401130075001674,0.2641,0.2136988699249983,680.0,15.0,0.14393347775001983,0.22240000000000001,0.36633347775001984,-127.0,-1.0
38.399427274,1.0,0.0,695.0,0.9,700.0,-5.0,-0.05102489574999481,0.2641,0.2130751042500052,680.0,15.0,0.14580488420000165,0.22240000000000001,0.36820488420000164,-127.0,-1.0
38.417409401,1.0,0.0,695.0,0.9,700.0,-5.0,-0.05151348849999749,0.2641,0.21258651150000252,700.0,-5.0,-0.044683708550001026,0.22240000000000001,0.17771629144999898,-127.0,-1.0
38.435200778,1.0,0.0,695.0,0.9,700.0,-5.0,-0.05196392397499722,0.2641,0.21213607602500278,700.0,-5.0,-0.04513413672499837,0.22240000000000001,0.17726586327500166,-127.0,-1.0
38.451579613,1.0,0.0,695.0,0.9,700.0,-5.0,-0.05238277922500401,0.2641,0.211717220774996,680.0,15.0,0.146122429025022,0.22240000000000001,0.368522429025022,-127.0,-1.0
38.470819698,1.0,0.0,695.0,0.9,700.0,-5.0,-0.0525,0.2641,0.2116,700.0,-5.0,-0.04432379914997455,0.22240000000000001,0.17807620085002546,-127.0,-1.0
38.497915826,1.0,0.0,695.0,0.9,700.0,-5.0,-0.0525,0.2641,0.2116,700.0,-5.0,-0.045056312774970596,0.22240000000000001,0.1773436872250294,-127.0,-1.0
38.514209786,1.0,0.0,695.0,0.9,700.0,-5.0,-0.0525,0.2641,0.2116,680.0,15.0,0.1461918529750369,0.22240000000000001,0.36859185297503694,-127.0,-1.0
38.532133288,1.0,0.0,695.0,0.9,700.0,-5.0,-0.0525,0.2641,0.2116,680.0,15.0,0.14745176560003073,0.22240000000000001,0.36985176560003075,-127.0,-1.0
38.579500543,0.0,0.0,695.0,0.9,680.0,15.0,0.14102905037500477,0.2641,0.4051290503750048,720.0,-25.0,-0.23842998489997852,0.22240000000000001,-0.016029984899978506,-127.0,-1.0
38.60653017,1.0,0.0,695.0,0.9,680.0,15.0,0.14278119429999378,0.2641,0.4068811942999938,700.0,-5.0,-0.04901404017497726,0.22240000000000001,0.17338595982502275,-127.0,-1.0
38.626266672,1.0,0.0,695.0,0.9,700.0,-5.0,-0.04780344430000923,0.2641,0.21629655569999076,680.0,15.0,0.1427398756250318,0.22240000000000001,0.3651398756250318,-127.0,-1.0
38.645784716,1.0,0.0,695.0,0.9,700.0,-5.0,-0.0482255516250143,0.2641,0.2158744483749857,700.0,-5.0,-0.04768223169997327,0.22240000000000001,0.17471776830002675,-127.0,-1.0
38.670586302,1.0,0.0,720.0,1.0,700.0,20.0,0.19180640697498802,0.2736,0.46540640697498803,700.0,20.0,0.19234972690002905,0.23040000000000002,0.4227497269000291,-127.0,-1.0
38.688411804,1.0,0.0,720.0,1.0,700.0,20.0,0.19376655307495186,0.2736,0.4673665530749519,700.0,20.0,0.1943098729999929,0.23040000000000002,0.4247098729999929,-127.0,-1.0
38.707569055,1.0,0.0,720.0,1.0,700.0,20.0,0.195,0.2736,0.4686,700.0,20.0,0.195,0.23040000000000002,0.4254,-127.0,-1.0
38.724377224,1.0,0.0,720.0,1.0,700.0,20.0,0.195,0.2736,0.4686,720.0,0.0,0.005,0.23040000000000002,0.23540000000000003,-127.0,-1.0
38.754934269,1.0,0.0,695.0,0.9,720.0,-25.0,-0.236201432750006,0.2641,0.02789856724999401,700.0,-5.0,-0.04324027924999882,0.22240000000000001,0.1791597207500012,-127.0,-1.0
38.778973146,0.0,0.0,695.0,0.9,740.0,-45.0,-0.4313749801499489,0.2641,-0.1672749801499489,720.0,-25.0,-0.2361144722499671,0.22240000000000001,-0.01371447224996708,-127.0,-1.0
38.803421815,1.0,0.0,695.0,0.9,720.0,-25.0,-0.2425,0.2641,0.021600000000000008,700.0,-5.0,-0.04669671917496771,0.22240000000000001,0.1757032808250323,-127.0,-1.0
38.823057109,1.0,0.0,695.0,0.9,700.0,-5.0,-0.0525,0.2641,0.2116,720.0,-25.0,-0.23943295380001473,0.22240000000000001,-0.01703295380001471,-127.0,-1.0
38.840602902,1.0,0.0,695.0,0.9,700.0,-5.0,-0.0525,0.2641,0.2116,700.0,-5.0,-0.04988689655000826,0.22240000000000001,0.17251310344999177,-127.0,-1.0
38.860531904,1.0,0.0,695.0,0.9,720.0,-25.0,-0.2425,0.2641,0.021600000000000008,700.0,-5.0,-0.05034761327500974,0.22240000000000001,0.1720523867249903,-127.0,-1.0
38.878607656,0.0,0.0,695.0,0.9,720.0,-25.0,-0.2425,0.2641,0.021600000000000008,680.0,15.0,0.14112643372500086,0.22240000000000001,0.3635264337250009,-127.0,-1.0
38.897223283,1.0,0.0,695.0,0.9,700.0,-5.0,-0.0525,0.2641,0.2116,700.0,-5.0,-0.04929979340000045,0.22240000000000001,0.17310020659999956,-127.0,-1.0
38.915252076,1.0,0.0,695.0,0.9,700.0,-5.0,-0.0525,0.2641,0.2116,680.0,15.0,0.1421871817999863,0.22240000000000001,0.3645871817999863,-127.0,-1.0
38.93222037,1.0,0.0,695.0,0.9,700.0,-5.0,-0.0525,0.2641,0.2116,680.0,15.0,0.14345626002497963,0.22240000000000001,0.3658562600249796,-127.0,-1.0
38.949657371,1.0,0.0,695.0,0.9,700.0,-5.0,-0.0525,0.2641,0.2116,680.0,15.0,0.1447269132499946,0.22240000000000001,0.3671269132499946,-127.0,-1.0
38.972603665,1.0,0.0,695.0,0.9,700.0,-5.0,-0.0525,0.2641,0.2116,700.0,-5.0,-0.04586543265000273,0.22240000000000001,0.17653456734999728,-127.0,-1.0
38.989419125,1.0,0.0,695.0,0.9,700.0,-5.0,-0.0525,0.2641,0.2116,680.0,15.0,0.14537347997501,0.22240000000000001,0.36777347997501,-127.0,-1.0
39.008379502,1.0,0.0,695.0,0.9,700.0,-5.0,-0.0525,0.2641,0.2116,700.0,-5.0,-0.045095541949983727,0.22240000000000001,0.1773044580500163,-127.0,-1.0
39.026078129,1.0,0.0,695.0,0.9,680.0,15.0,0.1386621094750012,0.2641,0.40276210947500124,680.0,15.0,0.1460665238000365,0.22240000000000001,0.3684665238000365,-127.0,-1.0
39.047657673,1.0,0.0,695.0,0.9,720.0,-25.0,-0.2425,0.2641,0.021600000000000008,720.0,-25.0,-0.23657510144992783,0.22240000000000001,-0.014175101449927813,-127.0,-1.0
39.105128262,1.0,0.0,695.0,0.9,700.0,-5.0,-0.0525,0.2641,0.2116,680.0,15.0,0.1475,0.22240000000000001,0.3699,-127.0,-1.0
39.125605597,1.0,0.0,695.0,0.9,700.0,-5.0,-0.0525,0.2641,0.2116,680.0,15.0,0.1475,0.22240000000000001,0.3699,-127.0,-1.0
39.143218766,1.0,0.0,695.0,0.9,700.0,-5.0,-0.0525,0.2641,0.2116,680.0,15.0,0.1475,0.22240000000000001,0.3699,-127.0,-1.0
39.160633893,1.0,0.0,695.0,0.9,700.0,-5.0,-0.0525,0.2641,0.2116,680.0,15.0,0.1475,0.22240000000000001,0.3699,-127.0,-1.0
39.174823186,1.0,0.0,695.0,0.9,700.0,-5.0,-0.0525,0.2641,0.2116,680.0,15.0,0.1475,0.22240000000000001,0.3699,-127.0,-1.0
39.189659687,1.0,0.0,695.0,0.9,700.0,-5.0,-0.0525,0.2641,0.2116,680.0,15.0,0.1475,0.22240000000000001,0.3699,-127.0,-1.0
39.212251898,1.0,0.0,695.0,0.9,680.0,15.0,0.13912559702498584,0.2641,0.40322559702498584,680.0,15.0,0.1475,0.22240000000000001,0.3699,-127.0,-1.0
39.228373774,1.0,0.0,695.0,0.9,680.0,15.0,0.14028573775000266,0.2641,0.40438573775000264,680.0,15.0,0.1475,0.22240000000000001,0.3699,-127.0,-1.0
39.247366526,1.0,0.0,695.0,0.9,700.0,-5.0,-0.05018812584999296,0.2641,0.21391187415000704,680.0,15.0,0.1475,0.22240000000000001,0.3699,-127.0,-1.0
39.268395987,1.0,0.0,695.0,0.9,700.0,-5.0,-0.050626121724988024,0.2641,0.21347387827501196,700.0,-5.0,-0.04293801045000009,0.22240000000000001,0.17946198954999992,-127.0,-1.0
39.287839364,1.0,0.0,695.0,0.9,700.0,-5.0,-0.051125542599995695,0.2641,0.2129744574000043,700.0,-5.0,-0.04343742405000512,0.22240000000000001,0.1789625759499949,-127.0,-1.0
39.308524366,1.0,0.0,695.0,0.9,700.0,-5.0,-0.05164998119999154,0.2641,0.21245001880000847,700.0,-5.0,-0.04396186992500361,0.22240000000000001,0.1784381300749964,-127.0,-1.0
39.325889618,1.0,0.0,695.0,0.9,700.0,-5.0,-0.05210207187499464,0.2641,0.21199792812500537,700.0,-5.0,-0.044413953300004326,0.22240000000000001,0.17798604669999568,-127.0,-1.0
39.343979369,1.0,0.0,695.0,0.9,700.0,-5.0,-0.0525,0.2641,0.2116,700.0,-5.0,-0.044880321050009116,0.22240000000000001,0.1775196789499909,-127.0,-1.0
39.361890038,1.0,0.0,695.0,0.9,680.0,15.0,0.13880994077501327,0.2641,0.4029099407750133,700.0,-5.0,-0.04531696797500217,0.22240000000000001,0.17708303202499784,-127.0,-1.0
39.379739165,1.0,0.0,695.0,0.9,700.0,-5.0,-0.05164587592498947,0.2641,0.21245412407501052,700.0,-5.0,-0.04577277009999989,0.22240000000000001,0.17662722990000013,-127.0,-1.0
39.396791458,1.0,0.0,695.0,0.9,700.0,-5.0,-0.05205372077498623,0.2641,0.21204627922501376,700.0,-5.0,-0.046180636825004055,0.22240000000000001,0.17621936317499595,-127.0,-1.0
39.420556169,1.0,0.0,695.0,0.9,700.0,-5.0,-0.0525,0.2641,0.2116,700.0,-5.0,-0.046783650425009,0.22240000000000001,0.175616349574991,-127.0,-1.0
39.437866879,1.0,0.0,695.0,0.9,700.0,-5.0,-0.0525,0.2641,0.2116,700.0,-5.0,-0.0472386650500016,0.22240000000000001,0.17516133494999842,-127.0,-1.0
39.455581256,1.0,0.0,695.0,0.9,720.0,-25.0,-0.2425,0.2641,0.021600000000000008,700.0,-5.0,-0.04766580362500463,0.22240000000000001,0.17473419637499538,-127.0,-1.0
39.473759674,1.0,0.0,695.0,0.9,680.0,15.0,0.13883647517499184,0.2641,0.40293647517499187,700.0,-5.0,-0.04811129535000191,0.22240000000000001,0.1742887046499981,-127.0,-1.0
39.491918551,1.0,0.0,695.0,0.9,680.0,15.0,0.14021352842501072,0.2641,0.4043135284250107,680.0,15.0,0.14326573600000983,0.22240000000000001,0.36566573600000984,-127.0,-1.0
39.511714261,1.0,0.0,695.0,0.9,680.0,15.0,0.14163052547501137,0.2641,0.40573052547501137,700.0,-5.0,-0.04720659634999038,0.22240000000000001,0.17519340365000963,-127.0,-1.0
39.528635013,1.0,0.0,695.0,0.9,700.0,-5.0,-0.04882063914998525,0.2641,0.21527936085001476,700.0,-5.0,-0.047657760974987015,0.22240000000000001,0.174742239025013,-127.0,-1.0
39.548315223,1.0,0.0,695.0,0.9,700.0,-5.0,-0.049274866274984105,0.2641,0.21482513372501588,700.0,-5.0,-0.04811198809998587,0.22240000000000001,0.17428801190001414,-127.0,-1.0
39.5703276,1.0,0.0,695.0,0.9,700.0,-5.0,-0.049845461124984926,0.2641,0.21425453887501508,680.0,15.0,0.14359981835002372,0.22240000000000001,0.3659998183500237,-127.0,-1.0
39.617392105,1.0,0.0,695.0,0.9,700.0,-5.0,-0.051031261249979705,0.2641,0.2130687387500203,700.0,-5.0,-0.04758598177497106,0.22240000000000001,0.17481401822502896,-127.0,-1.0
39.639101441,1.0,0.0,695.0,0.9,700.0,-5.0,-0.05148333732498941,0.2641,0.2126166626750106,700.0,-5.0,-0.04803805784998076,0.22240000000000001,0.17436194215001927,-127.0,-1.0
39.665332777,1.0,0.0,695.0,0.9,700.0,-5.0,-0.0522341603249879,0.2641,0.2118658396750121,700.0,-5.0,-0.04878888084997925,0.22240000000000001,0.17361111915002075,-127.0,-1.0
39.68382357,1.0,0.0,695.0,0.9,700.0,-5.0,-0.0525,0.2641,0.2116,700.0,-5.0,-0.04924124859997391,0.22240000000000001,0.1731587514000261,-127.0,-1.0
39.700373614,1.0,0.0,695.0,0.9,700.0,-5.0,-0.0525,0.2641,0.2116,720.0,-25.0,-0.24150501959997653,0.22240000000000001,-0.019105019599976514,-127.0,-1.0
39.717085824,1.0,0.0,695.0,0.9,700.0,-5.0,-0.0525,0.2641,0.2116,700.0,-5.0,-0.05192253319997235,0.22240000000000001,0.17047746680002768,-127.0,-1.0
39.732391033,1.0,0.0,695.0,0.9,700.0,-5.0,-0.0525,0.2641,0.2116,700.0,-5.0,-0.05230824052497837,0.22240000000000001,0.17009175947502164,-127.0,-1.0
39.754231911,1.0,0.0,695.0,0.9,700.0,-5.0,-0.0525,0.2641,0.2116,700.0,-5.0,-0.0525,0.22240000000000001,0.16990000000000002,-127.0,-1.0
39.773919413,1.0,0.0,695.0,0.9,700.0,-5.0,-0.0525,0.2641,0.2116,680.0,15.0,0.13877050014999667,0.22240000000000001,0.3611705001499967,-127.0,-1.0
39.793062373,1.0,0.0,695.0,0.9,700.0,-5.0,-0.0525,0.2641,0.2116,700.0,-5.0,-0.051764387400000944,0.22240000000000001,0.17063561259999907,-127.0,-1.0
39.811346958,1.0,0.0,695.0,0.9,700.0,-5.0,-0.0525,0.2641,0.2116,680.0,15.0,0.1396105439500161,0.22240000000000001,0.3620105439500161,-127.0,-1.0
39.829882085,1.0,0.0,695.0,0.9,700.0,-5.0,-0.0525,0.2641,0.2116,700.0,-5.0,-0.050847190474987654,0.22240000000000001,0.17155280952501237,-127.0,-1.0
39.849780462,1.0,0.0,695.0,0.9,680.0,15.0,0.13877052205000381,0.2641,0.40287052205000384,680.0,15.0,0.14042330967500902,0.22240000000000001,0.36282330967500903,-127.0,-1.0
39.875923715,1.0,0.0,695.0,0.9,680.0,15.0,0.1408969035250152,0.2641,0.40499690352501516,700.0,-5.0,-0.05028550602499081,0.22240000000000001,0.17211449397500922,-127.0,-1.0
39.894830425,1.0,0.0,695.0,0.9,700.0,-5.0,-0.04957521004997943,0.2641,0.21452478995002056,700.0,-5.0,-0.05075761229998307,0.22240000000000001,0.17164238770001694,-127.0,-1.0
39.91163451,1.0,0.0,695.0,0.9,700.0,-5.0,-0.04999004029998787,0.2641,0.21410995970001212,700.0,-5.0,-0.05117244984999388,0.22240000000000001,0.17122755015000612,-127.0,-1.0
39.931261637,1.0,0.0,695.0,0.9,700.0,-5.0,-0.050471458049983084,0.2641,0.2136285419500169,680.0,15.0,0.14027178157498382,0.22240000000000001,0.3626717815749838,-127.0,-1.0
39.950088139,1.0,0.0,695.0,0.9,700.0,-5.0,-0.0509499591499798,0.2641,0.2131500408500202,700.0,-5.0,-0.05020672680001553,0.22240000000000001,0.17219327319998448,-127.0,-1.0
39.970714224,1.0,0.0,695.0,0.9,700.0,-5.0,-0.05147398212498274,0.2641,0.21262601787501725,700.0,-5.0,-0.050730735175013704,0.22240000000000001,0.17166926482498632,-127.0,-1.0
39.989001143,1.0,0.0,695.0,0.9,700.0,-5.0,-0.05192317069998126,0.2641,0.21217682930001874,700.0,-5.0,-0.051179923775023325,0.22240000000000001,0.1712200762249767,-127.0,-1.0
40.007560769,1.0,0.0,695.0,0.9,700.0,-5.0,-0.05237935929998457,0.2641,0.21172064070001542,700.0,-5.0,-0.051636119650017916,0.22240000000000001,0.1707638803499821,-127.0,-1.0
40.026790063,1.0,0.0,695.0,0.9,680.0,15.0,0.13908904395002536,0.2641,0.40318904395002536,700.0,-5.0,-0.05212558740002123,0.22240000000000001,0.17027441259997877,-127.0,-1.0
40.048497357,1.0,0.0,695.0,0.9,680.0,15.0,0.14064507847499497,0.2641,0.40474507847499497,700.0,-5.0,-0.0525,0.22240000000000001,0.16990000000000002,-127.0,-1.0
40.0655024,1.0,0.0,695.0,0.9,700.0,-5.0,-0.049860022625014155,0.2641,0.21423997737498585,700.0,-5.0,-0.0525,0.22240000000000001,0.16990000000000002,-127.0,-1.0
40.086775694,1.0,0.0,695.0,0.9,700.0,-5.0,-0.0503921028750051,0.2641,0.2137078971249949,700.0,-5.0,-0.0525,0.22240000000000001,0.16990000000000002,-127.0,-1.0
40.130077115,1.0,0.0,695.0,0.9,700.0,-5.0,-0.051471568625006514,0.2641,0.2126284313749935,700.0,-5.0,-0.0525,0.22240000000000001,0.16990000000000002,-127.0,-1.0
40.152526992,1.0,0.0,695.0,0.9,700.0,-5.0,-0.05191223325000692,0.2641,0.21218776674999307,680.0,15.0,0.13882199387500122,0.22240000000000001,0.3612219938750012,-127.0,-1.0
40.172971369,1.0,0.0,695.0,0.9,700.0,-5.0,-0.05249772497501454,0.2641,0.21160227502498546,700.0,-5.0,-0.05176349785000639,0.22240000000000001,0.17063650214999362,-127.0,-1.0
40.190384163,1.0,0.0,695.0,0.9,700.0,-5.0,-0.0525,0.2641,0.2116,680.0,15.0,0.13952513662499086,0.22240000000000001,0.3619251366249909,-127.0,-1.0
40.206465206,1.0,0.0,695.0,0.9,700.0,-5.0,-0.0525,0.2641,0.2116,700.0,-5.0,-0.05091449990000228,0.22240000000000001,0.17148550009999775,-127.0,-1.0
40.223126958,1.0,0.0,695.0,0.9,700.0,-5.0,-0.0525,0.2641,0.2116,680.0,15.0,0.14033504397502838,0.22240000000000001,0.3627350439750284,-127.0,-1.0
40.242259418,1.0,0.0,695.0,0.9,700.0,-5.0,-0.0525,0.2641,0.2116,700.0,-5.0,-0.050141925849961806,0.22240000000000001,0.17225807415003822,-127.0,-1.0
40.266640129,1.0,0.0,695.0,0.9,680.0,15.0,0.13919463452499484,0.2641,0.4032946345249948,700.0,-5.0,-0.05070681132496247,0.22240000000000001,0.17169318867503755,-127.0,-1.0
40.286393256,1.0,0.0,695.0,0.9,680.0,15.0,0.14054911277501103,0.2641,0.40464911277501103,700.0,-5.0,-0.05115829679996523,0.22240000000000001,0.1712417032000348,-127.0,-1.0
40.305432091,1.0,0.0,695.0,0.9,700.0,-5.0,-0.04997104562499089,0.2641,0.21412895437500912,700.0,-5.0,-0.05167846247496982,0.22240000000000001,0.1707215375250302,-127.0,-1.0
40.332007302,1.0,0.0,695.0,0.9,700.0,-5.0,-0.05063976442499097,0.2641,0.21346023557500904,700.0,-5.0,-0.0523471812749699,0.22240000000000001,0.1700528187250301,-127.0,-1.0
40.351541387,1.0,0.0,695.0,0.9,700.0,-5.0,-0.051102333224982886,0.2641,0.2129976667750171,700.0,-5.0,-0.0525,0.22240000000000001,0.16990000000000002,-127.0,-1.0
40.366746264,1.0,0.0,695.0,0.9,680.0,15.0,0.14029300757501914,0.2641,0.40439300757501917,700.0,-5.0,-0.0525,0.22240000000000001,0.16990000000000002,-127.0,-1.0
40.383119265,1.0,0.0,695.0,0.9,700.0,-5.0,-0.050099743499984015,0.2641,0.21400025650001597,700.0,-5.0,-0.0525,0.22240000000000001,0.16990000000000002,-127.0,-1.0
40.399842559,1.0,0.0,695.0,0.9,700.0,-5.0,-0.050489971674985555,0.2641,0.21361002832501444,680.0,15.0,0.1386706188249832,0.22240000000000001,0.3610706188249832,-127.0,-1.0
40.417375811,1.0,0.0,695.0,0.9,720.0,-25.0,-0.2425,0.2641,0.021600000000000008,700.0,-5.0,-0.05176289997501954,0.22240000000000001,0.17063710002498048,-127.0,-1.0
40.433248312,1.0,0.0,695.0,0.9,700.0,-5.0,-0.0525,0.2641,0.2116,700.0,-5.0,-0.05216526877501565,0.22240000000000001,0.17023473122498436,-127.0,-1.0
40.455751273,1.0,0.0,695.0,0.9,700.0,-5.0,-0.0525,0.2641,0.2116,720.0,-25.0,-0.2425,0.22240000000000001,-0.02009999999999998,-127.0,-1.0
40.478977275,1.0,0.0,695.0,0.9,700.0,-5.0,-0.0525,0.2641,0.2116,680.0,15.0,0.13920377829998642,0.22240000000000001,0.36160377829998647,-127.0,-1.0
40.499811611,1.0,0.0,695.0,0.9,700.0,-5.0,-0.0525,0.2641,0.2116,700.0,-5.0,-0.0513173207000159,0.22240000000000001,0.1710826792999841,-127.0,-1.0
40.514580154,1.0,0.0,695.0,0.9,700.0,-5.0,-0.0525,0.2641,0.2116,680.0,15.0,0.13985240134996957,0.22240000000000001,0.3622524013499696,-127.0,-1.0
40.537115198,1.0,0.0,695.0,0.9,700.0,-5.0,-0.0525,0.2641,0.2116,700.0,-5.0,-0.05070872160003091,0.22240000000000001,0.17169127839996912,-127.0,-1.0
40.554101866,1.0,0.0,695.0,0.9,680.0,15.0,0.13871657830002276,0.2641,0.40281657830002277,680.0,15.0,0.14050785669999186,0.22240000000000001,0.36290785669999187,-127.0,-1.0
40.57540841,1.0,0.0,695.0,0.9,680.0,15.0,0.14002452842501042,0.2641,0.40412452842501045,700.0,-5.0,-0.0499281339750064,0.22240000000000001,0.17247186602499362,-127.0,-1.0
40.59407187,1.0,0.0,695.0,0.9,700.0,-5.0,-0.050537170574991706,0.2641,0.2135628294250083,700.0,-5.0,-0.05048983297500854,0.22240000000000001,0.17191016702499148,-127.0,-1.0
40.638896958,1.0,0.0,695.0,0.9,700.0,-5.0,-0.05163878112498651,0.2641,0.21246121887501349,680.0,15.0,0.1428149767749687,0.22240000000000001,0.3652149767749687,-127.0,-1.0
40.66153146,1.0,0.0,695.0,0.9,700.0,-5.0,-0.05211534989998882,0.2641,0.2119846501000112,700.0,-5.0,-0.04766157012503754,0.22240000000000001,0.17473842987496246,-127.0,-1.0
40.682787546,1.0,0.0,695.0,0.9,700.0,-5.0,-0.0525,0.2641,0.2116,700.0,-5.0,-0.048271700400030114,0.22240000000000001,0.1741282995999699,-127.0,-1.0
40.699253589,1.0,0.0,695.0,0.9,700.0,-5.0,-0.0525,0.2641,0.2116,700.0,-5.0,-0.04872706502503888,0.22240000000000001,0.17367293497496114,-127.0,-1.0
40.724864258,0.0,0.0,720.0,1.0,700.0,20.0,0.18742760029996133,0.2736,0.46102760029996137,680.0,40.0,0.38362807717495573,0.23040000000000002,0.6140280771749558,-127.0,-1.0
40.744502468,1.0,0.0,720.0,1.0,700.0,20.0,0.18939955879996886,0.2736,0.4629995587999689,700.0,20.0,0.195,0.23040000000000002,0.4254,-127.0,-1.0
40.767281929,1.0,0.0,720.0,1.0,700.0,20.0,0.1916739464999955,0.2736,0.46527394649999554,720.0,0.0,0.005,0.23040000000000002,0.23540000000000003,-127.0,-1.0
40.796215849,1.0,0.0,695.0,0.9,700.0,-5.0,-0.04650277130000632,0.2641,0.21759722869999368,700.0,-5.0,-0.04317672507500447,0.22240000000000001,0.17922327492499554,-127.0,-1.0
40.818403809,1.0,0.0,695.0,0.9,720.0,-25.0,-0.23946563092497852,0.2641,0.02463436907502148,700.0,-5.0,-0.043769289699996536,0.22240000000000001,0.1786307103000035,-127.0,-1.0
40.835742811,1.0,0.0,695.0,0.9,720.0,-25.0,-0.24167128742497423,0.2641,0.022428712575025767,720.0,-25.0,-0.23597494619999224,0.22240000000000001,-0.013574946199992222,-127.0,-1.0
40.854373021,1.0,0.0,695.0,0.9,720.0,-25.0,-0.2425,0.2641,0.021600000000000008,700.0,-5.0,-0.04641990562499131,0.22240000000000001,0.1759800943750087,-127.0,-1.0
40.870906731,1.0,0.0,695.0,0.9,700.0,-5.0,-0.0525,0.2641,0.2116,720.0,-25.0,-0.23858396312500188,0.22240000000000001,-0.016183963125001866,-127.0,-1.0
40.890631275,0.0,0.0,695.0,0.9,720.0,-25.0,-0.2425,0.2641,0.021600000000000008,680.0,15.0,0.14290296827500468,0.22240000000000001,0.3653029682750047,-127.0,-1.0
40.90987486,1.0,0.0,695.0,0.9,720.0,-25.0,-0.2425,0.2641,0.021600000000000008,700.0,-5.0,-0.047606916149998145,0.22240000000000001,0.17479308385000186,-127.0,-1.0
40.929201862,1.0,0.0,695.0,0.9,700.0,-5.0,-0.0525,0.2641,0.2116,680.0,15.0,0.14371757147499464,0.22240000000000001,0.3661175714749947,-127.0,-1.0
40.946407864,1.0,0.0,695.0,0.9,700.0,-5.0,-0.0525,0.2641,0.2116,700.0,-5.0,-0.0467621181500067,0.22240000000000001,0.17563788184999332,-127.0,-1.0
40.964276532,1.0,0.0,695.0,0.9,700.0,-5.0,-0.0525,0.2641,0.2116,680.0,15.0,0.14456300389999568,0.22240000000000001,0.3669630038999957,-127.0,-1.0
40.983219992,1.0,0.0,695.0,0.9,720.0,-25.0,-0.2425,0.2641,0.021600000000000008,700.0,-5.0,-0.045874620099998535,0.22240000000000001,0.17652537990000147,-127.0,-1.0
41.015547162,1.0,0.0,695.0,0.9,720.0,-25.0,-0.2425,0.2641,0.021600000000000008,700.0,-5.0,-0.046714846224999745,0.22240000000000001,0.17568515377500027,-127.0,-1.0
41.038098248,1.0,0.0,695.0,0.9,700.0,-5.0,-0.0525,0.2641,0.2116,700.0,-5.0,-0.04723644835000187,0.22240000000000001,0.17516355164999814,-127.0,-1.0
41.056104875,1.0,0.0,695.0,0.9,700.0,-5.0,-0.0525,0.2641,0.2116,700.0,-5.0,-0.047709728625004576,0.22240000000000001,0.17469027137499543,-127.0,-1.0
41.075972335,1.0,0.0,695.0,0.9,700.0,-5.0,-0.0525,0.2641,0.2116,700.0,-5.0,-0.048199138024999685,0.22240000000000001,0.17420086197500034,-127.0,-1.0
41.094406837,1.0,0.0,695.0,0.9,700.0,-5.0,-0.0525,0.2641,0.2116,680.0,15.0,0.14325585590000628,0.22240000000000001,0.36565585590000627,-127.0,-1.0
41.112279589,1.0,0.0,695.0,0.9,700.0,-5.0,-0.0525,0.2641,0.2116,680.0,15.0,0.14458248732500806,0.22240000000000001,0.36698248732500804,-127.0,-1.0
41.168936428,1.0,0.0,695.0,0.9,680.0,15.0,0.14130283787499137,0.2641,0.4054028378749914,700.0,-5.0,-0.04668513987499409,0.22240000000000001,0.17571486012500592,-127.0,-1.0
41.191638597,1.0,0.0,695.0,0.9,680.0,15.0,0.14333404119997795,0.2641,0.40743404119997795,700.0,-5.0,-0.047362207649989614,0.22240000000000001,0.1750377923500104,-127.0,-1.0
41.209682849,1.0,0.0,695.0,0.9,680.0,15.0,0.14466377882497453,0.2641,0.4087637788249745,700.0,-5.0,-0.04780545352498848,0.22240000000000001,0.17459454647501155,-127.0,-1.0
41.227510392,1.0,0.0,695.0,0.9,700.0,-5.0,-0.045808123300028,0.2641,0.218291876699972,700.0,-5.0,-0.04827735564999102,0.22240000000000001,0.174122644350009,-127.0,-1.0
41.246418269,1.0,0.0,695.0,0.9,720.0,-25.0,-0.2379752798000072,0.2641,0.02612472019999279,700.0,-5.0,-0.048710786949986866,0.22240000000000001,0.17368921305001314,-127.0,-1.0
41.27125398,1.0,0.0,695.0,0.9,720.0,-25.0,-0.24126739467503056,0.2641,0.022832605324969446,700.0,-5.0,-0.04936920264998889,0.22240000000000001,0.17303079735001112,-127.0,-1.0
41.292828565,1.0,0.0,695.0,0.9,700.0,-5.0,-0.05182200620003186,0.2641,0.21227799379996815,700.0,-5.0,-0.04992381414999045,0.22240000000000001,0.17247618585000957,-127.0,-1.0
41.313354317,1.0,0.0,695.0,0.9,700.0,-5.0,-0.0522685406250298,0.2641,0.2118314593749702,700.0,-5.0,-0.050370341274986005,0.22240000000000001,0.17202965872501402,-127.0,-1.0
41.334236194,1.0,0.0,695.0,0.9,700.0,-5.0,-0.0525,0.2641,0.2116,700.0,-5.0,-0.050927329874996305,0.22240000000000001,0.17147267012500372,-127.0,-1.0
41.351739696,1.0,0.0,695.0,0.9,700.0,-5.0,-0.0525,0.2641,0.2116,700.0,-5.0,-0.05140777054999035,0.22240000000000001,0.17099222945000966,-127.0,-1.0
41.371492823,1.0,0.0,695.0,0.9,700.0,-5.0,-0.0525,0.2641,0.2116,700.0,-5.0,-0.05190245914998741,0.22240000000000001,0.17049754085001262,-127.0,-1.0
41.3888152,1.0,0.0,695.0,0.9,700.0,-5.0,-0.0525,0.2641,0.2116,700.0,-5.0,-0.05232812482499185,0.22240000000000001,0.17007187517500816,-127.0,-1.0
41.407828952,1.0,0.0,695.0,0.9,700.0,-5.0,-0.0525,0.2641,0.2116,700.0,-5.0,-0.0525,0.22240000000000001,0.16990000000000002,-127.0,-1.0
41.422561912,1.0,0.0,695.0,0.9,700.0,-5.0,-0.0525,0.2641,0.2116,700.0,-5.0,-0.0525,0.22240000000000001,0.16990000000000002,-127.0,-1.0
41.440707663,1.0,0.0,695.0,0.9,700.0,-5.0,-0.0525,0.2641,0.2116,700.0,-5.0,-0.0525,0.22240000000000001,0.16990000000000002,-127.0,-1.0
41.456695957,1.0,0.0,695.0,0.9,700.0,-5.0,-0.0525,0.2641,0.2116,700.0,-5.0,-0.0525,0.22240000000000001,0.16990000000000002,-127.0,-1.0
41.480306376,1.0,0.0,695.0,0.9,700.0,-5.0,-0.0525,0.2641,0.2116,680.0,15.0,0.13916838452497585,0.22240000000000001,0.36156838452497586,-127.0,-1.0
41.503724003,0.0,0.0,695.0,0.9,680.0,15.0,0.13900058140002328,0.2641,0.40310058140002325,720.0,-25.0,-0.2425,0.22240000000000001,-0.02009999999999998,-127.0,-1.0
41.527730505,1.0,0.0,695.0,0.9,680.0,15.0,0.14088835030001973,0.2641,0.40498835030001973,700.0,-5.0,-0.0525,0.22240000000000001,0.16990000000000002,-127.0,-1.0
41.551277925,1.0,0.0,695.0,0.9,700.0,-5.0,-0.04970527164997748,0.2641,0.21439472835002252,680.0,15.0,0.13928086584999164,0.22240000000000001,0.36168086584999165,-127.0,-1.0
41.57180601,1.0,0.0,695.0,0.9,700.0,-5.0,-0.05019086752497742,0.2641,0.21390913247502258,700.0,-5.0,-0.05120470815001227,0.22240000000000001,0.17119529184998775,-127.0,-1.0
41.592777137,1.0,0.0,695.0,0.9,700.0,-5.0,-0.05075932592498248,0.2641,0.21334067407501753,680.0,15.0,0.14050073267495689,0.22240000000000001,0.3629007326749569,-127.0,-1.0
41.610217347,1.0,0.0,695.0,0.9,700.0,-5.0,-0.051191546799977915,0.2641,0.21290845320002208,700.0,-5.0,-0.049931480900047516,0.22240000000000001,0.1724685190999525,-127.0,-1.0
41.629782932,1.0,0.0,695.0,0.9,700.0,-5.0,-0.051677594749971835,0.2641,0.21242240525002817,680.0,15.0,0.14152661922495324,0.22240000000000001,0.3639266192249533,-127.0,-1.0
41.680713479,1.0,0.0,695.0,0.9,700.0,-5.0,-0.0525,0.2641,0.2116,700.0,-5.0,-0.049672546525052895,0.22240000000000001,0.1727274534749471,-127.0,-1.0
41.703728606,1.0,0.0,695.0,0.9,700.0,-5.0,-0.0525,0.2641,0.2116,680.0,15.0,0.14239400684992914,0.22240000000000001,0.36479400684992913,-127.0,-1.0
41.723225067,1.0,0.0,695.0,0.9,700.0,-5.0,-0.0525,0.2641,0.2116,680.0,15.0,0.14372416004993055,0.22240000000000001,0.36612416004993054,-127.0,-1.0
41.745672319,1.0,0.0,695.0,0.9,700.0,-5.0,-0.0525,0.2641,0.2116,700.0,-5.0,-0.04688064732506746,0.22240000000000001,0.17551935267493257,-127.0,-1.0
41.762916821,1.0,0.0,695.0,0.9,700.0,-5.0,-0.0525,0.2641,0.2116,700.0,-5.0,-0.04730179945006739,0.22240000000000001,0.17509820054993264,-127.0,-1.0
41.782827739,1.0,0.0,695.0,0.9,700.0,-5.0,-0.0525,0.2641,0.2116,700.0,-5.0,-0.047799448450066395,0.22240000000000001,0.17460055154993362,-127.0,-1.0
41.808211492,1.0,0.0,695.0,0.9,680.0,15.0,0.13906292515001722,0.2641,0.4031629251500172,700.0,-5.0,-0.048320408925067115,0.22240000000000001,0.1740795910749329,-127.0,-1.0
41.834998161,1.0,0.0,695.0,0.9,680.0,15.0,0.1408777190500018,0.2641,0.4049777190500018,700.0,-5.0,-0.048925347525064354,0.22240000000000001,0.17347465247493565,-127.0,-1.0
41.85496858,1.0,0.0,695.0,0.9,700.0,-5.0,-0.0497703424749966,0.2641,0.2143296575250034,700.0,-5.0,-0.04957340905007413,0.22240000000000001,0.1728265909499259,-127.0,-1.0
41.872719707,1.0,0.0,695.0,0.9,700.0,-5.0,-0.05021509045000357,0.2641,0.21388490954999642,700.0,-5.0,-0.05001816430007239,0.22240000000000001,0.17238183569992763,-127.0,-1.0
41.892583375,1.0,0.0,695.0,0.9,700.0,-5.0,-0.0507135925749958,0.2641,0.2133864074250042,700.0,-5.0,-0.05051665915007334,0.22240000000000001,0.17188334084992668,-127.0,-1.0
41.916897586,1.0,0.0,695.0,0.9,700.0,-5.0,-0.05132429159999902,0.2641,0.21277570840000098,700.0,-5.0,-0.05112736545006783,0.22240000000000001,0.1712726345499322,-127.0,-1.0
41.93466738,1.0,0.0,695.0,0.9,700.0,-5.0,-0.0517726051749969,0.2641,0.2123273948250031,700.0,-5.0,-0.051575657150069676,0.22240000000000001,0.17082434284993034,-127.0,-1.0
41.952922215,1.0,0.0,695.0,0.9,700.0,-5.0,-0.05222197607499993,0.2641,0.21187802392500008,680.0,15.0,0.13977247737491325,0.22240000000000001,0.36217247737491326,-127.0,-1.0
41.976052259,1.0,0.0,695.0,0.9,700.0,-5.0,-0.0525,0.2641,0.2116,700.0,-5.0,-0.050805832075095626,0.22240000000000001,0.1715941679249044,-127.0,-1.0
41.992093052,1.0,0.0,695.0,0.9,700.0,-5.0,-0.0525,0.2641,0.2116,680.0,15.0,0.1405161617999056,0.22240000000000001,0.3629161617999056,-127.0,-1.0
42.012500388,1.0,0.0,695.0,0.9,700.0,-5.0,-0.0525,0.2641,0.2116,700.0,-5.0,-0.04999401427509383,0.22240000000000001,0.17240598572490617,-127.0,-1.0
42.031530764,1.0,0.0,695.0,0.9,680.0,15.0,0.13872987827498945,0.2641,0.40282987827498945,680.0,15.0,0.1412358420998885,0.22240000000000001,0.36363584209988853,-127.0,-1.0
42.050759475,1.0,0.0,695.0,0.9,680.0,15.0,0.14023741592498026,0.2641,0.4043374159249803,700.0,-5.0,-0.04926665587511479,0.22240000000000001,0.17313334412488524,-127.0,-1.0
42.06948156,1.0,0.0,695.0,0.9,680.0,15.0,0.14161276292500133,0.2641,0.40571276292500136,700.0,-5.0,-0.04972511947511521,0.22240000000000001,0.1726748805248848,-127.0,-1.0
42.08933852,1.0,0.0,695.0,0.9,700.0,-5.0,-0.04886710172499079,0.2641,0.21523289827500922,700.0,-5.0,-0.05020496952511394,0.22240000000000001,0.17219503047488607,-127.0,-1.0
42.111195731,1.0,0.0,695.0,0.9,700.0,-5.0,-0.049447686149997026,0.2641,0.21465231385000297,700.0,-5.0,-0.05078556852511383,0.22240000000000001,0.1716144314748862,-127.0,-1.0
42.128332899,1.0,0.0,695.0,0.9,700.0,-5.0,-0.0498694434749973,0.2641,0.2142305565250027,700.0,-5.0,-0.05120732587511384,0.22240000000000001,0.17119267412488617,-127.0,-1.0
42.147120901,1.0,0.0,695.0,0.9,700.0,-5.0,-0.05033453519999057,0.2641,0.21376546480000944,700.0,-5.0,-0.05167242487510976,0.22240000000000001,0.17072757512489026,-127.0,-1.0
42.196626364,1.0,0.0,695.0,0.9,700.0,-5.0,-0.05150368114999765,0.2641,0.21259631885000235,700.0,-5.0,-0.0525,0.22240000000000001,0.16990000000000002,-127.0,-1.0
42.222194742,1.0,0.0,695.0,0.9,700.0,-5.0,-0.05223156454999526,0.2641,0.21186843545000475,680.0,15.0,0.13968367209999996,0.22240000000000001,0.3620836721,-127.0,-1.0
42.247102494,1.0,0.0,695.0,0.9,700.0,-5.0,-0.0525,0.2641,0.2116,680.0,15.0,0.1413787660000139,0.22240000000000001,0.3637787660000139,-127.0,-1.0
42.266793788,1.0,0.0,695.0,0.9,700.0,-5.0,-0.0525,0.2641,0.2116,720.0,-25.0,-0.241468083249963,0.22240000000000001,-0.01906808324996298,-127.0,-1.0
42.284091956,1.0,0.0,695.0,0.9,700.0,-5.0,-0.0525,0.2641,0.2116,700.0,-5.0,-0.05188621662496416,0.22240000000000001,0.17051378337503587,-127.0,-1.0
42.301615,1.0,0.0,695.0,0.9,700.0,-5.0,-0.0525,0.2641,0.2116,700.0,-5.0,-0.05234651042495898,0.22240000000000001,0.17005348957504104,-127.0,-1.0
42.318571043,1.0,0.0,695.0,0.9,700.0,-5.0,-0.0525,0.2641,0.2116,680.0,15.0,0.13886416155004325,0.22240000000000001,0.36126416155004326,-127.0,-1.0
42.342652504,1.0,0.0,695.0,0.9,700.0,-5.0,-0.0525,0.2641,0.2116,680.0,15.0,0.14054162422505667,0.22240000000000001,0.3629416242250567,-127.0,-1.0
42.360566964,1.0,0.0,695.0,0.9,680.0,15.0,0.13887587200002827,0.2641,0.40297587200002827,680.0,15.0,0.1419174744000429,0.22240000000000001,0.3643174744000429,-127.0,-1.0
42.38114405,1.0,0.0,695.0,0.9,680.0,15.0,0.14044115965002674,0.2641,0.40454115965002674,700.0,-5.0,-0.04860428814995658,0.22240000000000001,0.17379571185004344,-127.0,-1.0
42.400438093,1.0,0.0,695.0,0.9,680.0,15.0,0.14187145667502818,0.2641,0.4059714566750282,700.0,-5.0,-0.049081061124959434,0.22240000000000001,0.17331893887504057,-127.0,-1.0
42.422590762,1.0,0.0,695.0,0.9,700.0,-5.0,-0.04868653817497034,0.2641,0.21541346182502966,700.0,-5.0,-0.04963905594995822,0.22240000000000001,0.1727609440500418,-127.0,-1.0
42.44790889,1.0,0.0,695.0,0.9,700.0,-5.0,-0.04931974657496539,0.2641,0.2147802534250346,700.0,-5.0,-0.05027227164995566,0.22240000000000001,0.17212772835004436,-127.0,-1.0
42.466980683,1.0,0.0,695.0,0.9,700.0,-5.0,-0.049779376824963036,0.2641,0.21432062317503697,700.0,-5.0,-0.05073189459996229,0.22240000000000001,0.17166810540003774,-127.0,-1.0
42.48926431,1.0,0.0,695.0,0.9,700.0,-5.0,-0.05035343519996559,0.2641,0.2137465648000344,700.0,-5.0,-0.051305960299955586,0.22240000000000001,0.17109403970004444,-127.0,-1.0
42.509438896,1.0,0.0,695.0,0.9,700.0,-5.0,-0.050850347749965295,0.2641,0.2132496522500347,700.0,-5.0,-0.0518028582499619,0.22240000000000001,0.17059714175003812,-127.0,-1.0
42.529150606,1.0,0.0,695.0,0.9,700.0,-5.0,-0.051331174899964936,0.2641,0.21276882510003506,680.0,15.0,0.13963964502504495,0.22240000000000001,0.36203964502504493,-127.0,-1.0
42.5494894,1.0,0.0,695.0,0.9,700.0,-5.0,-0.05182368327496306,0.2641,0.21227631672503694,720.0,-25.0,-0.2425,0.22240000000000001,-0.02009999999999998,-127.0,-1.0
42.566324985,1.0,0.0,695.0,0.9,700.0,-5.0,-0.052341019774964935,0.2641,0.21175898022503506,720.0,-25.0,-0.2425,0.22240000000000001,-0.02009999999999998,-127.0,-1.0
42.588184529,1.0,0.0,695.0,0.9,700.0,-5.0,-0.0525,0.2641,0.2116,680.0,15.0,0.1389488907250211,0.22240000000000001,0.3613488907250211,-127.0,-1.0
42.607285489,1.0,0.0,695.0,0.9,700.0,-5.0,-0.0525,0.2641,0.2116,680.0,15.0,0.1404911440000319,0.22240000000000001,0.3628911440000319,-127.0,-1.0
42.625091157,1.0,0.0,695.0,0.9,700.0,-5.0,-0.0525,0.2641,0.2116,700.0,-5.0,-0.04995617064995713,0.22240000000000001,0.17244382935004288,-127.0,-1.0
42.641798701,1.0,0.0,695.0,0.9,700.0,-5.0,-0.0525,0.2641,0.2116,700.0,-5.0,-0.05037926234996576,0.22240000000000001,0.17202073765003426,-127.0,-1.0
42.669610579,1.0,0.0,695.0,0.9,700.0,-5.0,-0.0525,0.2641,0.2116,680.0,15.0,0.14170842220000848,0.22240000000000001,0.3641084222000085,-127.0,-1.0
42.718132542,1.0,0.0,695.0,0.9,680.0,15.0,0.14080599099996788,0.2641,0.4049059909999679,680.0,15.0,0.1450144132000105,0.22240000000000001,0.3674144132000105,-127.0,-1.0
42.739260586,1.0,0.0,695.0,0.9,680.0,15.0,0.14263495989997635,0.2641,0.4067349598999763,680.0,15.0,0.14684338210001896,0.22240000000000001,0.36924338210001895,-127.0,-1.0
42.762024296,1.0,0.0,695.0,0.9,700.0,-5.0,-0.04792610475002675,0.2641,0.21617389524997324,700.0,-5.0,-0.04371768254998415,0.22240000000000001,0.17868231745001587,-127.0,-1.0
42.77959809,1.0,0.0,695.0,0.9,700.0,-5.0,-0.04836355375002995,0.2641,0.21573644624997004,700.0,-5.0,-0.04415513154998735,0.22240000000000001,0.17824486845001267,-127.0,-1.0
42.79751255,1.0,0.0,695.0,0.9,700.0,-5.0,-0.0488137923250315,0.2641,0.2152862076749685,700.0,-5.0,-0.04460537012497753,0.22240000000000001,0.17779462987502248,-127.0,-1.0
42.814358051,1.0,0.0,695.0,0.9,700.0,-5.0,-0.04923782467502861,0.2641,0.2148621753249714,700.0,-5.0,-0.045029402474986,0.22240000000000001,0.17737059752501402,-127.0,-1.0
42.836541054,1.0,0.0,695.0,0.9,700.0,-5.0,-0.04977220910002643,0.2641,0.21432779089997356,720.0,-25.0,-0.2376999027249485,0.22240000000000001,-0.015299902724948494,-127.0,-1.0
42.858829348,1.0,0.0,695.0,0.9,700.0,-5.0,-0.05029789457502375,0.2641,0.21380210542497624,680.0,15.0,0.14387800682505938,0.22240000000000001,0.3662780068250594,-127.0,-1.0
42.877003099,1.0,0.0,695.0,0.9,680.0,15.0,0.14111214614997605,0.2641,0.405212146149976,700.0,-5.0,-0.04659199217494688,0.22240000000000001,0.17580800782505313,-127.0,-1.0
42.895901935,1.0,0.0,695.0,0.9,680.0,15.0,0.14258332754997127,0.2641,0.4066833275499713,680.0,15.0,0.14487916732504116,0.22240000000000001,0.3672791673250412,-127.0,-1.0
42.919965312,1.0,0.0,695.0,0.9,700.0,-5.0,-0.04803324855003211,0.2641,0.2160667514499679,700.0,-5.0,-0.04573743064995824,0.22240000000000001,0.17666256935004176,-127.0,-1.0
42.939868939,1.0,0.0,695.0,0.9,700.0,-5.0,-0.04852850590002845,0.2641,0.21557149409997156,680.0,15.0,0.14574834140003076,0.22240000000000001,0.3681483414000308,-127.0,-1.0
42.957521482,1.0,0.0,695.0,0.9,700.0,-5.0,-0.04898182157503698,0.2641,0.21511817842496303,700.0,-5.0,-0.04470496697497538,0.22240000000000001,0.17769503302502465,-127.0,-1.0
42.974156692,1.0,0.0,695.0,0.9,700.0,-5.0,-0.049399378900036484,0.2641,0.21470062109996352,680.0,15.0,0.14654772690003026,0.22240000000000001,0.3689477269000303,-127.0,-1.0
42.992531111,1.0,0.0,695.0,0.9,720.0,-25.0,-0.24163529577504503,0.2641,0.022464704224954973,700.0,-5.0,-0.04389945647496006,0.22240000000000001,0.17850054352503997,-127.0,-1.0
43.010905821,1.0,0.0,695.0,0.9,700.0,-5.0,-0.05209315417504513,0.2641,0.21200684582495488,680.0,15.0,0.14747411872504015,0.22240000000000001,0.36987411872504017,-127.0,-1.0
43.029787448,1.0,0.0,695.0,0.9,720.0,-25.0,-0.2425,0.2641,0.021600000000000008,700.0,-5.0,-0.04300241359996107,0.22240000000000001,0.17939758640003894,-127.0,-1.0
43.047636867,1.0,0.0,695.0,0.9,680.0,15.0,0.13884424082499436,0.2641,0.40294424082499436,680.0,15.0,0.1475,0.22240000000000001,0.3699,-127.0,-1.0
43.071383494,1.0,0.0,695.0,0.9,700.0,-5.0,-0.051712288375008485,0.2641,0.2123877116249915,700.0,-5.0,-0.043056529200002844,0.22240000000000001,0.17934347079999718,-127.0,-1.0
43.097905622,1.0,0.0,695.0,0.9,680.0,15.0,0.14030506814999624,0.2641,0.4044050681499962,680.0,15.0,0.1475,0.22240000000000001,0.3699,-127.0,-1.0
43.123994041,1.0,0.0,695.0,0.9,720.0,-25.0,-0.2425,0.2641,0.021600000000000008,720.0,-25.0,-0.23536223462495626,0.22240000000000001,-0.012962234624956243,-127.0,-1.0
43.147794918,1.0,0.0,695.0,0.9,720.0,-25.0,-0.2425,0.2641,0.021600000000000008,700.0,-5.0,-0.04607433157496416,0.22240000000000001,0.17632566842503586,-127.0,-1.0
43.168316295,1.0,0.0,695.0,0.9,700.0,-5.0,-0.0525,0.2641,0.2116,680.0,15.0,0.1454411248000133,0.22240000000000001,0.3678411248000133,-127.0,-1.0
43.186313005,1.0,0.0,695.0,0.9,720.0,-25.0,-0.2425,0.2641,0.021600000000000008,700.0,-5.0,-0.044996980449996046,0.22240000000000001,0.17740301955000398,-127.0,-1.0
43.237452094,1.0,0.0,695.0,0.9,700.0,-5.0,-0.0525,0.2641,0.2116,700.0,-5.0,-0.04619189514999562,0.22240000000000001,0.1762081048500044,-127.0,-1.0
43.263614013,1.0,0.0,695.0,0.9,700.0,-5.0,-0.0525,0.2641,0.2116,700.0,-5.0,-0.04697069627499559,0.22240000000000001,0.17542930372500443,-127.0,-1.0
43.28235739,1.0,0.0,695.0,0.9,680.0,15.0,0.13882667514998273,0.2641,0.4029266751499827,700.0,-5.0,-0.04741292132498984,0.22240000000000001,0.17498707867501018,-127.0,-1.0
43.300533184,1.0,0.0,695.0,0.9,680.0,15.0,0.14018075965000207,0.2641,0.4042807596500021,680.0,15.0,0.14394116317502947,0.22240000000000001,0.3663411631750295,-127.0,-1.0
43.319595644,1.0,0.0,695.0,0.9,680.0,15.0,0.14159878479997587,0.2641,0.4056987847999759,700.0,-5.0,-0.04653151187496178,0.22240000000000001,0.17586848812503825,-127.0,-1.0
43.337913187,1.0,0.0,695.0,0.9,700.0,-5.0,-0.04886145065003348,0.2641,0.21523854934996653,700.0,-5.0,-0.04699174732497113,0.22240000000000001,0.17540825267502888,-127.0,-1.0
43.36236769,1.0,0.0,695.0,0.9,700.0,-5.0,-0.049397001750028265,0.2641,0.21470299824997174,700.0,-5.0,-0.04752729114996328,0.22240000000000001,0.17487270885003675,-127.0,-1.0
43.381328067,1.0,0.0,695.0,0.9,700.0,-5.0,-0.04994181327503156,0.2641,0.21415818672496845,680.0,15.0,0.1441071433500474,0.22240000000000001,0.3665071433500474,-127.0,-1.0
43.409146361,1.0,0.0,695.0,0.9,720.0,-25.0,-0.2425,0.2641,0.021600000000000008,700.0,-5.0,-0.04659455567495343,0.22240000000000001,0.17580544432504658,-127.0,-1.0
43.429399405,0.0,0.0,695.0,0.9,720.0,-25.0,-0.2425,0.2641,0.021600000000000008,680.0,15.0,0.14501531325002814,0.22240000000000001,0.3674153132500282,-127.0,-1.0
43.45053124,1.0,0.0,695.0,0.9,700.0,-5.0,-0.0525,0.2641,0.2116,700.0,-5.0,-0.045450616999976316,0.22240000000000001,0.1769493830000237,-127.0,-1.0
43.468419159,1.0,0.0,695.0,0.9,700.0,-5.0,-0.0525,0.2641,0.2116,680.0,15.0,0.14607435507501576,0.22240000000000001,0.3684743550750158,-127.0,-1.0
43.485006827,1.0,0.0,695.0,0.9,700.0,-5.0,-0.0525,0.2641,0.2116,720.0,-25.0,-0.235984884674981,0.22240000000000001,-0.01358488467498098,-127.0,-1.0
43.501580787,1.0,0.0,695.0,0.9,700.0,-5.0,-0.0525,0.2641,0.2116,680.0,15.0,0.1452878029250405,0.22240000000000001,0.36768780292504055,-127.0,-1.0
43.521387289,1.0,0.0,695.0,0.9,700.0,-5.0,-0.0525,0.2641,0.2116,720.0,-25.0,-0.23710918694992641,0.22240000000000001,-0.0147091869499264,-127.0,-1.0
43.539473541,1.0,0.0,695.0,0.9,680.0,15.0,0.13877410952502486,0.2641,0.4028741095250249,680.0,15.0,0.14416487877508416,0.22240000000000001,0.36656487877508415,-127.0,-1.0
43.559318251,1.0,0.0,695.0,0.9,680.0,15.0,0.1401649003000216,0.2641,0.4042649003000216,700.0,-5.0,-0.04629871814991475,0.22240000000000001,0.17610128185008528,-127.0,-1.0
43.578901337,1.0,0.0,695.0,0.9,680.0,15.0,0.14165191915002423,0.2641,0.40575191915002423,660.0,35.0,0.33717104377510626,0.22240000000000001,0.5595710437751062,-127.0,-1.0
43.600020339,1.0,0.0,695.0,0.9,700.0,-5.0,-0.04890248089997385,0.2641,0.21519751910002616,700.0,-5.0,-0.04338333439989583,0.22240000000000001,0.17901666560010418,-127.0,-1.0
43.625646758,0.0,0.0,695.0,0.9,720.0,-25.0,-0.24210148127496495,0.2641,0.021998518725035054,680.0,15.0,0.1475,0.22240000000000001,0.3699,-127.0,-1.0
43.644706885,1.0,0.0,695.0,0.9,700.0,-5.0,-0.0525,0.2641,0.2116,720.0,-25.0,-0.23491007837502137,0.22240000000000001,-0.012510078375021355,-127.0,-1.0
43.663671928,1.0,0.0,695.0,0.9,700.0,-5.0,-0.0525,0.2641,0.2116,680.0,15.0,0.14659549052498505,0.22240000000000001,0.36899549052498504,-127.0,-1.0
43.679323638,1.0,0.0,695.0,0.9,700.0,-5.0,-0.0525,0.2641,0.2116,700.0,-5.0,-0.04380118347501593,0.22240000000000001,0.17859881652498408,-127.0,-1.0
43.69653489,1.0,0.0,695.0,0.9,700.0,-5.0,-0.0525,0.2641,0.2116,680.0,15.0,0.1474828353499879,0.22240000000000001,0.3698828353499879,-127.0,-1.0
43.751003062,1.0,0.0,695.0,0.9,700.0,-5.0,-0.0525,0.2641,0.2116,700.0,-5.0,-0.04379931687500857,0.22240000000000001,0.17860068312499144,-127.0,-1.0
43.774165773,1.0,0.0,695.0,0.9,700.0,-5.0,-0.0525,0.2641,0.2116,700.0,-5.0,-0.044467073175001134,0.22240000000000001,0.1779329268249989,-127.0,-1.0
43.791615316,1.0,0.0,695.0,0.9,700.0,-5.0,-0.0525,0.2641,0.2116,700.0,-5.0,-0.04490043155000649,0.22240000000000001,0.17749956844999354,-127.0,-1.0
43.808248776,1.0,0.0,695.0,0.9,700.0,-5.0,-0.0525,0.2641,0.2116,700.0,-5.0,-0.04530803577500137,0.22240000000000001,0.17709196422499865,-127.0,-1.0
43.824292486,1.0,0.0,695.0,0.9,700.0,-5.0,-0.0525,0.2641,0.2116,700.0,-5.0,-0.04571211810000932,0.22240000000000001,0.17668788189999068,-127.0,-1.0
43.841828363,1.0,0.0,695.0,0.9,700.0,-5.0,-0.0525,0.2641,0.2116,700.0,-5.0,-0.04615867440000329,0.22240000000000001,0.17624132559999672,-127.0,-1.0
43.868350491,1.0,0.0,695.0,0.9,700.0,-5.0,-0.0525,0.2641,0.2116,700.0,-5.0,-0.04677097030000141,0.22240000000000001,0.1756290296999986,-127.0,-1.0
43.883263409,1.0,0.0,695.0,0.9,700.0,-5.0,-0.0525,0.2641,0.2116,700.0,-5.0,-0.047201010950009274,0.22240000000000001,0.17519898904999073,-127.0,-1.0
43.899905035,1.0,0.0,695.0,0.9,700.0,-5.0,-0.0525,0.2641,0.2116,700.0,-5.0,-0.04761211517500669,0.22240000000000001,0.17478788482499333,-127.0,-1.0
43.917842246,1.0,0.0,695.0,0.9,700.0,-5.0,-0.0525,0.2641,0.2116,700.0,-5.0,-0.048005311050001186,0.22240000000000001,0.17439468894999882,-127.0,-1.0
43.938820081,1.0,0.0,695.0,0.9,680.0,15.0,0.13912244702497673,0.2641,0.4032224470249767,700.0,-5.0,-0.04854613400000744,0.22240000000000001,0.17385386599999259,-127.0,-1.0
43.956672125,1.0,0.0,695.0,0.9,680.0,15.0,0.14047729719998187,0.2641,0.40457729719998187,700.0,-5.0,-0.04899773615000413,0.22240000000000001,0.17340226384999588,-127.0,-1.0
43.974238043,1.0,0.0,695.0,0.9,700.0,-5.0,-0.0499652559500214,0.2641,0.2141347440499786,700.0,-5.0,-0.049440289300007406,0.22240000000000001,0.1729597106999926,-127.0,-1.0
43.991229961,1.0,0.0,695.0,0.9,700.0,-5.0,-0.05038703517501745,0.2641,0.21371296482498256,700.0,-5.0,-0.049862083100008475,0.22240000000000001,0.17253791689999154,-127.0,-1.0
44.010565713,1.0,0.0,695.0,0.9,700.0,-5.0,-0.050847482100018625,0.2641,0.21325251789998137,700.0,-5.0,-0.05032252272500728,0.22240000000000001,0.17207747727499273,-127.0,-1.0
44.031237299,1.0,0.0,695.0,0.9,700.0,-5.0,-0.05138855297501777,0.2641,0.21271144702498224,700.0,-5.0,-0.050863593625006163,0.22240000000000001,0.17153640637499384,-127.0,-1.0
44.048678384,1.0,0.0,695.0,0.9,700.0,-5.0,-0.051818491575024835,0.2641,0.21228150842497517,700.0,-5.0,-0.051293517625008465,0.22240000000000001,0.17110648237499154,-127.0,-1.0
44.074936845,1.0,0.0,695.0,0.9,680.0,15.0,0.14009517729997467,0.2641,0.4041951772999747,680.0,15.0,0.1406201731499982,0.22240000000000001,0.36302017314999824,-127.0,-1.0
44.093745847,1.0,0.0,695.0,0.9,680.0,15.0,0.14151287432497384,0.2641,0.40561287432497384,680.0,15.0,0.14203787017499733,0.22240000000000001,0.36443787017499735,-127.0,-1.0
44.11290164,1.0,0.0,695.0,0.9,680.0,15.0,0.14292363699997848,0.2641,0.40702363699997846,700.0,-5.0,-0.048432369474999175,0.22240000000000001,0.17396763052500083,-127.0,-1.0
44.133683184,1.0,0.0,695.0,0.9,700.0,-5.0,-0.04757828492501176,0.2641,0.21652171507498824,700.0,-5.0,-0.04893429867500345,0.22240000000000001,0.17346570132499656,-127.0,-1.0
44.154462978,1.0,0.0,695.0,0.9,700.0,-5.0,-0.048144716225012874,0.2641,0.21595528377498713,680.0,15.0,0.14276501712497291,0.22240000000000001,0.36516501712497296,-127.0,-1.0
44.171839313,1.0,0.0,695.0,0.9,700.0,-5.0,-0.04857539127501923,0.2641,0.21552460872498078,700.0,-5.0,-0.04766565062503105,0.22240000000000001,0.17473434937496896,-127.0,-1.0
44.191608773,1.0,0.0,695.0,0.9,700.0,-5.0,-0.04907987987501428,0.2641,0.21502012012498573,700.0,-5.0,-0.04817014652502848,0.22240000000000001,0.17422985347497152,-127.0,-1.0
44.210972525,1.0,0.0,695.0,0.9,720.0,-25.0,-0.2414499633750256,0.2641,0.02265003662497439,700.0,-5.0,-0.048644148650025726,0.22240000000000001,0.1737558513499743,-127.0,-1.0
44.260935905,1.0,0.0,695.0,0.9,700.0,-5.0,-0.0525,0.2641,0.2116,680.0,15.0,0.14480210479998504,0.22240000000000001,0.36720210479998505,-127.0,-1.0
44.290842241,0.0,0.0,695.0,0.9,680.0,15.0,0.14004920342500782,0.2641,0.4041492034250078,720.0,-25.0,-0.23944656757502797,0.22240000000000001,-0.017046567575027954,-127.0,-1.0
44.313442619,1.0,0.0,695.0,0.9,680.0,15.0,0.14168652542500693,0.2641,0.4057865254250069,700.0,-5.0,-0.049992334275025314,0.22240000000000001,0.1724076657249747,-127.0,-1.0
44.338957038,1.0,0.0,695.0,0.9,700.0,-5.0,-0.04896734754999216,0.2641,0.21513265245000784,680.0,15.0,0.1419692847249712,0.22240000000000001,0.3643692847249712,-127.0,-1.0
44.359436998,1.0,0.0,695.0,0.9,720.0,-25.0,-0.24149606142498667,0.2641,0.022603938575013333,700.0,-5.0,-0.04853645072502559,0.22240000000000001,0.17386354927497444,-127.0,-1.0
44.384850209,1.0,0.0,695.0,0.9,700.0,-5.0,-0.05200274479998598,0.2641,0.21209725520001402,680.0,15.0,0.14298353384998336,0.22240000000000001,0.36538353384998334,-127.0,-1.0
44.410117878,1.0,0.0,695.0,0.9,700.0,-5.0,-0.0525,0.2641,0.2116,700.0,-5.0,-0.047637213075022375,0.22240000000000001,0.17476278692497765,-127.0,-1.0
44.431563839,1.0,0.0,695.0,0.9,720.0,-25.0,-0.2425,0.2641,0.021600000000000008,700.0,-5.0,-0.048283305850013676,0.22240000000000001,0.17411669414998635,-127.0,-1.0
44.450871883,1.0,0.0,695.0,0.9,700.0,-5.0,-0.0525,0.2641,0.2116,680.0,15.0,0.14327570370000783,0.22240000000000001,0.36567570370000785,-127.0,-1.0
44.467444384,1.0,0.0,695.0,0.9,700.0,-5.0,-0.0525,0.2641,0.2116,700.0,-5.0,-0.04716410779998796,0.22240000000000001,0.17523589220001207,-127.0,-1.0
44.485450719,1.0,0.0,695.0,0.9,700.0,-5.0,-0.0525,0.2641,0.2116,700.0,-5.0,-0.047618254724993675,0.22240000000000001,0.17478174527500634,-127.0,-1.0
44.501986471,1.0,0.0,695.0,0.9,700.0,-5.0,-0.0525,0.2641,0.2116,700.0,-5.0,-0.0480338360249948,0.22240000000000001,0.1743661639750052,-127.0,-1.0
44.519921639,1.0,0.0,695.0,0.9,700.0,-5.0,-0.0525,0.2641,0.2116,680.0,15.0,0.14332604529997522,0.22240000000000001,0.3657260452999752,-127.0,-1.0
44.536707933,1.0,0.0,695.0,0.9,700.0,-5.0,-0.0525,0.2641,0.2116,680.0,15.0,0.14451547667498288,0.22240000000000001,0.3669154766749829,-127.0,-1.0
44.569077103,1.0,0.0,695.0,0.9,680.0,15.0,0.13979882214999861,0.2641,0.4038988221499986,700.0,-5.0,-0.04625078277502325,0.22240000000000001,0.17614921722497676,-127.0,-1.0
44.591634897,1.0,0.0,695.0,0.9,680.0,15.0,0.14148982540002633,0.2641,0.4055898254000263,700.0,-5.0,-0.04681444325001848,0.22240000000000001,0.17558555674998153,-127.0,-1.0
44.614010107,1.0,0.0,695.0,0.9,680.0,15.0,0.14294869120001294,0.2641,0.40704869120001297,700.0,-5.0,-0.047300753725021426,0.22240000000000001,0.17509924627497858,-127.0,-1.0
44.635021484,1.0,0.0,695.0,0.9,700.0,-5.0,-0.0476766348999854,0.2641,0.2164233651000146,700.0,-5.0,-0.04792607982501977,0.22240000000000001,0.17447392017498026,-127.0,-1.0
44.653037153,1.0,0.0,695.0,0.9,720.0,-25.0,-0.23995750489997816,0.2641,0.024142495100021838,700.0,-5.0,-0.048382253825018325,0.22240000000000001,0.1740177461749817,-127.0,-1.0
44.675179322,1.0,0.0,695.0,0.9,720.0,-25.0,-0.2425,0.2641,0.021600000000000008,700.0,-5.0,-0.04893182680001928,0.22240000000000001,0.17346817319998073,-127.0,-1.0
44.694204449,1.0,0.0,695.0,0.9,720.0,-25.0,-0.2425,0.2641,0.021600000000000008,700.0,-5.0,-0.049445335200020965,0.22240000000000001,0.17295466479997906,-127.0,-1.0
44.711277742,1.0,0.0,695.0,0.9,700.0,-5.0,-0.0525,0.2641,0.2116,700.0,-5.0,-0.049839748775018504,0.22240000000000001,0.1725602512249815,-127.0,-1.0
44.72893816,1.0,0.0,695.0,0.9,700.0,-5.0,-0.0525,0.2641,0.2116,700.0,-5.0,-0.05030001340001491,0.22240000000000001,0.1720999865999851,-127.0,-1.0
44.777670415,1.0,0.0,695.0,0.9,700.0,-5.0,-0.0525,0.2641,0.2116,680.0,15.0,0.1431029713500129,0.22240000000000001,0.3655029713500129,-127.0,-1.0
44.796914876,1.0,0.0,695.0,0.9,700.0,-5.0,-0.0525,0.2641,0.2116,700.0,-5.0,-0.0474602734749783,0.22240000000000001,0.1749397265250217,-127.0,-1.0
44.821864045,1.0,0.0,695.0,0.9,700.0,-5.0,-0.0525,0.2641,0.2116,700.0,-5.0,-0.04809038292498144,0.22240000000000001,0.17430961707501857,-127.0,-1.0
44.838090921,1.0,0.0,695.0,0.9,700.0,-5.0,-0.0525,0.2641,0.2116,700.0,-5.0,-0.048499795474986056,0.22240000000000001,0.17390020452501395,-127.0,-1.0
44.855687173,1.0,0.0,695.0,0.9,700.0,-5.0,-0.0525,0.2641,0.2116,680.0,15.0,0.1428238608499987,0.22240000000000001,0.3652238608499987,-127.0,-1.0
44.873797633,1.0,0.0,695.0,0.9,700.0,-5.0,-0.0525,0.2641,0.2116,680.0,15.0,0.14410984850002023,0.22240000000000001,0.3665098485000202,-127.0,-1.0
44.894757094,1.0,0.0,695.0,0.9,700.0,-5.0,-0.0525,0.2641,0.2116,700.0,-5.0,-0.04639103799997201,0.22240000000000001,0.176008962000028,-127.0,-1.0
44.913050721,1.0,0.0,695.0,0.9,680.0,15.0,0.13892633770002474,0.2641,0.4030263377000247,700.0,-5.0,-0.0468664838999689,0.22240000000000001,0.17553351610003112,-127.0,-1.0
44.932904181,0.0,0.0,695.0,0.9,680.0,15.0,0.14043470657502438,0.2641,0.4045347065750244,720.0,-25.0,-0.23938039552501322,0.22240000000000001,-0.01698039552501321,-127.0,-1.0
44.952402975,1.0,0.0,695.0,0.9,680.0,15.0,0.14182479737502263,0.2641,0.40592479737502263,700.0,-5.0,-0.04984376642501502,0.22240000000000001,0.172556233574985,-127.0,-1.0
44.969405101,1.0,0.0,695.0,0.9,700.0,-5.0,-0.048607671399977334,0.2641,0.21549232860002265,700.0,-5.0,-0.05027623520001498,0.22240000000000001,0.17212376479998504,-127.0,-1.0
44.987984853,1.0,0.0,695.0,0.9,700.0,-5.0,-0.04907017457496977,0.2641,0.21502982542503024,680.0,15.0,0.14111129622496946,0.22240000000000001,0.36351129622496947,-127.0,-1.0
45.008149814,1.0,0.0,695.0,0.9,700.0,-5.0,-0.049579570474977575,0.2641,0.21452042952502243,700.0,-5.0,-0.04939809237503596,0.22240000000000001,0.17300190762496406,-127.0,-1.0
45.035156691,1.0,0.0,695.0,0.9,700.0,-5.0,-0.050242288249969534,0.2641,0.21385771175003046,680.0,15.0,0.14259006094993992,0.22240000000000001,0.3649900609499399,-127.0,-1.0
45.055522027,0.0,0.0,695.0,0.9,720.0,-25.0,-0.2425,0.2641,0.021600000000000008,680.0,15.0,0.14416786107494545,0.22240000000000001,0.36656786107494543,-127.0,-1.0
45.078162654,1.0,0.0,695.0,0.9,720.0,-25.0,-0.2425,0.2641,0.021600000000000008,700.0,-5.0,-0.04641935877505603,0.22240000000000001,0.175980641224944,-127.0,-1.0
45.095039947,1.0,0.0,695.0,0.9,700.0,-5.0,-0.0525,0.2641,0.2116,700.0,-5.0,-0.0468171338250545,0.22240000000000001,0.1755828661749455,-127.0,-1.0
45.116755991,1.0,0.0,695.0,0.9,700.0,-5.0,-0.0525,0.2641,0.2116,680.0,15.0,0.1448734538499343,0.22240000000000001,0.3672734538499343,-127.0,-1.0
45.132251368,1.0,0.0,695.0,0.9,700.0,-5.0,-0.0525,0.2641,0.2116,700.0,-5.0,-0.045531138900075804,0.22240000000000001,0.17686886109992422,-127.0,-1.0
45.151691536,1.0,0.0,695.0,0.9,700.0,-5.0,-0.0525,0.2641,0.2116,700.0,-5.0,-0.04601737642506578,0.22240000000000001,0.17638262357493423,-127.0,-1.0
45.168479871,1.0,0.0,695.0,0.9,700.0,-5.0,-0.0525,0.2641,0.2116,700.0,-5.0,-0.046429136900069355,0.22240000000000001,0.17597086309993065,-127.0,-1.0
45.186445956,1.0,0.0,695.0,0.9,700.0,-5.0,-0.0525,0.2641,0.2116,680.0,15.0,0.14489572257494726,0.22240000000000001,0.36729572257494725,-127.0,-1.0
45.20234675,1.0,0.0,695.0,0.9,700.0,-5.0,-0.0525,0.2641,0.2116,680.0,15.0,0.14611422582494013,0.22240000000000001,0.36851422582494014,-127.0,-1.0
45.21869846,1.0,0.0,695.0,0.9,700.0,-5.0,-0.0525,0.2641,0.2116,720.0,-25.0,-0.23591869105006935,0.22240000000000001,-0.013518691050069337,-127.0,-1.0
45.249518296,1.0,0.0,695.0,0.9,680.0,15.0,0.1396461127000066,0.2641,0.4037461127000066,700.0,-5.0,-0.04663406195006019,0.22240000000000001,0.17576593804993984,-127.0,-1.0
45.30071776,1.0,0.0,695.0,0.9,700.0,-5.0,-0.05155993639998769,0.2641,0.21254006360001232,680.0,15.0,0.14698406344994963,0.22240000000000001,0.3693840634499497,-127.0,-1.0
45.322602678,1.0,0.0,695.0,0.9,700.0,-5.0,-0.05218518957498418,0.2641,0.2119148104250158,680.0,15.0,0.1475,0.22240000000000001,0.3699,-127.0,-1.0
45.343563306,1.0,0.0,695.0,0.9,700.0,-5.0,-0.0525,0.2641,0.2116,700.0,-5.0,-0.043008951100005105,0.22240000000000001,0.1793910488999949,-127.0,-1.0
45.367040725,1.0,0.0,695.0,0.9,700.0,-5.0,-0.0525,0.2641,0.2116,680.0,15.0,0.1475,0.22240000000000001,0.3699,-127.0,-1.0
45.383766643,1.0,0.0,695.0,0.9,700.0,-5.0,-0.0525,0.2641,0.2116,680.0,15.0,0.1475,0.22240000000000001,0.3699,-127.0,-1.0
45.398287269,1.0,0.0,695.0,0.9,700.0,-5.0,-0.0525,0.2641,0.2116,680.0,15.0,0.1475,0.22240000000000001,0.3699,-127.0,-1.0
45.416988646,1.0,0.0,695.0,0.9,700.0,-5.0,-0.0525,0.2641,0.2116,700.0,-5.0,-0.04286079169999539,0.22240000000000001,0.17953920830000464,-127.0,-1.0
45.433847565,1.0,0.0,695.0,0.9,700.0,-5.0,-0.0525,0.2641,0.2116,700.0,-5.0,-0.043344608424995386,0.22240000000000001,0.17905539157500464,-127.0,-1.0
45.450987941,1.0,0.0,695.0,0.9,700.0,-5.0,-0.0525,0.2641,0.2116,700.0,-5.0,-0.043753277199998594,0.22240000000000001,0.17864672280000143,-127.0,-1.0
45.47210461,1.0,0.0,695.0,0.9,680.0,15.0,0.1389962719749974,0.2641,0.4030962719749974,700.0,-5.0,-0.04425202724999508,0.22240000000000001,0.17814797275000493,-127.0,-1.0
45.497777988,1.0,0.0,695.0,0.9,680.0,15.0,0.14096513154999002,0.2641,0.40506513154999,680.0,15.0,0.1475,0.22240000000000001,0.3699,-127.0,-1.0
45.519061198,1.0,0.0,695.0,0.9,700.0,-5.0,-0.04956678830001465,0.2641,0.21453321169998535,700.0,-5.0,-0.04303192715000705,0.22240000000000001,0.17936807284999295,-127.0,-1.0
45.536396117,1.0,0.0,695.0,0.9,700.0,-5.0,-0.049994495650016686,0.2641,0.21410550434998332,700.0,-5.0,-0.043459612600001946,0.22240000000000001,0.17894038739999807,-127.0,-1.0
45.554729702,1.0,0.0,695.0,0.9,700.0,-5.0,-0.05044026442501718,0.2641,0.21365973557498283,720.0,-25.0,-0.23568856597498325,0.22240000000000001,-0.013288565974983235,-127.0,-1.0
45.572903454,1.0,0.0,695.0,0.9,700.0,-5.0,-0.05092222177501299,0.2641,0.213177778224987,680.0,15.0,0.145757262275024,0.22240000000000001,0.368157262275024,-127.0,-1.0
45.591606289,1.0,0.0,695.0,0.9,700.0,-5.0,-0.05136663432500882,0.2641,0.21273336567499118,720.0,-25.0,-0.23646476397500008,0.22240000000000001,-0.01406476397500006,-127.0,-1.0
45.612093249,1.0,0.0,695.0,0.9,700.0,-5.0,-0.05183936040001754,0.2641,0.21226063959998245,680.0,15.0,0.14495345805000623,0.22240000000000001,0.36735345805000624,-127.0,-1.0
45.630938709,1.0,0.0,695.0,0.9,700.0,-5.0,-0.05235174587501433,0.2641,0.21174825412498566,700.0,-5.0,-0.04555892012498816,0.22240000000000001,0.17684107987501185,-127.0,-1.0
45.653682878,0.0,0.0,695.0,0.9,700.0,-5.0,-0.0525,0.2641,0.2116,660.0,35.0,0.3375,0.22240000000000001,0.5599000000000001,-127.0,-1.0
45.678198631,1.0,0.0,695.0,0.9,700.0,-5.0,-0.0525,0.2641,0.2116,680.0,15.0,0.1475,0.22240000000000001,0.3699,-127.0,-1.0
45.695901049,1.0,0.0,695.0,0.9,700.0,-5.0,-0.0525,0.2641,0.2116,680.0,15.0,0.1475,0.22240000000000001,0.3699,-127.0,-1.0
45.726213969,1.0,0.0,695.0,0.9,680.0,15.0,0.13951024705002055,0.2641,0.4036102470500206,680.0,15.0,0.1475,0.22240000000000001,0.3699,-127.0,-1.0
45.745302679,0.0,0.0,695.0,0.9,680.0,15.0,0.14094640660002822,0.2641,0.4050464066000282,720.0,-25.0,-0.2348935627500009,0.22240000000000001,-0.01249356275000088,-127.0,-1.0
45.767567931,1.0,0.0,695.0,0.9,680.0,15.0,0.1424024067250002,0.2641,0.4065024067250002,700.0,-5.0,-0.04537889612500294,0.22240000000000001,0.1770211038749971,-127.0,-1.0
45.818926062,1.0,0.0,695.0,0.9,700.0,-5.0,-0.04886360902500201,0.2641,0.215236390974998,700.0,-5.0,-0.0466449118749938,0.22240000000000001,0.17575508812500623,-127.0,-1.0
45.84820444,0.0,0.0,695.0,0.9,720.0,-25.0,-0.2425,0.2641,0.021600000000000008,680.0,15.0,0.14583190717503156,0.22240000000000001,0.36823190717503157,-127.0,-1.0
45.869096233,1.0,0.0,695.0,0.9,720.0,-25.0,-0.2425,0.2641,0.021600000000000008,700.0,-5.0,-0.044694740774962154,0.22240000000000001,0.17770525922503785,-127.0,-1.0
45.889496569,1.0,0.0,695.0,0.9,700.0,-5.0,-0.0525,0.2641,0.2116,700.0,-5.0,-0.045181401249969895,0.22240000000000001,0.17721859875003013,-127.0,-1.0
45.906930945,1.0,0.0,695.0,0.9,700.0,-5.0,-0.0525,0.2641,0.2116,700.0,-5.0,-0.04564663879996715,0.22240000000000001,0.17675336120003288,-127.0,-1.0
45.924050031,1.0,0.0,695.0,0.9,700.0,-5.0,-0.0525,0.2641,0.2116,680.0,15.0,0.14557000505001041,0.22240000000000001,0.36797000505001043,-127.0,-1.0
45.940962324,1.0,0.0,695.0,0.9,700.0,-5.0,-0.0525,0.2641,0.2116,700.0,-5.0,-0.04489591062498903,0.22240000000000001,0.177504089375011,-127.0,-1.0
45.963058701,0.0,0.0,695.0,0.9,720.0,-25.0,-0.2425,0.2641,0.021600000000000008,680.0,15.0,0.14661153950004063,0.22240000000000001,0.3690115395000406,-127.0,-1.0
45.992366246,1.0,0.0,695.0,0.9,700.0,-5.0,-0.0525,0.2641,0.2116,700.0,-5.0,-0.044115155374952336,0.22240000000000001,0.17828484462504768,-127.0,-1.0
46.010059914,1.0,0.0,695.0,0.9,700.0,-5.0,-0.0525,0.2641,0.2116,720.0,-25.0,-0.23657970249993923,0.22240000000000001,-0.014179702499939217,-127.0,-1.0
46.027860333,1.0,0.0,695.0,0.9,680.0,15.0,0.13876378449997445,0.2641,0.40286378449997445,700.0,-5.0,-0.04700096399994209,0.22240000000000001,0.17539903600005793,-127.0,-1.0
46.046602835,1.0,0.0,695.0,0.9,700.0,-5.0,-0.05168252387502662,0.2641,0.2124174761249734,680.0,15.0,0.14433796112506114,0.22240000000000001,0.3667379611250612,-127.0,-1.0
46.063702961,1.0,0.0,695.0,0.9,680.0,15.0,0.1396843356749855,0.2641,0.4037843356749855,700.0,-5.0,-0.0461176514249405,0.22240000000000001,0.1762823485750595,-127.0,-1.0
46.081705796,1.0,0.0,695.0,0.9,720.0,-25.0,-0.2425,0.2641,0.021600000000000008,700.0,-5.0,-0.04655881917494071,0.22240000000000001,0.1758411808250593,-127.0,-1.0
46.100408632,1.0,0.0,695.0,0.9,700.0,-5.0,-0.0525,0.2641,0.2116,700.0,-5.0,-0.04703254422493501,0.22240000000000001,0.17536745577506502,-127.0,-1.0
46.123123634,1.0,0.0,695.0,0.9,700.0,-5.0,-0.0525,0.2641,0.2116,680.0,15.0,0.14478067467509617,0.22240000000000001,0.3671806746750962,-127.0,-1.0
46.140710261,1.0,0.0,695.0,0.9,700.0,-5.0,-0.0525,0.2641,0.2116,680.0,15.0,0.1460722186250882,0.22240000000000001,0.3684722186250882,-127.0,-1.0
46.158248179,1.0,0.0,695.0,0.9,700.0,-5.0,-0.0525,0.2641,0.2116,680.0,15.0,0.14736345620008023,0.22240000000000001,0.3697634562000802,-127.0,-1.0
46.173471139,1.0,0.0,695.0,0.9,700.0,-5.0,-0.0525,0.2641,0.2116,700.0,-5.0,-0.04302970322492456,0.22240000000000001,0.17937029677507546,-127.0,-1.0
46.196778808,1.0,0.0,695.0,0.9,700.0,-5.0,-0.0525,0.2641,0.2116,700.0,-5.0,-0.04360284284992304,0.22240000000000001,0.178797157150077,-127.0,-1.0
46.212693018,1.0,0.0,695.0,0.9,700.0,-5.0,-0.0525,0.2641,0.2116,700.0,-5.0,-0.0440073845749157,0.22240000000000001,0.1783926154250843,-127.0,-1.0
46.229989436,1.0,0.0,695.0,0.9,700.0,-5.0,-0.0525,0.2641,0.2116,700.0,-5.0,-0.044432875224918005,0.22240000000000001,0.177967124775082,-127.0,-1.0
46.247455313,1.0,0.0,695.0,0.9,700.0,-5.0,-0.0525,0.2641,0.2116,700.0,-5.0,-0.04487457527491642,0.22240000000000001,0.1775254247250836,-127.0,-1.0
46.268529107,1.0,0.0,695.0,0.9,680.0,15.0,0.13885977205000016,0.2641,0.40295977205000016,700.0,-5.0,-0.045327825324914105,0.22240000000000001,0.1770721746750859,-127.0,-1.0
46.28686415,1.0,0.0,695.0,0.9,700.0,-5.0,-0.05163833632500655,0.2641,0.21246166367499345,700.0,-5.0,-0.0458259409999232,0.22240000000000001,0.1765740590000768,-127.0,-1.0
46.335183405,1.0,0.0,695.0,0.9,680.0,15.0,0.14175535149997812,0.2641,0.4058553514999781,680.0,15.0,0.1475,0.22240000000000001,0.3699,-127.0,-1.0
46.360967324,1.0,0.0,695.0,0.9,700.0,-5.0,-0.048946332950029044,0.2641,0.21515366704997096,720.0,-25.0,-0.23600853162501606,0.22240000000000001,-0.013608531625016046,-127.0,-1.0
46.379283701,1.0,0.0,695.0,0.9,700.0,-5.0,-0.04942465175002098,0.2641,0.21467534824997903,720.0,-25.0,-0.23840008912496385,0.22240000000000001,-0.01600008912496384,-127.0,-1.0
46.397594536,1.0,0.0,695.0,0.9,720.0,-25.0,-0.24170865725005114,0.2641,0.02239134274994886,700.0,-5.0,-0.048856882924967523,0.22240000000000001,0.1735431170750325,-127.0,-1.0
46.415508122,1.0,0.0,695.0,0.9,700.0,-5.0,-0.052160871875050814,0.2641,0.2119391281249492,680.0,15.0,0.14249980475004576,0.22240000000000001,0.3648998047500458,-127.0,-1.0
46.442053583,1.0,0.0,695.0,0.9,700.0,-5.0,-0.0525,0.2641,0.2116,680.0,15.0,0.14433135492504107,0.22240000000000001,0.36673135492504105,-127.0,-1.0
46.459554168,1.0,0.0,695.0,0.9,700.0,-5.0,-0.0525,0.2641,0.2116,700.0,-5.0,-0.046183823249957644,0.22240000000000001,0.17621617675004236,-127.0,-1.0
46.476100128,1.0,0.0,695.0,0.9,700.0,-5.0,-0.0525,0.2641,0.2116,680.0,15.0,0.1450589393500286,0.22240000000000001,0.3674589393500286,-127.0,-1.0
46.492299879,1.0,0.0,695.0,0.9,700.0,-5.0,-0.0525,0.2641,0.2116,680.0,15.0,0.14627302382502647,0.22240000000000001,0.3686730238250265,-127.0,-1.0
46.509223256,1.0,0.0,695.0,0.9,700.0,-5.0,-0.0525,0.2641,0.2116,680.0,15.0,0.1475,0.22240000000000001,0.3699,-127.0,-1.0
46.527252341,1.0,0.0,695.0,0.9,700.0,-5.0,-0.0525,0.2641,0.2116,700.0,-5.0,-0.04295090212499872,0.22240000000000001,0.1794490978750013,-127.0,-1.0
46.543985551,1.0,0.0,695.0,0.9,700.0,-5.0,-0.0525,0.2641,0.2116,680.0,15.0,0.1475,0.22240000000000001,0.3699,-127.0,-1.0
46.561050678,1.0,0.0,695.0,0.9,700.0,-5.0,-0.0525,0.2641,0.2116,680.0,15.0,0.1475,0.22240000000000001,0.3699,-127.0,-1.0
46.576913846,1.0,0.0,695.0,0.9,700.0,-5.0,-0.0525,0.2641,0.2116,680.0,15.0,0.1475,0.22240000000000001,0.3699,-127.0,-1.0
46.594422015,1.0,0.0,695.0,0.9,680.0,15.0,0.1386119282499976,0.2641,0.4027119282499976,700.0,-5.0,-0.042870701074996305,0.22240000000000001,0.17952929892500372,-127.0,-1.0
46.613366933,1.0,0.0,695.0,0.9,680.0,15.0,0.1400144877249886,0.2641,0.4041144877249886,700.0,-5.0,-0.043338220899993306,0.22240000000000001,0.1790617791000067,-127.0,-1.0
46.640934978,1.0,0.0,695.0,0.9,680.0,15.0,0.14203431610001188,0.2641,0.4061343161000119,700.0,-5.0,-0.04401148972499868,0.22240000000000001,0.17838851027500133,-127.0,-1.0
46.661422521,1.0,0.0,695.0,0.9,700.0,-5.0,-0.04848749747498232,0.2641,0.21561250252501768,700.0,-5.0,-0.04453329602500162,0.22240000000000001,0.1778667039749984,-127.0,-1.0
46.67935944,1.0,0.0,695.0,0.9,700.0,-5.0,-0.04893269752498327,0.2641,0.21516730247501673,700.0,-5.0,-0.0449785179499986,0.22240000000000001,0.1774214820500014,-127.0,-1.0
46.701232692,1.0,0.0,695.0,0.9,700.0,-5.0,-0.04947624029998906,0.2641,0.21462375970001094,700.0,-5.0,-0.04552204612499963,0.22240000000000001,0.17687795387500038,-127.0,-1.0
46.71898936,1.0,0.0,695.0,0.9,700.0,-5.0,-0.049922213249978996,0.2641,0.214177786750021,700.0,-5.0,-0.04596802637499195,0.22240000000000001,0.17643197362500807,-127.0,-1.0
46.739284112,1.0,0.0,695.0,0.9,700.0,-5.0,-0.050429253924985463,0.2641,0.21367074607501454,680.0,15.0,0.14555309565002744,0.22240000000000001,0.36795309565002743,-127.0,-1.0
46.757557614,1.0,0.0,695.0,0.9,700.0,-5.0,-0.0508946372999867,0.2641,0.2132053627000133,700.0,-5.0,-0.04491228772497379,0.22240000000000001,0.17748771227502622,-127.0,-1.0
46.777042408,1.0,0.0,695.0,0.9,700.0,-5.0,-0.05135187589998168,0.2641,0.2127481241000183,680.0,15.0,0.1464593405500159,0.22240000000000001,0.3688593405500159,-127.0,-1.0
46.799922785,1.0,0.0,695.0,0.9,700.0,-5.0,-0.05195001137498366,0.2641,0.21214998862501633,700.0,-5.0,-0.04413880952497948,0.22240000000000001,0.17826119047502054,-127.0,-1.0
46.850331249,1.0,0.0,695.0,0.9,700.0,-5.0,-0.0525,0.2641,0.2116,700.0,-5.0,-0.04532764297498943,0.22240000000000001,0.1770723570250106,-127.0,-1.0
46.879604085,1.0,0.0,695.0,0.9,700.0,-5.0,-0.0525,0.2641,0.2116,700.0,-5.0,-0.04612857429998939,0.22240000000000001,0.17627142570001061,-127.0,-1.0
46.907640254,1.0,0.0,695.0,0.9,680.0,15.0,0.13957337830000824,0.2641,0.40367337830000827,700.0,-5.0,-0.04681967124998209,0.22240000000000001,0.17558032875001792,-127.0,-1.0
46.930699715,1.0,0.0,695.0,0.9,680.0,15.0,0.14110200347500948,0.2641,0.40520200347500945,680.0,15.0,0.1447090413750152,0.22240000000000001,0.3671090413750152,-127.0,-1.0
46.954103634,0.0,0.0,695.0,0.9,680.0,15.0,0.14292955052501383,0.2641,0.40702955052501383,720.0,-25.0,-0.23833687037499202,0.22240000000000001,-0.015936870374992,-127.0,-1.0
46.974356678,1.0,0.0,695.0,0.9,700.0,-5.0,-0.047642641199981885,0.2641,0.21645735880001812,720.0,-25.0,-0.24119782900002745,0.22240000000000001,-0.01879782900002744,-127.0,-1.0
46.99241668,1.0,0.0,695.0,0.9,700.0,-5.0,-0.04807668499998045,0.2641,0.21602331500001956,700.0,-5.0,-0.05163188737501969,0.22240000000000001,0.17076811262498032,-127.0,-1.0
47.010325306,1.0,0.0,695.0,0.9,700.0,-5.0,-0.04853662877498209,0.2641,0.2155633712250179,680.0,15.0,0.13974790030000347,0.22240000000000001,0.3621479003000035,-127.0,-1.0
47.031515183,0.0,0.0,695.0,0.9,720.0,-25.0,-0.24112356665001924,0.2641,0.022976433349980757,680.0,15.0,0.14130010667497345,0.22240000000000001,0.36370010667497343,-127.0,-1.0
47.052947436,1.0,0.0,695.0,0.9,700.0,-5.0,-0.051675421900019954,0.2641,0.21242457809998005,680.0,15.0,0.14295567249997473,0.22240000000000001,0.36535567249997475,-127.0,-1.0
47.071148021,1.0,0.0,695.0,0.9,700.0,-5.0,-0.05211241882501781,0.2641,0.21198758117498218,680.0,15.0,0.14426664137499529,0.22240000000000001,0.3666666413749953,-127.0,-1.0
47.090826481,1.0,0.0,695.0,0.9,700.0,-5.0,-0.0525,0.2641,0.2116,700.0,-5.0,-0.0462224253249974,0.22240000000000001,0.1761775746750026,-127.0,-1.0
47.108083525,1.0,0.0,695.0,0.9,700.0,-5.0,-0.0525,0.2641,0.2116,680.0,15.0,0.1451907654750107,0.22240000000000001,0.3675907654750107,-127.0,-1.0
47.133177944,1.0,0.0,695.0,0.9,700.0,-5.0,-0.0525,0.2641,0.2116,680.0,15.0,0.1469958250500076,0.22240000000000001,0.3693958250500076,-127.0,-1.0
47.150693695,1.0,0.0,695.0,0.9,700.0,-5.0,-0.0525,0.2641,0.2116,700.0,-5.0,-0.04346635727499006,0.22240000000000001,0.17893364272500994,-127.0,-1.0
47.167790031,1.0,0.0,695.0,0.9,700.0,-5.0,-0.0525,0.2641,0.2116,700.0,-5.0,-0.0438827260749963,0.22240000000000001,0.17851727392500372,-127.0,-1.0
47.186670491,1.0,0.0,695.0,0.9,680.0,15.0,0.1387989813999866,0.2641,0.4028989813999866,680.0,15.0,0.14741625532499028,0.22240000000000001,0.3698162553249903,-127.0,-1.0
47.203743492,1.0,0.0,695.0,0.9,680.0,15.0,0.14013716275001115,0.2641,0.40423716275001115,700.0,-5.0,-0.04302979782501552,0.22240000000000001,0.1793702021749845,-127.0,-1.0
47.221825661,1.0,0.0,695.0,0.9,680.0,15.0,0.14152486914998688,0.2641,0.40562486914998686,700.0,-5.0,-0.04349237392500981,0.22240000000000001,0.1789076260749902,-127.0,-1.0
47.239985413,1.0,0.0,695.0,0.9,700.0,-5.0,-0.04892062985001303,0.2641,0.21517937014998698,720.0,-25.0,-0.23571986892500943,0.22240000000000001,-0.013319868925009415,-127.0,-1.0
47.261456457,0.0,0.0,695.0,0.9,720.0,-25.0,-0.24163943747501435,0.2641,0.022460562524985656,680.0,15.0,0.1459112844000151,0.22240000000000001,0.36831128440001515,-127.0,-1.0
47.287362876,0.0,0.0,695.0,0.9,720.0,-25.0,-0.2425,0.2641,0.021600000000000008,680.0,15.0,0.1475,0.22240000000000001,0.3699,-127.0,-1.0
47.307353128,1.0,0.0,695.0,0.9,700.0,-5.0,-0.0525,0.2641,0.2116,700.0,-5.0,-0.043054268824998874,0.22240000000000001,0.17934573117500113,-127.0,-1.0
47.355250924,1.0,0.0,695.0,0.9,700.0,-5.0,-0.0525,0.2641,0.2116,700.0,-5.0,-0.04421611580000217,0.22240000000000001,0.17818388419999784,-127.0,-1.0
47.384790344,1.0,0.0,695.0,0.9,700.0,-5.0,-0.0525,0.2641,0.2116,700.0,-5.0,-0.0450377773500054,0.22240000000000001,0.17736222264999463,-127.0,-1.0
47.404400846,1.0,0.0,695.0,0.9,700.0,-5.0,-0.0525,0.2641,0.2116,680.0,15.0,0.14630939462499326,0.22240000000000001,0.3687093946249933,-127.0,-1.0
47.420125181,1.0,0.0,695.0,0.9,700.0,-5.0,-0.0525,0.2641,0.2116,680.0,15.0,0.1475,0.22240000000000001,0.3699,-127.0,-1.0
47.439282433,1.0,0.0,695.0,0.9,700.0,-5.0,-0.0525,0.2641,0.2116,700.0,-5.0,-0.042971202150004044,0.22240000000000001,0.17942879784999596,-127.0,-1.0
47.460224102,1.0,0.0,695.0,0.9,680.0,15.0,0.13878226892499013,0.2641,0.40288226892499013,700.0,-5.0,-0.043398632400003405,0.22240000000000001,0.1790013675999966,-127.0,-1.0
47.480949645,1.0,0.0,695.0,0.9,680.0,15.0,0.14046340659998577,0.2641,0.4045634065999858,700.0,-5.0,-0.04395899702500856,0.22240000000000001,0.17844100297499146,-127.0,-1.0
47.500423356,1.0,0.0,695.0,0.9,700.0,-5.0,-0.050032711150017804,0.2641,0.2140672888499822,700.0,-5.0,-0.04445510750000949,0.22240000000000001,0.17794489249999051,-127.0,-1.0
47.520996649,1.0,0.0,695.0,0.9,700.0,-5.0,-0.050550594525011545,0.2641,0.21354940547498846,700.0,-5.0,-0.04497298360000059,0.22240000000000001,0.17742701639999942,-127.0,-1.0
47.540423401,1.0,0.0,695.0,0.9,700.0,-5.0,-0.05104799562501739,0.2641,0.21305200437498262,680.0,15.0,0.1465192634249979,0.22240000000000001,0.3689192634249979,-127.0,-1.0
47.558972528,1.0,0.0,695.0,0.9,700.0,-5.0,-0.05150332380001373,0.2641,0.21259667619998626,720.0,-25.0,-0.235757413824997,0.22240000000000001,-0.013357413824996972,-127.0,-1.0
47.576434322,1.0,0.0,695.0,0.9,700.0,-5.0,-0.05191521550001653,0.2641,0.21218478449998346,700.0,-5.0,-0.0461693055249998,0.22240000000000001,0.17623069447500023,-127.0,-1.0
47.604195741,1.0,0.0,695.0,0.9,700.0,-5.0,-0.0525,0.2641,0.2116,720.0,-25.0,-0.23970423302502694,0.22240000000000001,-0.017304233025026927,-127.0,-1.0
47.62651816,1.0,0.0,695.0,0.9,700.0,-5.0,-0.0525,0.2641,0.2116,680.0,15.0,0.14206893279995028,0.22240000000000001,0.3644689327999503,-127.0,-1.0
47.649889121,0.0,0.0,695.0,0.9,700.0,-5.0,-0.0525,0.2641,0.2116,660.0,35.0,0.33609484454996164,0.22240000000000001,0.5584948445499617,-127.0,-1.0
47.670808914,1.0,0.0,695.0,0.9,700.0,-5.0,-0.0525,0.2641,0.2116,700.0,-5.0,-0.04443932115004145,0.22240000000000001,0.17796067884995856,-127.0,-1.0
47.688546625,1.0,0.0,695.0,0.9,700.0,-5.0,-0.0525,0.2641,0.2116,700.0,-5.0,-0.04488490035004588,0.22240000000000001,0.17751509964995413,-127.0,-1.0
47.706797668,1.0,0.0,695.0,0.9,700.0,-5.0,-0.0525,0.2641,0.2116,680.0,15.0,0.1465300841499561,0.22240000000000001,0.3689300841499561,-127.0,-1.0
47.722316086,1.0,0.0,695.0,0.9,700.0,-5.0,-0.0525,0.2641,0.2116,680.0,15.0,0.1475,0.22240000000000001,0.3699,-127.0,-1.0
47.73932813,1.0,0.0,695.0,0.9,700.0,-5.0,-0.0525,0.2641,0.2116,700.0,-5.0,-0.04292214380000587,0.22240000000000001,0.17947785619999415,-127.0,-1.0
47.758128673,1.0,0.0,695.0,0.9,680.0,15.0,0.13882481575000155,0.2641,0.40292481575000155,700.0,-5.0,-0.043363741775003746,0.22240000000000001,0.17903625822499628,-127.0,-1.0
47.776423175,1.0,0.0,695.0,0.9,680.0,15.0,0.14022162212498868,0.2641,0.4043216221249887,680.0,15.0,0.1475,0.22240000000000001,0.3699,-127.0,-1.0
47.792162385,1.0,0.0,695.0,0.9,680.0,15.0,0.14147788164997335,0.2641,0.4055778816499733,680.0,15.0,0.1475,0.22240000000000001,0.3699,-127.0,-1.0
47.821382138,1.0,0.0,695.0,0.9,680.0,15.0,0.14358302252499014,0.2641,0.4076830225249901,700.0,-5.0,-0.043201728199999255,0.22240000000000001,0.17919827180000075,-127.0,-1.0
47.870704726,1.0,0.0,695.0,0.9,720.0,-25.0,-0.24212179572497688,0.2641,0.021978204275023117,700.0,-5.0,-0.04434269184999266,0.22240000000000001,0.17805730815000737,-127.0,-1.0
47.900762729,1.0,1.0,695.0,0.9,720.0,-25.0,-0.2425,0.2641,0.021600000000000008,700.0,-5.0,-0.045186119024997425,0.22240000000000001,0.1772138809750026,-127.0,-1.0
47.917047647,1.0,0.0,695.0,0.9,720.0,-25.0,-0.2425,0.2641,0.021600000000000008,700.0,-5.0,-0.045620454474992585,0.22240000000000001,0.17677954552500744,-127.0,-1.0
47.935669983,1.0,0.0,695.0,0.9,720.0,-25.0,-0.2425,0.2641,0.021600000000000008,700.0,-5.0,-0.04608202429999892,0.22240000000000001,0.1763179757000011,-127.0,-1.0
47.951606943,1.0,0.0,695.0,0.9,720.0,-25.0,-0.2425,0.2641,0.021600000000000008,700.0,-5.0,-0.0464859899750013,0.22240000000000001,0.1759140100249987,-127.0,-1.0
47.971691111,1.0,0.0,695.0,0.9,700.0,-5.0,-0.0525,0.2641,0.2116,700.0,-5.0,-0.04690268689999357,0.22240000000000001,0.17549731310000644,-127.0,-1.0
47.988360738,1.0,0.0,695.0,0.9,700.0,-5.0,-0.0525,0.2641,0.2116,700.0,-5.0,-0.04738911402500207,0.22240000000000001,0.17501088597499795,-127.0,-1.0
48.007743157,1.0,0.0,695.0,0.9,700.0,-5.0,-0.0525,0.2641,0.2116,680.0,15.0,0.14406885484998838,0.22240000000000001,0.36646885484998837,-127.0,-1.0
48.025561367,1.0,0.0,695.0,0.9,720.0,-25.0,-0.2425,0.2641,0.021600000000000008,720.0,-25.0,-0.23806414015002245,0.22240000000000001,-0.015664140150022432,-127.0,-1.0
48.048530119,0.0,0.0,695.0,0.9,720.0,-25.0,-0.2425,0.2641,0.021600000000000008,680.0,15.0,0.14372661317497432,0.22240000000000001,0.3661266131749743,-127.0,-1.0
48.081566039,1.0,0.0,695.0,0.9,700.0,-5.0,-0.0525,0.2641,0.2116,680.0,15.0,0.1460832509499687,0.22240000000000001,0.3684832509499687,-127.0,-1.0
48.103283541,1.0,0.0,695.0,0.9,700.0,-5.0,-0.0525,0.2641,0.2116,700.0,-5.0,-0.04443668137502527,0.22240000000000001,0.17796331862497475,-127.0,-1.0
48.12335546,1.0,0.0,695.0,0.9,700.0,-5.0,-0.0525,0.2641,0.2116,700.0,-5.0,-0.044989601225033767,0.22240000000000001,0.17741039877496625,-127.0,-1.0
48.139459836,1.0,0.0,695.0,0.9,700.0,-5.0,-0.0525,0.2641,0.2116,680.0,15.0,0.14628059269996127,0.22240000000000001,0.3686805926999613,-127.0,-1.0
48.159711422,1.0,0.0,695.0,0.9,700.0,-5.0,-0.0525,0.2641,0.2116,700.0,-5.0,-0.04423031985003718,0.22240000000000001,0.17816968014996284,-127.0,-1.0
48.178624257,1.0,0.0,695.0,0.9,680.0,15.0,0.13878797822501382,0.2641,0.4028879782250138,680.0,15.0,0.14705765837497664,0.22240000000000001,0.3694576583749767,-127.0,-1.0
48.199762509,0.0,0.0,695.0,0.9,680.0,15.0,0.1403977377999922,0.2641,0.4044977377999922,720.0,-25.0,-0.23562523774997543,0.22240000000000001,-0.013225237749975416,-127.0,-1.0
48.219358136,1.0,0.0,695.0,0.9,680.0,15.0,0.14187528482499373,0.2641,0.40597528482499373,680.0,15.0,0.14585009992502818,0.22240000000000001,0.3682500999250282,-127.0,-1.0
48.239381638,1.0,0.0,695.0,0.9,700.0,-5.0,-0.04861394230000769,0.2641,0.2154860576999923,700.0,-5.0,-0.04463987094997492,0.22240000000000001,0.17776012905002508,-127.0,-1.0
48.257107973,1.0,0.0,695.0,0.9,720.0,-25.0,-0.24092098942499432,0.2641,0.023179010575005682,700.0,-5.0,-0.04510127307496987,0.22240000000000001,0.17729872692503015,-127.0,-1.0
48.27409435,1.0,0.0,695.0,0.9,700.0,-5.0,-0.05134661132499559,0.2641,0.2127533886750044,700.0,-5.0,-0.045526887699979854,0.22240000000000001,0.17687311230002017,-127.0,-1.0
48.298270311,1.0,0.0,695.0,0.9,700.0,-5.0,-0.05191822702500076,0.2641,0.21218177297499924,680.0,15.0,0.14618798122500948,0.22240000000000001,0.36858798122500946,-127.0,-1.0
48.317155729,1.0,0.0,695.0,0.9,700.0,-5.0,-0.052377849974996026,0.2641,0.21172215002500397,700.0,-5.0,-0.04427164174998552,0.22240000000000001,0.1781283582500145,-127.0,-1.0
48.333867064,1.0,0.0,695.0,0.9,700.0,-5.0,-0.0525,0.2641,0.2116,700.0,-5.0,-0.04473306574998787,0.22240000000000001,0.17766693425001215,-127.0,-1.0
48.387179945,0.0,0.0,695.0,0.9,700.0,-5.0,-0.0525,0.2641,0.2116,660.0,35.0,0.3375,0.22240000000000001,0.5599000000000001,-127.0,-1.0
48.409139239,0.0,0.0,695.0,0.9,620.0,75.0,0.716587094875099,0.2641,0.980687094875099,600.0,95.0,0.9075,0.22240000000000001,1.0,-127.0,-1.0
48.42625074,0.0,0.0,695.0,0.9,560.0,135.0,1.2874999999999999,0.2641,1.0,560.0,135.0,1.2874999999999999,0.22240000000000001,1.0,-127.0,-1.0
48.442110409,0.0,0.0,695.0,0.9,560.0,135.0,1.2874999999999999,0.2641,1.0,560.0,135.0,1.2874999999999999,0.22240000000000001,1.0,-127.0,-1.0
48.455909743,0.0,0.0,695.0,0.9,560.0,135.0,1.2874999999999999,0.2641,1.0,560.0,135.0,1.2874999999999999,0.22240000000000001,1.0,-127.0,-1.0
48.470847745,0.0,0.0,695.0,0.9,580.0,115.0,1.0975,0.2641,1.0,600.0,95.0,0.9075,0.22240000000000001,1.0,-127.0,-1.0
48.494306205,0.0,0.0,695.0,0.9,620.0,75.0,0.7175,0.2641,0.9816,640.0,55.0,0.5275,0.22240000000000001,0.7499,-127.0,-1.0
48.511770624,0.0,0.0,695.0,0.9,640.0,55.0,0.5275,0.2641,0.7916,660.0,35.0,0.3375,0.22240000000000001,0.5599000000000001,-127.0,-1.0
48.538114543,1.0,0.0,695.0,0.9,680.0,15.0,0.1475,0.2641,0.41159999999999997,680.0,15.0,0.1475,0.22240000000000001,0.3699,-127.0,-1.0
48.555905337,1.0,0.0,695.0,0.9,720.0,-25.0,-0.23472669287501274,0.2641,0.029373307124987258,700.0,-5.0,-0.04294533857500255,0.22240000000000001,0.17945466142499747,-127.0,-1.0
48.577870172,1.0,0.0,695.0,0.9,720.0,-25.0,-0.2371119431249849,0.2641,0.0269880568750151,700.0,-5.0,-0.043422395924999364,0.22240000000000001,0.17897760407500066,-127.0,-1.0
48.605866383,1.0,0.0,695.0,0.9,720.0,-25.0,-0.24088322999999262,0.2641,0.02321677000000738,720.0,-25.0,-0.23719360980004012,0.22240000000000001,-0.014793609800040103,-127.0,-1.0
48.627229219,0.0,0.0,695.0,0.9,740.0,-45.0,-0.4325,0.2641,-0.1684,700.0,-5.0,-0.04772360465004113,0.22240000000000001,0.17467639534995888,-127.0,-1.0
48.649747346,1.0,0.0,695.0,0.9,720.0,-25.0,-0.2425,0.2641,0.021600000000000008,720.0,-25.0,-0.24036811015001375,0.22240000000000001,-0.017968110150013733,-127.0,-1.0
48.668628973,1.0,0.0,695.0,0.9,720.0,-25.0,-0.2425,0.2641,0.021600000000000008,700.0,-5.0,-0.05092624352501389,0.22240000000000001,0.17147375647498614,-127.0,-1.0
48.686991141,1.0,0.0,695.0,0.9,720.0,-25.0,-0.2425,0.2641,0.021600000000000008,720.0,-25.0,-0.2425,0.22240000000000001,-0.02009999999999998,-127.0,-1.0
48.702555935,1.0,0.0,695.0,0.9,720.0,-25.0,-0.2425,0.2641,0.021600000000000008,700.0,-5.0,-0.0525,0.22240000000000001,0.16990000000000002,-127.0,-1.0
48.718372145,1.0,0.0,695.0,0.9,700.0,-5.0,-0.0525,0.2641,0.2116,700.0,-5.0,-0.0525,0.22240000000000001,0.16990000000000002,-127.0,-1.0
48.737938022,0.0,0.0,695.0,0.9,700.0,-5.0,-0.0525,0.2641,0.2116,660.0,35.0,0.33081530972501927,0.22240000000000001,0.5532153097250193,-127.0,-1.0
48.763151149,1.0,0.0,695.0,0.9,700.0,-5.0,-0.0525,0.2641,0.2116,700.0,-5.0,-0.04980514554997854,0.22240000000000001,0.17259485445002148,-127.0,-1.0
48.780414901,1.0,0.0,695.0,0.9,700.0,-5.0,-0.0525,0.2641,0.2116,680.0,15.0,0.14151474832502797,0.22240000000000001,0.363914748325028,-127.0,-1.0
48.796754361,1.0,0.0,695.0,0.9,700.0,-5.0,-0.0525,0.2641,0.2116,700.0,-5.0,-0.048889275674971484,0.22240000000000001,0.17351072432502854,-127.0,-1.0
48.813813071,1.0,0.0,695.0,0.9,700.0,-5.0,-0.0525,0.2641,0.2116,680.0,15.0,0.14241900257502493,0.22240000000000001,0.364819002575025,-127.0,-1.0
48.830092739,1.0,0.0,695.0,0.9,700.0,-5.0,-0.0525,0.2641,0.2116,700.0,-5.0,-0.0479863193249821,0.22240000000000001,0.17441368067501792,-127.0,-1.0
48.847049949,1.0,0.0,695.0,0.9,700.0,-5.0,-0.0525,0.2641,0.2116,680.0,15.0,0.1432720621000044,0.22240000000000001,0.3656720621000044,-127.0,-1.0
48.893256954,1.0,0.0,695.0,0.9,700.0,-5.0,-0.0525,0.2641,0.2116,720.0,-25.0,-0.24209059464997607,0.22240000000000001,-0.01969059464997605,-127.0,-1.0
48.912256997,1.0,0.0,695.0,0.9,700.0,-5.0,-0.0525,0.2641,0.2116,700.0,-5.0,-0.0525,0.22240000000000001,0.16990000000000002,-127.0,-1.0
48.929860249,1.0,0.0,695.0,0.9,700.0,-5.0,-0.0525,0.2641,0.2116,720.0,-25.0,-0.2425,0.22240000000000001,-0.02009999999999998,-127.0,-1.0
48.950323876,1.0,0.0,695.0,0.9,700.0,-5.0,-0.0525,0.2641,0.2116,680.0,15.0,0.13905984077499622,0.22240000000000001,0.36145984077499627,-127.0,-1.0
48.971868128,0.0,0.0,695.0,0.9,680.0,15.0,0.1389674407749908,0.2641,0.4030674407749908,720.0,-25.0,-0.2425,0.22240000000000001,-0.02009999999999998,-127.0,-1.0
49.004346673,1.0,0.0,695.0,0.9,680.0,15.0,0.14115437230000225,0.2641,0.4052543723000023,700.0,-5.0,-0.0525,0.22240000000000001,0.16990000000000002,-127.0,-1.0
49.024999009,1.0,0.0,695.0,0.9,700.0,-5.0,-0.04946231317499269,0.2641,0.2146376868250073,680.0,15.0,0.13935025329998324,0.22240000000000001,0.3617502532999832,-127.0,-1.0
49.045357344,1.0,0.0,695.0,0.9,700.0,-5.0,-0.049966451749994575,0.2641,0.2141335482500054,680.0,15.0,0.14086269099999527,0.22240000000000001,0.3632626909999953,-127.0,-1.0
49.065059721,1.0,0.0,695.0,0.9,700.0,-5.0,-0.0504653403499924,0.2641,0.2136346596500076,680.0,15.0,0.14235935672498953,0.22240000000000001,0.36475935672498955,-127.0,-1.0
49.08490414,1.0,0.0,695.0,0.9,700.0,-5.0,-0.05093893414998774,0.2641,0.21316106585001227,680.0,15.0,0.14378011630000173,0.22240000000000001,0.36618011630000175,-127.0,-1.0
49.111861726,1.0,0.0,695.0,0.9,700.0,-5.0,-0.05162484672499886,0.2641,0.21247515327500113,700.0,-5.0,-0.04690579624999828,0.22240000000000001,0.17549420375000174,-127.0,-1.0
49.135584728,1.0,0.0,695.0,0.9,700.0,-5.0,-0.05222909989999153,0.2641,0.21187090010000847,680.0,15.0,0.14490696335001302,0.22240000000000001,0.367306963350013,-127.0,-1.0
49.154307688,1.0,0.0,695.0,0.9,700.0,-5.0,-0.0525,0.2641,0.2116,680.0,15.0,0.14631402912499425,0.22240000000000001,0.3687140291249943,-127.0,-1.0
49.174118274,1.0,0.0,695.0,0.9,700.0,-5.0,-0.0525,0.2641,0.2116,700.0,-5.0,-0.044233312600001684,0.22240000000000001,0.17816668739999833,-127.0,-1.0
49.18968715,1.0,0.0,695.0,0.9,700.0,-5.0,-0.0525,0.2641,0.2116,700.0,-5.0,-0.04461575325000467,0.22240000000000001,0.17778424674999535,-127.0,-1.0
49.206327027,1.0,0.0,695.0,0.9,700.0,-5.0,-0.0525,0.2641,0.2116,700.0,-5.0,-0.045033193925009984,0.22240000000000001,0.17736680607499003,-127.0,-1.0
49.233587946,1.0,0.0,695.0,0.9,700.0,-5.0,-0.0525,0.2641,0.2116,700.0,-5.0,-0.045720980450007574,0.22240000000000001,0.17667901954999243,-127.0,-1.0
49.252479782,1.0,0.0,695.0,0.9,700.0,-5.0,-0.0525,0.2641,0.2116,700.0,-5.0,-0.04618960862500444,0.22240000000000001,0.17621039137499558,-127.0,-1.0
49.273744325,1.0,0.0,695.0,0.9,700.0,-5.0,-0.0525,0.2641,0.2116,680.0,15.0,0.14536946655000518,0.22240000000000001,0.3677694665500052,-127.0,-1.0
49.295596578,1.0,0.0,695.0,0.9,680.0,15.0,0.13903291262498668,0.2641,0.4031329126249867,700.0,-5.0,-0.04514149702499935,0.22240000000000001,0.17725850297500068,-127.0,-1.0
49.317334496,0.0,0.0,695.0,0.9,680.0,15.0,0.14069272217499246,0.2641,0.40479272217499246,720.0,-25.0,-0.23790784627495212,0.22240000000000001,-0.015507846274952108,-127.0,-1.0
49.33646754,1.0,0.0,695.0,0.9,700.0,-5.0,-0.04978747787501107,0.2641,0.21431252212498894,680.0,15.0,0.14353275387505846,0.22240000000000001,0.36593275387505847,-127.0,-1.0
49.35501025,1.0,0.0,695.0,0.9,700.0,-5.0,-0.050255639375009195,0.2641,0.2138443606249908,680.0,15.0,0.14493728217506713,0.22240000000000001,0.3673372821750671,-127.0,-1.0
49.409614922,1.0,0.0,695.0,0.9,700.0,-5.0,-0.051477693675010414,0.2641,0.21262230632498957,700.0,-5.0,-0.04628475022492694,0.22240000000000001,0.1761152497750731,-127.0,-1.0
49.429624133,1.0,0.0,695.0,0.9,700.0,-5.0,-0.05209727392500781,0.2641,0.21200272607499218,700.0,-5.0,-0.04690433049993544,0.22240000000000001,0.17549566950006457,-127.0,-1.0
49.449224135,1.0,0.0,695.0,0.9,700.0,-5.0,-0.0525,0.2641,0.2116,700.0,-5.0,-0.047367096174925793,0.22240000000000001,0.17503290382507422,-127.0,-1.0
49.468565137,1.0,0.0,695.0,0.9,680.0,15.0,0.13905655952501092,0.2641,0.40315655952501095,700.0,-5.0,-0.04788594934992944,0.22240000000000001,0.17451405065007058,-127.0,-1.0
49.494668431,1.0,0.0,695.0,0.9,680.0,15.0,0.1409500597750025,0.2641,0.4050500597750025,700.0,-5.0,-0.04851711607492689,0.22240000000000001,0.17388288392507312,-127.0,-1.0
49.518711683,1.0,0.0,695.0,0.9,700.0,-5.0,-0.049619259024998426,0.2641,0.21448074097500158,700.0,-5.0,-0.04908644947493258,0.22240000000000001,0.17331355052506744,-127.0,-1.0
49.537101269,1.0,0.0,695.0,0.9,700.0,-5.0,-0.05013990594999541,0.2641,0.2139600940500046,700.0,-5.0,-0.04960708909992718,0.22240000000000001,0.17279291090007284,-127.0,-1.0
49.554822354,1.0,0.0,695.0,0.9,700.0,-5.0,-0.050588307025000175,0.2641,0.21351169297499983,700.0,-5.0,-0.05005550477492534,0.22240000000000001,0.17234449522507467,-127.0,-1.0
49.573362147,1.0,0.0,695.0,0.9,700.0,-5.0,-0.05106252792499163,0.2641,0.21303747207500837,700.0,-5.0,-0.050529711074934765,0.22240000000000001,0.17187028892506526,-127.0,-1.0
49.590975607,1.0,0.0,695.0,0.9,700.0,-5.0,-0.051495273799994266,0.2641,0.21260472620000573,700.0,-5.0,-0.05096246424992842,0.22240000000000001,0.1714375357500716,-127.0,-1.0
49.615568943,1.0,0.0,695.0,0.9,700.0,-5.0,-0.05209173217499711,0.2641,0.2120082678250029,680.0,15.0,0.14082688905007215,0.22240000000000001,0.36322688905007217,-127.0,-1.0
49.634076362,1.0,0.0,695.0,0.9,700.0,-5.0,-0.0525,0.2641,0.2116,680.0,15.0,0.14222850795008524,0.22240000000000001,0.3646285079500853,-127.0,-1.0
49.65189778,1.0,0.0,695.0,0.9,700.0,-5.0,-0.0525,0.2641,0.2116,700.0,-5.0,-0.0482615139749123,0.22240000000000001,0.17413848602508772,-127.0,-1.0
49.67197524,1.0,0.0,695.0,0.9,700.0,-5.0,-0.0525,0.2641,0.2116,720.0,-25.0,-0.24034948284991514,0.22240000000000001,-0.017949482849915127,-127.0,-1.0
49.688818117,1.0,0.0,695.0,0.9,700.0,-5.0,-0.0525,0.2641,0.2116,680.0,15.0,0.14113274545006788,0.22240000000000001,0.36353274545006786,-127.0,-1.0
49.712243036,1.0,0.0,695.0,0.9,700.0,-5.0,-0.0525,0.2641,0.2116,680.0,15.0,0.1429268456500722,0.22240000000000001,0.36532684565007223,-127.0,-1.0
49.728499954,1.0,0.0,695.0,0.9,700.0,-5.0,-0.0525,0.2641,0.2116,700.0,-5.0,-0.04747069604992703,0.22240000000000001,0.174929303950073,-127.0,-1.0
49.745575581,1.0,0.0,695.0,0.9,700.0,-5.0,-0.0525,0.2641,0.2116,700.0,-5.0,-0.04790001484992899,0.22240000000000001,0.17449998515007104,-127.0,-1.0
49.762844583,1.0,0.0,695.0,0.9,680.0,15.0,0.13870165944998689,0.2641,0.4028016594499869,700.0,-5.0,-0.048300582599929386,0.22240000000000001,0.17409941740007062,-127.0,-1.0
49.782913585,1.0,0.0,695.0,0.9,680.0,15.0,0.14022730959997032,0.2641,0.4043273095999703,700.0,-5.0,-0.04880913992492651,0.22240000000000001,0.17359086007507352,-127.0,-1.0
49.801852379,1.0,0.0,695.0,0.9,680.0,15.0,0.14160873790000322,0.2641,0.4057087379000032,700.0,-5.0,-0.04926961602492611,0.22240000000000001,0.1731303839750739,-127.0,-1.0
49.82091513,1.0,0.0,695.0,0.9,700.0,-5.0,-0.048862653799985764,0.2641,0.21523734620001422,680.0,15.0,0.142144515350094,0.22240000000000001,0.364544515350094,-127.0,-1.0
49.838385382,1.0,0.0,695.0,0.9,700.0,-5.0,-0.049314569474986455,0.2641,0.21478543052501353,680.0,15.0,0.14350028427510322,0.22240000000000001,0.36590028427510324,-127.0,-1.0
49.860497218,1.0,0.0,695.0,0.9,720.0,-25.0,-0.242068231225021,0.2641,0.022031768774979005,700.0,-5.0,-0.047050448049892564,0.22240000000000001,0.17534955195010746,-127.0,-1.0
49.914832973,1.0,0.0,695.0,0.9,700.0,-5.0,-0.0525,0.2641,0.2116,700.0,-5.0,-0.04829154089989288,0.22240000000000001,0.17410845910010714,-127.0,-1.0
49.934471767,1.0,0.0,695.0,0.9,720.0,-25.0,-0.2425,0.2641,0.021600000000000008,700.0,-5.0,-0.04888214407489159,0.22240000000000001,0.17351785592510843,-127.0,-1.0
49.960481144,1.0,0.0,695.0,0.9,700.0,-5.0,-0.0525,0.2641,0.2116,700.0,-5.0,-0.04955647019989101,0.22240000000000001,0.172843529800109,-127.0,-1.0
49.977563479,1.0,0.0,695.0,0.9,700.0,-5.0,-0.0525,0.2641,0.2116,700.0,-5.0,-0.049999606699886956,0.22240000000000001,0.17240039330011306,-127.0,-1.0
49.996373648,1.0,0.0,695.0,0.9,680.0,15.0,0.13873278759998584,0.2641,0.40283278759998586,700.0,-5.0,-0.05041052859989122,0.22240000000000001,0.17198947140010878,-127.0,-1.0
50.013740066,1.0,0.0,695.0,0.9,700.0,-5.0,-0.05173781662500915,0.2641,0.21236218337499085,700.0,-5.0,-0.05088114012488859,0.22240000000000001,0.17151885987511142,-127.0,-1.0
50.034105985,1.0,0.0,695.0,0.9,680.0,15.0,0.13964466160000483,0.2641,0.40374466160000483,700.0,-5.0,-0.05134196619989325,0.22240000000000001,0.17105803380010676,-127.0,-1.0
50.053589904,1.0,0.0,695.0,0.9,700.0,-5.0,-0.05089663532499117,0.2641,0.21320336467500883,680.0,15.0,0.14028190275012092,0.22240000000000001,0.3626819027501209,-127.0,-1.0
50.071994364,1.0,0.0,695.0,0.9,700.0,-5.0,-0.05134907599999906,0.2641,0.21275092400000095,680.0,15.0,0.14163924660011842,0.22240000000000001,0.36403924660011844,-127.0,-1.0
50.089896866,1.0,0.0,695.0,0.9,700.0,-5.0,-0.05178825312499612,0.2641,0.21231174687500387,720.0,-25.0,-0.24055660252485495,0.22240000000000001,-0.01815660252485493,-127.0,-1.0
50.107924201,1.0,0.0,695.0,0.9,700.0,-5.0,-0.05224970629999689,0.2641,0.2118502937000031,700.0,-5.0,-0.0510180629998581,0.22240000000000001,0.17138193700014193,-127.0,-1.0
50.133243203,1.0,0.0,695.0,0.9,700.0,-5.0,-0.0525,0.2641,0.2116,680.0,15.0,0.1408991497001466,0.22240000000000001,0.36329914970014665,-127.0,-1.0
50.158320123,0.0,0.0,825.0,1.0,700.0,125.0,1.1925,0.3135,1.0,700.0,125.0,1.1925,0.264,1.0,-127.0,-1.0
50.191018584,1.0,0.0,695.0,0.9,720.0,-25.0,-0.23655690150000735,0.2641,0.027543098499992646,700.0,-5.0,-0.04331138030000147,0.22240000000000001,0.17908861969999854,-127.0,-1.0
50.208540461,1.0,0.0,695.0,0.9,720.0,-25.0,-0.23873186000001395,0.2641,0.02536813999998605,700.0,-5.0,-0.04374637199999142,0.22240000000000001,0.17865362800000859,-127.0,-1.0
50.227503755,0.0,0.0,695.0,0.9,740.0,-45.0,-0.4325,0.2641,-0.1684,740.0,-45.0,-0.4280944225250073,0.22240000000000001,-0.20569442252500728,-127.0,-1.0
50.243724215,0.0,0.0,695.0,0.9,740.0,-45.0,-0.4325,0.2641,-0.1684,740.0,-45.0,-0.43183393220008154,0.22240000000000001,-0.20943393220008152,-127.0,-1.0
50.261180758,0.0,0.0,695.0,0.9,740.0,-45.0,-0.4325,0.2641,-0.1684,740.0,-45.0,-0.4325,0.22240000000000001,-0.21009999999999998,-127.0,-1.0
50.279584927,1.0,0.0,695.0,0.9,720.0,-25.0,-0.2425,0.2641,0.021600000000000008,700.0,-5.0,-0.0525,0.22240000000000001,0.16990000000000002,-127.0,-1.0
50.295021678,1.0,0.0,695.0,0.9,700.0,-5.0,-0.0525,0.2641,0.2116,700.0,-5.0,-0.0525,0.22240000000000001,0.16990000000000002,-127.0,-1.0
50.309936055,1.0,0.0,695.0,0.9,700.0,-5.0,-0.0525,0.2641,0.2116,700.0,-5.0,-0.0525,0.22240000000000001,0.16990000000000002,-127.0,-1.0
50.326229431,1.0,0.0,695.0,0.9,700.0,-5.0,-0.0525,0.2641,0.2116,680.0,15.0,0.13856139700001222,0.22240000000000001,0.36096139700001223,-127.0,-1.0
50.342757891,1.0,0.0,695.0,0.9,700.0,-5.0,-0.0525,0.2641,0.2116,680.0,15.0,0.13981415650000598,0.22240000000000001,0.362214156500006,-127.0,-1.0
50.362197476,1.0,0.0,695.0,0.9,680.0,15.0,0.13883689074999664,0.2641,0.4029368907499966,680.0,15.0,0.14115095972500738,0.22240000000000001,0.3635509597250074,-127.0,-1.0
50.385907062,1.0,0.0,695.0,0.9,680.0,15.0,0.14062536902500822,0.2641,0.4047253690250082,680.0,15.0,0.1429395255250142,0.22240000000000001,0.36533952552501425,-127.0,-1.0
50.44907186,1.0,0.0,695.0,0.9,700.0,-5.0,-0.05079014049998932,0.2641,0.2133098595000107,700.0,-5.0,-0.048475976699980945,0.22240000000000001,0.17392402330001908,-127.0,-1.0
50.472331696,1.0,0.0,695.0,0.9,700.0,-5.0,-0.05152528639998991,0.2641,0.2125747136000101,700.0,-5.0,-0.04921112989998392,0.22240000000000001,0.1731888701000161,-127.0,-1.0
50.490314698,1.0,0.0,695.0,0.9,700.0,-5.0,-0.05198479269999098,0.2641,0.21211520730000902,700.0,-5.0,-0.049670628899982604,0.22240000000000001,0.1727293711000174,-127.0,-1.0
50.508877825,1.0,0.0,695.0,0.9,700.0,-5.0,-0.0524199958749955,0.2641,0.2116800041250045,700.0,-5.0,-0.050105832074987124,0.22240000000000001,0.1722941679250129,-127.0,-1.0
50.529178118,1.0,0.0,695.0,0.9,700.0,-5.0,-0.0525,0.2641,0.2116,700.0,-5.0,-0.05061398109998209,0.22240000000000001,0.17178601890001793,-127.0,-1.0
50.553593246,1.0,0.0,720.0,1.0,700.0,20.0,0.18729532940002172,0.2736,0.46089532940002176,700.0,20.0,0.18918146490003437,0.23040000000000002,0.4195814649000344,-127.0,-1.0
50.573232914,1.0,0.0,720.0,1.0,720.0,0.0,-0.0027046705999782717,0.2736,0.27089532940002176,700.0,20.0,0.1914139693000243,0.23040000000000002,0.42181396930002435,-127.0,-1.0
50.590501041,1.0,0.0,720.0,1.0,720.0,0.0,-0.0027046705999782717,0.2736,0.27089532940002176,720.0,0.0,0.0014139693000242914,0.23040000000000002,0.23181396930002432,-127.0,-1.0
50.604634918,1.0,0.0,720.0,1.0,720.0,0.0,-0.0027046705999782717,0.2736,0.27089532940002176,720.0,0.0,0.0014139693000242914,0.23040000000000002,0.23181396930002432,-127.0,-1.0
50.619455961,1.0,0.0,720.0,1.0,720.0,0.0,-0.0027046705999782717,0.2736,0.27089532940002176,720.0,0.0,0.0014139693000242914,0.23040000000000002,0.23181396930002432,-127.0,-1.0
50.660562298,1.0,0.0,695.0,0.9,700.0,-5.0,-0.05112391652496854,0.2641,0.21297608347503147,700.0,-5.0,-0.0470052328749739,0.22240000000000001,0.1753947671250261,-127.0,-1.0
50.683960092,1.0,0.0,695.0,0.9,700.0,-5.0,-0.051697019699977316,0.2641,0.2124029803000227,720.0,-25.0,-0.23987085812494113,0.22240000000000001,-0.01747085812494112,-127.0,-1.0
50.703441386,1.0,0.0,695.0,0.9,720.0,-25.0,-0.2425,0.2641,0.021600000000000008,720.0,-25.0,-0.2425,0.22240000000000001,-0.02009999999999998,-127.0,-1.0
50.720756763,1.0,0.0,695.0,0.9,720.0,-25.0,-0.2425,0.2641,0.021600000000000008,700.0,-5.0,-0.0525,0.22240000000000001,0.16990000000000002,-127.0,-1.0
50.737919306,1.0,0.0,695.0,0.9,700.0,-5.0,-0.0525,0.2641,0.2116,700.0,-5.0,-0.0525,0.22240000000000001,0.16990000000000002,-127.0,-1.0
50.751462557,1.0,0.0,695.0,0.9,700.0,-5.0,-0.0525,0.2641,0.2116,700.0,-5.0,-0.0525,0.22240000000000001,0.16990000000000002,-127.0,-1.0
50.770320559,1.0,0.0,695.0,0.9,700.0,-5.0,-0.0525,0.2641,0.2116,680.0,15.0,0.13875391884997723,0.22240000000000001,0.3611539188499773,-127.0,-1.0
50.786020686,1.0,0.0,695.0,0.9,700.0,-5.0,-0.0525,0.2641,0.2116,680.0,15.0,0.13991974712497493,0.22240000000000001,0.36231974712497494,-127.0,-1.0
50.806875146,1.0,0.0,695.0,0.9,700.0,-5.0,-0.0525,0.2641,0.2116,680.0,15.0,0.14145010037498196,0.22240000000000001,0.363850100374982,-127.0,-1.0
50.822385106,1.0,0.0,695.0,0.9,700.0,-5.0,-0.0525,0.2641,0.2116,700.0,-5.0,-0.04895007362502156,0.22240000000000001,0.17344992637497847,-127.0,-1.0
50.840063316,1.0,0.0,695.0,0.9,700.0,-5.0,-0.0525,0.2641,0.2116,680.0,15.0,0.14238016709997509,0.22240000000000001,0.3647801670999751,-127.0,-1.0
50.866162235,1.0,0.0,695.0,0.9,680.0,15.0,0.1393288595500053,0.2641,0.4034288595500053,700.0,-5.0,-0.048229452750026665,0.22240000000000001,0.17417054724997336,-127.0,-1.0
50.884039654,1.0,0.0,695.0,0.9,700.0,-5.0,-0.05111480924998887,0.2641,0.21298519075001113,700.0,-5.0,-0.04867312885002321,0.22240000000000001,0.1737268711499768,-127.0,-1.0
50.901976281,1.0,0.0,695.0,0.9,680.0,15.0,0.14029949717502177,0.2641,0.40439949717502177,700.0,-5.0,-0.04914455702502437,0.22240000000000001,0.17325544297497564,-127.0,-1.0
50.952037369,1.0,0.0,695.0,0.9,700.0,-5.0,-0.050867490424982405,0.2641,0.2132325095750176,700.0,-5.0,-0.05031155192501956,0.22240000000000001,0.17208844807498047,-127.0,-1.0
50.970887788,1.0,0.0,695.0,0.9,720.0,-25.0,-0.2425,0.2641,0.021600000000000008,700.0,-5.0,-0.0508607092750276,0.22240000000000001,0.17153929072497243,-127.0,-1.0
50.986977289,1.0,0.0,695.0,0.9,720.0,-25.0,-0.2425,0.2641,0.021600000000000008,700.0,-5.0,-0.051292944725028065,0.22240000000000001,0.17110705527497194,-127.0,-1.0
51.007468333,0.0,0.0,695.0,0.9,720.0,-25.0,-0.2425,0.2641,0.021600000000000008,680.0,15.0,0.14024661792495863,0.22240000000000001,0.36264661792495867,-127.0,-1.0
51.030913669,1.0,0.0,695.0,0.9,700.0,-5.0,-0.0525,0.2641,0.2116,700.0,-5.0,-0.050265475900041566,0.22240000000000001,0.17213452409995844,-127.0,-1.0
51.047979087,1.0,0.0,695.0,0.9,700.0,-5.0,-0.0525,0.2641,0.2116,700.0,-5.0,-0.050762264475044956,0.22240000000000001,0.17163773552495507,-127.0,-1.0
51.064909464,1.0,0.0,695.0,0.9,700.0,-5.0,-0.0525,0.2641,0.2116,680.0,15.0,0.1403923419249395,0.22240000000000001,0.3627923419249395,-127.0,-1.0
51.082553549,1.0,0.0,695.0,0.9,700.0,-5.0,-0.0525,0.2641,0.2116,680.0,15.0,0.14182640139995328,0.22240000000000001,0.3642264013999533,-127.0,-1.0
51.106584843,1.0,0.0,695.0,0.9,700.0,-5.0,-0.0525,0.2641,0.2116,680.0,15.0,0.14362752347494734,0.22240000000000001,0.3660275234749474,-127.0,-1.0
51.124979678,1.0,0.0,695.0,0.9,700.0,-5.0,-0.0525,0.2641,0.2116,720.0,-25.0,-0.23860048202505366,0.22240000000000001,-0.016200482025053642,-127.0,-1.0
51.154540681,0.0,0.0,720.0,1.0,700.0,20.0,0.1879233168999781,0.2736,0.4615233168999781,680.0,40.0,0.38474621017492155,0.23040000000000002,0.6151462101749215,-127.0,-1.0
51.176660392,1.0,0.0,720.0,1.0,700.0,20.0,0.1899951713000155,0.2736,0.4635951713000155,700.0,20.0,0.195,0.23040000000000002,0.4254,-127.0,-1.0
51.195186185,1.0,0.0,720.0,1.0,700.0,20.0,0.19199200899998686,0.2736,0.4655920089999869,720.0,0.0,0.005,0.23040000000000002,0.23540000000000003,-127.0,-1.0
51.21170152,1.0,0.0,720.0,1.0,720.0,0.0,0.001992008999986865,0.2736,0.27559200899998687,720.0,0.0,0.005,0.23040000000000002,0.23540000000000003,-127.0,-1.0
51.227700313,1.0,0.0,720.0,1.0,720.0,0.0,0.001992008999986865,0.2736,0.27559200899998687,700.0,20.0,0.195,0.23040000000000002,0.4254,-127.0,-1.0
51.242334982,1.0,0.0,720.0,1.0,720.0,0.0,0.001992008999986865,0.2736,0.27559200899998687,700.0,20.0,0.195,0.23040000000000002,0.4254,-127.0,-1.0
51.256459233,1.0,0.0,720.0,1.0,720.0,0.0,0.001992008999986865,0.2736,0.27559200899998687,700.0,20.0,0.195,0.23040000000000002,0.4254,-127.0,-1.0
51.27267211,1.0,0.0,720.0,1.0,720.0,0.0,0.001992008999986865,0.2736,0.27559200899998687,720.0,0.0,0.005,0.23040000000000002,0.23540000000000003,-127.0,-1.0
51.287799986,1.0,0.0,720.0,1.0,720.0,0.0,0.001992008999986865,0.2736,0.27559200899998687,740.0,-20.0,-0.18651165010001933,0.23040000000000002,0.043888349899980694,-127.0,-1.0
51.315756239,1.0,0.0,695.0,0.9,720.0,-25.0,-0.23883503299997982,0.2641,0.025264967000020178,720.0,-25.0,-0.237338692099986,0.22240000000000001,-0.014938692099985995,-127.0,-1.0
51.333991241,1.0,0.0,695.0,0.9,720.0,-25.0,-0.24111247600000524,0.2641,0.022987523999994763,720.0,-25.0,-0.23961613510001142,0.22240000000000001,-0.01721613510001141,-127.0,-1.0
51.352031118,1.0,0.0,695.0,0.9,720.0,-25.0,-0.2425,0.2641,0.021600000000000008,720.0,-25.0,-0.24186969785002474,0.22240000000000001,-0.019469697850024725,-127.0,-1.0
51.370264369,1.0,0.0,695.0,0.9,720.0,-25.0,-0.2425,0.2641,0.021600000000000008,700.0,-5.0,-0.05235385727502717,0.22240000000000001,0.17004614272497284,-127.0,-1.0
51.387362746,1.0,0.0,695.0,0.9,700.0,-5.0,-0.0525,0.2641,0.2116,700.0,-5.0,-0.0525,0.22240000000000001,0.16990000000000002,-127.0,-1.0
51.402786081,1.0,0.0,695.0,0.9,720.0,-25.0,-0.2425,0.2641,0.021600000000000008,700.0,-5.0,-0.0525,0.22240000000000001,0.16990000000000002,-127.0,-1.0
51.421359125,0.0,0.0,695.0,0.9,720.0,-25.0,-0.2425,0.2641,0.021600000000000008,680.0,15.0,0.1388083438750186,0.22240000000000001,0.36120834387501866,-127.0,-1.0
51.476747797,1.0,0.0,695.0,0.9,700.0,-5.0,-0.0525,0.2641,0.2116,700.0,-5.0,-0.052463395824977395,0.22240000000000001,0.16993660417502263,-127.0,-1.0
51.494986007,1.0,0.0,695.0,0.9,700.0,-5.0,-0.0525,0.2641,0.2116,700.0,-5.0,-0.0525,0.22240000000000001,0.16990000000000002,-127.0,-1.0
51.508959758,1.0,0.0,695.0,0.9,700.0,-5.0,-0.0525,0.2641,0.2116,700.0,-5.0,-0.0525,0.22240000000000001,0.16990000000000002,-127.0,-1.0
51.528320594,1.0,0.0,695.0,0.9,700.0,-5.0,-0.0525,0.2641,0.2116,700.0,-5.0,-0.0525,0.22240000000000001,0.16990000000000002,-127.0,-1.0
51.554390638,1.0,0.0,695.0,0.9,700.0,-5.0,-0.0525,0.2641,0.2116,680.0,15.0,0.13901442827500432,0.22240000000000001,0.36141442827500436,-127.0,-1.0
51.575770098,1.0,0.0,695.0,0.9,700.0,-5.0,-0.0525,0.2641,0.2116,700.0,-5.0,-0.05154007387499405,0.22240000000000001,0.17085992612500597,-127.0,-1.0
51.592049475,1.0,0.0,695.0,0.9,700.0,-5.0,-0.0525,0.2641,0.2116,700.0,-5.0,-0.05202930829999786,0.22240000000000001,0.17037069170000216,-127.0,-1.0
51.610807144,1.0,0.0,695.0,0.9,680.0,15.0,0.13873407819997963,0.2641,0.40283407819997963,700.0,-5.0,-0.05244066772499082,0.22240000000000001,0.1699593322750092,-127.0,-1.0
51.62893802,1.0,0.0,695.0,0.9,700.0,-5.0,-0.05174268017501845,0.2641,0.21235731982498154,680.0,15.0,0.13898965112501854,0.22240000000000001,0.36138965112501853,-127.0,-1.0
51.653680106,1.0,0.0,695.0,0.9,700.0,-5.0,-0.052372716700019736,0.2641,0.21172728329998025,720.0,-25.0,-0.2425,0.22240000000000001,-0.02009999999999998,-127.0,-1.0
51.6712364,1.0,0.0,695.0,0.9,700.0,-5.0,-0.0525,0.2641,0.2116,700.0,-5.0,-0.0525,0.22240000000000001,0.16990000000000002,-127.0,-1.0
51.686265401,1.0,0.0,695.0,0.9,700.0,-5.0,-0.0525,0.2641,0.2116,700.0,-5.0,-0.0525,0.22240000000000001,0.16990000000000002,-127.0,-1.0
51.702921028,1.0,0.0,695.0,0.9,700.0,-5.0,-0.0525,0.2641,0.2116,700.0,-5.0,-0.0525,0.22240000000000001,0.16990000000000002,-127.0,-1.0
51.721174696,1.0,0.0,695.0,0.9,700.0,-5.0,-0.0525,0.2641,0.2116,680.0,15.0,0.138688709500002,0.22240000000000001,0.36108870950000205,-127.0,-1.0
51.736774198,1.0,0.0,695.0,0.9,700.0,-5.0,-0.0525,0.2641,0.2116,700.0,-5.0,-0.051701409299996615,0.22240000000000001,0.1706985907000034,-127.0,-1.0
51.761532909,1.0,0.0,695.0,0.9,700.0,-5.0,-0.0525,0.2641,0.2116,680.0,15.0,0.14014114397500632,0.22240000000000001,0.36254114397500636,-127.0,-1.0
51.780905702,1.0,0.0,695.0,0.9,700.0,-5.0,-0.0525,0.2641,0.2116,700.0,-5.0,-0.05034596129999273,0.22240000000000001,0.1720540387000073,-127.0,-1.0
51.796356454,1.0,0.0,695.0,0.9,700.0,-5.0,-0.0525,0.2641,0.2116,700.0,-5.0,-0.050736065499986584,0.22240000000000001,0.17166393450001344,-127.0,-1.0
51.816146039,1.0,0.0,695.0,0.9,700.0,-5.0,-0.0525,0.2641,0.2116,700.0,-5.0,-0.05122257282498822,0.22240000000000001,0.1711774271750118,-127.0,-1.0
51.833698249,1.0,0.0,695.0,0.9,680.0,15.0,0.13873569700001553,0.2641,0.40283569700001554,700.0,-5.0,-0.0516344718249934,0.22240000000000001,0.17076552817500662,-127.0,-1.0
51.852940668,1.0,0.0,695.0,0.9,680.0,15.0,0.14021206277499232,0.2641,0.4043120627749923,680.0,15.0,0.13984187212500954,0.22240000000000001,0.3622418721250096,-127.0,-1.0
51.870312045,1.0,0.0,695.0,0.9,680.0,15.0,0.14150618792500608,0.2641,0.4056061879250061,700.0,-5.0,-0.05058951019998631,0.22240000000000001,0.1718104898000137,-127.0,-1.0
51.889667047,1.0,0.0,695.0,0.9,700.0,-5.0,-0.048971161074998694,0.2641,0.21512883892500131,680.0,15.0,0.1408425149750201,0.22240000000000001,0.36324251497502014,-127.0,-1.0
51.9200383,0.0,0.0,825.0,1.0,700.0,125.0,1.1925,0.3135,1.0,680.0,145.0,1.3824999999999998,0.264,1.0,-127.0,-1.0
51.938858385,0.0,0.0,825.0,1.0,720.0,105.0,1.0025,0.3135,1.0,700.0,125.0,1.1925,0.264,1.0,-127.0,-1.0
51.987277098,0.0,0.0,825.0,1.0,740.0,85.0,0.8125,0.3135,1.0,760.0,65.0,0.6224999999999999,0.264,0.8865,-127.0,-1.0
52.016867559,0.0,0.0,695.0,0.9,800.0,-105.0,-1.0025,0.2641,-0.7384,820.0,-125.0,-1.1925,0.22240000000000001,-0.9700999999999999,-127.0,-1.0
52.033785978,0.0,0.0,695.0,0.9,820.0,-125.0,-1.1925,0.2641,-0.9283999999999999,820.0,-125.0,-1.1925,0.22240000000000001,-0.9700999999999999,-127.0,-1.0
52.050018688,0.0,0.0,695.0,0.9,820.0,-125.0,-1.1925,0.2641,-0.9283999999999999,820.0,-125.0,-1.1925,0.22240000000000001,-0.9700999999999999,-127.0,-1.0
52.068365981,0.0,0.0,695.0,0.9,800.0,-105.0,-1.0025,0.2641,-0.7384,780.0,-85.0,-0.8125,0.22240000000000001,-0.5901,-127.0,-1.0
52.0875979,0.0,0.0,695.0,0.9,760.0,-65.0,-0.6224999999999999,0.2641,-0.35839999999999994,740.0,-45.0,-0.4325,0.22240000000000001,-0.21009999999999998,-127.0,-1.0
52.106948818,1.0,0.0,695.0,0.9,700.0,-5.0,-0.0525,0.2641,0.2116,700.0,-5.0,-0.0525,0.22240000000000001,0.16990000000000002,-127.0,-1.0
52.126886862,1.0,0.0,695.0,0.9,680.0,15.0,0.1388970251499927,0.2641,0.4029970251499927,680.0,15.0,0.13889706887500777,0.22240000000000001,0.3612970688750078,-127.0,-1.0
52.147488156,0.0,0.0,695.0,0.9,660.0,35.0,0.3324373264249425,0.2641,0.5965373264249425,640.0,55.0,0.524460399724926,0.22240000000000001,0.746860399724926,-127.0,-1.0
52.173399825,0.0,0.0,695.0,0.9,640.0,55.0,0.5275,0.2641,0.7916,640.0,55.0,0.5275,0.22240000000000001,0.7499,-127.0,-1.0
52.194830327,1.0,0.0,695.0,0.9,660.0,35.0,0.3375,0.2641,0.6016,660.0,35.0,0.3375,0.22240000000000001,0.5599000000000001,-127.0,-1.0
52.213685413,1.0,0.0,695.0,0.9,680.0,15.0,0.1475,0.2641,0.41159999999999997,680.0,15.0,0.1475,0.22240000000000001,0.3699,-127.0,-1.0
52.23686504,1.0,0.0,695.0,0.9,700.0,-5.0,-0.043072002124999925,0.2641,0.22102799787500008,700.0,-5.0,-0.04307199484999728,0.22240000000000001,0.17932800515000274,-127.0,-1.0
52.255233333,1.0,0.0,695.0,0.9,700.0,-5.0,-0.043542657375001,0.2641,0.220557342624999,680.0,15.0,0.1475,0.22240000000000001,0.3699,-127.0,-1.0
52.272868085,1.0,0.0,695.0,0.9,700.0,-5.0,-0.04398704077499815,0.2641,0.22011295922500185,700.0,-5.0,-0.04294437609999477,0.22240000000000001,0.17945562390000525,-127.0,-1.0
52.29173717,1.0,0.0,695.0,0.9,700.0,-5.0,-0.04444251477499847,0.2641,0.21965748522500153,700.0,-5.0,-0.04339985009999509,0.22240000000000001,0.17900014990000493,-127.0,-1.0
52.311290506,1.0,0.0,695.0,0.9,720.0,-25.0,-0.2368454472749886,0.2641,0.0272545527250114,720.0,-25.0,-0.23580267322500503,0.22240000000000001,-0.013402673225005018,-127.0,-1.0
52.332882008,1.0,0.0,695.0,0.9,720.0,-25.0,-0.2396173381499989,0.2641,0.024482661850001114,700.0,-5.0,-0.04635706600000049,0.22240000000000001,0.17604293399999954,-127.0,-1.0
52.352631051,1.0,0.0,695.0,0.9,720.0,-25.0,-0.24202730714998325,0.2641,0.022072692850016756,700.0,-5.0,-0.04683906707501137,0.22240000000000001,0.17556093292498864,-127.0,-1.0
52.37327522,1.0,0.0,695.0,0.9,700.0,-5.0,-0.0525,0.2641,0.2116,700.0,-5.0,-0.047367085900002624,0.22240000000000001,0.17503291409999738,-127.0,-1.0
52.390063264,1.0,0.0,695.0,0.9,700.0,-5.0,-0.0525,0.2641,0.2116,700.0,-5.0,-0.04782003697500158,0.22240000000000001,0.17457996302499842,-127.0,-1.0
52.409285265,1.0,0.0,695.0,0.9,700.0,-5.0,-0.0525,0.2641,0.2116,680.0,15.0,0.14357366320002482,0.22240000000000001,0.36597366320002483,-127.0,-1.0
52.434989268,1.0,0.0,720.0,1.0,700.0,20.0,0.18739557519998926,0.2736,0.46099557519998924,700.0,20.0,0.19346915090002995,0.23040000000000002,0.42386915090002997,-127.0,-1.0
52.462246687,1.0,0.0,695.0,0.9,720.0,-25.0,-0.2425,0.2641,0.021600000000000008,700.0,-5.0,-0.044752687724967474,0.22240000000000001,0.17764731227503255,-127.0,-1.0
52.513400651,1.0,0.0,695.0,0.9,700.0,-5.0,-0.0525,0.2641,0.2116,720.0,-25.0,-0.24067651122495134,0.22240000000000001,-0.01827651122495133,-127.0,-1.0
52.538073903,0.0,0.0,695.0,0.9,720.0,-25.0,-0.2425,0.2641,0.021600000000000008,680.0,15.0,0.14136792645004786,0.22240000000000001,0.36376792645004785,-127.0,-1.0
52.558172072,1.0,0.0,695.0,0.9,700.0,-5.0,-0.0525,0.2641,0.2116,700.0,-5.0,-0.049147871524955915,0.22240000000000001,0.1732521284750441,-127.0,-1.0
52.575933116,1.0,0.0,695.0,0.9,700.0,-5.0,-0.0525,0.2641,0.2116,700.0,-5.0,-0.04962401009994892,0.22240000000000001,0.1727759899000511,-127.0,-1.0
52.598123993,1.0,0.0,695.0,0.9,700.0,-5.0,-0.0525,0.2641,0.2116,700.0,-5.0,-0.05012825077495108,0.22240000000000001,0.17227174922504893,-127.0,-1.0
52.613350453,1.0,0.0,695.0,0.9,700.0,-5.0,-0.0525,0.2641,0.2116,680.0,15.0,0.14119811815006414,0.22240000000000001,0.36359811815006415,-127.0,-1.0
52.633205371,1.0,0.0,695.0,0.9,700.0,-5.0,-0.0525,0.2641,0.2116,700.0,-5.0,-0.04927294542492746,0.22240000000000001,0.17312705457507255,-127.0,-1.0
52.65611054,1.0,0.0,695.0,0.9,720.0,-25.0,-0.2425,0.2641,0.021600000000000008,700.0,-5.0,-0.049711320474937114,0.22240000000000001,0.1726886795250629,-127.0,-1.0
52.684449751,1.0,0.0,695.0,0.9,700.0,-5.0,-0.0525,0.2641,0.2116,700.0,-5.0,-0.05048988827493758,0.22240000000000001,0.17191011172506243,-127.0,-1.0
52.703263712,1.0,0.0,695.0,0.9,720.0,-25.0,-0.2425,0.2641,0.021600000000000008,700.0,-5.0,-0.05103387582493497,0.22240000000000001,0.17136612417506505,-127.0,-1.0
52.727492172,1.0,0.0,695.0,0.9,680.0,15.0,0.13927620647501726,0.2641,0.40337620647501726,680.0,15.0,0.14074233057504898,0.22240000000000001,0.36314233057504897,-127.0,-1.0
52.744026757,1.0,0.0,695.0,0.9,700.0,-5.0,-0.05114638939998258,0.2641,0.2129536106000174,700.0,-5.0,-0.049680265299950864,0.22240000000000001,0.17271973470004914,-127.0,-1.0
52.762641218,1.0,0.0,695.0,0.9,700.0,-5.0,-0.051606865474982444,0.2641,0.21249313452501756,700.0,-5.0,-0.05014074139995046,0.22240000000000001,0.17225925860004956,-127.0,-1.0
52.779468344,1.0,0.0,695.0,0.9,700.0,-5.0,-0.052013076974972136,0.2641,0.21208692302502785,680.0,15.0,0.14107789310005273,0.22240000000000001,0.36347789310005274,-127.0,-1.0
52.801330222,0.0,0.0,825.0,1.0,700.0,125.0,1.1925,0.3135,1.0,700.0,125.0,1.1925,0.264,1.0,-127.0,-1.0
52.81531389,0.0,0.0,825.0,1.0,700.0,125.0,1.1925,0.3135,1.0,720.0,105.0,1.0025,0.264,1.0,-127.0,-1.0
52.828798224,0.0,0.0,825.0,1.0,700.0,125.0,1.1925,0.3135,1.0,720.0,105.0,1.0025,0.264,1.0,-127.0,-1.0
52.841097226,0.0,0.0,825.0,1.0,720.0,105.0,1.0025,0.3135,1.0,720.0,105.0,1.0025,0.264,1.0,-127.0,-1.0
52.856342935,0.0,0.0,825.0,1.0,720.0,105.0,1.0025,0.3135,1.0,720.0,105.0,1.0025,0.264,1.0,-127.0,-1.0
52.873935396,0.0,0.0,825.0,1.0,760.0,65.0,0.6224999999999999,0.3135,0.9359999999999999,760.0,65.0,0.6224999999999999,0.264,0.8865,-127.0,-1.0
52.890336689,0.0,0.0,825.0,1.0,760.0,65.0,0.6224999999999999,0.3135,0.9359999999999999,780.0,45.0,0.4325,0.264,0.6965,-127.0,-1.0
52.916048566,0.0,0.0,695.0,0.9,820.0,-125.0,-1.1925,0.2641,-0.9283999999999999,820.0,-125.0,-1.1925,0.22240000000000001,-0.9700999999999999,-127.0,-1.0
52.934754027,0.0,0.0,695.0,0.9,840.0,-145.0,-1.3824999999999998,0.2641,-1.0,820.0,-125.0,-1.1925,0.22240000000000001,-0.9700999999999999,-127.0,-1.0
52.961075779,0.0,0.0,695.0,0.9,820.0,-125.0,-1.1925,0.2641,-0.9283999999999999,800.0,-105.0,-1.0025,0.22240000000000001,-0.7800999999999999,-127.0,-1.0
52.978396989,0.0,0.0,695.0,0.9,800.0,-105.0,-1.0025,0.2641,-0.7384,780.0,-85.0,-0.8125,0.22240000000000001,-0.5901,-127.0,-1.0
53.029000578,0.0,0.0,695.0,0.9,660.0,35.0,0.3357240383749877,0.2641,0.5998240383749878,640.0,55.0,0.5275,0.22240000000000001,0.7499,-127.0,-1.0
53.04867408,0.0,0.0,695.0,0.9,620.0,75.0,0.7175,0.2641,0.9816,620.0,75.0,0.7175,0.22240000000000001,0.9399000000000001,-127.0,-1.0
53.065873665,0.0,0.0,695.0,0.9,600.0,95.0,0.9075,0.2641,1.0,600.0,95.0,0.9075,0.22240000000000001,1.0,-127.0,-1.0
53.080216666,0.0,0.0,695.0,0.9,600.0,95.0,0.9075,0.2641,1.0,600.0,95.0,0.9075,0.22240000000000001,1.0,-127.0,-1.0
53.102763669,0.0,0.0,695.0,0.9,620.0,75.0,0.7175,0.2641,0.9816,620.0,75.0,0.7175,0.22240000000000001,0.9399000000000001,-127.0,-1.0
53.126616754,1.0,0.0,695.0,0.9,660.0,35.0,0.3375,0.2641,0.6016,660.0,35.0,0.3375,0.22240000000000001,0.5599000000000001,-127.0,-1.0
53.148497298,1.0,0.0,695.0,0.9,680.0,15.0,0.1475,0.2641,0.41159999999999997,680.0,15.0,0.1475,0.22240000000000001,0.3699,-127.0,-1.0
53.176319384,1.0,0.0,695.0,0.9,720.0,-25.0,-0.2359411202499882,0.2641,0.0281588797500118,720.0,-25.0,-0.23594119312501333,0.22240000000000001,-0.013541193125013312,-127.0,-1.0
53.208111929,1.0,0.0,720.0,1.0,720.0,0.0,0.0015588797500117836,0.2736,0.2751588797500118,720.0,0.0,0.001558806874986658,0.23040000000000002,0.23195880687498668,-127.0,-1.0
53.223166306,1.0,0.0,720.0,1.0,740.0,-20.0,-0.19014812874997689,0.2736,0.08345187125002312,720.0,0.0,0.001558806874986658,0.23040000000000002,0.23195880687498668,-127.0,-1.0
53.238967349,1.0,0.0,720.0,1.0,720.0,0.0,-1.4812874997687685E-4,0.2736,0.2734518712500231,720.0,0.0,0.001558806874986658,0.23040000000000002,0.23195880687498668,-127.0,-1.0
53.257324851,1.0,0.0,720.0,1.0,740.0,-20.0,-0.19198699984999393,0.2736,0.08161300015000608,720.0,0.0,0.001558806874986658,0.23040000000000002,0.23195880687498668,-127.0,-1.0
53.272654269,1.0,0.0,720.0,1.0,740.0,-20.0,-0.19353744165000308,0.2736,0.08006255834999693,720.0,0.0,0.001558806874986658,0.23040000000000002,0.23195880687498668,-127.0,-1.0
53.287801395,1.0,0.0,720.0,1.0,740.0,-20.0,-0.1949914584499743,0.2736,0.07860854155002572,720.0,0.0,0.001558806874986658,0.23040000000000002,0.23195880687498668,-127.0,-1.0
53.305606189,1.0,0.0,720.0,1.0,740.0,-20.0,-0.195,0.2736,0.0786,720.0,0.0,0.001558806874986658,0.23040000000000002,0.23195880687498668,-127.0,-1.0
53.321357065,1.0,0.0,720.0,1.0,720.0,0.0,-0.005,0.2736,0.2686,720.0,0.0,0.001558806874986658,0.23040000000000002,0.23195880687498668,-127.0,-1.0
53.340807734,0.0,0.0,720.0,1.0,740.0,-20.0,-0.195,0.2736,0.0786,700.0,20.0,0.19326642787500078,0.23040000000000002,0.4236664278750008,-127.0,-1.0
53.358933069,1.0,0.0,720.0,1.0,720.0,0.0,-0.005,0.2736,0.2686,720.0,0.0,0.0032664278750007725,0.23040000000000002,0.2336664278750008,-127.0,-1.0
53.385997989,1.0,0.0,695.0,0.9,720.0,-25.0,-0.2425,0.2641,0.021600000000000008,720.0,-25.0,-0.23757935374999986,0.22240000000000001,-0.015179353749999847,-127.0,-1.0
53.405494157,1.0,0.0,695.0,0.9,720.0,-25.0,-0.2425,0.2641,0.021600000000000008,700.0,-5.0,-0.04806422045000318,0.22240000000000001,0.17433577954999685,-127.0,-1.0
53.423211742,1.0,0.0,695.0,0.9,720.0,-25.0,-0.2425,0.2641,0.021600000000000008,700.0,-5.0,-0.048501968425005086,0.22240000000000001,0.17389803157499492,-127.0,-1.0
53.441129994,1.0,0.0,695.0,0.9,720.0,-25.0,-0.2425,0.2641,0.021600000000000008,700.0,-5.0,-0.048993587224997553,0.22240000000000001,0.17340641277500246,-127.0,-1.0
53.463336913,0.0,0.0,695.0,0.9,740.0,-45.0,-0.4325,0.2641,-0.1684,700.0,-5.0,-0.049519141425007546,0.22240000000000001,0.17288085857499247,-127.0,-1.0
53.481640165,1.0,0.0,695.0,0.9,720.0,-25.0,-0.2425,0.2641,0.021600000000000008,700.0,-5.0,-0.049976985225002865,0.22240000000000001,0.17242301477499716,-127.0,-1.0
53.53147667,1.0,0.0,695.0,0.9,700.0,-5.0,-0.0525,0.2641,0.2116,700.0,-5.0,-0.05113418014999979,0.22240000000000001,0.17126581985000022,-127.0,-1.0
53.547934547,1.0,0.0,695.0,0.9,700.0,-5.0,-0.0525,0.2641,0.2116,700.0,-5.0,-0.05166168122499812,0.22240000000000001,0.1707383187750019,-127.0,-1.0
53.56424659,1.0,0.0,695.0,0.9,700.0,-5.0,-0.0525,0.2641,0.2116,700.0,-5.0,-0.05207199064999941,0.22240000000000001,0.17032800935000061,-127.0,-1.0
53.581327175,1.0,0.0,695.0,0.9,700.0,-5.0,-0.0525,0.2641,0.2116,700.0,-5.0,-0.05249673757499977,0.22240000000000001,0.16990326242500026,-127.0,-1.0
53.59961001,1.0,0.0,695.0,0.9,680.0,15.0,0.13876061260002642,0.2641,0.4028606126000264,700.0,-5.0,-0.0525,0.22240000000000001,0.16990000000000002,-127.0,-1.0
53.624102721,1.0,0.0,695.0,0.9,680.0,15.0,0.14077405345000216,0.2641,0.40487405345000216,700.0,-5.0,-0.0525,0.22240000000000001,0.16990000000000002,-127.0,-1.0
53.639726139,1.0,0.0,695.0,0.9,680.0,15.0,0.14192695352502369,0.2641,0.4060269535250237,700.0,-5.0,-0.0525,0.22240000000000001,0.16990000000000002,-127.0,-1.0
53.668179975,0.0,0.0,695.0,0.9,720.0,-25.0,-0.24103787497493157,0.2641,0.023062125025068436,680.0,15.0,0.13927894082502235,0.22240000000000001,0.3616789408250224,-127.0,-1.0
53.708427063,0.0,0.0,825.0,1.0,700.0,125.0,1.1925,0.3135,1.0,700.0,125.0,1.1925,0.264,1.0,-127.0,-1.0
53.73235044,0.0,0.0,825.0,1.0,720.0,105.0,1.0025,0.3135,1.0,680.0,145.0,1.3824999999999998,0.264,1.0,-127.0,-1.0
53.747156025,0.0,0.0,825.0,1.0,720.0,105.0,1.0025,0.3135,1.0,720.0,105.0,1.0025,0.264,1.0,-127.0,-1.0
53.764403152,0.0,0.0,825.0,1.0,760.0,65.0,0.6224999999999999,0.3135,0.9359999999999999,740.0,85.0,0.8125,0.264,1.0,-127.0,-1.0
53.781759653,0.0,0.0,825.0,1.0,780.0,45.0,0.4325,0.3135,0.746,760.0,65.0,0.6224999999999999,0.264,0.8865,-127.0,-1.0
53.799794864,0.0,0.0,825.0,1.0,800.0,25.0,0.2425,0.3135,0.556,780.0,45.0,0.4325,0.264,0.6965,-127.0,-1.0
53.822586574,1.0,0.0,825.0,1.0,820.0,5.0,0.0525,0.3135,0.366,820.0,5.0,0.0525,0.264,0.3165,-127.0,-1.0
53.840452326,1.0,0.0,825.0,1.0,840.0,-15.0,-0.13889376572501533,0.3135,0.17460623427498467,840.0,-15.0,-0.13889378762502247,0.264,0.12510621237497754,-127.0,-1.0
53.875492288,0.0,0.0,695.0,0.9,860.0,-165.0,-1.5724999999999998,0.2641,-1.0,840.0,-145.0,-1.3824999999999998,0.22240000000000001,-1.0,-127.0,-1.0
53.890715539,0.0,0.0,695.0,0.9,840.0,-145.0,-1.3824999999999998,0.2641,-1.0,860.0,-165.0,-1.5724999999999998,0.22240000000000001,-1.0,-127.0,-1.0
53.907007749,0.0,0.0,695.0,0.9,820.0,-125.0,-1.1925,0.2641,-0.9283999999999999,840.0,-145.0,-1.3824999999999998,0.22240000000000001,-1.0,-127.0,-1.0
53.929824252,0.0,0.0,695.0,0.9,780.0,-85.0,-0.8125,0.2641,-0.5484,800.0,-105.0,-1.0025,0.22240000000000001,-0.7800999999999999,-127.0,-1.0
53.948283545,0.0,0.0,695.0,0.9,740.0,-45.0,-0.4325,0.2641,-0.1684,740.0,-45.0,-0.4325,0.22240000000000001,-0.21009999999999998,-127.0,-1.0
53.970431547,1.0,0.0,695.0,0.9,700.0,-5.0,-0.0525,0.2641,0.2116,680.0,15.0,0.13913441267500273,0.22240000000000001,0.36153441267500275,-127.0,-1.0
53.988726633,1.0,0.0,695.0,0.9,660.0,35.0,0.3307012825250149,0.2641,0.5948012825250149,660.0,35.0,0.33233589942492703,0.22240000000000001,0.5547358994249271,-127.0,-1.0
54.040784763,0.0,0.0,695.0,0.9,660.0,35.0,0.3375,0.2641,0.6016,640.0,55.0,0.5275,0.22240000000000001,0.7499,-127.0,-1.0
54.061106348,0.0,0.0,720.0,1.0,680.0,40.0,0.385,0.2736,0.6586000000000001,660.0,60.0,0.575,0.23040000000000002,0.8054,-127.0,-1.0
54.079840975,0.0,0.0,720.0,1.0,680.0,40.0,0.385,0.2736,0.6586000000000001,660.0,60.0,0.575,0.23040000000000002,0.8054,-127.0,-1.0
54.099746935,1.0,0.0,720.0,1.0,700.0,20.0,0.195,0.2736,0.4686,700.0,20.0,0.195,0.23040000000000002,0.4254,-127.0,-1.0
54.129608355,0.0,0.0,695.0,0.9,740.0,-45.0,-0.4291751130249599,0.2641,-0.16507511302495992,740.0,-45.0,-0.42917517872498134,0.22240000000000001,-0.20677517872498133,-127.0,-1.0
54.15098694,1.0,0.0,695.0,0.9,720.0,-25.0,-0.2418530507749392,0.2641,0.02224694922506079,720.0,-25.0,-0.24185315297497254,0.22240000000000001,-0.01945315297497252,-127.0,-1.0
54.176172943,0.0,0.0,695.0,0.9,740.0,-45.0,-0.4325,0.2641,-0.1684,740.0,-45.0,-0.4325,0.22240000000000001,-0.21009999999999998,-127.0,-1.0
54.198435862,1.0,0.0,695.0,0.9,720.0,-25.0,-0.2425,0.2641,0.021600000000000008,720.0,-25.0,-0.2425,0.22240000000000001,-0.02009999999999998,-127.0,-1.0
54.221726906,1.0,0.0,695.0,0.9,700.0,-5.0,-0.0525,0.2641,0.2116,680.0,15.0,0.1391651469999715,0.22240000000000001,0.36156514699997155,-127.0,-1.0
54.24451395,1.0,0.0,695.0,0.9,700.0,-5.0,-0.0525,0.2641,0.2116,680.0,15.0,0.14108599097497743,0.22240000000000001,0.36348599097497747,-127.0,-1.0
54.260678118,1.0,0.0,695.0,0.9,700.0,-5.0,-0.0525,0.2641,0.2116,700.0,-5.0,-0.04931591845002231,0.22240000000000001,0.1730840815499777,-127.0,-1.0
54.279017537,1.0,0.0,695.0,0.9,700.0,-5.0,-0.0525,0.2641,0.2116,680.0,15.0,0.1420568910749921,0.22240000000000001,0.36445689107499213,-127.0,-1.0
54.29670858,1.0,0.0,695.0,0.9,680.0,15.0,0.13875133765002373,0.2641,0.40285133765002373,680.0,15.0,0.14330825054998966,0.22240000000000001,0.3657082505499897,-127.0,-1.0
54.316304207,1.0,0.0,695.0,0.9,680.0,15.0,0.14014930337502846,0.2641,0.40424930337502846,680.0,15.0,0.1447062162749944,0.22240000000000001,0.3671062162749944,-127.0,-1.0
54.333294667,1.0,0.0,695.0,0.9,700.0,-5.0,-0.05029712897496893,0.2641,0.21380287102503107,680.0,15.0,0.14604553522499372,0.22240000000000001,0.36844553522499374,-127.0,-1.0
54.357708336,1.0,0.0,695.0,0.9,700.0,-5.0,-0.05090690194996569,0.2641,0.2131930980500343,680.0,15.0,0.1475,0.22240000000000001,0.3699,-127.0,-1.0
54.374261588,1.0,0.0,695.0,0.9,700.0,-5.0,-0.051381414499965104,0.2641,0.2127185855000349,680.0,15.0,0.1475,0.22240000000000001,0.3699,-127.0,-1.0
54.39240384,1.0,0.0,695.0,0.9,700.0,-5.0,-0.051793809324967695,0.2641,0.2123061906750323,700.0,-5.0,-0.042912402125004974,0.22240000000000001,0.17948759787499505,-127.0,-1.0
54.40933305,1.0,0.0,695.0,0.9,700.0,-5.0,-0.05220340414996599,0.2641,0.211896595850034,700.0,-5.0,-0.043321996950003265,0.22240000000000001,0.17907800304999674,-127.0,-1.0
54.426135968,1.0,0.0,695.0,0.9,700.0,-5.0,-0.0525,0.2641,0.2116,680.0,15.0,0.1475,0.22240000000000001,0.3699,-127.0,-1.0
54.44013597,1.0,0.0,695.0,0.9,700.0,-5.0,-0.0525,0.2641,0.2116,680.0,15.0,0.1475,0.22240000000000001,0.3699,-127.0,-1.0
54.459724013,1.0,0.0,695.0,0.9,700.0,-5.0,-0.0525,0.2641,0.2116,700.0,-5.0,-0.04293863025000519,0.22240000000000001,0.17946136974999483,-127.0,-1.0
54.47733164,1.0,0.0,695.0,0.9,700.0,-5.0,-0.0525,0.2641,0.2116,720.0,-25.0,-0.23505540124998106,0.22240000000000001,-0.012655401249981046,-127.0,-1.0
54.499471476,1.0,0.0,695.0,0.9,680.0,15.0,0.13912360645002764,0.2641,0.40322360645002764,680.0,15.0,0.14656824892502754,0.22240000000000001,0.36896824892502755,-127.0,-1.0
54.547527355,1.0,0.0,695.0,0.9,700.0,-5.0,-0.051989699899970675,0.2641,0.21211030010002932,700.0,-5.0,-0.04454505014996812,0.22240000000000001,0.1778549498500319,-127.0,-1.0
54.564048232,1.0,0.0,695.0,0.9,700.0,-5.0,-0.05249232182497053,0.2641,0.21160767817502946,680.0,15.0,0.1469627937250584,0.22240000000000001,0.3693627937250584,-127.0,-1.0
54.586799401,1.0,0.0,695.0,0.9,700.0,-5.0,-0.0525,0.2641,0.2116,700.0,-5.0,-0.04360139904993503,0.22240000000000001,0.178798600950065,-127.0,-1.0
54.602416403,1.0,0.0,695.0,0.9,700.0,-5.0,-0.0525,0.2641,0.2116,720.0,-25.0,-0.23564302942493895,0.22240000000000001,-0.013243029424938935,-127.0,-1.0
54.620943654,1.0,0.0,695.0,0.9,700.0,-5.0,-0.0525,0.2641,0.2116,700.0,-5.0,-0.04612492114993529,0.22240000000000001,0.17627507885006471,-127.0,-1.0
54.637079823,1.0,0.0,695.0,0.9,700.0,-5.0,-0.0525,0.2641,0.2116,700.0,-5.0,-0.0464958992999459,0.22240000000000001,0.1759041007000541,-127.0,-1.0
54.652384449,1.0,0.0,695.0,0.9,700.0,-5.0,-0.0525,0.2641,0.2116,700.0,-5.0,-0.04690651497493718,0.22240000000000001,0.17549348502506285,-127.0,-1.0
54.668476867,1.0,0.0,695.0,0.9,700.0,-5.0,-0.0525,0.2641,0.2116,700.0,-5.0,-0.047305974374937707,0.22240000000000001,0.17509402562506232,-127.0,-1.0
54.688264994,1.0,0.0,695.0,0.9,700.0,-5.0,-0.0525,0.2641,0.2116,680.0,15.0,0.1439202508000767,0.22240000000000001,0.3663202508000767,-127.0,-1.0
54.708331663,1.0,0.0,695.0,0.9,700.0,-5.0,-0.0525,0.2641,0.2116,700.0,-5.0,-0.046565833624918014,0.22240000000000001,0.175834166375082,-127.0,-1.0
54.727434082,1.0,0.0,695.0,0.9,700.0,-5.0,-0.0525,0.2641,0.2116,700.0,-5.0,-0.04713207534992307,0.22240000000000001,0.17526792465007696,-127.0,-1.0
54.760330877,1.0,0.0,695.0,0.9,680.0,15.0,0.1397002752249932,0.2641,0.4038002752249932,680.0,15.0,0.145068177975063,0.22240000000000001,0.36746817797506304,-127.0,-1.0
54.779642129,1.0,0.0,695.0,0.9,680.0,15.0,0.1413371815749883,0.2641,0.4054371815749883,700.0,-5.0,-0.0454774574999351,0.22240000000000001,0.17692254250006492,-127.0,-1.0
54.802926173,1.0,0.0,695.0,0.9,700.0,-5.0,-0.04923688412501633,0.2641,0.21486311587498366,700.0,-5.0,-0.046051501299943995,0.22240000000000001,0.17634849870005603,-127.0,-1.0
54.821037799,1.0,0.0,695.0,0.9,700.0,-5.0,-0.04968849352501593,0.2641,0.21441150647498408,700.0,-5.0,-0.046503125299936984,0.22240000000000001,0.17589687470006304,-127.0,-1.0
54.840190968,1.0,0.0,695.0,0.9,700.0,-5.0,-0.05015940400001227,0.2641,0.21394059599998771,700.0,-5.0,-0.046974035774944696,0.22240000000000001,0.17542596422505533,-127.0,-1.0
54.858393012,1.0,0.0,695.0,0.9,700.0,-5.0,-0.05061563635001903,0.2641,0.21348436364998097,680.0,15.0,0.14439466120004224,0.22240000000000001,0.3667946612000422,-127.0,-1.0
54.87910018,1.0,0.0,695.0,0.9,700.0,-5.0,-0.051124645775009865,0.2641,0.21297535422499014,680.0,15.0,0.1459216457500338,0.22240000000000001,0.3683216457500338,-127.0,-1.0
54.897051682,1.0,0.0,695.0,0.9,700.0,-5.0,-0.05159689060001483,0.2641,0.21250310939998518,700.0,-5.0,-0.044550628249969575,0.22240000000000001,0.17784937175003043,-127.0,-1.0
54.916301976,1.0,0.0,695.0,0.9,700.0,-5.0,-0.05205864272501458,0.2641,0.2120413572749854,700.0,-5.0,-0.045012380374969324,0.22240000000000001,0.1773876196250307,-127.0,-1.0
54.936879061,1.0,0.0,695.0,0.9,700.0,-5.0,-0.0525,0.2641,0.2116,700.0,-5.0,-0.04554139084996677,0.22240000000000001,0.17685860915003324,-127.0,-1.0
54.952830313,1.0,0.0,695.0,0.9,700.0,-5.0,-0.0525,0.2641,0.2116,700.0,-5.0,-0.04598354297497053,0.22240000000000001,0.17641645702502948,-127.0,-1.0
54.970535648,1.0,0.0,695.0,0.9,700.0,-5.0,-0.0525,0.2641,0.2116,700.0,-5.0,-0.04637434717497399,0.22240000000000001,0.17602565282502602,-127.0,-1.0
54.988186441,1.0,0.0,695.0,0.9,700.0,-5.0,-0.0525,0.2641,0.2116,700.0,-5.0,-0.04686513472496927,0.22240000000000001,0.17553486527503076,-127.0,-1.0
55.012903152,1.0,0.0,695.0,0.9,700.0,-5.0,-0.0525,0.2641,0.2116,700.0,-5.0,-0.04748835354997027,0.22240000000000001,0.17491164645002974,-127.0,-1.0
55.06281549,1.0,0.0,695.0,0.9,680.0,15.0,0.14091271907498137,0.2641,0.4050127190749814,680.0,15.0,0.1459243437000373,0.22240000000000001,0.3683243437000373,-127.0,-1.0
55.081978576,1.0,0.0,695.0,0.9,680.0,15.0,0.14250780047500483,0.2641,0.40660780047500483,700.0,-5.0,-0.04460735737496179,0.22240000000000001,0.17779264262503822,-127.0,-1.0
55.100123161,1.0,0.0,695.0,0.9,700.0,-5.0,-0.04796353292498679,0.2641,0.21613646707501322,680.0,15.0,0.14680662092504007,0.22240000000000001,0.3692066209250401,-127.0,-1.0
55.118975038,1.0,0.0,695.0,0.9,700.0,-5.0,-0.04843576317498673,0.2641,0.21566423682501326,700.0,-5.0,-0.04366561662495087,0.22240000000000001,0.17873438337504916,-127.0,-1.0
55.138793206,1.0,0.0,695.0,0.9,700.0,-5.0,-0.04892251112499025,0.2641,0.21517748887500976,700.0,-5.0,-0.04415236457495439,0.22240000000000001,0.17824763542504563,-127.0,-1.0
55.1572735,1.0,0.0,695.0,0.9,700.0,-5.0,-0.04939517159998786,0.2641,0.21470482840001215,700.0,-5.0,-0.04462501774996099,0.22240000000000001,0.17777498225003902,-127.0,-1.0
55.174316752,1.0,0.0,695.0,0.9,700.0,-5.0,-0.0498161122749957,0.2641,0.21428388772500429,680.0,15.0,0.14663782617503557,0.22240000000000001,0.36903782617503555,-127.0,-1.0
55.193117587,1.0,0.0,695.0,0.9,700.0,-5.0,-0.05024952167499578,0.2641,0.21385047832500423,680.0,15.0,0.1475,0.22240000000000001,0.3699,-127.0,-1.0
55.216254048,1.0,0.0,695.0,0.9,700.0,-5.0,-0.05084610402499493,0.2641,0.21325389597500508,720.0,-25.0,-0.23548287524998385,0.22240000000000001,-0.013082875249983833,-127.0,-1.0
55.237487675,0.0,0.0,695.0,0.9,680.0,15.0,0.1407882430249856,0.2641,0.4048882430249856,720.0,-25.0,-0.23820685987497653,0.22240000000000001,-0.015806859874976514,-127.0,-1.0
55.27006247,1.0,0.0,695.0,0.9,680.0,15.0,0.1431909932750045,0.2641,0.4072909932750045,680.0,15.0,0.14418644037504919,0.22240000000000001,0.36658644037504917,-127.0,-1.0
55.287068388,1.0,0.0,695.0,0.9,700.0,-5.0,-0.04725369634999425,0.2641,0.21684630365000576,700.0,-5.0,-0.046261399249947315,0.22240000000000001,0.1761386007500527,-127.0,-1.0
55.306160015,1.0,0.0,695.0,0.9,700.0,-5.0,-0.0477349245249934,0.2641,0.2163650754750066,680.0,15.0,0.1451822634500422,0.22240000000000001,0.3675822634500422,-127.0,-1.0
55.324502642,1.0,0.0,695.0,0.9,700.0,-5.0,-0.04816609539999717,0.2641,0.21593390460000284,680.0,15.0,0.14647573227503924,0.22240000000000001,0.3688757322750392,-127.0,-1.0
55.34173256,1.0,0.0,695.0,0.9,700.0,-5.0,-0.0486369766999951,0.2641,0.21546302330000489,680.0,15.0,0.1475,0.22240000000000001,0.3699,-127.0,-1.0
55.357646187,1.0,0.0,695.0,0.9,700.0,-5.0,-0.04907802049999873,0.2641,0.21502197950000126,680.0,15.0,0.1475,0.22240000000000001,0.3699,-127.0,-1.0
55.37449898,0.0,0.0,695.0,0.9,720.0,-25.0,-0.24116270824996944,0.2641,0.022937291750030564,680.0,15.0,0.1475,0.22240000000000001,0.3699,-127.0,-1.0
55.388834107,0.0,0.0,695.0,0.9,720.0,-25.0,-0.2425,0.2641,0.021600000000000008,680.0,15.0,0.1475,0.22240000000000001,0.3699,-127.0,-1.0
55.407989025,1.0,0.0,695.0,0.9,700.0,-5.0,-0.0525,0.2641,0.2116,700.0,-5.0,-0.04292421465000189,0.22240000000000001,0.17947578534999814,-127.0,-1.0
55.42498911,1.0,0.0,695.0,0.9,680.0,15.0,0.13873445012500268,0.2641,0.4028344501250027,700.0,-5.0,-0.0433356907250004,0.22240000000000001,0.1790643092749996,-127.0,-1.0
55.442573987,1.0,0.0,695.0,0.9,680.0,15.0,0.14006733775000837,0.2641,0.40416733775000835,680.0,15.0,0.1475,0.22240000000000001,0.3699,-127.0,-1.0
55.470340656,1.0,0.0,695.0,0.9,680.0,15.0,0.14192522544998382,0.2641,0.4060252254499838,700.0,-5.0,-0.0431192886000008,0.22240000000000001,0.1792807113999992,-127.0,-1.0
55.489299283,1.0,0.0,695.0,0.9,720.0,-25.0,-0.24081232167505276,0.2641,0.023287678324947242,700.0,-5.0,-0.04366677615000072,0.22240000000000001,0.1787332238499993,-127.0,-1.0
55.50764191,1.0,0.0,695.0,0.9,700.0,-5.0,-0.05125833110005488,0.2641,0.21284166889994513,680.0,15.0,0.1475,0.22240000000000001,0.3699,-127.0,-1.0
55.527917704,1.0,0.0,695.0,0.9,700.0,-5.0,-0.0517775488500456,0.2641,0.2123224511499544,700.0,-5.0,-0.04301922505000448,0.22240000000000001,0.17938077494999555,-127.0,-1.0
55.579488167,1.0,0.0,695.0,0.9,720.0,-25.0,-0.2425,0.2641,0.021600000000000008,700.0,-5.0,-0.04421585330000426,0.22240000000000001,0.17818414669999577,-127.0,-1.0
55.597122336,1.0,0.0,695.0,0.9,720.0,-25.0,-0.2425,0.2641,0.021600000000000008,700.0,-5.0,-0.04478087002500388,0.22240000000000001,0.17761912997499613,-127.0,-1.0
55.614936171,1.0,0.0,695.0,0.9,700.0,-5.0,-0.0525,0.2641,0.2116,700.0,-5.0,-0.045190566925002715,0.22240000000000001,0.1772094330749973,-127.0,-1.0
55.633386131,1.0,0.0,695.0,0.9,700.0,-5.0,-0.0525,0.2641,0.2116,700.0,-5.0,-0.04569760759999781,0.22240000000000001,0.1767023924000022,-127.0,-1.0
55.649855383,1.0,0.0,695.0,0.9,700.0,-5.0,-0.0525,0.2641,0.2116,700.0,-5.0,-0.04610553995000146,0.22240000000000001,0.17629446004999855,-127.0,-1.0
55.667299093,1.0,0.0,695.0,0.9,700.0,-5.0,-0.0525,0.2641,0.2116,700.0,-5.0,-0.046525933725006324,0.22240000000000001,0.1758740662749937,-127.0,-1.0
55.684662011,1.0,0.0,695.0,0.9,700.0,-5.0,-0.0525,0.2641,0.2116,700.0,-5.0,-0.046934821275003744,0.22240000000000001,0.17546517872499628,-127.0,-1.0
55.708903014,1.0,0.0,695.0,0.9,700.0,-5.0,-0.0525,0.2641,0.2116,700.0,-5.0,-0.047521064050004044,0.22240000000000001,0.17487893594999598,-127.0,-1.0
55.730118849,1.0,0.0,695.0,0.9,700.0,-5.0,-0.0525,0.2641,0.2116,680.0,15.0,0.1441338454499805,0.22240000000000001,0.3665338454499805,-127.0,-1.0
55.75567556,1.0,0.0,695.0,0.9,700.0,-5.0,-0.0525,0.2641,0.2116,700.0,-5.0,-0.046448634825019326,0.22240000000000001,0.1759513651749807,-127.0,-1.0
55.78579073,1.0,0.0,695.0,0.9,700.0,-5.0,-0.0525,0.2641,0.2116,720.0,-25.0,-0.24067678107501933,0.22240000000000001,-0.018276781075019316,-127.0,-1.0
55.801136773,1.0,0.0,695.0,0.9,700.0,-5.0,-0.0525,0.2641,0.2116,700.0,-5.0,-0.05106552172501779,0.22240000000000001,0.17133447827498222,-127.0,-1.0
55.818798066,1.0,0.0,695.0,0.9,700.0,-5.0,-0.0525,0.2641,0.2116,700.0,-5.0,-0.05150679887502065,0.22240000000000001,0.17089320112497935,-127.0,-1.0
55.834527943,1.0,0.0,695.0,0.9,700.0,-5.0,-0.0525,0.2641,0.2116,700.0,-5.0,-0.0519082562000267,0.22240000000000001,0.1704917437999733,-127.0,-1.0
55.851660153,1.0,0.0,695.0,0.9,700.0,-5.0,-0.0525,0.2641,0.2116,680.0,15.0,0.13935937827495534,0.22240000000000001,0.36175937827495536,-127.0,-1.0
55.867193738,1.0,0.0,695.0,0.9,700.0,-5.0,-0.0525,0.2641,0.2116,700.0,-5.0,-0.05102750302505001,0.22240000000000001,0.17137249697495,-127.0,-1.0
55.886404073,1.0,0.0,695.0,0.9,680.0,15.0,0.13872694697498672,0.2641,0.4028269469749867,680.0,15.0,0.14019944394993672,0.22240000000000001,0.3625994439499367,-127.0,-1.0
55.902627158,1.0,0.0,695.0,0.9,680.0,15.0,0.14006900027499114,0.2641,0.40416900027499114,700.0,-5.0,-0.05024790715006475,0.22240000000000001,0.17215209284993527,-127.0,-1.0
55.926698994,1.0,0.0,695.0,0.9,680.0,15.0,0.14184262539998826,0.2641,0.40594262539998827,700.0,-5.0,-0.05083911552506379,0.22240000000000001,0.17156088447493623,-127.0,-1.0
55.946406621,1.0,0.0,695.0,0.9,700.0,-5.0,-0.04865038612500939,0.2641,0.21544961387499062,700.0,-5.0,-0.05133208330006937,0.22240000000000001,0.17106791669993066,-127.0,-1.0
55.963055831,1.0,0.0,695.0,0.9,700.0,-5.0,-0.049081717400010806,0.2641,0.2150182825999892,700.0,-5.0,-0.05176345832506286,0.22240000000000001,0.17063654167493716,-127.0,-1.0
55.985482375,0.0,0.0,695.0,0.9,720.0,-25.0,-0.2418523322750434,0.2641,0.022247667724956594,680.0,15.0,0.13989888877494877,0.22240000000000001,0.36229888877494876,-127.0,-1.0
56.003309627,0.0,0.0,695.0,0.9,720.0,-25.0,-0.2425,0.2641,0.021600000000000008,680.0,15.0,0.14120939827495022,0.22240000000000001,0.3636093982749502,-127.0,-1.0
56.025700004,1.0,0.0,695.0,0.9,720.0,-25.0,-0.2425,0.2641,0.021600000000000008,720.0,-25.0,-0.2417760291000445,0.22240000000000001,-0.01937602910004449,-127.0,-1.0
56.043990714,1.0,0.0,695.0,0.9,700.0,-5.0,-0.0525,0.2641,0.2116,700.0,-5.0,-0.05218302810003934,0.22240000000000001,0.17021697189996068,-127.0,-1.0
56.093509594,1.0,0.0,695.0,0.9,700.0,-5.0,-0.0525,0.2641,0.2116,700.0,-5.0,-0.0525,0.22240000000000001,0.16990000000000002,-127.0,-1.0
56.110996471,1.0,0.0,695.0,0.9,700.0,-5.0,-0.0525,0.2641,0.2116,680.0,15.0,0.13917678452498874,0.22240000000000001,0.36157678452498876,-127.0,-1.0
56.126282431,1.0,0.0,695.0,0.9,700.0,-5.0,-0.0525,0.2641,0.2116,680.0,15.0,0.14030398150000564,0.22240000000000001,0.36270398150000566,-127.0,-1.0
56.142435224,1.0,0.0,695.0,0.9,700.0,-5.0,-0.0525,0.2641,0.2116,680.0,15.0,0.14153801605000352,0.22240000000000001,0.36393801605000353,-127.0,-1.0
56.165095685,1.0,0.0,695.0,0.9,680.0,15.0,0.13904702199998836,0.2641,0.40314702199998836,700.0,-5.0,-0.04897765794999259,0.22240000000000001,0.17342234205000742,-127.0,-1.0
56.18171427,1.0,0.0,695.0,0.9,700.0,-5.0,-0.051387109300017074,0.2641,0.21271289069998292,700.0,-5.0,-0.04941178194999566,0.22240000000000001,0.17298821805000436,-127.0,-1.0
56.199239646,1.0,0.0,695.0,0.9,700.0,-5.0,-0.05181503537501385,0.2641,0.21228496462498614,700.0,-5.0,-0.04983970804999217,0.22240000000000001,0.17256029195000785,-127.0,-1.0
56.218947857,1.0,0.0,695.0,0.9,700.0,-5.0,-0.052261343750014934,0.2641,0.21183865624998507,700.0,-5.0,-0.050286023699995894,0.22240000000000001,0.17211397630000413,-127.0,-1.0
56.23978365,1.0,0.0,695.0,0.9,700.0,-5.0,-0.0525,0.2641,0.2116,680.0,15.0,0.1413953327500053,0.22240000000000001,0.3637953327500053,-127.0,-1.0
56.255476777,1.0,0.0,695.0,0.9,700.0,-5.0,-0.0525,0.2641,0.2116,700.0,-5.0,-0.04902997562499195,0.22240000000000001,0.17337002437500806,-127.0,-1.0
56.27145282,1.0,0.0,695.0,0.9,700.0,-5.0,-0.0525,0.2641,0.2116,700.0,-5.0,-0.04944472567499588,0.22240000000000001,0.17295527432500413,-127.0,-1.0
56.296016406,1.0,0.0,695.0,0.9,700.0,-5.0,-0.0525,0.2641,0.2116,700.0,-5.0,-0.050053856974991505,0.22240000000000001,0.1723461430250085,-127.0,-1.0
56.313688491,1.0,0.0,695.0,0.9,680.0,15.0,0.13869831265001265,0.2641,0.40279831265001265,700.0,-5.0,-0.05045327264998832,0.22240000000000001,0.1719467273500117,-127.0,-1.0
56.332881035,1.0,0.0,695.0,0.9,680.0,15.0,0.1401852221500121,0.2641,0.4042852221500121,700.0,-5.0,-0.05094891644999052,0.22240000000000001,0.1714510835500095,-127.0,-1.0
56.350000703,1.0,0.0,695.0,0.9,680.0,15.0,0.14145110664998128,0.2641,0.4055511066499813,680.0,15.0,0.1403170117749937,0.22240000000000001,0.3627170117749937,-127.0,-1.0
56.372983164,1.0,0.0,695.0,0.9,700.0,-5.0,-0.04912524862502551,0.2641,0.2149747513749745,720.0,-25.0,-0.2425,0.22240000000000001,-0.02009999999999998,-127.0,-1.0
56.392639166,1.0,0.0,695.0,0.9,700.0,-5.0,-0.049580642425021325,0.2641,0.21451935757497867,700.0,-5.0,-0.0525,0.22240000000000001,0.16990000000000002,-127.0,-1.0
56.407136167,1.0,0.0,695.0,0.9,700.0,-5.0,-0.05002857682502736,0.2641,0.21407142317497263,700.0,-5.0,-0.0525,0.22240000000000001,0.16990000000000002,-127.0,-1.0
56.425835794,1.0,0.0,695.0,0.9,700.0,-5.0,-0.05045152270002063,0.2641,0.21364847729997938,700.0,-5.0,-0.0525,0.22240000000000001,0.16990000000000002,-127.0,-1.0
56.440712254,1.0,0.0,695.0,0.9,700.0,-5.0,-0.050874906100025326,0.2641,0.21322509389997468,700.0,-5.0,-0.0525,0.22240000000000001,0.16990000000000002,-127.0,-1.0
56.460807214,0.0,0.0,695.0,0.9,720.0,-25.0,-0.2425,0.2641,0.021600000000000008,680.0,15.0,0.1388507594499856,0.22240000000000001,0.36125075944998564,-127.0,-1.0
56.476914508,0.0,0.0,695.0,0.9,720.0,-25.0,-0.2425,0.2641,0.021600000000000008,680.0,15.0,0.14009568774998796,0.22240000000000001,0.36249568774998797,-127.0,-1.0
56.49808951,1.0,0.0,695.0,0.9,720.0,-25.0,-0.2425,0.2641,0.021600000000000008,700.0,-5.0,-0.050427015425011636,0.22240000000000001,0.17197298457498839,-127.0,-1.0
56.515208595,1.0,0.0,695.0,0.9,700.0,-5.0,-0.0525,0.2641,0.2116,680.0,15.0,0.1408339033999823,0.22240000000000001,0.3632339033999823,-127.0,-1.0
56.532195846,1.0,0.0,695.0,0.9,700.0,-5.0,-0.0525,0.2641,0.2116,680.0,15.0,0.14218249729998433,0.22240000000000001,0.3645824972999844,-127.0,-1.0
56.550251473,1.0,0.0,695.0,0.9,680.0,15.0,0.13877526887500835,0.2641,0.40287526887500835,680.0,15.0,0.14345774434998473,0.22240000000000001,0.36585774434998475,-127.0,-1.0
56.603057729,1.0,0.0,695.0,0.9,700.0,-5.0,-0.05246807709999302,0.2641,0.21163192290000699,720.0,-25.0,-0.2425,0.22240000000000001,-0.02009999999999998,-127.0,-1.0
56.620912397,1.0,0.0,695.0,0.9,700.0,-5.0,-0.0525,0.2641,0.2116,700.0,-5.0,-0.0525,0.22240000000000001,0.16990000000000002,-127.0,-1.0
56.643760399,0.0,0.0,695.0,0.9,720.0,-25.0,-0.2425,0.2641,0.021600000000000008,680.0,15.0,0.13905861580002465,0.22240000000000001,0.3614586158000247,-127.0,-1.0
56.662698901,1.0,0.0,695.0,0.9,720.0,-25.0,-0.2425,0.2641,0.021600000000000008,700.0,-5.0,-0.05149932072497677,0.22240000000000001,0.17090067927502325,-127.0,-1.0
56.679496861,1.0,0.0,695.0,0.9,700.0,-5.0,-0.0525,0.2641,0.2116,720.0,-25.0,-0.2425,0.22240000000000001,-0.02009999999999998,-127.0,-1.0
56.701368363,1.0,0.0,695.0,0.9,700.0,-5.0,-0.0525,0.2641,0.2116,700.0,-5.0,-0.0525,0.22240000000000001,0.16990000000000002,-127.0,-1.0
56.722519449,1.0,0.0,695.0,0.9,700.0,-5.0,-0.0525,0.2641,0.2116,680.0,15.0,0.1387146750999932,0.22240000000000001,0.3611146750999932,-127.0,-1.0
56.746007368,1.0,0.0,695.0,0.9,700.0,-5.0,-0.0525,0.2641,0.2116,700.0,-5.0,-0.05199455622501091,0.22240000000000001,0.17040544377498912,-127.0,-1.0
56.76229287,1.0,0.0,695.0,0.9,700.0,-5.0,-0.0525,0.2641,0.2116,700.0,-5.0,-0.05236325937501306,0.22240000000000001,0.17003674062498697,-127.0,-1.0
56.779256496,1.0,0.0,695.0,0.9,700.0,-5.0,-0.0525,0.2641,0.2116,680.0,15.0,0.13903310952496212,0.22240000000000001,0.3614331095249621,-127.0,-1.0
56.801199457,1.0,0.0,695.0,0.9,700.0,-5.0,-0.0525,0.2641,0.2116,700.0,-5.0,-0.05150049470004433,0.22240000000000001,0.17089950529995568,-127.0,-1.0
56.822088626,1.0,0.0,695.0,0.9,700.0,-5.0,-0.0525,0.2641,0.2116,700.0,-5.0,-0.05204259370003911,0.22240000000000001,0.1703574062999609,-127.0,-1.0
56.837315377,1.0,0.0,695.0,0.9,700.0,-5.0,-0.0525,0.2641,0.2116,680.0,15.0,0.1390556189249537,0.22240000000000001,0.3614556189249537,-127.0,-1.0
56.852627587,1.0,0.0,695.0,0.9,700.0,-5.0,-0.0525,0.2641,0.2116,700.0,-5.0,-0.051334055075053585,0.22240000000000001,0.17106594492494642,-127.0,-1.0
56.869950839,1.0,0.0,695.0,0.9,680.0,15.0,0.1386761751249878,0.2641,0.4027761751249878,700.0,-5.0,-0.051726098875055866,0.22240000000000001,0.17067390112494416,-127.0,-1.0
56.889339674,1.0,0.0,695.0,0.9,680.0,15.0,0.14014656902498926,0.2641,0.40424656902498923,700.0,-5.0,-0.05221623745004763,0.22240000000000001,0.17018376254995238,-127.0,-1.0
56.908264176,1.0,0.0,695.0,0.9,680.0,15.0,0.14143666915000494,0.2641,0.40553666915000497,700.0,-5.0,-0.0525,0.22240000000000001,0.16990000000000002,-127.0,-1.0
56.927158636,1.0,0.0,695.0,0.9,700.0,-5.0,-0.04906394757498674,0.2641,0.21503605242501325,680.0,15.0,0.13900185017500916,0.22240000000000001,0.36140185017500914,-127.0,-1.0
56.944012304,1.0,0.0,695.0,0.9,700.0,-5.0,-0.04948039657498612,0.2641,0.21461960342501388,700.0,-5.0,-0.05141459152498783,0.22240000000000001,0.1709854084750122,-127.0,-1.0
56.962932431,1.0,0.0,695.0,0.9,700.0,-5.0,-0.049974968499989246,0.2641,0.21412503150001075,680.0,15.0,0.14006914614999458,0.22240000000000001,0.3624691461499946,-127.0,-1.0
56.9799506,1.0,0.0,695.0,0.9,720.0,-25.0,-0.24209476550002362,0.2641,0.022005234499976378,720.0,-25.0,-0.2420506873500517,0.22240000000000001,-0.019650687350051682,-127.0,-1.0
57.001336477,0.0,0.0,695.0,0.9,720.0,-25.0,-0.2425,0.2641,0.021600000000000008,680.0,15.0,0.1395328878499299,0.22240000000000001,0.36193288784992994,-127.0,-1.0
57.029602771,1.0,0.0,695.0,0.9,700.0,-5.0,-0.0525,0.2641,0.2116,680.0,15.0,0.14155510054994236,0.22240000000000001,0.3639551005499424,-127.0,-1.0
57.046886065,1.0,0.0,695.0,0.9,700.0,-5.0,-0.0525,0.2641,0.2116,700.0,-5.0,-0.04893777970005658,0.22240000000000001,0.17346222029994343,-127.0,-1.0
57.063577566,1.0,0.0,695.0,0.9,700.0,-5.0,-0.0525,0.2641,0.2116,700.0,-5.0,-0.049367944325049394,0.22240000000000001,0.1730320556749506,-127.0,-1.0
57.111565196,1.0,0.0,695.0,0.9,700.0,-5.0,-0.0525,0.2641,0.2116,700.0,-5.0,-0.05047785277505682,0.22240000000000001,0.1719221472249432,-127.0,-1.0
57.132245532,1.0,0.0,695.0,0.9,680.0,15.0,0.13916254390001084,0.2641,0.4032625439000108,700.0,-5.0,-0.05103203407504907,0.22240000000000001,0.17136796592495096,-127.0,-1.0
57.148421367,1.0,0.0,695.0,0.9,680.0,15.0,0.14045299405000833,0.2641,0.40455299405000833,680.0,15.0,0.14025839417497535,0.22240000000000001,0.36265839417497536,-127.0,-1.0
57.167071994,1.0,0.0,695.0,0.9,680.0,15.0,0.1418166817000042,0.2641,0.40591668170000417,700.0,-5.0,-0.05019616110002062,0.22240000000000001,0.1722038388999794,-127.0,-1.0
57.18478987,1.0,0.0,695.0,0.9,680.0,15.0,0.14313047244999097,0.2641,0.407230472449991,700.0,-5.0,-0.05063406947502017,0.22240000000000001,0.17176593052497985,-127.0,-1.0
57.204365956,1.0,0.0,695.0,0.9,720.0,-25.0,-0.23938515280000727,0.2641,0.02471484719999273,720.0,-25.0,-0.2425,0.22240000000000001,-0.02009999999999998,-127.0,-1.0
57.227507958,0.0,0.0,695.0,0.9,720.0,-25.0,-0.24197981967499116,0.2641,0.022120180325008842,680.0,15.0,0.13905680012499033,0.22240000000000001,0.3614568001249904,-127.0,-1.0
57.248699585,1.0,0.0,695.0,0.9,700.0,-5.0,-0.0525,0.2641,0.2116,700.0,-5.0,-0.05146682182501309,0.22240000000000001,0.17093317817498693,-127.0,-1.0
57.271057004,1.0,0.0,695.0,0.9,700.0,-5.0,-0.0525,0.2641,0.2116,700.0,-5.0,-0.052126323975019206,0.22240000000000001,0.1702736760249808,-127.0,-1.0
57.288500714,1.0,0.0,695.0,0.9,720.0,-25.0,-0.2425,0.2641,0.021600000000000008,700.0,-5.0,-0.0525,0.22240000000000001,0.16990000000000002,-127.0,-1.0
57.312374508,0.0,0.0,695.0,0.9,720.0,-25.0,-0.2425,0.2641,0.021600000000000008,680.0,15.0,0.13946280017502202,0.22240000000000001,0.36186280017502204,-127.0,-1.0
57.33011076,1.0,0.0,695.0,0.9,720.0,-25.0,-0.2425,0.2641,0.021600000000000008,700.0,-5.0,-0.05098105819997954,0.22240000000000001,0.17141894180002049,-127.0,-1.0
57.347045512,1.0,0.0,695.0,0.9,700.0,-5.0,-0.0525,0.2641,0.2116,680.0,15.0,0.1401758231749909,0.22240000000000001,0.36257582317499093,-127.0,-1.0
57.364206888,1.0,0.0,695.0,0.9,700.0,-5.0,-0.0525,0.2641,0.2116,680.0,15.0,0.1414484889500045,0.22240000000000001,0.36384848895000454,-127.0,-1.0
57.379584723,1.0,0.0,695.0,0.9,700.0,-5.0,-0.0525,0.2641,0.2116,680.0,15.0,0.14269967345001078,0.22240000000000001,0.3650996734500108,-127.0,-1.0
57.398472475,1.0,0.0,695.0,0.9,700.0,-5.0,-0.0525,0.2641,0.2116,700.0,-5.0,-0.0477727901499884,0.22240000000000001,0.17462720985001162,-127.0,-1.0
57.414903227,1.0,0.0,695.0,0.9,700.0,-5.0,-0.0525,0.2641,0.2116,700.0,-5.0,-0.04818086829998492,0.22240000000000001,0.1742191317000151,-127.0,-1.0
57.431197187,1.0,0.0,695.0,0.9,700.0,-5.0,-0.0525,0.2641,0.2116,700.0,-5.0,-0.0485953120999875,0.22240000000000001,0.17380468790001252,-127.0,-1.0
57.447019522,1.0,0.0,695.0,0.9,700.0,-5.0,-0.0525,0.2641,0.2116,700.0,-5.0,-0.048985729849985095,0.22240000000000001,0.17341427015001493,-127.0,-1.0
57.467363565,1.0,0.0,695.0,0.9,700.0,-5.0,-0.0525,0.2641,0.2116,700.0,-5.0,-0.04949621219998562,0.22240000000000001,0.1729037878000144,-127.0,-1.0
57.481973442,1.0,0.0,695.0,0.9,700.0,-5.0,-0.0525,0.2641,0.2116,700.0,-5.0,-0.04985635492498886,0.22240000000000001,0.17254364507501116,-127.0,-1.0
57.499508444,1.0,0.0,695.0,0.9,700.0,-5.0,-0.0525,0.2641,0.2116,700.0,-5.0,-0.050302553924987024,0.22240000000000001,0.17209744607501298,-127.0,-1.0
57.514006903,1.0,0.0,695.0,0.9,700.0,-5.0,-0.0525,0.2641,0.2116,680.0,15.0,0.14078940250000185,0.22240000000000001,0.36318940250000187,-127.0,-1.0
57.531256655,1.0,0.0,695.0,0.9,700.0,-5.0,-0.0525,0.2641,0.2116,680.0,15.0,0.1420907463250046,0.22240000000000001,0.3644907463250046,-127.0,-1.0
57.547841698,1.0,0.0,695.0,0.9,700.0,-5.0,-0.0525,0.2641,0.2116,700.0,-5.0,-0.04830171310000196,0.22240000000000001,0.17409828689999807,-127.0,-1.0
57.565851242,1.0,0.0,695.0,0.9,700.0,-5.0,-0.0525,0.2641,0.2116,700.0,-5.0,-0.04875319854999361,0.22240000000000001,0.1736468014500064,-127.0,-1.0
57.595915078,1.0,0.0,695.0,0.9,680.0,15.0,0.1395511752249945,0.2641,0.4036511752249945,700.0,-5.0,-0.049436901749995744,0.22240000000000001,0.17296309825000428,-127.0,-1.0
57.634109707,1.0,0.0,695.0,0.9,700.0,-5.0,-0.0513800873500054,0.2641,0.2127199126499946,700.0,-5.0,-0.050368178925000395,0.22240000000000001,0.17203182107499962,-127.0,-1.0
57.653075334,1.0,0.0,695.0,0.9,700.0,-5.0,-0.05193114052500732,0.2641,0.21216885947499267,680.0,15.0,0.14128495877499744,0.22240000000000001,0.36368495877499746,-127.0,-1.0
57.672575294,1.0,0.0,695.0,0.9,700.0,-5.0,-0.05234102702500195,0.2641,0.21175897297499804,700.0,-5.0,-0.04912492772499718,0.22240000000000001,0.17327507227500283,-127.0,-1.0
57.700293547,1.0,0.0,695.0,0.9,700.0,-5.0,-0.0525,0.2641,0.2116,700.0,-5.0,-0.04986117467500662,0.22240000000000001,0.1725388253249934,-127.0,-1.0
57.717475049,1.0,0.0,695.0,0.9,700.0,-5.0,-0.0525,0.2641,0.2116,700.0,-5.0,-0.0503400403500018,0.22240000000000001,0.1720599596499982,-127.0,-1.0
57.736561134,1.0,0.0,695.0,0.9,700.0,-5.0,-0.0525,0.2641,0.2116,700.0,-5.0,-0.05077236329999778,0.22240000000000001,0.17162763670000225,-127.0,-1.0
57.754771053,1.0,0.0,695.0,0.9,700.0,-5.0,-0.0525,0.2641,0.2116,700.0,-5.0,-0.05126130605000526,0.22240000000000001,0.17113869394999476,-127.0,-1.0
57.769954929,1.0,0.0,695.0,0.9,700.0,-5.0,-0.0525,0.2641,0.2116,700.0,-5.0,-0.05166149465000217,0.22240000000000001,0.17073850534999785,-127.0,-1.0
57.787034056,1.0,0.0,695.0,0.9,700.0,-5.0,-0.0525,0.2641,0.2116,700.0,-5.0,-0.05208633635000069,0.22240000000000001,0.17031366364999934,-127.0,-1.0
57.806195683,1.0,0.0,695.0,0.9,680.0,15.0,0.13881849385001033,0.2641,0.40291849385001033,680.0,15.0,0.1392321575000096,0.22240000000000001,0.36163215750000965,-127.0,-1.0
57.830455644,1.0,0.0,695.0,0.9,680.0,15.0,0.14065728467500094,0.2641,0.40475728467500094,700.0,-5.0,-0.05138077277498724,0.22240000000000001,0.17101922722501278,-127.0,-1.0
57.849271354,1.0,0.0,695.0,0.9,700.0,-5.0,-0.04980108412500158,0.2641,0.2142989158749984,720.0,-25.0,-0.2425,0.22240000000000001,-0.02009999999999998,-127.0,-1.0
57.868273731,1.0,0.0,695.0,0.9,700.0,-5.0,-0.05026979980000533,0.2641,0.21383020019999466,700.0,-5.0,-0.0525,0.22240000000000001,0.16990000000000002,-127.0,-1.0
57.886502024,1.0,0.0,695.0,0.9,700.0,-5.0,-0.050739864424999725,0.2641,0.21336013557500028,680.0,15.0,0.1389054251500056,0.22240000000000001,0.36130542515000563,-127.0,-1.0
57.916288485,1.0,0.0,695.0,0.9,700.0,-5.0,-0.051485262425003384,0.2641,0.2126147375749966,700.0,-5.0,-0.051841576999995594,0.22240000000000001,0.17055842300000443,-127.0,-1.0
57.938386613,1.0,0.0,695.0,0.9,700.0,-5.0,-0.05202961454999922,0.2641,0.2120703854500008,680.0,15.0,0.13979147937499192,0.22240000000000001,0.36219147937499196,-127.0,-1.0
57.955617406,1.0,0.0,695.0,0.9,700.0,-5.0,-0.05246710002500322,0.2641,0.2116328999749968,700.0,-5.0,-0.050645998800009695,0.22240000000000001,0.17175400119999032,-127.0,-1.0
57.980261784,1.0,0.0,695.0,0.9,700.0,-5.0,-0.0525,0.2641,0.2116,680.0,15.0,0.14120342327499882,0.22240000000000001,0.36360342327499884,-127.0,-1.0
57.998432035,1.0,0.0,695.0,0.9,700.0,-5.0,-0.0525,0.2641,0.2116,720.0,-25.0,-0.24116666034995432,0.22240000000000001,-0.018766660349954306,-127.0,-1.0
58.017030162,1.0,0.0,695.0,0.9,680.0,15.0,0.13883818134999046,0.2641,0.4029381813499905,680.0,15.0,0.140171433475075,0.22240000000000001,0.36257143347507503,-127.0,-1.0
58.034998872,1.0,0.0,695.0,0.9,680.0,15.0,0.14021501582496965,0.2641,0.40431501582496965,700.0,-5.0,-0.05028751864992046,0.22240000000000001,0.17211248135007956,-127.0,-1.0
58.056117,1.0,0.0,695.0,0.9,680.0,15.0,0.14180469414997104,0.2641,0.40590469414997105,680.0,15.0,0.141302203400096,0.22240000000000001,0.363702203400096,-127.0,-1.0
58.073619918,1.0,0.0,695.0,0.9,700.0,-5.0,-0.048610143400028394,0.2641,0.2154898565999716,700.0,-5.0,-0.04911261957489842,0.22240000000000001,0.1732873804251016,-127.0,-1.0
58.103259671,1.0,0.0,695.0,0.9,700.0,-5.0,-0.049332397625030354,0.2641,0.21476760237496964,680.0,15.0,0.14305420872509556,0.22240000000000001,0.3654542087250956,-127.0,-1.0
58.143649092,0.0,0.0,695.0,0.9,720.0,-25.0,-0.2425,0.2641,0.021600000000000008,680.0,15.0,0.14598154340011432,0.22240000000000001,0.3683815434001143,-127.0,-1.0
58.167049802,1.0,0.0,695.0,0.9,720.0,-25.0,-0.2425,0.2641,0.021600000000000008,700.0,-5.0,-0.044700016049878284,0.22240000000000001,0.17769998395012174,-127.0,-1.0
58.185726971,1.0,0.0,695.0,0.9,700.0,-5.0,-0.0525,0.2641,0.2116,700.0,-5.0,-0.04513443899988033,0.22240000000000001,0.1772655610001197,-127.0,-1.0
58.201481931,1.0,0.0,695.0,0.9,700.0,-5.0,-0.0525,0.2641,0.2116,700.0,-5.0,-0.045552142174883556,0.22240000000000001,0.17684785782511647,-127.0,-1.0
58.218420183,1.0,0.0,695.0,0.9,700.0,-5.0,-0.0525,0.2641,0.2116,700.0,-5.0,-0.04597780784987663,0.22240000000000001,0.1764221921501234,-127.0,-1.0
58.236595101,1.0,0.0,695.0,0.9,700.0,-5.0,-0.0525,0.2641,0.2116,700.0,-5.0,-0.04639242662488186,0.22240000000000001,0.17600757337511816,-127.0,-1.0
58.255382811,1.0,0.0,695.0,0.9,700.0,-5.0,-0.0525,0.2641,0.2116,700.0,-5.0,-0.04689729439988014,0.22240000000000001,0.17550270560011988,-127.0,-1.0
58.271008854,1.0,0.0,695.0,0.9,700.0,-5.0,-0.0525,0.2641,0.2116,700.0,-5.0,-0.04730376839987912,0.22240000000000001,0.1750962316001209,-127.0,-1.0
58.289676398,1.0,0.0,695.0,0.9,700.0,-5.0,-0.0525,0.2641,0.2116,700.0,-5.0,-0.047750339274878116,0.22240000000000001,0.1746496607251219,-127.0,-1.0
58.306316858,1.0,0.0,695.0,0.9,680.0,15.0,0.1386972407500252,0.2641,0.4027972407500252,700.0,-5.0,-0.04814941222488415,0.22240000000000001,0.17425058777511587,-127.0,-1.0
58.324232193,1.0,0.0,695.0,0.9,680.0,15.0,0.14005296587502014,0.2641,0.40415296587502014,700.0,-5.0,-0.04860132789988484,0.22240000000000001,0.17379867210011518,-127.0,-1.0
58.349480321,1.0,0.0,695.0,0.9,700.0,-5.0,-0.0505778143999828,0.2641,0.2135221856000172,700.0,-5.0,-0.04923210817487643,0.22240000000000001,0.1731678918251236,-127.0,-1.0
58.372019448,1.0,0.0,695.0,0.9,700.0,-5.0,-0.051148956124975484,0.2641,0.2129510438750245,700.0,-5.0,-0.049803235299887096,0.22240000000000001,0.17259676470011293,-127.0,-1.0
58.389931283,1.0,0.0,695.0,0.9,720.0,-25.0,-0.2425,0.2641,0.021600000000000008,700.0,-5.0,-0.0502499301498824,0.22240000000000001,0.1721500698501176,-127.0,-1.0
58.407295076,1.0,0.0,695.0,0.9,720.0,-25.0,-0.2425,0.2641,0.021600000000000008,700.0,-5.0,-0.050709042699886596,0.22240000000000001,0.1716909573001134,-127.0,-1.0
58.423677995,1.0,0.0,695.0,0.9,720.0,-25.0,-0.2425,0.2641,0.021600000000000008,700.0,-5.0,-0.051123741699884706,0.22240000000000001,0.1712762583001153,-127.0,-1.0
58.444071914,1.0,0.0,695.0,0.9,700.0,-5.0,-0.0525,0.2641,0.2116,700.0,-5.0,-0.051578012574887,0.22240000000000001,0.170821987425113,-127.0,-1.0
58.460614082,1.0,0.0,695.0,0.9,700.0,-5.0,-0.0525,0.2641,0.2116,700.0,-5.0,-0.05204805532488536,0.22240000000000001,0.17035194467511466,-127.0,-1.0
58.478456209,1.0,0.0,695.0,0.9,700.0,-5.0,-0.0525,0.2641,0.2116,680.0,15.0,0.13928327920010586,0.22240000000000001,0.3616832792001059,-127.0,-1.0
58.496527002,1.0,0.0,695.0,0.9,680.0,15.0,0.13872290012498067,0.2641,0.4028229001249807,700.0,-5.0,-0.05112436144989033,0.22240000000000001,0.1712756385501097,-127.0,-1.0
58.515019546,1.0,0.0,695.0,0.9,680.0,15.0,0.1401131002749821,0.2641,0.40421310027498214,680.0,15.0,0.14026579497513011,0.22240000000000001,0.36266579497513013,-127.0,-1.0
58.532903672,1.0,0.0,695.0,0.9,680.0,15.0,0.1414724129499973,0.2641,0.4055724129499973,700.0,-5.0,-0.05018731652486622,0.22240000000000001,0.1722126834751338,-127.0,-1.0
58.552215508,0.0,0.0,695.0,0.9,720.0,-25.0,-0.24093044667496769,0.2641,0.023169553325032316,680.0,15.0,0.14125437735013974,0.22240000000000001,0.3636543773501397,-127.0,-1.0
58.580912011,1.0,0.0,695.0,0.9,700.0,-5.0,-0.05164078632497194,0.2641,0.21245921367502807,700.0,-5.0,-0.04945597689985789,0.22240000000000001,0.17294402310014212,-127.0,-1.0
58.616891431,1.0,0.0,695.0,0.9,700.0,-5.0,-0.05242270827497123,0.2641,0.21167729172502878,700.0,-5.0,-0.050237898849857174,0.22240000000000001,0.17216210115014285,-127.0,-1.0
58.657564352,1.0,0.0,695.0,0.9,700.0,-5.0,-0.0525,0.2641,0.2116,700.0,-5.0,-0.051297071874855646,0.22240000000000001,0.17110292812514438,-127.0,-1.0
58.67389827,1.0,0.0,695.0,0.9,700.0,-5.0,-0.0525,0.2641,0.2116,700.0,-5.0,-0.051830894849856576,0.22240000000000001,0.17056910515014345,-127.0,-1.0
58.692692688,1.0,0.0,695.0,0.9,700.0,-5.0,-0.0525,0.2641,0.2116,700.0,-5.0,-0.05228928552485513,0.22240000000000001,0.1701107144751449,-127.0,-1.0
58.709905399,1.0,0.0,695.0,0.9,700.0,-5.0,-0.0525,0.2641,0.2116,700.0,-5.0,-0.0525,0.22240000000000001,0.16990000000000002,-127.0,-1.0
58.723719317,1.0,0.0,695.0,0.9,700.0,-5.0,-0.0525,0.2641,0.2116,700.0,-5.0,-0.0525,0.22240000000000001,0.16990000000000002,-127.0,-1.0
58.739129235,1.0,0.0,695.0,0.9,700.0,-5.0,-0.0525,0.2641,0.2116,700.0,-5.0,-0.0525,0.22240000000000001,0.16990000000000002,-127.0,-1.0
58.752845153,1.0,0.0,695.0,0.9,700.0,-5.0,-0.0525,0.2641,0.2116,700.0,-5.0,-0.0525,0.22240000000000001,0.16990000000000002,-127.0,-1.0
58.767942113,1.0,0.0,695.0,0.9,700.0,-5.0,-0.0525,0.2641,0.2116,700.0,-5.0,-0.0525,0.22240000000000001,0.16990000000000002,-127.0,-1.0
58.782297364,1.0,0.0,695.0,0.9,680.0,15.0,0.13855916574997307,0.2641,0.40265916574997307,700.0,-5.0,-0.0525,0.22240000000000001,0.16990000000000002,-127.0,-1.0
58.804683658,1.0,0.0,695.0,0.9,700.0,-5.0,-0.051966279100033715,0.2641,0.2121337208999663,700.0,-5.0,-0.0525,0.22240000000000001,0.16990000000000002,-127.0,-1.0
58.820384951,1.0,0.0,695.0,0.9,700.0,-5.0,-0.05238633017503617,0.2641,0.21171366982496384,700.0,-5.0,-0.0525,0.22240000000000001,0.16990000000000002,-127.0,-1.0
58.840603578,1.0,0.0,695.0,0.9,700.0,-5.0,-0.0525,0.2641,0.2116,680.0,15.0,0.13871815322497694,0.22240000000000001,0.361118153224977,-127.0,-1.0
58.862377081,1.0,0.0,695.0,0.9,700.0,-5.0,-0.0525,0.2641,0.2116,700.0,-5.0,-0.05191024267502598,0.22240000000000001,0.17048975732497404,-127.0,-1.0
58.878450249,1.0,0.0,695.0,0.9,700.0,-5.0,-0.0525,0.2641,0.2116,700.0,-5.0,-0.052310679175027415,0.22240000000000001,0.1700893208249726,-127.0,-1.0
58.895638459,1.0,0.0,695.0,0.9,700.0,-5.0,-0.0525,0.2641,0.2116,700.0,-5.0,-0.0525,0.22240000000000001,0.16990000000000002,-127.0,-1.0
58.912111794,1.0,0.0,695.0,0.9,700.0,-5.0,-0.0525,0.2641,0.2116,680.0,15.0,0.1387404657999923,0.22240000000000001,0.3611404657999923,-127.0,-1.0
58.929978129,1.0,0.0,695.0,0.9,700.0,-5.0,-0.0525,0.2641,0.2116,700.0,-5.0,-0.05170394675001489,0.22240000000000001,0.17069605324998513,-127.0,-1.0
58.946502797,1.0,0.0,695.0,0.9,700.0,-5.0,-0.0525,0.2641,0.2116,700.0,-5.0,-0.05212103012501302,0.22240000000000001,0.170278969874987,-127.0,-1.0
58.963993174,1.0,0.0,695.0,0.9,700.0,-5.0,-0.0525,0.2641,0.2116,700.0,-5.0,-0.0525,0.22240000000000001,0.16990000000000002,-127.0,-1.0
58.980438801,1.0,0.0,695.0,0.9,700.0,-5.0,-0.0525,0.2641,0.2116,680.0,15.0,0.13872703449998197,0.22240000000000001,0.36112703449998196,-127.0,-1.0
59.010322095,1.0,0.0,695.0,0.9,700.0,-5.0,-0.0525,0.2641,0.2116,700.0,-5.0,-0.05196907180002427,0.22240000000000001,0.17043092819997574,-127.0,-1.0
59.030367472,1.0,0.0,695.0,0.9,680.0,15.0,0.13902184389999092,0.2641,0.40312184389999095,700.0,-5.0,-0.052476367700026005,0.22240000000000001,0.169923632299974,-127.0,-1.0
59.048702808,1.0,0.0,695.0,0.9,680.0,15.0,0.14043210339999632,0.2641,0.40453210339999635,700.0,-5.0,-0.0525,0.22240000000000001,0.16990000000000002,-127.0,-1.0
59.064160559,1.0,0.0,695.0,0.9,700.0,-5.0,-0.05001240392499767,0.2641,0.21408759607500233,700.0,-5.0,-0.0525,0.22240000000000001,0.16990000000000002,-127.0,-1.0
59.078964686,1.0,0.0,695.0,0.9,700.0,-5.0,-0.050374573775004594,0.2641,0.2137254262249954,700.0,-5.0,-0.0525,0.22240000000000001,0.16990000000000002,-127.0,-1.0
59.095931521,1.0,0.0,695.0,0.9,700.0,-5.0,-0.05078946965000114,0.2641,0.21331053034999886,700.0,-5.0,-0.0525,0.22240000000000001,0.16990000000000002,-127.0,-1.0
59.126147607,1.0,0.0,695.0,0.9,700.0,-5.0,-0.05152376972499951,0.2641,0.2125762302750005,700.0,-5.0,-0.0525,0.22240000000000001,0.16990000000000002,-127.0,-1.0
59.167261236,1.0,0.0,695.0,0.9,700.0,-5.0,-0.052461448975000165,0.2641,0.21163855102499984,700.0,-5.0,-0.0525,0.22240000000000001,0.16990000000000002,-127.0,-1.0
59.18623678,1.0,0.0,695.0,0.9,680.0,15.0,0.13929384494999794,0.2641,0.40339384494999797,700.0,-5.0,-0.0525,0.22240000000000001,0.16990000000000002,-127.0,-1.0
59.205766782,1.0,0.0,695.0,0.9,680.0,15.0,0.1406227513499857,0.2641,0.4047227513499857,680.0,15.0,0.1388289282249957,0.22240000000000001,0.36122892822499575,-127.0,-1.0
59.225624909,1.0,0.0,695.0,0.9,680.0,15.0,0.14209563900001285,0.2641,0.4061956390000129,700.0,-5.0,-0.05166202704999932,0.22240000000000001,0.1707379729500007,-127.0,-1.0
59.252952911,1.0,0.0,695.0,0.9,700.0,-5.0,-0.04859435689998236,0.2641,0.21550564310001763,680.0,15.0,0.14040798247499423,0.22240000000000001,0.36280798247499424,-127.0,-1.0
59.272467455,1.0,0.0,695.0,0.9,700.0,-5.0,-0.04905163922498105,0.2641,0.21504836077501896,700.0,-5.0,-0.050049256125012105,0.22240000000000001,0.17235074387498792,-127.0,-1.0
59.29244429,1.0,0.0,695.0,0.9,720.0,-25.0,-0.24170095722499127,0.2641,0.022399042775008732,700.0,-5.0,-0.050579170750008874,0.22240000000000001,0.17182082924999115,-127.0,-1.0
59.317034418,0.0,0.0,695.0,0.9,720.0,-25.0,-0.2425,0.2641,0.021600000000000008,680.0,15.0,0.14126489197499267,0.22240000000000001,0.3636648919749927,-127.0,-1.0
59.33904592,1.0,0.0,695.0,0.9,700.0,-5.0,-0.0525,0.2641,0.2116,700.0,-5.0,-0.049279088275002325,0.22240000000000001,0.1731209117249977,-127.0,-1.0
59.358756464,1.0,0.0,695.0,0.9,700.0,-5.0,-0.0525,0.2641,0.2116,700.0,-5.0,-0.04975714457500772,0.22240000000000001,0.1726428554249923,-127.0,-1.0
59.383241008,1.0,0.0,695.0,0.9,700.0,-5.0,-0.0525,0.2641,0.2116,680.0,15.0,0.14224253692498223,0.22240000000000001,0.3646425369249823,-127.0,-1.0
59.400220385,1.0,0.0,695.0,0.9,700.0,-5.0,-0.0525,0.2641,0.2116,700.0,-5.0,-0.048168946450018665,0.22240000000000001,0.17423105354998136,-127.0,-1.0
59.419712178,1.0,0.0,695.0,0.9,700.0,-5.0,-0.0525,0.2641,0.2116,720.0,-25.0,-0.24060505607504182,0.22240000000000001,-0.018205056075041803,-127.0,-1.0
59.437160263,1.0,0.0,695.0,0.9,700.0,-5.0,-0.0525,0.2641,0.2116,700.0,-5.0,-0.05104884882504394,0.22240000000000001,0.17135115117495608,-127.0,-1.0
59.45422014,1.0,0.0,695.0,0.9,700.0,-5.0,-0.0525,0.2641,0.2116,680.0,15.0,0.14023447002492728,0.22240000000000001,0.3626344700249273,-127.0,-1.0
59.476571142,1.0,0.0,695.0,0.9,700.0,-5.0,-0.0525,0.2641,0.2116,700.0,-5.0,-0.05032610607508104,0.22240000000000001,0.17207389392491898,-127.0,-1.0
59.493318061,1.0,0.0,695.0,0.9,700.0,-5.0,-0.0525,0.2641,0.2116,700.0,-5.0,-0.050742948825077294,0.22240000000000001,0.17165705117492272,-127.0,-1.0
59.51715073,1.0,0.0,695.0,0.9,700.0,-5.0,-0.0525,0.2641,0.2116,700.0,-5.0,-0.05132178325008226,0.22240000000000001,0.17107821674991774,-127.0,-1.0
59.541305982,1.0,0.0,695.0,0.9,700.0,-5.0,-0.0525,0.2641,0.2116,700.0,-5.0,-0.05182072290007454,0.22240000000000001,0.17057927709992549,-127.0,-1.0
59.562354109,1.0,0.0,695.0,0.9,680.0,15.0,0.1393538407750043,0.2641,0.4034538407750043,700.0,-5.0,-0.05243869170008338,0.22240000000000001,0.16996130829991662,-127.0,-1.0
59.581549861,1.0,0.0,695.0,0.9,680.0,15.0,0.1408357628499857,0.2641,0.40493576284998567,700.0,-5.0,-0.0525,0.22240000000000001,0.16990000000000002,-127.0,-1.0
59.598804863,1.0,0.0,695.0,0.9,700.0,-5.0,-0.0495951017750167,0.2641,0.2145048982249833,680.0,15.0,0.13879259387500723,0.22240000000000001,0.36119259387500724,-127.0,-1.0
59.625446282,1.0,0.0,695.0,0.9,700.0,-5.0,-0.05025507787501283,0.2641,0.21384492212498718,700.0,-5.0,-0.051867382224988885,0.22240000000000001,0.17053261777501114,-127.0,-1.0
59.648733535,1.0,0.0,695.0,0.9,700.0,-5.0,-0.050807596675010704,0.2641,0.2132924033249893,700.0,-5.0,-0.05241990102498676,0.22240000000000001,0.16998009897501326,-127.0,-1.0
59.688612247,1.0,0.0,695.0,0.9,700.0,-5.0,-0.05174532697501718,0.2641,0.21235467302498282,680.0,15.0,0.14039328987503266,0.22240000000000001,0.3627932898750327,-127.0,-1.0
59.706783957,1.0,0.0,695.0,0.9,700.0,-5.0,-0.052282810375018016,0.2641,0.21181718962498197,700.0,-5.0,-0.0501441789249634,0.22240000000000001,0.17225582107503662,-127.0,-1.0
59.729676001,1.0,0.0,695.0,0.9,700.0,-5.0,-0.0525,0.2641,0.2116,700.0,-5.0,-0.05072257587496779,0.22240000000000001,0.17167742412503223,-127.0,-1.0
59.746530836,1.0,0.0,695.0,0.9,680.0,15.0,0.13876885952498696,0.2641,0.40286885952498697,700.0,-5.0,-0.051145521749961065,0.22240000000000001,0.17125447825003895,-127.0,-1.0
59.774679881,1.0,0.0,695.0,0.9,680.0,15.0,0.14074434722500653,0.2641,0.4048443472250065,700.0,-5.0,-0.05180397389996415,0.22240000000000001,0.17059602610003588,-127.0,-1.0
59.794558424,1.0,0.0,695.0,0.9,700.0,-5.0,-0.049796118449992266,0.2641,0.21430388155000774,700.0,-5.0,-0.052344483324966405,0.22240000000000001,0.1700555166750336,-127.0,-1.0
59.812801593,1.0,0.0,695.0,0.9,700.0,-5.0,-0.05023329037499252,0.2641,0.21386670962500748,680.0,15.0,0.13896701055002722,0.22240000000000001,0.36136701055002723,-127.0,-1.0
59.833312178,1.0,0.0,695.0,0.9,700.0,-5.0,-0.05073272582499385,0.2641,0.21336727417500614,700.0,-5.0,-0.05153243219997648,0.22240000000000001,0.17086756780002355,-127.0,-1.0
59.852695472,1.0,0.0,695.0,0.9,700.0,-5.0,-0.051254976924988115,0.2641,0.21284502307501188,700.0,-5.0,-0.05205468329997075,0.22240000000000001,0.17034531670002928,-127.0,-1.0
59.871016224,1.0,0.0,695.0,0.9,700.0,-5.0,-0.05165378737499623,0.2641,0.21244621262500377,680.0,15.0,0.13914172622504564,0.22240000000000001,0.36154172622504566,-127.0,-1.0
59.895560268,1.0,0.0,695.0,0.9,700.0,-5.0,-0.052305319749987124,0.2641,0.21179468025001288,700.0,-5.0,-0.05150981342494788,0.22240000000000001,0.17089018657505214,-127.0,-1.0
59.91422227,1.0,0.0,695.0,0.9,700.0,-5.0,-0.0525,0.2641,0.2116,720.0,-25.0,-0.2425,0.22240000000000001,-0.02009999999999998,-127.0,-1.0
59.930415896,1.0,0.0,695.0,0.9,700.0,-5.0,-0.0525,0.2641,0.2116,680.0,15.0,0.13886736257501298,0.22240000000000001,0.361267362575013,-127.0,-1.0
59.952226148,1.0,0.0,695.0,0.9,700.0,-5.0,-0.0525,0.2641,0.2116,700.0,-5.0,-0.05168205727498162,0.22240000000000001,0.1707179427250184,-127.0,-1.0
59.967329817,1.0,0.0,695.0,0.9,700.0,-5.0,-0.0525,0.2641,0.2116,700.0,-5.0,-0.05205407084997887,0.22240000000000001,0.17034592915002114,-127.0,-1.0
59.98323236,1.0,0.0,695.0,0.9,700.0,-5.0,-0.0525,0.2641,0.2116,700.0,-5.0,-0.05245638859998053,0.22240000000000001,0.16994361140001948,-127.0,-1.0
59.998863361,1.0,0.0,695.0,0.9,700.0,-5.0,-0.0525,0.2641,0.2116,680.0,15.0,0.1386715303250412,0.22240000000000001,0.36107153032504125,-127.0,-1.0
60.016898572,1.0,0.0,695.0,0.9,700.0,-5.0,-0.0525,0.2641,0.2116,700.0,-5.0,-0.05177154054995526,0.22240000000000001,0.17062845945004476,-127.0,-1.0
60.033042323,1.0,0.0,695.0,0.9,700.0,-5.0,-0.0525,0.2641,0.2116,680.0,15.0,0.1395105751500523,0.22240000000000001,0.3619105751500523,-127.0,-1.0
60.049807325,1.0,0.0,695.0,0.9,700.0,-5.0,-0.0525,0.2641,0.2116,700.0,-5.0,-0.05090287697494432,0.22240000000000001,0.1714971230250557,-127.0,-1.0
60.066473743,1.0,0.0,695.0,0.9,680.0,15.0,0.13866370637499584,0.2641,0.4027637063749958,700.0,-5.0,-0.05129078639994532,0.22240000000000001,0.1711092136000547,-127.0,-1.0
60.087411912,0.0,0.0,695.0,0.9,680.0,15.0,0.14021980652498767,0.2641,0.40431980652498767,720.0,-25.0,-0.2425,0.22240000000000001,-0.02009999999999998,-127.0,-1.0
60.110889039,1.0,0.0,695.0,0.9,700.0,-5.0,-0.05034268730002168,0.2641,0.21375731269997833,700.0,-5.0,-0.0525,0.22240000000000001,0.16990000000000002,-127.0,-1.0
60.139455459,1.0,0.0,695.0,0.9,700.0,-5.0,-0.05108024675002071,0.2641,0.2130197532499793,680.0,15.0,0.13971272215001135,0.22240000000000001,0.36211272215001133,-127.0,-1.0
60.16393767,1.0,0.0,695.0,0.9,700.0,-5.0,-0.051658964500020374,0.2641,0.2124410354999796,680.0,15.0,0.14144883167499528,0.22240000000000001,0.36384883167499527,-127.0,-1.0
60.20338034,1.0,0.0,695.0,0.9,700.0,-5.0,-0.0525,0.2641,0.2116,700.0,-5.0,-0.0494835538250095,0.22240000000000001,0.17291644617499052,-127.0,-1.0
60.219887509,1.0,0.0,695.0,0.9,700.0,-5.0,-0.0525,0.2641,0.2116,700.0,-5.0,-0.05001931637500775,0.22240000000000001,0.17238068362499226,-127.0,-1.0
60.236115844,1.0,0.0,695.0,0.9,700.0,-5.0,-0.0525,0.2641,0.2116,680.0,15.0,0.14119645252498003,0.22240000000000001,0.3635964525249801,-127.0,-1.0
60.253700137,1.0,0.0,695.0,0.9,700.0,-5.0,-0.0525,0.2641,0.2116,680.0,15.0,0.14251394017499022,0.22240000000000001,0.36491394017499024,-127.0,-1.0
60.271302222,1.0,0.0,695.0,0.9,700.0,-5.0,-0.0525,0.2641,0.2116,680.0,15.0,0.1437425496749938,0.22240000000000001,0.3661425496749938,-127.0,-1.0
60.292622474,0.0,0.0,695.0,0.9,680.0,15.0,0.13910647824999386,0.2641,0.4032064782499939,720.0,-25.0,-0.23893491407499595,0.22240000000000001,-0.016534914074995938,-127.0,-1.0
60.313222601,1.0,0.0,695.0,0.9,680.0,15.0,0.1406540034249815,0.2641,0.40475400342498147,700.0,-5.0,-0.04945075579999184,0.22240000000000001,0.17294924420000818,-127.0,-1.0
60.331612187,1.0,0.0,695.0,0.9,700.0,-5.0,-0.04978747787502243,0.2641,0.21431252212497756,700.0,-5.0,-0.04989223709999578,0.22240000000000001,0.17250776290000425,-127.0,-1.0
60.349810147,1.0,0.0,695.0,0.9,700.0,-5.0,-0.05025356855002428,0.2641,0.21384643144997573,680.0,15.0,0.14150603492500977,0.22240000000000001,0.3639060349250098,-127.0,-1.0
60.368724732,1.0,0.0,695.0,0.9,700.0,-5.0,-0.05071127380001826,0.2641,0.21338872619998173,700.0,-5.0,-0.04895167032498421,0.22240000000000001,0.1734483296750158,-127.0,-1.0
60.39985811,1.0,0.0,695.0,0.9,700.0,-5.0,-0.05145610305002265,0.2641,0.21264389694997735,700.0,-5.0,-0.049696492274986216,0.22240000000000001,0.1727035077250138,-127.0,-1.0
60.430198738,1.0,0.0,695.0,0.9,700.0,-5.0,-0.052232621875023144,0.2641,0.21186737812497686,700.0,-5.0,-0.050473011099986705,0.22240000000000001,0.17192698890001332,-127.0,-1.0
60.453206865,1.0,0.0,695.0,0.9,700.0,-5.0,-0.0525,0.2641,0.2116,700.0,-5.0,-0.05106163824998703,0.22240000000000001,0.171338361750013,-127.0,-1.0
60.469864534,1.0,0.0,695.0,0.9,700.0,-5.0,-0.0525,0.2641,0.2116,700.0,-5.0,-0.05152658412498795,0.22240000000000001,0.17087341587501206,-127.0,-1.0
60.486864327,1.0,0.0,695.0,0.9,700.0,-5.0,-0.0525,0.2641,0.2116,680.0,15.0,0.13974039410001068,0.22240000000000001,0.3621403941000107,-127.0,-1.0
60.503836412,1.0,0.0,695.0,0.9,680.0,15.0,0.13871716892498398,0.2641,0.402817168924984,700.0,-5.0,-0.05066532157499296,0.22240000000000001,0.17173467842500706,-127.0,-1.0
60.521628372,1.0,0.0,695.0,0.9,680.0,15.0,0.14006060027501233,0.2641,0.4041606002750123,700.0,-5.0,-0.05111313932499343,0.22240000000000001,0.1712868606750066,-127.0,-1.0
60.540994166,1.0,0.0,695.0,0.9,680.0,15.0,0.14145465039998725,0.2641,0.4055546503999873,700.0,-5.0,-0.05157780082498903,0.22240000000000001,0.17082219917501099,-127.0,-1.0
60.560716668,1.0,0.0,695.0,0.9,700.0,-5.0,-0.049032367375016296,0.2641,0.2150676326249837,680.0,15.0,0.13988327432499545,0.22240000000000001,0.36228327432499546,-127.0,-1.0
60.579752003,1.0,0.0,695.0,0.9,700.0,-5.0,-0.049519202825015325,0.2641,0.21458079717498468,700.0,-5.0,-0.050603561150014686,0.22240000000000001,0.17179643884998533,-127.0,-1.0
60.600947422,0.0,0.0,695.0,0.9,720.0,-25.0,-0.24214529682500824,0.2641,0.021954703174991763,680.0,15.0,0.14097198589997786,0.22240000000000001,0.3633719858999779,-127.0,-1.0
60.6299738,1.0,0.0,695.0,0.9,700.0,-5.0,-0.0525,0.2641,0.2116,700.0,-5.0,-0.049754971450024645,0.22240000000000001,0.17264502854997538,-127.0,-1.0
60.659350178,1.0,0.0,695.0,0.9,700.0,-5.0,-0.0525,0.2641,0.2116,700.0,-5.0,-0.05050160902501603,0.22240000000000001,0.171898390974984,-127.0,-1.0
60.679925513,1.0,0.0,695.0,0.9,720.0,-25.0,-0.2425,0.2641,0.021600000000000008,700.0,-5.0,-0.050972125750015494,0.22240000000000001,0.1714278742499845,-127.0,-1.0
60.722513809,1.0,0.0,695.0,0.9,700.0,-5.0,-0.0525,0.2641,0.2116,700.0,-5.0,-0.051989838350018545,0.22240000000000001,0.17041016164998146,-127.0,-1.0
60.740378686,1.0,0.0,695.0,0.9,680.0,15.0,0.1391118157749929,0.2641,0.4032118157749929,700.0,-5.0,-0.0525,0.22240000000000001,0.16990000000000002,-127.0,-1.0
60.756166312,1.0,0.0,695.0,0.9,720.0,-25.0,-0.2425,0.2641,0.021600000000000008,700.0,-5.0,-0.0525,0.22240000000000001,0.16990000000000002,-127.0,-1.0
60.772156356,1.0,0.0,695.0,0.9,680.0,15.0,0.13867783764997055,0.2641,0.40277783764997055,700.0,-5.0,-0.0525,0.22240000000000001,0.16990000000000002,-127.0,-1.0
60.789172774,1.0,0.0,695.0,0.9,700.0,-5.0,-0.05171193842503726,0.2641,0.21238806157496273,700.0,-5.0,-0.0525,0.22240000000000001,0.16990000000000002,-127.0,-1.0
60.807380359,1.0,0.0,695.0,0.9,680.0,15.0,0.1396700585999497,0.2641,0.4037700585999497,700.0,-5.0,-0.0525,0.22240000000000001,0.16990000000000002,-127.0,-1.0
60.824999944,1.0,0.0,695.0,0.9,700.0,-5.0,-0.050740032075045745,0.2641,0.21335996792495426,680.0,15.0,0.13873029392499348,0.22240000000000001,0.3611302939249935,-127.0,-1.0
60.842566155,1.0,0.0,695.0,0.9,700.0,-5.0,-0.051199042525049664,0.2641,0.21290095747495033,700.0,-5.0,-0.0517286946500144,0.22240000000000001,0.17067130534998562,-127.0,-1.0
60.864278407,1.0,0.0,695.0,0.9,700.0,-5.0,-0.051739201950047116,0.2641,0.2123607980499529,680.0,15.0,0.13989184924996606,0.22240000000000001,0.36229184924996605,-127.0,-1.0
60.882903075,1.0,0.0,695.0,0.9,720.0,-25.0,-0.2425,0.2641,0.021600000000000008,720.0,-25.0,-0.24231293225007447,0.22240000000000001,-0.019912932250074455,-127.0,-1.0
60.904083619,0.0,0.0,695.0,0.9,720.0,-25.0,-0.2425,0.2641,0.021600000000000008,680.0,15.0,0.1391941898249115,0.22240000000000001,0.36159418982491154,-127.0,-1.0
60.931117038,1.0,0.0,695.0,0.9,700.0,-5.0,-0.0525,0.2641,0.2116,680.0,15.0,0.141372874349895,0.22240000000000001,0.363772874349895,-127.0,-1.0
60.950308124,1.0,0.0,695.0,0.9,680.0,15.0,0.13895757519999277,0.2641,0.40305757519999275,700.0,-5.0,-0.04911298405011394,0.22240000000000001,0.17328701594988608,-127.0,-1.0
60.969675084,1.0,0.0,695.0,0.9,680.0,15.0,0.14033392847497905,0.2641,0.40443392847497905,680.0,15.0,0.14226332542489217,0.22240000000000001,0.3646633254248922,-127.0,-1.0
60.991168003,1.0,0.0,695.0,0.9,700.0,-5.0,-0.050198713225020127,0.2641,0.21390128677497988,680.0,15.0,0.14386122869988183,0.22240000000000001,0.36626122869988187,-127.0,-1.0
61.007955463,1.0,0.0,695.0,0.9,700.0,-5.0,-0.050643453900024726,0.2641,0.21345654609997528,700.0,-5.0,-0.046583533850118784,0.22240000000000001,0.17581646614988122,-127.0,-1.0
61.02715909,1.0,0.0,695.0,0.9,720.0,-25.0,-0.2425,0.2641,0.021600000000000008,700.0,-5.0,-0.04704764120011987,0.22240000000000001,0.17535235879988015,-127.0,-1.0
61.044352258,1.0,0.0,695.0,0.9,700.0,-5.0,-0.0525,0.2641,0.2116,700.0,-5.0,-0.047496910000111255,0.22240000000000001,0.17490308999988877,-127.0,-1.0
61.06107876,1.0,0.0,695.0,0.9,700.0,-5.0,-0.0525,0.2641,0.2116,700.0,-5.0,-0.04794655065011511,0.22240000000000001,0.1744534493498849,-127.0,-1.0
61.086607471,1.0,0.0,695.0,0.9,700.0,-5.0,-0.0525,0.2641,0.2116,720.0,-25.0,-0.2410457645251472,0.22240000000000001,-0.018645764525147185,-127.0,-1.0
61.101968097,1.0,0.0,695.0,0.9,700.0,-5.0,-0.0525,0.2641,0.2116,720.0,-25.0,-0.2425,0.22240000000000001,-0.02009999999999998,-127.0,-1.0
61.125768975,1.0,0.0,695.0,0.9,700.0,-5.0,-0.0525,0.2641,0.2116,680.0,15.0,0.13927430327502177,0.22240000000000001,0.3616743032750218,-127.0,-1.0
61.141639435,1.0,0.0,695.0,0.9,700.0,-5.0,-0.0525,0.2641,0.2116,680.0,15.0,0.14048742527500052,0.22240000000000001,0.3628874252750005,-127.0,-1.0
61.168540146,1.0,0.0,695.0,0.9,700.0,-5.0,-0.0525,0.2641,0.2116,700.0,-5.0,-0.05018073210000239,0.22240000000000001,0.17221926789999764,-127.0,-1.0
61.185298147,1.0,0.0,695.0,0.9,700.0,-5.0,-0.0525,0.2641,0.2116,700.0,-5.0,-0.05059415505000061,0.22240000000000001,0.1718058449499994,-127.0,-1.0
61.225899901,1.0,0.0,695.0,0.9,680.0,15.0,0.14014206272499904,0.2641,0.4042420627249991,680.0,15.0,0.14204790774999765,0.22240000000000001,0.3644479077499977,-127.0,-1.0
61.246907195,1.0,0.0,695.0,0.9,680.0,15.0,0.14199439420000315,0.2641,0.40609439420000315,700.0,-5.0,-0.04856953605000399,0.22240000000000001,0.17383046394999602,-127.0,-1.0
61.26581478,1.0,0.0,695.0,0.9,700.0,-5.0,-0.04848996209999768,0.2641,0.21561003790000233,680.0,15.0,0.1428835547500057,0.22240000000000001,0.36528355475000573,-127.0,-1.0
61.286311074,1.0,0.0,695.0,0.9,700.0,-5.0,-0.04898957254999004,0.2641,0.21511042745000997,700.0,-5.0,-0.04761604842499537,0.22240000000000001,0.17478395157500465,-127.0,-1.0
61.311037702,1.0,0.0,695.0,0.9,700.0,-5.0,-0.04960645492499453,0.2641,0.21449354507500548,680.0,15.0,0.14423455490000378,0.22240000000000001,0.3666345549000038,-127.0,-1.0
61.343727997,1.0,0.0,695.0,0.9,700.0,-5.0,-0.050417390399993565,0.2641,0.21368260960000643,680.0,15.0,0.14666740512498108,0.22240000000000001,0.3690674051249811,-127.0,-1.0
61.364498749,1.0,0.0,695.0,0.9,680.0,15.0,0.14120853482500023,0.2641,0.40530853482500023,700.0,-5.0,-0.04387455535002346,0.22240000000000001,0.17852544464997655,-127.0,-1.0
61.383035917,1.0,0.0,695.0,0.9,700.0,-5.0,-0.049241382925006294,0.2641,0.2148586170749937,700.0,-5.0,-0.04432449497502603,0.22240000000000001,0.178075505024974,-127.0,-1.0
61.400389794,1.0,0.0,695.0,0.9,720.0,-25.0,-0.241457065424986,0.2641,0.022642934575014012,700.0,-5.0,-0.044767624175019595,0.22240000000000001,0.17763237582498043,-127.0,-1.0
61.419666046,1.0,0.0,695.0,0.9,700.0,-5.0,-0.05189404774999048,0.2641,0.21220595225000952,700.0,-5.0,-0.04520461380002644,0.22240000000000001,0.17719538619997358,-127.0,-1.0
61.448534632,1.0,0.0,695.0,0.9,700.0,-5.0,-0.0525,0.2641,0.2116,700.0,-5.0,-0.04595080660002623,0.22240000000000001,0.17644919339997378,-127.0,-1.0
61.465799842,1.0,0.0,695.0,0.9,700.0,-5.0,-0.0525,0.2641,0.2116,700.0,-5.0,-0.046434710800022004,0.22240000000000001,0.175965289199978,-127.0,-1.0
61.482665469,1.0,0.0,695.0,0.9,680.0,15.0,0.1387143251500106,0.2641,0.4028143251500106,700.0,-5.0,-0.04683948585002554,0.22240000000000001,0.17556051414997448,-127.0,-1.0
61.505651721,1.0,0.0,695.0,0.9,700.0,-5.0,-0.05185638637498414,0.2641,0.21224361362501587,700.0,-5.0,-0.047410204650022936,0.22240000000000001,0.17498979534997708,-127.0,-1.0
61.522552348,1.0,0.0,695.0,0.9,680.0,15.0,0.13942570750001548,0.2641,0.4035257075000155,700.0,-5.0,-0.04783754740002678,0.22240000000000001,0.17456245259997324,-127.0,-1.0
61.542353308,1.0,0.0,695.0,0.9,700.0,-5.0,-0.051062907124983216,0.2641,0.2130370928750168,700.0,-5.0,-0.04832615475002285,0.22240000000000001,0.17407384524997715,-127.0,-1.0
61.566915436,1.0,0.0,695.0,0.9,720.0,-25.0,-0.2425,0.2641,0.021600000000000008,700.0,-5.0,-0.0489230652250194,0.22240000000000001,0.1734769347749806,-127.0,-1.0
61.583965687,1.0,0.0,695.0,0.9,720.0,-25.0,-0.2425,0.2641,0.021600000000000008,700.0,-5.0,-0.04939908715001821,0.22240000000000001,0.1730009128499818,-127.0,-1.0
61.600746731,1.0,0.0,695.0,0.9,720.0,-25.0,-0.2425,0.2641,0.021600000000000008,700.0,-5.0,-0.04981193407502588,0.22240000000000001,0.17258806592497414,-127.0,-1.0
61.617897607,1.0,0.0,695.0,0.9,700.0,-5.0,-0.0525,0.2641,0.2116,700.0,-5.0,-0.05021175077502221,0.22240000000000001,0.1721882492249778,-127.0,-1.0
61.635249734,1.0,0.0,695.0,0.9,700.0,-5.0,-0.0525,0.2641,0.2116,700.0,-5.0,-0.05067936540001711,0.22240000000000001,0.1717206345999829,-127.0,-1.0
61.652908111,1.0,0.0,695.0,0.9,700.0,-5.0,-0.0525,0.2641,0.2116,680.0,15.0,0.14065056910001203,0.22240000000000001,0.36305056910001204,-127.0,-1.0
61.682367031,1.0,0.0,695.0,0.9,700.0,-5.0,-0.0525,0.2641,0.2116,700.0,-5.0,-0.0500852257749807,0.22240000000000001,0.1723147742250193,-127.0,-1.0
61.697835865,1.0,0.0,695.0,0.9,700.0,-5.0,-0.0525,0.2641,0.2116,700.0,-5.0,-0.050468366424981925,0.22240000000000001,0.1719316335750181,-127.0,-1.0
61.735414203,1.0,0.0,695.0,0.9,700.0,-5.0,-0.0525,0.2641,0.2116,680.0,15.0,0.14211736822501278,0.22240000000000001,0.3645173682250128,-127.0,-1.0
61.751734996,1.0,0.0,695.0,0.9,700.0,-5.0,-0.0525,0.2641,0.2116,680.0,15.0,0.14358310275000574,0.22240000000000001,0.3659831027500058,-127.0,-1.0
61.77394804,0.0,0.0,695.0,0.9,680.0,15.0,0.13893561264999332,0.2641,0.4030356126499933,720.0,-25.0,-0.23880954850002808,0.22240000000000001,-0.01640954850002807,-127.0,-1.0
61.800865959,1.0,0.0,695.0,0.9,700.0,-5.0,-0.051783061375001584,0.2641,0.21231693862499842,700.0,-5.0,-0.049528229825025395,0.22240000000000001,0.17287177017497463,-127.0,-1.0
61.819390586,1.0,0.0,695.0,0.9,700.0,-5.0,-0.05224141559999907,0.2641,0.21185858440000094,680.0,15.0,0.14184681094999405,0.22240000000000001,0.36424681094999406,-127.0,-1.0
61.836879213,1.0,0.0,695.0,0.9,700.0,-5.0,-0.0525,0.2641,0.2116,680.0,15.0,0.14316919857499213,0.22240000000000001,0.36556919857499215,-127.0,-1.0
61.854947381,1.0,0.0,695.0,0.9,700.0,-5.0,-0.0525,0.2641,0.2116,700.0,-5.0,-0.047295441050007415,0.22240000000000001,0.1751045589499926,-127.0,-1.0
61.872111091,1.0,0.0,695.0,0.9,700.0,-5.0,-0.0525,0.2641,0.2116,700.0,-5.0,-0.04774035672500304,0.22240000000000001,0.17465964327499697,-127.0,-1.0
61.891802968,1.0,0.0,695.0,0.9,700.0,-5.0,-0.0525,0.2641,0.2116,680.0,15.0,0.14370803089998388,0.22240000000000001,0.3661080308999839,-127.0,-1.0
61.912151095,1.0,0.0,695.0,0.9,700.0,-5.0,-0.0525,0.2641,0.2116,700.0,-5.0,-0.04679895875001648,0.22240000000000001,0.17560104124998355,-127.0,-1.0
61.933705264,1.0,0.0,695.0,0.9,700.0,-5.0,-0.0525,0.2641,0.2116,700.0,-5.0,-0.047315289000018766,0.22240000000000001,0.17508471099998124,-127.0,-1.0
61.9588341,1.0,0.0,695.0,0.9,680.0,15.0,0.13941701582500626,0.2641,0.40351701582500626,700.0,-5.0,-0.047954301575023235,0.22240000000000001,0.1744456984249768,-127.0,-1.0
61.975857227,1.0,0.0,695.0,0.9,680.0,15.0,0.14067329717499888,0.2641,0.4047732971749989,700.0,-5.0,-0.04837305472501839,0.22240000000000001,0.17402694527498164,-127.0,-1.0
61.993383187,1.0,0.0,695.0,0.9,680.0,15.0,0.14196545357499415,0.2641,0.40606545357499413,700.0,-5.0,-0.04880376625002555,0.22240000000000001,0.17359623374997446,-127.0,-1.0
62.016589647,1.0,0.0,695.0,0.9,700.0,-5.0,-0.048626476700010246,0.2641,0.21547352329998976,700.0,-5.0,-0.049395703800021236,0.22240000000000001,0.17300429619997879,-127.0,-1.0
62.035234149,1.0,0.0,695.0,0.9,700.0,-5.0,-0.049080944450010974,0.2641,0.215019055549989,700.0,-5.0,-0.049850127800018525,0.22240000000000001,0.1725498721999815,-127.0,-1.0
62.057616652,1.0,0.0,695.0,0.9,700.0,-5.0,-0.04962715597501074,0.2641,0.21447284402498926,680.0,15.0,0.14178857240000298,0.22240000000000001,0.364188572400003,-127.0,-1.0
62.077592612,1.0,0.0,695.0,0.9,700.0,-5.0,-0.050145666425012225,0.2641,0.21395433357498778,700.0,-5.0,-0.04872995992499455,0.22240000000000001,0.17367004007500547,-127.0,-1.0
62.095784739,1.0,0.0,695.0,0.9,700.0,-5.0,-0.05059656855001094,0.2641,0.21350343144998907,680.0,15.0,0.14262274645000161,0.22240000000000001,0.36502274645000166,-127.0,-1.0
62.116772199,1.0,0.0,695.0,0.9,700.0,-5.0,-0.05111704050000526,0.2641,0.21298295949999474,680.0,15.0,0.14418416229998454,0.22240000000000001,0.3665841622999846,-127.0,-1.0
62.133256618,1.0,0.0,695.0,0.9,700.0,-5.0,-0.051541328025009533,0.2641,0.21255867197499045,700.0,-5.0,-0.04624011795001707,0.22240000000000001,0.17615988204998295,-127.0,-1.0
62.154703745,1.0,0.0,695.0,0.9,720.0,-25.0,-0.2425,0.2641,0.021600000000000008,720.0,-25.0,-0.23872872757502137,0.22240000000000001,-0.01632872757502135,-127.0,-1.0
62.191511498,1.0,0.0,695.0,0.9,700.0,-5.0,-0.0525,0.2641,0.2116,680.0,15.0,0.1440385039249918,0.22240000000000001,0.3664385039249918,-127.0,-1.0
62.209834292,1.0,0.0,695.0,0.9,680.0,15.0,0.13898032517502087,0.2641,0.4030803251750209,700.0,-5.0,-0.046454952375008816,0.22240000000000001,0.1759450476249912,-127.0,-1.0
62.247211962,1.0,0.0,695.0,0.9,700.0,-5.0,-0.051877641574972135,0.2641,0.21222235842502787,680.0,15.0,0.14611896977497735,0.22240000000000001,0.36851896977497733,-127.0,-1.0
62.278516257,1.0,0.0,695.0,0.9,700.0,-5.0,-0.0525,0.2641,0.2116,700.0,-5.0,-0.04470678237502398,0.22240000000000001,0.17769321762497603,-127.0,-1.0
62.297790759,1.0,0.0,695.0,0.9,700.0,-5.0,-0.0525,0.2641,0.2116,680.0,15.0,0.14685391152498822,0.22240000000000001,0.3692539115249882,-127.0,-1.0
62.313324052,1.0,0.0,695.0,0.9,700.0,-5.0,-0.0525,0.2641,0.2116,680.0,15.0,0.1475,0.22240000000000001,0.3699,-127.0,-1.0
62.330985054,1.0,0.0,695.0,0.9,700.0,-5.0,-0.0525,0.2641,0.2116,680.0,15.0,0.1475,0.22240000000000001,0.3699,-127.0,-1.0
62.347406764,1.0,0.0,695.0,0.9,700.0,-5.0,-0.0525,0.2641,0.2116,700.0,-5.0,-0.04284615732499788,0.22240000000000001,0.17955384267500213,-127.0,-1.0
62.363443474,1.0,0.0,695.0,0.9,700.0,-5.0,-0.0525,0.2641,0.2116,700.0,-5.0,-0.043262883400000195,0.22240000000000001,0.1791371165999998,-127.0,-1.0
62.379738892,1.0,0.0,695.0,0.9,700.0,-5.0,-0.0525,0.2641,0.2116,700.0,-5.0,-0.04366954697499523,0.22240000000000001,0.1787304530250048,-127.0,-1.0
62.396605977,1.0,0.0,695.0,0.9,700.0,-5.0,-0.0525,0.2641,0.2116,700.0,-5.0,-0.04409653974999401,0.22240000000000001,0.178303460250006,-127.0,-1.0
62.413237979,1.0,0.0,695.0,0.9,700.0,-5.0,-0.0525,0.2641,0.2116,680.0,15.0,0.14714915407499574,0.22240000000000001,0.3695491540749958,-127.0,-1.0
62.430912397,1.0,0.0,695.0,0.9,700.0,-5.0,-0.0525,0.2641,0.2116,700.0,-5.0,-0.043270576175011684,0.22240000000000001,0.17912942382498834,-127.0,-1.0
62.449216233,1.0,0.0,695.0,0.9,700.0,-5.0,-0.0525,0.2641,0.2116,700.0,-5.0,-0.04369140747500524,0.22240000000000001,0.17870859252499477,-127.0,-1.0
62.478870861,1.0,0.0,695.0,0.9,700.0,-5.0,-0.0525,0.2641,0.2116,680.0,15.0,0.1475,0.22240000000000001,0.3699,-127.0,-1.0
62.497083696,1.0,0.0,695.0,0.9,680.0,15.0,0.138801387625017,0.2641,0.40290138762501704,700.0,-5.0,-0.04293378857500329,0.22240000000000001,0.17946621142499672,-127.0,-1.0
62.514898114,1.0,0.0,695.0,0.9,680.0,15.0,0.14014545339998674,0.2641,0.40424545339998674,700.0,-5.0,-0.04338181050000458,0.22240000000000001,0.17901818949999543,-127.0,-1.0
62.537866283,0.0,0.0,695.0,0.9,680.0,15.0,0.14182810045001587,0.2641,0.40592810045001587,720.0,-25.0,-0.23618625875000815,0.22240000000000001,-0.013786258750008135,-127.0,-1.0
62.55866591,1.0,0.0,695.0,0.9,700.0,-5.0,-0.0486878214749845,0.2641,0.21541217852501549,680.0,15.0,0.14536141949996362,0.22240000000000001,0.36776141949996366,-127.0,-1.0
62.577820537,1.0,0.0,695.0,0.9,700.0,-5.0,-0.049182531949977605,0.2641,0.2149174680500224,700.0,-5.0,-0.045133312850036876,0.22240000000000001,0.17726668714996313,-127.0,-1.0
62.595553581,1.0,0.0,695.0,0.9,700.0,-5.0,-0.04962081219997799,0.2641,0.214479187800022,680.0,15.0,0.14618146227497616,0.22240000000000001,0.3685814622749762,-127.0,-1.0
62.613160624,1.0,0.0,695.0,0.9,700.0,-5.0,-0.05005753202498454,0.2641,0.21404246797501547,700.0,-5.0,-0.044255272150023756,0.22240000000000001,0.17814472784997626,-127.0,-1.0
62.629824126,1.0,0.0,695.0,0.9,700.0,-5.0,-0.05048111227497657,0.2641,0.21361888772502344,700.0,-5.0,-0.04467886697502081,0.22240000000000001,0.17772113302497922,-127.0,-1.0
62.648491086,1.0,0.0,695.0,0.9,700.0,-5.0,-0.05092783627498193,0.2641,0.21317216372501807,700.0,-5.0,-0.04512558370002353,0.22240000000000001,0.17727441629997648,-127.0,-1.0
62.664942838,1.0,0.0,695.0,0.9,700.0,-5.0,-0.05135490924998521,0.2641,0.2127450907500148,700.0,-5.0,-0.04555265665002708,0.22240000000000001,0.17684734334997293,-127.0,-1.0
62.700893383,0.0,0.0,695.0,0.9,720.0,-25.0,-0.2425,0.2641,0.021600000000000008,680.0,15.0,0.1471469154749661,0.22240000000000001,0.3695469154749661,-127.0,-1.0
62.720630468,1.0,0.0,695.0,0.9,700.0,-5.0,-0.0525,0.2641,0.2116,680.0,15.0,0.1475,0.22240000000000001,0.3699,-127.0,-1.0
62.756063013,1.0,0.0,695.0,0.9,700.0,-5.0,-0.0525,0.2641,0.2116,700.0,-5.0,-0.043332205300002896,0.22240000000000001,0.17906779469999712,-127.0,-1.0
62.778007724,1.0,0.0,695.0,0.9,700.0,-5.0,-0.0525,0.2641,0.2116,700.0,-5.0,-0.04395217202500589,0.22240000000000001,0.17844782797499412,-127.0,-1.0
62.794825517,1.0,0.0,695.0,0.9,700.0,-5.0,-0.0525,0.2641,0.2116,700.0,-5.0,-0.04435179915000617,0.22240000000000001,0.17804820084999384,-127.0,-1.0
62.812652186,1.0,0.0,695.0,0.9,700.0,-5.0,-0.0525,0.2641,0.2116,700.0,-5.0,-0.044824962750003576,0.22240000000000001,0.17757503724999643,-127.0,-1.0
62.83398673,1.0,0.0,695.0,0.9,700.0,-5.0,-0.0525,0.2641,0.2116,720.0,-25.0,-0.23749903587498236,0.22240000000000001,-0.015099035874982347,-127.0,-1.0
62.849787773,1.0,0.0,695.0,0.9,700.0,-5.0,-0.0525,0.2641,0.2116,680.0,15.0,0.14371520175003297,0.22240000000000001,0.366115201750033,-127.0,-1.0
62.868924608,1.0,0.0,695.0,0.9,680.0,15.0,0.13875223449998655,0.2641,0.40285223449998653,700.0,-5.0,-0.046702224324967574,0.22240000000000001,0.17569777567503245,-127.0,-1.0
62.887026318,1.0,0.0,695.0,0.9,680.0,15.0,0.14006167210000056,0.2641,0.40416167210000054,680.0,15.0,0.14460721335004562,0.22240000000000001,0.3670072133500456,-127.0,-1.0
62.905085737,1.0,0.0,695.0,0.9,700.0,-5.0,-0.05042164149999962,0.2641,0.2136783585000004,720.0,-25.0,-0.2378093545249567,0.22240000000000001,-0.015409354524956675,-127.0,-1.0
62.926110822,1.0,0.0,695.0,0.9,700.0,-5.0,-0.05094285717499588,0.2641,0.21315714282500411,680.0,15.0,0.14375427067502414,0.22240000000000001,0.36615427067502415,-127.0,-1.0
62.942282865,1.0,0.0,695.0,0.9,700.0,-5.0,-0.0513701488749939,0.2641,0.2127298511250061,700.0,-5.0,-0.04667302832497626,0.22240000000000001,0.17572697167502377,-127.0,-1.0
62.960805159,1.0,0.0,695.0,0.9,700.0,-5.0,-0.051779116624995826,0.2641,0.21232088337500418,680.0,15.0,0.1445538749250295,0.22240000000000001,0.3669538749250295,-127.0,-1.0
62.987469037,1.0,0.0,695.0,0.9,680.0,15.0,0.14016974922501502,0.2641,0.404269749225015,680.0,15.0,0.14650271887503322,0.22240000000000001,0.36890271887503323,-127.0,-1.0
63.010571956,1.0,0.0,695.0,0.9,680.0,15.0,0.14174455249999482,0.2641,0.40584455249999485,680.0,15.0,0.1475,0.22240000000000001,0.3699,-127.0,-1.0
63.030579124,1.0,0.0,695.0,0.9,680.0,15.0,0.1435230995750203,0.2641,0.4076230995750203,700.0,-5.0,-0.04309286359999078,0.22240000000000001,0.17930713640000923,-127.0,-1.0
63.05047021,1.0,0.0,695.0,0.9,700.0,-5.0,-0.0469192275499745,0.2641,0.2171807724500255,700.0,-5.0,-0.04353519072499694,0.22240000000000001,0.1788648092750031,-127.0,-1.0
63.068427545,1.0,0.0,695.0,0.9,700.0,-5.0,-0.047441741149978046,0.2641,0.21665825885002196,700.0,-5.0,-0.04405769704999784,0.22240000000000001,0.17834230295000217,-127.0,-1.0
63.083761921,1.0,0.0,695.0,0.9,720.0,-25.0,-0.23940181414994186,0.2641,0.024698185850058146,700.0,-5.0,-0.044449711649990606,0.22240000000000001,0.17795028835000942,-127.0,-1.0
63.101471923,1.0,0.0,695.0,0.9,720.0,-25.0,-0.24159948627496305,0.2641,0.022500513725036947,700.0,-5.0,-0.044889253374997225,0.22240000000000001,0.1775107466250028,-127.0,-1.0
63.11828855,1.0,0.0,695.0,0.9,720.0,-25.0,-0.2425,0.2641,0.021600000000000008,700.0,-5.0,-0.04530998987499288,0.22240000000000001,0.17709001012500714,-127.0,-1.0
63.142969386,1.0,0.0,695.0,0.9,700.0,-5.0,-0.0525,0.2641,0.2116,700.0,-5.0,-0.04592764514999772,0.22240000000000001,0.1764723548500023,-127.0,-1.0
63.159312637,1.0,0.0,695.0,0.9,700.0,-5.0,-0.0525,0.2641,0.2116,700.0,-5.0,-0.046360150399998475,0.22240000000000001,0.17603984960000155,-127.0,-1.0
63.177306431,1.0,0.0,695.0,0.9,700.0,-5.0,-0.0525,0.2641,0.2116,680.0,15.0,0.14496499347497774,0.22240000000000001,0.36736499347497775,-127.0,-1.0
63.204686059,1.0,0.0,695.0,0.9,700.0,-5.0,-0.0525,0.2641,0.2116,700.0,-5.0,-0.045723821175026845,0.22240000000000001,0.17667617882497316,-127.0,-1.0
63.220744935,1.0,0.0,695.0,0.9,700.0,-5.0,-0.0525,0.2641,0.2116,720.0,-25.0,-0.2377358839250246,0.22240000000000001,-0.01533588392502458,-127.0,-1.0
63.239563562,1.0,0.0,695.0,0.9,700.0,-5.0,-0.0525,0.2641,0.2116,700.0,-5.0,-0.04820006417502782,0.22240000000000001,0.1741999358249722,-127.0,-1.0
63.280115733,1.0,0.0,695.0,0.9,700.0,-5.0,-0.0525,0.2641,0.2116,700.0,-5.0,-0.04913699240002416,0.22240000000000001,0.17326300759997587,-127.0,-1.0
63.29844786,1.0,0.0,695.0,0.9,700.0,-5.0,-0.0525,0.2641,0.2116,680.0,15.0,0.1424442858499651,0.22240000000000001,0.3648442858499651,-127.0,-1.0
63.316186445,1.0,0.0,695.0,0.9,680.0,15.0,0.1386609938499987,0.2641,0.4027609938499987,700.0,-5.0,-0.04794269752504079,0.22240000000000001,0.17445730247495922,-127.0,-1.0
63.335124655,1.0,0.0,695.0,0.9,680.0,15.0,0.1401953721250038,0.2641,0.40429537212500377,700.0,-5.0,-0.048454171525036144,0.22240000000000001,0.17394582847496387,-127.0,-1.0
63.354190032,1.0,0.0,695.0,0.9,700.0,-5.0,-0.05025071022500015,0.2641,0.21384928977499984,700.0,-5.0,-0.04890018825004063,0.22240000000000001,0.17349981174995938,-127.0,-1.0
63.377809784,1.0,0.0,695.0,0.9,700.0,-5.0,-0.050846833200002946,0.2641,0.21325316679999706,680.0,15.0,0.14288839944993922,0.22240000000000001,0.36528839944993924,-127.0,-1.0
63.396323911,1.0,0.0,695.0,0.9,700.0,-5.0,-0.051332669700004774,0.2641,0.21276733029999523,700.0,-5.0,-0.04759742245006919,0.22240000000000001,0.17480257754993084,-127.0,-1.0
63.412661038,1.0,0.0,695.0,0.9,700.0,-5.0,-0.05173943537500009,0.2641,0.21236056462499991,680.0,15.0,0.14362289647492388,0.22240000000000001,0.3660228964749239,-127.0,-1.0
63.430556248,1.0,0.0,695.0,0.9,700.0,-5.0,-0.05216377394999881,0.2641,0.21193622605000118,700.0,-5.0,-0.046801442100074836,0.22240000000000001,0.17559855789992518,-127.0,-1.0
63.448175541,1.0,0.0,695.0,0.9,700.0,-5.0,-0.0525,0.2641,0.2116,680.0,15.0,0.14458420802492128,0.22240000000000001,0.36698420802492127,-127.0,-1.0
63.466458376,1.0,0.0,695.0,0.9,700.0,-5.0,-0.0525,0.2641,0.2116,700.0,-5.0,-0.045856245150075664,0.22240000000000001,0.17654375484992435,-127.0,-1.0
63.492970879,1.0,0.0,695.0,0.9,700.0,-5.0,-0.0525,0.2641,0.2116,680.0,15.0,0.14630935817494672,0.22240000000000001,0.36870935817494677,-127.0,-1.0
63.508563089,1.0,0.0,695.0,0.9,700.0,-5.0,-0.0525,0.2641,0.2116,720.0,-25.0,-0.23554411082502155,0.22240000000000001,-0.013144110825021538,-127.0,-1.0
63.527301799,1.0,0.0,695.0,0.9,700.0,-5.0,-0.0525,0.2641,0.2116,680.0,15.0,0.14589438932499432,0.22240000000000001,0.36829438932499436,-127.0,-1.0
63.545003634,1.0,0.0,695.0,0.9,700.0,-5.0,-0.0525,0.2641,0.2116,700.0,-5.0,-0.044531305500008785,0.22240000000000001,0.17786869449999124,-127.0,-1.0
63.566328553,1.0,0.0,695.0,0.9,680.0,15.0,0.139062859524995,0.2641,0.403162859524995,680.0,15.0,0.14703153219997828,0.22240000000000001,0.36943153219997826,-127.0,-1.0
63.593719556,1.0,0.0,695.0,0.9,680.0,15.0,0.14114783162497133,0.2641,0.40524783162497136,700.0,-5.0,-0.043663465775016445,0.22240000000000001,0.17873653422498356,-127.0,-1.0
63.615001891,1.0,0.0,695.0,0.9,700.0,-5.0,-0.04937638092503903,0.2641,0.21472361907496096,680.0,15.0,0.1475,0.22240000000000001,0.3699,-127.0,-1.0
63.63001631,1.0,0.0,695.0,0.9,700.0,-5.0,-0.04980872577503078,0.2641,0.2142912742249692,680.0,15.0,0.1475,0.22240000000000001,0.3699,-127.0,-1.0
63.64796927,1.0,0.0,695.0,0.9,700.0,-5.0,-0.05024478205002879,0.2641,0.2138552179499712,680.0,15.0,0.1475,0.22240000000000001,0.3699,-127.0,-1.0
63.669401814,1.0,0.0,695.0,0.9,700.0,-5.0,-0.05073179252502996,0.2641,0.21336820747497004,700.0,-5.0,-0.04298700317501016,0.22240000000000001,0.17941299682498985,-127.0,-1.0
63.688285482,1.0,0.0,695.0,0.9,700.0,-5.0,-0.05117806445002998,0.2641,0.21292193554997002,700.0,-5.0,-0.04343328240000119,0.22240000000000001,0.17896671759999883,-127.0,-1.0
63.714689193,1.0,0.0,695.0,0.9,700.0,-5.0,-0.051867659300037304,0.2641,0.2122323406999627,700.0,-5.0,-0.04412287725000851,0.22240000000000001,0.1782771227499915,-127.0,-1.0
63.731983278,1.0,0.0,695.0,0.9,700.0,-5.0,-0.052306165600034545,0.2641,0.21179383439996546,680.0,15.0,0.14719261974997605,0.22240000000000001,0.36959261974997604,-127.0,-1.0
63.750959405,1.0,0.0,695.0,0.9,700.0,-5.0,-0.0525,0.2641,0.2116,720.0,-25.0,-0.23514979200004518,0.22240000000000001,-0.012749792000045168,-127.0,-1.0
63.791800326,1.0,0.0,695.0,0.9,700.0,-5.0,-0.0525,0.2641,0.2116,700.0,-5.0,-0.0460374431250375,0.22240000000000001,0.17636255687496252,-127.0,-1.0
63.811339078,1.0,0.0,695.0,0.9,680.0,15.0,0.13921797520001744,0.2641,0.40331797520001744,680.0,15.0,0.1456805101749728,0.22240000000000001,0.3680805101749728,-127.0,-1.0
63.843248873,1.0,0.0,695.0,0.9,680.0,15.0,0.14164631920000373,0.2641,0.4057463192000037,700.0,-5.0,-0.04512894512502499,0.22240000000000001,0.17727105487497502,-127.0,-1.0
63.860967333,1.0,0.0,695.0,0.9,700.0,-5.0,-0.0488330496000026,0.2641,0.2152669503999974,680.0,15.0,0.14630913937498688,0.22240000000000001,0.3687091393749869,-127.0,-1.0
63.879391043,1.0,0.0,695.0,0.9,700.0,-5.0,-0.04927185484999882,0.2641,0.21482814515000118,680.0,15.0,0.1475,0.22240000000000001,0.3699,-127.0,-1.0
63.897342253,1.0,0.0,695.0,0.9,700.0,-5.0,-0.0497904017750011,0.2641,0.2143095982249989,680.0,15.0,0.1475,0.22240000000000001,0.3699,-127.0,-1.0
63.91832913,1.0,0.0,695.0,0.9,700.0,-5.0,-0.050267364325000015,0.2641,0.213832635675,700.0,-5.0,-0.042976969850001295,0.22240000000000001,0.17942303014999872,-127.0,-1.0
63.938455007,1.0,0.0,695.0,0.9,700.0,-5.0,-0.05076784977500438,0.2641,0.21333215022499563,700.0,-5.0,-0.043477448025003015,0.22240000000000001,0.178922551974997,-127.0,-1.0
63.956334467,1.0,0.0,695.0,0.9,700.0,-5.0,-0.051217286274995784,0.2641,0.21288271372500422,700.0,-5.0,-0.04392688452500579,0.22240000000000001,0.17847311547499423,-127.0,-1.0
63.975284928,1.0,0.0,695.0,0.9,700.0,-5.0,-0.05164338945000054,0.2641,0.21245661054999945,700.0,-5.0,-0.04435299497500182,0.22240000000000001,0.1780470050249982,-127.0,-1.0
63.999355305,1.0,0.0,695.0,0.9,700.0,-5.0,-0.05229689785000119,0.2641,0.2118031021499988,700.0,-5.0,-0.04500648150000643,0.22240000000000001,0.17739351849999357,-127.0,-1.0
64.016619348,1.0,0.0,695.0,0.9,700.0,-5.0,-0.0525,0.2641,0.2116,700.0,-5.0,-0.04543919822499902,0.22240000000000001,0.176960801775001,-127.0,-1.0
64.035653809,1.0,0.0,695.0,0.9,700.0,-5.0,-0.0525,0.2641,0.2116,680.0,15.0,0.1460357893500236,0.22240000000000001,0.36843578935002363,-127.0,-1.0
64.059118103,1.0,0.0,695.0,0.9,700.0,-5.0,-0.0525,0.2641,0.2116,700.0,-5.0,-0.04455953154996905,0.22240000000000001,0.17784046845003096,-127.0,-1.0
64.076259354,1.0,0.0,695.0,0.9,700.0,-5.0,-0.0525,0.2641,0.2116,720.0,-25.0,-0.23652124529997534,0.22240000000000001,-0.014121245299975327,-127.0,-1.0
64.092501398,1.0,0.0,695.0,0.9,700.0,-5.0,-0.0525,0.2641,0.2116,700.0,-5.0,-0.04696651827497817,0.22240000000000001,0.17543348172502185,-127.0,-1.0
64.108341524,1.0,0.0,695.0,0.9,700.0,-5.0,-0.0525,0.2641,0.2116,680.0,15.0,0.14421777245002884,0.22240000000000001,0.36661777245002886,-127.0,-1.0
64.129544818,1.0,0.0,695.0,0.9,700.0,-5.0,-0.0525,0.2641,0.2116,680.0,15.0,0.14576879757500819,0.22240000000000001,0.3681687975750082,-127.0,-1.0
64.147243445,1.0,0.0,695.0,0.9,680.0,15.0,0.13868558140000004,0.2641,0.40278558140000004,700.0,-5.0,-0.044626374349995786,0.22240000000000001,0.17777362565000424,-127.0,-1.0
64.166631405,1.0,0.0,695.0,0.9,680.0,15.0,0.14015597522500228,0.2641,0.4042559752250023,700.0,-5.0,-0.04511652022498993,0.22240000000000001,0.17728347977501008,-127.0,-1.0
64.18293849,1.0,0.0,695.0,0.9,700.0,-5.0,-0.05028203524999753,0.2641,0.21381796475000248,700.0,-5.0,-0.04555454527499478,0.22240000000000001,0.17684545472500524,-127.0,-1.0
64.206706701,1.0,0.0,695.0,0.9,700.0,-5.0,-0.050825235300001166,0.2641,0.21327476469999884,700.0,-5.0,-0.04609774532499841,0.22240000000000001,0.1763022546750016,-127.0,-1.0
64.233908412,1.0,0.0,695.0,0.9,700.0,-5.0,-0.051551295799995386,0.2641,0.2125487042000046,700.0,-5.0,-0.04682379852499025,0.22240000000000001,0.17557620147500977,-127.0,-1.0
64.250635205,1.0,0.0,695.0,0.9,700.0,-5.0,-0.05197028230000115,0.2641,0.21212971769999886,700.0,-5.0,-0.04724279232499839,0.22240000000000001,0.17515720767500162,-127.0,-1.0
64.272396457,1.0,0.0,695.0,0.9,700.0,-5.0,-0.0525,0.2641,0.2116,680.0,15.0,0.14438326407497243,0.22240000000000001,0.3667832640749724,-127.0,-1.0
64.316212087,0.0,0.0,695.0,0.9,680.0,15.0,0.1405255096750011,0.2641,0.4046255096750011,720.0,-25.0,-0.24065936142506641,0.22240000000000001,-0.0182593614250664,-127.0,-1.0
64.337849672,1.0,0.0,695.0,0.9,680.0,15.0,0.14236777862500957,0.2641,0.4064677786250096,700.0,-5.0,-0.05127342920006186,0.22240000000000001,0.17112657079993815,-127.0,-1.0
64.356344258,1.0,0.0,695.0,0.9,700.0,-5.0,-0.04809511099998872,0.2641,0.21600488900001127,680.0,15.0,0.1401152833999481,0.22240000000000001,0.3625152833999481,-127.0,-1.0
64.373198801,1.0,0.0,695.0,0.9,700.0,-5.0,-0.048526471474988286,0.2641,0.21557352852501172,680.0,15.0,0.1414093648249468,0.22240000000000001,0.3638093648249468,-127.0,-1.0
64.392339136,1.0,0.0,695.0,0.9,700.0,-5.0,-0.04897174442499136,0.2641,0.21512825557500864,700.0,-5.0,-0.04903590812505627,0.22240000000000001,0.17336409187494375,-127.0,-1.0
64.409878805,1.0,0.0,695.0,0.9,700.0,-5.0,-0.04944318717498618,0.2641,0.2146568128250138,700.0,-5.0,-0.049507343600048444,0.22240000000000001,0.17289265639995158,-127.0,-1.0
64.430607265,1.0,0.0,695.0,0.9,700.0,-5.0,-0.04994586014999186,0.2641,0.21415413985000814,680.0,15.0,0.1420006971499765,0.22240000000000001,0.3644006971499765,-127.0,-1.0
64.450140184,1.0,0.0,695.0,0.9,700.0,-5.0,-0.0504405195749905,0.2641,0.21365948042500948,700.0,-5.0,-0.04849394770001709,0.22240000000000001,0.17390605229998293,-127.0,-1.0
64.469795894,1.0,0.0,695.0,0.9,700.0,-5.0,-0.05093019149998327,0.2641,0.21316980850001674,700.0,-5.0,-0.04898363420001488,0.22240000000000001,0.17341636579998515,-127.0,-1.0
64.489010604,1.0,0.0,695.0,0.9,700.0,-5.0,-0.051379022799985706,0.2641,0.2127209772000143,680.0,15.0,0.14236285969999243,0.22240000000000001,0.36476285969999245,-127.0,-1.0
64.520283982,1.0,0.0,695.0,0.9,700.0,-5.0,-0.05220820204998745,0.2641,0.21189179795001256,720.0,-25.0,-0.24178307292502949,0.22240000000000001,-0.01938307292502947,-127.0,-1.0
64.538807151,1.0,0.0,695.0,0.9,700.0,-5.0,-0.0525,0.2641,0.2116,700.0,-5.0,-0.052245000075031384,0.22240000000000001,0.17015499992496863,-127.0,-1.0
64.556329028,1.0,0.0,695.0,0.9,680.0,15.0,0.1388155626249727,0.2641,0.4029155626249727,700.0,-5.0,-0.0525,0.22240000000000001,0.16990000000000002,-127.0,-1.0
64.577825738,1.0,0.0,695.0,0.9,680.0,15.0,0.14020364087497228,0.2641,0.4043036408749723,680.0,15.0,0.13888805635002655,0.22240000000000001,0.3612880563500266,-127.0,-1.0
64.598695657,1.0,0.0,695.0,0.9,680.0,15.0,0.14190429107499083,0.2641,0.4060042910749908,700.0,-5.0,-0.051678834349970657,0.22240000000000001,0.17072116565002937,-127.0,-1.0
64.623707534,1.0,0.0,695.0,0.9,700.0,-5.0,-0.048733992300005864,0.2641,0.21536600769999414,700.0,-5.0,-0.052317117724967374,0.22240000000000001,0.17008288227503265,-127.0,-1.0
64.646612703,1.0,0.0,695.0,0.9,720.0,-25.0,-0.2416380083000081,0.2641,0.022461991699991912,700.0,-5.0,-0.0525,0.22240000000000001,0.16990000000000002,-127.0,-1.0
64.666994955,0.0,0.0,695.0,0.9,720.0,-25.0,-0.2425,0.2641,0.021600000000000008,680.0,15.0,0.13903932205000727,0.22240000000000001,0.3614393220500073,-127.0,-1.0
64.686255749,1.0,0.0,695.0,0.9,720.0,-25.0,-0.2425,0.2641,0.021600000000000008,700.0,-5.0,-0.05142847487499239,0.22240000000000001,0.17097152512500763,-127.0,-1.0
64.704721459,1.0,0.0,695.0,0.9,700.0,-5.0,-0.0525,0.2641,0.2116,720.0,-25.0,-0.2425,0.22240000000000001,-0.02009999999999998,-127.0,-1.0
64.721524961,1.0,0.0,695.0,0.9,700.0,-5.0,-0.0525,0.2641,0.2116,700.0,-5.0,-0.0525,0.22240000000000001,0.16990000000000002,-127.0,-1.0
64.754090131,1.0,0.0,695.0,0.9,700.0,-5.0,-0.0525,0.2641,0.2116,680.0,15.0,0.1400192128000185,0.22240000000000001,0.36241921280001854,-127.0,-1.0
64.771432341,1.0,0.0,695.0,0.9,700.0,-5.0,-0.0525,0.2641,0.2116,700.0,-5.0,-0.050411513274982556,0.22240000000000001,0.17198848672501746,-127.0,-1.0
64.811183887,1.0,0.0,695.0,0.9,700.0,-5.0,-0.0525,0.2641,0.2116,680.0,15.0,0.1425803088750058,0.22240000000000001,0.3649803088750058,-127.0,-1.0
64.83291218,1.0,0.0,695.0,0.9,700.0,-5.0,-0.0525,0.2641,0.2116,680.0,15.0,0.14381968087500352,0.22240000000000001,0.36621968087500356,-127.0,-1.0
64.854830641,1.0,0.0,695.0,0.9,700.0,-5.0,-0.0525,0.2641,0.2116,700.0,-5.0,-0.046838246275003714,0.22240000000000001,0.1755617537249963,-127.0,-1.0
64.872946643,1.0,0.0,695.0,0.9,680.0,15.0,0.13884360639998475,0.2641,0.4029436063999847,700.0,-5.0,-0.047286115074998636,0.22240000000000001,0.17511388492500138,-127.0,-1.0
64.89085177,1.0,0.0,695.0,0.9,680.0,15.0,0.1401919815249812,0.2641,0.4042919815249812,680.0,15.0,0.14406228195000492,0.22240000000000001,0.36646228195000496,-127.0,-1.0
64.90906548,1.0,0.0,695.0,0.9,680.0,15.0,0.14144695044997205,0.2641,0.405546950449972,700.0,-5.0,-0.04635602642499862,0.22240000000000001,0.1760439735750014,-127.0,-1.0
64.92825744,1.0,0.0,695.0,0.9,700.0,-5.0,-0.04904818292502796,0.2641,0.21505181707497203,700.0,-5.0,-0.04685114522499362,0.22240000000000001,0.1755488547750064,-127.0,-1.0
64.943899525,1.0,0.0,695.0,0.9,700.0,-5.0,-0.0494581131750374,0.2641,0.2146418868249626,700.0,-5.0,-0.047261097349999094,0.22240000000000001,0.17513890265000093,-127.0,-1.0
64.96485986,0.0,0.0,695.0,0.9,720.0,-25.0,-0.2420835144250236,0.2641,0.022016485574976402,680.0,15.0,0.14431414339999263,0.22240000000000001,0.36671414339999264,-127.0,-1.0
64.991371196,1.0,0.0,695.0,0.9,720.0,-25.0,-0.2425,0.2641,0.021600000000000008,700.0,-5.0,-0.046285465000007665,0.22240000000000001,0.17611453499999236,-127.0,-1.0
65.014826449,1.0,0.0,695.0,0.9,700.0,-5.0,-0.0525,0.2641,0.2116,700.0,-5.0,-0.04694072340000958,0.22240000000000001,0.17545927659999044,-127.0,-1.0
65.031688867,1.0,0.0,695.0,0.9,700.0,-5.0,-0.0525,0.2641,0.2116,700.0,-5.0,-0.04737021720000257,0.22240000000000001,0.17502978279999745,-127.0,-1.0
65.048085785,1.0,0.0,695.0,0.9,700.0,-5.0,-0.0525,0.2641,0.2116,700.0,-5.0,-0.04778807350000079,0.22240000000000001,0.17461192649999924,-127.0,-1.0
65.063926495,1.0,0.0,695.0,0.9,700.0,-5.0,-0.0525,0.2641,0.2116,700.0,-5.0,-0.04819253500000059,0.22240000000000001,0.17420746499999942,-127.0,-1.0
65.080292205,1.0,0.0,695.0,0.9,700.0,-5.0,-0.0525,0.2641,0.2116,700.0,-5.0,-0.048593423575007365,0.22240000000000001,0.17380657642499264,-127.0,-1.0
65.097728915,1.0,0.0,695.0,0.9,700.0,-5.0,-0.0525,0.2641,0.2116,700.0,-5.0,-0.04902287362500829,0.22240000000000001,0.17337712637499172,-127.0,-1.0
65.119825293,1.0,0.0,695.0,0.9,680.0,15.0,0.13910973767500534,0.2641,0.40320973767500534,700.0,-5.0,-0.04955946742500373,0.22240000000000001,0.1728405325749963,-127.0,-1.0
65.138830878,1.0,0.0,695.0,0.9,680.0,15.0,0.1404944690499974,0.2641,0.4045944690499974,700.0,-5.0,-0.05002104455000108,0.22240000000000001,0.17237895544999893,-127.0,-1.0
65.157377963,1.0,0.0,695.0,0.9,680.0,15.0,0.1418940535750039,0.2641,0.4059940535750039,680.0,15.0,0.14137856180001335,0.22240000000000001,0.36377856180001333,-127.0,-1.0
65.17351384,1.0,0.0,695.0,0.9,700.0,-5.0,-0.048523802699994574,0.2641,0.21557619730000543,700.0,-5.0,-0.04903928719998248,0.22240000000000001,0.17336071280001752,-127.0,-1.0
65.199660009,1.0,0.0,695.0,0.9,720.0,-25.0,-0.24177333432503928,0.2641,0.022326665674960722,720.0,-25.0,-0.24228881882497033,0.22240000000000001,-0.019888818824970317,-127.0,-1.0
65.218040552,1.0,0.0,695.0,0.9,700.0,-5.0,-0.05223684375003131,0.2641,0.21186315624996868,700.0,-5.0,-0.0525,0.22240000000000001,0.16990000000000002,-127.0,-1.0
65.233659596,1.0,0.0,695.0,0.9,700.0,-5.0,-0.0525,0.2641,0.2116,680.0,15.0,0.1386853844500024,0.22240000000000001,0.3610853844500024,-127.0,-1.0
65.26023539,1.0,0.0,695.0,0.9,700.0,-5.0,-0.0525,0.2641,0.2116,700.0,-5.0,-0.05200544999999238,0.22240000000000001,0.17039455000000764,-127.0,-1.0
65.27565435,1.0,0.0,695.0,0.9,700.0,-5.0,-0.0525,0.2641,0.2116,680.0,15.0,0.13915289695003139,0.22240000000000001,0.3615528969500314,-127.0,-1.0
65.292902352,1.0,0.0,695.0,0.9,700.0,-5.0,-0.0525,0.2641,0.2116,680.0,15.0,0.14044459397500758,0.22240000000000001,0.36284459397500757,-127.0,-1.0
65.328093689,1.0,0.0,695.0,0.9,700.0,-5.0,-0.0525,0.2641,0.2116,700.0,-5.0,-0.05037950300000148,0.22240000000000001,0.17202049699999855,-127.0,-1.0
65.355373566,1.0,0.0,695.0,0.9,700.0,-5.0,-0.0525,0.2641,0.2116,700.0,-5.0,-0.05092461344999265,0.22240000000000001,0.17147538655000738,-127.0,-1.0
65.37342686,1.0,0.0,695.0,0.9,700.0,-5.0,-0.0525,0.2641,0.2116,700.0,-5.0,-0.05155726769999319,0.22240000000000001,0.17084273230000682,-127.0,-1.0
65.39144282,1.0,0.0,695.0,0.9,700.0,-5.0,-0.0525,0.2641,0.2116,700.0,-5.0,-0.05200855627499777,0.22240000000000001,0.17039144372500226,-127.0,-1.0
65.411502197,1.0,0.0,695.0,0.9,700.0,-5.0,-0.0525,0.2641,0.2116,700.0,-5.0,-0.05245888964999722,0.22240000000000001,0.1699411103500028,-127.0,-1.0
65.437058033,1.0,0.0,695.0,0.9,700.0,-5.0,-0.0525,0.2641,0.2116,700.0,-5.0,-0.0525,0.22240000000000001,0.16990000000000002,-127.0,-1.0
65.452787326,1.0,0.0,695.0,0.9,700.0,-5.0,-0.0525,0.2641,0.2116,700.0,-5.0,-0.0525,0.22240000000000001,0.16990000000000002,-127.0,-1.0
65.473531245,1.0,0.0,695.0,0.9,680.0,15.0,0.13877375950000895,0.2641,0.4028737595000089,680.0,15.0,0.13877380322502403,0.22240000000000001,0.361173803225024,-127.0,-1.0
65.493016913,1.0,0.0,695.0,0.9,700.0,-5.0,-0.05169149992498433,0.2641,0.21240850007501566,680.0,15.0,0.14016958150000391,0.22240000000000001,0.36256958150000396,-127.0,-1.0
65.515723457,1.0,0.0,695.0,0.9,680.0,15.0,0.13996450337502891,0.2641,0.4040645033750289,700.0,-5.0,-0.050382412299998125,0.22240000000000001,0.1720175877000019,-127.0,-1.0
65.54398071,0.0,0.0,695.0,0.9,680.0,15.0,0.14230755677502882,0.2641,0.4064075567750288,720.0,-25.0,-0.2425,0.22240000000000001,-0.02009999999999998,-127.0,-1.0
65.562041295,1.0,0.0,695.0,0.9,700.0,-5.0,-0.048141566174970195,0.2641,0.2159584338250298,680.0,15.0,0.13884734702498916,0.22240000000000001,0.3612473470249892,-127.0,-1.0
65.579800589,1.0,0.0,695.0,0.9,700.0,-5.0,-0.04857612767497358,0.2641,0.21552387232502643,700.0,-5.0,-0.05158721447501421,0.22240000000000001,0.1708127855249858,-127.0,-1.0
65.597680924,1.0,0.0,695.0,0.9,700.0,-5.0,-0.04902059127497523,0.2641,0.21507940872502476,700.0,-5.0,-0.05203167077501348,0.22240000000000001,0.17036832922498654,-127.0,-1.0
65.614714842,1.0,0.0,695.0,0.9,720.0,-25.0,-0.24119339877493529,0.2641,0.022906601225064716,700.0,-5.0,-0.05246623955000814,0.22240000000000001,0.16993376044999187,-127.0,-1.0
65.633111428,0.0,0.0,695.0,0.9,720.0,-25.0,-0.2425,0.2641,0.021600000000000008,680.0,15.0,0.1389404324750103,0.22240000000000001,0.36134043247501035,-127.0,-1.0
65.65829218,1.0,0.0,695.0,0.9,700.0,-5.0,-0.0525,0.2641,0.2116,700.0,-5.0,-0.05167314674999034,0.22240000000000001,0.1707268532500097,-127.0,-1.0
65.675639348,1.0,0.0,695.0,0.9,700.0,-5.0,-0.0525,0.2641,0.2116,700.0,-5.0,-0.05213372492499047,0.22240000000000001,0.17026627507500955,-127.0,-1.0
65.691873517,1.0,0.0,695.0,0.9,700.0,-5.0,-0.0525,0.2641,0.2116,680.0,15.0,0.13911118147500473,0.22240000000000001,0.3615111814750047,-127.0,-1.0
65.708389435,1.0,0.0,695.0,0.9,700.0,-5.0,-0.0525,0.2641,0.2116,700.0,-5.0,-0.051291500849995376,0.22240000000000001,0.17110849915000464,-127.0,-1.0
65.72565202,1.0,0.0,695.0,0.9,700.0,-5.0,-0.0525,0.2641,0.2116,680.0,15.0,0.13994259932499062,0.22240000000000001,0.36234259932499063,-127.0,-1.0
65.740880813,1.0,0.0,695.0,0.9,700.0,-5.0,-0.0525,0.2641,0.2116,700.0,-5.0,-0.05046850487500706,0.22240000000000001,0.17193149512499295,-127.0,-1.0
65.767347233,1.0,0.0,695.0,0.9,700.0,-5.0,-0.0525,0.2641,0.2116,680.0,15.0,0.14147806402501145,0.22240000000000001,0.36387806402501144,-127.0,-1.0
65.782618318,1.0,0.0,695.0,0.9,700.0,-5.0,-0.0525,0.2641,0.2116,720.0,-25.0,-0.2404737696000029,0.22240000000000001,-0.018073769600002898,-127.0,-1.0
65.807009237,1.0,0.0,695.0,0.9,680.0,15.0,0.13918741585000588,0.2641,0.4032874158500059,700.0,-5.0,-0.05103624152499379,0.22240000000000001,0.17136375847500623,-127.0,-1.0
65.844379615,1.0,0.0,695.0,0.9,700.0,-5.0,-0.051757139449991885,0.2641,0.21234286055000812,700.0,-5.0,-0.0519807822499979,0.22240000000000001,0.17041921775000213,-127.0,-1.0
65.867958534,1.0,0.0,695.0,0.9,700.0,-5.0,-0.05225576552499206,0.2641,0.21184423447500794,680.0,15.0,0.13951516159999072,0.22240000000000001,0.3619151615999907,-127.0,-1.0
65.892623329,1.0,0.0,695.0,0.9,700.0,-5.0,-0.0525,0.2641,0.2116,700.0,-5.0,-0.05120636347501432,0.22240000000000001,0.1711936365249857,-127.0,-1.0
65.910896539,1.0,0.0,695.0,0.9,700.0,-5.0,-0.0525,0.2641,0.2116,680.0,15.0,0.14021848667498488,0.22240000000000001,0.36261848667498486,-127.0,-1.0
65.926508582,1.0,0.0,695.0,0.9,700.0,-5.0,-0.0525,0.2641,0.2116,700.0,-5.0,-0.050174767550017804,0.22240000000000001,0.17222523244998222,-127.0,-1.0
65.9431995,1.0,0.0,695.0,0.9,700.0,-5.0,-0.0525,0.2641,0.2116,680.0,15.0,0.1410854950249586,0.22240000000000001,0.36348549502495864,-127.0,-1.0
65.95884771,1.0,0.0,695.0,0.9,700.0,-5.0,-0.0525,0.2641,0.2116,700.0,-5.0,-0.049299803975045506,0.22240000000000001,0.17310019602495452,-127.0,-1.0
65.975907587,1.0,0.0,695.0,0.9,700.0,-5.0,-0.0525,0.2641,0.2116,700.0,-5.0,-0.049730989425042935,0.22240000000000001,0.1726690105749571,-127.0,-1.0
65.996022381,1.0,0.0,695.0,0.9,700.0,-5.0,-0.0525,0.2641,0.2116,700.0,-5.0,-0.05018485197504333,0.22240000000000001,0.1722151480249567,-127.0,-1.0
66.011968091,1.0,0.0,695.0,0.9,700.0,-5.0,-0.0525,0.2641,0.2116,680.0,15.0,0.14117067627495317,0.22240000000000001,0.3635706762749532,-127.0,-1.0
66.027785759,1.0,0.0,695.0,0.9,700.0,-5.0,-0.0525,0.2641,0.2116,680.0,15.0,0.14230548582495428,0.22240000000000001,0.3647054858249543,-127.0,-1.0
66.056185053,1.0,0.0,695.0,0.9,700.0,-5.0,-0.0525,0.2641,0.2116,700.0,-5.0,-0.048412451750052696,0.22240000000000001,0.17398754824994733,-127.0,-1.0
66.07638968,1.0,0.0,695.0,0.9,680.0,15.0,0.13885581264999017,0.2641,0.40295581264999014,700.0,-5.0,-0.04886439657505207,0.22240000000000001,0.17353560342494795,-127.0,-1.0
66.110936142,0.0,0.0,730.0,1.0,680.0,50.0,0.48,0.27740000000000004,0.7574000000000001,680.0,50.0,0.48,0.23360000000000003,0.7136,-127.0,-1.0
66.134223395,1.0,0.0,730.0,1.0,700.0,30.0,0.29,0.27740000000000004,0.5674,720.0,10.0,0.1,0.23360000000000003,0.3336,-127.0,-1.0
66.150494896,1.0,0.0,730.0,1.0,720.0,10.0,0.1,0.27740000000000004,0.37740000000000007,720.0,10.0,0.1,0.23360000000000003,0.3336,-127.0,-1.0
66.167550398,1.0,0.0,730.0,1.0,720.0,10.0,0.1,0.27740000000000004,0.37740000000000007,740.0,-10.0,-0.09081052719999662,0.23360000000000003,0.14278947280000343,-127.0,-1.0
66.187046275,1.0,0.0,730.0,1.0,740.0,-10.0,-0.09093104385000515,0.27740000000000004,0.18646895614999487,720.0,10.0,0.1,0.23360000000000003,0.3336,-127.0,-1.0
66.205616985,1.0,0.0,730.0,1.0,740.0,-10.0,-0.09180799810000281,0.27740000000000004,0.18559200189999722,740.0,-10.0,-0.09087693969999236,0.23360000000000003,0.14272306030000767,-127.0,-1.0
66.22398032,0.0,0.0,730.0,1.0,760.0,-30.0,-0.28470739849997695,0.27740000000000004,-0.007307398499976914,720.0,10.0,0.1,0.23360000000000003,0.3336,-127.0,-1.0
66.242795447,1.0,0.0,730.0,1.0,740.0,-10.0,-0.09570653189997756,0.27740000000000004,0.18169346810002246,720.0,10.0,0.1,0.23360000000000003,0.3336,-127.0,-1.0
66.257726157,1.0,0.0,730.0,1.0,720.0,10.0,0.09509495360002802,0.27740000000000004,0.37249495360002804,720.0,10.0,0.1,0.23360000000000003,0.3336,-127.0,-1.0
66.286040285,1.0,0.0,730.0,1.0,740.0,-10.0,-0.09619937569997547,0.27740000000000004,0.18120062430002457,740.0,-10.0,-0.0912943730500183,0.23360000000000003,0.14230562694998172,-127.0,-1.0
66.30428462,1.0,0.0,730.0,1.0,740.0,-10.0,-0.09712909244996354,0.27740000000000004,0.1802709075500365,740.0,-10.0,-0.09222407520000162,0.23360000000000003,0.14137592479999841,-127.0,-1.0
66.327337081,1.0,0.0,710.0,1.0,740.0,-30.0,-0.29,0.26980000000000004,-0.02019999999999994,720.0,-10.0,-0.09338331909999852,0.2272,0.13381668090000148,-127.0,-1.0
66.355692042,1.0,0.0,710.0,1.0,720.0,-10.0,-0.1,0.26980000000000004,0.16980000000000003,720.0,-10.0,-0.09475120670000706,0.2272,0.13244879329999296,-127.0,-1.0
66.377717836,0.0,0.0,710.0,1.0,700.0,10.0,0.09096861055001228,0.26980000000000004,0.3607686105500123,740.0,-30.0,-0.28765703834997564,0.2272,-0.06045703834997562,-127.0,-1.0
66.398286463,1.0,0.0,710.0,1.0,720.0,-10.0,-0.1,0.26980000000000004,0.16980000000000003,720.0,-10.0,-0.09883009259998744,0.2272,0.12836990740001258,-127.0,-1.0
66.413028464,1.0,0.0,710.0,1.0,720.0,-10.0,-0.1,0.26980000000000004,0.16980000000000003,720.0,-10.0,-0.09966226144998927,0.2272,0.12753773855001074,-127.0,-1.0
66.431250924,1.0,0.0,710.0,1.0,720.0,-10.0,-0.1,0.26980000000000004,0.16980000000000003,720.0,-10.0,-0.1,0.2272,0.1272,-127.0,-1.0
66.446338551,1.0,0.0,710.0,1.0,700.0,10.0,0.09078923549999672,0.26980000000000004,0.3605892354999968,720.0,-10.0,-0.1,0.2272,0.1272,-127.0,-1.0
66.461324969,1.0,0.0,710.0,1.0,700.0,10.0,0.0915529210000068,0.26980000000000004,0.3613529210000068,720.0,-10.0,-0.1,0.2272,0.1272,-127.0,-1.0
66.477215262,1.0,0.0,710.0,1.0,720.0,-10.0,-0.09917731029997867,0.26980000000000004,0.17062268970002137,720.0,-10.0,-0.1,0.2272,0.1272,-127.0,-1.0
66.492808931,1.0,0.0,710.0,1.0,720.0,-10.0,-0.1,0.26980000000000004,0.16980000000000003,720.0,-10.0,-0.1,0.2272,0.1272,-127.0,-1.0
66.511007474,1.0,0.0,710.0,1.0,720.0,-10.0,-0.1,0.26980000000000004,0.16980000000000003,700.0,10.0,0.09072591464997913,0.2272,0.31792591464997916,-127.0,-1.0
66.535510102,1.0,0.0,710.0,1.0,700.0,10.0,0.09132161469998665,0.26980000000000004,0.3611216146999867,720.0,-10.0,-0.1,0.2272,0.1272,-127.0,-1.0
66.564807438,1.0,0.0,710.0,1.0,720.0,-10.0,-0.1,0.26980000000000004,0.16980000000000003,720.0,-10.0,-0.1,0.2272,0.1272,-127.0,-1.0
66.582728315,1.0,0.0,710.0,1.0,720.0,-10.0,-0.1,0.26980000000000004,0.16980000000000003,700.0,10.0,0.09086594379999952,0.2272,0.31806594379999953,-127.0,-1.0
66.600395733,1.0,0.0,710.0,1.0,720.0,-10.0,-0.1,0.26980000000000004,0.16980000000000003,700.0,10.0,0.09172701684998628,0.2272,0.3189270168499863,-127.0,-1.0
66.623528694,1.0,0.0,710.0,1.0,700.0,10.0,0.09096518344998913,0.26980000000000004,0.3607651834499892,720.0,-10.0,-0.09923813740001605,0.2272,0.12796186259998396,-127.0,-1.0
66.643967529,1.0,0.0,710.0,1.0,720.0,-10.0,-0.1,0.26980000000000004,0.16980000000000003,720.0,-10.0,-0.1,0.2272,0.1272,-127.0,-1.0
66.658784489,1.0,0.0,710.0,1.0,720.0,-10.0,-0.1,0.26980000000000004,0.16980000000000003,700.0,10.0,0.09079801464999036,0.2272,0.3179980146499904,-127.0,-1.0
66.674895866,1.0,0.0,710.0,1.0,720.0,-10.0,-0.1,0.26980000000000004,0.16980000000000003,700.0,10.0,0.0916216230499822,0.2272,0.3188216230499822,-127.0,-1.0
66.691890409,1.0,0.0,710.0,1.0,700.0,10.0,0.09079945840000164,0.26980000000000004,0.3605994584000017,720.0,-10.0,-0.09917780620003214,0.2272,0.12802219379996788,-127.0,-1.0
66.712253994,1.0,0.0,710.0,1.0,720.0,-10.0,-0.1,0.26980000000000004,0.16980000000000003,720.0,-10.0,-0.1,0.2272,0.1272,-127.0,-1.0
66.726895954,1.0,0.0,710.0,1.0,720.0,-10.0,-0.1,0.26980000000000004,0.16980000000000003,720.0,-10.0,-0.1,0.2272,0.1272,-127.0,-1.0
66.75256029,1.0,0.0,710.0,1.0,700.0,10.0,0.09114466055001685,0.26980000000000004,0.3609446605500169,700.0,10.0,0.09114464594998936,0.2272,0.31834464594998935,-127.0,-1.0
66.772984542,1.0,0.0,710.0,1.0,720.0,-10.0,-0.09984225204996164,0.26980000000000004,0.1699577479500384,700.0,10.0,0.09213157314999534,0.2272,0.3193315731499954,-127.0,-1.0
66.802262337,1.0,0.0,710.0,1.0,720.0,-10.0,-0.1,0.26980000000000004,0.16980000000000003,720.0,-10.0,-0.09933653115001562,0.2272,0.1278634688499844,-127.0,-1.0
66.817330422,1.0,0.0,710.0,1.0,720.0,-10.0,-0.1,0.26980000000000004,0.16980000000000003,720.0,-10.0,-0.1,0.2272,0.1272,-127.0,-1.0
66.835452548,1.0,0.0,710.0,1.0,700.0,10.0,0.09084373340000639,0.26980000000000004,0.36064373340000644,700.0,10.0,0.0908437188500011,0.2272,0.3180437188500011,-127.0,-1.0
66.865754968,1.0,0.0,710.0,1.0,720.0,-10.0,-0.1,0.26980000000000004,0.16980000000000003,720.0,-10.0,-0.1,0.2272,0.1272,-127.0,-1.0
66.883413345,1.0,0.0,710.0,1.0,720.0,-10.0,-0.1,0.26980000000000004,0.16980000000000003,720.0,-10.0,-0.1,0.2272,0.1272,-127.0,-1.0
66.897024263,1.0,0.0,710.0,1.0,720.0,-10.0,-0.1,0.26980000000000004,0.16980000000000003,720.0,-10.0,-0.1,0.2272,0.1272,-127.0,-1.0
66.912520806,1.0,0.0,710.0,1.0,720.0,-10.0,-0.1,0.26980000000000004,0.16980000000000003,700.0,10.0,0.09068336044998887,0.2272,0.3178833604499889,-127.0,-1.0
66.929049266,1.0,0.0,710.0,1.0,720.0,-10.0,-0.1,0.26980000000000004,0.16980000000000003,700.0,10.0,0.09145866889999979,0.2272,0.31865866889999983,-127.0,-1.0
66.946647268,1.0,0.0,710.0,1.0,720.0,-10.0,-0.1,0.26980000000000004,0.16980000000000003,720.0,-10.0,-0.099473716600005,0.2272,0.12772628339999503,-127.0,-1.0
66.969716353,1.0,0.0,710.0,1.0,700.0,10.0,0.09104683549998299,0.26980000000000004,0.36084683549998303,720.0,-10.0,-0.1,0.2272,0.1272,-127.0,-1.0
66.986652564,1.0,0.0,710.0,1.0,700.0,10.0,0.09192658974999632,0.26980000000000004,0.3617265897499964,700.0,10.0,0.09087975425001332,0.2272,0.31807975425001334,-127.0,-1.0
67.00313844,1.0,0.0,710.0,1.0,720.0,-10.0,-0.09889418949999254,0.26980000000000004,0.1709058105000075,700.0,10.0,0.09170048975001009,0.2272,0.3189004897500101,-127.0,-1.0
67.022569275,1.0,0.0,710.0,1.0,720.0,-10.0,-0.09976218960000552,0.26980000000000004,0.17003781039999452,720.0,-10.0,-0.0991675394999902,0.2272,0.12803246050000983,-127.0,-1.0
67.03925436,1.0,0.0,710.0,1.0,720.0,-10.0,-0.1,0.26980000000000004,0.16980000000000003,720.0,-10.0,-0.1,0.2272,0.1272,-127.0,-1.0
67.069899197,1.0,0.0,710.0,1.0,700.0,10.0,0.09154123975000858,0.26980000000000004,0.36134123975000865,700.0,10.0,0.09154122515000382,0.2272,0.3187412251500038,-127.0,-1.0
67.090398699,1.0,0.0,710.0,1.0,720.0,-10.0,-0.09944272699997328,0.26980000000000004,0.17035727300002676,700.0,10.0,0.09252520649999042,0.2272,0.3197252064999904,-127.0,-1.0
67.111386743,1.0,0.0,710.0,1.0,720.0,-10.0,-0.1,0.26980000000000004,0.16980000000000003,720.0,-10.0,-0.09850881025001854,0.2272,0.12869118974998148,-127.0,-1.0
67.130088995,1.0,0.0,710.0,1.0,700.0,10.0,0.09093101464999563,0.26980000000000004,0.3607310146499957,720.0,-10.0,-0.09943983955001841,0.2272,0.12776016044998162,-127.0,-1.0
67.147256788,1.0,0.0,710.0,1.0,700.0,10.0,0.09185817935000615,0.26980000000000004,0.3616581793500062,700.0,10.0,0.09148725219996777,0.2272,0.3186872521999678,-127.0,-1.0
67.168979832,1.0,0.0,710.0,1.0,720.0,-10.0,-0.0991889915999991,0.26980000000000004,0.17061100840000093,720.0,-10.0,-0.09955997705003483,0.2272,0.12764002294996518,-127.0,-1.0
67.196332335,1.0,0.0,710.0,1.0,720.0,-10.0,-0.1,0.26980000000000004,0.16980000000000003,720.0,-10.0,-0.1,0.2272,0.1272,-127.0,-1.0
67.213846628,1.0,0.0,710.0,1.0,700.0,10.0,0.09086584174998734,0.26980000000000004,0.3606658417499874,700.0,10.0,0.0908658563499921,0.2272,0.3180658563499921,-127.0,-1.0
67.234744255,1.0,0.0,710.0,1.0,720.0,-10.0,-0.1,0.26980000000000004,0.16980000000000003,720.0,-10.0,-0.1,0.2272,0.1272,-127.0,-1.0
67.247960548,1.0,0.0,710.0,1.0,720.0,-10.0,-0.1,0.26980000000000004,0.16980000000000003,720.0,-10.0,-0.1,0.2272,0.1272,-127.0,-1.0
67.260824216,1.0,0.0,710.0,1.0,720.0,-10.0,-0.1,0.26980000000000004,0.16980000000000003,720.0,-10.0,-0.1,0.2272,0.1272,-127.0,-1.0
67.275563301,1.0,0.0,710.0,1.0,720.0,-10.0,-0.1,0.26980000000000004,0.16980000000000003,720.0,-10.0,-0.1,0.2272,0.1272,-127.0,-1.0
67.303514304,1.0,0.0,710.0,1.0,720.0,-10.0,-0.1,0.26980000000000004,0.16980000000000003,700.0,10.0,0.09129217095000058,0.2272,0.3184921709500006,-127.0,-1.0
67.324325306,1.0,0.0,710.0,1.0,720.0,-10.0,-0.1,0.26980000000000004,0.16980000000000003,720.0,-10.0,-0.09972646040000654,0.2272,0.12747353959999347,-127.0,-1.0
67.342513641,1.0,0.0,710.0,1.0,700.0,10.0,0.09085663965001003,0.26980000000000004,0.36065663965001005,720.0,-10.0,-0.1,0.2272,0.1272,-127.0,-1.0
67.372256936,1.0,0.0,710.0,1.0,720.0,-10.0,-0.1,0.26980000000000004,0.16980000000000003,700.0,10.0,0.0914911897500042,0.2272,0.3186911897500042,-127.0,-1.0
67.391206229,1.0,0.0,710.0,1.0,720.0,-10.0,-0.1,0.26980000000000004,0.16980000000000003,720.0,-10.0,-0.0993811998999945,0.2272,0.12781880010000551,-127.0,-1.0
67.412924315,1.0,0.0,710.0,1.0,720.0,-10.0,-0.1,0.26980000000000004,0.16980000000000003,720.0,-10.0,-0.1,0.2272,0.1272,-127.0,-1.0
67.429970483,1.0,0.0,710.0,1.0,700.0,10.0,0.09089108550000674,0.26980000000000004,0.3606910855000068,720.0,-10.0,-0.1,0.2272,0.1272,-127.0,-1.0
67.448082693,1.0,0.0,710.0,1.0,700.0,10.0,0.09168042305001564,0.26980000000000004,0.3614804230500157,700.0,10.0,0.09078932299998087,0.2272,0.3179893229999809,-127.0,-1.0
67.465038445,1.0,0.0,710.0,1.0,720.0,-10.0,-0.09917570619998059,0.26980000000000004,0.17062429380001945,720.0,-10.0,-0.1,0.2272,0.1272,-127.0,-1.0
67.479195071,1.0,0.0,710.0,1.0,720.0,-10.0,-0.09999765214997751,0.26980000000000004,0.16980234785002252,720.0,-10.0,-0.1,0.2272,0.1272,-127.0,-1.0
67.496245031,1.0,0.0,710.0,1.0,720.0,-10.0,-0.1,0.26980000000000004,0.16980000000000003,720.0,-10.0,-0.1,0.2272,0.1272,-127.0,-1.0
67.514643367,1.0,0.0,710.0,1.0,700.0,10.0,0.09081984595001359,0.26980000000000004,0.3606198459500136,700.0,10.0,0.09081986049999614,0.2272,0.31801986049999614,-127.0,-1.0
67.53484566,1.0,0.0,710.0,1.0,720.0,-10.0,-0.1,0.26980000000000004,0.16980000000000003,720.0,-10.0,-0.1,0.2272,0.1272,-127.0,-1.0
67.54981312,1.0,0.0,710.0,1.0,720.0,-10.0,-0.1,0.26980000000000004,0.16980000000000003,700.0,10.0,0.09089707924998948,0.2272,0.3180970792499895,-127.0,-1.0
67.582936832,1.0,0.0,710.0,1.0,700.0,10.0,0.09159601474999818,0.26980000000000004,0.3613960147499982,700.0,10.0,0.09249306485000033,0.2272,0.3196930648500004,-127.0,-1.0
67.603933626,1.0,0.0,710.0,1.0,720.0,-10.0,-0.09941813950001688,0.26980000000000004,0.17038186049998316,720.0,-10.0,-0.09852110399999674,0.2272,0.12867889600000326,-127.0,-1.0
67.633583004,1.0,0.0,710.0,1.0,720.0,-10.0,-0.1,0.26980000000000004,0.16980000000000003,720.0,-10.0,-0.09991913540000041,0.2272,0.1272808645999996,-127.0,-1.0
67.652150505,1.0,0.0,710.0,1.0,700.0,10.0,0.09105217300001642,0.26980000000000004,0.3608521730000165,700.0,10.0,0.09113313969998217,0.2272,0.31833313969998217,-127.0,-1.0
67.671324091,1.0,0.0,710.0,1.0,700.0,10.0,0.09201233975001287,0.26980000000000004,0.3618123397500129,700.0,10.0,0.09209330644997862,0.2272,0.31929330644997866,-127.0,-1.0
67.687981467,1.0,0.0,710.0,1.0,700.0,10.0,0.09283535025000675,0.26980000000000004,0.3626353502500068,720.0,-10.0,-0.09872967490002793,0.2272,0.12847032509997208,-127.0,-1.0
67.707100803,1.0,0.0,710.0,1.0,720.0,-10.0,-0.09811121029999867,0.26980000000000004,0.17168878970000137,720.0,-10.0,-0.09967626455002118,0.2272,0.12752373544997883,-127.0,-1.0
67.723965846,1.0,0.0,710.0,1.0,720.0,-10.0,-0.09897489369998311,0.26980000000000004,0.17082510630001693,720.0,-10.0,-0.1,0.2272,0.1272,-127.0,-1.0
67.742920681,1.0,0.0,710.0,1.0,720.0,-10.0,-0.09992743339998925,0.26980000000000004,0.1698725666000108,700.0,10.0,0.09095251050001935,0.2272,0.31815251050001936,-127.0,-1.0
67.763931475,1.0,0.0,710.0,1.0,720.0,-10.0,-0.1,0.26980000000000004,0.16980000000000003,720.0,-10.0,-0.1,0.2272,0.1272,-127.0,-1.0
67.784403852,1.0,0.0,710.0,1.0,720.0,-10.0,-0.1,0.26980000000000004,0.16980000000000003,700.0,10.0,0.09106420430001891,0.2272,0.3182642043000189,-127.0,-1.0
67.81489323,1.0,0.0,710.0,1.0,720.0,-10.0,-0.1,0.26980000000000004,0.16980000000000003,720.0,-10.0,-0.1,0.2272,0.1272,-127.0,-1.0
67.83158619,1.0,0.0,710.0,1.0,720.0,-10.0,-0.1,0.26980000000000004,0.16980000000000003,720.0,-10.0,-0.1,0.2272,0.1272,-127.0,-1.0
67.852412067,1.0,0.0,710.0,1.0,720.0,-10.0,-0.1,0.26980000000000004,0.16980000000000003,700.0,10.0,0.09094403759999295,0.2272,0.318144037599993,-127.0,-1.0
67.880684487,1.0,0.0,710.0,1.0,700.0,10.0,0.09135938554999484,0.26980000000000004,0.3611593855499949,700.0,10.0,0.09230343774999256,0.2272,0.31950343774999257,-127.0,-1.0
67.90154303,1.0,0.0,710.0,1.0,700.0,10.0,0.09223909610001556,0.26980000000000004,0.3620390961000156,720.0,-10.0,-0.0985762582000234,0.2272,0.1286237417999766,-127.0,-1.0
67.919929699,1.0,0.0,710.0,1.0,720.0,-10.0,-0.09881287274997703,0.26980000000000004,0.17098712725002302,720.0,-10.0,-0.09962824160002129,0.2272,0.12757175839997872,-127.0,-1.0
67.936629367,1.0,0.0,710.0,1.0,720.0,-10.0,-0.09967272074998164,0.26980000000000004,0.17012727925001842,700.0,10.0,0.09123162099996535,0.2272,0.31843162099996536,-127.0,-1.0
67.953725994,1.0,0.0,710.0,1.0,700.0,10.0,0.09115145640002084,0.26980000000000004,0.3609514564000209,700.0,10.0,0.09205575439997574,0.2272,0.3192557543999758,-127.0,-1.0
67.970934912,1.0,0.0,710.0,1.0,700.0,10.0,0.09203281480000897,0.26980000000000004,0.361832814800009,720.0,-10.0,-0.09882561860001715,0.2272,0.12837438139998286,-127.0,-1.0
67.989728748,1.0,0.0,710.0,1.0,720.0,-10.0,-0.09885719154999606,0.26980000000000004,0.17094280845000398,720.0,-10.0,-0.09971562495002217,0.2272,0.12748437504997784,-127.0,-1.0
68.007463833,1.0,0.0,710.0,1.0,720.0,-10.0,-0.09974566664998293,0.26980000000000004,0.17005433335001713,720.0,-10.0,-0.1,0.2272,0.1272,-127.0,-1.0
68.024545584,1.0,0.0,710.0,1.0,720.0,-10.0,-0.1,0.26980000000000004,0.16980000000000003,700.0,10.0,0.09088930634999542,0.2272,0.31808930634999544,-127.0,-1.0
68.043177253,1.0,0.0,710.0,1.0,720.0,-10.0,-0.1,0.26980000000000004,0.16980000000000003,700.0,10.0,0.09178723144999822,0.2272,0.31898723144999824,-127.0,-1.0
68.067101797,1.0,0.0,710.0,1.0,720.0,-10.0,-0.1,0.26980000000000004,0.16980000000000003,720.0,-10.0,-0.09949976245000017,0.2272,0.12770023754999985,-127.0,-1.0
68.098019925,1.0,0.0,710.0,1.0,700.0,10.0,0.09149240014998214,0.26980000000000004,0.3612924001499822,700.0,10.0,0.09199265224998726,0.2272,0.3191926522499873,-127.0,-1.0
68.120443844,1.0,0.0,710.0,1.0,700.0,10.0,0.09258932944998378,0.26980000000000004,0.3623893294499838,720.0,-10.0,-0.09910426245000963,0.2272,0.12809573754999037,-127.0,-1.0
68.139125388,1.0,0.0,710.0,1.0,720.0,-10.0,-0.09830451230002382,0.26980000000000004,0.17149548769997622,720.0,-10.0,-0.09999810420001723,0.2272,0.12720189579998278,-127.0,-1.0
68.156959348,1.0,0.0,710.0,1.0,720.0,-10.0,-0.09925797070002318,0.26980000000000004,0.17054202929997686,720.0,-10.0,-0.1,0.2272,0.1272,-127.0,-1.0
68.173841016,1.0,0.0,710.0,1.0,720.0,-10.0,-0.1,0.26980000000000004,0.16980000000000003,700.0,10.0,0.09084389384999213,0.2272,0.31804389384999215,-127.0,-1.0
68.190993935,1.0,0.0,710.0,1.0,700.0,10.0,0.09086330425001507,0.26980000000000004,0.36066330425001514,700.0,10.0,0.09170719810000719,0.2272,0.3189071981000072,-127.0,-1.0
68.20855402,1.0,0.0,710.0,1.0,720.0,-10.0,-0.1,0.26980000000000004,0.16980000000000003,720.0,-10.0,-0.0991626394999912,0.2272,0.1280373605000088,-127.0,-1.0
68.225053605,1.0,0.0,710.0,1.0,720.0,-10.0,-0.1,0.26980000000000004,0.16980000000000003,720.0,-10.0,-0.1,0.2272,0.1272,-127.0,-1.0
68.239060606,1.0,0.0,710.0,1.0,720.0,-10.0,-0.1,0.26980000000000004,0.16980000000000003,720.0,-10.0,-0.1,0.2272,0.1272,-127.0,-1.0
68.258334525,1.0,0.0,710.0,1.0,700.0,10.0,0.09076784175000739,0.26980000000000004,0.36056784175000745,700.0,10.0,0.09076785634998942,0.2272,0.3179678563499894,-127.0,-1.0
68.283463652,1.0,0.0,710.0,1.0,720.0,-10.0,-0.1,0.26980000000000004,0.16980000000000003,720.0,-10.0,-0.1,0.2272,0.1272,-127.0,-1.0
68.298620112,1.0,0.0,710.0,1.0,720.0,-10.0,-0.1,0.26980000000000004,0.16980000000000003,720.0,-10.0,-0.1,0.2272,0.1272,-127.0,-1.0
68.327363865,1.0,0.0,710.0,1.0,700.0,10.0,0.09128110219998234,0.26980000000000004,0.36108110219998235,700.0,10.0,0.09128107305001777,0.2272,0.31848107305001777,-127.0,-1.0
68.345176825,1.0,0.0,710.0,1.0,720.0,-10.0,-0.09959507915002633,0.26980000000000004,0.1702049208499737,700.0,10.0,0.09215725435000423,0.2272,0.3193572543500042,-127.0,-1.0
68.363155743,1.0,0.0,710.0,1.0,720.0,-10.0,-0.1,0.26980000000000004,0.16980000000000003,720.0,-10.0,-0.09878496035000808,0.2272,0.12841503964999193,-127.0,-1.0
68.397191205,1.0,0.0,710.0,1.0,700.0,10.0,0.09167537725001239,0.26980000000000004,0.36147537725001244,720.0,-10.0,-0.1,0.2272,0.1272,-127.0,-1.0
68.417086374,1.0,0.0,710.0,1.0,720.0,-10.0,-0.09915514369997709,0.26980000000000004,0.17064485630002296,700.0,10.0,0.09083052089999001,0.2272,0.31803052089999,-127.0,-1.0
68.436245376,1.0,0.0,710.0,1.0,720.0,-10.0,-0.1,0.26980000000000004,0.16980000000000003,700.0,10.0,0.09195084184999815,0.2272,0.31915084184999815,-127.0,-1.0
68.453584669,1.0,0.0,710.0,1.0,700.0,10.0,0.0908761667500039,0.26980000000000004,0.3606761667500039,720.0,-10.0,-0.09892528114999095,0.2272,0.12827471885000907,-127.0,-1.0
68.474911921,1.0,0.0,710.0,1.0,700.0,10.0,0.091919604349996,0.26980000000000004,0.36171960434999606,720.0,-10.0,-0.09996873335001055,0.2272,0.12723126664998946,-127.0,-1.0
68.494111173,1.0,0.0,710.0,1.0,720.0,-10.0,-0.09903958530001092,0.26980000000000004,0.17076041469998912,720.0,-10.0,-0.1,0.2272,0.1272,-127.0,-1.0
68.526645718,1.0,0.0,710.0,1.0,720.0,-10.0,-0.1,0.26980000000000004,0.16980000000000003,700.0,10.0,0.0915918439500183,0.2272,0.3187918439500183,-127.0,-1.0
68.546898179,1.0,0.0,710.0,1.0,700.0,10.0,0.09097235840000849,0.26980000000000004,0.36077235840000854,720.0,-10.0,-0.0993805435999775,0.2272,0.1278194564000225,-127.0,-1.0
68.563804055,1.0,0.0,710.0,1.0,720.0,-10.0,-0.09998706464998577,0.26980000000000004,0.16981293535001427,720.0,-10.0,-0.1,0.2272,0.1272,-127.0,-1.0
68.58066764,1.0,0.0,710.0,1.0,720.0,-10.0,-0.1,0.26980000000000004,0.16980000000000003,720.0,-10.0,-0.1,0.2272,0.1272,-127.0,-1.0
68.611150602,1.0,0.0,710.0,1.0,720.0,-10.0,-0.1,0.26980000000000004,0.16980000000000003,700.0,10.0,0.09148144805000356,0.2272,0.3186814480500036,-127.0,-1.0
68.631668187,1.0,0.0,710.0,1.0,720.0,-10.0,-0.1,0.26980000000000004,0.16980000000000003,700.0,10.0,0.09238768565000101,0.2272,0.319587685650001,-127.0,-1.0
68.647863564,1.0,0.0,710.0,1.0,720.0,-10.0,-0.1,0.26980000000000004,0.16980000000000003,740.0,-30.0,-0.29,0.2272,-0.06279999999999997,-127.0,-1.0
68.668540399,1.0,0.0,710.0,1.0,700.0,10.0,0.09085554590000357,0.26980000000000004,0.3606555459000036,700.0,10.0,0.09085554590000357,0.2272,0.31805554590000357,-127.0,-1.0
68.686099901,1.0,0.0,710.0,1.0,720.0,-10.0,-0.1,0.26980000000000004,0.16980000000000003,720.0,-10.0,-0.1,0.2272,0.1272,-127.0,-1.0
68.705311695,0.0,0.0,710.0,1.0,720.0,-10.0,-0.1,0.26980000000000004,0.16980000000000003,680.0,30.0,0.28318158775000934,0.2272,0.5103815877500093,-127.0,-1.0
68.724709863,1.0,0.0,710.0,1.0,700.0,10.0,0.09089264594998894,0.26980000000000004,0.36069264594998895,700.0,10.0,0.09407423369999833,0.2272,0.32127423369999836,-127.0,-1.0
68.749821491,1.0,0.0,710.0,1.0,720.0,-10.0,-0.1,0.26980000000000004,0.16980000000000003,700.0,10.0,0.09533633380000538,0.2272,0.3225363338000054,-127.0,-1.0
68.768820659,1.0,0.0,710.0,1.0,720.0,-10.0,-0.1,0.26980000000000004,0.16980000000000003,720.0,-10.0,-0.09567696004999107,0.2272,0.13152303995000894,-127.0,-1.0
68.785789536,1.0,0.0,710.0,1.0,720.0,-10.0,-0.1,0.26980000000000004,0.16980000000000003,700.0,10.0,0.09512728170001537,0.2272,0.3223272817000154,-127.0,-1.0
68.811200997,1.0,0.0,710.0,1.0,720.0,-10.0,-0.1,0.26980000000000004,0.16980000000000003,720.0,-10.0,-0.09614526009997917,0.2272,0.13105473990002084,-127.0,-1.0
68.841646333,1.0,0.0,710.0,1.0,700.0,10.0,0.0915121459500051,0.26980000000000004,0.36131214595000516,720.0,-10.0,-0.09765740609998375,0.2272,0.12954259390001627,-127.0,-1.0
68.860372502,1.0,0.0,710.0,1.0,720.0,-10.0,-0.09937506039998426,0.26980000000000004,0.17042493960001578,700.0,10.0,0.09322980020000614,0.2272,0.32042980020000617,-127.0,-1.0
68.880825629,1.0,0.0,710.0,1.0,720.0,-10.0,-0.1,0.26980000000000004,0.16980000000000003,700.0,10.0,0.09428423365001436,0.2272,0.3214842336500144,-127.0,-1.0
68.91224309,1.0,0.0,710.0,1.0,700.0,10.0,0.09156059180001194,0.26980000000000004,0.361360591800012,720.0,-10.0,-0.09727640194998913,0.2272,0.12992359805001089,-127.0,-1.0
68.939214968,1.0,0.0,710.0,1.0,700.0,10.0,0.09252936275001047,0.26980000000000004,0.3623293627500105,720.0,-10.0,-0.0982451728499882,0.2272,0.12895482715001183,-127.0,-1.0
68.958789887,1.0,0.0,710.0,1.0,700.0,10.0,0.0938844754000138,0.26980000000000004,0.3636844754000138,700.0,10.0,0.09310995439999716,0.2272,0.32030995439999715,-127.0,-1.0
68.975887388,1.0,0.0,710.0,1.0,720.0,-10.0,-0.09700430589998632,0.26980000000000004,0.17279569410001372,700.0,10.0,0.09399872115001472,0.2272,0.32119872115001474,-127.0,-1.0
69.000736808,1.0,0.0,710.0,1.0,720.0,-10.0,-0.09820667269998466,0.26980000000000004,0.17159332730001536,720.0,-10.0,-0.09720366019998891,0.2272,0.1299963398000111,-127.0,-1.0
69.022525185,1.0,0.0,710.0,1.0,700.0,10.0,0.09290457739999966,0.26980000000000004,0.36270457739999973,720.0,-10.0,-0.09831489574996795,0.2272,0.12888510425003208,-127.0,-1.0
69.043175478,1.0,0.0,710.0,1.0,720.0,-10.0,-0.09810383105000256,0.26980000000000004,0.17169616894999748,700.0,10.0,0.0926935126500348,0.2272,0.3198935126500348,-127.0,-1.0
69.068586064,1.0,0.0,710.0,1.0,720.0,-10.0,-0.09929387495001266,0.26980000000000004,0.17050612504998738,720.0,-10.0,-0.0984965312499753,0.2272,0.1287034687500247,-127.0,-1.0
69.087475566,1.0,0.0,710.0,1.0,700.0,10.0,0.09175211469997976,0.26980000000000004,0.36155211469997983,720.0,-10.0,-0.09954253549997247,0.2272,0.12765746450002755,-127.0,-1.0
69.119384486,1.0,0.0,710.0,1.0,720.0,-10.0,-0.09984086670001488,0.26980000000000004,0.16995913329998516,700.0,10.0,0.09205044590002218,0.2272,0.31925044590002216,-127.0,-1.0
69.141040155,1.0,0.0,710.0,1.0,720.0,-10.0,-0.1,0.26980000000000004,0.16980000000000003,720.0,-10.0,-0.09904051879998406,0.2272,0.12815948120001597,-127.0,-1.0
69.156433157,1.0,0.0,710.0,1.0,720.0,-10.0,-0.1,0.26980000000000004,0.16980000000000003,720.0,-10.0,-0.09988248764998389,0.2272,0.12731751235001612,-127.0,-1.0
69.176088575,1.0,0.0,710.0,1.0,720.0,-10.0,-0.1,0.26980000000000004,0.16980000000000003,720.0,-10.0,-0.1,0.2272,0.1272,-127.0,-1.0
69.194124077,1.0,0.0,710.0,1.0,720.0,-10.0,-0.1,0.26980000000000004,0.16980000000000003,700.0,10.0,0.0909128875999977,0.2272,0.31811288759999773,-127.0,-1.0
69.213145121,1.0,0.0,710.0,1.0,700.0,10.0,0.09082656884999324,0.26980000000000004,0.3606265688499933,700.0,10.0,0.09173947099999623,0.2272,0.31893947099999626,-127.0,-1.0
69.237897415,1.0,0.0,710.0,1.0,720.0,-10.0,-0.1,0.26980000000000004,0.16980000000000003,720.0,-10.0,-0.09954677910000101,0.2272,0.127653220899999,-127.0,-1.0
69.255577375,1.0,0.0,710.0,1.0,720.0,-10.0,-0.1,0.26980000000000004,0.16980000000000003,720.0,-10.0,-0.1,0.2272,0.1272,-127.0,-1.0
69.275680502,1.0,0.0,710.0,1.0,700.0,10.0,0.09094058135000524,0.26980000000000004,0.3607405813500053,700.0,10.0,0.09094058135000524,0.2272,0.3181405813500052,-127.0,-1.0
69.293408004,1.0,0.0,710.0,1.0,720.0,-10.0,-0.09996593329999541,0.26980000000000004,0.16983406670000462,720.0,-10.0,-0.09996591874999013,0.2272,0.1272340812500099,-127.0,-1.0
69.313363547,1.0,0.0,710.0,1.0,720.0,-10.0,-0.1,0.26980000000000004,0.16980000000000003,720.0,-10.0,-0.1,0.2272,0.1272,-127.0,-1.0
69.327995299,1.0,0.0,710.0,1.0,720.0,-10.0,-0.1,0.26980000000000004,0.16980000000000003,720.0,-10.0,-0.1,0.2272,0.1272,-127.0,-1.0
69.357416302,1.0,0.0,710.0,1.0,720.0,-10.0,-0.1,0.26980000000000004,0.16980000000000003,700.0,10.0,0.09135517100000015,0.2272,0.3185551710000002,-127.0,-1.0
69.374320428,1.0,0.0,710.0,1.0,720.0,-10.0,-0.1,0.26980000000000004,0.16980000000000003,720.0,-10.0,-0.09951043739999932,0.2272,0.1276895626000007,-127.0,-1.0
69.394028055,1.0,0.0,710.0,1.0,700.0,10.0,0.09083065214998896,0.26980000000000004,0.360630652149989,720.0,-10.0,-0.1,0.2272,0.1272,-127.0,-1.0
69.425998225,1.0,0.0,710.0,1.0,720.0,-10.0,-0.1,0.26980000000000004,0.16980000000000003,700.0,10.0,0.09168016059999445,0.2272,0.31888016059999447,-127.0,-1.0
69.446551394,1.0,0.0,710.0,1.0,720.0,-10.0,-0.1,0.26980000000000004,0.16980000000000003,720.0,-10.0,-0.09925183115001346,0.2272,0.12794816884998655,-127.0,-1.0
69.46899398,1.0,0.0,710.0,1.0,720.0,-10.0,-0.1,0.26980000000000004,0.16980000000000003,720.0,-10.0,-0.1,0.2272,0.1272,-127.0,-1.0
69.489909982,1.0,0.0,710.0,1.0,700.0,10.0,0.09108769800001483,0.26980000000000004,0.36088769800001486,720.0,-10.0,-0.1,0.2272,0.1272,-127.0,-1.0
69.508031817,1.0,0.0,710.0,1.0,720.0,-10.0,-0.09973624584997651,0.26980000000000004,0.17006375415002353,700.0,10.0,0.09082391469998129,0.2272,0.3180239146999813,-127.0,-1.0
69.528003111,1.0,0.0,710.0,1.0,720.0,-10.0,-0.1,0.26980000000000004,0.16980000000000003,700.0,10.0,0.09179248145000202,0.2272,0.31899248145000203,-127.0,-1.0
69.54422357,1.0,0.0,710.0,1.0,720.0,-10.0,-0.1,0.26980000000000004,0.16980000000000003,720.0,-10.0,-0.0991124581999884,0.2272,0.1280875418000116,-127.0,-1.0
69.563154197,1.0,0.0,710.0,1.0,700.0,10.0,0.09089340424999591,0.26980000000000004,0.36069340424999596,700.0,10.0,0.09178096065001227,0.2272,0.3189809606500123,-127.0,-1.0
69.58534595,1.0,0.0,710.0,1.0,700.0,10.0,0.09189226059999328,0.26980000000000004,0.3616922605999933,700.0,10.0,0.09277981700000965,0.2272,0.31997981700000966,-127.0,-1.0
69.604420368,1.0,0.0,710.0,1.0,720.0,-10.0,-0.09913283120001778,0.26980000000000004,0.17066716879998226,700.0,10.0,0.09380490880002071,0.2272,0.32100490880002075,-127.0,-1.0
69.636952288,1.0,0.0,710.0,1.0,720.0,-10.0,-0.1,0.26980000000000004,0.16980000000000003,720.0,-10.0,-0.0978214538499742,0.2272,0.1293785461500258,-127.0,-1.0
69.655998707,1.0,0.0,710.0,1.0,700.0,10.0,0.09095347300000413,0.26980000000000004,0.36075347300000415,720.0,-10.0,-0.09877495599996564,0.2272,0.12842504400003438,-127.0,-1.0
69.673754209,1.0,0.0,710.0,1.0,720.0,-10.0,-0.09995301255000869,0.26980000000000004,0.16984698744999135,700.0,10.0,0.09213152955004716,0.2272,0.3193315295500472,-127.0,-1.0
69.698141336,1.0,0.0,710.0,1.0,720.0,-10.0,-0.1,0.26980000000000004,0.16980000000000003,720.0,-10.0,-0.09910014969993881,0.2272,0.1280998503000612,-127.0,-1.0
69.720185797,1.0,0.0,710.0,1.0,700.0,10.0,0.09104689385000256,0.26980000000000004,0.36084689385000257,720.0,-10.0,-0.1,0.2272,0.1272,-127.0,-1.0
69.73795559,1.0,0.0,710.0,1.0,720.0,-10.0,-0.09998853750000762,0.26980000000000004,0.1698114624999924,720.0,-10.0,-0.1,0.2272,0.1272,-127.0,-1.0
69.762219051,1.0,0.0,710.0,1.0,720.0,-10.0,-0.1,0.26980000000000004,0.16980000000000003,700.0,10.0,0.09093193339998834,0.2272,0.31813193339998835,-127.0,-1.0
69.789284262,1.0,0.0,710.0,1.0,700.0,10.0,0.09133519180001258,0.26980000000000004,0.36113519180001263,720.0,-10.0,-0.1,0.2272,0.1272,-127.0,-1.0
69.805984222,1.0,0.0,710.0,1.0,720.0,-10.0,-0.09976733749997493,0.26980000000000004,0.1700326625000251,720.0,-10.0,-0.1,0.2272,0.1272,-127.0,-1.0
69.821757265,1.0,0.0,710.0,1.0,720.0,-10.0,-0.1,0.26980000000000004,0.16980000000000003,720.0,-10.0,-0.1,0.2272,0.1272,-127.0,-1.0
69.838186267,1.0,0.0,710.0,1.0,720.0,-10.0,-0.1,0.26980000000000004,0.16980000000000003,700.0,10.0,0.0908144500500066,0.2272,0.3180144500500066,-127.0,-1.0
69.865853186,1.0,0.0,710.0,1.0,700.0,10.0,0.09133984389999569,0.26980000000000004,0.36113984389999576,720.0,-10.0,-0.1,0.2272,0.1272,-127.0,-1.0
69.879884104,1.0,0.0,710.0,1.0,720.0,-10.0,-0.0994738186999939,0.26980000000000004,0.17032618130000615,720.0,-10.0,-0.1,0.2272,0.1272,-127.0,-1.0
69.898199023,1.0,0.0,710.0,1.0,720.0,-10.0,-0.1,0.26980000000000004,0.16980000000000003,720.0,-10.0,-0.1,0.2272,0.1272,-127.0,-1.0
69.931822359,1.0,0.0,710.0,1.0,700.0,10.0,0.0915810376499985,0.26980000000000004,0.3613810376499985,700.0,10.0,0.09158105225000326,0.2272,0.3187810522500033,-127.0,-1.0
69.951754861,1.0,0.0,710.0,1.0,700.0,10.0,0.09243772105000062,0.26980000000000004,0.3622377210500006,720.0,-10.0,-0.09927561659999355,0.2272,0.12792438340000645,-127.0,-1.0
69.968712363,1.0,0.0,710.0,1.0,720.0,-10.0,-0.09854993529997955,0.26980000000000004,0.1712500647000205,720.0,-10.0,-0.1,0.2272,0.1272,-127.0,-1.0
69.985043365,1.0,0.0,710.0,1.0,720.0,-10.0,-0.09946078124999076,0.26980000000000004,0.1703392187500093,720.0,-10.0,-0.1,0.2272,0.1272,-127.0,-1.0
70.000354116,1.0,0.0,710.0,1.0,720.0,-10.0,-0.1,0.26980000000000004,0.16980000000000003,700.0,10.0,0.0906834187999857,0.2272,0.3178834187999857,-127.0,-1.0
70.016443326,1.0,0.0,710.0,1.0,720.0,-10.0,-0.1,0.26980000000000004,0.16980000000000003,700.0,10.0,0.09153540639998937,0.2272,0.3187354063999894,-127.0,-1.0
70.033580786,1.0,0.0,710.0,1.0,720.0,-10.0,-0.1,0.26980000000000004,0.16980000000000003,720.0,-10.0,-0.09921245620000718,0.2272,0.12798754379999283,-127.0,-1.0
70.049827205,1.0,0.0,710.0,1.0,720.0,-10.0,-0.1,0.26980000000000004,0.16980000000000003,720.0,-10.0,-0.1,0.2272,0.1272,-127.0,-1.0
70.067976165,1.0,0.0,710.0,1.0,700.0,10.0,0.09093196259999786,0.26980000000000004,0.3607319625999979,720.0,-10.0,-0.1,0.2272,0.1272,-127.0,-1.0
70.087189125,1.0,0.0,710.0,1.0,700.0,10.0,0.09170643980000023,0.26980000000000004,0.3615064398000003,700.0,10.0,0.09077447720000237,0.2272,0.3179744772000024,-127.0,-1.0
70.105688085,1.0,0.0,710.0,1.0,720.0,-10.0,-0.09928576654999688,0.26980000000000004,0.17051423345000316,700.0,10.0,0.09176666894999472,0.2272,0.3189666689499947,-127.0,-1.0
70.131355629,1.0,0.0,710.0,1.0,720.0,-10.0,-0.1,0.26980000000000004,0.16980000000000003,720.0,-10.0,-0.09941020615001435,0.2272,0.12778979384998568,-127.0,-1.0
70.155430965,1.0,0.0,710.0,1.0,700.0,10.0,0.09133635844999845,0.26980000000000004,0.3611363584499985,700.0,10.0,0.09192615234998357,0.2272,0.3191261523499836,-127.0,-1.0
70.173118217,1.0,0.0,710.0,1.0,720.0,-10.0,-0.09956209165000018,0.26980000000000004,0.17023790834999986,720.0,-10.0,-0.09897229770001559,0.2272,0.12822770229998443,-127.0,-1.0
70.190856219,1.0,0.0,710.0,1.0,720.0,-10.0,-0.1,0.26980000000000004,0.16980000000000003,700.0,10.0,0.09190426284998467,0.2272,0.31910426284998467,-127.0,-1.0
70.207213179,1.0,0.0,710.0,1.0,720.0,-10.0,-0.1,0.26980000000000004,0.16980000000000003,720.0,-10.0,-0.09896821430002092,0.2272,0.1282317856999791,-127.0,-1.0
70.231134806,1.0,0.0,710.0,1.0,700.0,10.0,0.09108642924999458,0.26980000000000004,0.3608864292499946,700.0,10.0,0.09211822954997842,0.2272,0.31931822954997846,-127.0,-1.0
70.250376641,1.0,0.0,710.0,1.0,720.0,-10.0,-0.09988190419999228,0.26980000000000004,0.16991809580000777,720.0,-10.0,-0.09885006015001636,0.2272,0.12834993984998366,-127.0,-1.0
70.266670601,1.0,0.0,710.0,1.0,720.0,-10.0,-0.1,0.26980000000000004,0.16980000000000003,720.0,-10.0,-0.09972317895001197,0.2272,0.12747682104998803,-127.0,-1.0
70.287573479,1.0,0.0,710.0,1.0,720.0,-10.0,-0.1,0.26980000000000004,0.16980000000000003,720.0,-10.0,-0.1,0.2272,0.1272,-127.0,-1.0
70.30433323,1.0,0.0,710.0,1.0,700.0,10.0,0.09080430009998054,0.26980000000000004,0.36060430009998057,700.0,10.0,0.09080428550002126,0.2272,0.31800428550002124,-127.0,-1.0
70.32355494,1.0,0.0,710.0,1.0,720.0,-10.0,-0.1,0.26980000000000004,0.16980000000000003,700.0,10.0,0.09172771685001863,0.2272,0.31892771685001864,-127.0,-1.0
70.346493651,1.0,0.0,710.0,1.0,720.0,-10.0,-0.1,0.26980000000000004,0.16980000000000003,720.0,-10.0,-0.09951252284997736,0.2272,0.12768747715002265,-127.0,-1.0
70.375032362,1.0,0.0,710.0,1.0,700.0,10.0,0.09132785640000748,0.26980000000000004,0.36112785640000755,700.0,10.0,0.09181531895002536,0.2272,0.3190153189500254,-127.0,-1.0
70.395025239,1.0,0.0,710.0,1.0,720.0,-10.0,-0.09963661244999003,0.26980000000000004,0.17016338755001,700.0,10.0,0.09277975865001281,0.2272,0.3199797586500128,-127.0,-1.0
70.414792075,1.0,0.0,710.0,1.0,720.0,-10.0,-0.1,0.26980000000000004,0.16980000000000003,720.0,-10.0,-0.09821994349999841,0.2272,0.1289800565000016,-127.0,-1.0
70.444813036,1.0,0.0,710.0,1.0,700.0,10.0,0.09155754390000312,0.26980000000000004,0.3613575439000032,700.0,10.0,0.09333765875000154,0.2272,0.32053765875000156,-127.0,-1.0
70.46832983,1.0,0.0,710.0,1.0,700.0,10.0,0.09253389814999992,0.26980000000000004,0.36233389814999994,700.0,10.0,0.09431401299999834,0.2272,0.3215140129999984,-127.0,-1.0
70.485219082,1.0,0.0,710.0,1.0,720.0,-10.0,-0.09852626654999312,0.26980000000000004,0.1712737334500069,720.0,-10.0,-0.09674618085000475,0.2272,0.13045381914999526,-127.0,-1.0
70.504904542,1.0,0.0,710.0,1.0,720.0,-10.0,-0.09949931039998319,0.26980000000000004,0.17030068960001685,720.0,-10.0,-0.0977192246999948,0.2272,0.1294807753000052,-127.0,-1.0
70.522865377,1.0,0.0,710.0,1.0,700.0,10.0,0.09142012510002587,0.26980000000000004,0.3612201251000259,720.0,-10.0,-0.09863866025000334,0.2272,0.12856133974999667,-127.0,-1.0
70.540036087,1.0,0.0,710.0,1.0,720.0,-10.0,-0.09940411039997343,0.26980000000000004,0.1703958896000266,720.0,-10.0,-0.09946289575000264,0.2272,0.12773710424999737,-127.0,-1.0
70.558409047,1.0,0.0,710.0,1.0,720.0,-10.0,-0.1,0.26980000000000004,0.16980000000000003,700.0,10.0,0.09146361264999087,0.2272,0.3186636126499909,-127.0,-1.0
70.582884842,1.0,0.0,710.0,1.0,700.0,10.0,0.09125063765001415,0.26980000000000004,0.3610506376500142,700.0,10.0,0.092714250300005,0.2272,0.31991425030000503,-127.0,-1.0
70.60336276,1.0,0.0,710.0,1.0,720.0,-10.0,-0.09968392074997609,0.26980000000000004,0.17011607925002395,720.0,-10.0,-0.09822032269999,0.2272,0.12897967730001003,-127.0,-1.0
70.621743887,1.0,0.0,710.0,1.0,720.0,-10.0,-0.1,0.26980000000000004,0.16980000000000003,720.0,-10.0,-0.0992175894499951,0.2272,0.12798241055000492,-127.0,-1.0
70.639978306,1.0,0.0,710.0,1.0,720.0,-10.0,-0.1,0.26980000000000004,0.16980000000000003,720.0,-10.0,-0.1,0.2272,0.1272,-127.0,-1.0
70.663928808,1.0,0.0,710.0,1.0,720.0,-10.0,-0.1,0.26980000000000004,0.16980000000000003,700.0,10.0,0.09120426265000334,0.2272,0.3184042626500033,-127.0,-1.0
70.679304601,1.0,0.0,710.0,1.0,720.0,-10.0,-0.1,0.26980000000000004,0.16980000000000003,700.0,10.0,0.09197733980000976,0.2272,0.3191773398000098,-127.0,-1.0
70.695225519,1.0,0.0,710.0,1.0,720.0,-10.0,-0.1,0.26980000000000004,0.16980000000000003,720.0,-10.0,-0.09882850609999423,0.2272,0.1283714939000058,-127.0,-1.0
70.712482563,1.0,0.0,710.0,1.0,700.0,10.0,0.09079075215001012,0.26980000000000004,0.36059075215001013,720.0,-10.0,-0.09961925829998108,0.2272,0.12758074170001893,-127.0,-1.0
70.735593065,1.0,0.0,710.0,1.0,700.0,10.0,0.09187349185000585,0.26980000000000004,0.36167349185000586,700.0,10.0,0.09146346680003262,0.2272,0.31866346680003266,-127.0,-1.0
70.756717026,1.0,0.0,710.0,1.0,720.0,-10.0,-0.09924542909998309,0.26980000000000004,0.17055457090001697,720.0,-10.0,-0.09965543954995155,0.2272,0.12754456045004847,-127.0,-1.0
70.779649611,1.0,0.0,710.0,1.0,720.0,-10.0,-0.1,0.26980000000000004,0.16980000000000003,720.0,-10.0,-0.1,0.2272,0.1272,-127.0,-1.0
70.812280698,1.0,0.0,710.0,1.0,700.0,10.0,0.09166228140001295,0.26980000000000004,0.361462281400013,700.0,10.0,0.09166228140001295,0.2272,0.31886228140001294,-127.0,-1.0
70.831598658,1.0,0.0,710.0,1.0,720.0,-10.0,-0.0992922853999744,0.26980000000000004,0.17050771460002564,700.0,10.0,0.09261686275000557,0.2272,0.3198168627500056,-127.0,-1.0
70.849397618,1.0,0.0,710.0,1.0,720.0,-10.0,-0.1,0.26980000000000004,0.16980000000000003,720.0,-10.0,-0.0982781310999826,0.2272,0.12892186890001742,-127.0,-1.0
70.874105871,1.0,0.0,710.0,1.0,720.0,-10.0,-0.1,0.26980000000000004,0.16980000000000003,700.0,10.0,0.09304956485001639,0.2272,0.32024956485001643,-127.0,-1.0
70.891001831,1.0,0.0,710.0,1.0,720.0,-10.0,-0.1,0.26980000000000004,0.16980000000000003,720.0,-10.0,-0.09772572899998977,0.2272,0.12947427100001024,-127.0,-1.0
70.911028541,1.0,0.0,710.0,1.0,720.0,-10.0,-0.1,0.26980000000000004,0.16980000000000003,700.0,10.0,0.09333315235002373,0.2272,0.3205331523500238,-127.0,-1.0
70.928784626,1.0,0.0,710.0,1.0,700.0,10.0,0.09080863134999163,0.26980000000000004,0.36060863134999166,720.0,-10.0,-0.09747552274995996,0.2272,0.12972447725004005,-127.0,-1.0
70.957517587,1.0,0.0,710.0,1.0,700.0,10.0,0.09227691064999363,0.26980000000000004,0.3620769106499937,700.0,10.0,0.09399271280004996,0.2272,0.32119271280004996,-127.0,-1.0
70.977851131,1.0,0.0,710.0,1.0,720.0,-10.0,-0.09852628109999842,0.26980000000000004,0.17127371890000162,720.0,-10.0,-0.09681049354994684,0.2272,0.13038950645005318,-127.0,-1.0
70.995194508,1.0,0.0,710.0,1.0,720.0,-10.0,-0.09957474995001121,0.26980000000000004,0.17022525004998884,720.0,-10.0,-0.0978589769499422,0.2272,0.12934102305005782,-127.0,-1.0
71.012493843,1.0,0.0,710.0,1.0,700.0,10.0,0.09133220219997838,0.26980000000000004,0.36113220219997844,720.0,-10.0,-0.09876588539993918,0.2272,0.12843411460006082,-127.0,-1.0
71.038403471,1.0,0.0,710.0,1.0,720.0,-10.0,-0.09991495005001524,0.26980000000000004,0.1698850499499848,700.0,10.0,0.09248128140005975,0.2272,0.31968128140005975,-127.0,-1.0
71.057661056,1.0,0.0,710.0,1.0,720.0,-10.0,-0.1,0.26980000000000004,0.16980000000000003,720.0,-10.0,-0.09851760409994767,0.2272,0.12868239590005234,-127.0,-1.0
71.074348183,1.0,0.0,710.0,1.0,720.0,-10.0,-0.1,0.26980000000000004,0.16980000000000003,720.0,-10.0,-0.09940931669993916,0.2272,0.12779068330006085,-127.0,-1.0
71.091760393,1.0,0.0,710.0,1.0,720.0,-10.0,-0.1,0.26980000000000004,0.16980000000000003,720.0,-10.0,-0.1,0.2272,0.1272,-127.0,-1.0
71.109340019,1.0,0.0,710.0,1.0,720.0,-10.0,-0.1,0.26980000000000004,0.16980000000000003,700.0,10.0,0.09077071465000244,0.2272,0.3179707146500025,-127.0,-1.0
71.125390438,1.0,0.0,710.0,1.0,720.0,-10.0,-0.1,0.26980000000000004,0.16980000000000003,700.0,10.0,0.09167689390000305,0.2272,0.31887689390000307,-127.0,-1.0
71.142877314,1.0,0.0,710.0,1.0,700.0,10.0,0.09075847924999834,0.26980000000000004,0.3605584792499984,720.0,-10.0,-0.09908155614998577,0.2272,0.12811844385001425,-127.0,-1.0
71.168861025,1.0,0.0,710.0,1.0,720.0,-10.0,-0.1,0.26980000000000004,0.16980000000000003,720.0,-10.0,-0.1,0.2272,0.1272,-127.0,-1.0
71.185615527,1.0,0.0,710.0,1.0,720.0,-10.0,-0.1,0.26980000000000004,0.16980000000000003,700.0,10.0,0.09089925219999714,0.2272,0.31809925219999713,-127.0,-1.0
71.202243154,1.0,0.0,710.0,1.0,720.0,-10.0,-0.1,0.26980000000000004,0.16980000000000003,700.0,10.0,0.0917313773000069,0.2272,0.3189313773000069,-127.0,-1.0
71.220875114,1.0,0.0,710.0,1.0,700.0,10.0,0.09081433340001241,0.26980000000000004,0.3606143334000125,700.0,10.0,0.09254571069999656,0.2272,0.3197457106999966,-127.0,-1.0
71.250430575,1.0,0.0,710.0,1.0,720.0,-10.0,-0.1,0.26980000000000004,0.16980000000000003,720.0,-10.0,-0.09892439155000829,0.2272,0.12827560844999172,-127.0,-1.0
71.267039827,1.0,0.0,710.0,1.0,720.0,-10.0,-0.1,0.26980000000000004,0.16980000000000003,720.0,-10.0,-0.09988272080001934,0.2272,0.12731727919998068,-127.0,-1.0
71.285095162,1.0,0.0,710.0,1.0,700.0,10.0,0.09081666675000634,0.26980000000000004,0.36061666675000636,700.0,10.0,0.09093393134998223,0.2272,0.31813393134998225,-127.0,-1.0
71.303039372,1.0,0.0,710.0,1.0,700.0,10.0,0.09176295020000907,0.26980000000000004,0.3615629502000091,700.0,10.0,0.09188022934996752,0.2272,0.31908022934996755,-127.0,-1.0
71.321446457,1.0,0.0,710.0,1.0,720.0,-10.0,-0.0991373810999903,0.26980000000000004,0.17066261890000972,720.0,-10.0,-0.09902010200003133,0.2272,0.12817989799996868,-127.0,-1.0
71.339307543,1.0,0.0,710.0,1.0,720.0,-10.0,-0.1,0.26980000000000004,0.16980000000000003,720.0,-10.0,-0.09992759375004426,0.2272,0.12727240624995576,-127.0,-1.0
71.355261711,1.0,0.0,710.0,1.0,720.0,-10.0,-0.1,0.26980000000000004,0.16980000000000003,720.0,-10.0,-0.1,0.2272,0.1272,-127.0,-1.0
71.379870505,1.0,0.0,710.0,1.0,720.0,-10.0,-0.1,0.26980000000000004,0.16980000000000003,700.0,10.0,0.09124203344998932,0.2272,0.31844203344998934,-127.0,-1.0
71.396272673,1.0,0.0,710.0,1.0,720.0,-10.0,-0.1,0.26980000000000004,0.16980000000000003,720.0,-10.0,-0.09956515415001377,0.2272,0.12763484584998624,-127.0,-1.0
71.413545175,1.0,0.0,710.0,1.0,700.0,10.0,0.09079872925000473,0.26980000000000004,0.3605987292500048,700.0,10.0,0.09123360424997827,0.2272,0.3184336042499783,-127.0,-1.0
71.43268376,1.0,0.0,710.0,1.0,720.0,-10.0,-0.1,0.26980000000000004,0.16980000000000003,720.0,-10.0,-0.09973744170001737,0.2272,0.12746255829998265,-127.0,-1.0
71.463717097,1.0,0.0,710.0,1.0,720.0,-10.0,-0.1,0.26980000000000004,0.16980000000000003,720.0,-10.0,-0.1,0.2272,0.1272,-127.0,-1.0
71.483546057,1.0,0.0,710.0,1.0,700.0,10.0,0.09090388964999875,0.26980000000000004,0.3607038896499988,720.0,-10.0,-0.1,0.2272,0.1272,-127.0,-1.0
71.498124142,1.0,0.0,710.0,1.0,700.0,10.0,0.0917749085000105,0.26980000000000004,0.3615749085000105,720.0,-10.0,-0.1,0.2272,0.1272,-127.0,-1.0
71.516383644,1.0,0.0,710.0,1.0,720.0,-10.0,-0.09915333534997899,0.26980000000000004,0.17064666465002104,720.0,-10.0,-0.1,0.2272,0.1272,-127.0,-1.0
71.535594854,1.0,0.0,710.0,1.0,720.0,-10.0,-0.09998608749999675,0.26980000000000004,0.16981391250000327,700.0,10.0,0.0908327667499998,0.2272,0.3180327667499998,-127.0,-1.0
71.553252939,1.0,0.0,710.0,1.0,700.0,10.0,0.09092879799999537,0.26980000000000004,0.3607287979999954,720.0,-10.0,-0.1,0.2272,0.1272,-127.0,-1.0
71.568367982,1.0,0.0,710.0,1.0,720.0,-10.0,-0.09987844795000456,0.26980000000000004,0.16992155204999548,720.0,-10.0,-0.1,0.2272,0.1272,-127.0,-1.0
71.583351775,1.0,0.0,710.0,1.0,720.0,-10.0,-0.1,0.26980000000000004,0.16980000000000003,720.0,-10.0,-0.1,0.2272,0.1272,-127.0,-1.0
71.597686318,1.0,0.0,710.0,1.0,720.0,-10.0,-0.1,0.26980000000000004,0.16980000000000003,720.0,-10.0,-0.1,0.2272,0.1272,-127.0,-1.0
71.616391487,1.0,0.0,710.0,1.0,700.0,10.0,0.09067328339998768,0.26980000000000004,0.36047328339998774,700.0,10.0,0.09067328339998768,0.2272,0.31787328339998766,-127.0,-1.0
71.638090614,1.0,0.0,710.0,1.0,720.0,-10.0,-0.1,0.26980000000000004,0.16980000000000003,700.0,10.0,0.0918305147999854,0.2272,0.3190305147999854,-127.0,-1.0
71.6614852,1.0,0.0,710.0,1.0,720.0,-10.0,-0.1,0.26980000000000004,0.16980000000000003,700.0,10.0,0.09310159824998664,0.2272,0.32030159824998666,-127.0,-1.0
71.682891202,1.0,0.0,710.0,1.0,720.0,-10.0,-0.1,0.26980000000000004,0.16980000000000003,720.0,-10.0,-0.09798491850001483,0.2272,0.12921508149998517,-127.0,-1.0
71.700973662,1.0,0.0,710.0,1.0,720.0,-10.0,-0.1,0.26980000000000004,0.16980000000000003,720.0,-10.0,-0.09885593735002658,0.2272,0.12834406264997344,-127.0,-1.0
71.719016164,1.0,0.0,710.0,1.0,720.0,-10.0,-0.1,0.26980000000000004,0.16980000000000003,720.0,-10.0,-0.09975301660001605,0.2272,0.12744698339998395,-127.0,-1.0
71.738285999,1.0,0.0,710.0,1.0,700.0,10.0,0.09086034380001365,0.26980000000000004,0.36066034380001366,700.0,10.0,0.0911073126499923,0.2272,0.31830731264999235,-127.0,-1.0
71.767648086,1.0,0.0,710.0,1.0,720.0,-10.0,-0.1,0.26980000000000004,0.16980000000000003,700.0,10.0,0.09243801279998479,0.2272,0.3196380127999848,-127.0,-1.0
71.783149879,1.0,0.0,710.0,1.0,720.0,-10.0,-0.1,0.26980000000000004,0.16980000000000003,720.0,-10.0,-0.09861019355000736,0.2272,0.12858980644999266,-127.0,-1.0
71.799149839,1.0,0.0,710.0,1.0,720.0,-10.0,-0.1,0.26980000000000004,0.16980000000000003,720.0,-10.0,-0.09938154990002204,0.2272,0.12781845009997797,-127.0,-1.0
71.820268549,1.0,0.0,710.0,1.0,720.0,-10.0,-0.1,0.26980000000000004,0.16980000000000003,700.0,10.0,0.09169446684997183,0.2272,0.31889446684997186,-127.0,-1.0
71.834938509,1.0,0.0,710.0,1.0,720.0,-10.0,-0.1,0.26980000000000004,0.16980000000000003,700.0,10.0,0.09242612734996328,0.2272,0.3196261273499633,-127.0,-1.0
71.850842802,1.0,0.0,710.0,1.0,720.0,-10.0,-0.1,0.26980000000000004,0.16980000000000003,700.0,10.0,0.09321686489996864,0.2272,0.3204168648999687,-127.0,-1.0
71.876047471,1.0,0.0,710.0,1.0,700.0,10.0,0.09118721470000765,0.26980000000000004,0.3609872147000077,720.0,-10.0,-0.09797034985003847,0.2272,0.12922965014996154,-127.0,-1.0
71.90675735,1.0,0.0,710.0,1.0,700.0,10.0,0.09273176485000022,0.26980000000000004,0.36253176485000027,700.0,10.0,0.0935742002999541,0.2272,0.3207742002999541,-127.0,-1.0
71.923623851,1.0,0.0,710.0,1.0,720.0,-10.0,-0.09811516230001871,0.26980000000000004,0.17168483769998133,720.0,-10.0,-0.09727271225003734,0.2272,0.12992728774996268,-127.0,-1.0
71.94261077,1.0,0.0,710.0,1.0,720.0,-10.0,-0.09909392285001103,0.26980000000000004,0.170706077149989,720.0,-10.0,-0.09825148735005769,0.2272,0.12894851264994234,-127.0,-1.0
71.971485189,1.0,0.0,710.0,1.0,720.0,-10.0,-0.1,0.26980000000000004,0.16980000000000003,720.0,-10.0,-0.09964431250004964,0.2272,0.1275556874999504,-127.0,-1.0
71.991728025,1.0,0.0,710.0,1.0,700.0,10.0,0.09086652719999165,0.26980000000000004,0.3606665271999917,700.0,10.0,0.09122225839995736,0.2272,0.31842225839995736,-127.0,-1.0
72.009653568,1.0,0.0,710.0,1.0,720.0,-10.0,-0.1,0.26980000000000004,0.16980000000000003,720.0,-10.0,-0.09983181050004078,0.2272,0.12736818949995923,-127.0,-1.0
72.027223278,1.0,0.0,710.0,1.0,720.0,-10.0,-0.1,0.26980000000000004,0.16980000000000003,720.0,-10.0,-0.1,0.2272,0.1272,-127.0,-1.0
72.047268655,1.0,0.0,710.0,1.0,700.0,10.0,0.09113522510000621,0.26980000000000004,0.36093522510000625,720.0,-10.0,-0.1,0.2272,0.1272,-127.0,-1.0
72.06524174,1.0,0.0,710.0,1.0,720.0,-10.0,-0.09962290414998734,0.26980000000000004,0.1701770958500127,700.0,10.0,0.09075812919999407,0.2272,0.3179581291999941,-127.0,-1.0
72.081956575,1.0,0.0,710.0,1.0,720.0,-10.0,-0.1,0.26980000000000004,0.16980000000000003,700.0,10.0,0.09165011889998823,0.2272,0.31885011889998827,-127.0,-1.0
72.105121328,1.0,0.0,710.0,1.0,720.0,-10.0,-0.1,0.26980000000000004,0.16980000000000003,720.0,-10.0,-0.09956378330002735,0.2272,0.12763621669997266,-127.0,-1.0
72.124284413,1.0,0.0,710.0,1.0,700.0,10.0,0.09077777300000435,0.26980000000000004,0.3605777730000044,720.0,-10.0,-0.1,0.2272,0.1272,-127.0,-1.0
72.139080665,1.0,0.0,710.0,1.0,700.0,10.0,0.09173653980000382,0.26980000000000004,0.3615365398000039,720.0,-10.0,-0.1,0.2272,0.1272,-127.0,-1.0
72.156148708,1.0,0.0,710.0,1.0,720.0,-10.0,-0.09900668524999219,0.26980000000000004,0.17079331475000786,700.0,10.0,0.0907431813500034,0.2272,0.31794318135000343,-127.0,-1.0
72.173274793,1.0,0.0,710.0,1.0,720.0,-10.0,-0.09986977074997867,0.26980000000000004,0.16993022925002138,720.0,-10.0,-0.1,0.2272,0.1272,-127.0,-1.0
72.202198213,1.0,0.0,710.0,1.0,700.0,10.0,0.09155092315003457,0.26980000000000004,0.3613509231500346,700.0,10.0,0.09142069390001326,0.2272,0.31862069390001324,-127.0,-1.0
72.218796673,1.0,0.0,710.0,1.0,720.0,-10.0,-0.09930278524996083,0.26980000000000004,0.1704972147500392,720.0,-10.0,-0.09943302909998693,0.2272,0.1277669709000131,-127.0,-1.0
72.237113633,1.0,0.0,710.0,1.0,720.0,-10.0,-0.1,0.26980000000000004,0.16980000000000003,700.0,10.0,0.09146286890001193,0.2272,0.31866286890001194,-127.0,-1.0
72.252028593,1.0,0.0,710.0,1.0,720.0,-10.0,-0.1,0.26980000000000004,0.16980000000000003,720.0,-10.0,-0.09937086034997264,0.2272,0.12782913965002737,-127.0,-1.0
72.274620803,1.0,0.0,710.0,1.0,700.0,10.0,0.09100708134998513,0.26980000000000004,0.3608070813499852,700.0,10.0,0.09163623560003999,0.2272,0.31883623560004,-127.0,-1.0
72.292829847,1.0,0.0,710.0,1.0,720.0,-10.0,-0.0999600854000164,0.26980000000000004,0.16983991459998365,720.0,-10.0,-0.09933091654995678,0.2272,0.12786908345004322,-127.0,-1.0
72.318068058,1.0,0.0,710.0,1.0,720.0,-10.0,-0.1,0.26980000000000004,0.16980000000000003,720.0,-10.0,-0.1,0.2272,0.1272,-127.0,-1.0
72.331624142,1.0,0.0,710.0,1.0,720.0,-10.0,-0.1,0.26980000000000004,0.16980000000000003,720.0,-10.0,-0.1,0.2272,0.1272,-127.0,-1.0
72.349691144,1.0,0.0,710.0,1.0,700.0,10.0,0.09075336044999403,0.26980000000000004,0.3605533604499941,700.0,10.0,0.09075334590001148,0.2272,0.3179533459000115,-127.0,-1.0
72.367690771,1.0,0.0,710.0,1.0,700.0,10.0,0.09159117304999655,0.26980000000000004,0.3613911730499966,700.0,10.0,0.091591158500014,0.2272,0.318791158500014,-127.0,-1.0
72.383825189,1.0,0.0,710.0,1.0,720.0,-10.0,-0.09929145415001131,0.26980000000000004,0.17050854584998873,720.0,-10.0,-0.09929146864997165,0.2272,0.12790853135002836,-127.0,-1.0
72.414557526,1.0,0.0,710.0,1.0,720.0,-10.0,-0.1,0.26980000000000004,0.16980000000000003,700.0,10.0,0.09211340235002809,0.2272,0.3193134023500281,-127.0,-1.0
72.430252985,1.0,0.0,710.0,1.0,700.0,10.0,0.09090881884998453,0.26980000000000004,0.36070881884998457,720.0,-10.0,-0.09879540189997442,0.2272,0.12840459810002558,-127.0,-1.0
72.447128529,1.0,0.0,710.0,1.0,720.0,-10.0,-0.09993656250003369,0.26980000000000004,0.16986343749996635,700.0,10.0,0.09204999400002635,0.2272,0.31924999400002635,-127.0,-1.0
72.47335899,1.0,0.0,710.0,1.0,720.0,-10.0,-0.1,0.26980000000000004,0.16980000000000003,700.0,10.0,0.09337121500003832,0.2272,0.3205712150000383,-127.0,-1.0
72.48972995,1.0,0.0,710.0,1.0,700.0,10.0,0.09079296885000986,0.26980000000000004,0.3605929688500099,720.0,-10.0,-0.09742172464996202,0.2272,0.129778275350038,-127.0,-1.0
72.515023577,1.0,0.0,710.0,1.0,720.0,-10.0,-0.1,0.26980000000000004,0.16980000000000003,720.0,-10.0,-0.09854652264996275,0.2272,0.12865347735003727,-127.0,-1.0
72.535708288,1.0,0.0,710.0,1.0,720.0,-10.0,-0.1,0.26980000000000004,0.16980000000000003,700.0,10.0,0.09270084835003672,0.2272,0.31990084835003674,-127.0,-1.0
72.55560404,1.0,0.0,710.0,1.0,720.0,-10.0,-0.1,0.26980000000000004,0.16980000000000003,700.0,10.0,0.09368261300002359,0.2272,0.32088261300002363,-127.0,-1.0
72.572831625,1.0,0.0,710.0,1.0,720.0,-10.0,-0.1,0.26980000000000004,0.16980000000000003,720.0,-10.0,-0.09718165374997625,0.2272,0.13001834625002376,-127.0,-1.0
72.589342001,1.0,0.0,710.0,1.0,720.0,-10.0,-0.1,0.26980000000000004,0.16980000000000003,720.0,-10.0,-0.09799578299998757,0.2272,0.12920421700001244,-127.0,-1.0
72.60875242,1.0,0.0,710.0,1.0,720.0,-10.0,-0.1,0.26980000000000004,0.16980000000000003,720.0,-10.0,-0.09896776229998068,0.2272,0.12823223770001935,-127.0,-1.0
72.633911006,1.0,0.0,720.0,1.0,700.0,20.0,0.18720345430002452,0.2736,0.46080345430002456,700.0,20.0,0.18823569200004386,0.23040000000000002,0.4186356920000439,-127.0,-1.0
72.65469955,1.0,0.0,720.0,1.0,700.0,20.0,0.1893933462000041,0.2736,0.4629933462000041,720.0,0.0,-0.0017643079999561451,0.23040000000000002,0.22863569200004388,-127.0,-1.0
72.670445468,1.0,0.0,720.0,1.0,720.0,0.0,-6.06653799995911E-4,0.2736,0.2729933462000041,720.0,0.0,-0.0017643079999561451,0.23040000000000002,0.22863569200004388,-127.0,-1.0
72.685630219,1.0,0.0,720.0,1.0,720.0,0.0,-6.06653799995911E-4,0.2736,0.2729933462000041,720.0,0.0,-0.0017643079999561451,0.23040000000000002,0.22863569200004388,-127.0,-1.0
72.715349889,1.0,0.0,720.0,1.0,720.0,0.0,-6.06653799995911E-4,0.2736,0.2729933462000041,700.0,20.0,0.1909556297000654,0.23040000000000002,0.42135562970006546,-127.0,-1.0
72.733089349,1.0,0.0,720.0,1.0,720.0,0.0,-6.06653799995911E-4,0.2736,0.2729933462000041,720.0,0.0,9.556297000654013E-4,0.23040000000000002,0.23135562970006543,-127.0,-1.0
72.759596602,1.0,0.0,710.0,1.0,740.0,-30.0,-0.2895174667000128,0.26980000000000004,-0.019717466700012787,720.0,-10.0,-0.09534793084992543,0.2272,0.13185206915007458,-127.0,-1.0
72.783380854,1.0,0.0,710.0,1.0,720.0,-10.0,-0.1,0.26980000000000004,0.16980000000000003,720.0,-10.0,-0.09646339554992664,0.2272,0.13073660445007337,-127.0,-1.0
72.801820898,1.0,0.0,710.0,1.0,700.0,10.0,0.09098977095001373,0.26980000000000004,0.36078977095001374,720.0,-10.0,-0.09745316644991817,0.2272,0.12974683355008185,-127.0,-1.0
72.818517066,1.0,0.0,710.0,1.0,700.0,10.0,0.09183036895000442,0.26980000000000004,0.36163036895000444,720.0,-10.0,-0.09829376444993158,0.2272,0.12890623555006842,-127.0,-1.0
72.835372776,1.0,0.0,710.0,1.0,720.0,-10.0,-0.09902746655000101,0.26980000000000004,0.17077253344999904,700.0,10.0,0.09256407105007383,0.2272,0.3197640710500739,-127.0,-1.0
72.852481945,1.0,0.0,710.0,1.0,720.0,-10.0,-0.09988305619999664,0.26980000000000004,0.16991694380000338,720.0,-10.0,-0.09829150404991652,0.2272,0.1289084959500835,-127.0,-1.0
72.87027128,1.0,0.0,710.0,1.0,720.0,-10.0,-0.1,0.26980000000000004,0.16980000000000003,720.0,-10.0,-0.0991647832999206,0.2272,0.12803521670007942,-127.0,-1.0
72.89055174,0.0,0.0,710.0,1.0,700.0,10.0,0.09101784385001338,0.26980000000000004,0.3608178438500134,740.0,-30.0,-0.29,0.2272,-0.06279999999999997,-127.0,-1.0
72.921982618,1.0,0.0,710.0,1.0,720.0,-10.0,-0.1,0.26980000000000004,0.16980000000000003,700.0,10.0,0.09157594809998046,0.2272,0.31877594809998044,-127.0,-1.0
72.939234995,1.0,0.0,710.0,1.0,720.0,-10.0,-0.1,0.26980000000000004,0.16980000000000003,700.0,10.0,0.09249714814999607,0.2272,0.31969714814999606,-127.0,-1.0
72.95625608,1.0,0.0,710.0,1.0,700.0,10.0,0.09078400009999768,0.26980000000000004,0.3605840000999977,700.0,10.0,0.093281133649989,0.2272,0.320481133649989,-127.0,-1.0
72.990379333,1.0,0.0,710.0,1.0,700.0,10.0,0.09248196689999531,0.26980000000000004,0.36228196689999537,700.0,10.0,0.09497910049998609,0.2272,0.3221791004999861,-127.0,-1.0
73.009879877,0.0,0.0,710.0,1.0,720.0,-10.0,-0.09849311865002619,0.26980000000000004,0.17130688134997385,680.0,30.0,0.28790435699998396,0.2272,0.515104356999984,-127.0,-1.0
73.031911213,1.0,0.0,710.0,1.0,720.0,-10.0,-0.09940241875001447,0.26980000000000004,0.17039758124998555,700.0,10.0,0.09881364254998971,0.2272,0.3260136425499897,-127.0,-1.0
73.050032464,1.0,0.0,710.0,1.0,720.0,-10.0,-0.1,0.26980000000000004,0.16980000000000003,720.0,-10.0,-0.092267492950009,0.2272,0.13493250704999102,-127.0,-1.0
73.069406133,1.0,0.0,710.0,1.0,720.0,-10.0,-0.1,0.26980000000000004,0.16980000000000003,720.0,-10.0,-0.09327843890000623,0.2272,0.13392156109999379,-127.0,-1.0
73.085419801,1.0,0.0,710.0,1.0,720.0,-10.0,-0.1,0.26980000000000004,0.16980000000000003,720.0,-10.0,-0.09408113480001248,0.2272,0.13311886519998753,-127.0,-1.0
73.10549872,1.0,0.0,710.0,1.0,720.0,-10.0,-0.1,0.26980000000000004,0.16980000000000003,700.0,10.0,0.09694941114998074,0.2272,0.32414941114998075,-127.0,-1.0
73.123009513,1.0,0.0,710.0,1.0,720.0,-10.0,-0.1,0.26980000000000004,0.16980000000000003,740.0,-30.0,-0.28570424530002125,0.2272,-0.05850424530002124,-127.0,-1.0
73.141353599,1.0,0.0,710.0,1.0,720.0,-10.0,-0.1,0.26980000000000004,0.16980000000000003,700.0,10.0,0.09511608189997332,0.2272,0.32231608189997335,-127.0,-1.0
73.165692893,1.0,0.0,710.0,1.0,700.0,10.0,0.09123337094998987,0.26980000000000004,0.3610333709499899,720.0,-10.0,-0.09611730360004458,0.2272,0.13108269639995543,-127.0,-1.0
73.183962603,1.0,0.0,710.0,1.0,720.0,-10.0,-0.09969334165002693,0.26980000000000004,0.17010665834997313,700.0,10.0,0.0948093944499442,0.2272,0.3220093944499442,-127.0,-1.0
73.208996939,1.0,0.0,710.0,1.0,720.0,-10.0,-0.1,0.26980000000000004,0.16980000000000003,700.0,10.0,0.09605721744993843,0.2272,0.32325721744993846,-127.0,-1.0
73.232879483,1.0,0.0,710.0,1.0,700.0,10.0,0.09120223554999939,0.26980000000000004,0.36100223554999944,700.0,10.0,0.09725943844995527,0.2272,0.3244594384499553,-127.0,-1.0
73.249992735,1.0,0.0,710.0,1.0,700.0,10.0,0.09205810230002044,0.26980000000000004,0.36185810230002047,700.0,10.0,0.09811530519995358,0.2272,0.3253153051999536,-127.0,-1.0
73.267867528,1.0,0.0,710.0,1.0,700.0,10.0,0.09293566904999807,0.26980000000000004,0.3627356690499981,700.0,10.0,0.0989928573499492,0.2272,0.3261928573499492,-127.0,-1.0
73.292753405,1.0,0.0,710.0,1.0,720.0,-10.0,-0.09827414985002178,0.26980000000000004,0.17152585014997826,700.0,10.0,0.1,0.2272,0.32720000000000005,-127.0,-1.0
73.313805616,1.0,0.0,710.0,1.0,720.0,-10.0,-0.09938445205000335,0.26980000000000004,0.1704155479499967,720.0,-10.0,-0.09111033134999161,0.2272,0.1360896686500084,-127.0,-1.0
73.332834826,1.0,0.0,710.0,1.0,720.0,-10.0,-0.1,0.26980000000000004,0.16980000000000003,720.0,-10.0,-0.09206578769998487,0.2272,0.13513421230001516,-127.0,-1.0
73.350436036,1.0,0.0,710.0,1.0,720.0,-10.0,-0.1,0.26980000000000004,0.16980000000000003,700.0,10.0,0.09884959365001578,0.2272,0.3260495936500158,-127.0,-1.0
73.366885455,1.0,0.0,710.0,1.0,720.0,-10.0,-0.1,0.26980000000000004,0.16980000000000003,720.0,-10.0,-0.09196667934999368,0.2272,0.13523332065000632,-127.0,-1.0
73.38345329,1.0,0.0,710.0,1.0,700.0,10.0,0.09080990010001187,0.26980000000000004,0.3606099001000119,720.0,-10.0,-0.0927765648500008,0.2272,0.13442343514999922,-127.0,-1.0
73.40286925,1.0,0.0,710.0,1.0,720.0,-10.0,-0.1,0.26980000000000004,0.16980000000000003,720.0,-10.0,-0.0937117795499853,0.2272,0.1334882204500147,-127.0,-1.0
73.436043712,1.0,0.0,710.0,1.0,720.0,-10.0,-0.1,0.26980000000000004,0.16980000000000003,700.0,10.0,0.09803158520003308,0.2272,0.3252315852000331,-127.0,-1.0
73.45605438,1.0,0.0,710.0,1.0,700.0,10.0,0.0909278646499979,0.26980000000000004,0.36072786464999795,720.0,-10.0,-0.09289627944996483,0.2272,0.1343037205500352,-127.0,-1.0
73.47332659,1.0,0.0,710.0,1.0,720.0,-10.0,-0.09994475834998866,0.26980000000000004,0.16985524165001137,720.0,-10.0,-0.09376890244995138,0.2272,0.13343109755004862,-127.0,-1.0
73.500364385,1.0,0.0,710.0,1.0,720.0,-10.0,-0.1,0.26980000000000004,0.16980000000000003,720.0,-10.0,-0.0951343546999533,0.2272,0.13206564530004672,-127.0,-1.0
73.517456928,1.0,0.0,710.0,1.0,700.0,10.0,0.09081840215000284,0.26980000000000004,0.36061840215000285,700.0,10.0,0.09568403285004479,0.2272,0.3228840328500448,-127.0,-1.0
73.538531305,1.0,0.0,710.0,1.0,720.0,-10.0,-0.1,0.26980000000000004,0.16980000000000003,720.0,-10.0,-0.09517316099997061,0.2272,0.1320268390000294,-127.0,-1.0
73.561666891,1.0,0.0,710.0,1.0,720.0,-10.0,-0.1,0.26980000000000004,0.16980000000000003,720.0,-10.0,-0.09656855279996762,0.2272,0.1306314472000324,-127.0,-1.0
73.581479809,1.0,0.0,710.0,1.0,700.0,10.0,0.09097314595000171,0.26980000000000004,0.36077314595000176,720.0,-10.0,-0.09754171334995135,0.2272,0.12965828665004867,-127.0,-1.0
73.599549145,1.0,0.0,710.0,1.0,720.0,-10.0,-0.0999341854000022,0.26980000000000004,0.16986581459999783,700.0,10.0,0.0933656034000478,0.2272,0.3205656034000478,-127.0,-1.0
73.616842063,1.0,0.0,710.0,1.0,720.0,-10.0,-0.1,0.26980000000000004,0.16980000000000003,700.0,10.0,0.09422679305005204,0.2272,0.32142679305005206,-127.0,-1.0
73.636290398,1.0,0.0,710.0,1.0,720.0,-10.0,-0.1,0.26980000000000004,0.16980000000000003,720.0,-10.0,-0.09677950079996209,0.2272,0.13042049920003793,-127.0,-1.0
73.662472734,1.0,0.0,710.0,1.0,720.0,-10.0,-0.1,0.26980000000000004,0.16980000000000003,700.0,10.0,0.09440937640003995,0.2272,0.32160937640003995,-127.0,-1.0
73.686958445,1.0,0.0,710.0,1.0,700.0,10.0,0.09124465844999122,0.26980000000000004,0.36104465844999123,700.0,10.0,0.09565402030002587,0.2272,0.32285402030002586,-127.0,-1.0
73.704435697,1.0,0.0,710.0,1.0,720.0,-10.0,-0.09970165415002157,0.26980000000000004,0.17009834584997846,720.0,-10.0,-0.09529223394996734,0.2272,0.13190776605003268,-127.0,-1.0
73.72038199,1.0,0.0,710.0,1.0,720.0,-10.0,-0.1,0.26980000000000004,0.16980000000000003,700.0,10.0,0.09549360365003849,0.2272,0.3226936036500385,-127.0,-1.0
73.743555492,1.0,0.0,710.0,1.0,700.0,10.0,0.09118186260001494,0.26980000000000004,0.36098186260001497,720.0,-10.0,-0.09568827354995847,0.2272,0.13151172645004156,-127.0,-1.0
73.759243661,1.0,0.0,710.0,1.0,700.0,10.0,0.09194478975001857,0.26980000000000004,0.3617447897500186,720.0,-10.0,-0.09645117149997531,0.2272,0.1307488285000247,-127.0,-1.0
73.777056037,1.0,0.0,710.0,1.0,700.0,10.0,0.09278788150001219,0.26980000000000004,0.3625878815000122,720.0,-10.0,-0.09729429244995572,0.2272,0.1299057075500443,-127.0,-1.0
73.799571248,1.0,0.0,710.0,1.0,700.0,10.0,0.09391696705000868,0.26980000000000004,0.3637169670500087,700.0,10.0,0.09383479305006404,0.2272,0.32103479305006405,-127.0,-1.0
73.815952416,1.0,0.0,710.0,1.0,720.0,-10.0,-0.09695556844999373,0.26980000000000004,0.1728444315500063,700.0,10.0,0.0947072994000564,0.2272,0.3219072994000564,-127.0,-1.0
73.835134752,1.0,0.0,710.0,1.0,720.0,-10.0,-0.09791305189999093,0.26980000000000004,0.1718869481000091,720.0,-10.0,-0.0962501840499408,0.2272,0.13094981595005922,-127.0,-1.0
73.852575837,1.0,0.0,710.0,1.0,720.0,-10.0,-0.09878867904999425,0.26980000000000004,0.1710113209500058,720.0,-10.0,-0.09712582579994887,0.2272,0.13007417420005113,-127.0,-1.0
73.874853047,1.0,0.0,710.0,1.0,720.0,-10.0,-0.09991196040000432,0.26980000000000004,0.1698880395999957,700.0,10.0,0.0939974118000464,0.2272,0.3211974118000464,-127.0,-1.0
73.892846549,1.0,0.0,710.0,1.0,720.0,-10.0,-0.1,0.26980000000000004,0.16980000000000003,720.0,-10.0,-0.0969080382999573,0.2272,0.1302919617000427,-127.0,-1.0
73.911592259,1.0,0.0,710.0,1.0,700.0,10.0,0.09085445219999656,0.26980000000000004,0.3606544521999966,720.0,-10.0,-0.09776249044995439,0.2272,0.12943750955004563,-127.0,-1.0
73.939832304,1.0,0.0,710.0,1.0,720.0,-10.0,-0.1,0.26980000000000004,0.16980000000000003,720.0,-10.0,-0.09923670519994175,0.2272,0.12796329480005825,-127.0,-1.0
73.955086472,1.0,0.0,710.0,1.0,720.0,-10.0,-0.1,0.26980000000000004,0.16980000000000003,700.0,10.0,0.0915963240500787,0.2272,0.31879632405007874,-127.0,-1.0
73.971784974,1.0,0.0,710.0,1.0,720.0,-10.0,-0.1,0.26980000000000004,0.16980000000000003,720.0,-10.0,-0.09923819269989963,0.2272,0.12796180730010037,-127.0,-1.0
73.98633185,1.0,0.0,710.0,1.0,720.0,-10.0,-0.1,0.26980000000000004,0.16980000000000003,720.0,-10.0,-0.09995443859990247,0.2272,0.12724556140009755,-127.0,-1.0
74.013546395,1.0,0.0,710.0,1.0,720.0,-10.0,-0.1,0.26980000000000004,0.16980000000000003,720.0,-10.0,-0.1,0.2272,0.1272,-127.0,-1.0
74.029511938,1.0,0.0,710.0,1.0,700.0,10.0,0.09075064800000746,0.26980000000000004,0.36055064800000747,700.0,10.0,0.0907506334000027,0.2272,0.31795063340000274,-127.0,-1.0
74.051729648,1.0,0.0,710.0,1.0,720.0,-10.0,-0.1,0.26980000000000004,0.16980000000000003,720.0,-10.0,-0.1,0.2272,0.1272,-127.0,-1.0
74.071061025,1.0,0.0,710.0,1.0,720.0,-10.0,-0.1,0.26980000000000004,0.16980000000000003,700.0,10.0,0.0911915022500034,0.2272,0.3183915022500034,-127.0,-1.0
74.095891486,1.0,0.0,710.0,1.0,700.0,10.0,0.09117543134999778,0.26980000000000004,0.3609754313499978,720.0,-10.0,-0.09998395825000443,0.2272,0.12721604174999557,-127.0,-1.0
74.11253078,1.0,0.0,710.0,1.0,720.0,-10.0,-0.09966400000000704,0.26980000000000004,0.17013599999999302,720.0,-10.0,-0.1,0.2272,0.1272,-127.0,-1.0
74.128491073,1.0,0.0,710.0,1.0,720.0,-10.0,-0.1,0.26980000000000004,0.16980000000000003,720.0,-10.0,-0.1,0.2272,0.1272,-127.0,-1.0
74.144276074,1.0,0.0,710.0,1.0,720.0,-10.0,-0.1,0.26980000000000004,0.16980000000000003,700.0,10.0,0.09080160219999925,0.2272,0.3180016021999993,-127.0,-1.0
74.165257118,1.0,0.0,710.0,1.0,700.0,10.0,0.09088165009999558,0.26980000000000004,0.36068165009999564,720.0,-10.0,-0.1,0.2272,0.1272,-127.0,-1.0
74.185386203,1.0,0.0,710.0,1.0,700.0,10.0,0.09198636684999656,0.26980000000000004,0.3617863668499966,700.0,10.0,0.0911047021999957,0.2272,0.31830470219999574,-127.0,-1.0
74.202417205,1.0,0.0,710.0,1.0,720.0,-10.0,-0.09883070825001142,0.26980000000000004,0.17096929174998862,700.0,10.0,0.09192177729998094,0.2272,0.3191217772999809,-127.0,-1.0
74.220116999,1.0,0.0,710.0,1.0,720.0,-10.0,-0.09976606875000016,0.26980000000000004,0.17003393124999988,700.0,10.0,0.09285715234999771,0.2272,0.3200571523499977,-127.0,-1.0
74.236276209,1.0,0.0,710.0,1.0,720.0,-10.0,-0.1,0.26980000000000004,0.16980000000000003,720.0,-10.0,-0.09794739564999873,0.2272,0.1292526043500013,-127.0,-1.0
74.257838836,1.0,0.0,710.0,1.0,720.0,-10.0,-0.1,0.26980000000000004,0.16980000000000003,700.0,10.0,0.0931728815499946,0.2272,0.3203728815499946,-127.0,-1.0
74.272493046,1.0,0.0,710.0,1.0,720.0,-10.0,-0.1,0.26980000000000004,0.16980000000000003,720.0,-10.0,-0.09758126645001539,0.2272,0.12961873354998463,-127.0,-1.0
74.292529381,1.0,0.0,710.0,1.0,720.0,-10.0,-0.1,0.26980000000000004,0.16980000000000003,700.0,10.0,0.09342059404997599,0.2272,0.320620594049976,-127.0,-1.0
74.314411383,1.0,0.0,710.0,1.0,700.0,10.0,0.09097578549998617,0.26980000000000004,0.36077578549998623,720.0,-10.0,-0.09755517690002762,0.2272,0.12964482309997238,-127.0,-1.0
74.332439885,1.0,0.0,710.0,1.0,700.0,10.0,0.09193946684998991,0.26980000000000004,0.3617394668499899,720.0,-10.0,-0.09851882910002133,0.2272,0.1286811708999787,-127.0,-1.0
74.350033803,1.0,0.0,710.0,1.0,720.0,-10.0,-0.09893868325000313,0.26980000000000004,0.1708613167499969,720.0,-10.0,-0.09939697915001489,0.2272,0.12780302084998513,-127.0,-1.0
74.36662643,1.0,0.0,710.0,1.0,720.0,-10.0,-0.0997627437500114,0.26980000000000004,0.17003725624998864,700.0,10.0,0.09142711055000291,0.2272,0.3186271105500029,-127.0,-1.0
74.383862182,1.0,0.0,710.0,1.0,720.0,-10.0,-0.1,0.26980000000000004,0.16980000000000003,720.0,-10.0,-0.09944783119999556,0.2272,0.12775216880000445,-127.0,-1.0
74.4011026,1.0,0.0,710.0,1.0,700.0,10.0,0.09084612509999715,0.26980000000000004,0.36064612509999716,720.0,-10.0,-0.1,0.2272,0.1272,-127.0,-1.0
74.419723185,1.0,0.0,710.0,1.0,720.0,-10.0,-0.1,0.26980000000000004,0.16980000000000003,720.0,-10.0,-0.1,0.2272,0.1272,-127.0,-1.0
74.446133605,1.0,0.0,710.0,1.0,720.0,-10.0,-0.1,0.26980000000000004,0.16980000000000003,700.0,10.0,0.09129206889998841,0.2272,0.31849206889998843,-127.0,-1.0
74.461491898,1.0,0.0,710.0,1.0,720.0,-10.0,-0.1,0.26980000000000004,0.16980000000000003,700.0,10.0,0.09207586479998554,0.2272,0.31927586479998554,-127.0,-1.0
74.47869265,1.0,0.0,710.0,1.0,700.0,10.0,0.0907878938499971,0.26980000000000004,0.3605878938499971,720.0,-10.0,-0.09871210195003641,0.2272,0.1284878980499636,-127.0,-1.0
74.502494985,1.0,0.0,710.0,1.0,720.0,-10.0,-0.1,0.26980000000000004,0.16980000000000003,720.0,-10.0,-0.09990918955002144,0.2272,0.1272908104499786,-127.0,-1.0
74.53460428,1.0,0.0,710.0,1.0,700.0,10.0,0.09157103349999943,0.26980000000000004,0.36137103349999944,700.0,10.0,0.09166184394997799,0.2272,0.318861843949978,-127.0,-1.0
74.558965449,1.0,0.0,710.0,1.0,700.0,10.0,0.0925085231500043,0.26980000000000004,0.36230852315000434,700.0,10.0,0.09259933364998232,0.2272,0.31979933364998236,-127.0,-1.0
74.577638243,1.0,0.0,710.0,1.0,720.0,-10.0,-0.09870394990000478,0.26980000000000004,0.17109605009999526,700.0,10.0,0.09381179209998664,0.2272,0.32101179209998665,-127.0,-1.0
74.600054287,1.0,0.0,710.0,1.0,720.0,-10.0,-0.0998241104500039,0.26980000000000004,0.16997588954999615,720.0,-10.0,-0.09730835385000773,0.2272,0.12989164614999227,-127.0,-1.0
74.616375955,1.0,0.0,710.0,1.0,700.0,10.0,0.09102188334999482,0.26980000000000004,0.3608218833499949,720.0,-10.0,-0.09815437685001598,0.2272,0.12904562314998402,-127.0,-1.0
74.633207457,1.0,0.0,710.0,1.0,720.0,-10.0,-0.09982459175000713,0.26980000000000004,0.1699754082499929,720.0,-10.0,-0.09900074985000629,0.2272,0.12819925014999373,-127.0,-1.0
74.652254167,1.0,0.0,710.0,1.0,720.0,-10.0,-0.1,0.26980000000000004,0.16980000000000003,700.0,10.0,0.0918155960500053,0.2272,0.3190155960500053,-127.0,-1.0
74.672233336,1.0,0.0,710.0,1.0,720.0,-10.0,-0.1,0.26980000000000004,0.16980000000000003,700.0,10.0,0.09280172114999005,0.2272,0.32000172114999004,-127.0,-1.0
74.689615796,1.0,0.0,710.0,1.0,720.0,-10.0,-0.1,0.26980000000000004,0.16980000000000003,700.0,10.0,0.09387387334999403,0.2272,0.32107387334999404,-127.0,-1.0
74.704538339,1.0,0.0,710.0,1.0,720.0,-10.0,-0.1,0.26980000000000004,0.16980000000000003,720.0,-10.0,-0.09687194755001656,0.2272,0.13032805244998347,-127.0,-1.0
74.7286968,1.0,0.0,710.0,1.0,700.0,10.0,0.09112753964999684,0.26980000000000004,0.3609275396499969,700.0,10.0,0.09425559214997975,0.2272,0.32145559214997976,-127.0,-1.0
74.745322093,1.0,0.0,710.0,1.0,720.0,-10.0,-0.09972644590000072,0.26980000000000004,0.1700735540999993,700.0,10.0,0.0951095922499826,0.2272,0.3223095922499826,-127.0,-1.0
74.769539179,1.0,0.0,710.0,1.0,720.0,-10.0,-0.1,0.26980000000000004,0.16980000000000003,720.0,-10.0,-0.09608322245001091,0.2272,0.1311167775499891,-127.0,-1.0
74.784166847,1.0,0.0,710.0,1.0,720.0,-10.0,-0.1,0.26980000000000004,0.16980000000000003,720.0,-10.0,-0.09689262670001426,0.2272,0.13030737329998576,-127.0,-1.0
74.803928432,1.0,0.0,710.0,1.0,700.0,10.0,0.09092175424999824,0.26980000000000004,0.3607217542499983,720.0,-10.0,-0.09781439555001725,0.2272,0.12938560444998276,-127.0,-1.0
74.832942269,1.0,0.0,710.0,1.0,720.0,-10.0,-0.1,0.26980000000000004,0.16980000000000003,700.0,10.0,0.0935856483499856,0.2272,0.32078564834998563,-127.0,-1.0
74.856443604,1.0,0.0,710.0,1.0,720.0,-10.0,-0.1,0.26980000000000004,0.16980000000000003,720.0,-10.0,-0.09770799550001356,0.2272,0.12949200449998644,-127.0,-1.0
74.872407398,1.0,0.0,710.0,1.0,700.0,10.0,0.09074932094998986,0.26980000000000004,0.3605493209499899,720.0,-10.0,-0.09845731640000395,0.2272,0.12874268359999608,-127.0,-1.0
74.895837567,1.0,0.0,710.0,1.0,720.0,-10.0,-0.1,0.26980000000000004,0.16980000000000003,720.0,-10.0,-0.09962688529999468,0.2272,0.12757311470000532,-127.0,-1.0
74.913551068,1.0,0.0,710.0,1.0,720.0,-10.0,-0.1,0.26980000000000004,0.16980000000000003,700.0,10.0,0.09121174395001162,0.2272,0.31841174395001165,-127.0,-1.0
74.933973862,1.0,0.0,710.0,1.0,720.0,-10.0,-0.1,0.26980000000000004,0.16980000000000003,720.0,-10.0,-0.09990303529998527,0.2272,0.12729696470001473,-127.0,-1.0
74.976188533,1.0,0.0,695.0,0.9,720.0,-25.0,-0.2425,0.2641,0.021600000000000008,720.0,-25.0,-0.2425,0.22240000000000001,-0.02009999999999998,-127.0,-1.0
75.003631744,1.0,0.0,695.0,0.9,700.0,-5.0,-0.0525,0.2641,0.2116,700.0,-5.0,-0.0525,0.22240000000000001,0.16990000000000002,-127.0,-1.0
75.023173704,1.0,0.0,695.0,0.9,700.0,-5.0,-0.0525,0.2641,0.2116,700.0,-5.0,-0.0525,0.22240000000000001,0.16990000000000002,-127.0,-1.0
75.052724499,1.0,0.0,695.0,0.9,700.0,-5.0,-0.0525,0.2641,0.2116,700.0,-5.0,-0.0525,0.22240000000000001,0.16990000000000002,-127.0,-1.0
75.072290668,1.0,0.0,695.0,0.9,700.0,-5.0,-0.0525,0.2641,0.2116,680.0,15.0,0.1385378157250102,0.22240000000000001,0.3609378157250102,-127.0,-1.0
75.093027878,1.0,0.0,695.0,0.9,700.0,-5.0,-0.0525,0.2641,0.2116,680.0,15.0,0.14036396275001833,0.22240000000000001,0.3627639627500183,-127.0,-1.0
75.110065005,1.0,0.0,695.0,0.9,720.0,-25.0,-0.2425,0.2641,0.021600000000000008,700.0,-5.0,-0.050030953949978994,0.22240000000000001,0.172369046050021,-127.0,-1.0
75.133087132,1.0,0.0,695.0,0.9,700.0,-5.0,-0.0525,0.2641,0.2116,700.0,-5.0,-0.050619544649978254,0.22240000000000001,0.17178045535002176,-127.0,-1.0
75.151414592,1.0,0.0,695.0,0.9,720.0,-25.0,-0.2425,0.2641,0.021600000000000008,700.0,-5.0,-0.0510370655249767,0.22240000000000001,0.17136293447502332,-127.0,-1.0
75.178246178,1.0,0.0,695.0,0.9,680.0,15.0,0.13934920330000294,0.2641,0.40344920330000295,700.0,-5.0,-0.05165342287497424,0.22240000000000001,0.17074657712502578,-127.0,-1.0
75.201680139,1.0,0.0,695.0,0.9,700.0,-5.0,-0.051308140525,0.2641,0.212791859475,680.0,15.0,0.14031876167505286,0.22240000000000001,0.3627187616750529,-127.0,-1.0
75.22837085,1.0,0.0,710.0,1.0,700.0,10.0,0.09254803667500028,0.26980000000000004,0.3623480366750003,700.0,10.0,0.09417490972504311,0.2272,0.3213749097250431,-127.0,-1.0
75.252568102,1.0,0.0,710.0,1.0,700.0,10.0,0.093785753475006,0.26980000000000004,0.36358575347500605,700.0,10.0,0.09541265572503563,0.2272,0.3226126557250356,-127.0,-1.0
75.271517979,1.0,0.0,710.0,1.0,700.0,10.0,0.09472089522498892,0.26980000000000004,0.364520895224989,680.0,30.0,0.2882180809750525,0.2272,0.5154180809750526,-127.0,-1.0
75.291170773,0.0,0.0,710.0,1.0,720.0,-10.0,-0.09625960072502267,0.26980000000000004,0.17354039927497739,680.0,30.0,0.29,0.2272,0.5172,-127.0,-1.0
75.31091165,1.0,0.0,710.0,1.0,720.0,-10.0,-0.09723210497501214,0.26980000000000004,0.1725678950249879,720.0,-10.0,-0.09097250429998895,0.2272,0.13622749570001108,-127.0,-1.0
75.335041819,1.0,0.0,710.0,1.0,700.0,10.0,0.09394035137500169,0.26980000000000004,0.3637403513750017,700.0,10.0,0.1,0.2272,0.32720000000000005,-127.0,-1.0
75.351759571,1.0,0.0,710.0,1.0,700.0,10.0,0.09481885147499952,0.26980000000000004,0.36461885147499956,720.0,-10.0,-0.09087848550001582,0.2272,0.1363215144999842,-127.0,-1.0
75.368940197,1.0,0.0,710.0,1.0,700.0,10.0,0.09564695157498818,0.26980000000000004,0.3654469515749882,700.0,10.0,0.09994962914997814,0.2272,0.32714962914997814,-127.0,-1.0
75.387944033,0.0,0.0,710.0,1.0,700.0,10.0,0.09661212042499528,0.26980000000000004,0.3664121204249953,740.0,-30.0,-0.2829458774000431,0.2272,-0.05574587740004311,-127.0,-1.0
75.410950702,1.0,0.0,710.0,1.0,700.0,10.0,0.09777457262498729,0.26980000000000004,0.36757457262498733,720.0,-10.0,-0.0941082858500431,0.2272,0.1330917141499569,-127.0,-1.0
75.428849412,1.0,0.0,710.0,1.0,720.0,-10.0,-0.09305892327500942,0.26980000000000004,0.17674107672499062,720.0,-10.0,-0.09494182555003136,0.2272,0.13225817444996865,-127.0,-1.0
75.454126414,1.0,0.0,710.0,1.0,720.0,-10.0,-0.09439421717501091,0.26980000000000004,0.17540578282498914,700.0,10.0,0.09639346829997067,0.2272,0.3235934682999707,-127.0,-1.0
75.485055917,1.0,0.0,710.0,1.0,720.0,-10.0,-0.09588830897502021,0.26980000000000004,0.17391169102497983,700.0,10.0,0.09788748719997784,0.2272,0.3250874871999778,-127.0,-1.0
75.502748711,1.0,0.0,710.0,1.0,720.0,-10.0,-0.09678470282502757,0.26980000000000004,0.17301529717497247,700.0,10.0,0.09878395399996406,0.2272,0.32598395399996405,-127.0,-1.0
75.522889755,1.0,0.0,710.0,1.0,700.0,10.0,0.09422583477496801,0.26980000000000004,0.3640258347749681,700.0,10.0,0.0997944915999824,0.2272,0.3269944915999824,-127.0,-1.0
75.544356132,1.0,0.0,710.0,1.0,720.0,-10.0,-0.09666080282503345,0.26980000000000004,0.1731391971749666,700.0,10.0,0.1,0.2272,0.32720000000000005,-127.0,-1.0
75.575205426,1.0,0.0,710.0,1.0,720.0,-10.0,-0.09832145087503932,0.26980000000000004,0.17147854912496072,700.0,10.0,0.1,0.2272,0.32720000000000005,-127.0,-1.0
75.592926512,1.0,0.0,710.0,1.0,700.0,10.0,0.09268058467494257,0.26980000000000004,0.3624805846749426,720.0,-10.0,-0.09100203550000516,0.2272,0.13619796449999486,-127.0,-1.0
75.609819847,1.0,0.0,710.0,1.0,700.0,10.0,0.0934953409749619,0.26980000000000004,0.36329534097496197,720.0,-10.0,-0.09181682099998853,0.2272,0.13538317900001148,-127.0,-1.0
75.626433765,1.0,0.0,710.0,1.0,720.0,-10.0,-0.09735196537502588,0.26980000000000004,0.17244803462497416,700.0,10.0,0.09903048535002199,0.2272,0.32623048535002197,-127.0,-1.0
75.643857058,1.0,0.0,710.0,1.0,720.0,-10.0,-0.0981955967250201,0.26980000000000004,0.17160440327497994,700.0,10.0,0.09987087915001211,0.2272,0.3270708791500121,-127.0,-1.0
75.660433643,1.0,0.0,710.0,1.0,720.0,-10.0,-0.09903772597502894,0.26980000000000004,0.1707622740249711,700.0,10.0,0.1,0.2272,0.32720000000000005,-127.0,-1.0
75.688487605,1.0,0.0,710.0,1.0,700.0,10.0,0.09223261372497063,0.26980000000000004,0.36203261372497064,720.0,-10.0,-0.09127035430000432,0.2272,0.1359296456999957,-127.0,-1.0
75.70615969,1.0,0.0,710.0,1.0,720.0,-10.0,-0.09879141347502127,0.26980000000000004,0.17100858652497877,720.0,-10.0,-0.09229436689999147,0.2272,0.13490563310000853,-127.0,-1.0
75.724955858,1.0,0.0,710.0,1.0,720.0,-10.0,-0.09965712397503239,0.26980000000000004,0.17014287602496764,720.0,-10.0,-0.0931600774000026,0.2272,0.13403992259999742,-127.0,-1.0
75.742229235,1.0,0.0,710.0,1.0,700.0,10.0,0.09128059902496034,0.26980000000000004,0.36108059902496037,700.0,10.0,0.09777764559999014,0.2272,0.32497764559999015,-127.0,-1.0
75.765387862,1.0,0.0,710.0,1.0,700.0,10.0,0.09235798662496336,0.26980000000000004,0.3621579866249634,720.0,-10.0,-0.09329974200001288,0.2272,0.13390025799998712,-127.0,-1.0
75.787874198,1.0,0.0,710.0,1.0,720.0,-10.0,-0.0988410114250314,0.26980000000000004,0.17095898857496863,700.0,10.0,0.09789925604998188,0.2272,0.3250992560499819,-127.0,-1.0
75.804623158,1.0,0.0,710.0,1.0,720.0,-10.0,-0.09968980527504527,0.26980000000000004,0.17011019472495476,720.0,-10.0,-0.09294955235001454,0.2272,0.13425044764998548,-127.0,-1.0
75.822821701,1.0,0.0,710.0,1.0,720.0,-10.0,-0.1,0.26980000000000004,0.16980000000000003,720.0,-10.0,-0.0938764253500176,0.2272,0.1333235746499824,-127.0,-1.0
75.849782787,1.0,0.0,710.0,1.0,700.0,10.0,0.09124826054998267,0.26980000000000004,0.36104826054998274,720.0,-10.0,-0.09512465675001294,0.2272,0.13207534324998707,-127.0,-1.0
75.869345164,1.0,0.0,710.0,1.0,720.0,-10.0,-0.0997714354000209,0.26980000000000004,0.17002856459997914,700.0,10.0,0.09589505374999589,0.2272,0.3230950537499959,-127.0,-1.0
75.887108833,1.0,0.0,710.0,1.0,720.0,-10.0,-0.1,0.26980000000000004,0.16980000000000003,720.0,-10.0,-0.09502979220000271,0.2272,0.1321702077999973,-127.0,-1.0
75.912223085,1.0,0.0,710.0,1.0,700.0,10.0,0.09125365640001291,0.26980000000000004,0.36105365640001297,720.0,-10.0,-0.0962834485499934,0.2272,0.1309165514500066,-127.0,-1.0
75.932501796,1.0,0.0,710.0,1.0,720.0,-10.0,-0.09969017699997948,0.26980000000000004,0.17010982300002056,720.0,-10.0,-0.09722726740000326,0.2272,0.12997273259999675,-127.0,-1.0
75.950733881,1.0,0.0,710.0,1.0,720.0,-10.0,-0.1,0.26980000000000004,0.16980000000000003,700.0,10.0,0.09370364520000293,0.2272,0.3209036452000029,-127.0,-1.0
75.967223549,1.0,0.0,710.0,1.0,720.0,-10.0,-0.1,0.26980000000000004,0.16980000000000003,720.0,-10.0,-0.09722920700000032,0.2272,0.1299707929999997,-127.0,-1.0
75.993024385,1.0,0.0,710.0,1.0,700.0,10.0,0.0912592855499861,0.26980000000000004,0.3610592855499861,700.0,10.0,0.09403007854998577,0.2272,0.32123007854998575,-127.0,-1.0
76.009381345,1.0,0.0,710.0,1.0,700.0,10.0,0.09204916269999558,0.26980000000000004,0.3618491626999956,700.0,10.0,0.0948199410999905,0.2272,0.32201994109999055,-127.0,-1.0
76.027336347,1.0,0.0,710.0,1.0,720.0,-10.0,-0.09883600200000728,0.26980000000000004,0.17096399799999276,700.0,10.0,0.09570512034999865,0.2272,0.32290512034999863,-127.0,-1.0
76.04345414,1.0,0.0,710.0,1.0,720.0,-10.0,-0.09966630415001418,0.26980000000000004,0.17013369584998586,700.0,10.0,0.09653542254998229,0.2272,0.32373542254998233,-127.0,-1.0
76.060953267,1.0,0.0,710.0,1.0,700.0,10.0,0.09119966884997212,0.26980000000000004,0.36099966884997214,700.0,10.0,0.09740139554999132,0.2272,0.32460139554999135,-127.0,-1.0
76.091613562,1.0,0.0,710.0,1.0,700.0,10.0,0.09257449814998836,0.26980000000000004,0.3623744981499884,720.0,-10.0,-0.0939734045500154,0.2272,0.1332265954499846,-127.0,-1.0
76.109155855,1.0,0.0,710.0,1.0,700.0,10.0,0.0936044169999741,0.26980000000000004,0.36340441699997417,720.0,-10.0,-0.09500335260001067,0.2272,0.13219664739998935,-127.0,-1.0
76.135068108,0.0,0.0,710.0,1.0,720.0,-10.0,-0.09769051020002735,0.26980000000000004,0.1721094897999727,680.0,30.0,0.2888813415499635,0.2272,0.5160813415499634,-127.0,-1.0
76.158118527,1.0,0.0,710.0,1.0,720.0,-10.0,-0.0988249770000266,0.26980000000000004,0.17097502299997344,700.0,10.0,0.1,0.2272,0.32720000000000005,-127.0,-1.0
76.174457695,1.0,0.0,710.0,1.0,700.0,10.0,0.09201378349997867,0.26980000000000004,0.3618137834999787,720.0,-10.0,-0.09083878964999258,0.2272,0.13636121035000742,-127.0,-1.0
76.197184947,1.0,0.0,710.0,1.0,720.0,-10.0,-0.09899361870002395,0.26980000000000004,0.1708063812999761,720.0,-10.0,-0.09184617724999043,0.2272,0.13535382275000957,-127.0,-1.0
76.215589116,1.0,0.0,710.0,1.0,720.0,-10.0,-0.1,0.26980000000000004,0.16980000000000003,700.0,10.0,0.09920059995001793,0.2272,0.3264005999500179,-127.0,-1.0
76.235101034,1.0,0.0,710.0,1.0,720.0,-10.0,-0.1,0.26980000000000004,0.16980000000000003,700.0,10.0,0.1,0.2272,0.32720000000000005,-127.0,-1.0
76.253195161,1.0,0.0,710.0,1.0,700.0,10.0,0.09085000425001453,0.26980000000000004,0.3606500042500146,720.0,-10.0,-0.09085001884999656,0.2272,0.13634998115000346,-127.0,-1.0
76.271228913,1.0,0.0,710.0,1.0,700.0,10.0,0.09170607515001393,0.26980000000000004,0.361506075150014,720.0,-10.0,-0.09170606060000865,0.2272,0.13549393939999138,-127.0,-1.0
76.292041373,1.0,0.0,710.0,1.0,720.0,-10.0,-0.09936819164997815,0.26980000000000004,0.1704318083500219,720.0,-10.0,-0.09278035655001077,0.2272,0.13441964344998925,-127.0,-1.0
76.313537209,1.0,0.0,710.0,1.0,720.0,-10.0,-0.1,0.26980000000000004,0.16980000000000003,700.0,10.0,0.09829926229999728,0.2272,0.32549926229999726,-127.0,-1.0
76.330768586,1.0,0.0,710.0,1.0,720.0,-10.0,-0.1,0.26980000000000004,0.16980000000000003,700.0,10.0,0.09921826029999466,0.2272,0.32641826029999466,-127.0,-1.0
76.365187298,1.0,0.0,710.0,1.0,720.0,-10.0,-0.1,0.26980000000000004,0.16980000000000003,720.0,-10.0,-0.09248826694999025,0.2272,0.13471173305000977,-127.0,-1.0
76.384138049,1.0,0.0,710.0,1.0,700.0,10.0,0.09086136465001801,0.26980000000000004,0.3606613646500181,700.0,10.0,0.09837309770000502,0.2272,0.32557309770000503,-127.0,-1.0
76.402166843,1.0,0.0,710.0,1.0,700.0,10.0,0.0918067293500053,0.26980000000000004,0.3616067293500054,700.0,10.0,0.09931844780001028,0.2272,0.32651844780001027,-127.0,-1.0
76.420990428,1.0,0.0,710.0,1.0,700.0,10.0,0.0926974065000104,0.26980000000000004,0.36249740650001044,720.0,-10.0,-0.09157222939999429,0.2272,0.13562777060000572,-127.0,-1.0
76.442701222,1.0,0.0,710.0,1.0,720.0,-10.0,-0.09840521029998399,0.26980000000000004,0.17139478970001604,720.0,-10.0,-0.0926748461499892,0.2272,0.1345251538500108,-127.0,-1.0
76.466791724,1.0,0.0,710.0,1.0,720.0,-10.0,-0.09941787704999569,0.26980000000000004,0.17038212295000435,720.0,-10.0,-0.09368752750000567,0.2272,0.13351247249999434,-127.0,-1.0
76.487401185,1.0,0.0,710.0,1.0,700.0,10.0,0.09176828764999755,0.26980000000000004,0.3615682876499976,700.0,10.0,0.09749862264998228,0.2272,0.3246986226499823,-127.0,-1.0
76.517471146,1.0,0.0,710.0,1.0,720.0,-10.0,-0.0997862229500015,0.26980000000000004,0.17001377704999854,720.0,-10.0,-0.09405590250002206,0.2272,0.13314409749997796,-127.0,-1.0
76.53656919,1.0,0.0,710.0,1.0,720.0,-10.0,-0.1,0.26980000000000004,0.16980000000000003,720.0,-10.0,-0.09502315675003047,0.2272,0.13217684324996953,-127.0,-1.0
76.553787441,1.0,0.0,710.0,1.0,720.0,-10.0,-0.1,0.26980000000000004,0.16980000000000003,720.0,-10.0,-0.09592850475002251,0.2272,0.1312714952499775,-127.0,-1.0
76.571640652,1.0,0.0,710.0,1.0,720.0,-10.0,-0.1,0.26980000000000004,0.16980000000000003,700.0,10.0,0.09498025574996519,0.2272,0.3221802557499652,-127.0,-1.0
76.611327739,1.0,0.0,710.0,1.0,700.0,10.0,0.09178920020000533,0.26980000000000004,0.3615892002000054,720.0,-10.0,-0.09680894445004015,0.2272,0.13039105554995986,-127.0,-1.0
76.633711991,1.0,0.0,710.0,1.0,720.0,-10.0,-0.09946482074999494,0.26980000000000004,0.1703351792500051,720.0,-10.0,-0.09806298000004518,0.2272,0.12913701999995483,-127.0,-1.0
76.651175535,1.0,0.0,710.0,1.0,720.0,-10.0,-0.1,0.26980000000000004,0.16980000000000003,700.0,10.0,0.09281743049996294,0.2272,0.32001743049996295,-127.0,-1.0
76.67033687,1.0,0.0,710.0,1.0,700.0,10.0,0.09094959384998674,0.26980000000000004,0.3607495938499868,700.0,10.0,0.09376699519996237,0.2272,0.3209669951999624,-127.0,-1.0
76.690537414,1.0,0.0,710.0,1.0,720.0,-10.0,-0.09998413335001714,0.26980000000000004,0.16981586664998288,720.0,-10.0,-0.09716673195001932,0.2272,0.1300332680499807,-127.0,-1.0
76.712698541,1.0,0.0,710.0,1.0,720.0,-10.0,-0.1,0.26980000000000004,0.16980000000000003,700.0,10.0,0.09392322649998733,0.2272,0.32112322649998737,-127.0,-1.0
76.729551917,1.0,0.0,710.0,1.0,720.0,-10.0,-0.1,0.26980000000000004,0.16980000000000003,720.0,-10.0,-0.0970628840000154,0.2272,0.13013711599998462,-127.0,-1.0
76.748189711,1.0,0.0,710.0,1.0,700.0,10.0,0.09087675009999657,0.26980000000000004,0.3606767500999966,700.0,10.0,0.09381385149997641,0.2272,0.3210138514999764,-127.0,-1.0
76.764858463,1.0,0.0,710.0,1.0,720.0,-10.0,-0.09995877290000407,0.26980000000000004,0.16984122709999597,720.0,-10.0,-0.09702167150002425,0.2272,0.13017832849997577,-127.0,-1.0
76.782642256,1.0,0.0,710.0,1.0,720.0,-10.0,-0.1,0.26980000000000004,0.16980000000000003,700.0,10.0,0.09386342024997703,0.2272,0.321063420249977,-127.0,-1.0
76.802125591,1.0,0.0,710.0,1.0,720.0,-10.0,-0.1,0.26980000000000004,0.16980000000000003,720.0,-10.0,-0.09717645905003792,0.2272,0.1300235409499621,-127.0,-1.0
76.825564802,1.0,0.0,710.0,1.0,700.0,10.0,0.09111741885000356,0.26980000000000004,0.3609174188500036,720.0,-10.0,-0.0982939070500288,0.2272,0.1289060929499712,-127.0,-1.0
76.843095429,1.0,0.0,710.0,1.0,720.0,-10.0,-0.09975790210000923,0.26980000000000004,0.1700420978999908,720.0,-10.0,-0.09916922800001884,0.2272,0.12803077199998117,-127.0,-1.0
76.870598432,1.0,0.0,710.0,1.0,720.0,-10.0,-0.1,0.26980000000000004,0.16980000000000003,700.0,10.0,0.09220399714999986,0.2272,0.3194039971499999,-127.0,-1.0
76.893932059,1.0,0.0,710.0,1.0,700.0,10.0,0.09111200844999076,0.26980000000000004,0.36091200844999083,720.0,-10.0,-0.0989080258499962,0.2272,0.12829197415000382,-127.0,-1.0
76.913726311,1.0,0.0,710.0,1.0,700.0,10.0,0.09217319394998867,0.26980000000000004,0.3619731939499887,720.0,-10.0,-0.09996918219998406,0.2272,0.12723081780001594,-127.0,-1.0
76.930989479,1.0,0.0,710.0,1.0,700.0,10.0,0.09302379610000117,0.26980000000000004,0.3628237961000012,720.0,-10.0,-0.1,0.2272,0.1272,-127.0,-1.0
76.950441606,1.0,0.0,710.0,1.0,720.0,-10.0,-0.09786081444999581,0.26980000000000004,0.17193918555000423,700.0,10.0,0.09088463970000703,0.2272,0.31808463970000705,-127.0,-1.0
76.970837858,1.0,0.0,710.0,1.0,720.0,-10.0,-0.09895316454999374,0.26980000000000004,0.17084683545000628,700.0,10.0,0.09197698980000496,0.2272,0.319176989800005,-127.0,-1.0
76.989026777,1.0,0.0,710.0,1.0,720.0,-10.0,-0.09986115214999244,0.26980000000000004,0.1699388478500076,720.0,-10.0,-0.09893101234999904,0.2272,0.12826898765000097,-127.0,-1.0
77.008563487,1.0,0.0,710.0,1.0,700.0,10.0,0.09101128124999833,0.26980000000000004,0.3608112812499984,720.0,-10.0,-0.09980343119998451,0.2272,0.12739656880001549,-127.0,-1.0
77.037663365,1.0,0.0,710.0,1.0,720.0,-10.0,-0.1,0.26980000000000004,0.16980000000000003,700.0,10.0,0.09176413145002243,0.2272,0.31896413145002245,-127.0,-1.0
77.062778493,1.0,0.0,710.0,1.0,700.0,10.0,0.09123675429999821,0.26980000000000004,0.36103675429999826,700.0,10.0,0.09300090035002541,0.2272,0.3202009003500254,-127.0,-1.0
77.080687994,1.0,0.0,710.0,1.0,720.0,-10.0,-0.09967126245001054,0.26980000000000004,0.1701287375499895,700.0,10.0,0.09390887335001935,0.2272,0.32110887335001936,-127.0,-1.0
77.107582872,1.0,0.0,710.0,1.0,720.0,-10.0,-0.1,0.26980000000000004,0.16980000000000003,720.0,-10.0,-0.09745097884997449,0.2272,0.1297490211500255,-127.0,-1.0
77.130850291,1.0,0.0,710.0,1.0,700.0,10.0,0.09097982510001203,0.26980000000000004,0.36077982510001205,720.0,-10.0,-0.09843080394998652,0.2272,0.1287691960500135,-127.0,-1.0
77.150237668,1.0,0.0,710.0,1.0,720.0,-10.0,-0.1,0.26980000000000004,0.16980000000000003,700.0,10.0,0.09272251910000705,0.2272,0.3199225191000071,-127.0,-1.0
77.16888567,1.0,0.0,710.0,1.0,720.0,-10.0,-0.1,0.26980000000000004,0.16980000000000003,700.0,10.0,0.09370550874999936,0.2272,0.32090550874999935,-127.0,-1.0
77.189712714,1.0,0.0,710.0,1.0,720.0,-10.0,-0.1,0.26980000000000004,0.16980000000000003,700.0,10.0,0.09467252970001937,0.2272,0.3218725297000194,-127.0,-1.0
77.208367424,1.0,0.0,710.0,1.0,700.0,10.0,0.09087972510000328,0.26980000000000004,0.36067972510000335,720.0,-10.0,-0.09620718079997914,0.2272,0.13099281920002087,-127.0,-1.0
77.228647009,1.0,0.0,710.0,1.0,720.0,-10.0,-0.1,0.26980000000000004,0.16980000000000003,720.0,-10.0,-0.09718427879997762,0.2272,0.1300157212000224,-127.0,-1.0
77.245110428,1.0,0.0,710.0,1.0,720.0,-10.0,-0.1,0.26980000000000004,0.16980000000000003,700.0,10.0,0.09378405465000925,0.2272,0.32098405465000923,-127.0,-1.0
77.263307221,1.0,0.0,710.0,1.0,700.0,10.0,0.09087481049999951,0.26980000000000004,0.36067481049999955,700.0,10.0,0.09465886515000875,0.2272,0.3218588651500088,-127.0,-1.0
77.287581474,1.0,0.0,710.0,1.0,720.0,-10.0,-0.1,0.26980000000000004,0.16980000000000003,720.0,-10.0,-0.09651555994998944,0.2272,0.13068444005001056,-127.0,-1.0
77.305630392,1.0,0.0,710.0,1.0,720.0,-10.0,-0.1,0.26980000000000004,0.16980000000000003,720.0,-10.0,-0.09751574340000388,0.2272,0.12968425659999613,-127.0,-1.0
77.325457019,1.0,0.0,710.0,1.0,720.0,-10.0,-0.1,0.26980000000000004,0.16980000000000003,700.0,10.0,0.09330700459999207,0.2272,0.3205070045999921,-127.0,-1.0
77.345023188,1.0,0.0,710.0,1.0,700.0,10.0,0.09100158345001091,0.26980000000000004,0.36080158345001095,700.0,10.0,0.09430858804998024,0.2272,0.3215085880499803,-127.0,-1.0
77.375805982,1.0,0.0,710.0,1.0,720.0,-10.0,-0.1,0.26980000000000004,0.16980000000000003,720.0,-10.0,-0.09729349335002553,0.2272,0.1299065066499745,-127.0,-1.0
77.396136026,1.0,0.0,710.0,1.0,720.0,-10.0,-0.1,0.26980000000000004,0.16980000000000003,720.0,-10.0,-0.09840388305003671,0.2272,0.1287961169499633,-127.0,-1.0
77.41437482,1.0,0.0,710.0,1.0,700.0,10.0,0.09080171879999398,0.26980000000000004,0.36060171879999403,700.0,10.0,0.09239783579995674,0.2272,0.31959783579995676,-127.0,-1.0
77.432832363,1.0,0.0,710.0,1.0,720.0,-10.0,-0.1,0.26980000000000004,0.16980000000000003,720.0,-10.0,-0.09859342260003814,0.2272,0.12860657739996187,-127.0,-1.0
77.450786198,1.0,0.0,710.0,1.0,720.0,-10.0,-0.1,0.26980000000000004,0.16980000000000003,720.0,-10.0,-0.09945873935005238,0.2272,0.12774126064994762,-127.0,-1.0
77.472303909,1.0,0.0,710.0,1.0,720.0,-10.0,-0.1,0.26980000000000004,0.16980000000000003,720.0,-10.0,-0.1,0.2272,0.1272,-127.0,-1.0
77.48797866,1.0,0.0,710.0,1.0,720.0,-10.0,-0.1,0.26980000000000004,0.16980000000000003,700.0,10.0,0.09078731050000442,0.2272,0.31798731050000445,-127.0,-1.0
77.512899246,1.0,0.0,710.0,1.0,720.0,-10.0,-0.1,0.26980000000000004,0.16980000000000003,720.0,-10.0,-0.1,0.2272,0.1272,-127.0,-1.0
77.538331707,1.0,0.0,710.0,1.0,720.0,-10.0,-0.1,0.26980000000000004,0.16980000000000003,720.0,-10.0,-0.1,0.2272,0.1272,-127.0,-1.0
77.55560975,1.0,0.0,710.0,1.0,720.0,-10.0,-0.1,0.26980000000000004,0.16980000000000003,700.0,10.0,0.09075980635001543,0.2272,0.3179598063500154,-127.0,-1.0
77.578057003,1.0,0.0,710.0,1.0,720.0,-10.0,-0.1,0.26980000000000004,0.16980000000000003,720.0,-10.0,-0.1,0.2272,0.1272,-127.0,-1.0
77.593855713,1.0,0.0,710.0,1.0,700.0,10.0,0.0908233167500066,0.26980000000000004,0.36062331675000664,720.0,-10.0,-0.1,0.2272,0.1272,-127.0,-1.0
77.619952007,1.0,0.0,710.0,1.0,700.0,10.0,0.0921478044000105,0.26980000000000004,0.3619478044000105,720.0,-10.0,-0.1,0.2272,0.1272,-127.0,-1.0
77.646221551,1.0,0.0,710.0,1.0,700.0,10.0,0.09313732740000888,0.26980000000000004,0.36293732740000895,700.0,10.0,0.09098950839999362,0.2272,0.3181895083999936,-127.0,-1.0
77.667002512,1.0,0.0,710.0,1.0,700.0,10.0,0.0943715296000073,0.26980000000000004,0.3641715296000073,700.0,10.0,0.09222369605000949,0.2272,0.31942369605000953,-127.0,-1.0
77.68543818,1.0,0.0,710.0,1.0,720.0,-10.0,-0.09654722049999691,0.26980000000000004,0.17325277950000312,720.0,-10.0,-0.0986950248499852,0.2272,0.1285049751500148,-127.0,-1.0
77.708471391,1.0,0.0,710.0,1.0,720.0,-10.0,-0.09759232060000614,0.26980000000000004,0.1722076793999939,720.0,-10.0,-0.0997401541499812,0.2272,0.1274598458500188,-127.0,-1.0
77.72939381,1.0,0.0,710.0,1.0,720.0,-10.0,-0.09866317485000309,0.26980000000000004,0.17113682514999695,700.0,10.0,0.09133070010001575,0.2272,0.3185307001000158,-127.0,-1.0
77.756054187,1.0,0.0,710.0,1.0,720.0,-10.0,-0.1,0.26980000000000004,0.16980000000000003,700.0,10.0,0.09277647735001665,0.2272,0.31997647735001666,-127.0,-1.0
77.773508689,1.0,0.0,710.0,1.0,700.0,10.0,0.09085871050000606,0.26980000000000004,0.3606587105000061,720.0,-10.0,-0.09808221854998464,0.2272,0.12911778145001537,-127.0,-1.0
77.791801733,1.0,0.0,710.0,1.0,720.0,-10.0,-0.1,0.26980000000000004,0.16980000000000003,740.0,-30.0,-0.29,0.2272,-0.06279999999999997,-127.0,-1.0
77.812323401,1.0,0.0,710.0,1.0,720.0,-10.0,-0.1,0.26980000000000004,0.16980000000000003,700.0,10.0,0.09107502509999904,0.2272,0.31827502509999905,-127.0,-1.0
77.828410278,1.0,0.0,710.0,1.0,720.0,-10.0,-0.1,0.26980000000000004,0.16980000000000003,700.0,10.0,0.09191328979999526,0.2272,0.31911328979999526,-127.0,-1.0
77.847063821,1.0,0.0,710.0,1.0,700.0,10.0,0.090872914699994,0.26980000000000004,0.3606729146999941,700.0,10.0,0.09278629194999667,0.2272,0.31998629194999667,-127.0,-1.0
77.863387823,1.0,0.0,710.0,1.0,720.0,-10.0,-0.09994280410001011,0.26980000000000004,0.16985719589998993,720.0,-10.0,-0.09802936854998734,0.2272,0.12917063145001267,-127.0,-1.0
77.888157617,1.0,0.0,710.0,1.0,720.0,-10.0,-0.1,0.26980000000000004,0.16980000000000003,700.0,10.0,0.09320973365001009,0.2272,0.32040973365001013,-127.0,-1.0
77.904963452,1.0,0.0,710.0,1.0,720.0,-10.0,-0.1,0.26980000000000004,0.16980000000000003,700.0,10.0,0.09407022335002693,0.2272,0.321270223350027,-127.0,-1.0
77.923062829,1.0,0.0,710.0,1.0,700.0,10.0,0.09082900424999935,0.26980000000000004,0.3606290042499994,700.0,10.0,0.09489921300002152,0.2272,0.32209921300002153,-127.0,-1.0
77.943333373,1.0,0.0,710.0,1.0,700.0,10.0,0.09183601270000509,0.26980000000000004,0.3616360127000051,700.0,10.0,0.09590619225001774,0.2272,0.32310619225001774,-127.0,-1.0
77.968379084,1.0,0.0,710.0,1.0,720.0,-10.0,-0.09947017284998765,0.26980000000000004,0.17032982715001238,700.0,10.0,0.09721240700002,0.2272,0.32441240700002,-127.0,-1.0
77.98473546,1.0,0.0,710.0,1.0,720.0,-10.0,-0.1,0.26980000000000004,0.16980000000000003,700.0,10.0,0.09803148000002239,0.2272,0.3252314800000224,-127.0,-1.0
78.002025462,1.0,0.0,710.0,1.0,700.0,10.0,0.09087527714999852,0.26980000000000004,0.3606752771499986,700.0,10.0,0.0989067571500209,0.2272,0.3261067571500209,-127.0,-1.0
78.018263714,1.0,0.0,710.0,1.0,720.0,-10.0,-0.09994751460001225,0.26980000000000004,0.1698524853999878,700.0,10.0,0.09972954890003166,0.2272,0.3269295489000317,-127.0,-1.0
78.045815133,1.0,0.0,710.0,1.0,720.0,-10.0,-0.1,0.26980000000000004,0.16980000000000003,720.0,-10.0,-0.09162989499996002,0.2272,0.13557010500004,-127.0,-1.0
78.065523635,1.0,0.0,710.0,1.0,700.0,10.0,0.09087885010000264,0.26980000000000004,0.36067885010000267,720.0,-10.0,-0.09250877424994997,0.2272,0.13469122575005005,-127.0,-1.0
78.082197928,1.0,0.0,710.0,1.0,720.0,-10.0,-0.1,0.26980000000000004,0.16980000000000003,700.0,10.0,0.09844268625005498,0.2272,0.325642686250055,-127.0,-1.0
78.097907388,1.0,0.0,710.0,1.0,720.0,-10.0,-0.1,0.26980000000000004,0.16980000000000003,700.0,10.0,0.09927411135005514,0.2272,0.32647411135005516,-127.0,-1.0
78.125030058,1.0,0.0,710.0,1.0,700.0,10.0,0.09130574805000378,0.26980000000000004,0.36110574805000384,720.0,-10.0,-0.09203163669994865,0.2272,0.13516836330005136,-127.0,-1.0
78.141600809,1.0,0.0,710.0,1.0,720.0,-10.0,-0.09952970204999474,0.26980000000000004,0.1702702979500053,720.0,-10.0,-0.09286701384994558,0.2272,0.13433298615005443,-127.0,-1.0
78.162709603,1.0,0.0,710.0,1.0,720.0,-10.0,-0.1,0.26980000000000004,0.16980000000000003,700.0,10.0,0.09800076750006156,0.2272,0.32520076750006155,-127.0,-1.0
78.19496794,1.0,0.0,710.0,1.0,700.0,10.0,0.09166283559999557,0.26980000000000004,0.3614628355999956,720.0,-10.0,-0.093662068099934,0.2272,0.13353793190006602,-127.0,-1.0
78.223395526,1.0,0.0,710.0,1.0,720.0,-10.0,-0.09960779575001197,0.26980000000000004,0.17019220424998807,720.0,-10.0,-0.09493268484993678,0.2272,0.13226731515006324,-127.0,-1.0
78.248886903,1.0,0.0,710.0,1.0,720.0,-10.0,-0.1,0.26980000000000004,0.16980000000000003,700.0,10.0,0.09639550695007074,0.2272,0.3235955069500708,-127.0,-1.0
78.268455697,1.0,0.0,710.0,1.0,700.0,10.0,0.09116102305000823,0.26980000000000004,0.36096102305000827,720.0,-10.0,-0.09476551609991475,0.2272,0.13243448390008528,-127.0,-1.0
78.287736616,1.0,0.0,710.0,1.0,720.0,-10.0,-0.09983999159999257,0.26980000000000004,0.16996000840000747,720.0,-10.0,-0.09576651619991025,0.2272,0.13143348380008976,-127.0,-1.0
78.304885451,1.0,0.0,710.0,1.0,720.0,-10.0,-0.1,0.26980000000000004,0.16980000000000003,700.0,10.0,0.09509404640010871,0.2272,0.3222940464001087,-127.0,-1.0
78.325941453,1.0,0.0,710.0,1.0,720.0,-10.0,-0.1,0.26980000000000004,0.16980000000000003,720.0,-10.0,-0.09601403909987312,0.2272,0.1311859609001269,-127.0,-1.0
78.342811163,1.0,0.0,710.0,1.0,700.0,10.0,0.09080113550000078,0.26980000000000004,0.36060113550000084,720.0,-10.0,-0.09681516004989135,0.2272,0.13038483995010866,-127.0,-1.0
78.36275854,1.0,0.0,710.0,1.0,720.0,-10.0,-0.1,0.26980000000000004,0.16980000000000003,720.0,-10.0,-0.09778635179989123,0.2272,0.12941364820010878,-127.0,-1.0
78.378835208,1.0,0.0,710.0,1.0,720.0,-10.0,-0.1,0.26980000000000004,0.16980000000000003,700.0,10.0,0.09309194410010604,0.2272,0.3202919441001061,-127.0,-1.0
78.408678836,1.0,1.0,710.0,1.0,700.0,10.0,0.09141277514999274,0.26980000000000004,0.3612127751499928,720.0,-10.0,-0.09832080189987664,0.2272,0.12887919810012338,-127.0,-1.0
78.435338631,1.0,0.0,710.0,1.0,720.0,-10.0,-0.0998933812000132,0.26980000000000004,0.16990661879998684,720.0,-10.0,-0.09962697284988735,0.2272,0.12757302715011265,-127.0,-1.0
78.455116549,1.0,0.0,710.0,1.0,720.0,-10.0,-0.1,0.26980000000000004,0.16980000000000003,720.0,-10.0,-0.1,0.2272,0.1272,-127.0,-1.0
78.470679301,1.0,0.0,710.0,1.0,700.0,10.0,0.09096133345000454,0.26980000000000004,0.3607613334500046,720.0,-10.0,-0.1,0.2272,0.1272,-127.0,-1.0
78.486879052,1.0,0.0,710.0,1.0,700.0,10.0,0.0917612002000078,0.26980000000000004,0.3615612002000078,720.0,-10.0,-0.1,0.2272,0.1272,-127.0,-1.0
78.505210596,1.0,0.0,710.0,1.0,720.0,-10.0,-0.09906128529999023,0.26980000000000004,0.1707387147000098,700.0,10.0,0.09082248549999804,0.2272,0.31802248549999806,-127.0,-1.0
78.524686931,1.0,0.0,710.0,1.0,720.0,-10.0,-0.09996753744999295,0.26980000000000004,0.16983246255000709,700.0,10.0,0.09172869395000817,0.2272,0.31892869395000817,-127.0,-1.0
78.558161226,0.0,0.0,710.0,1.0,640.0,70.0,0.67,0.26980000000000004,0.9398000000000001,640.0,70.0,0.67,0.2272,0.8972,-127.0,-1.0
78.576883311,0.0,0.0,710.0,1.0,580.0,130.0,1.2399999999999998,0.26980000000000004,1.0,580.0,130.0,1.2399999999999998,0.2272,1.0,-127.0,-1.0
78.590791729,0.0,0.0,710.0,1.0,580.0,130.0,1.2399999999999998,0.26980000000000004,1.0,580.0,130.0,1.2399999999999998,0.2272,1.0,-127.0,-1.0
78.606317439,0.0,0.0,710.0,1.0,580.0,130.0,1.2399999999999998,0.26980000000000004,1.0,580.0,130.0,1.2399999999999998,0.2272,1.0,-127.0,-1.0
78.630708067,0.0,0.0,710.0,1.0,620.0,90.0,0.86,0.26980000000000004,1.0,620.0,90.0,0.86,0.2272,1.0,-127.0,-1.0
78.657050819,0.0,0.0,710.0,1.0,640.0,70.0,0.67,0.26980000000000004,0.9398000000000001,640.0,70.0,0.67,0.2272,0.8972,-127.0,-1.0
78.681899655,1.0,0.0,710.0,1.0,680.0,30.0,0.29,0.26980000000000004,0.5598000000000001,700.0,10.0,0.1,0.2272,0.32720000000000005,-127.0,-1.0
78.700127949,1.0,0.0,710.0,1.0,700.0,10.0,0.1,0.26980000000000004,0.3698,700.0,10.0,0.1,0.2272,0.32720000000000005,-127.0,-1.0
78.719954867,1.0,0.0,710.0,1.0,740.0,-30.0,-0.28260701905003766,0.26980000000000004,-0.012807019050037616,740.0,-30.0,-0.28260684400004715,0.2272,-0.05540684400004714,-127.0,-1.0
78.738457036,1.0,0.0,710.0,1.0,720.0,-10.0,-0.09356114830003662,0.26980000000000004,0.17623885169996342,720.0,-10.0,-0.09356104620004771,0.2272,0.1336389537999523,-127.0,-1.0
78.759322288,1.0,0.0,710.0,1.0,740.0,-30.0,-0.28632177365002914,0.26980000000000004,-0.016521773650029103,720.0,-10.0,-0.0944812254500357,0.2272,0.1327187745499643,-127.0,-1.0
78.77793529,1.0,0.0,710.0,1.0,740.0,-30.0,-0.2895502176500076,0.26980000000000004,-0.019750217650007562,720.0,-10.0,-0.09555737350005075,0.2272,0.13164262649994926,-127.0,-1.0
78.79422225,1.0,0.0,710.0,1.0,720.0,-10.0,-0.1,0.26980000000000004,0.16980000000000003,720.0,-10.0,-0.09636464855003851,0.2272,0.1308353514499615,-127.0,-1.0
78.811747627,1.0,0.0,710.0,1.0,720.0,-10.0,-0.1,0.26980000000000004,0.16980000000000003,720.0,-10.0,-0.0973093278500437,0.2272,0.1298906721499563,-127.0,-1.0
78.829467253,0.0,0.0,710.0,1.0,700.0,10.0,0.09082123130000583,0.26980000000000004,0.3606212313000059,740.0,-30.0,-0.2897730655500072,0.2272,-0.06257306555000719,-127.0,-1.0
78.847679797,1.0,0.0,710.0,1.0,720.0,-10.0,-0.1,0.26980000000000004,0.16980000000000003,720.0,-10.0,-0.1,0.2272,0.1272,-127.0,-1.0
78.868130591,1.0,0.0,710.0,1.0,720.0,-10.0,-0.1,0.26980000000000004,0.16980000000000003,720.0,-10.0,-0.1,0.2272,0.1272,-127.0,-1.0
78.881625134,1.0,0.0,710.0,1.0,720.0,-10.0,-0.1,0.26980000000000004,0.16980000000000003,720.0,-10.0,-0.1,0.2272,0.1272,-127.0,-1.0
78.898867594,1.0,0.0,710.0,1.0,700.0,10.0,0.09069552299999031,0.26980000000000004,0.3604955229999903,700.0,10.0,0.09069553754999561,0.2272,0.3178955375499956,-127.0,-1.0
78.92474718,1.0,0.0,710.0,1.0,700.0,10.0,0.09194471689999319,0.26980000000000004,0.3617447168999932,700.0,10.0,0.09194471684999371,0.2272,0.31914471684999374,-127.0,-1.0
78.948189015,1.0,0.0,710.0,1.0,700.0,10.0,0.09304937534999681,0.26980000000000004,0.36284937534999684,720.0,-10.0,-0.09915994160000992,0.2272,0.1280400583999901,-127.0,-1.0
78.965504975,1.0,0.0,710.0,1.0,720.0,-10.0,-0.09786427055000786,0.26980000000000004,0.1719357294499922,700.0,10.0,0.09175368974998946,0.2272,0.3189536897499895,-127.0,-1.0
78.987308811,0.0,0.0,710.0,1.0,720.0,-10.0,-0.09896052900000996,0.26980000000000004,0.17083947099999008,680.0,30.0,0.2850423338499513,0.2272,0.5122423338499513,-127.0,-1.0
79.004218479,0.0,0.0,710.0,1.0,640.0,70.0,0.6671414007499471,0.26980000000000004,0.9369414007499471,620.0,90.0,0.86,0.2272,1.0,-127.0,-1.0
79.020625314,0.0,0.0,710.0,1.0,580.0,130.0,1.2399999999999998,0.26980000000000004,1.0,600.0,110.0,1.0499999999999998,0.2272,1.0,-127.0,-1.0
79.038568066,0.0,0.0,710.0,1.0,560.0,150.0,1.43,0.26980000000000004,1.0,580.0,130.0,1.2399999999999998,0.2272,1.0,-127.0,-1.0
79.070038903,0.0,0.0,710.0,1.0,600.0,110.0,1.0499999999999998,0.26980000000000004,1.0,620.0,90.0,0.86,0.2272,1.0,-127.0,-1.0
79.09679728,0.0,0.0,710.0,1.0,640.0,70.0,0.67,0.26980000000000004,0.9398000000000001,660.0,50.0,0.48,0.2272,0.7072,-127.0,-1.0
79.119917116,1.0,0.0,710.0,1.0,680.0,30.0,0.29,0.26980000000000004,0.5598000000000001,680.0,30.0,0.29,0.2272,0.5172,-127.0,-1.0
79.151943869,1.0,0.0,710.0,1.0,700.0,10.0,0.1,0.26980000000000004,0.3698,720.0,-10.0,-0.09150887934998991,0.2272,0.1356911206500101,-127.0,-1.0
79.170328788,1.0,0.0,710.0,1.0,720.0,-10.0,-0.09099370840000574,0.26980000000000004,0.17880629159999428,720.0,-10.0,-0.09250258774999566,0.2272,0.13469741225000437,-127.0,-1.0
79.192763498,1.0,0.0,710.0,1.0,740.0,-30.0,-0.28393152125002413,0.26980000000000004,-0.014131521250024093,740.0,-30.0,-0.285440400600014,0.2272,-0.05824040060001401,-127.0,-1.0
79.213410875,1.0,0.0,710.0,1.0,720.0,-10.0,-0.09506858385001579,0.26980000000000004,0.17473141614998425,720.0,-10.0,-0.09657744865000041,0.2272,0.13062255134999962,-127.0,-1.0
79.233286794,1.0,0.0,710.0,1.0,740.0,-30.0,-0.2882877092500439,0.26980000000000004,-0.018487709250043838,740.0,-30.0,-0.2897965739000301,0.2272,-0.0625965739000301,-127.0,-1.0
79.252147129,1.0,0.0,710.0,1.0,740.0,-30.0,-0.29,0.26980000000000004,-0.02019999999999994,720.0,-10.0,-0.1,0.2272,0.1272,-127.0,-1.0
79.268271631,1.0,0.0,710.0,1.0,720.0,-10.0,-0.1,0.26980000000000004,0.16980000000000003,720.0,-10.0,-0.1,0.2272,0.1272,-127.0,-1.0
79.288019508,1.0,0.0,710.0,1.0,700.0,10.0,0.09078564800001004,0.26980000000000004,0.3605856480000101,700.0,10.0,0.09078563345000476,0.2272,0.31798563345000475,-127.0,-1.0
79.30549851,1.0,0.0,710.0,1.0,720.0,-10.0,-0.1,0.26980000000000004,0.16980000000000003,720.0,-10.0,-0.1,0.2272,0.1272,-127.0,-1.0
79.327528387,1.0,0.0,710.0,1.0,720.0,-10.0,-0.1,0.26980000000000004,0.16980000000000003,700.0,10.0,0.09115978344999803,0.2272,0.31835978344999805,-127.0,-1.0
79.343010055,1.0,0.0,710.0,1.0,720.0,-10.0,-0.1,0.26980000000000004,0.16980000000000003,720.0,-10.0,-0.099624260350015,0.2272,0.12757573964998503,-127.0,-1.0
79.360443265,1.0,0.0,710.0,1.0,700.0,10.0,0.09081297720000749,0.26980000000000004,0.3606129772000075,700.0,10.0,0.09118874599997981,0.2272,0.3183887459999798,-127.0,-1.0
79.378176017,1.0,0.0,710.0,1.0,700.0,10.0,0.09169534185001794,0.26980000000000004,0.36149534185001797,700.0,10.0,0.09207112524997228,0.2272,0.3192711252499723,-127.0,-1.0
79.396706477,1.0,0.0,710.0,1.0,700.0,10.0,0.09260475860000042,0.26980000000000004,0.36240475860000043,700.0,10.0,0.0929805419999775,0.2272,0.32018054199997753,-127.0,-1.0
79.41326177,1.0,0.0,710.0,1.0,700.0,10.0,0.09343322324999917,0.26980000000000004,0.3632332232499992,700.0,10.0,0.09380900664997625,0.2272,0.3210090066499763,-127.0,-1.0
79.43909119,1.0,0.0,710.0,1.0,700.0,10.0,0.0947105192500112,0.26980000000000004,0.3645105192500112,720.0,-10.0,-0.09746828935003578,0.2272,0.12973171064996425,-127.0,-1.0
79.45925965,1.0,0.0,710.0,1.0,720.0,-10.0,-0.09625240374998612,0.26980000000000004,0.17354759625001392,720.0,-10.0,-0.09843119775002833,0.2272,0.12876880224997167,-127.0,-1.0
79.479468652,1.0,0.0,710.0,1.0,720.0,-10.0,-0.09733409344999018,0.26980000000000004,0.17246590655000987,700.0,10.0,0.09265047734997098,0.2272,0.31985047734997096,-127.0,-1.0
79.497493946,1.0,0.0,710.0,1.0,700.0,10.0,0.09355098370000633,0.26980000000000004,0.3633509837000064,700.0,10.0,0.093535583699977,0.2272,0.320735583699977,-127.0,-1.0
79.516600447,1.0,0.0,710.0,1.0,700.0,10.0,0.094504500500002,0.26980000000000004,0.36430450050000207,720.0,-10.0,-0.09741793310001867,0.2272,0.12978206689998134,-127.0,-1.0
79.541920033,1.0,0.0,710.0,1.0,720.0,-10.0,-0.09675246624999545,0.26980000000000004,0.1730475337500046,700.0,10.0,0.09383903364997878,0.2272,0.32103903364997877,-127.0,-1.0
79.560343452,1.0,0.0,710.0,1.0,720.0,-10.0,-0.09767429344999527,0.26980000000000004,0.17212570655000475,700.0,10.0,0.0947608608499786,0.2272,0.3219608608499786,-127.0,-1.0
79.589338621,1.0,0.0,710.0,1.0,720.0,-10.0,-0.09913538319999589,0.26980000000000004,0.17066461680000417,720.0,-10.0,-0.09670022890002201,0.2272,0.130499771099978,-127.0,-1.0
79.605987248,1.0,0.0,710.0,1.0,720.0,-10.0,-0.0999691124500032,0.26980000000000004,0.16983088754999684,720.0,-10.0,-0.09753395815002933,0.2272,0.1296660418499707,-127.0,-1.0
79.625939875,0.0,0.0,710.0,1.0,720.0,-10.0,-0.1,0.26980000000000004,0.16980000000000003,660.0,50.0,0.4775029068499361,0.2272,0.7047029068499362,-127.0,-1.0
79.653176878,0.0,0.0,710.0,1.0,600.0,110.0,1.0499999999999998,0.26980000000000004,1.0,580.0,130.0,1.2399999999999998,0.2272,1.0,-127.0,-1.0
79.669414838,0.0,0.0,710.0,1.0,540.0,170.0,1.6199999999999999,0.26980000000000004,1.0,580.0,130.0,1.2399999999999998,0.2272,1.0,-127.0,-1.0
79.684132339,0.0,0.0,710.0,1.0,560.0,150.0,1.43,0.26980000000000004,1.0,580.0,130.0,1.2399999999999998,0.2272,1.0,-127.0,-1.0
79.701787216,0.0,0.0,710.0,1.0,580.0,130.0,1.2399999999999998,0.26980000000000004,1.0,600.0,110.0,1.0499999999999998,0.2272,1.0,-127.0,-1.0
79.719431301,0.0,0.0,710.0,1.0,580.0,130.0,1.2399999999999998,0.26980000000000004,1.0,640.0,70.0,0.67,0.2272,0.8972,-127.0,-1.0
79.734844719,0.0,0.0,710.0,1.0,620.0,90.0,0.86,0.26980000000000004,1.0,680.0,30.0,0.29,0.2272,0.5172,-127.0,-1.0
79.756466555,0.0,0.0,710.0,1.0,660.0,50.0,0.48,0.26980000000000004,0.7498,700.0,10.0,0.1,0.2272,0.32720000000000005,-127.0,-1.0
79.772166681,1.0,0.0,710.0,1.0,680.0,30.0,0.29,0.26980000000000004,0.5598000000000001,700.0,10.0,0.1,0.2272,0.32720000000000005,-127.0,-1.0
79.787635808,1.0,0.0,710.0,1.0,700.0,10.0,0.1,0.26980000000000004,0.3698,700.0,10.0,0.1,0.2272,0.32720000000000005,-127.0,-1.0
79.804169226,1.0,0.0,710.0,1.0,720.0,-10.0,-0.09076718549998987,0.26980000000000004,0.17903281450001018,700.0,10.0,0.1,0.2272,0.32720000000000005,-127.0,-1.0
79.823912728,1.0,0.0,710.0,1.0,740.0,-30.0,-0.2831788170999789,0.26980000000000004,-0.013378817099978846,720.0,-10.0,-0.0908038625999916,0.2272,0.13639613740000842,-127.0,-1.0
79.841185522,1.0,0.0,710.0,1.0,740.0,-30.0,-0.28613014855000524,0.26980000000000004,-0.016330148550005197,720.0,-10.0,-0.09178762514999562,0.2272,0.1354123748500044,-127.0,-1.0
79.857884023,1.0,0.0,710.0,1.0,720.0,-10.0,-0.09695940069999778,0.26980000000000004,0.17284059930000226,720.0,-10.0,-0.09261689189999288,0.2272,0.13458310810000712,-127.0,-1.0
79.876255234,1.0,0.0,710.0,1.0,720.0,-10.0,-0.09789588415000253,0.26980000000000004,0.1719041158499975,720.0,-10.0,-0.09355338995000238,0.2272,0.13364661004999762,-127.0,-1.0
79.897912069,1.0,0.0,710.0,1.0,720.0,-10.0,-0.09896280095000748,0.26980000000000004,0.17083719904999256,720.0,-10.0,-0.09462027754999781,0.2272,0.1325797224500022,-127.0,-1.0
79.917770196,1.0,0.0,710.0,1.0,700.0,10.0,0.09198076994998701,0.26980000000000004,0.36178076994998704,720.0,-10.0,-0.0955638484499923,0.2272,0.1316361515500077,-127.0,-1.0
79.949498283,1.0,0.0,710.0,1.0,720.0,-10.0,-0.09959141565001574,0.26980000000000004,0.17020858434998432,720.0,-10.0,-0.09713603404999503,0.2272,0.13006396595000497,-127.0,-1.0
79.990279995,1.0,0.0,710.0,1.0,720.0,-10.0,-0.1,0.26980000000000004,0.16980000000000003,720.0,-10.0,-0.09918424884998786,0.2272,0.12801575115001215,-127.0,-1.0
80.00644883,1.0,0.0,710.0,1.0,720.0,-10.0,-0.1,0.26980000000000004,0.16980000000000003,720.0,-10.0,-0.1,0.2272,0.1272,-127.0,-1.0
80.029086249,1.0,0.0,710.0,1.0,720.0,-10.0,-0.1,0.26980000000000004,0.16980000000000003,700.0,10.0,0.09109154799999943,0.2272,0.3182915479999994,-127.0,-1.0
80.046551834,1.0,0.0,710.0,1.0,700.0,10.0,0.0907782542500081,0.26980000000000004,0.3605782542500081,720.0,-10.0,-0.09968676460000551,0.2272,0.12751323539999448,-127.0,-1.0
80.065658336,1.0,0.0,710.0,1.0,720.0,-10.0,-0.1,0.26980000000000004,0.16980000000000003,720.0,-10.0,-0.1,0.2272,0.1272,-127.0,-1.0
80.09273988,1.0,0.0,710.0,1.0,720.0,-10.0,-0.1,0.26980000000000004,0.16980000000000003,700.0,10.0,0.09141356264998649,0.2272,0.3186135626499865,-127.0,-1.0
80.111359007,1.0,0.0,710.0,1.0,700.0,10.0,0.09086851049998132,0.26980000000000004,0.3606685104999814,700.0,10.0,0.09228205854998578,0.2272,0.3194820585499858,-127.0,-1.0
80.129235551,1.0,0.0,710.0,1.0,700.0,10.0,0.09174680640000134,0.26980000000000004,0.36154680640000136,720.0,-10.0,-0.09859625195001627,0.2272,0.12860374804998376,-127.0,-1.0
80.155812803,1.0,0.0,710.0,1.0,720.0,-10.0,-0.0996057103999874,0.26980000000000004,0.17019428960001265,720.0,-10.0,-0.09994876875002774,0.2272,0.12725123124997229,-127.0,-1.0
80.172940347,1.0,0.0,710.0,1.0,720.0,-10.0,-0.1,0.26980000000000004,0.16980000000000003,700.0,10.0,0.09092726674997721,0.2272,0.3181272667499772,-127.0,-1.0
80.188881098,1.0,0.0,710.0,1.0,720.0,-10.0,-0.1,0.26980000000000004,0.16980000000000003,700.0,10.0,0.0917567084999655,0.2272,0.3189567084999655,-127.0,-1.0
80.211477101,1.0,0.0,710.0,1.0,720.0,-10.0,-0.1,0.26980000000000004,0.16980000000000003,720.0,-10.0,-0.09921739995004372,0.2272,0.1279826000499563,-127.0,-1.0
80.228711977,1.0,0.0,710.0,1.0,720.0,-10.0,-0.1,0.26980000000000004,0.16980000000000003,720.0,-10.0,-0.1,0.2272,0.1272,-127.0,-1.0
80.245960562,1.0,0.0,710.0,1.0,720.0,-10.0,-0.1,0.26980000000000004,0.16980000000000003,700.0,10.0,0.09088135840001087,0.2272,0.3180813584000109,-127.0,-1.0
80.262226522,1.0,0.0,710.0,1.0,720.0,-10.0,-0.1,0.26980000000000004,0.16980000000000003,700.0,10.0,0.09175799185001324,0.2272,0.3189579918500133,-127.0,-1.0
80.277890482,1.0,0.0,710.0,1.0,720.0,-10.0,-0.1,0.26980000000000004,0.16980000000000003,720.0,-10.0,-0.09899863529997219,0.2272,0.12820136470002783,-127.0,-1.0
80.294762526,1.0,0.0,710.0,1.0,720.0,-10.0,-0.1,0.26980000000000004,0.16980000000000003,720.0,-10.0,-0.0998663582999825,0.2272,0.1273336417000175,-127.0,-1.0
80.310755194,1.0,0.0,710.0,1.0,700.0,10.0,0.09072986674999811,0.26980000000000004,0.36052986674999815,700.0,10.0,0.09086350845001562,0.2272,0.31806350845001563,-127.0,-1.0
80.329472321,1.0,0.0,710.0,1.0,700.0,10.0,0.0915553564000129,0.26980000000000004,0.36135535640001293,700.0,10.0,0.09168899810000766,0.2272,0.3188889981000077,-127.0,-1.0
80.346158573,1.0,0.0,710.0,1.0,700.0,10.0,0.09246658149999348,0.26980000000000004,0.3622665814999935,720.0,-10.0,-0.09922224160000041,0.2272,0.12797775839999959,-127.0,-1.0
80.363288741,1.0,0.0,710.0,1.0,700.0,10.0,0.09334140659999776,0.26980000000000004,0.36314140659999783,720.0,-10.0,-0.1,0.2272,0.1272,-127.0,-1.0
80.379571618,1.0,0.0,710.0,1.0,720.0,-10.0,-0.09758982680000372,0.26980000000000004,0.17221017319999632,720.0,-10.0,-0.1,0.2272,0.1272,-127.0,-1.0
80.405080495,1.0,0.0,710.0,1.0,720.0,-10.0,-0.09871450820000974,0.26980000000000004,0.1710854917999903,700.0,10.0,0.0911246959500113,0.2272,0.31832469595001134,-127.0,-1.0
80.422700372,1.0,0.0,710.0,1.0,720.0,-10.0,-0.09966471454999919,0.26980000000000004,0.17013528545000084,720.0,-10.0,-0.09982552499998291,0.2272,0.12737447500001708,-127.0,-1.0
80.438968957,1.0,0.0,710.0,1.0,720.0,-10.0,-0.1,0.26980000000000004,0.16980000000000003,720.0,-10.0,-0.1,0.2272,0.1272,-127.0,-1.0
80.459243584,1.0,0.0,710.0,1.0,720.0,-10.0,-0.1,0.26980000000000004,0.16980000000000003,720.0,-10.0,-0.1,0.2272,0.1272,-127.0,-1.0
80.487546045,1.0,0.0,710.0,1.0,700.0,10.0,0.09118600429998423,0.26980000000000004,0.3609860042999843,700.0,10.0,0.09118600430000698,0.2272,0.31838600430000696,-127.0,-1.0
80.504766047,1.0,0.0,710.0,1.0,720.0,-10.0,-0.09967802910002774,0.26980000000000004,0.1701219708999723,720.0,-10.0,-0.09967804369998703,0.2272,0.12752195630001298,-127.0,-1.0
80.522111465,1.0,0.0,710.0,1.0,720.0,-10.0,-0.1,0.26980000000000004,0.16980000000000003,720.0,-10.0,-0.1,0.2272,0.1272,-127.0,-1.0
80.537480842,1.0,0.0,710.0,1.0,720.0,-10.0,-0.1,0.26980000000000004,0.16980000000000003,700.0,10.0,0.09085041259999344,0.2272,0.31805041259999345,-127.0,-1.0
80.554771718,1.0,0.0,710.0,1.0,700.0,10.0,0.09081964175001303,0.26980000000000004,0.36061964175001304,700.0,10.0,0.09167005435000647,0.2272,0.3188700543500065,-127.0,-1.0
80.571857554,1.0,0.0,710.0,1.0,720.0,-10.0,-0.1,0.26980000000000004,0.16980000000000003,700.0,10.0,0.09252428774999771,0.2272,0.3197242877499977,-127.0,-1.0
80.597946264,1.0,0.0,710.0,1.0,720.0,-10.0,-0.1,0.26980000000000004,0.16980000000000003,720.0,-10.0,-0.09882413114999053,0.2272,0.12837586885000948,-127.0,-1.0
80.623729892,1.0,0.0,710.0,1.0,700.0,10.0,0.09123694385001727,0.26980000000000004,0.3610369438500173,700.0,10.0,0.09241282730000876,0.2272,0.3196128273000088,-127.0,-1.0
80.643737352,1.0,0.0,710.0,1.0,700.0,10.0,0.09218636270001299,0.26980000000000004,0.36198636270001305,700.0,10.0,0.09336223155002245,0.2272,0.32056223155002245,-127.0,-1.0
80.672666022,1.0,0.0,710.0,1.0,720.0,-10.0,-0.09932592909999585,0.26980000000000004,0.1704740709000042,720.0,-10.0,-0.09815008944997317,0.2272,0.12904991055002685,-127.0,-1.0
80.690131315,1.0,0.0,710.0,1.0,720.0,-10.0,-0.1,0.26980000000000004,0.16980000000000003,720.0,-10.0,-0.09896017909998137,0.2272,0.12823982090001865,-127.0,-1.0
80.707047984,1.0,0.0,710.0,1.0,720.0,-10.0,-0.1,0.26980000000000004,0.16980000000000003,720.0,-10.0,-0.09987687294997158,0.2272,0.12732312705002843,-127.0,-1.0
80.733304695,1.0,0.0,710.0,1.0,720.0,-10.0,-0.1,0.26980000000000004,0.16980000000000003,700.0,10.0,0.09116943755003831,0.2272,0.3183694375500383,-127.0,-1.0
80.752753905,1.0,0.0,710.0,1.0,700.0,10.0,0.09115212719999818,0.26980000000000004,0.36095212719999825,720.0,-10.0,-0.09998270424996462,0.2272,0.12721729575003538,-127.0,-1.0
80.77005674,1.0,0.0,710.0,1.0,700.0,10.0,0.092069987699997,0.26980000000000004,0.361869987699997,720.0,-10.0,-0.1,0.2272,0.1272,-127.0,-1.0
80.787084242,1.0,0.0,710.0,1.0,720.0,-10.0,-0.09886738529999092,0.26980000000000004,0.17093261470000912,720.0,-10.0,-0.1,0.2272,0.1272,-127.0,-1.0
80.80485666,1.0,0.0,710.0,1.0,720.0,-10.0,-0.09960258954999972,0.26980000000000004,0.1701974104500003,700.0,10.0,0.09073517509999875,0.2272,0.31793517509999875,-127.0,-1.0
80.824240537,1.0,0.0,710.0,1.0,720.0,-10.0,-0.1,0.26980000000000004,0.16980000000000003,720.0,-10.0,-0.1,0.2272,0.1272,-127.0,-1.0
80.846436373,1.0,0.0,710.0,1.0,720.0,-10.0,-0.1,0.26980000000000004,0.16980000000000003,720.0,-10.0,-0.1,0.2272,0.1272,-127.0,-1.0
80.866202041,1.0,0.0,710.0,1.0,720.0,-10.0,-0.1,0.26980000000000004,0.16980000000000003,700.0,10.0,0.09074856255000668,0.2272,0.3179485625500067,-127.0,-1.0
80.887737835,1.0,0.0,710.0,1.0,700.0,10.0,0.09107509805000064,0.26980000000000004,0.3608750980500007,720.0,-10.0,-0.1,0.2272,0.1272,-127.0,-1.0
80.907675879,1.0,0.0,710.0,1.0,720.0,-10.0,-0.1,0.26980000000000004,0.16980000000000003,720.0,-10.0,-0.1,0.2272,0.1272,-127.0,-1.0
80.920937672,1.0,0.0,710.0,1.0,720.0,-10.0,-0.1,0.26980000000000004,0.16980000000000003,720.0,-10.0,-0.1,0.2272,0.1272,-127.0,-1.0
80.940859382,1.0,0.0,710.0,1.0,700.0,10.0,0.09084514799998487,0.26980000000000004,0.3606451479999849,700.0,10.0,0.09084513345000232,0.2272,0.31804513345000235,-127.0,-1.0
80.965127218,1.0,0.0,710.0,1.0,720.0,-10.0,-0.1,0.26980000000000004,0.16980000000000003,720.0,-10.0,-0.1,0.2272,0.1272,-127.0,-1.0
80.98625847,1.0,0.0,710.0,1.0,720.0,-10.0,-0.1,0.26980000000000004,0.16980000000000003,720.0,-10.0,-0.1,0.2272,0.1272,-127.0,-1.0
81.002766805,1.0,0.0,710.0,1.0,720.0,-10.0,-0.1,0.26980000000000004,0.16980000000000003,720.0,-10.0,-0.1,0.2272,0.1272,-127.0,-1.0
81.017857932,1.0,0.0,710.0,1.0,720.0,-10.0,-0.1,0.26980000000000004,0.16980000000000003,700.0,10.0,0.09067582090000542,0.2272,0.31787582090000543,-127.0,-1.0
81.032685683,1.0,0.0,710.0,1.0,720.0,-10.0,-0.1,0.26980000000000004,0.16980000000000003,720.0,-10.0,-0.1,0.2272,0.1272,-127.0,-1.0
81.052386018,1.0,0.0,710.0,1.0,720.0,-10.0,-0.1,0.26980000000000004,0.16980000000000003,700.0,10.0,0.09097639799998888,0.2272,0.31817639799998887,-127.0,-1.0
81.069708104,1.0,0.0,710.0,1.0,700.0,10.0,0.0907410230000005,0.26980000000000004,0.36054102300000057,720.0,-10.0,-0.09976462500001163,0.2272,0.1274353749999884,-127.0,-1.0
81.086415939,1.0,0.0,710.0,1.0,700.0,10.0,0.09164221475001796,0.26980000000000004,0.36144221475001803,700.0,10.0,0.09113658134998787,0.2272,0.3183365813499879,-127.0,-1.0
81.112922025,1.0,0.0,710.0,1.0,720.0,-10.0,-0.09968240414996217,0.26980000000000004,0.17011759585003788,700.0,10.0,0.09246117104998121,0.2272,0.3196611710499812,-127.0,-1.0
81.129070443,1.0,0.0,710.0,1.0,720.0,-10.0,-0.1,0.26980000000000004,0.16980000000000003,720.0,-10.0,-0.09835409570002866,0.2272,0.12884590429997134,-127.0,-1.0
81.145742403,1.0,0.0,710.0,1.0,700.0,10.0,0.09082853760000034,0.26980000000000004,0.36062853760000035,720.0,-10.0,-0.09918263330002901,0.2272,0.128017366699971,-127.0,-1.0
81.16233503,1.0,0.0,710.0,1.0,720.0,-10.0,-0.09999489580000046,0.26980000000000004,0.16980510419999958,720.0,-10.0,-0.1,0.2272,0.1272,-127.0,-1.0
81.192813033,1.0,0.0,710.0,1.0,720.0,-10.0,-0.1,0.26980000000000004,0.16980000000000003,700.0,10.0,0.09153275225000015,0.2272,0.3187327522500002,-127.0,-1.0
81.208262909,1.0,0.0,710.0,1.0,720.0,-10.0,-0.1,0.26980000000000004,0.16980000000000003,700.0,10.0,0.09235286064998946,0.2272,0.31955286064998945,-127.0,-1.0
81.229426828,1.0,0.0,710.0,1.0,720.0,-10.0,-0.1,0.26980000000000004,0.16980000000000003,720.0,-10.0,-0.09865814365000461,0.2272,0.1285418563499954,-127.0,-1.0
81.252341914,1.0,0.0,710.0,1.0,720.0,-10.0,-0.1,0.26980000000000004,0.16980000000000003,720.0,-10.0,-0.09960101455001222,0.2272,0.1275989854499878,-127.0,-1.0
81.276024083,1.0,0.0,710.0,1.0,700.0,10.0,0.09138140635001492,0.26980000000000004,0.36118140635001494,700.0,10.0,0.09178039184997942,0.2272,0.31898039184997945,-127.0,-1.0
81.293286084,1.0,0.0,710.0,1.0,720.0,-10.0,-0.09943911039997602,0.26980000000000004,0.17036088960002402,700.0,10.0,0.09260090859999309,0.2272,0.3198009085999931,-127.0,-1.0
81.311903461,1.0,0.0,710.0,1.0,720.0,-10.0,-0.1,0.26980000000000004,0.16980000000000003,720.0,-10.0,-0.09837003524999091,0.2272,0.1288299647500091,-127.0,-1.0
81.328588546,1.0,0.0,710.0,1.0,720.0,-10.0,-0.1,0.26980000000000004,0.16980000000000003,720.0,-10.0,-0.09923883740000292,0.2272,0.1279611625999971,-127.0,-1.0
81.344052131,1.0,0.0,710.0,1.0,700.0,10.0,0.09074382300001617,0.26980000000000004,0.3605438230000162,720.0,-10.0,-0.09998268960000586,0.2272,0.12721731039999415,-127.0,-1.0
81.366021633,1.0,0.0,710.0,1.0,720.0,-10.0,-0.1,0.26980000000000004,0.16980000000000003,700.0,10.0,0.09098632919998637,0.2272,0.31818632919998635,-127.0,-1.0
81.383925885,1.0,0.0,710.0,1.0,720.0,-10.0,-0.1,0.26980000000000004,0.16980000000000003,720.0,-10.0,-0.1,0.2272,0.1272,-127.0,-1.0
81.398756262,1.0,0.0,710.0,1.0,720.0,-10.0,-0.1,0.26980000000000004,0.16980000000000003,720.0,-10.0,-0.1,0.2272,0.1272,-127.0,-1.0
81.415892555,1.0,0.0,710.0,1.0,700.0,10.0,0.09070039380000253,0.26980000000000004,0.36050039380000254,700.0,10.0,0.090700393850002,0.2272,0.317900393850002,-127.0,-1.0
81.436498807,1.0,0.0,710.0,1.0,700.0,10.0,0.09171168975000456,0.26980000000000004,0.3615116897500046,700.0,10.0,0.09171168975000456,0.2272,0.31891168975000456,-127.0,-1.0
81.454252559,1.0,0.0,710.0,1.0,700.0,10.0,0.0925946523499897,0.26980000000000004,0.36239465234998974,720.0,-10.0,-0.09917124369999328,0.2272,0.12802875630000674,-127.0,-1.0
81.482768812,1.0,0.0,710.0,1.0,720.0,-10.0,-0.09884450400002151,0.26980000000000004,0.17095549599997853,700.0,10.0,0.09226794185000473,0.2272,0.3194679418500047,-127.0,-1.0
81.505147814,1.0,0.0,710.0,1.0,720.0,-10.0,-0.09992518745000326,0.26980000000000004,0.16987481254999678,720.0,-10.0,-0.09881274159999975,0.2272,0.12838725840000026,-127.0,-1.0
81.525655483,1.0,0.0,710.0,1.0,720.0,-10.0,-0.1,0.26980000000000004,0.16980000000000003,720.0,-10.0,-0.09981662919999508,0.2272,0.12738337080000495,-127.0,-1.0
81.546445485,1.0,0.0,710.0,1.0,720.0,-10.0,-0.1,0.26980000000000004,0.16980000000000003,720.0,-10.0,-0.1,0.2272,0.1272,-127.0,-1.0
81.564426737,1.0,0.0,710.0,1.0,720.0,-10.0,-0.1,0.26980000000000004,0.16980000000000003,700.0,10.0,0.09092576465001458,0.2272,0.3181257646500146,-127.0,-1.0
81.580456447,1.0,0.0,710.0,1.0,720.0,-10.0,-0.1,0.26980000000000004,0.16980000000000003,700.0,10.0,0.09174343764999776,0.2272,0.3189434376499978,-127.0,-1.0
81.595544948,1.0,0.0,710.0,1.0,720.0,-10.0,-0.1,0.26980000000000004,0.16980000000000003,720.0,-10.0,-0.09901135200000226,0.2272,0.12818864799999774,-127.0,-1.0
81.622606076,1.0,0.0,710.0,1.0,720.0,-10.0,-0.1,0.26980000000000004,0.16980000000000003,720.0,-10.0,-0.1,0.2272,0.1272,-127.0,-1.0
81.641454744,1.0,0.0,710.0,1.0,700.0,10.0,0.09083286880001197,0.26980000000000004,0.360632868800012,700.0,10.0,0.09083286885001143,0.2272,0.3180328688500115,-127.0,-1.0
81.659237663,1.0,0.0,710.0,1.0,700.0,10.0,0.0918029522500001,0.26980000000000004,0.36160295225000016,700.0,10.0,0.09180296685000486,0.2272,0.31900296685000484,-127.0,-1.0
81.675807248,1.0,0.0,710.0,1.0,720.0,-10.0,-0.09902355824999631,0.26980000000000004,0.17077644175000373,700.0,10.0,0.09262944819999121,0.2272,0.3198294481999912,-127.0,-1.0
81.708117793,1.0,0.0,710.0,1.0,720.0,-10.0,-0.1,0.26980000000000004,0.16980000000000003,720.0,-10.0,-0.09895902695002405,0.2272,0.12824097304997595,-127.0,-1.0
81.724187169,1.0,0.0,710.0,1.0,700.0,10.0,0.09080567094998969,0.26980000000000004,0.36060567094998974,720.0,-10.0,-0.09976469785001427,0.2272,0.12743530214998575,-127.0,-1.0
81.742386296,1.0,0.0,710.0,1.0,700.0,10.0,0.09174725854999452,0.26980000000000004,0.3615472585499946,700.0,10.0,0.09117687519998527,0.2272,0.31837687519998525,-127.0,-1.0
81.765689882,1.0,0.0,710.0,1.0,720.0,-10.0,-0.09922539155002141,0.26980000000000004,0.17057460844997863,700.0,10.0,0.09214952530000119,0.2272,0.3193495253000012,-127.0,-1.0
81.78544505,1.0,0.0,710.0,1.0,720.0,-10.0,-0.1,0.26980000000000004,0.16980000000000003,720.0,-10.0,-0.09899523729998236,0.2272,0.12820476270001765,-127.0,-1.0
81.802657761,1.0,0.0,710.0,1.0,700.0,10.0,0.09088248134998139,0.26980000000000004,0.36068248134998143,720.0,-10.0,-0.09987771864998649,0.2272,0.12732228135001353,-127.0,-1.0
81.819374929,1.0,0.0,710.0,1.0,700.0,10.0,0.09169684394998058,0.26980000000000004,0.3614968439499806,700.0,10.0,0.09093664390001323,0.2272,0.3181366439000132,-127.0,-1.0
81.836993931,1.0,0.0,710.0,1.0,720.0,-10.0,-0.0991965019500185,0.26980000000000004,0.17060349804998154,700.0,10.0,0.09182997525000701,0.2272,0.31902997525000704,-127.0,-1.0
81.855389932,1.0,0.0,710.0,1.0,720.0,-10.0,-0.1,0.26980000000000004,0.16980000000000003,720.0,-10.0,-0.09911051859999134,0.2272,0.12808948140000867,-127.0,-1.0
81.872524476,1.0,0.0,710.0,1.0,720.0,-10.0,-0.1,0.26980000000000004,0.16980000000000003,720.0,-10.0,-0.09992388949999623,0.2272,0.1272761105000038,-127.0,-1.0
81.889194686,1.0,0.0,710.0,1.0,720.0,-10.0,-0.1,0.26980000000000004,0.16980000000000003,720.0,-10.0,-0.1,0.2272,0.1272,-127.0,-1.0
81.909563813,1.0,0.0,710.0,1.0,720.0,-10.0,-0.1,0.26980000000000004,0.16980000000000003,700.0,10.0,0.09101142715000152,0.2272,0.3182114271500015,-127.0,-1.0
81.927357523,1.0,0.0,710.0,1.0,700.0,10.0,0.09081447924999339,0.26980000000000004,0.36061447924999346,700.0,10.0,0.09182593560000442,0.2272,0.3190259356000044,-127.0,-1.0
81.947925567,1.0,0.0,710.0,1.0,720.0,-10.0,-0.1,0.26980000000000004,0.16980000000000003,720.0,-10.0,-0.09923764159998427,0.2272,0.12796235840001574,-127.0,-1.0
81.963950027,1.0,0.0,710.0,1.0,720.0,-10.0,-0.1,0.26980000000000004,0.16980000000000003,720.0,-10.0,-0.1,0.2272,0.1272,-127.0,-1.0
81.988607529,1.0,0.0,710.0,1.0,720.0,-10.0,-0.1,0.26980000000000004,0.16980000000000003,700.0,10.0,0.09120503554999232,0.2272,0.31840503554999233,-127.0,-1.0
82.010351281,1.0,0.0,710.0,1.0,700.0,10.0,0.091019491750003,0.26980000000000004,0.36081949175000305,720.0,-10.0,-0.09981447080001545,0.2272,0.12738552919998458,-127.0,-1.0
82.0286872,1.0,0.0,710.0,1.0,720.0,-10.0,-0.09991283545000443,0.26980000000000004,0.1698871645499956,720.0,-10.0,-0.1,0.2272,0.1272,-127.0,-1.0
82.045207202,1.0,0.0,710.0,1.0,720.0,-10.0,-0.1,0.26980000000000004,0.16980000000000003,720.0,-10.0,-0.1,0.2272,0.1272,-127.0,-1.0
82.06267512,1.0,0.0,710.0,1.0,700.0,10.0,0.09084705839999516,0.26980000000000004,0.3606470583999952,700.0,10.0,0.0908470438500126,0.2272,0.3180470438500126,-127.0,-1.0
82.080643538,1.0,0.0,710.0,1.0,700.0,10.0,0.09173706475000018,0.26980000000000004,0.36153706475000025,700.0,10.0,0.09173707935000494,0.2272,0.3189370793500049,-127.0,-1.0
82.098102415,1.0,0.0,710.0,1.0,720.0,-10.0,-0.09912847074999717,0.26980000000000004,0.17067152925000287,720.0,-10.0,-0.09912845614999241,0.2272,0.1280715438500076,-127.0,-1.0
82.133281794,1.0,0.0,710.0,1.0,700.0,10.0,0.09264807109999765,0.26980000000000004,0.36244807109999766,700.0,10.0,0.0926480711000204,0.2272,0.3198480711000204,-127.0,-1.0
82.155275796,1.0,0.0,710.0,1.0,720.0,-10.0,-0.09833144775002438,0.26980000000000004,0.17146855224997565,720.0,-10.0,-0.09833147689996621,0.2272,0.1288685231000338,-127.0,-1.0
82.172847256,1.0,0.0,710.0,1.0,720.0,-10.0,-0.09932452910002212,0.26980000000000004,0.17047547089997792,720.0,-10.0,-0.09932455824996396,0.2272,0.12787544175003607,-127.0,-1.0
82.207470426,1.0,0.0,710.0,1.0,720.0,-10.0,-0.1,0.26980000000000004,0.16980000000000003,700.0,10.0,0.0923631711000462,0.2272,0.31956317110004623,-127.0,-1.0
82.222918553,1.0,0.0,710.0,1.0,720.0,-10.0,-0.1,0.26980000000000004,0.16980000000000003,700.0,10.0,0.09325395035004022,0.2272,0.3204539503500402,-127.0,-1.0
82.240944721,1.0,0.0,710.0,1.0,720.0,-10.0,-0.1,0.26980000000000004,0.16980000000000003,700.0,10.0,0.09413764210004502,0.2272,0.321337642100045,-127.0,-1.0
82.261404265,1.0,0.0,710.0,1.0,700.0,10.0,0.09097387509999863,0.26980000000000004,0.3607738750999987,720.0,-10.0,-0.09683623299995361,0.2272,0.1303637670000464,-127.0,-1.0
82.284179642,1.0,0.0,710.0,1.0,720.0,-10.0,-0.0999377000000095,0.26980000000000004,0.16986229999999053,720.0,-10.0,-0.09774780809996172,0.2272,0.1294521919000383,-127.0,-1.0
82.306324144,1.0,0.0,710.0,1.0,720.0,-10.0,-0.1,0.26980000000000004,0.16980000000000003,700.0,10.0,0.09340316705003261,0.2272,0.3206031670500326,-127.0,-1.0
82.326159813,1.0,0.0,710.0,1.0,700.0,10.0,0.09110775010000452,0.26980000000000004,0.36090775010000453,720.0,-10.0,-0.09770467054995606,0.2272,0.12949532945004394,-127.0,-1.0
82.347167399,1.0,0.0,710.0,1.0,700.0,10.0,0.09219161269999404,0.26980000000000004,0.3619916126999941,720.0,-10.0,-0.09878853314996831,0.2272,0.12841146685003169,-127.0,-1.0
82.372703984,1.0,0.0,710.0,1.0,720.0,-10.0,-0.09903350409999803,0.26980000000000004,0.170766495900002,720.0,-10.0,-0.1,0.2272,0.1272,-127.0,-1.0
82.388698986,1.0,0.0,710.0,1.0,720.0,-10.0,-0.09991662710001492,0.26980000000000004,0.16988337289998512,700.0,10.0,0.09088313759999891,0.2272,0.31808313759999896,-127.0,-1.0
82.407117155,1.0,0.0,710.0,1.0,700.0,10.0,0.0909609104999754,0.26980000000000004,0.36076091049997544,720.0,-10.0,-0.09999437080000462,0.2272,0.1272056291999954,-127.0,-1.0
82.42389324,1.0,0.0,710.0,1.0,720.0,-10.0,-0.09987289165003403,0.26980000000000004,0.169927108349966,720.0,-10.0,-0.1,0.2272,0.1272,-127.0,-1.0
82.438836199,1.0,0.0,710.0,1.0,720.0,-10.0,-0.1,0.26980000000000004,0.16980000000000003,720.0,-10.0,-0.1,0.2272,0.1272,-127.0,-1.0
82.453858493,1.0,0.0,710.0,1.0,720.0,-10.0,-0.1,0.26980000000000004,0.16980000000000003,700.0,10.0,0.09072390215000269,0.2272,0.3179239021500027,-127.0,-1.0
82.470871703,1.0,0.0,710.0,1.0,720.0,-10.0,-0.1,0.26980000000000004,0.16980000000000003,700.0,10.0,0.09157523350001157,0.2272,0.3187752335000116,-127.0,-1.0
82.493339663,1.0,0.0,710.0,1.0,720.0,-10.0,-0.1,0.26980000000000004,0.16980000000000003,720.0,-10.0,-0.09955904364999242,0.2272,0.1276409563500076,-127.0,-1.0
82.513249707,1.0,0.0,710.0,1.0,720.0,-10.0,-0.1,0.26980000000000004,0.16980000000000003,720.0,-10.0,-0.1,0.2272,0.1272,-127.0,-1.0
82.531913459,1.0,0.0,710.0,1.0,700.0,10.0,0.09091554175000965,0.26980000000000004,0.3607155417500097,700.0,10.0,0.09091558550000173,0.2272,0.31811558550000174,-127.0,-1.0
82.54872221,1.0,0.0,710.0,1.0,700.0,10.0,0.09174930020000374,0.26980000000000004,0.36154930020000375,700.0,10.0,0.09174934389999635,0.2272,0.31894934389999635,-127.0,-1.0
82.57442038,1.0,0.0,710.0,1.0,720.0,-10.0,-0.09953280825000092,0.26980000000000004,0.1702671917499991,720.0,-10.0,-0.09953276455000833,0.2272,0.1276672354499917,-127.0,-1.0
82.592916715,1.0,0.0,710.0,1.0,720.0,-10.0,-0.1,0.26980000000000004,0.16980000000000003,720.0,-10.0,-0.1,0.2272,0.1272,-127.0,-1.0
82.607675633,1.0,0.0,710.0,1.0,720.0,-10.0,-0.1,0.26980000000000004,0.16980000000000003,720.0,-10.0,-0.1,0.2272,0.1272,-127.0,-1.0
82.634881719,1.0,0.0,710.0,1.0,720.0,-10.0,-0.1,0.26980000000000004,0.16980000000000003,700.0,10.0,0.09126958139999261,0.2272,0.3184695813999926,-127.0,-1.0
82.659105805,1.0,0.0,710.0,1.0,700.0,10.0,0.09107016885001486,0.26980000000000004,0.3608701688500149,720.0,-10.0,-0.09980057285001749,0.2272,0.12739942714998254,-127.0,-1.0
82.676175598,1.0,0.0,710.0,1.0,700.0,10.0,0.0919954523000024,0.26980000000000004,0.36179545230000243,720.0,-10.0,-0.1,0.2272,0.1272,-127.0,-1.0
82.697363434,1.0,0.0,710.0,1.0,720.0,-10.0,-0.0991563686500058,0.26980000000000004,0.17064363134999425,720.0,-10.0,-0.1,0.2272,0.1272,-127.0,-1.0
82.726173395,1.0,0.0,710.0,1.0,720.0,-10.0,-0.1,0.26980000000000004,0.16980000000000003,700.0,10.0,0.09130423140001312,0.2272,0.31850423140001316,-127.0,-1.0
82.742542313,1.0,0.0,710.0,1.0,720.0,-10.0,-0.1,0.26980000000000004,0.16980000000000003,720.0,-10.0,-0.09961882074996993,0.2272,0.1275811792500301,-127.0,-1.0
82.761837524,1.0,0.0,710.0,1.0,720.0,-10.0,-0.1,0.26980000000000004,0.16980000000000003,700.0,10.0,0.09132517310003095,0.2272,0.318525173100031,-127.0,-1.0
82.778835859,1.0,0.0,710.0,1.0,720.0,-10.0,-0.1,0.26980000000000004,0.16980000000000003,720.0,-10.0,-0.09954020199998012,0.2272,0.1276597980000199,-127.0,-1.0
82.807138903,1.0,0.0,710.0,1.0,700.0,10.0,0.09112823970000591,0.26980000000000004,0.360928239700006,700.0,10.0,0.0915880668500131,0.2272,0.3187880668500131,-127.0,-1.0
82.825482697,1.0,0.0,710.0,1.0,720.0,-10.0,-0.1,0.26980000000000004,0.16980000000000003,700.0,10.0,0.09272921280002265,0.2272,0.3199292128000227,-127.0,-1.0
82.843335323,1.0,0.0,710.0,1.0,720.0,-10.0,-0.1,0.26980000000000004,0.16980000000000003,720.0,-10.0,-0.09818756854997446,0.2272,0.12901243145002556,-127.0,-1.0
82.861341367,1.0,0.0,710.0,1.0,700.0,10.0,0.09085726674999478,0.26980000000000004,0.3606572667499948,700.0,10.0,0.09266972735003037,0.2272,0.3198697273500304,-127.0,-1.0
82.880085327,1.0,0.0,710.0,1.0,700.0,10.0,0.09171685225000147,0.26980000000000004,0.3615168522500015,700.0,10.0,0.09352931285001433,0.2272,0.3207293128500143,-127.0,-1.0
82.899372371,1.0,0.0,710.0,1.0,720.0,-10.0,-0.09929934369999956,0.26980000000000004,0.1705006563000005,700.0,10.0,0.09454547965002803,0.2272,0.32174547965002803,-127.0,-1.0
82.917969039,1.0,0.0,710.0,1.0,720.0,-10.0,-0.1,0.26980000000000004,0.16980000000000003,720.0,-10.0,-0.09644461209995825,0.2272,0.13075538790004176,-127.0,-1.0
82.933288541,1.0,0.0,710.0,1.0,720.0,-10.0,-0.1,0.26980000000000004,0.16980000000000003,700.0,10.0,0.09438641925004504,0.2272,0.32158641925004505,-127.0,-1.0
82.949781417,1.0,0.0,710.0,1.0,720.0,-10.0,-0.1,0.26980000000000004,0.16980000000000003,700.0,10.0,0.09520283805005875,0.2272,0.32240283805005876,-127.0,-1.0
82.966945711,1.0,0.0,710.0,1.0,720.0,-10.0,-0.1,0.26980000000000004,0.16980000000000003,720.0,-10.0,-0.09565578494994043,0.2272,0.1315442150500596,-127.0,-1.0
82.985321588,1.0,0.0,710.0,1.0,700.0,10.0,0.09086986675000844,0.26980000000000004,0.36066986675000845,720.0,-10.0,-0.09652568089993566,0.2272,0.13067431910006436,-127.0,-1.0
83.016449716,1.0,0.0,710.0,1.0,720.0,-10.0,-0.1,0.26980000000000004,0.16980000000000003,700.0,10.0,0.09492566715006433,0.2272,0.32212566715006435,-127.0,-1.0
83.035853134,1.0,0.0,710.0,1.0,720.0,-10.0,-0.1,0.26980000000000004,0.16980000000000003,720.0,-10.0,-0.09620217879992196,0.2272,0.13099782120007805,-127.0,-1.0
83.054899553,1.0,0.0,710.0,1.0,700.0,10.0,0.09082630634999532,0.26980000000000004,0.3606263063499954,720.0,-10.0,-0.09702848514994003,0.2272,0.13017151485005998,-127.0,-1.0
83.073895222,1.0,0.0,710.0,1.0,720.0,-10.0,-0.1,0.26980000000000004,0.16980000000000003,720.0,-10.0,-0.09798981854992235,0.2272,0.12921018145007768,-127.0,-1.0
83.091340682,1.0,0.0,710.0,1.0,720.0,-10.0,-0.1,0.26980000000000004,0.16980000000000003,700.0,10.0,0.09297835445007877,0.2272,0.3201783544500788,-127.0,-1.0
83.110580184,1.0,0.0,710.0,1.0,720.0,-10.0,-0.1,0.26980000000000004,0.16980000000000003,720.0,-10.0,-0.09797263939992717,0.2272,0.12922736060007284,-127.0,-1.0
83.138172728,1.0,0.0,710.0,1.0,720.0,-10.0,-0.1,0.26980000000000004,0.16980000000000003,720.0,-10.0,-0.09936622289992555,0.2272,0.12783377710007446,-127.0,-1.0
83.157371688,1.0,0.0,710.0,1.0,720.0,-10.0,-0.1,0.26980000000000004,0.16980000000000003,700.0,10.0,0.09159268970007815,0.2272,0.3187926897000782,-127.0,-1.0
83.177075815,1.0,0.0,710.0,1.0,700.0,10.0,0.09089216470000792,0.26980000000000004,0.360692164700008,720.0,-10.0,-0.09929944579992026,0.2272,0.12790055420007976,-127.0,-1.0
83.193257192,1.0,0.0,710.0,1.0,700.0,10.0,0.09174944605000747,0.26980000000000004,0.3615494460500075,720.0,-10.0,-0.1,0.2272,0.1272,-127.0,-1.0
83.208154068,1.0,0.0,710.0,1.0,700.0,10.0,0.09258664610000779,0.26980000000000004,0.3623866461000078,720.0,-10.0,-0.1,0.2272,0.1272,-127.0,-1.0
83.24158053,1.0,0.0,710.0,1.0,720.0,-10.0,-0.09897559364999324,0.26980000000000004,0.17082440635000679,700.0,10.0,0.09156223975000102,0.2272,0.31876223975000106,-127.0,-1.0
83.263095616,1.0,0.0,710.0,1.0,720.0,-10.0,-0.1,0.26980000000000004,0.16980000000000003,720.0,-10.0,-0.09951574579999942,0.2272,0.1276842542000006,-127.0,-1.0
83.286218076,1.0,0.0,710.0,1.0,720.0,-10.0,-0.1,0.26980000000000004,0.16980000000000003,720.0,-10.0,-0.1,0.2272,0.1272,-127.0,-1.0
83.30213287,1.0,0.0,710.0,1.0,720.0,-10.0,-0.1,0.26980000000000004,0.16980000000000003,700.0,10.0,0.09095045430000483,0.2272,0.3181504543000048,-127.0,-1.0
83.322668538,1.0,0.0,710.0,1.0,720.0,-10.0,-0.1,0.26980000000000004,0.16980000000000003,700.0,10.0,0.0918221148000066,0.2272,0.31902211480000664,-127.0,-1.0
83.340407123,1.0,0.0,710.0,1.0,720.0,-10.0,-0.1,0.26980000000000004,0.16980000000000003,720.0,-10.0,-0.09924268739998751,0.2272,0.1279573126000125,-127.0,-1.0
83.357702958,1.0,0.0,710.0,1.0,720.0,-10.0,-0.1,0.26980000000000004,0.16980000000000003,720.0,-10.0,-0.1,0.2272,0.1272,-127.0,-1.0
83.376175377,1.0,0.0,710.0,1.0,700.0,10.0,0.09087206885000342,0.26980000000000004,0.36067206885000347,700.0,10.0,0.09087205424999865,0.2272,0.3180720542499987,-127.0,-1.0
83.395056421,1.0,0.0,710.0,1.0,720.0,-10.0,-0.09996199579998119,0.26980000000000004,0.16983800420001885,700.0,10.0,0.09170613349998803,0.2272,0.31890613349998803,-127.0,-1.0
83.415467839,1.0,0.0,710.0,1.0,720.0,-10.0,-0.1,0.26980000000000004,0.16980000000000003,720.0,-10.0,-0.09942156665001675,0.2272,0.12777843334998326,-127.0,-1.0
83.432879758,1.0,0.0,710.0,1.0,720.0,-10.0,-0.1,0.26980000000000004,0.16980000000000003,720.0,-10.0,-0.1,0.2272,0.1272,-127.0,-1.0
83.458127594,1.0,0.0,710.0,1.0,700.0,10.0,0.09129014384999665,0.26980000000000004,0.3610901438499967,720.0,-10.0,-0.1,0.2272,0.1272,-127.0,-1.0
83.477384595,1.0,0.0,710.0,1.0,720.0,-10.0,-0.09955115415000364,0.26980000000000004,0.1702488458499964,700.0,10.0,0.09084131259998231,0.2272,0.3180413125999823,-127.0,-1.0
83.499958723,1.0,0.0,710.0,1.0,720.0,-10.0,-0.1,0.26980000000000004,0.16980000000000003,720.0,-10.0,-0.1,0.2272,0.1272,-127.0,-1.0
83.530898726,1.0,0.0,710.0,1.0,700.0,10.0,0.09158412934999888,0.26980000000000004,0.3613841293499989,700.0,10.0,0.09158417304999147,0.2272,0.3187841730499915,-127.0,-1.0
83.551083228,1.0,0.0,710.0,1.0,700.0,10.0,0.09259163360001367,0.26980000000000004,0.3623916336000137,720.0,-10.0,-0.09942331665001802,0.2272,0.127776683349982,-127.0,-1.0
83.568039271,1.0,0.0,710.0,1.0,720.0,-10.0,-0.0982215768999822,0.26980000000000004,0.17157842310001784,700.0,10.0,0.09138990844998261,0.2272,0.31858990844998264,-127.0,-1.0
83.584253315,1.0,0.0,710.0,1.0,720.0,-10.0,-0.09908333529997435,0.26980000000000004,0.1707166647000257,720.0,-10.0,-0.09947184995000953,0.2272,0.1277281500499905,-127.0,-1.0
83.60572815,1.0,0.0,710.0,1.0,720.0,-10.0,-0.1,0.26980000000000004,0.16980000000000003,700.0,10.0,0.09157104804998198,0.2272,0.318771048049982,-127.0,-1.0
83.625480694,1.0,0.0,710.0,1.0,700.0,10.0,0.09098119589999897,0.26980000000000004,0.360781195899999,720.0,-10.0,-0.09941013330003443,0.2272,0.1277898666999656,-127.0,-1.0
83.654355405,1.0,0.0,710.0,1.0,720.0,-10.0,-0.1,0.26980000000000004,0.16980000000000003,720.0,-10.0,-0.1,0.2272,0.1272,-127.0,-1.0
83.677783532,1.0,0.0,710.0,1.0,720.0,-10.0,-0.1,0.26980000000000004,0.16980000000000003,700.0,10.0,0.09124919384998066,0.2272,0.31844919384998066,-127.0,-1.0
83.707099827,1.0,0.0,710.0,1.0,700.0,10.0,0.0913500668000006,0.26980000000000004,0.3611500668000006,720.0,-10.0,-0.1,0.2272,0.1272,-127.0,-1.0
83.72356762,1.0,0.0,710.0,1.0,720.0,-10.0,-0.09961377494998942,0.26980000000000004,0.17018622505001063,720.0,-10.0,-0.1,0.2272,0.1272,-127.0,-1.0
83.754831665,1.0,0.0,710.0,1.0,720.0,-10.0,-0.1,0.26980000000000004,0.16980000000000003,700.0,10.0,0.09149216679999427,0.2272,0.3186921667999943,-127.0,-1.0
83.773516125,1.0,0.0,710.0,1.0,700.0,10.0,0.09085938135000561,0.26980000000000004,0.36065938135000564,700.0,10.0,0.09235154814999988,0.2272,0.31955154814999986,-127.0,-1.0
83.799558169,1.0,0.0,710.0,1.0,720.0,-10.0,-0.1,0.26980000000000004,0.16980000000000003,720.0,-10.0,-0.09902692699999989,0.2272,0.12817307300000014,-127.0,-1.0
83.816440421,1.0,0.0,710.0,1.0,720.0,-10.0,-0.1,0.26980000000000004,0.16980000000000003,720.0,-10.0,-0.09991671454999959,0.2272,0.12728328545000042,-127.0,-1.0
83.850803716,1.0,0.0,710.0,1.0,700.0,10.0,0.09124640845001522,0.26980000000000004,0.36104640845001523,700.0,10.0,0.09132969394999237,0.2272,0.31852969394999237,-127.0,-1.0
83.880279844,1.0,0.0,710.0,1.0,720.0,-10.0,-0.1,0.26980000000000004,0.16980000000000003,700.0,10.0,0.09318835455000227,0.2272,0.32038835455000225,-127.0,-1.0
83.898237179,1.0,0.0,710.0,1.0,720.0,-10.0,-0.1,0.26980000000000004,0.16980000000000003,720.0,-10.0,-0.0977054871999826,0.2272,0.12949451280001742,-127.0,-1.0
83.921877057,1.0,0.0,710.0,1.0,720.0,-10.0,-0.1,0.26980000000000004,0.16980000000000003,720.0,-10.0,-0.098985845649986,0.2272,0.12821415435001401,-127.0,-1.0
83.938706225,1.0,0.0,710.0,1.0,720.0,-10.0,-0.1,0.26980000000000004,0.16980000000000003,700.0,10.0,0.09184199195002749,0.2272,0.31904199195002747,-127.0,-1.0
83.966884728,1.0,0.0,710.0,1.0,720.0,-10.0,-0.1,0.26980000000000004,0.16980000000000003,720.0,-10.0,-0.09950235814997085,0.2272,0.12769764185002916,-127.0,-1.0
83.992689939,1.0,0.0,710.0,1.0,700.0,10.0,0.09131626259999394,0.26980000000000004,0.36111626259999396,720.0,-10.0,-0.1,0.2272,0.1272,-127.0,-1.0
84.016898275,1.0,0.0,710.0,1.0,700.0,10.0,0.09251476480000292,0.26980000000000004,0.36231476480000296,700.0,10.0,0.09119848760000424,0.2272,0.3183984876000042,-127.0,-1.0
84.05141382,1.0,0.0,710.0,1.0,720.0,-10.0,-0.09921137705000546,0.26980000000000004,0.17058862294999458,720.0,-10.0,-0.1,0.2272,0.1272,-127.0,-1.0
84.079783656,1.0,0.0,710.0,1.0,700.0,10.0,0.09230517309998959,0.26980000000000004,0.36210517309998963,720.0,-10.0,-0.1,0.2272,0.1272,-127.0,-1.0
84.099409033,1.0,0.0,710.0,1.0,700.0,10.0,0.09320909194997512,0.26980000000000004,0.36300909194997516,700.0,10.0,0.09090391884998553,0.2272,0.31810391884998557,-127.0,-1.0
84.122090494,1.0,0.0,710.0,1.0,720.0,-10.0,-0.09792808735003292,0.26980000000000004,0.17187191264996712,720.0,-10.0,-0.1,0.2272,0.1272,-127.0,-1.0
84.142123912,1.0,0.0,710.0,1.0,720.0,-10.0,-0.0990347291000262,0.26980000000000004,0.17076527089997384,720.0,-10.0,-0.1,0.2272,0.1272,-127.0,-1.0
84.160240789,1.0,0.0,710.0,1.0,700.0,10.0,0.09181848349998291,0.26980000000000004,0.36161848349998293,720.0,-10.0,-0.1,0.2272,0.1272,-127.0,-1.0
84.183068666,1.0,0.0,710.0,1.0,720.0,-10.0,-0.09922318950002591,0.26980000000000004,0.17057681049997414,700.0,10.0,0.09104165845000353,0.2272,0.3182416584500035,-127.0,-1.0
84.204651127,1.0,0.0,710.0,1.0,720.0,-10.0,-0.1,0.26980000000000004,0.16980000000000003,720.0,-10.0,-0.1,0.2272,0.1272,-127.0,-1.0
84.239048547,1.0,0.0,710.0,1.0,720.0,-10.0,-0.1,0.26980000000000004,0.16980000000000003,720.0,-10.0,-0.1,0.2272,0.1272,-127.0,-1.0
84.269123758,1.0,0.0,710.0,1.0,720.0,-10.0,-0.1,0.26980000000000004,0.16980000000000003,700.0,10.0,0.09134348975000194,0.2272,0.31854348975000196,-127.0,-1.0
84.301165095,1.0,0.0,710.0,1.0,700.0,10.0,0.09154395225001735,0.26980000000000004,0.36134395225001736,720.0,-10.0,-0.1,0.2272,0.1272,-127.0,-1.0
84.33142814,1.0,0.0,710.0,1.0,720.0,-10.0,-0.1,0.26980000000000004,0.16980000000000003,700.0,10.0,0.0915668481000148,0.2272,0.3187668481000148,-127.0,-1.0
84.355742059,1.0,0.0,710.0,1.0,700.0,10.0,0.0910796188499853,0.26980000000000004,0.3608796188499853,700.0,10.0,0.0926464669500001,0.2272,0.31984646695000013,-127.0,-1.0
84.379445519,1.0,0.0,710.0,1.0,720.0,-10.0,-0.1,0.26980000000000004,0.16980000000000003,720.0,-10.0,-0.09867969775000347,0.2272,0.12852030224999655,-127.0,-1.0
84.396244354,1.0,0.0,710.0,1.0,720.0,-10.0,-0.1,0.26980000000000004,0.16980000000000003,700.0,10.0,0.09221404194999196,0.2272,0.31941404194999196,-127.0,-1.0
84.41833694,1.0,0.0,710.0,1.0,720.0,-10.0,-0.1,0.26980000000000004,0.16980000000000003,700.0,10.0,0.09322055454998918,0.2272,0.3204205545499892,-127.0,-1.0
84.434213525,1.0,0.0,710.0,1.0,700.0,10.0,0.0908530813499874,0.26980000000000004,0.3606530813499874,720.0,-10.0,-0.0976325122000162,0.2272,0.1295674877999838,-127.0,-1.0
84.454786819,1.0,0.0,710.0,1.0,700.0,10.0,0.09189067100000102,0.26980000000000004,0.3616906710000011,720.0,-10.0,-0.09867011645001185,0.2272,0.12852988354998818,-127.0,-1.0
84.471525279,1.0,0.0,710.0,1.0,720.0,-10.0,-0.09893564994999907,0.26980000000000004,0.17086435005000097,720.0,-10.0,-0.09949643735001246,0.2272,0.12770356264998756,-127.0,-1.0
84.501018615,1.0,0.0,695.0,0.9,720.0,-25.0,-0.2425,0.2641,0.021600000000000008,700.0,-5.0,-0.0525,0.22240000000000001,0.16990000000000002,-127.0,-1.0
84.520445075,1.0,0.0,695.0,0.9,700.0,-5.0,-0.0525,0.2641,0.2116,700.0,-5.0,-0.0525,0.22240000000000001,0.16990000000000002,-127.0,-1.0
84.537565327,1.0,0.0,695.0,0.9,720.0,-25.0,-0.2425,0.2641,0.021600000000000008,720.0,-25.0,-0.2425,0.22240000000000001,-0.02009999999999998,-127.0,-1.0
84.562689788,1.0,0.0,695.0,0.9,720.0,-25.0,-0.2425,0.2641,0.021600000000000008,720.0,-25.0,-0.2425,0.22240000000000001,-0.02009999999999998,-127.0,-1.0
84.58268529,1.0,0.0,695.0,0.9,700.0,-5.0,-0.0525,0.2641,0.2116,680.0,15.0,0.13883052512499033,0.22240000000000001,0.3612305251249903,-127.0,-1.0
84.604717209,1.0,0.0,695.0,0.9,700.0,-5.0,-0.0525,0.2641,0.2116,680.0,15.0,0.14048228469999913,0.22240000000000001,0.36288228469999917,-127.0,-1.0
84.619432669,1.0,0.0,695.0,0.9,700.0,-5.0,-0.0525,0.2641,0.2116,680.0,15.0,0.14167620039999063,0.22240000000000001,0.36407620039999067,-127.0,-1.0
84.640462129,1.0,0.0,695.0,0.9,700.0,-5.0,-0.0525,0.2641,0.2116,700.0,-5.0,-0.04884239027501508,0.22240000000000001,0.17355760972498493,-127.0,-1.0
84.66629884,1.0,0.0,695.0,0.9,700.0,-5.0,-0.0525,0.2641,0.2116,680.0,15.0,0.14306362244998352,0.22240000000000001,0.36546362244998354,-127.0,-1.0
84.695725093,1.0,0.0,695.0,0.9,700.0,-5.0,-0.0525,0.2641,0.2116,680.0,15.0,0.14528984137496082,0.22240000000000001,0.36768984137496086,-127.0,-1.0
84.711992511,1.0,0.0,695.0,0.9,700.0,-5.0,-0.0525,0.2641,0.2116,700.0,-5.0,-0.04512264825003968,0.22240000000000001,0.17727735174996034,-127.0,-1.0
84.740019056,1.0,0.0,695.0,0.9,700.0,-5.0,-0.0525,0.2641,0.2116,700.0,-5.0,-0.045816727500041454,0.22240000000000001,0.17658327249995856,-127.0,-1.0
84.77967056,1.0,0.0,695.0,0.9,700.0,-5.0,-0.0525,0.2641,0.2116,680.0,15.0,0.14713617902497161,0.22240000000000001,0.3695361790249716,-127.0,-1.0
84.806573604,1.0,0.0,695.0,0.9,700.0,-5.0,-0.0525,0.2641,0.2116,700.0,-5.0,-0.043540093975027505,0.22240000000000001,0.1788599060249725,-127.0,-1.0
84.83232894,1.0,0.0,695.0,0.9,700.0,-5.0,-0.0525,0.2641,0.2116,700.0,-5.0,-0.044189694025023984,0.22240000000000001,0.17821030597497603,-127.0,-1.0
84.852247734,1.0,0.0,695.0,0.9,680.0,15.0,0.13874632824999933,0.2641,0.40284632824999933,680.0,15.0,0.14705663422497536,0.22240000000000001,0.3694566342249754,-127.0,-1.0
84.894339613,0.0,0.0,695.0,0.9,680.0,15.0,0.14173169732501945,0.2641,0.40583169732501945,720.0,-25.0,-0.23791898090005814,0.22240000000000001,-0.015518980900058127,-127.0,-1.0
84.924903366,1.0,0.0,695.0,0.9,700.0,-5.0,-0.04908722254997656,0.2641,0.21501277745002345,700.0,-5.0,-0.04873787890005815,0.22240000000000001,0.17366212109994186,-127.0,-1.0
84.945009701,1.0,0.0,695.0,0.9,700.0,-5.0,-0.04964217677498027,0.2641,0.21445782322501972,680.0,15.0,0.14292704939994108,0.22240000000000001,0.3653270493999411,-127.0,-1.0
84.96857987,1.0,0.0,695.0,0.9,700.0,-5.0,-0.05023231327498024,0.2641,0.21386768672501977,700.0,-5.0,-0.04766308710005888,0.22240000000000001,0.17473691289994114,-127.0,-1.0
84.994805081,0.0,0.0,695.0,0.9,720.0,-25.0,-0.2425,0.2641,0.021600000000000008,680.0,15.0,0.14431041002493428,0.22240000000000001,0.3667104100249343,-127.0,-1.0
85.012833,0.0,0.0,695.0,0.9,720.0,-25.0,-0.2425,0.2641,0.021600000000000008,680.0,15.0,0.1455935976249293,0.22240000000000001,0.36799359762492934,-127.0,-1.0
85.046551711,1.0,0.0,695.0,0.9,700.0,-5.0,-0.0525,0.2641,0.2116,700.0,-5.0,-0.04526045350006825,0.22240000000000001,0.17713954649993177,-127.0,-1.0
85.063295421,1.0,0.0,695.0,0.9,700.0,-5.0,-0.0525,0.2641,0.2116,700.0,-5.0,-0.04571982125006798,0.22240000000000001,0.17668017874993203,-127.0,-1.0
85.079899715,1.0,0.0,695.0,0.9,700.0,-5.0,-0.0525,0.2641,0.2116,680.0,15.0,0.1455090726499293,0.22240000000000001,0.36790907264992934,-127.0,-1.0
85.1016913,1.0,0.0,695.0,0.9,700.0,-5.0,-0.0525,0.2641,0.2116,700.0,-5.0,-0.045037700325078735,0.22240000000000001,0.1773622996749213,-127.0,-1.0
85.117716927,1.0,0.0,695.0,0.9,700.0,-5.0,-0.0525,0.2641,0.2116,700.0,-5.0,-0.04543007952506969,0.22240000000000001,0.17696992047493032,-127.0,-1.0
85.133594095,1.0,0.0,695.0,0.9,700.0,-5.0,-0.0525,0.2641,0.2116,680.0,15.0,0.14578870812495096,0.22240000000000001,0.36818870812495097,-127.0,-1.0
85.148771263,1.0,0.0,695.0,0.9,700.0,-5.0,-0.0525,0.2641,0.2116,680.0,15.0,0.14692507069993324,0.22240000000000001,0.36932507069993326,-127.0,-1.0
85.169788182,1.0,0.0,695.0,0.9,700.0,-5.0,-0.0525,0.2641,0.2116,700.0,-5.0,-0.043596546025073624,0.22240000000000001,0.1788034539749264,-127.0,-1.0
85.196462852,1.0,0.0,695.0,0.9,700.0,-5.0,-0.0525,0.2641,0.2116,700.0,-5.0,-0.04426017525006728,0.22240000000000001,0.17813982474993273,-127.0,-1.0
85.214090895,1.0,0.0,695.0,0.9,700.0,-5.0,-0.0525,0.2641,0.2116,680.0,15.0,0.1470896874249547,0.22240000000000001,0.3694896874249547,-127.0,-1.0
85.230955938,1.0,0.0,695.0,0.9,700.0,-5.0,-0.0525,0.2641,0.2116,680.0,15.0,0.1475,0.22240000000000001,0.3699,-127.0,-1.0
85.257287024,0.0,0.0,695.0,0.9,680.0,15.0,0.13937457827499883,0.2641,0.40347457827499883,720.0,-25.0,-0.2356243336249531,0.22240000000000001,-0.013224333624953094,-127.0,-1.0
85.277834651,0.0,0.0,695.0,0.9,680.0,15.0,0.140939734674987,0.2641,0.405039734674987,720.0,-25.0,-0.2382328911249783,0.22240000000000001,-0.015832891124978293,-127.0,-1.0
85.299610779,1.0,0.0,695.0,0.9,700.0,-5.0,-0.04957982580001726,0.2641,0.21452017419998273,700.0,-5.0,-0.04875243702497755,0.22240000000000001,0.17364756297502246,-127.0,-1.0
85.33178949,1.0,0.0,695.0,0.9,700.0,-5.0,-0.05040996755001515,0.2641,0.21369003244998486,700.0,-5.0,-0.04958258607497783,0.22240000000000001,0.1728174139250222,-127.0,-1.0
85.358864326,1.0,0.0,695.0,0.9,700.0,-5.0,-0.05105226137501632,0.2641,0.2130477386249837,680.0,15.0,0.14234431722503357,0.22240000000000001,0.3647443172250336,-127.0,-1.0
85.375870245,1.0,0.0,695.0,0.9,700.0,-5.0,-0.05150846455001329,0.2641,0.2125915354499867,680.0,15.0,0.1437129267500245,0.22240000000000001,0.3661129267500245,-127.0,-1.0
85.410479123,1.0,0.0,695.0,0.9,700.0,-5.0,-0.05230207502501344,0.2641,0.21179792497498656,680.0,15.0,0.14609373635001702,0.22240000000000001,0.36849373635001703,-127.0,-1.0
85.437878292,1.0,0.0,695.0,0.9,700.0,-5.0,-0.0525,0.2641,0.2116,680.0,15.0,0.1475,0.22240000000000001,0.3699,-127.0,-1.0
85.454815377,1.0,0.0,695.0,0.9,700.0,-5.0,-0.0525,0.2641,0.2116,700.0,-5.0,-0.04301243650000288,0.22240000000000001,0.17938756349999713,-127.0,-1.0
85.480409713,1.0,0.0,695.0,0.9,700.0,-5.0,-0.0525,0.2641,0.2116,680.0,15.0,0.1475,0.22240000000000001,0.3699,-127.0,-1.0
85.49590859,1.0,0.0,695.0,0.9,700.0,-5.0,-0.0525,0.2641,0.2116,680.0,15.0,0.1475,0.22240000000000001,0.3699,-127.0,-1.0
85.524358343,1.0,0.0,695.0,0.9,700.0,-5.0,-0.0525,0.2641,0.2116,700.0,-5.0,-0.043172131324995464,0.22240000000000001,0.17922786867500456,-127.0,-1.0
85.550783637,1.0,0.0,695.0,0.9,680.0,15.0,0.13938249707501882,0.2641,0.4034824970750188,700.0,-5.0,-0.043799630350001735,0.22240000000000001,0.1786003696499983,-127.0,-1.0
85.570284764,1.0,0.0,695.0,0.9,680.0,15.0,0.14082001277500922,0.2641,0.4049200127750092,700.0,-5.0,-0.04427880227499827,0.22240000000000001,0.17812119772500173,-127.0,-1.0
85.589069849,1.0,0.0,695.0,0.9,680.0,15.0,0.14222990042499076,0.2641,0.40632990042499073,700.0,-5.0,-0.04474876482500349,0.22240000000000001,0.17765123517499654,-127.0,-1.0
85.608934101,1.0,0.0,695.0,0.9,700.0,-5.0,-0.04826597672501066,0.2641,0.21583402327498935,700.0,-5.0,-0.04524464194999382,0.22240000000000001,0.1771553580500062,-127.0,-1.0
85.627344978,1.0,0.0,695.0,0.9,700.0,-5.0,-0.048724535100009236,0.2641,0.21537546489999077,700.0,-5.0,-0.045703207624994774,0.22240000000000001,0.17669679237500524,-127.0,-1.0
85.643267063,1.0,0.0,695.0,0.9,700.0,-5.0,-0.04913597472501806,0.2641,0.21496402527498193,700.0,-5.0,-0.04611463995000122,0.22240000000000001,0.17628536004999878,-127.0,-1.0
85.662146065,1.0,0.0,695.0,0.9,700.0,-5.0,-0.0496124268500148,0.2641,0.2144875731499852,700.0,-5.0,-0.04659109937500034,0.22240000000000001,0.17580890062499968,-127.0,-1.0
85.690184568,1.0,0.0,695.0,0.9,700.0,-5.0,-0.05028653420000865,0.2641,0.21381346579999136,700.0,-5.0,-0.04726520672499419,0.22240000000000001,0.17513479327500583,-127.0,-1.0
85.723246738,1.0,0.0,695.0,0.9,700.0,-5.0,-0.051128554075014564,0.2641,0.21297144592498543,700.0,-5.0,-0.04810719014999904,0.22240000000000001,0.17429280985000098,-127.0,-1.0
85.741769906,1.0,0.0,695.0,0.9,700.0,-5.0,-0.0515820520500165,0.2641,0.2125179479499835,700.0,-5.0,-0.048560709999997016,0.22240000000000001,0.173839290000003,-127.0,-1.0
85.769415534,1.0,0.0,695.0,0.9,700.0,-5.0,-0.05227359377501216,0.2641,0.21182640622498783,700.0,-5.0,-0.049252259024995054,0.22240000000000001,0.17314774097500496,-127.0,-1.0
85.801731329,1.0,0.0,695.0,0.9,700.0,-5.0,-0.0525,0.2641,0.2116,680.0,15.0,0.14317555997501813,0.22240000000000001,0.3655755599750181,-127.0,-1.0
85.823637831,1.0,0.0,695.0,0.9,680.0,15.0,0.1391719719999969,0.2641,0.40327197199999687,700.0,-5.0,-0.04738177132498322,0.22240000000000001,0.1750182286750168,-127.0,-1.0
85.855634251,1.0,0.0,695.0,0.9,680.0,15.0,0.14154490660001784,0.2641,0.40564490660001784,700.0,-5.0,-0.048172764099983854,0.22240000000000001,0.17422723590001615,-127.0,-1.0
85.882966045,1.0,0.0,695.0,0.9,700.0,-5.0,-0.04910874764997516,0.2641,0.21499125235002484,680.0,15.0,0.14378815485001495,0.22240000000000001,0.366188154850015,-127.0,-1.0
85.899666589,1.0,0.0,695.0,0.9,700.0,-5.0,-0.04956293832498432,0.2641,0.21453706167501568,700.0,-5.0,-0.04666605042498759,0.22240000000000001,0.17573394957501243,-127.0,-1.0
85.938045259,1.0,0.0,695.0,0.9,700.0,-5.0,-0.05039842484998417,0.2641,0.21370157515001584,700.0,-5.0,-0.0475015296749848,0.22240000000000001,0.1748984703250152,-127.0,-1.0
85.963209679,1.0,0.0,695.0,0.9,700.0,-5.0,-0.051154928049984394,0.2641,0.2129450719500156,700.0,-5.0,-0.04825804744997868,0.22240000000000001,0.17414195255002135,-127.0,-1.0
85.981281639,1.0,0.0,695.0,0.9,700.0,-5.0,-0.051602796849979315,0.2641,0.21249720315002069,680.0,15.0,0.1430855151500259,0.22240000000000001,0.3654855151500259,-127.0,-1.0
86.007682433,1.0,0.0,695.0,0.9,700.0,-5.0,-0.0522560937999765,0.2641,0.2118439062000235,680.0,15.0,0.14504538410004442,0.22240000000000001,0.36744538410004446,-127.0,-1.0
86.03069406,1.0,0.0,695.0,0.9,700.0,-5.0,-0.0525,0.2641,0.2116,720.0,-25.0,-0.23776923602493524,0.22240000000000001,-0.015369236024935229,-127.0,-1.0
86.069652273,1.0,0.0,695.0,0.9,700.0,-5.0,-0.0525,0.2641,0.2116,680.0,15.0,0.14531174867505342,0.22240000000000001,0.3677117486750534,-127.0,-1.0
86.087260483,1.0,0.0,695.0,0.9,700.0,-5.0,-0.0525,0.2641,0.2116,680.0,15.0,0.14660278937504698,0.22240000000000001,0.369002789375047,-127.0,-1.0
86.111020527,1.0,0.0,695.0,0.9,700.0,-5.0,-0.0525,0.2641,0.2116,680.0,15.0,0.1475,0.22240000000000001,0.3699,-127.0,-1.0
86.129374529,1.0,0.0,695.0,0.9,700.0,-5.0,-0.0525,0.2641,0.2116,700.0,-5.0,-0.04294874377499582,0.22240000000000001,0.17945125622500419,-127.0,-1.0
86.159120448,1.0,0.0,695.0,0.9,680.0,15.0,0.13958096897498534,0.2641,0.40368096897498534,680.0,15.0,0.1475,0.22240000000000001,0.3699,-127.0,-1.0
86.175256908,1.0,0.0,695.0,0.9,680.0,15.0,0.1409941816000014,0.2641,0.40509418160000144,680.0,15.0,0.1475,0.22240000000000001,0.3699,-127.0,-1.0
86.198012452,1.0,0.0,695.0,0.9,680.0,15.0,0.1427166192999948,0.2641,0.4068166192999948,680.0,15.0,0.1475,0.22240000000000001,0.3699,-127.0,-1.0
86.22407083,1.0,0.0,695.0,0.9,700.0,-5.0,-0.04788342660000581,0.2641,0.2162165733999942,700.0,-5.0,-0.0431000313249956,0.22240000000000001,0.17929996867500442,-127.0,-1.0
86.242042165,1.0,0.0,695.0,0.9,700.0,-5.0,-0.04832924642500075,0.2641,0.21577075357499925,700.0,-5.0,-0.0435458657499953,0.22240000000000001,0.1788541342500047,-127.0,-1.0
86.260257917,1.0,0.0,695.0,0.9,700.0,-5.0,-0.04876439854999944,0.2641,0.21533560145000055,680.0,15.0,0.1475,0.22240000000000001,0.3699,-127.0,-1.0
86.286516669,1.0,0.0,695.0,0.9,700.0,-5.0,-0.04941945280000027,0.2641,0.21468054719999974,700.0,-5.0,-0.04315506880000612,0.22240000000000001,0.1792449311999939,-127.0,-1.0
86.326575048,1.0,0.0,695.0,0.9,700.0,-5.0,-0.050425294549997945,0.2641,0.21367470545000206,700.0,-5.0,-0.04416090327500115,0.22240000000000001,0.17823909672499888,-127.0,-1.0
86.360257302,1.0,0.0,695.0,0.9,700.0,-5.0,-0.051285463399997296,0.2641,0.2128145366000027,700.0,-5.0,-0.04502104295000208,0.22240000000000001,0.17737895704999793,-127.0,-1.0
86.378081929,1.0,0.0,695.0,0.9,700.0,-5.0,-0.05173403947500447,0.2641,0.21236596052499554,700.0,-5.0,-0.04546963362500264,0.22240000000000001,0.17693036637499737,-127.0,-1.0
86.408819515,1.0,0.0,695.0,0.9,680.0,15.0,0.14027898572500133,0.2641,0.4043789857250013,700.0,-5.0,-0.04614062745001093,0.22240000000000001,0.17625937254998908,-127.0,-1.0
86.449432936,0.0,0.0,695.0,0.9,680.0,15.0,0.14321080480000317,0.2641,0.40731080480000315,720.0,-25.0,-0.24102702894997036,0.22240000000000001,-0.018627028949970342,-127.0,-1.0
86.47589673,1.0,0.0,695.0,0.9,700.0,-5.0,-0.04757721297499074,0.2641,0.21652278702500927,720.0,-25.0,-0.2425,0.22240000000000001,-0.02009999999999998,-127.0,-1.0
86.494107524,1.0,0.0,695.0,0.9,700.0,-5.0,-0.04803250469999739,0.2641,0.2160674953000026,680.0,15.0,0.13886572202496836,0.22240000000000001,0.36126572202496837,-127.0,-1.0
86.520379693,1.0,0.0,695.0,0.9,700.0,-5.0,-0.04868969539999398,0.2641,0.21541030460000601,680.0,15.0,0.14083744719997637,0.22240000000000001,0.3632374471999764,-127.0,-1.0
86.54334232,1.0,0.0,695.0,0.9,700.0,-5.0,-0.04927471314998911,0.2641,0.2148252868500109,700.0,-5.0,-0.04974756327502746,0.22240000000000001,0.17265243672497255,-127.0,-1.0
86.572324365,1.0,0.0,695.0,0.9,700.0,-5.0,-0.04997867989999577,0.2641,0.21412132010000423,680.0,15.0,0.14236435879996634,0.22240000000000001,0.3647643587999664,-127.0,-1.0
86.597413534,1.0,0.0,695.0,0.9,700.0,-5.0,-0.05062292787498791,0.2641,0.2134770721250121,680.0,15.0,0.14429710279997607,0.22240000000000001,0.3666971027999761,-127.0,-1.0
86.623330745,1.0,0.0,695.0,0.9,700.0,-5.0,-0.05126804357498941,0.2641,0.2128319564250106,700.0,-5.0,-0.04634801287502569,0.22240000000000001,0.17605198712497433,-127.0,-1.0
86.654767456,1.0,0.0,695.0,0.9,700.0,-5.0,-0.052040595724988634,0.2641,0.21205940427501135,680.0,15.0,0.14596966547494503,0.22240000000000001,0.36836966547494504,-127.0,-1.0
86.681382042,1.0,0.0,695.0,0.9,700.0,-5.0,-0.0525,0.2641,0.2116,680.0,15.0,0.1475,0.22240000000000001,0.3699,-127.0,-1.0
86.698322044,1.0,0.0,695.0,0.9,680.0,15.0,0.13879941887499853,0.2641,0.4028994188749985,700.0,-5.0,-0.04293314692500189,0.22240000000000001,0.17946685307499813,-127.0,-1.0
86.720924171,1.0,0.0,695.0,0.9,680.0,15.0,0.14049029087498183,0.2641,0.40459029087498183,700.0,-5.0,-0.04349677095000743,0.22240000000000001,0.1789032290499926,-127.0,-1.0
86.743702757,1.0,0.0,695.0,0.9,700.0,-5.0,-0.05006928627501793,0.2641,0.21403071372498206,700.0,-5.0,-0.04405630432500402,0.22240000000000001,0.178343695674996,-127.0,-1.0
86.770674343,1.0,0.0,695.0,0.9,700.0,-5.0,-0.05072041030001856,0.2641,0.21337958969998144,700.0,-5.0,-0.04470746482500545,0.22240000000000001,0.17769253517499456,-127.0,-1.0
86.796882346,1.0,0.0,695.0,0.9,700.0,-5.0,-0.051369952025017936,0.2641,0.21273004797498207,680.0,15.0,0.1472411166249776,0.22240000000000001,0.3696411166249776,-127.0,-1.0
86.820281015,1.0,0.0,695.0,0.9,700.0,-5.0,-0.0519816135500173,0.2641,0.2121183864499827,700.0,-5.0,-0.043370552175024384,0.22240000000000001,0.17902944782497562,-127.0,-1.0
86.848934351,1.0,0.0,695.0,0.9,700.0,-5.0,-0.0525,0.2641,0.2116,720.0,-25.0,-0.2369645056750255,0.22240000000000001,-0.014564505675025485,-127.0,-1.0
86.879922479,1.0,0.0,695.0,0.9,700.0,-5.0,-0.0525,0.2641,0.2116,680.0,15.0,0.14542671639997934,0.22240000000000001,0.3678267163999793,-127.0,-1.0
86.905109065,1.0,0.0,695.0,0.9,700.0,-5.0,-0.0525,0.2641,0.2116,700.0,-5.0,-0.04520770242501612,0.22240000000000001,0.1771922975749839,-127.0,-1.0
86.931149067,1.0,0.0,695.0,0.9,700.0,-5.0,-0.0525,0.2641,0.2116,680.0,15.0,0.14673186649998568,0.22240000000000001,0.3691318664999857,-127.0,-1.0
86.970991613,1.0,0.0,695.0,0.9,700.0,-5.0,-0.0525,0.2641,0.2116,680.0,15.0,0.1475,0.22240000000000001,0.3699,-127.0,-1.0
86.990710615,1.0,0.0,695.0,0.9,680.0,15.0,0.13932973457499429,0.2641,0.4034297345749943,700.0,-5.0,-0.04310991880000074,0.22240000000000001,0.17929008119999928,-127.0,-1.0
87.009350159,1.0,0.0,695.0,0.9,680.0,15.0,0.14083657224998658,0.2641,0.4049365722499866,680.0,15.0,0.1475,0.22240000000000001,0.3699,-127.0,-1.0
87.026678369,1.0,0.0,695.0,0.9,680.0,15.0,0.142269538000005,0.2641,0.40636953800000497,680.0,15.0,0.1475,0.22240000000000001,0.3699,-127.0,-1.0
87.043583662,1.0,0.0,695.0,0.9,700.0,-5.0,-0.048109643274997324,0.2641,0.21599035672500266,700.0,-5.0,-0.042879195850007365,0.22240000000000001,0.17952080414999266,-127.0,-1.0
87.067166081,1.0,0.0,695.0,0.9,700.0,-5.0,-0.048697388149994365,0.2641,0.21540261185000564,700.0,-5.0,-0.043466940725004406,0.22240000000000001,0.17893305927499562,-127.0,-1.0
87.086695791,1.0,0.0,695.0,0.9,700.0,-5.0,-0.04918404129998862,0.2641,0.21491595870001137,700.0,-5.0,-0.04395358660000739,0.22240000000000001,0.17844641339999262,-127.0,-1.0
87.104875668,1.0,0.0,695.0,0.9,700.0,-5.0,-0.04963878614999203,0.2641,0.21446121385000796,680.0,15.0,0.14741064787496952,0.22240000000000001,0.36981064787496953,-127.0,-1.0
87.122434003,1.0,0.0,695.0,0.9,700.0,-5.0,-0.050087041399992815,0.2641,0.21401295860000719,720.0,-25.0,-0.23483066487504628,0.22240000000000001,-0.012430664875046266,-127.0,-1.0
87.146383047,1.0,0.0,695.0,0.9,700.0,-5.0,-0.05068597167499093,0.2641,0.21341402832500908,680.0,15.0,0.14696610404994087,0.22240000000000001,0.36936610404994086,-127.0,-1.0
87.173259258,1.0,0.0,695.0,0.9,700.0,-5.0,-0.05135865714999227,0.2641,0.21274134285000773,680.0,15.0,0.1475,0.22240000000000001,0.3699,-127.0,-1.0
87.202192886,1.0,0.0,695.0,0.9,700.0,-5.0,-0.052050548899992465,0.2641,0.21204945110000753,700.0,-5.0,-0.0431918552749994,0.22240000000000001,0.17920814472500063,-127.0,-1.0
87.23390289,1.0,0.0,695.0,0.9,700.0,-5.0,-0.0525,0.2641,0.2116,680.0,15.0,0.1475,0.22240000000000001,0.3699,-127.0,-1.0
87.257969767,1.0,0.0,695.0,0.9,680.0,15.0,0.13927821887501748,0.2641,0.40337821887501746,700.0,-5.0,-0.04309273965000557,0.22240000000000001,0.17930726034999445,-127.0,-1.0
87.288140645,1.0,0.0,695.0,0.9,680.0,15.0,0.14141310977501007,0.2641,0.4055131097750101,700.0,-5.0,-0.043804369925003354,0.22240000000000001,0.17859563007499665,-127.0,-1.0
87.31810444,1.0,0.0,695.0,0.9,700.0,-5.0,-0.049364779874988475,0.2641,0.21473522012501153,680.0,15.0,0.1475,0.22240000000000001,0.3699,-127.0,-1.0
87.340756442,1.0,0.0,695.0,0.9,700.0,-5.0,-0.04994362159998445,0.2641,0.21415637840001556,700.0,-5.0,-0.04307883442500497,0.22240000000000001,0.17932116557499506,-127.0,-1.0
87.368269653,1.0,0.0,695.0,0.9,700.0,-5.0,-0.05060561019999114,0.2641,0.21349438980000887,700.0,-5.0,-0.043740830325002665,0.22240000000000001,0.17865916967499734,-127.0,-1.0
87.405682032,1.0,0.0,695.0,0.9,700.0,-5.0,-0.051476308199985395,0.2641,0.2126236918000146,700.0,-5.0,-0.04461154290000195,0.22240000000000001,0.17778845709999808,-127.0,-1.0
87.431369993,1.0,0.0,695.0,0.9,700.0,-5.0,-0.05219955412499303,0.2641,0.21190044587500698,680.0,15.0,0.1475,0.22240000000000001,0.3699,-127.0,-1.0
87.465310954,1.0,0.0,695.0,0.9,680.0,15.0,0.140382396099983,0.2641,0.404482396099983,700.0,-5.0,-0.04336064280000073,0.22240000000000001,0.17903935719999928,-127.0,-1.0
87.491537624,1.0,0.0,695.0,0.9,680.0,15.0,0.14192753687498225,0.2641,0.4060275368749823,700.0,-5.0,-0.04387571159999652,0.22240000000000001,0.1785242884000035,-127.0,-1.0
87.510515501,1.0,0.0,695.0,0.9,680.0,15.0,0.14371332460000302,0.2641,0.407813324600003,700.0,-5.0,-0.044470974175003446,0.22240000000000001,0.17792902582499656,-127.0,-1.0
87.528247086,1.0,0.0,695.0,0.9,680.0,15.0,0.14510282470000674,0.2641,0.40920282470000674,700.0,-5.0,-0.044934140875004684,0.22240000000000001,0.17746585912499532,-127.0,-1.0
87.554061047,1.0,0.0,695.0,0.9,720.0,-25.0,-0.23805516004996888,0.2641,0.026044839950031123,700.0,-5.0,-0.04556567947500298,0.22240000000000001,0.17683432052499704,-127.0,-1.0
87.571003673,1.0,0.0,695.0,0.9,720.0,-25.0,-0.2403199884249875,0.2641,0.0237800115750125,700.0,-5.0,-0.04601870350000354,0.22240000000000001,0.17638129649999648,-127.0,-1.0
87.597077801,1.0,0.0,695.0,0.9,720.0,-25.0,-0.2425,0.2641,0.021600000000000008,700.0,-5.0,-0.046673743124999875,0.22240000000000001,0.17572625687500015,-127.0,-1.0
87.616364845,1.0,0.0,695.0,0.9,700.0,-5.0,-0.0525,0.2641,0.2116,680.0,15.0,0.14476683520000277,0.22240000000000001,0.3671668352000028,-127.0,-1.0
87.638051722,1.0,0.0,695.0,0.9,700.0,-5.0,-0.0525,0.2641,0.2116,700.0,-5.0,-0.04580233047499178,0.22240000000000001,0.17659766952500824,-127.0,-1.0
87.653813098,1.0,0.0,695.0,0.9,700.0,-5.0,-0.0525,0.2641,0.2116,680.0,15.0,0.14537657900003523,0.22240000000000001,0.36777657900003524,-127.0,-1.0
87.680782934,1.0,0.0,695.0,0.9,720.0,-25.0,-0.2425,0.2641,0.021600000000000008,720.0,-25.0,-0.23785643699993214,0.22240000000000001,-0.015456436999932127,-127.0,-1.0
87.703943895,1.0,0.0,695.0,0.9,720.0,-25.0,-0.2425,0.2641,0.021600000000000008,700.0,-5.0,-0.04846678602493057,0.22240000000000001,0.17393321397506945,-127.0,-1.0
87.732668106,1.0,0.0,695.0,0.9,700.0,-5.0,-0.0525,0.2641,0.2116,680.0,15.0,0.14360324540007013,0.22240000000000001,0.3660032454000701,-127.0,-1.0
87.759188484,1.0,0.0,695.0,0.9,680.0,15.0,0.13945168765001198,0.2641,0.403551687650012,700.0,-5.0,-0.04704733904992963,0.22240000000000001,0.17535266095007038,-127.0,-1.0
87.785771862,1.0,0.0,695.0,0.9,700.0,-5.0,-0.05120866034998471,0.2641,0.21289133965001528,680.0,15.0,0.14493370487509535,0.22240000000000001,0.36733370487509537,-127.0,-1.0
87.814018323,1.0,0.0,695.0,0.9,700.0,-5.0,-0.051904117699987186,0.2641,0.21219588230001282,680.0,15.0,0.1470199894750726,0.22240000000000001,0.3694199894750726,-127.0,-1.0
87.8395482,1.0,0.0,695.0,0.9,680.0,15.0,0.14008469187500622,0.2641,0.4041846918750062,700.0,-5.0,-0.04364297622493495,0.22240000000000001,0.17875702377506505,-127.0,-1.0
87.863107869,0.0,0.0,695.0,0.9,720.0,-25.0,-0.2425,0.2641,0.021600000000000008,680.0,15.0,0.1475,0.22240000000000001,0.3699,-127.0,-1.0
87.880393788,1.0,0.0,695.0,0.9,700.0,-5.0,-0.0525,0.2641,0.2116,680.0,15.0,0.1475,0.22240000000000001,0.3699,-127.0,-1.0
87.896649831,1.0,0.0,695.0,0.9,700.0,-5.0,-0.0525,0.2641,0.2116,680.0,15.0,0.1475,0.22240000000000001,0.3699,-127.0,-1.0
87.915464666,1.0,0.0,695.0,0.9,680.0,15.0,0.13865062510000142,0.2641,0.4027506251000014,700.0,-5.0,-0.0428835343999981,0.22240000000000001,0.17951646560000192,-127.0,-1.0
87.933373585,1.0,0.0,695.0,0.9,720.0,-25.0,-0.2425,0.2641,0.021600000000000008,700.0,-5.0,-0.04334033549999276,0.22240000000000001,0.17905966450000727,-127.0,-1.0
87.959168879,1.0,0.0,695.0,0.9,700.0,-5.0,-0.0525,0.2641,0.2116,700.0,-5.0,-0.04398173242499752,0.22240000000000001,0.1784182675750025,-127.0,-1.0
87.981430631,1.0,0.0,695.0,0.9,700.0,-5.0,-0.0525,0.2641,0.2116,700.0,-5.0,-0.04456823039999335,0.22240000000000001,0.17783176960000666,-127.0,-1.0
88.007434467,1.0,0.0,695.0,0.9,700.0,-5.0,-0.0525,0.2641,0.2116,700.0,-5.0,-0.045067388799991476,0.22240000000000001,0.17733261120000854,-127.0,-1.0
88.025332302,1.0,0.0,695.0,0.9,700.0,-5.0,-0.0525,0.2641,0.2116,700.0,-5.0,-0.04565870657499318,0.22240000000000001,0.17674129342500683,-127.0,-1.0
88.041906262,1.0,0.0,695.0,0.9,700.0,-5.0,-0.0525,0.2641,0.2116,700.0,-5.0,-0.046080704524995325,0.22240000000000001,0.1763192954750047,-127.0,-1.0
88.061473598,1.0,0.0,695.0,0.9,700.0,-5.0,-0.0525,0.2641,0.2116,700.0,-5.0,-0.046575137899997114,0.22240000000000001,0.1758248621000029,-127.0,-1.0
88.082629058,1.0,0.0,695.0,0.9,680.0,15.0,0.13889260637499773,0.2641,0.40299260637499773,700.0,-5.0,-0.047039347324998745,0.22240000000000001,0.17536065267500128,-127.0,-1.0
88.102294685,1.0,0.0,695.0,0.9,700.0,-5.0,-0.05162667702500357,0.2641,0.21247332297499644,700.0,-5.0,-0.04755863072500006,0.22240000000000001,0.17484136927499996,-127.0,-1.0
88.119133479,1.0,0.0,695.0,0.9,680.0,15.0,0.13966237309999768,0.2641,0.4037623730999977,700.0,-5.0,-0.04798832137499175,0.22240000000000001,0.17441167862500825,-127.0,-1.0
88.139103606,1.0,0.0,695.0,0.9,700.0,-5.0,-0.05082982902499907,0.2641,0.21327017097500092,700.0,-5.0,-0.0484805307999909,0.22240000000000001,0.1739194692000091,-127.0,-1.0
88.155497315,1.0,0.0,695.0,0.9,700.0,-5.0,-0.05125055095000107,0.2641,0.21284944904999892,700.0,-5.0,-0.0489012527249929,0.22240000000000001,0.1734987472750071,-127.0,-1.0
88.17964061,1.0,0.0,695.0,0.9,700.0,-5.0,-0.05184248122500549,0.2641,0.21225751877499452,700.0,-5.0,-0.04949317569999494,0.22240000000000001,0.1729068243000051,-127.0,-1.0
88.199131237,1.0,0.0,695.0,0.9,700.0,-5.0,-0.05233959065000363,0.2641,0.21176040934999638,700.0,-5.0,-0.04999029242499546,0.22240000000000001,0.17240970757500457,-127.0,-1.0
88.216196655,1.0,0.0,695.0,0.9,700.0,-5.0,-0.0525,0.2641,0.2116,700.0,-5.0,-0.05042432162498926,0.22240000000000001,0.17197567837501077,-127.0,-1.0
88.251677033,0.0,0.0,695.0,0.9,720.0,-25.0,-0.2425,0.2641,0.021600000000000008,680.0,15.0,0.14221500675003879,0.22240000000000001,0.3646150067500388,-127.0,-1.0
88.277937828,1.0,0.0,695.0,0.9,680.0,15.0,0.13947833147502706,0.2641,0.4035783314750271,680.0,15.0,0.14419333822503175,0.22240000000000001,0.36659333822503176,-127.0,-1.0
88.300346288,1.0,0.0,695.0,0.9,680.0,15.0,0.14110270345000797,0.2641,0.405202703450008,700.0,-5.0,-0.04634811912496161,0.22240000000000001,0.1760518808750384,-127.0,-1.0
88.327521749,1.0,0.0,695.0,0.9,700.0,-5.0,-0.049549375799997505,0.2641,0.21455062420000248,700.0,-5.0,-0.047000191049964994,0.22240000000000001,0.175399808950035,-127.0,-1.0
88.353432544,1.0,0.0,695.0,0.9,700.0,-5.0,-0.050202308149996495,0.2641,0.2138976918500035,700.0,-5.0,-0.04765313799996875,0.22240000000000001,0.17474686200003126,-127.0,-1.0
88.377187921,1.0,0.0,695.0,0.9,700.0,-5.0,-0.050826015499992536,0.2641,0.21327398450000745,680.0,15.0,0.14421798405001934,0.22240000000000001,0.36661798405001933,-127.0,-1.0
88.402044049,1.0,0.0,695.0,0.9,700.0,-5.0,-0.051451975974989635,0.2641,0.21264802402501037,700.0,-5.0,-0.046407969149986454,0.22240000000000001,0.17599203085001355,-127.0,-1.0
88.42043655,1.0,0.0,695.0,0.9,700.0,-5.0,-0.05191711144999772,0.2641,0.21218288855000228,680.0,15.0,0.1449874591000116,0.22240000000000001,0.3673874591000116,-127.0,-1.0
88.45250472,1.0,0.0,695.0,0.9,700.0,-5.0,-0.0525,0.2641,0.2116,700.0,-5.0,-0.04581075972497956,0.22240000000000001,0.17658924027502046,-127.0,-1.0
88.482977765,1.0,0.0,695.0,0.9,680.0,15.0,0.13974988772500863,0.2641,0.4038498877250086,700.0,-5.0,-0.04656072959998483,0.22240000000000001,0.17583927040001518,-127.0,-1.0
88.511606018,1.0,0.0,695.0,0.9,680.0,15.0,0.14152753787500386,0.2641,0.40562753787500383,700.0,-5.0,-0.047153286949985614,0.22240000000000001,0.1752467130500144,-127.0,-1.0
88.536280437,1.0,0.0,695.0,0.9,700.0,-5.0,-0.0492091173999961,0.2641,0.21489088260000389,680.0,15.0,0.1450566788750143,0.22240000000000001,0.3674566788750143,-127.0,-1.0
88.56386744,1.0,0.0,695.0,0.9,700.0,-5.0,-0.04989147164999622,0.2641,0.21420852835000379,700.0,-5.0,-0.04562566077498104,0.22240000000000001,0.17677433922501898,-127.0,-1.0
88.582665358,1.0,0.0,695.0,0.9,700.0,-5.0,-0.050348126899998534,0.2641,0.21375187310000146,700.0,-5.0,-0.046082323324985734,0.22240000000000001,0.17631767667501427,-127.0,-1.0
88.612352653,1.0,0.0,695.0,0.9,700.0,-5.0,-0.05109779052500244,0.2641,0.21300220947499757,680.0,15.0,0.1461665800249966,0.22240000000000001,0.36856658002499665,-127.0,-1.0
88.642284948,1.0,0.0,695.0,0.9,700.0,-5.0,-0.05184746142499762,0.2641,0.21225253857500237,700.0,-5.0,-0.04458312005000835,0.22240000000000001,0.17781687994999168,-127.0,-1.0
88.661418866,1.0,0.0,695.0,0.9,700.0,-5.0,-0.05235611355000401,0.2641,0.21174388644999598,700.0,-5.0,-0.04509177217500337,0.22240000000000001,0.17730822782499664,-127.0,-1.0
88.688053577,1.0,0.0,695.0,0.9,680.0,15.0,0.13952933664999134,0.2641,0.40362933664999134,700.0,-5.0,-0.04572026287500421,0.22240000000000001,0.1766797371249958,-127.0,-1.0
88.716423997,1.0,0.0,695.0,0.9,680.0,15.0,0.14176089317496687,0.2641,0.4058608931749669,700.0,-5.0,-0.046464115025007684,0.22240000000000001,0.17593588497499232,-127.0,-1.0
88.744718583,1.0,0.0,695.0,0.9,700.0,-5.0,-0.048903866250034296,0.2641,0.2151961337499657,680.0,15.0,0.14553016332499508,0.22240000000000001,0.36793016332499506,-127.0,-1.0
88.774645044,1.0,0.0,695.0,0.9,700.0,-5.0,-0.04970186632504237,0.2641,0.21439813367495764,680.0,15.0,0.1475,0.22240000000000001,0.3699,-127.0,-1.0
88.789863046,1.0,0.0,695.0,0.9,700.0,-5.0,-0.05008384762503738,0.2641,0.21401615237496263,720.0,-25.0,-0.23440987000001995,0.22240000000000001,-0.012009870000019934,-127.0,-1.0
88.812838215,1.0,0.0,695.0,0.9,700.0,-5.0,-0.05062216955003805,0.2641,0.21347783044996194,700.0,-5.0,-0.044948199225023015,0.22240000000000001,0.177451800774977,-127.0,-1.0
88.831038217,1.0,0.0,695.0,0.9,700.0,-5.0,-0.05110966855003426,0.2641,0.21299033144996574,700.0,-5.0,-0.0454356836500142,0.22240000000000001,0.17696431634998583,-127.0,-1.0
88.848421843,1.0,0.0,695.0,0.9,700.0,-5.0,-0.05153821445003587,0.2641,0.21256178554996413,680.0,15.0,0.14584999770000648,0.22240000000000001,0.3682499977000065,-127.0,-1.0
88.872591971,1.0,0.0,695.0,0.9,700.0,-5.0,-0.0521546593000403,0.2641,0.2119453406999597,680.0,15.0,0.1475,0.22240000000000001,0.3699,-127.0,-1.0
88.890718473,1.0,0.0,695.0,0.9,680.0,15.0,0.13928130329993563,0.2641,0.4033813032999356,680.0,15.0,0.1475,0.22240000000000001,0.3699,-127.0,-1.0
88.912720058,1.0,0.0,695.0,0.9,680.0,15.0,0.14097598162494476,0.2641,0.40507598162494474,680.0,15.0,0.1475,0.22240000000000001,0.3699,-127.0,-1.0
88.933104935,1.0,0.0,695.0,0.9,700.0,-5.0,-0.049490677800056344,0.2641,0.21460932219994366,700.0,-5.0,-0.04296665940000139,0.22240000000000001,0.17943334059999863,-127.0,-1.0
88.957682229,1.0,0.0,695.0,0.9,700.0,-5.0,-0.05009332680005173,0.2641,0.21400667319994826,680.0,15.0,0.1475,0.22240000000000001,0.3699,-127.0,-1.0
88.980305065,1.0,0.0,695.0,0.9,700.0,-5.0,-0.050659998750054454,0.2641,0.21344000124994555,700.0,-5.0,-0.04306666465000035,0.22240000000000001,0.17933333534999968,-127.0,-1.0
89.018424736,1.0,0.0,695.0,0.9,700.0,-5.0,-0.05145793320005169,0.2641,0.21264206679994832,700.0,-5.0,-0.04386459909999758,0.22240000000000001,0.17853540090000244,-127.0,-1.0
89.042819155,1.0,0.0,695.0,0.9,700.0,-5.0,-0.05221457495005325,0.2641,0.21188542504994676,700.0,-5.0,-0.04462124084999914,0.22240000000000001,0.17777875915000088,-127.0,-1.0
89.060558031,1.0,0.0,695.0,0.9,700.0,-5.0,-0.0525,0.2641,0.2116,700.0,-5.0,-0.045060541925004145,0.22240000000000001,0.17733945807499588,-127.0,-1.0
89.085566701,1.0,0.0,695.0,0.9,700.0,-5.0,-0.0525,0.2641,0.2116,680.0,15.0,0.14693900824997624,0.22240000000000001,0.36933900824997623,-127.0,-1.0
89.104053411,1.0,0.0,695.0,0.9,680.0,15.0,0.13871681890000218,0.2641,0.4028168189000022,680.0,15.0,0.1475,0.22240000000000001,0.3699,-127.0,-1.0
89.119675954,1.0,0.0,695.0,0.9,680.0,15.0,0.14011178777501526,0.2641,0.40421178777501526,680.0,15.0,0.1475,0.22240000000000001,0.3699,-127.0,-1.0
89.138453456,1.0,0.0,695.0,0.9,680.0,15.0,0.14138959412499616,0.2641,0.4054895941249962,700.0,-5.0,-0.04292595002499865,0.22240000000000001,0.17947404997500135,-127.0,-1.0
89.158900166,1.0,0.0,695.0,0.9,700.0,-5.0,-0.049107340300010946,0.2641,0.21499265969998904,700.0,-5.0,-0.04342289174999678,0.22240000000000001,0.17897710825000324,-127.0,-1.0
89.180265627,0.0,0.0,695.0,0.9,720.0,-25.0,-0.24184856979998584,0.2641,0.02225143020001416,680.0,15.0,0.1475,0.22240000000000001,0.3699,-127.0,-1.0
89.196132295,0.0,0.0,695.0,0.9,720.0,-25.0,-0.2425,0.2641,0.021600000000000008,680.0,15.0,0.1475,0.22240000000000001,0.3699,-127.0,-1.0
89.223028923,1.0,0.0,695.0,0.9,700.0,-5.0,-0.0525,0.2641,0.2116,700.0,-5.0,-0.04311550422500431,0.22240000000000001,0.1792844957749957,-127.0,-1.0
89.251571717,1.0,0.0,695.0,0.9,700.0,-5.0,-0.0525,0.2641,0.2116,700.0,-5.0,-0.04386930950000078,0.22240000000000001,0.17853069049999923,-127.0,-1.0
89.281197762,1.0,0.0,695.0,0.9,700.0,-5.0,-0.0525,0.2641,0.2116,700.0,-5.0,-0.044609683524997765,0.22240000000000001,0.17779031647500226,-127.0,-1.0
89.29995368,1.0,0.0,695.0,0.9,700.0,-5.0,-0.0525,0.2641,0.2116,700.0,-5.0,-0.04508092942500525,0.22240000000000001,0.17731907057499477,-127.0,-1.0
89.329677433,1.0,0.0,695.0,0.9,700.0,-5.0,-0.0525,0.2641,0.2116,680.0,15.0,0.1470518613999934,0.22240000000000001,0.3694518613999934,-127.0,-1.0
89.355348186,1.0,0.0,695.0,0.9,700.0,-5.0,-0.0525,0.2641,0.2116,700.0,-5.0,-0.04359342199999674,0.22240000000000001,0.17880657800000327,-127.0,-1.0
89.371225063,1.0,0.0,695.0,0.9,700.0,-5.0,-0.0525,0.2641,0.2116,700.0,-5.0,-0.04401548557499837,0.22240000000000001,0.17838451442500164,-127.0,-1.0
89.398642899,1.0,0.0,695.0,0.9,680.0,15.0,0.13948318772499987,0.2641,0.4035831877249999,700.0,-5.0,-0.0446765554500007,0.22240000000000001,0.1777234445499993,-127.0,-1.0
89.419759859,1.0,0.0,695.0,0.9,680.0,15.0,0.1410387628750186,0.2641,0.4051387628750186,700.0,-5.0,-0.04519507320000457,0.22240000000000001,0.17720492679999544,-127.0,-1.0
89.439564611,1.0,0.0,695.0,0.9,680.0,15.0,0.14252847235001126,0.2641,0.40662847235001126,700.0,-5.0,-0.04569164305000186,0.22240000000000001,0.17670835694999815,-127.0,-1.0
89.459122321,1.0,0.0,695.0,0.9,700.0,-5.0,-0.04794808187498575,0.2641,0.21615191812501425,700.0,-5.0,-0.04616821182500416,0.22240000000000001,0.17623178817499585,-127.0,-1.0
89.483394241,1.0,0.0,695.0,0.9,700.0,-5.0,-0.04855849652498364,0.2641,0.21554150347501635,700.0,-5.0,-0.04677861919999941,0.22240000000000001,0.17562138080000061,-127.0,-1.0
89.501471159,1.0,0.0,695.0,0.9,700.0,-5.0,-0.049016376774991384,0.2641,0.21508362322500862,700.0,-5.0,-0.04723649215000478,0.22240000000000001,0.17516350784999524,-127.0,-1.0
89.532027037,1.0,0.0,695.0,0.9,700.0,-5.0,-0.04964476537499195,0.2641,0.21445523462500804,700.0,-5.0,-0.04786485887499794,0.22240000000000001,0.17453514112500207,-127.0,-1.0
89.552861664,1.0,0.0,695.0,0.9,680.0,15.0,0.14235213797497862,0.2641,0.4064521379749786,700.0,-5.0,-0.0485304933249995,0.22240000000000001,0.1738695066750005,-127.0,-1.0
89.573034791,1.0,0.0,695.0,0.9,680.0,15.0,0.143713375599998,0.2641,0.407813375599998,680.0,15.0,0.14283083182501513,0.22240000000000001,0.36523083182501515,-127.0,-1.0
89.592183293,1.0,0.0,695.0,0.9,700.0,-5.0,-0.04679746402499859,0.2641,0.2173025359750014,720.0,-25.0,-0.23972336629996788,0.22240000000000001,-0.017323366299967863,-127.0,-1.0
89.612843795,1.0,0.0,695.0,0.9,700.0,-5.0,-0.047282702625002455,0.2641,0.21681729737499755,700.0,-5.0,-0.05020859759996938,0.22240000000000001,0.17219140240003064,-127.0,-1.0
89.632978131,1.0,0.0,695.0,0.9,700.0,-5.0,-0.04782103185000551,0.2641,0.21627896814999448,680.0,15.0,0.14140636817503263,0.22240000000000001,0.36380636817503265,-127.0,-1.0
89.650830174,1.0,0.0,695.0,0.9,700.0,-5.0,-0.04827387355000155,0.2641,0.21582612644999843,680.0,15.0,0.14276495897504218,0.22240000000000001,0.3651649589750422,-127.0,-1.0
89.670734676,1.0,0.0,695.0,0.9,700.0,-5.0,-0.04876840902500362,0.2641,0.21533159097499638,700.0,-5.0,-0.04772957647494877,0.22240000000000001,0.17467042352505124,-127.0,-1.0
89.691907928,1.0,0.0,695.0,0.9,700.0,-5.0,-0.049224050725003965,0.2641,0.21487594927499604,700.0,-5.0,-0.04818521819994885,0.22240000000000001,0.17421478180005118,-127.0,-1.0
89.727671515,1.0,0.0,710.0,1.0,700.0,10.0,0.09519807657498178,0.26980000000000004,0.36499807657498184,700.0,10.0,0.0962369236500649,0.2272,0.32343692365006493,-127.0,-1.0
89.762120852,1.0,0.0,710.0,1.0,700.0,10.0,0.09695937882497901,0.26980000000000004,0.36675937882497905,700.0,10.0,0.09799821135005686,0.2272,0.3251982113500569,-127.0,-1.0
89.798864147,1.0,0.0,710.0,1.0,700.0,10.0,0.09877497482498485,0.26980000000000004,0.3685749748249849,700.0,10.0,0.09981377820005263,0.2272,0.3270137782000526,-127.0,-1.0
89.833671067,1.0,0.0,710.0,1.0,700.0,10.0,0.1,0.26980000000000004,0.3698,700.0,10.0,0.1,0.2272,0.32720000000000005,-127.0,-1.0
89.86145232,1.0,0.0,710.0,1.0,700.0,10.0,0.1,0.26980000000000004,0.3698,700.0,10.0,0.1,0.2272,0.32720000000000005,-127.0,-1.0
89.882375031,1.0,0.0,710.0,1.0,700.0,10.0,0.1,0.26980000000000004,0.3698,700.0,10.0,0.1,0.2272,0.32720000000000005,-127.0,-1.0
89.911088742,1.0,0.0,710.0,1.0,720.0,-10.0,-0.09133307725000123,0.26980000000000004,0.1784669227499988,700.0,10.0,0.1,0.2272,0.32720000000000005,-127.0,-1.0
89.948536121,1.0,0.0,710.0,1.0,720.0,-10.0,-0.09311263784999482,0.26980000000000004,0.17668736215000522,720.0,-10.0,-0.09177960435000841,0.2272,0.1354203956499916,-127.0,-1.0
89.972880081,1.0,0.0,710.0,1.0,720.0,-10.0,-0.09434352959998706,0.26980000000000004,0.175456470400013,700.0,10.0,0.09945127284997853,0.2272,0.3266512728499785,-127.0,-1.0
90.003969418,1.0,0.0,710.0,1.0,700.0,10.0,0.09718856640001831,0.26980000000000004,0.36698856640001837,700.0,10.0,0.1,0.2272,0.32720000000000005,-127.0,-1.0
90.03937513,1.0,0.0,710.0,1.0,720.0,-10.0,-0.09431169419998696,0.26980000000000004,0.17548830580001307,720.0,-10.0,-0.09150026060000528,0.2272,0.13569973939999475,-127.0,-1.0
90.08906201,1.0,0.0,710.0,1.0,720.0,-10.0,-0.09699874654999349,0.26980000000000004,0.17280125345000655,700.0,10.0,0.1,0.2272,0.32720000000000005,-127.0,-1.0
90.125318805,1.0,0.0,710.0,1.0,700.0,10.0,0.09484903484999449,0.26980000000000004,0.36464903484999456,720.0,-10.0,-0.09184778140001072,0.2272,0.1353522185999893,-127.0,-1.0
90.155552975,1.0,0.0,710.0,1.0,720.0,-10.0,-0.09673325699999623,0.26980000000000004,0.1730667430000038,700.0,10.0,0.09973451044998001,0.2272,0.32693451044998,-127.0,-1.0
90.179569686,1.0,0.0,710.0,1.0,720.0,-10.0,-0.09789155295001364,0.26980000000000004,0.1719084470499864,720.0,-10.0,-0.09142378550003741,0.2272,0.1357762144999626,-127.0,-1.0
90.205451313,1.0,0.0,710.0,1.0,700.0,10.0,0.09343859299997348,0.26980000000000004,0.3632385929999735,720.0,-10.0,-0.09275390230003723,0.2272,0.1344460976999628,-127.0,-1.0
90.233051733,1.0,0.0,710.0,1.0,720.0,-10.0,-0.0979678821500238,0.26980000000000004,0.17183211784997623,720.0,-10.0,-0.09416040660002181,0.2272,0.1330395933999782,-127.0,-1.0
90.267855444,1.0,0.0,710.0,1.0,720.0,-10.0,-0.09967806980004298,0.26980000000000004,0.17012193019995706,700.0,10.0,0.09754979564997938,0.2272,0.3247497956499794,-127.0,-1.0
90.293264864,1.0,0.0,710.0,1.0,720.0,-10.0,-0.1,0.26980000000000004,0.16980000000000003,720.0,-10.0,-0.09373839405003764,0.2272,0.13346160594996237,-127.0,-1.0
90.32524845,1.0,0.0,710.0,1.0,720.0,-10.0,-0.1,0.26980000000000004,0.16980000000000003,720.0,-10.0,-0.09534560880003028,0.2272,0.13185439119996972,-127.0,-1.0
90.350657578,1.0,0.0,710.0,1.0,700.0,10.0,0.09124460014999386,0.26980000000000004,0.3610446001499939,700.0,10.0,0.0958989038499567,0.2272,0.3230989038499567,-127.0,-1.0
90.373686413,1.0,0.0,710.0,1.0,700.0,10.0,0.09223491065000872,0.26980000000000004,0.36203491065000876,720.0,-10.0,-0.09509149415004231,0.2272,0.1321085058499577,-127.0,-1.0
90.398247083,1.0,0.0,710.0,1.0,720.0,-10.0,-0.09913310824997552,0.26980000000000004,0.17066689175002453,720.0,-10.0,-0.09645951305004928,0.2272,0.13074048694995072,-127.0,-1.0
90.419525043,1.0,0.0,710.0,1.0,720.0,-10.0,-0.1,0.26980000000000004,0.16980000000000003,700.0,10.0,0.09462663914996483,0.2272,0.32182663914996484,-127.0,-1.0
90.435515086,1.0,0.0,710.0,1.0,720.0,-10.0,-0.1,0.26980000000000004,0.16980000000000003,720.0,-10.0,-0.09624280465001447,0.2272,0.13095719534998554,-127.0,-1.0
90.45634038,1.0,0.0,710.0,1.0,700.0,10.0,0.09097998549999829,0.26980000000000004,0.36077998549999835,720.0,-10.0,-0.09722279020003498,0.2272,0.12997720979996502,-127.0,-1.0
90.475964007,1.0,0.0,710.0,1.0,700.0,10.0,0.09195613560001675,0.26980000000000004,0.3617561356000168,720.0,-10.0,-0.09819894030003071,0.2272,0.1290010596999693,-127.0,-1.0
90.496236884,1.0,0.0,710.0,1.0,720.0,-10.0,-0.09906411449996995,0.26980000000000004,0.1707358855000301,700.0,10.0,0.092821309799956,0.2272,0.320021309799956,-127.0,-1.0
90.512945011,1.0,0.0,710.0,1.0,720.0,-10.0,-0.09987071874998037,0.26980000000000004,0.16992928125001966,720.0,-10.0,-0.09798530900005972,0.2272,0.1292146909999403,-127.0,-1.0
90.531559471,1.0,0.0,710.0,1.0,720.0,-10.0,-0.1,0.26980000000000004,0.16980000000000003,720.0,-10.0,-0.09893729455005996,0.2272,0.12826270544994006,-127.0,-1.0
90.55561789,1.0,0.0,710.0,1.0,700.0,10.0,0.09095770220000304,0.26980000000000004,0.3607577022000031,720.0,-10.0,-0.09989501130004555,0.2272,0.12730498869995446,-127.0,-1.0
90.577941184,1.0,0.0,710.0,1.0,720.0,-10.0,-0.1,0.26980000000000004,0.16980000000000003,700.0,10.0,0.09146734924995599,0.2272,0.318667349249956,-127.0,-1.0
90.596371311,1.0,0.0,710.0,1.0,720.0,-10.0,-0.1,0.26980000000000004,0.16980000000000003,700.0,10.0,0.09243365559996164,0.2272,0.31963365559996165,-127.0,-1.0
90.621925397,1.0,0.0,710.0,1.0,700.0,10.0,0.09120637719999194,0.26980000000000004,0.36100637719999196,700.0,10.0,0.09364006194996363,0.2272,0.3208400619499636,-127.0,-1.0
90.640633482,1.0,0.0,710.0,1.0,700.0,10.0,0.0921180106499969,0.26980000000000004,0.36191801064999696,720.0,-10.0,-0.09727157150004132,0.2272,0.1299284284999587,-127.0,-1.0
90.662179192,1.0,0.0,710.0,1.0,720.0,-10.0,-0.09900913530000252,0.26980000000000004,0.17079086469999752,720.0,-10.0,-0.09839871745004075,0.2272,0.12880128254995926,-127.0,-1.0
90.680490319,1.0,0.0,710.0,1.0,720.0,-10.0,-0.09992474994999156,0.26980000000000004,0.16987525005000848,700.0,10.0,0.0925168971999483,0.2272,0.31971689719994834,-127.0,-1.0
90.705700238,1.0,0.0,710.0,1.0,720.0,-10.0,-0.1,0.26980000000000004,0.16980000000000003,700.0,10.0,0.0937832118999495,0.2272,0.3209832118999495,-127.0,-1.0
90.721511782,1.0,0.0,710.0,1.0,720.0,-10.0,-0.1,0.26980000000000004,0.16980000000000003,720.0,-10.0,-0.09706254860006083,0.2272,0.13013745139993918,-127.0,-1.0
90.738109658,1.0,0.0,710.0,1.0,720.0,-10.0,-0.1,0.26980000000000004,0.16980000000000003,700.0,10.0,0.0937730035999266,0.2272,0.32097300359992664,-127.0,-1.0
90.762573494,1.0,0.0,710.0,1.0,700.0,10.0,0.09116030844999387,0.26980000000000004,0.36096030844999394,720.0,-10.0,-0.09738730485006727,0.2272,0.12981269514993274,-127.0,-1.0
90.781899329,1.0,0.0,710.0,1.0,720.0,-10.0,-0.09983660830000644,0.26980000000000004,0.16996339169999358,700.0,10.0,0.09360964109994256,0.2272,0.3208096410999426,-127.0,-1.0
90.804455082,1.0,0.0,710.0,1.0,720.0,-10.0,-0.1,0.26980000000000004,0.16980000000000003,720.0,-10.0,-0.0974960090000559,0.2272,0.12970399099994412,-127.0,-1.0
90.833363335,1.0,0.0,710.0,1.0,700.0,10.0,0.0914002626500087,0.26980000000000004,0.3612002626500087,720.0,-10.0,-0.09889628620004715,0.2272,0.12830371379995287,-127.0,-1.0
90.860825796,1.0,0.0,710.0,1.0,720.0,-10.0,-0.1,0.26980000000000004,0.16980000000000003,700.0,10.0,0.09252275979995375,0.2272,0.3197227597999538,-127.0,-1.0
90.876578714,1.0,0.0,710.0,1.0,720.0,-10.0,-0.1,0.26980000000000004,0.16980000000000003,700.0,10.0,0.09335892444996716,0.2272,0.32055892444996714,-127.0,-1.0
90.89183959,1.0,0.0,710.0,1.0,720.0,-10.0,-0.1,0.26980000000000004,0.16980000000000003,720.0,-10.0,-0.09741177565003,0.2272,0.12978822434997,-127.0,-1.0
90.908192759,1.0,0.0,710.0,1.0,720.0,-10.0,-0.1,0.26980000000000004,0.16980000000000003,720.0,-10.0,-0.09821330490002765,0.2272,0.12898669509997235,-127.0,-1.0
90.927224011,1.0,0.0,710.0,1.0,700.0,10.0,0.09090021465000518,0.26980000000000004,0.36070021465000524,720.0,-10.0,-0.09911351955003284,0.2272,0.12808648044996718,-127.0,-1.0
90.944791387,1.0,0.0,710.0,1.0,700.0,10.0,0.09176082100001623,0.26980000000000004,0.3615608210000163,700.0,10.0,0.09174707219997344,0.2272,0.3189470721999734,-127.0,-1.0
90.963132556,1.0,0.0,710.0,1.0,720.0,-10.0,-0.09915486659997441,0.26980000000000004,0.17064513340002563,720.0,-10.0,-0.09916860080001243,0.2272,0.12803139919998757,-127.0,-1.0
90.983157225,1.0,0.0,710.0,1.0,720.0,-10.0,-0.1,0.26980000000000004,0.16980000000000003,700.0,10.0,0.09187136599998666,0.2272,0.31907136599998664,-127.0,-1.0
91.001648893,1.0,0.0,710.0,1.0,700.0,10.0,0.09084535215000869,0.26980000000000004,0.3606453521500087,720.0,-10.0,-0.0989740007500268,0.2272,0.12822599924997322,-127.0,-1.0
91.024339395,1.0,0.0,710.0,1.0,700.0,10.0,0.09190665435000028,0.26980000000000004,0.3617066543500003,700.0,10.0,0.0920873014499648,0.2272,0.3192873014499648,-127.0,-1.0
91.043945522,1.0,0.0,710.0,1.0,720.0,-10.0,-0.09917707700001302,0.26980000000000004,0.17062292299998702,700.0,10.0,0.09317101819997334,0.2272,0.3203710181999734,-127.0,-1.0
91.080108109,1.0,0.0,710.0,1.0,720.0,-10.0,-0.1,0.26980000000000004,0.16980000000000003,720.0,-10.0,-0.0984319528000151,0.2272,0.12876804719998491,-127.0,-1.0
91.10403557,1.0,0.0,710.0,1.0,720.0,-10.0,-0.1,0.26980000000000004,0.16980000000000003,700.0,10.0,0.09307635774998743,0.2272,0.3202763577499874,-127.0,-1.0
91.12035578,1.0,0.0,710.0,1.0,720.0,-10.0,-0.1,0.26980000000000004,0.16980000000000003,720.0,-10.0,-0.09771548820000589,0.2272,0.12948451179999412,-127.0,-1.0
91.135451573,1.0,0.0,710.0,1.0,720.0,-10.0,-0.1,0.26980000000000004,0.16980000000000003,700.0,10.0,0.09306542019999142,0.2272,0.32026542019999144,-127.0,-1.0
91.153163908,1.0,0.0,710.0,1.0,700.0,10.0,0.09078400009999768,0.26980000000000004,0.3605840000999977,720.0,-10.0,-0.09771859445001155,0.2272,0.12948140554998847,-127.0,-1.0
91.178967369,1.0,0.0,710.0,1.0,720.0,-10.0,-0.1,0.26980000000000004,0.16980000000000003,700.0,10.0,0.09361120149999351,0.2272,0.32081120149999354,-127.0,-1.0
91.193690121,1.0,0.0,710.0,1.0,720.0,-10.0,-0.1,0.26980000000000004,0.16980000000000003,720.0,-10.0,-0.09718404235001345,0.2272,0.13001595764998658,-127.0,-1.0
91.210827581,1.0,0.0,710.0,1.0,720.0,-10.0,-0.1,0.26980000000000004,0.16980000000000003,700.0,10.0,0.0936760827499711,0.2272,0.32087608274997115,-127.0,-1.0
91.226467916,1.0,0.0,710.0,1.0,700.0,10.0,0.09073281259999476,0.26980000000000004,0.3605328125999948,720.0,-10.0,-0.09705672980004693,0.2272,0.1301432701999531,-127.0,-1.0
91.245290626,1.0,0.0,710.0,1.0,700.0,10.0,0.0916026355999884,0.26980000000000004,0.3614026355999884,700.0,10.0,0.09381309319994671,0.2272,0.32101309319994675,-127.0,-1.0
91.269604837,1.0,0.0,710.0,1.0,720.0,-10.0,-0.09967400410000664,0.26980000000000004,0.1701259958999934,720.0,-10.0,-0.09746354650004832,0.2272,0.1297364534999517,-127.0,-1.0
91.295479756,1.0,0.0,710.0,1.0,720.0,-10.0,-0.1,0.26980000000000004,0.16980000000000003,700.0,10.0,0.09383972239995728,0.2272,0.32103972239995726,-127.0,-1.0
91.312141508,1.0,0.0,710.0,1.0,700.0,10.0,0.09080969595001079,0.26980000000000004,0.3606096959500108,720.0,-10.0,-0.09696997350003131,0.2272,0.1302300264999687,-127.0,-1.0
91.339503052,1.0,0.0,710.0,1.0,720.0,-10.0,-0.1,0.26980000000000004,0.16980000000000003,700.0,10.0,0.09441418914998394,0.2272,0.32161418914998396,-127.0,-1.0
91.359224679,1.0,0.0,710.0,1.0,720.0,-10.0,-0.1,0.26980000000000004,0.16980000000000003,720.0,-10.0,-0.09663387140000396,0.2272,0.13056612859999606,-127.0,-1.0
91.376234681,1.0,0.0,710.0,1.0,720.0,-10.0,-0.1,0.26980000000000004,0.16980000000000003,700.0,10.0,0.09420923489999496,0.2272,0.32140923489999496,-127.0,-1.0
91.392315432,1.0,0.0,710.0,1.0,720.0,-10.0,-0.1,0.26980000000000004,0.16980000000000003,700.0,10.0,0.09502259124999454,0.2272,0.3222225912499945,-127.0,-1.0
91.411699018,1.0,0.0,710.0,1.0,720.0,-10.0,-0.1,0.26980000000000004,0.16980000000000003,720.0,-10.0,-0.09594871720002175,0.2272,0.13125128279997827,-127.0,-1.0
91.431250895,1.0,0.0,710.0,1.0,720.0,-10.0,-0.1,0.26980000000000004,0.16980000000000003,720.0,-10.0,-0.09692499855001643,0.2272,0.13027500144998358,-127.0,-1.0
91.448887688,1.0,0.0,710.0,1.0,700.0,10.0,0.09080835425001169,0.26980000000000004,0.3606083542500117,700.0,10.0,0.09388335564997305,0.2272,0.32108335564997303,-127.0,-1.0
91.466791065,1.0,0.0,710.0,1.0,700.0,10.0,0.09170015435001005,0.26980000000000004,0.3615001543500101,700.0,10.0,0.09477515574997142,0.2272,0.32197515574997143,-127.0,-1.0
91.486022692,1.0,0.0,710.0,1.0,720.0,-10.0,-0.09912362904997281,0.26980000000000004,0.17067637095002725,700.0,10.0,0.09559893919997649,0.2272,0.3227989391999765,-127.0,-1.0
91.508908027,1.0,0.0,710.0,1.0,720.0,-10.0,-0.1,0.26980000000000004,0.16980000000000003,720.0,-10.0,-0.09568353385003775,0.2272,0.13151646614996226,-127.0,-1.0
91.523447904,1.0,0.0,710.0,1.0,720.0,-10.0,-0.1,0.26980000000000004,0.16980000000000003,720.0,-10.0,-0.09649080890002551,0.2272,0.1307091910999745,-127.0,-1.0
91.542265947,1.0,0.0,710.0,1.0,700.0,10.0,0.09084347095000794,0.26980000000000004,0.360643470950008,720.0,-10.0,-0.09733429440003874,0.2272,0.12986570559996127,-127.0,-1.0
91.559026282,1.0,0.0,710.0,1.0,700.0,10.0,0.09169004809999934,0.26980000000000004,0.3614900480999994,700.0,10.0,0.09351226819994736,0.2272,0.32071226819994736,-127.0,-1.0
91.582350285,1.0,0.0,710.0,1.0,720.0,-10.0,-0.09921168325001872,0.26980000000000004,0.17058831674998132,700.0,10.0,0.09441375159995005,0.2272,0.3216137515999501,-127.0,-1.0
91.600584703,1.0,0.0,710.0,1.0,720.0,-10.0,-0.1,0.26980000000000004,0.16980000000000003,720.0,-10.0,-0.09678489645003993,0.2272,0.13041510354996008,-127.0,-1.0
91.621804039,1.0,0.0,710.0,1.0,700.0,10.0,0.09106927929998619,0.26980000000000004,0.36086927929998625,720.0,-10.0,-0.09785417575004886,0.2272,0.12934582424995117,-127.0,-1.0
91.638760665,1.0,0.0,710.0,1.0,700.0,10.0,0.09190682939999079,0.26980000000000004,0.3617068293999908,720.0,-10.0,-0.09869171125004869,0.2272,0.12850828874995132,-127.0,-1.0
91.658706584,1.0,0.0,710.0,1.0,720.0,-10.0,-0.09900658315000328,0.26980000000000004,0.17079341684999677,700.0,10.0,0.09222171589995014,0.2272,0.31942171589995016,-127.0,-1.0
91.68514967,1.0,0.0,710.0,1.0,720.0,-10.0,-0.1,0.26980000000000004,0.16980000000000003,720.0,-10.0,-0.09911806965004871,0.2272,0.1280819303499513,-127.0,-1.0
91.702491297,1.0,0.0,710.0,1.0,700.0,10.0,0.09093765009999061,0.26980000000000004,0.36073765009999065,700.0,10.0,0.09181956584995987,0.2272,0.3190195658499599,-127.0,-1.0
91.7326648,1.0,0.0,710.0,1.0,720.0,-10.0,-0.1,0.26980000000000004,0.16980000000000003,700.0,10.0,0.09333038474994737,0.2272,0.3205303847499474,-127.0,-1.0
91.754904094,1.0,0.0,710.0,1.0,720.0,-10.0,-0.1,0.26980000000000004,0.16980000000000003,720.0,-10.0,-0.09783320495006592,0.2272,0.1293667950499341,-127.0,-1.0
91.778942388,1.0,0.0,710.0,1.0,720.0,-10.0,-0.1,0.26980000000000004,0.16980000000000003,700.0,10.0,0.09336450974992658,0.2272,0.32056450974992656,-127.0,-1.0
91.811596225,1.0,0.0,710.0,1.0,720.0,-10.0,-0.1,0.26980000000000004,0.16980000000000003,720.0,-10.0,-0.09826584875007939,0.2272,0.12893415124992064,-127.0,-1.0
91.840122686,1.0,0.0,710.0,1.0,700.0,10.0,0.09138537304999318,0.26980000000000004,0.3611853730499932,720.0,-10.0,-0.09965122185007204,0.2272,0.127548778149928,-127.0,-1.0
91.858159938,1.0,0.0,710.0,1.0,700.0,10.0,0.09225004814999466,0.26980000000000004,0.3620500481499947,700.0,10.0,0.09121343864992468,0.2272,0.31841343864992466,-127.0,-1.0
91.887380857,1.0,0.0,710.0,1.0,700.0,10.0,0.09374562745000731,0.26980000000000004,0.36354562745000735,720.0,-10.0,-0.1,0.2272,0.1272,-127.0,-1.0
91.901892734,1.0,0.0,710.0,1.0,720.0,-10.0,-0.0970546476499976,0.26980000000000004,0.17274535235000243,720.0,-10.0,-0.1,0.2272,0.1272,-127.0,-1.0
91.922227152,1.0,0.0,710.0,1.0,720.0,-10.0,-0.09800333729999693,0.26980000000000004,0.1717966627000031,700.0,10.0,0.0909486896999988,0.2272,0.3181486896999988,-127.0,-1.0
91.941933321,1.0,0.0,710.0,1.0,700.0,10.0,0.09294533779999711,0.26980000000000004,0.3627453377999972,720.0,-10.0,-0.09999999995000053,0.2272,0.12720000004999948,-127.0,-1.0
91.966949865,1.0,0.0,710.0,1.0,700.0,10.0,0.09419682125000237,0.26980000000000004,0.36399682125000243,720.0,-10.0,-0.1,0.2272,0.1272,-127.0,-1.0
92.002021619,1.0,0.0,695.0,0.9,700.0,-5.0,-0.04919514654999602,0.2641,0.21490485345000399,720.0,-25.0,-0.2425,0.22240000000000001,-0.02009999999999998,-127.0,-1.0
92.016674662,1.0,0.0,695.0,0.9,700.0,-5.0,-0.04960872992499162,0.2641,0.21449127007500837,720.0,-25.0,-0.2425,0.22240000000000001,-0.02009999999999998,-127.0,-1.0
92.039331331,1.0,0.0,695.0,0.9,700.0,-5.0,-0.05017781539999305,0.2641,0.21392218460000695,720.0,-25.0,-0.2425,0.22240000000000001,-0.02009999999999998,-127.0,-1.0
92.055982291,1.0,0.0,695.0,0.9,700.0,-5.0,-0.05054154564999408,0.2641,0.21355845435000592,680.0,15.0,0.1385912126500102,0.22240000000000001,0.3609912126500102,-127.0,-1.0
92.079765668,1.0,0.0,695.0,0.9,700.0,-5.0,-0.051102566524994016,0.2641,0.212997433475006,680.0,15.0,0.14027427527501002,0.22240000000000001,0.36267427527501006,-127.0,-1.0
92.107271879,0.0,0.0,695.0,0.9,720.0,-25.0,-0.2425,0.2641,0.021600000000000008,680.0,15.0,0.1421259942250117,0.22240000000000001,0.36452599422501175,-127.0,-1.0
92.123664423,0.0,0.0,695.0,0.9,720.0,-25.0,-0.2425,0.2641,0.021600000000000008,680.0,15.0,0.14372396312498947,0.22240000000000001,0.3661239631249895,-127.0,-1.0
92.141519966,1.0,0.0,695.0,0.9,700.0,-5.0,-0.0525,0.2641,0.2116,680.0,15.0,0.1450194007750042,0.22240000000000001,0.36741940077500423,-127.0,-1.0
92.157267634,1.0,0.0,695.0,0.9,700.0,-5.0,-0.0525,0.2641,0.2116,680.0,15.0,0.1462262665000139,0.22240000000000001,0.36862626650001395,-127.0,-1.0
92.173194969,1.0,0.0,695.0,0.9,700.0,-5.0,-0.0525,0.2641,0.2116,700.0,-5.0,-0.04417863249998618,0.22240000000000001,0.17822136750001383,-127.0,-1.0
92.189263762,1.0,0.0,695.0,0.9,700.0,-5.0,-0.0525,0.2641,0.2116,700.0,-5.0,-0.04457913462497572,0.22240000000000001,0.17782086537502428,-127.0,-1.0
92.213686182,1.0,0.0,695.0,0.9,700.0,-5.0,-0.0525,0.2641,0.2116,680.0,15.0,0.1472119468250298,0.22240000000000001,0.36961194682502985,-127.0,-1.0
92.233752267,0.0,0.0,695.0,0.9,720.0,-25.0,-0.2425,0.2641,0.021600000000000008,680.0,15.0,0.1475,0.22240000000000001,0.3699,-127.0,-1.0
92.254378352,1.0,0.0,695.0,0.9,720.0,-25.0,-0.2425,0.2641,0.021600000000000008,700.0,-5.0,-0.04306829797499631,0.22240000000000001,0.1793317020250037,-127.0,-1.0
92.279615397,1.0,0.0,695.0,0.9,720.0,-25.0,-0.2425,0.2641,0.021600000000000008,700.0,-5.0,-0.0436922459500056,0.22240000000000001,0.17870775404999442,-127.0,-1.0
92.314560275,1.0,0.0,695.0,0.9,720.0,-25.0,-0.2425,0.2641,0.021600000000000008,700.0,-5.0,-0.04457493144999944,0.22240000000000001,0.17782506855000058,-127.0,-1.0
92.332551444,1.0,0.0,695.0,0.9,680.0,15.0,0.13876190320002024,0.2641,0.40286190320002024,680.0,15.0,0.1466870374500081,0.22240000000000001,0.36908703745000815,-127.0,-1.0
92.366510489,1.0,0.0,695.0,0.9,680.0,15.0,0.14127520975001742,0.2641,0.4053752097500174,700.0,-5.0,-0.04415074597499597,0.22240000000000001,0.17824925402500405,-127.0,-1.0
92.386903824,1.0,0.0,695.0,0.9,700.0,-5.0,-0.049251591324982656,0.2641,0.21484840867501734,700.0,-5.0,-0.04467753977499342,0.22240000000000001,0.1777224602250066,-127.0,-1.0
92.417034744,0.0,0.0,695.0,0.9,720.0,-25.0,-0.2425,0.2641,0.021600000000000008,680.0,15.0,0.1475,0.22240000000000001,0.3699,-127.0,-1.0
92.450090789,1.0,0.0,695.0,0.9,700.0,-5.0,-0.0525,0.2641,0.2116,700.0,-5.0,-0.04334279279999464,0.22240000000000001,0.17905720720000537,-127.0,-1.0
92.473781124,1.0,0.0,695.0,0.9,700.0,-5.0,-0.0525,0.2641,0.2116,700.0,-5.0,-0.04397158244999446,0.22240000000000001,0.17842841755000555,-127.0,-1.0
92.503569627,1.0,0.0,695.0,0.9,700.0,-5.0,-0.0525,0.2641,0.2116,700.0,-5.0,-0.044713298150002176,0.22240000000000001,0.17768670184999785,-127.0,-1.0
92.528143422,1.0,0.0,695.0,0.9,700.0,-5.0,-0.0525,0.2641,0.2116,680.0,15.0,0.14710381452498267,0.22240000000000001,0.3695038145249827,-127.0,-1.0
92.54291284,1.0,0.0,695.0,0.9,700.0,-5.0,-0.0525,0.2641,0.2116,700.0,-5.0,-0.04327301885002043,0.22240000000000001,0.17912698114997957,-127.0,-1.0
92.559798008,1.0,0.0,695.0,0.9,700.0,-5.0,-0.0525,0.2641,0.2116,700.0,-5.0,-0.04368605535001279,0.22240000000000001,0.17871394464998722,-127.0,-1.0
92.577183676,1.0,0.0,695.0,0.9,700.0,-5.0,-0.0525,0.2641,0.2116,700.0,-5.0,-0.044109715800020696,0.22240000000000001,0.17829028419997933,-127.0,-1.0
92.600897054,1.0,0.0,695.0,0.9,680.0,15.0,0.13886567822502227,0.2641,0.4029656782250223,680.0,15.0,0.1472559843249746,0.22240000000000001,0.3696559843249746,-127.0,-1.0
92.632460057,0.0,0.0,695.0,0.9,680.0,15.0,0.1412745534999999,0.2641,0.4053745534999999,720.0,-25.0,-0.2367587348000211,0.22240000000000001,-0.014358734800021089,-127.0,-1.0
92.658493935,1.0,0.0,695.0,0.9,700.0,-5.0,-0.04948266427500357,0.2641,0.21461733572499642,700.0,-5.0,-0.04751596717501798,0.22240000000000001,0.17488403282498205,-127.0,-1.0
92.682384937,1.0,0.0,695.0,0.9,700.0,-5.0,-0.05009005287500031,0.2641,0.21400994712499968,680.0,15.0,0.14430615489999127,0.22240000000000001,0.36670615489999125,-127.0,-1.0
92.699527939,1.0,0.0,695.0,0.9,700.0,-5.0,-0.05050617375000229,0.2641,0.2135938262499977,700.0,-5.0,-0.04610998055000436,0.22240000000000001,0.17629001944999564,-127.0,-1.0
92.717807566,1.0,0.0,695.0,0.9,700.0,-5.0,-0.05096743735000701,0.2641,0.213132562649993,700.0,-5.0,-0.0465712368500067,0.22240000000000001,0.17582876314999332,-127.0,-1.0
92.742817693,1.0,0.0,695.0,0.9,700.0,-5.0,-0.05156708947501102,0.2641,0.212532910524989,680.0,15.0,0.14522774142497835,0.22240000000000001,0.36762774142497834,-127.0,-1.0
92.768529279,1.0,0.0,695.0,0.9,700.0,-5.0,-0.0522268833000021,0.2641,0.2118731166999979,680.0,15.0,0.14720696975000236,0.22240000000000001,0.3696069697500024,-127.0,-1.0
92.785559989,1.0,0.0,695.0,0.9,700.0,-5.0,-0.0525,0.2641,0.2116,700.0,-5.0,-0.043219454249997395,0.22240000000000001,0.1791805457500026,-127.0,-1.0
92.811959908,1.0,0.0,695.0,0.9,700.0,-5.0,-0.0525,0.2641,0.2116,700.0,-5.0,-0.043914138699999515,0.22240000000000001,0.1784858613000005,-127.0,-1.0
92.828394743,1.0,0.0,695.0,0.9,700.0,-5.0,-0.0525,0.2641,0.2116,700.0,-5.0,-0.044321764799990435,0.22240000000000001,0.1780782352000096,-127.0,-1.0
92.851885871,1.0,0.0,695.0,0.9,680.0,15.0,0.1389612719499837,0.2641,0.4030612719499837,700.0,-5.0,-0.044808862749998755,0.22240000000000001,0.17759113725000125,-127.0,-1.0
92.884045332,1.0,0.0,695.0,0.9,700.0,-5.0,-0.05192423545002157,0.2641,0.21217576454997844,680.0,15.0,0.1475,0.22240000000000001,0.3699,-127.0,-1.0
92.911023043,1.0,0.0,695.0,0.9,700.0,-5.0,-0.0525,0.2641,0.2116,700.0,-5.0,-0.043148331299998975,0.22240000000000001,0.17925166870000103,-127.0,-1.0
92.932828921,1.0,0.0,695.0,0.9,700.0,-5.0,-0.0525,0.2641,0.2116,700.0,-5.0,-0.04375200845000109,0.22240000000000001,0.17864799154999894,-127.0,-1.0
92.949026922,1.0,0.0,695.0,0.9,700.0,-5.0,-0.0525,0.2641,0.2116,700.0,-5.0,-0.044149222025002925,0.22240000000000001,0.17825077797499708,-127.0,-1.0
92.966995924,1.0,0.0,695.0,0.9,700.0,-5.0,-0.0525,0.2641,0.2116,700.0,-5.0,-0.044599890825002146,0.22240000000000001,0.17780010917499786,-127.0,-1.0
92.997793594,1.0,0.0,710.0,1.0,700.0,10.0,0.09149078140000257,0.26980000000000004,0.3612907814000026,680.0,30.0,0.29,0.2272,0.5172,-127.0,-1.0
93.016760387,1.0,0.0,710.0,1.0,700.0,10.0,0.09243958774999556,0.26980000000000004,0.3622395877499956,700.0,10.0,0.1,0.2272,0.32720000000000005,-127.0,-1.0
93.032742556,1.0,0.0,710.0,1.0,700.0,10.0,0.09324267744999816,0.26980000000000004,0.3630426774499982,720.0,-10.0,-0.09080308965000314,0.2272,0.13639691034999687,-127.0,-1.0
93.054829308,0.0,0.0,710.0,1.0,680.0,30.0,0.28650922774998433,0.26980000000000004,0.5563092277499844,720.0,-10.0,-0.091891939799998,0.2272,0.13530806020000202,-127.0,-1.0
93.071158851,0.0,0.0,710.0,1.0,720.0,-10.0,-0.09430131400001755,0.26980000000000004,0.17549868599998247,680.0,30.0,0.29,0.2272,0.5172,-127.0,-1.0
93.091720478,1.0,0.0,710.0,1.0,680.0,30.0,0.2886728987499782,0.26980000000000004,0.5584728987499783,700.0,10.0,0.1,0.2272,0.32720000000000005,-127.0,-1.0
93.108956522,1.0,0.0,710.0,1.0,720.0,-10.0,-0.0922054847000254,0.26980000000000004,0.17759451529997464,700.0,10.0,0.1,0.2272,0.32720000000000005,-127.0,-1.0
93.12866444,1.0,0.0,710.0,1.0,700.0,10.0,0.0987050549499736,0.26980000000000004,0.36850505494997365,720.0,-10.0,-0.09091052510001646,0.2272,0.13628947489998355,-127.0,-1.0
93.148909609,1.0,0.0,710.0,1.0,700.0,10.0,0.09963297794996834,0.26980000000000004,0.3694329779499684,700.0,10.0,0.1,0.2272,0.32720000000000005,-127.0,-1.0
93.172886945,1.0,0.0,710.0,1.0,720.0,-10.0,-0.09177534930004186,0.26980000000000004,0.17802465069995818,720.0,-10.0,-0.09140832725001019,0.2272,0.13579167274998982,-127.0,-1.0
93.198018989,1.0,0.0,710.0,1.0,720.0,-10.0,-0.09300033485003496,0.26980000000000004,0.1767996651499651,720.0,-10.0,-0.09263332735000859,0.2272,0.13456667264999142,-127.0,-1.0
93.222889116,1.0,0.0,710.0,1.0,720.0,-10.0,-0.09418724330002988,0.26980000000000004,0.17561275669997017,700.0,10.0,0.09855356654998104,0.2272,0.32575356654998106,-127.0,-1.0
93.250289744,1.0,0.0,710.0,1.0,720.0,-10.0,-0.09557379760003641,0.26980000000000004,0.17422620239996361,720.0,-10.0,-0.09283300230003079,0.2272,0.13436699769996924,-127.0,-1.0
93.268746704,1.0,0.0,710.0,1.0,720.0,-10.0,-0.09655814350003311,0.26980000000000004,0.17324185649996693,720.0,-10.0,-0.09381736285003171,0.2272,0.1333826371499683,-127.0,-1.0
93.284713998,1.0,0.0,710.0,1.0,720.0,-10.0,-0.09733781235004244,0.26980000000000004,0.1724621876499576,720.0,-10.0,-0.09459700250003153,0.2272,0.13260299749996848,-127.0,-1.0
93.302016541,1.0,0.0,710.0,1.0,700.0,10.0,0.09355880024994803,0.26980000000000004,0.36335880024994804,700.0,10.0,0.09629962464996425,0.2272,0.3234996246499643,-127.0,-1.0
93.330922461,1.0,0.0,710.0,1.0,720.0,-10.0,-0.09774896030005494,0.26980000000000004,0.17205103969994512,720.0,-10.0,-0.09500813590003873,0.2272,0.13219186409996128,-127.0,-1.0
93.35648063,1.0,0.0,710.0,1.0,720.0,-10.0,-0.09886442500005614,0.26980000000000004,0.17093557499994388,720.0,-10.0,-0.09612358605003465,0.2272,0.13107641394996536,-127.0,-1.0
93.379901757,1.0,0.0,710.0,1.0,700.0,10.0,0.0925994792999427,0.26980000000000004,0.36239947929994276,700.0,10.0,0.09534033284996894,0.2272,0.32254033284996897,-127.0,-1.0
93.397657842,1.0,0.0,710.0,1.0,720.0,-10.0,-0.09828631245006818,0.26980000000000004,0.17151368754993185,720.0,-10.0,-0.09554547345002448,0.2272,0.13165452654997553,-127.0,-1.0
93.425658137,1.0,0.0,710.0,1.0,720.0,-10.0,-0.09967877300005057,0.26980000000000004,0.17012122699994947,720.0,-10.0,-0.0969379340000296,0.2272,0.13026206599997042,-127.0,-1.0
93.442692055,1.0,0.0,710.0,1.0,700.0,10.0,0.09118120624995299,0.26980000000000004,0.360981206249953,700.0,10.0,0.09392203069996867,0.2272,0.3211220306999687,-127.0,-1.0
93.465120349,1.0,0.0,710.0,1.0,700.0,10.0,0.09228503344994807,0.26980000000000004,0.36208503344994813,720.0,-10.0,-0.09718178190002164,0.2272,0.13001821809997838,-127.0,-1.0
93.482787476,1.0,0.0,710.0,1.0,720.0,-10.0,-0.09857176665007046,0.26980000000000004,0.1712282333499296,700.0,10.0,0.09367503274997943,0.2272,0.3208750327499794,-127.0,-1.0
93.502072769,1.0,0.0,710.0,1.0,720.0,-10.0,-0.0995736417500666,0.26980000000000004,0.17022635824993343,700.0,10.0,0.09467690784997558,0.2272,0.3218769078499756,-127.0,-1.0
93.52152023,1.0,0.0,710.0,1.0,720.0,-10.0,-0.1,0.26980000000000004,0.16980000000000003,700.0,10.0,0.09561606004999704,0.2272,0.3228160600499971,-127.0,-1.0
93.53721394,1.0,0.0,710.0,1.0,720.0,-10.0,-0.1,0.26980000000000004,0.16980000000000003,720.0,-10.0,-0.09526340254998558,0.2272,0.13193659745001443,-127.0,-1.0
93.555283275,1.0,0.0,710.0,1.0,720.0,-10.0,-0.1,0.26980000000000004,0.16980000000000003,700.0,10.0,0.09560754335002457,0.2272,0.3228075433500246,-127.0,-1.0
93.572310193,1.0,0.0,710.0,1.0,700.0,10.0,0.09081105214999298,0.26980000000000004,0.360611052149993,720.0,-10.0,-0.09520352339997316,0.2272,0.13199647660002684,-127.0,-1.0
93.589012195,1.0,0.0,710.0,1.0,700.0,10.0,0.09163347929999419,0.26980000000000004,0.36143347929999425,720.0,-10.0,-0.09602596514997913,0.2272,0.13117403485002088,-127.0,-1.0
93.610027072,1.0,0.0,710.0,1.0,700.0,10.0,0.09252943564998986,0.26980000000000004,0.3623294356499899,720.0,-10.0,-0.09692190689997006,0.2272,0.13027809310002997,-127.0,-1.0
93.627548365,1.0,0.0,710.0,1.0,720.0,-10.0,-0.09846018945002015,0.26980000000000004,0.17133981054997988,700.0,10.0,0.09406771820003997,0.2272,0.32126771820003996,-127.0,-1.0
93.646515451,1.0,0.0,710.0,1.0,720.0,-10.0,-0.09942642290002368,0.26980000000000004,0.17037357709997636,720.0,-10.0,-0.0968985298499456,0.2272,0.13030147015005442,-127.0,-1.0
93.672341661,1.0,0.0,710.0,1.0,720.0,-10.0,-0.1,0.26980000000000004,0.16980000000000003,720.0,-10.0,-0.09802853409995806,0.2272,0.12917146590004197,-127.0,-1.0
93.689777788,1.0,0.0,710.0,1.0,720.0,-10.0,-0.1,0.26980000000000004,0.16980000000000003,720.0,-10.0,-0.0991505321499426,0.2272,0.1280494678500574,-127.0,-1.0
93.704347998,1.0,0.0,710.0,1.0,720.0,-10.0,-0.1,0.26980000000000004,0.16980000000000003,700.0,10.0,0.09159749085006297,0.2272,0.318797490850063,-127.0,-1.0
93.722476542,1.0,0.0,710.0,1.0,700.0,10.0,0.09082349174999763,0.26980000000000004,0.36062349174999764,720.0,-10.0,-0.0992259862999299,0.2272,0.1279740137000701,-127.0,-1.0
93.74054471,1.0,0.0,710.0,1.0,720.0,-10.0,-0.1,0.26980000000000004,0.16980000000000003,700.0,10.0,0.09169107210007041,0.2272,0.3188910721000704,-127.0,-1.0
93.77214563,1.0,0.0,710.0,1.0,720.0,-10.0,-0.1,0.26980000000000004,0.16980000000000003,720.0,-10.0,-0.09992118849994767,0.2272,0.12727881150005232,-127.0,-1.0
93.789504465,1.0,0.0,710.0,1.0,700.0,10.0,0.09077164799999991,0.26980000000000004,0.36057164799999997,720.0,-10.0,-0.1,0.2272,0.1272,-127.0,-1.0
93.809865717,1.0,0.0,710.0,1.0,720.0,-10.0,-0.1,0.26980000000000004,0.16980000000000003,720.0,-10.0,-0.1,0.2272,0.1272,-127.0,-1.0
93.836013345,1.0,0.0,710.0,1.0,720.0,-10.0,-0.1,0.26980000000000004,0.16980000000000003,700.0,10.0,0.09126510430000054,0.2272,0.3184651043000005,-127.0,-1.0
93.853417971,1.0,0.0,710.0,1.0,720.0,-10.0,-0.1,0.26980000000000004,0.16980000000000003,700.0,10.0,0.09213540854999792,0.2272,0.3193354085499979,-127.0,-1.0
93.876243807,1.0,0.0,710.0,1.0,700.0,10.0,0.09104755009999735,0.26980000000000004,0.36084755009999736,700.0,10.0,0.09318294409998998,0.2272,0.32038294409999,-127.0,-1.0
93.904320518,1.0,0.0,710.0,1.0,720.0,-10.0,-0.1,0.26980000000000004,0.16980000000000003,720.0,-10.0,-0.0982610393500181,0.2272,0.1289389606499819,-127.0,-1.0
93.946648939,1.0,0.0,710.0,1.0,700.0,10.0,0.09192629809998834,0.26980000000000004,0.36172629809998835,700.0,10.0,0.093665273349975,0.2272,0.320865273349975,-127.0,-1.0
93.976657067,1.0,0.0,710.0,1.0,700.0,10.0,0.09348169824999332,0.26980000000000004,0.36328169824999335,720.0,-10.0,-0.09789012680002998,0.2272,0.12930987319997003,-127.0,-1.0
93.997174069,1.0,0.0,710.0,1.0,720.0,-10.0,-0.09767952894999325,0.26980000000000004,0.17212047105000677,720.0,-10.0,-0.09905136860002131,0.2272,0.1281486313999787,-127.0,-1.0
94.014799196,1.0,0.0,710.0,1.0,720.0,-10.0,-0.09857306445001086,0.26980000000000004,0.1712269355499892,720.0,-10.0,-0.09994488950003415,0.2272,0.12725511049996585,-127.0,-1.0
94.037452365,1.0,0.0,710.0,1.0,720.0,-10.0,-0.09969023539999852,0.26980000000000004,0.17010976460000152,720.0,-10.0,-0.1,0.2272,0.1272,-127.0,-1.0
94.051554741,1.0,0.0,710.0,1.0,720.0,-10.0,-0.1,0.26980000000000004,0.16980000000000003,720.0,-10.0,-0.1,0.2272,0.1272,-127.0,-1.0
94.071250993,1.0,0.0,710.0,1.0,720.0,-10.0,-0.1,0.26980000000000004,0.16980000000000003,700.0,10.0,0.09092354800001431,0.2272,0.3181235480000143,-127.0,-1.0
94.088634912,1.0,0.0,710.0,1.0,700.0,10.0,0.09082423549999931,0.26980000000000004,0.36062423549999933,700.0,10.0,0.09174778350001361,0.2272,0.3189477835000136,-127.0,-1.0
94.111427497,1.0,0.0,710.0,1.0,720.0,-10.0,-0.1,0.26980000000000004,0.16980000000000003,720.0,-10.0,-0.09930100614997173,0.2272,0.1278989938500283,-127.0,-1.0
94.130468374,1.0,0.0,710.0,1.0,720.0,-10.0,-0.1,0.26980000000000004,0.16980000000000003,720.0,-10.0,-0.1,0.2272,0.1272,-127.0,-1.0
94.159207169,1.0,0.0,710.0,1.0,700.0,10.0,0.0914851376500019,0.26980000000000004,0.3612851376500019,680.0,30.0,0.28445541295000565,0.2272,0.5116554129500057,-127.0,-1.0
94.184726546,1.0,0.0,710.0,1.0,720.0,-10.0,-0.09959952704998613,0.26980000000000004,0.1702004729500139,700.0,10.0,0.0955400776499937,0.2272,0.3227400776499937,-127.0,-1.0
94.206427715,1.0,0.0,710.0,1.0,720.0,-10.0,-0.1,0.26980000000000004,0.16980000000000003,720.0,-10.0,-0.09572270790001766,0.2272,0.13147729209998235,-127.0,-1.0
94.222012633,1.0,0.0,710.0,1.0,700.0,10.0,0.09081487299999026,0.26980000000000004,0.3606148729999903,720.0,-10.0,-0.09653761005001797,0.2272,0.13066238994998203,-127.0,-1.0
94.242972969,1.0,0.0,710.0,1.0,700.0,10.0,0.0918589959999872,0.26980000000000004,0.36165899599998724,720.0,-10.0,-0.09758171850000963,0.2272,0.12961828149999038,-127.0,-1.0
94.276881847,1.0,0.0,710.0,1.0,720.0,-10.0,-0.09981209375000617,0.26980000000000004,0.16998790624999388,700.0,10.0,0.09408931289998691,0.2272,0.3212893128999869,-127.0,-1.0
94.294113224,1.0,0.0,710.0,1.0,720.0,-10.0,-0.1,0.26980000000000004,0.16980000000000003,720.0,-10.0,-0.09673073720000502,0.2272,0.130469262799995,-127.0,-1.0
94.317317351,1.0,0.0,710.0,1.0,720.0,-10.0,-0.1,0.26980000000000004,0.16980000000000003,720.0,-10.0,-0.09800752275000377,0.2272,0.12919247724999625,-127.0,-1.0
94.345025979,1.0,0.0,710.0,1.0,720.0,-10.0,-0.1,0.26980000000000004,0.16980000000000003,700.0,10.0,0.09337140445001296,0.2272,0.320571404450013,-127.0,-1.0
94.363252523,1.0,0.0,710.0,1.0,700.0,10.0,0.09083555214998797,0.26980000000000004,0.360635552149988,720.0,-10.0,-0.09746420604997183,0.2272,0.12973579395002818,-127.0,-1.0
94.388460983,1.0,0.0,710.0,1.0,720.0,-10.0,-0.1,0.26980000000000004,0.16980000000000003,720.0,-10.0,-0.09875157909998507,0.2272,0.12844842090001496,-127.0,-1.0
94.414020903,1.0,0.0,710.0,1.0,720.0,-10.0,-0.1,0.26980000000000004,0.16980000000000003,700.0,10.0,0.09259086065000247,0.2272,0.3197908606500025,-127.0,-1.0
94.447399531,1.0,0.0,710.0,1.0,700.0,10.0,0.09157858764998764,0.26980000000000004,0.36137858764998765,720.0,-10.0,-0.09898772700000791,0.2272,0.1282122729999921,-127.0,-1.0
94.469759867,1.0,0.0,710.0,1.0,720.0,-10.0,-0.09956726870002512,0.26980000000000004,0.1702327312999749,720.0,-10.0,-0.1,0.2272,0.1272,-127.0,-1.0
94.485853743,1.0,0.0,710.0,1.0,720.0,-10.0,-0.1,0.26980000000000004,0.16980000000000003,700.0,10.0,0.09078903135001838,0.2272,0.3179890313500184,-127.0,-1.0
94.502097537,1.0,0.0,710.0,1.0,700.0,10.0,0.09082435219999298,0.26980000000000004,0.360624352199993,700.0,10.0,0.09161336890000712,0.2272,0.3188133689000071,-127.0,-1.0
94.519996538,1.0,0.0,710.0,1.0,700.0,10.0,0.09172875225000553,0.26980000000000004,0.3615287522500056,720.0,-10.0,-0.0992910312000049,0.2272,0.1279089687999951,-127.0,-1.0
94.54177529,1.0,0.0,710.0,1.0,720.0,-10.0,-0.0993213353999863,0.26980000000000004,0.17047866460001374,720.0,-10.0,-0.1,0.2272,0.1272,-127.0,-1.0
94.563738668,1.0,0.0,710.0,1.0,720.0,-10.0,-0.1,0.26980000000000004,0.16980000000000003,700.0,10.0,0.09106965845000105,0.2272,0.31826965845000105,-127.0,-1.0
94.583186711,1.0,0.0,710.0,1.0,700.0,10.0,0.09099895845000902,0.26980000000000004,0.3607989584500091,700.0,10.0,0.09206863144999261,0.2272,0.3192686314499926,-127.0,-1.0
94.601324588,1.0,0.0,710.0,1.0,720.0,-10.0,-0.09986835619999965,0.26980000000000004,0.1699316438000004,720.0,-10.0,-0.09879869779999809,0.2272,0.12840130220000193,-127.0,-1.0
94.617934423,1.0,0.0,710.0,1.0,720.0,-10.0,-0.1,0.26980000000000004,0.16980000000000003,720.0,-10.0,-0.09970280625000214,0.2272,0.12749719374999788,-127.0,-1.0
94.641167717,1.0,0.0,710.0,1.0,720.0,-10.0,-0.1,0.26980000000000004,0.16980000000000003,720.0,-10.0,-0.1,0.2272,0.1272,-127.0,-1.0
94.659613886,1.0,0.0,710.0,1.0,720.0,-10.0,-0.1,0.26980000000000004,0.16980000000000003,700.0,10.0,0.0909770834499932,0.2272,0.3181770834499932,-127.0,-1.0
94.675862346,1.0,0.0,710.0,1.0,720.0,-10.0,-0.1,0.26980000000000004,0.16980000000000003,700.0,10.0,0.09180067730000246,0.2272,0.3190006773000025,-127.0,-1.0
94.698746806,1.0,0.0,710.0,1.0,700.0,10.0,0.09089416260000235,0.26980000000000004,0.3606941626000024,720.0,-10.0,-0.09909347069999512,0.2272,0.12810652930000488,-127.0,-1.0
94.7168911,1.0,0.0,710.0,1.0,700.0,10.0,0.09196726270000909,0.26980000000000004,0.36176726270000914,720.0,-10.0,-0.1,0.2272,0.1272,-127.0,-1.0
94.73445556,1.0,0.0,710.0,1.0,720.0,-10.0,-0.09890735824999411,0.26980000000000004,0.17089264175000593,700.0,10.0,0.09087462095000319,0.2272,0.3180746209500032,-127.0,-1.0
94.751354437,1.0,0.0,710.0,1.0,720.0,-10.0,-0.09977770624998357,0.26980000000000004,0.17002229375001648,700.0,10.0,0.09174496894999265,0.2272,0.3189449689499927,-127.0,-1.0
94.78224369,1.0,0.0,710.0,1.0,700.0,10.0,0.09176267305002966,0.26980000000000004,0.3615626730500297,720.0,-10.0,-0.09979541035002057,0.2272,0.12740458964997944,-127.0,-1.0
94.80007415,1.0,0.0,710.0,1.0,700.0,10.0,0.09259491480003362,0.26980000000000004,0.36239491480003366,720.0,-10.0,-0.1,0.2272,0.1272,-127.0,-1.0
94.819505277,1.0,0.0,710.0,1.0,720.0,-10.0,-0.09842081444994619,0.26980000000000004,0.17137918555005385,700.0,10.0,0.09101575839998986,0.2272,0.3182157583999899,-127.0,-1.0
94.844468446,1.0,0.0,710.0,1.0,720.0,-10.0,-0.09967757709996476,0.26980000000000004,0.17012242290003526,700.0,10.0,0.09227246269998887,0.2272,0.31947246269998886,-127.0,-1.0
94.872989657,1.0,0.0,710.0,1.0,720.0,-10.0,-0.1,0.26980000000000004,0.16980000000000003,720.0,-10.0,-0.09903458330002195,0.2272,0.12816541669997805,-127.0,-1.0
94.890206451,1.0,0.0,710.0,1.0,720.0,-10.0,-0.1,0.26980000000000004,0.16980000000000003,720.0,-10.0,-0.1,0.2272,0.1272,-127.0,-1.0
94.904424619,1.0,0.0,710.0,1.0,720.0,-10.0,-0.1,0.26980000000000004,0.16980000000000003,720.0,-10.0,-0.1,0.2272,0.1272,-127.0,-1.0
94.923157787,1.0,0.0,710.0,1.0,700.0,10.0,0.09077689800000371,0.26980000000000004,0.36057689800000375,700.0,10.0,0.090776912550009,0.2272,0.31797691255000904,-127.0,-1.0
94.951741998,1.0,0.0,710.0,1.0,720.0,-10.0,-0.1,0.26980000000000004,0.16980000000000003,720.0,-10.0,-0.1,0.2272,0.1272,-127.0,-1.0
94.9661235,1.0,0.0,710.0,1.0,720.0,-10.0,-0.1,0.26980000000000004,0.16980000000000003,720.0,-10.0,-0.1,0.2272,0.1272,-127.0,-1.0
94.982480168,1.0,0.0,710.0,1.0,700.0,10.0,0.09076540630000182,0.26980000000000004,0.3605654063000019,720.0,-10.0,-0.1,0.2272,0.1272,-127.0,-1.0
95.000852837,1.0,0.0,710.0,1.0,700.0,10.0,0.09157221474999006,0.26980000000000004,0.3613722147499901,700.0,10.0,0.09080683759999829,0.2272,0.3180068375999983,-127.0,-1.0
95.01951163,1.0,0.0,710.0,1.0,720.0,-10.0,-0.09931563325001207,0.26980000000000004,0.17048436674998796,700.0,10.0,0.09169468560000041,0.2272,0.31889468560000045,-127.0,-1.0
95.040316216,1.0,0.0,710.0,1.0,720.0,-10.0,-0.1,0.26980000000000004,0.16980000000000003,720.0,-10.0,-0.09938615825001307,0.2272,0.12781384174998695,-127.0,-1.0
95.061007051,1.0,0.0,710.0,1.0,720.0,-10.0,-0.1,0.26980000000000004,0.16980000000000003,720.0,-10.0,-0.1,0.2272,0.1272,-127.0,-1.0
95.084926053,1.0,0.0,710.0,1.0,720.0,-10.0,-0.1,0.26980000000000004,0.16980000000000003,700.0,10.0,0.09128327514999,0.2272,0.31848327514999003,-127.0,-1.0
95.102192138,1.0,0.0,710.0,1.0,720.0,-10.0,-0.1,0.26980000000000004,0.16980000000000003,700.0,10.0,0.0921736897999972,0.2272,0.3193736897999972,-127.0,-1.0
95.11856339,1.0,0.0,710.0,1.0,720.0,-10.0,-0.1,0.26980000000000004,0.16980000000000003,700.0,10.0,0.09298328364999633,0.2272,0.3201832836499964,-127.0,-1.0
95.140544851,1.0,0.0,710.0,1.0,700.0,10.0,0.09087736259999929,0.26980000000000004,0.36067736259999933,720.0,-10.0,-0.09789403519998814,0.2272,0.12930596480001189,-127.0,-1.0
95.168182312,1.0,0.0,710.0,1.0,700.0,10.0,0.0922875710499875,0.26980000000000004,0.36208757104998757,720.0,-10.0,-0.09930428739999116,0.2272,0.12789571260000887,-127.0,-1.0
95.190185064,1.0,0.0,710.0,1.0,720.0,-10.0,-0.09895424365001873,0.26980000000000004,0.1708457563499813,700.0,10.0,0.09193752730001506,0.2272,0.3191375273000151,-127.0,-1.0
95.211316316,1.0,0.0,710.0,1.0,720.0,-10.0,-0.09981155415002832,0.26980000000000004,0.16998844584997172,700.0,10.0,0.09279483780002465,0.2272,0.3199948378000247,-127.0,-1.0
95.229301068,1.0,0.0,710.0,1.0,700.0,10.0,0.09128961889995481,0.26980000000000004,0.36108961889995483,720.0,-10.0,-0.09830636439996851,0.2272,0.1288936356000315,-127.0,-1.0
95.247711653,1.0,0.0,710.0,1.0,720.0,-10.0,-0.09962853325005198,0.26980000000000004,0.17017146674994804,720.0,-10.0,-0.09922450199997002,0.2272,0.12797549800003,-127.0,-1.0
95.264353571,1.0,0.0,710.0,1.0,720.0,-10.0,-0.1,0.26980000000000004,0.16980000000000003,700.0,10.0,0.09161628560001646,0.2272,0.31881628560001646,-127.0,-1.0
95.294847324,1.0,0.0,710.0,1.0,700.0,10.0,0.09154255225002089,0.26980000000000004,0.36134255225002093,700.0,10.0,0.09315883785003734,0.2272,0.3203588378500374,-127.0,-1.0
95.31993241,1.0,0.0,710.0,1.0,720.0,-10.0,-0.09962234994995925,0.26980000000000004,0.1701776500500408,720.0,-10.0,-0.09800606434994279,0.2272,0.1291939356500572,-127.0,-1.0
95.335834079,1.0,0.0,710.0,1.0,720.0,-10.0,-0.1,0.26980000000000004,0.16980000000000003,720.0,-10.0,-0.09887101649994748,0.2272,0.12832898350005253,-127.0,-1.0
95.360747956,1.0,0.0,710.0,1.0,700.0,10.0,0.0912366084499945,0.26980000000000004,0.3610366084499945,700.0,10.0,0.09236559195004702,0.2272,0.319565591950047,-127.0,-1.0
95.377347583,1.0,0.0,710.0,1.0,700.0,10.0,0.09205183145001229,0.26980000000000004,0.3618518314500123,700.0,10.0,0.09318082955004683,0.2272,0.3203808295500469,-127.0,-1.0
95.395695168,1.0,0.0,710.0,1.0,720.0,-10.0,-0.09880956239996977,0.26980000000000004,0.17099043760003027,720.0,-10.0,-0.09768053509997117,0.2272,0.12951946490002886,-127.0,-1.0
95.412398045,1.0,0.0,710.0,1.0,720.0,-10.0,-0.09972605204998217,0.26980000000000004,0.17007394795001787,720.0,-10.0,-0.09859705394997036,0.2272,0.12860294605002964,-127.0,-1.0
95.428941088,1.0,0.0,710.0,1.0,720.0,-10.0,-0.1,0.26980000000000004,0.16980000000000003,720.0,-10.0,-0.0994175706999613,0.2272,0.12778242930003872,-127.0,-1.0
95.455999299,1.0,0.0,710.0,1.0,720.0,-10.0,-0.1,0.26980000000000004,0.16980000000000003,700.0,10.0,0.09198406280003382,0.2272,0.31918406280003386,-127.0,-1.0
95.471797134,1.0,0.0,710.0,1.0,720.0,-10.0,-0.1,0.26980000000000004,0.16980000000000003,720.0,-10.0,-0.09879993724996439,0.2272,0.12840006275003563,-127.0,-1.0
95.488511094,1.0,0.0,710.0,1.0,720.0,-10.0,-0.1,0.26980000000000004,0.16980000000000003,720.0,-10.0,-0.09965293109996765,0.2272,0.12754706890003237,-127.0,-1.0
95.505716221,1.0,0.0,710.0,1.0,700.0,10.0,0.09078607090001697,0.26980000000000004,0.36058607090001704,720.0,-10.0,-0.1,0.2272,0.1272,-127.0,-1.0
95.529611306,1.0,0.0,710.0,1.0,700.0,10.0,0.09199618144999931,0.26980000000000004,0.36179618144999937,700.0,10.0,0.09121011054998235,0.2272,0.31841011054998236,-127.0,-1.0
95.550871767,1.0,0.0,710.0,1.0,720.0,-10.0,-0.09904556450001109,0.26980000000000004,0.17075443549998895,700.0,10.0,0.09225187109999752,0.2272,0.3194518710999975,-127.0,-1.0
95.569140019,1.0,0.0,710.0,1.0,720.0,-10.0,-0.09997278749999623,0.26980000000000004,0.16982721250000382,720.0,-10.0,-0.09867533730000559,0.2272,0.1285246626999944,-127.0,-1.0
95.588457979,1.0,0.0,710.0,1.0,720.0,-10.0,-0.1,0.26980000000000004,0.16980000000000003,720.0,-10.0,-0.09962237904999256,0.2272,0.12757762095000746,-127.0,-1.0
95.605001314,1.0,0.0,710.0,1.0,700.0,10.0,0.09083924175000903,0.26980000000000004,0.36063924175000905,700.0,10.0,0.09121684815001117,0.2272,0.3184168481500112,-127.0,-1.0
95.622824482,1.0,0.0,710.0,1.0,720.0,-10.0,-0.1,0.26980000000000004,0.16980000000000003,700.0,10.0,0.09211997950000296,0.2272,0.31931997950000296,-127.0,-1.0
95.647578818,1.0,0.0,710.0,1.0,720.0,-10.0,-0.1,0.26980000000000004,0.16980000000000003,720.0,-10.0,-0.09916923099999622,0.2272,0.1280307690000038,-127.0,-1.0
95.66425807,1.0,0.0,710.0,1.0,700.0,10.0,0.09077300425000431,0.26980000000000004,0.3605730042500044,720.0,-10.0,-0.09994224985000529,0.2272,0.12725775014999474,-127.0,-1.0
95.683136489,1.0,0.0,710.0,1.0,720.0,-10.0,-0.1,0.26980000000000004,0.16980000000000003,720.0,-10.0,-0.1,0.2272,0.1272,-127.0,-1.0
95.701012157,1.0,0.0,710.0,1.0,720.0,-10.0,-0.1,0.26980000000000004,0.16980000000000003,700.0,10.0,0.09085451050001667,0.2272,0.31805451050001665,-127.0,-1.0
95.728500285,1.0,0.0,710.0,1.0,720.0,-10.0,-0.1,0.26980000000000004,0.16980000000000003,700.0,10.0,0.09191616270001304,0.2272,0.3191161627000131,-127.0,-1.0
95.754263204,1.0,0.0,710.0,1.0,700.0,10.0,0.09162904599999365,0.26980000000000004,0.3614290459999937,720.0,-10.0,-0.09971283954998852,0.2272,0.1274871604500115,-127.0,-1.0
95.773252748,1.0,0.0,710.0,1.0,720.0,-10.0,-0.09937574575001236,0.26980000000000004,0.1704242542499877,720.0,-10.0,-0.1,0.2272,0.1272,-127.0,-1.0
95.805780293,1.0,0.0,710.0,1.0,720.0,-10.0,-0.1,0.26980000000000004,0.16980000000000003,700.0,10.0,0.09161266894999699,0.2272,0.318812668949997,-127.0,-1.0
95.823620961,1.0,0.0,710.0,1.0,700.0,10.0,0.09084893964999538,0.26980000000000004,0.36064893964999545,700.0,10.0,0.0924615939999876,0.2272,0.3196615939999876,-127.0,-1.0
95.842135088,1.0,0.0,710.0,1.0,700.0,10.0,0.0918380251500048,0.26980000000000004,0.36163802515000487,720.0,-10.0,-0.0985274915500213,0.2272,0.1286725084499787,-127.0,-1.0
95.865601715,1.0,0.0,710.0,1.0,720.0,-10.0,-0.0993180978999817,0.26980000000000004,0.17048190210001835,700.0,10.0,0.09262861689998317,0.2272,0.3198286168999832,-127.0,-1.0
95.882388884,1.0,0.0,710.0,1.0,720.0,-10.0,-0.1,0.26980000000000004,0.16980000000000003,720.0,-10.0,-0.0982220581500087,0.2272,0.1289779418499913,-127.0,-1.0
95.901434135,1.0,0.0,710.0,1.0,720.0,-10.0,-0.1,0.26980000000000004,0.16980000000000003,700.0,10.0,0.09277996279999115,0.2272,0.3199799627999912,-127.0,-1.0
95.918645387,1.0,0.0,710.0,1.0,700.0,10.0,0.09080715844999304,0.26980000000000004,0.3606071584499931,720.0,-10.0,-0.09802718105001987,0.2272,0.12917281894998014,-127.0,-1.0
95.937000556,1.0,0.0,710.0,1.0,720.0,-10.0,-0.1,0.26980000000000004,0.16980000000000003,700.0,10.0,0.0928931294499671,0.2272,0.3200931294499671,-127.0,-1.0
95.966012934,1.0,0.0,710.0,1.0,720.0,-10.0,-0.1,0.26980000000000004,0.16980000000000003,720.0,-10.0,-0.09860465195004053,0.2272,0.12859534804995948,-127.0,-1.0
95.990208436,1.0,0.0,710.0,1.0,700.0,10.0,0.09118394804999298,0.26980000000000004,0.360983948049993,720.0,-10.0,-0.09978862915004356,0.2272,0.12741137084995646,-127.0,-1.0
96.009131188,1.0,0.0,710.0,1.0,700.0,10.0,0.09210980024999117,0.26980000000000004,0.3619098002499912,700.0,10.0,0.09113722299995516,0.2272,0.31833722299995515,-127.0,-1.0
96.025705148,1.0,0.0,710.0,1.0,720.0,-10.0,-0.09871338525001647,0.26980000000000004,0.17108661474998357,720.0,-10.0,-0.09968594795004719,0.2272,0.1275140520499528,-127.0,-1.0
96.0430529,1.0,0.0,710.0,1.0,720.0,-10.0,-0.09961622490000081,0.26980000000000004,0.1701837750999992,720.0,-10.0,-0.1,0.2272,0.1272,-127.0,-1.0
96.05838261,1.0,0.0,710.0,1.0,720.0,-10.0,-0.1,0.26980000000000004,0.16980000000000003,720.0,-10.0,-0.1,0.2272,0.1272,-127.0,-1.0
96.079489653,1.0,0.0,710.0,1.0,700.0,10.0,0.09095334174998243,0.26980000000000004,0.36075334174998247,700.0,10.0,0.09095335630001046,0.2272,0.31815335630001046,-127.0,-1.0
96.095727613,1.0,0.0,710.0,1.0,700.0,10.0,0.09177343559998917,0.26980000000000004,0.3615734355999892,700.0,10.0,0.09177342100000715,0.2272,0.31897342100000714,-127.0,-1.0
96.113108907,1.0,0.0,710.0,1.0,720.0,-10.0,-0.09907569365000199,0.26980000000000004,0.17072430634999805,700.0,10.0,0.09262255024999831,0.2272,0.31982255024999834,-127.0,-1.0
96.134645867,1.0,0.0,710.0,1.0,720.0,-10.0,-0.1,0.26980000000000004,0.16980000000000003,720.0,-10.0,-0.09839141439999821,0.2272,0.1288085856000018,-127.0,-1.0
96.158987203,1.0,0.0,710.0,1.0,700.0,10.0,0.09128382929999589,0.26980000000000004,0.36108382929999594,720.0,-10.0,-0.09967525829999886,0.2272,0.12752474170000117,-127.0,-1.0
96.189951123,1.0,0.0,710.0,1.0,720.0,-10.0,-0.1,0.26980000000000004,0.16980000000000003,700.0,10.0,0.0918284585000174,0.2272,0.31902845850001743,-127.0,-1.0
96.22832221,1.0,0.0,710.0,1.0,700.0,10.0,0.09175898350000808,0.26980000000000004,0.36155898350000815,720.0,-10.0,-0.0999305250499674,0.2272,0.1272694749500326,-127.0,-1.0
96.259448296,1.0,0.0,710.0,1.0,720.0,-10.0,-0.09993438959998002,0.26980000000000004,0.16986561040002002,700.0,10.0,0.09176284800004396,0.2272,0.318962848000044,-127.0,-1.0
96.288154133,1.0,0.0,710.0,1.0,700.0,10.0,0.09135480635001386,0.26980000000000004,0.3611548063500139,720.0,-10.0,-0.09952634799994939,0.2272,0.12767365200005062,-127.0,-1.0
96.328974637,1.0,0.0,710.0,1.0,720.0,-10.0,-0.1,0.26980000000000004,0.16980000000000003,700.0,10.0,0.09267824385005043,0.2272,0.3198782438500504,-127.0,-1.0
96.360703307,1.0,0.0,710.0,1.0,720.0,-10.0,-0.1,0.26980000000000004,0.16980000000000003,720.0,-10.0,-0.09903188549994865,0.2272,0.12816811450005136,-127.0,-1.0
96.397776185,1.0,0.0,710.0,1.0,720.0,-10.0,-0.1,0.26980000000000004,0.16980000000000003,700.0,10.0,0.09281001885005026,0.2272,0.32001001885005026,-127.0,-1.0
96.43063098,1.0,0.0,710.0,1.0,720.0,-10.0,-0.1,0.26980000000000004,0.16980000000000003,700.0,10.0,0.094336500250065,0.2272,0.321536500250065,-127.0,-1.0
96.455164816,1.0,0.0,710.0,1.0,720.0,-10.0,-0.1,0.26980000000000004,0.16980000000000003,700.0,10.0,0.09568346080005995,0.2272,0.32288346080006,-127.0,-1.0
96.498228529,1.0,0.0,710.0,1.0,700.0,10.0,0.09208964604998983,0.26980000000000004,0.36188964604998985,720.0,-10.0,-0.09640618524992987,0.2272,0.13079381475007013,-127.0,-1.0
96.532863074,1.0,0.0,710.0,1.0,720.0,-10.0,-0.09964205205001235,0.26980000000000004,0.17015794794998768,700.0,10.0,0.0953255128500723,0.2272,0.3225255128500723,-127.0,-1.0
96.561064618,1.0,0.0,710.0,1.0,700.0,10.0,0.0917109605999849,0.26980000000000004,0.36151096059998494,700.0,10.0,0.09667852550006956,0.2272,0.32387852550006957,-127.0,-1.0
96.594866163,1.0,0.0,710.0,1.0,720.0,-10.0,-0.1,0.26980000000000004,0.16980000000000003,720.0,-10.0,-0.09507211634993382,0.2272,0.1321278836500662,-127.0,-1.0
96.629291,1.0,0.0,710.0,1.0,720.0,-10.0,-0.1,0.26980000000000004,0.16980000000000003,700.0,10.0,0.09667113170006815,0.2272,0.32387113170006815,-127.0,-1.0
96.659617045,1.0,0.0,710.0,1.0,720.0,-10.0,-0.1,0.26980000000000004,0.16980000000000003,720.0,-10.0,-0.09488890599993738,0.2272,0.13231109400006263,-127.0,-1.0
96.682729881,1.0,0.0,710.0,1.0,720.0,-10.0,-0.1,0.26980000000000004,0.16980000000000003,720.0,-10.0,-0.0960072727499437,0.2272,0.13119272725005632,-127.0,-1.0
96.712998759,1.0,0.0,710.0,1.0,700.0,10.0,0.09144143139998505,0.26980000000000004,0.3612414313999851,700.0,10.0,0.09543415865004136,0.2272,0.32263415865004136,-127.0,-1.0
96.743670137,1.0,0.0,710.0,1.0,700.0,10.0,0.0928379315499933,0.26980000000000004,0.36263793154999335,720.0,-10.0,-0.09596235604997219,0.2272,0.13123764395002782,-127.0,-1.0
96.775659265,1.0,0.0,710.0,1.0,720.0,-10.0,-0.09894413735000854,0.26980000000000004,0.1708558626499915,720.0,-10.0,-0.09774442499997349,0.2272,0.12945557500002652,-127.0,-1.0
96.798722226,1.0,0.0,710.0,1.0,720.0,-10.0,-0.1,0.26980000000000004,0.16980000000000003,700.0,10.0,0.09336950845000956,0.2272,0.3205695084500096,-127.0,-1.0
96.837335688,1.0,0.0,710.0,1.0,720.0,-10.0,-0.1,0.26980000000000004,0.16980000000000003,720.0,-10.0,-0.09857567510000535,0.2272,0.12862432489999465,-127.0,-1.0
96.86394969,1.0,0.0,710.0,1.0,720.0,-10.0,-0.1,0.26980000000000004,0.16980000000000003,700.0,10.0,0.09272543539999788,0.2272,0.3199254353999979,-127.0,-1.0
96.898230152,1.0,0.0,710.0,1.0,700.0,10.0,0.09167552309999337,0.26980000000000004,0.3614755230999934,720.0,-10.0,-0.0989500876999955,0.2272,0.12824991230000451,-127.0,-1.0
96.927309614,1.0,0.0,710.0,1.0,720.0,-10.0,-0.09980793745000938,0.26980000000000004,0.16999206254999066,720.0,-10.0,-0.1,0.2272,0.1272,-127.0,-1.0
96.952997866,1.0,0.0,710.0,1.0,720.0,-10.0,-0.1,0.26980000000000004,0.16980000000000003,700.0,10.0,0.09136912724999548,0.2272,0.3185691272499955,-127.0,-1.0
96.977165369,1.0,0.0,710.0,1.0,700.0,10.0,0.09119191055000556,0.26980000000000004,0.36099191055000557,720.0,-10.0,-0.0998228124499974,0.2272,0.1273771875500026,-127.0,-1.0
97.006299663,1.0,0.0,710.0,1.0,700.0,10.0,0.09262120859999869,0.26980000000000004,0.3624212085999987,720.0,-10.0,-0.1,0.2272,0.1272,-127.0,-1.0
97.02383904,1.0,0.0,710.0,1.0,720.0,-10.0,-0.0982876393999959,0.26980000000000004,0.17151236060000413,700.0,10.0,0.09090883339998981,0.2272,0.31810883339998985,-127.0,-1.0
97.042072,1.0,0.0,710.0,1.0,720.0,-10.0,-0.09920315199999549,0.26980000000000004,0.17059684800000455,700.0,10.0,0.09182434599998943,0.2272,0.3190243459999894,-127.0,-1.0
97.062100169,1.0,0.0,710.0,1.0,720.0,-10.0,-0.1,0.26980000000000004,0.16980000000000003,720.0,-10.0,-0.09914050200002293,0.2272,0.12805949799997707,-127.0,-1.0
97.081684129,1.0,0.0,710.0,1.0,700.0,10.0,0.09099564805000228,0.26980000000000004,0.3607956480500023,720.0,-10.0,-0.1,0.2272,0.1272,-127.0,-1.0
97.101331964,1.0,0.0,710.0,1.0,720.0,-10.0,-0.1,0.26980000000000004,0.16980000000000003,720.0,-10.0,-0.1,0.2272,0.1272,-127.0,-1.0
97.117626508,1.0,0.0,710.0,1.0,720.0,-10.0,-0.1,0.26980000000000004,0.16980000000000003,700.0,10.0,0.0907817542499879,0.2272,0.3179817542499879,-127.0,-1.0
97.135709551,1.0,0.0,710.0,1.0,720.0,-10.0,-0.1,0.26980000000000004,0.16980000000000003,700.0,10.0,0.09163005224999324,0.2272,0.3188300522499933,-127.0,-1.0
97.15873547,1.0,0.0,710.0,1.0,700.0,10.0,0.09111141049999333,0.26980000000000004,0.36091141049999337,720.0,-10.0,-0.09948129995000272,0.2272,0.1277187000499973,-127.0,-1.0
97.177067889,1.0,0.0,710.0,1.0,700.0,10.0,0.09205110229999264,0.26980000000000004,0.3618511022999927,720.0,-10.0,-0.1,0.2272,0.1272,-127.0,-1.0
97.192933974,1.0,0.0,710.0,1.0,720.0,-10.0,-0.09884621025000798,0.26980000000000004,0.17095378974999206,720.0,-10.0,-0.1,0.2272,0.1272,-127.0,-1.0
97.212941434,1.0,0.0,710.0,1.0,720.0,-10.0,-0.09975049370000307,0.26980000000000004,0.170049506299997,700.0,10.0,0.0909042834499951,0.2272,0.3181042834499951,-127.0,-1.0
97.232467353,1.0,0.0,710.0,1.0,700.0,10.0,0.0911372230500001,0.26980000000000004,0.36093722305000014,700.0,10.0,0.09179198559999349,0.2272,0.31899198559999353,-127.0,-1.0
97.253538521,1.0,0.0,710.0,1.0,700.0,10.0,0.09203648980000254,0.26980000000000004,0.3618364898000026,700.0,10.0,0.09269126695000068,0.2272,0.3198912669500007,-127.0,-1.0
97.272756732,1.0,0.0,710.0,1.0,720.0,-10.0,-0.09916664990000754,0.26980000000000004,0.1706333500999925,720.0,-10.0,-0.09851184359999934,0.2272,0.12868815640000067,-127.0,-1.0
97.294029734,1.0,0.0,710.0,1.0,720.0,-10.0,-0.1,0.26980000000000004,0.16980000000000003,720.0,-10.0,-0.09957695205000619,0.2272,0.12762304794999382,-127.0,-1.0
97.311304569,1.0,0.0,710.0,1.0,720.0,-10.0,-0.1,0.26980000000000004,0.16980000000000003,700.0,10.0,0.09133420009999554,0.2272,0.31853420009999556,-127.0,-1.0
97.334128654,1.0,0.0,710.0,1.0,720.0,-10.0,-0.1,0.26980000000000004,0.16980000000000003,700.0,10.0,0.0924829731499949,0.2272,0.31968297314999494,-127.0,-1.0
97.352020948,1.0,0.0,710.0,1.0,720.0,-10.0,-0.1,0.26980000000000004,0.16980000000000003,720.0,-10.0,-0.09839122485000189,0.2272,0.1288087751499981,-127.0,-1.0
97.375790034,1.0,0.0,710.0,1.0,700.0,10.0,0.09114540430001852,0.26980000000000004,0.36094540430001854,720.0,-10.0,-0.09953665830000773,0.2272,0.12766334169999227,-127.0,-1.0
97.40638062,1.0,0.0,710.0,1.0,720.0,-10.0,-0.1,0.26980000000000004,0.16980000000000003,700.0,10.0,0.09188515849997657,0.2272,0.3190851584999766,-127.0,-1.0
97.431919248,1.0,0.0,710.0,1.0,720.0,-10.0,-0.1,0.26980000000000004,0.16980000000000003,720.0,-10.0,-0.09951778750003086,0.2272,0.12768221249996914,-127.0,-1.0
97.450270624,1.0,0.0,710.0,1.0,700.0,10.0,0.09089216465000846,0.26980000000000004,0.36069216465000853,720.0,-10.0,-0.1,0.2272,0.1272,-127.0,-1.0
97.482840461,1.0,0.0,710.0,1.0,720.0,-10.0,-0.1,0.26980000000000004,0.16980000000000003,720.0,-10.0,-0.1,0.2272,0.1272,-127.0,-1.0
97.499727379,1.0,0.0,710.0,1.0,720.0,-10.0,-0.1,0.26980000000000004,0.16980000000000003,720.0,-10.0,-0.1,0.2272,0.1272,-127.0,-1.0
97.529728799,1.0,0.0,710.0,1.0,700.0,10.0,0.0913264126499962,0.26980000000000004,0.36112641264999623,700.0,10.0,0.09132642720000149,0.2272,0.3185264272000015,-127.0,-1.0
97.557075177,1.0,0.0,710.0,1.0,720.0,-10.0,-0.1,0.26980000000000004,0.16980000000000003,700.0,10.0,0.09269581694999487,0.2272,0.3198958169499949,-127.0,-1.0
97.580978721,1.0,0.0,710.0,1.0,700.0,10.0,0.0911925959500104,0.26980000000000004,0.36099259595001043,700.0,10.0,0.09388839830000052,0.2272,0.3210883983000005,-127.0,-1.0
97.600294639,1.0,0.0,710.0,1.0,720.0,-10.0,-0.09977983539999968,0.26980000000000004,0.17002016460000036,700.0,10.0,0.09486084425001537,0.2272,0.32206084425001535,-127.0,-1.0
97.623161892,1.0,0.0,710.0,1.0,720.0,-10.0,-0.1,0.26980000000000004,0.16980000000000003,720.0,-10.0,-0.09624048919997677,0.2272,0.13095951080002324,-127.0,-1.0
97.659977229,1.0,0.0,710.0,1.0,720.0,-10.0,-0.1,0.26980000000000004,0.16980000000000003,700.0,10.0,0.09570724640001572,0.2272,0.3229072464000157,-127.0,-1.0
97.686956398,1.0,0.0,710.0,1.0,720.0,-10.0,-0.1,0.26980000000000004,0.16980000000000003,700.0,10.0,0.09705248610001946,0.2272,0.32425248610001944,-127.0,-1.0
97.704820108,1.0,0.0,710.0,1.0,700.0,10.0,0.09083520220000538,0.26980000000000004,0.36063520220000544,720.0,-10.0,-0.09378271609998592,0.2272,0.1334172839000141,-127.0,-1.0
97.734119486,1.0,0.0,710.0,1.0,720.0,-10.0,-0.1,0.26980000000000004,0.16980000000000003,700.0,10.0,0.097613244449999,0.2272,0.32481324444999904,-127.0,-1.0
97.762719156,1.0,0.0,710.0,1.0,720.0,-10.0,-0.1,0.26980000000000004,0.16980000000000003,720.0,-10.0,-0.09369024315001298,0.2272,0.13350975684998703,-127.0,-1.0
97.781394283,1.0,0.0,710.0,1.0,700.0,10.0,0.0911131604999946,0.26980000000000004,0.36091316049999467,720.0,-10.0,-0.09480337455001972,0.2272,0.1323966254499803,-127.0,-1.0
97.805777035,1.0,0.0,710.0,1.0,720.0,-10.0,-0.1,0.26980000000000004,0.16980000000000003,700.0,10.0,0.09642019639997215,0.2272,0.3236201963999722,-127.0,-1.0
97.830205871,1.0,0.0,710.0,1.0,720.0,-10.0,-0.1,0.26980000000000004,0.16980000000000003,700.0,10.0,0.09768287984997187,0.2272,0.3248828798499719,-127.0,-1.0
97.847718998,1.0,0.0,710.0,1.0,720.0,-10.0,-0.1,0.26980000000000004,0.16980000000000003,720.0,-10.0,-0.09321453480001765,0.2272,0.13398546519998236,-127.0,-1.0
97.876317209,1.0,0.0,710.0,1.0,720.0,-10.0,-0.1,0.26980000000000004,0.16980000000000003,700.0,10.0,0.09821817579999334,0.2272,0.3254181757999933,-127.0,-1.0
97.893767336,1.0,0.0,710.0,1.0,720.0,-10.0,-0.1,0.26980000000000004,0.16980000000000003,720.0,-10.0,-0.09264763675000723,0.2272,0.13455236324999278,-127.0,-1.0
97.928321964,1.0,0.0,710.0,1.0,700.0,10.0,0.09157761059999757,0.26980000000000004,0.3613776105999976,700.0,10.0,0.09892993009999827,0.2272,0.3261299300999983,-127.0,-1.0
97.964126676,1.0,0.0,710.0,1.0,700.0,10.0,0.09323484620000727,0.26980000000000004,0.3630348462000073,700.0,10.0,0.1,0.2272,0.32720000000000005,-127.0,-1.0
97.983448136,1.0,0.0,710.0,1.0,720.0,-10.0,-0.09789450179998767,0.26980000000000004,0.17190549820001239,720.0,-10.0,-0.09112931884998489,0.2272,0.13607068115001514,-127.0,-1.0
98.001270721,1.0,0.0,710.0,1.0,720.0,-10.0,-0.09884623939999529,0.26980000000000004,0.17095376060000475,720.0,-10.0,-0.09208108560000255,0.2272,0.13511891439999746,-127.0,-1.0
98.021110182,1.0,0.0,710.0,1.0,720.0,-10.0,-0.09985211034997973,0.26980000000000004,0.1699478896500203,700.0,10.0,0.0989247853499819,0.2272,0.3261247853499819,-127.0,-1.0
98.043316809,1.0,0.0,710.0,1.0,700.0,10.0,0.09126549810001962,0.26980000000000004,0.36106549810001964,700.0,10.0,0.1,0.2272,0.32720000000000005,-127.0,-1.0
98.059970394,1.0,0.0,710.0,1.0,700.0,10.0,0.09213663360002557,0.26980000000000004,0.3619366336000256,700.0,10.0,0.1,0.2272,0.32720000000000005,-127.0,-1.0
98.094087814,1.0,0.0,710.0,1.0,720.0,-10.0,-0.0995343102999641,0.26980000000000004,0.17026568970003594,720.0,-10.0,-0.09167095849999442,0.2272,0.1355290415000056,-127.0,-1.0
98.119606608,1.0,0.0,710.0,1.0,720.0,-10.0,-0.1,0.26980000000000004,0.16980000000000003,700.0,10.0,0.09958204165002371,0.2272,0.3267820416500237,-127.0,-1.0
98.141386819,1.0,0.0,710.0,1.0,720.0,-10.0,-0.1,0.26980000000000004,0.16980000000000003,720.0,-10.0,-0.09157990009997775,0.2272,0.13562009990002227,-127.0,-1.0
98.170108988,1.0,0.0,710.0,1.0,720.0,-10.0,-0.1,0.26980000000000004,0.16980000000000003,720.0,-10.0,-0.09292198984996049,0.2272,0.13427801015003954,-127.0,-1.0
98.200761408,1.0,0.0,710.0,1.0,700.0,10.0,0.09157078560000628,0.26980000000000004,0.36137078560000635,720.0,-10.0,-0.094492760849962,0.2272,0.13270723915003801,-127.0,-1.0
98.219982535,1.0,0.0,710.0,1.0,720.0,-10.0,-0.09941332699997929,0.26980000000000004,0.17038667300002075,720.0,-10.0,-0.09547691719996237,0.2272,0.13172308280003764,-127.0,-1.0
98.243359912,1.0,0.0,710.0,1.0,720.0,-10.0,-0.1,0.26980000000000004,0.16980000000000003,720.0,-10.0,-0.09655758604996209,0.2272,0.13064241395003792,-127.0,-1.0
98.258899914,1.0,0.0,710.0,1.0,720.0,-10.0,-0.1,0.26980000000000004,0.16980000000000003,720.0,-10.0,-0.09743379654995807,0.2272,0.12976620345004194,-127.0,-1.0
98.287674875,1.0,0.0,710.0,1.0,700.0,10.0,0.0911172584500173,0.26980000000000004,0.3609172584500173,720.0,-10.0,-0.0985510695499579,0.2272,0.1286489304500421,-127.0,-1.0
98.312670711,1.0,0.0,710.0,1.0,720.0,-10.0,-0.1,0.26980000000000004,0.16980000000000003,700.0,10.0,0.09294954105005218,0.2272,0.3201495410500522,-127.0,-1.0
98.328215088,1.0,0.0,710.0,1.0,720.0,-10.0,-0.1,0.26980000000000004,0.16980000000000003,700.0,10.0,0.09381929110004421,0.2272,0.32101929110004424,-127.0,-1.0
98.352507423,1.0,0.0,710.0,1.0,700.0,10.0,0.09114285219999602,0.26980000000000004,0.36094285219999606,720.0,-10.0,-0.09732354654996925,0.2272,0.12987645345003077,-127.0,-1.0
98.370269925,1.0,0.0,710.0,1.0,700.0,10.0,0.0920096126999988,0.26980000000000004,0.36180961269999884,720.0,-10.0,-0.09819029244996727,0.2272,0.12900970755003274,-127.0,-1.0
98.401162678,1.0,0.0,710.0,1.0,720.0,-10.0,-0.0995594957999856,0.26980000000000004,0.17024050420001444,700.0,10.0,0.09337883065002188,0.2272,0.3205788306500219,-127.0,-1.0
98.429379973,1.0,0.0,710.0,1.0,720.0,-10.0,-0.1,0.26980000000000004,0.16980000000000003,720.0,-10.0,-0.09798243614999592,0.2272,0.1292175638500041,-127.0,-1.0
98.451540225,1.0,0.0,710.0,1.0,720.0,-10.0,-0.1,0.26980000000000004,0.16980000000000003,700.0,10.0,0.09323845144999723,0.2272,0.3204384514499973,-127.0,-1.0
98.470042394,1.0,0.0,710.0,1.0,720.0,-10.0,-0.1,0.26980000000000004,0.16980000000000003,700.0,10.0,0.09415113489999385,0.2272,0.3213511348999939,-127.0,-1.0
98.492386104,1.0,0.0,710.0,1.0,720.0,-10.0,-0.1,0.26980000000000004,0.16980000000000003,720.0,-10.0,-0.09674903599999653,0.2272,0.1304509640000035,-127.0,-1.0
98.51307344,1.0,0.0,710.0,1.0,700.0,10.0,0.09117112930001894,0.26980000000000004,0.36097112930001896,720.0,-10.0,-0.09792013615000542,0.2272,0.1292798638499946,-127.0,-1.0
98.533552525,1.0,0.0,710.0,1.0,700.0,10.0,0.09224272730001758,0.26980000000000004,0.36204272730001763,700.0,10.0,0.09315149100000326,0.2272,0.32035149100000326,-127.0,-1.0
98.555128277,1.0,0.0,710.0,1.0,720.0,-10.0,-0.0988130623999723,0.26980000000000004,0.17098693760002776,720.0,-10.0,-0.0979042695499993,0.2272,0.1292957304500007,-127.0,-1.0
98.575542321,1.0,0.0,710.0,1.0,720.0,-10.0,-0.09986966874996597,0.26980000000000004,0.16993033125003407,720.0,-10.0,-0.09896091964998505,0.2272,0.12823908035001497,-127.0,-1.0
98.594966448,1.0,0.0,710.0,1.0,720.0,-10.0,-0.1,0.26980000000000004,0.16980000000000003,700.0,10.0,0.09200916380002581,0.2272,0.31920916380002584,-127.0,-1.0
98.611606616,1.0,0.0,710.0,1.0,720.0,-10.0,-0.1,0.26980000000000004,0.16980000000000003,720.0,-10.0,-0.09881078419997721,0.2272,0.1283892158000228,-127.0,-1.0
98.627937326,1.0,0.0,710.0,1.0,720.0,-10.0,-0.1,0.26980000000000004,0.16980000000000003,720.0,-10.0,-0.09970706134996818,0.2272,0.12749293865003183,-127.0,-1.0
98.647563286,1.0,0.0,710.0,1.0,720.0,-10.0,-0.1,0.26980000000000004,0.16980000000000003,720.0,-10.0,-0.1,0.2272,0.1272,-127.0,-1.0
98.671584372,1.0,0.0,710.0,1.0,700.0,10.0,0.09101361470001393,0.26980000000000004,0.36081361470001394,700.0,10.0,0.09101361470001393,0.2272,0.31821361470001397,-127.0,-1.0
98.690199124,1.0,0.0,710.0,1.0,700.0,10.0,0.0920016356000042,0.26980000000000004,0.3618016356000042,700.0,10.0,0.09200165020000896,0.2272,0.31920165020000896,-127.0,-1.0
98.706576501,1.0,0.0,710.0,1.0,700.0,10.0,0.09288033985000312,0.26980000000000004,0.36268033985000314,720.0,-10.0,-0.09887705404998996,0.2272,0.12832294595001004,-127.0,-1.0
98.723243211,1.0,0.0,710.0,1.0,720.0,-10.0,-0.0979376102500055,0.26980000000000004,0.17186238974999454,720.0,-10.0,-0.09969501869998112,0.2272,0.1275049813000189,-127.0,-1.0
98.745175671,1.0,0.0,710.0,1.0,720.0,-10.0,-0.09901355409999724,0.26980000000000004,0.1707864459000028,700.0,10.0,0.09138083770002595,0.2272,0.318580837700026,-127.0,-1.0
98.762228256,1.0,0.0,710.0,1.0,720.0,-10.0,-0.09988673130001188,0.26980000000000004,0.16991326869998816,700.0,10.0,0.09225408775002052,0.2272,0.31945408775002054,-127.0,-1.0
98.779674008,1.0,0.0,710.0,1.0,700.0,10.0,0.09101263749997998,0.26980000000000004,0.36081263749998005,700.0,10.0,0.09315345660003459,0.2272,0.3203534566000346,-127.0,-1.0
98.804794385,1.0,0.0,710.0,1.0,720.0,-10.0,-0.09997596680002516,0.26980000000000004,0.16982403319997488,720.0,-10.0,-0.09783514764994834,0.2272,0.12936485235005168,-127.0,-1.0
98.822657804,1.0,0.0,710.0,1.0,720.0,-10.0,-0.1,0.26980000000000004,0.16980000000000003,720.0,-10.0,-0.09900763319994894,0.2272,0.12819236680005108,-127.0,-1.0
98.838051681,1.0,0.0,710.0,1.0,720.0,-10.0,-0.1,0.26980000000000004,0.16980000000000003,700.0,10.0,0.09179914605005252,0.2272,0.31899914605005253,-127.0,-1.0
98.856481807,1.0,0.0,710.0,1.0,700.0,10.0,0.0908148438499802,0.26980000000000004,0.3606148438499802,720.0,-10.0,-0.09901568319994566,0.2272,0.12818431680005435,-127.0,-1.0
98.883616727,1.0,0.0,710.0,1.0,720.0,-10.0,-0.1,0.26980000000000004,0.16980000000000003,720.0,-10.0,-0.1,0.2272,0.1272,-127.0,-1.0
98.922623356,1.0,0.0,710.0,1.0,700.0,10.0,0.09197960020000209,0.26980000000000004,0.3617796002000021,700.0,10.0,0.09197960020000209,0.2272,0.31917960020000213,-127.0,-1.0
98.948820858,1.0,0.0,710.0,1.0,720.0,-10.0,-0.0992595166000001,0.26980000000000004,0.17054048339999994,720.0,-10.0,-0.09925948744999005,0.2272,0.12794051255000996,-127.0,-1.0
98.966226943,1.0,0.0,710.0,1.0,720.0,-10.0,-0.1,0.26980000000000004,0.16980000000000003,720.0,-10.0,-0.1,0.2272,0.1272,-127.0,-1.0
98.986916904,1.0,0.0,710.0,1.0,720.0,-10.0,-0.1,0.26980000000000004,0.16980000000000003,700.0,10.0,0.09107849594999153,0.2272,0.3182784959499915,-127.0,-1.0
99.009169031,1.0,0.0,710.0,1.0,720.0,-10.0,-0.1,0.26980000000000004,0.16980000000000003,700.0,10.0,0.0921969939499968,0.2272,0.3193969939499968,-127.0,-1.0
99.029403991,1.0,0.0,710.0,1.0,720.0,-10.0,-0.1,0.26980000000000004,0.16980000000000003,700.0,10.0,0.09320314199998393,0.2272,0.32040314199998393,-127.0,-1.0
99.046001576,1.0,0.0,710.0,1.0,720.0,-10.0,-0.1,0.26980000000000004,0.16980000000000003,720.0,-10.0,-0.09764713930003381,0.2272,0.1295528606999662,-127.0,-1.0
99.06832487,1.0,0.0,710.0,1.0,700.0,10.0,0.09105678135000744,0.26980000000000004,0.3608567813500075,720.0,-10.0,-0.09870394985002803,0.2272,0.12849605014997198,-127.0,-1.0
99.085673789,1.0,0.0,710.0,1.0,700.0,10.0,0.09186733765001463,0.26980000000000004,0.3616673376500147,720.0,-10.0,-0.09951447700002518,0.2272,0.12768552299997482,-127.0,-1.0
99.105967082,1.0,0.0,710.0,1.0,700.0,10.0,0.09292322944999341,0.26980000000000004,0.36272322944999347,700.0,10.0,0.09154144394996365,0.2272,0.3187414439499637,-127.0,-1.0
99.136956086,1.0,0.0,710.0,1.0,720.0,-10.0,-0.09864141655002641,0.26980000000000004,0.17115858344997364,720.0,-10.0,-0.1,0.2272,0.1272,-127.0,-1.0
99.157938588,1.0,0.0,710.0,1.0,720.0,-10.0,-0.09981830625001749,0.26980000000000004,0.16998169374998257,720.0,-10.0,-0.1,0.2272,0.1272,-127.0,-1.0
99.182323673,1.0,0.0,710.0,1.0,720.0,-10.0,-0.1,0.26980000000000004,0.16980000000000003,700.0,10.0,0.09108621054998821,0.2272,0.31828621054998824,-127.0,-1.0
99.19890055,1.0,0.0,710.0,1.0,720.0,-10.0,-0.1,0.26980000000000004,0.16980000000000003,700.0,10.0,0.09197395645000142,0.2272,0.31917395645000146,-127.0,-1.0
99.21715276,1.0,0.0,710.0,1.0,700.0,10.0,0.09088614174999293,0.26980000000000004,0.360686141749993,720.0,-10.0,-0.09891217074998622,0.2272,0.1282878292500138,-127.0,-1.0
99.23515472,1.0,0.0,710.0,1.0,720.0,-10.0,-0.1,0.26980000000000004,0.16980000000000003,720.0,-10.0,-0.09980709164999553,0.2272,0.1273929083500045,-127.0,-1.0
99.257861848,1.0,0.0,710.0,1.0,720.0,-10.0,-0.1,0.26980000000000004,0.16980000000000003,720.0,-10.0,-0.1,0.2272,0.1272,-127.0,-1.0
99.273715683,1.0,0.0,710.0,1.0,720.0,-10.0,-0.1,0.26980000000000004,0.16980000000000003,700.0,10.0,0.09083889175000423,0.2272,0.3180388917500042,-127.0,-1.0
99.289274351,1.0,0.0,710.0,1.0,700.0,10.0,0.09073112090001359,0.26980000000000004,0.3605311209000136,700.0,10.0,0.09156998350000776,0.2272,0.3187699835000078,-127.0,-1.0
99.310977561,1.0,0.0,710.0,1.0,720.0,-10.0,-0.1,0.26980000000000004,0.16980000000000003,700.0,10.0,0.09242660859998977,0.2272,0.3196266085999898,-127.0,-1.0
99.328173355,1.0,0.0,710.0,1.0,720.0,-10.0,-0.1,0.26980000000000004,0.16980000000000003,720.0,-10.0,-0.09869449985001211,0.2272,0.1285055001499879,-127.0,-1.0
99.350422565,1.0,0.0,710.0,1.0,700.0,10.0,0.09106964384999629,0.26980000000000004,0.3608696438499963,700.0,10.0,0.09237520230000427,0.2272,0.3195752023000043,-127.0,-1.0
99.367072359,1.0,0.0,710.0,1.0,700.0,10.0,0.09188448764999976,0.26980000000000004,0.36168448764999983,700.0,10.0,0.09319006074998924,0.2272,0.32039006074998927,-127.0,-1.0
99.384260569,1.0,0.0,710.0,1.0,700.0,10.0,0.09275804399998379,0.26980000000000004,0.3625580439999838,720.0,-10.0,-0.09768348100001276,0.2272,0.12951651899998726,-127.0,-1.0
99.415918072,1.0,0.0,710.0,1.0,720.0,-10.0,-0.09881955200003176,0.26980000000000004,0.17098044799996828,720.0,-10.0,-0.0992610332500135,0.2272,0.1279389667499865,-127.0,-1.0
99.435021074,1.0,0.0,710.0,1.0,720.0,-10.0,-0.09972675210003672,0.26980000000000004,0.1700732478999633,700.0,10.0,0.09164610849999463,0.2272,0.3188461084999946,-127.0,-1.0
99.462384368,1.0,0.0,710.0,1.0,720.0,-10.0,-0.1,0.26980000000000004,0.16980000000000003,720.0,-10.0,-0.09969405619999634,0.2272,0.12750594380000368,-127.0,-1.0
99.47886587,1.0,0.0,710.0,1.0,720.0,-10.0,-0.1,0.26980000000000004,0.16980000000000003,720.0,-10.0,-0.1,0.2272,0.1272,-127.0,-1.0
99.496700122,1.0,0.0,710.0,1.0,720.0,-10.0,-0.1,0.26980000000000004,0.16980000000000003,720.0,-10.0,-0.1,0.2272,0.1272,-127.0,-1.0
99.51591979,1.0,0.0,710.0,1.0,720.0,-10.0,-0.1,0.26980000000000004,0.16980000000000003,720.0,-10.0,-0.1,0.2272,0.1272,-127.0,-1.0
99.534244334,1.0,0.0,710.0,1.0,720.0,-10.0,-0.1,0.26980000000000004,0.16980000000000003,700.0,10.0,0.09083396259999518,0.2272,0.31803396259999517,-127.0,-1.0
99.551423794,1.0,0.0,710.0,1.0,700.0,10.0,0.09079555009999694,0.26980000000000004,0.360595550099997,700.0,10.0,0.0916294981000101,0.2272,0.3188294981000101,-127.0,-1.0
99.580238713,1.0,0.0,710.0,1.0,720.0,-10.0,-0.1,0.26980000000000004,0.16980000000000003,720.0,-10.0,-0.09981754784998884,0.2272,0.12738245215001118,-127.0,-1.0
99.597447632,1.0,0.0,710.0,1.0,720.0,-10.0,-0.1,0.26980000000000004,0.16980000000000003,720.0,-10.0,-0.1,0.2272,0.1272,-127.0,-1.0
99.615691967,1.0,0.0,710.0,1.0,720.0,-10.0,-0.1,0.26980000000000004,0.16980000000000003,700.0,10.0,0.09090804589999607,0.2272,0.3181080458999961,-127.0,-1.0
99.63188326,1.0,0.0,710.0,1.0,720.0,-10.0,-0.1,0.26980000000000004,0.16980000000000003,720.0,-10.0,-0.09989920000000438,0.2272,0.12730079999999563,-127.0,-1.0
99.64765222,1.0,0.0,710.0,1.0,720.0,-10.0,-0.1,0.26980000000000004,0.16980000000000003,720.0,-10.0,-0.1,0.2272,0.1272,-127.0,-1.0
99.667575389,1.0,0.0,710.0,1.0,720.0,-10.0,-0.1,0.26980000000000004,0.16980000000000003,720.0,-10.0,-0.1,0.2272,0.1272,-127.0,-1.0
99.686782516,1.0,0.0,710.0,1.0,700.0,10.0,0.09080405214998791,0.26980000000000004,0.3606040521499879,700.0,10.0,0.09080405215001065,0.2272,0.31800405215001065,-127.0,-1.0
99.703907143,1.0,0.0,710.0,1.0,700.0,10.0,0.09167626684999505,0.26980000000000004,0.3614762668499951,700.0,10.0,0.09167628140000034,0.2272,0.31887628140000035,-127.0,-1.0
99.720334394,1.0,0.0,710.0,1.0,700.0,10.0,0.09251782734999324,0.26980000000000004,0.3623178273499933,700.0,10.0,0.09251779815000646,0.2272,0.31971779815000645,-127.0,-1.0
99.737251938,1.0,0.0,710.0,1.0,720.0,-10.0,-0.09831731649999256,0.26980000000000004,0.17148268350000748,720.0,-10.0,-0.0983173748499894,0.2272,0.12888262515001062,-127.0,-1.0
99.75896419,1.0,0.0,710.0,1.0,720.0,-10.0,-0.09939327490001233,0.26980000000000004,0.17040672509998772,720.0,-10.0,-0.09939334789999066,0.2272,0.12780665210000935,-127.0,-1.0
99.788138443,1.0,0.0,710.0,1.0,700.0,10.0,0.09194996689997424,0.26980000000000004,0.3617499668999743,700.0,10.0,0.09194983555002181,0.2272,0.31914983555002185,-127.0,-1.0
99.804776569,1.0,0.0,710.0,1.0,720.0,-10.0,-0.098998051950025,0.26980000000000004,0.17080194804997503,700.0,10.0,0.09289788355000837,0.2272,0.3200978835500084,-127.0,-1.0
99.829028947,1.0,0.0,710.0,1.0,720.0,-10.0,-0.0999219791500309,0.26980000000000004,0.16987802084996914,720.0,-10.0,-0.09802602904999276,0.2272,0.12917397095000727,-127.0,-1.0
99.84793799,1.0,0.0,710.0,1.0,700.0,10.0,0.09128534594996382,0.26980000000000004,0.3610853459499639,720.0,-10.0,-0.09923335419998694,0.2272,0.12796664580001307,-127.0,-1.0
99.867495701,1.0,0.0,710.0,1.0,720.0,-10.0,-0.09971381665004628,0.26980000000000004,0.17008618334995376,700.0,10.0,0.09176582295002846,0.2272,0.31896582295002845,-127.0,-1.0
99.888448453,1.0,0.0,710.0,1.0,720.0,-10.0,-0.1,0.26980000000000004,0.16980000000000003,720.0,-10.0,-0.09926523339995583,0.2272,0.1279347666000442,-127.0,-1.0
99.920249748,1.0,0.0,710.0,1.0,700.0,10.0,0.09160397725001077,0.26980000000000004,0.36140397725001083,720.0,-10.0,-0.1,0.2272,0.1272,-127.0,-1.0
99.943221708,1.0,0.0,710.0,1.0,720.0,-10.0,-0.09953929784999219,0.26980000000000004,0.17026070215000785,700.0,10.0,0.09114326054999765,0.2272,0.3183432605499977,-127.0,-1.0
99.972498919,1.0,0.0,710.0,1.0,720.0,-10.0,-0.1,0.26980000000000004,0.16980000000000003,700.0,10.0,0.09254098564998912,0.2272,0.31974098564998915,-127.0,-1.0
99.994610463,1.0,0.0,710.0,1.0,700.0,10.0,0.09114759180000874,0.26980000000000004,0.3609475918000088,720.0,-10.0,-0.09860660615001962,0.2272,0.1285933938499804,-127.0,-1.0
100.012971757,1.0,0.0,710.0,1.0,720.0,-10.0,-0.09975928744997872,0.26980000000000004,0.17004071255002132,720.0,-10.0,-0.09951350000001184,0.2272,0.12768649999998816,-127.0,-1.0
100.034959634,1.0,0.0,710.0,1.0,720.0,-10.0,-0.1,0.26980000000000004,0.16980000000000003,700.0,10.0,0.091646327200001,0.2272,0.318846327200001,-127.0,-1.0
100.051208094,1.0,0.0,710.0,1.0,720.0,-10.0,-0.1,0.26980000000000004,0.16980000000000003,700.0,10.0,0.09252115229998253,0.2272,0.31972115229998255,-127.0,-1.0
100.068051262,1.0,0.0,710.0,1.0,700.0,10.0,0.09076668964998134,0.26980000000000004,0.3605666896499814,720.0,-10.0,-0.09824553735002155,0.2272,0.12895446264997845,-127.0,-1.0
100.088794015,1.0,0.0,710.0,1.0,700.0,10.0,0.0918159459999879,0.26980000000000004,0.3616159459999879,720.0,-10.0,-0.0992947937000281,0.2272,0.12790520629997193,-127.0,-1.0
100.105719141,1.0,0.0,710.0,1.0,720.0,-10.0,-0.09900118745001692,0.26980000000000004,0.17079881254998314,720.0,-10.0,-0.1,0.2272,0.1272,-127.0,-1.0
100.127851685,1.0,0.0,710.0,1.0,720.0,-10.0,-0.1,0.26980000000000004,0.16980000000000003,700.0,10.0,0.09113550219998615,0.2272,0.3183355021999862,-127.0,-1.0
100.144861103,1.0,0.0,710.0,1.0,700.0,10.0,0.0908600376000004,0.26980000000000004,0.3606600376000004,700.0,10.0,0.09199551064999924,0.2272,0.31919551064999924,-127.0,-1.0
100.16188948,1.0,0.0,710.0,1.0,720.0,-10.0,-0.09998890204999497,0.26980000000000004,0.16981109795000507,720.0,-10.0,-0.0988534436000009,0.2272,0.12834655639999912,-127.0,-1.0
100.182565149,1.0,0.0,710.0,1.0,720.0,-10.0,-0.1,0.26980000000000004,0.16980000000000003,720.0,-10.0,-0.09986873534999177,0.2272,0.12733126465000824,-127.0,-1.0
100.201384359,1.0,0.0,710.0,1.0,700.0,10.0,0.09095118345000174,0.26980000000000004,0.3607511834500018,700.0,10.0,0.09108243350000521,0.2272,0.31828243350000524,-127.0,-1.0
100.218133319,1.0,0.0,710.0,1.0,700.0,10.0,0.09177789809999923,0.26980000000000004,0.3615778980999993,700.0,10.0,0.09190916275000746,0.2272,0.31910916275000745,-127.0,-1.0
100.240945155,1.0,0.0,710.0,1.0,720.0,-10.0,-0.09936988330000532,0.26980000000000004,0.17043011669999472,720.0,-10.0,-0.09923863320000237,0.2272,0.12796136679999764,-127.0,-1.0
100.261764907,1.0,0.0,710.0,1.0,720.0,-10.0,-0.1,0.26980000000000004,0.16980000000000003,720.0,-10.0,-0.1,0.2272,0.1272,-127.0,-1.0
100.275653783,1.0,0.0,710.0,1.0,700.0,10.0,0.09080314799999997,0.26980000000000004,0.36060314800000004,720.0,-10.0,-0.1,0.2272,0.1272,-127.0,-1.0
100.292896827,1.0,0.0,710.0,1.0,720.0,-10.0,-0.0999113479000016,0.26980000000000004,0.16988865209999843,700.0,10.0,0.09071452505001162,0.2272,0.3179145250500116,-127.0,-1.0
100.30857712,1.0,0.0,710.0,1.0,720.0,-10.0,-0.1,0.26980000000000004,0.16980000000000003,700.0,10.0,0.09153755015001025,0.2272,0.31873755015001026,-127.0,-1.0
100.325334247,1.0,0.0,710.0,1.0,720.0,-10.0,-0.1,0.26980000000000004,0.16980000000000003,700.0,10.0,0.0924140377500089,0.2272,0.3196140377500089,-127.0,-1.0
100.344934249,1.0,0.0,710.0,1.0,720.0,-10.0,-0.1,0.26980000000000004,0.16980000000000003,720.0,-10.0,-0.09837389979998079,0.2272,0.12882610020001922,-127.0,-1.0
100.363241292,1.0,0.0,710.0,1.0,720.0,-10.0,-0.1,0.26980000000000004,0.16980000000000003,720.0,-10.0,-0.09950194994999037,0.2272,0.12769805005000964,-127.0,-1.0
100.382486336,1.0,0.0,710.0,1.0,700.0,10.0,0.09087476675000744,0.26980000000000004,0.3606747667500075,700.0,10.0,0.09137281680001706,0.2272,0.3185728168000171,-127.0,-1.0
100.400862504,1.0,0.0,710.0,1.0,720.0,-10.0,-0.1,0.26980000000000004,0.16980000000000003,700.0,10.0,0.09230285439999988,0.2272,0.3195028543999999,-127.0,-1.0
100.434179299,1.0,0.0,710.0,1.0,720.0,-10.0,-0.1,0.26980000000000004,0.16980000000000003,720.0,-10.0,-0.09934873740000967,0.2272,0.12785126259999036,-127.0,-1.0
100.46308726,1.0,0.0,710.0,1.0,700.0,10.0,0.0914044626499981,0.26980000000000004,0.36120446264999817,700.0,10.0,0.09205573984999318,0.2272,0.3192557398499932,-127.0,-1.0
100.492904347,1.0,0.0,710.0,1.0,720.0,-10.0,-0.1,0.26980000000000004,0.16980000000000003,720.0,-10.0,-0.09944418530001257,0.2272,0.12775581469998742,-127.0,-1.0
100.507452973,1.0,0.0,710.0,1.0,720.0,-10.0,-0.1,0.26980000000000004,0.16980000000000003,720.0,-10.0,-0.1,0.2272,0.1272,-127.0,-1.0
100.527086809,1.0,0.0,710.0,1.0,700.0,10.0,0.09101325010000437,0.26980000000000004,0.3608132501000044,720.0,-10.0,-0.1,0.2272,0.1272,-127.0,-1.0
100.543223852,1.0,0.0,710.0,1.0,720.0,-10.0,-0.09969927704999008,0.26980000000000004,0.17010072295000994,700.0,10.0,0.09071242505000555,0.2272,0.31791242505000555,-127.0,-1.0
100.560108145,1.0,0.0,710.0,1.0,720.0,-10.0,-0.1,0.26980000000000004,0.16980000000000003,700.0,10.0,0.09155962930000441,0.2272,0.31875962930000445,-127.0,-1.0
100.575474605,1.0,0.0,710.0,1.0,720.0,-10.0,-0.1,0.26980000000000004,0.16980000000000003,720.0,-10.0,-0.09926096040001084,0.2272,0.12793903959998917,-127.0,-1.0
100.594949774,1.0,0.0,710.0,1.0,700.0,10.0,0.0909259396500056,0.26980000000000004,0.36072593965000566,720.0,-10.0,-0.1,0.2272,0.1272,-127.0,-1.0
100.60970665,1.0,0.0,710.0,1.0,720.0,-10.0,-0.09988884584997777,0.26980000000000004,0.16991115415002228,720.0,-10.0,-0.1,0.2272,0.1272,-127.0,-1.0
100.628698527,1.0,0.0,710.0,1.0,720.0,-10.0,-0.1,0.26980000000000004,0.16980000000000003,700.0,10.0,0.09086378549999609,0.2272,0.3180637854999961,-127.0,-1.0
100.642881987,1.0,0.0,710.0,1.0,720.0,-10.0,-0.1,0.26980000000000004,0.16980000000000003,720.0,-10.0,-0.09991292290001183,0.2272,0.12728707709998818,-127.0,-1.0
100.668814364,1.0,0.0,710.0,1.0,700.0,10.0,0.09122938970000632,0.26980000000000004,0.36102938970000636,720.0,-10.0,-0.1,0.2272,0.1272,-127.0,-1.0
100.687614325,1.0,0.0,710.0,1.0,720.0,-10.0,-0.09976611249999223,0.26980000000000004,0.1700338875000078,720.0,-10.0,-0.1,0.2272,0.1272,-127.0,-1.0
100.706881243,1.0,0.0,710.0,1.0,720.0,-10.0,-0.1,0.26980000000000004,0.16980000000000003,700.0,10.0,0.09087879175000581,0.2272,0.3180787917500058,-127.0,-1.0
100.723248703,1.0,0.0,710.0,1.0,720.0,-10.0,-0.1,0.26980000000000004,0.16980000000000003,720.0,-10.0,-0.1,0.2272,0.1272,-127.0,-1.0
100.739662538,1.0,0.0,710.0,1.0,700.0,10.0,0.09085967300001357,0.26980000000000004,0.3606596730000136,720.0,-10.0,-0.1,0.2272,0.1272,-127.0,-1.0
100.755258248,1.0,0.0,710.0,1.0,700.0,10.0,0.09163652725000247,0.26980000000000004,0.3614365272500025,720.0,-10.0,-0.1,0.2272,0.1272,-127.0,-1.0
100.776915959,1.0,0.0,710.0,1.0,720.0,-10.0,-0.09935623325000051,0.26980000000000004,0.17044376674999953,700.0,10.0,0.09099273134999294,0.2272,0.31819273134999293,-127.0,-1.0
100.794477794,1.0,0.0,710.0,1.0,720.0,-10.0,-0.1,0.26980000000000004,0.16980000000000003,700.0,10.0,0.09180200434999733,0.2272,0.31900200434999737,-127.0,-1.0
100.811347504,1.0,0.0,710.0,1.0,720.0,-10.0,-0.1,0.26980000000000004,0.16980000000000003,720.0,-10.0,-0.09916421450000143,0.2272,0.12803578549999858,-127.0,-1.0
100.829385922,1.0,0.0,710.0,1.0,700.0,10.0,0.0908350708999842,0.26980000000000004,0.36063507089998426,720.0,-10.0,-0.0999992999999904,0.2272,0.1272007000000096,-127.0,-1.0
100.852258425,1.0,0.0,710.0,1.0,720.0,-10.0,-0.1,0.26980000000000004,0.16980000000000003,700.0,10.0,0.09095577715001127,0.2272,0.3181557771500113,-127.0,-1.0
100.873741718,1.0,0.0,710.0,1.0,720.0,-10.0,-0.1,0.26980000000000004,0.16980000000000003,700.0,10.0,0.09218280435001361,0.2272,0.31938280435001365,-127.0,-1.0
100.896910262,1.0,0.0,710.0,1.0,700.0,10.0,0.09105320845000278,0.26980000000000004,0.3608532084500028,720.0,-10.0,-0.09887041869999394,0.2272,0.12832958130000607,-127.0,-1.0
100.917065014,1.0,0.0,710.0,1.0,720.0,-10.0,-0.1,0.26980000000000004,0.16980000000000003,700.0,10.0,0.09226657099999556,0.2272,0.3194665709999956,-127.0,-1.0
100.950686018,1.0,0.0,710.0,1.0,720.0,-10.0,-0.1,0.26980000000000004,0.16980000000000003,720.0,-10.0,-0.0993921083000032,0.2272,0.12780789169999682,-127.0,-1.0
100.968403603,1.0,0.0,710.0,1.0,700.0,10.0,0.09090881884998453,0.26980000000000004,0.36070881884998457,720.0,-10.0,-0.1,0.2272,0.1272,-127.0,-1.0
100.99319673,1.0,0.0,710.0,1.0,720.0,-10.0,-0.1,0.26980000000000004,0.16980000000000003,700.0,10.0,0.0912055459499834,0.2272,0.3184055459499834,-127.0,-1.0
101.00881344,1.0,0.0,710.0,1.0,720.0,-10.0,-0.1,0.26980000000000004,0.16980000000000003,700.0,10.0,0.0920759230999829,0.2272,0.31927592309998293,-127.0,-1.0
101.024759442,1.0,0.0,710.0,1.0,720.0,-10.0,-0.1,0.26980000000000004,0.16980000000000003,720.0,-10.0,-0.09874605200002406,0.2272,0.12845394799997595,-127.0,-1.0
101.040502152,1.0,0.0,710.0,1.0,700.0,10.0,0.09071127300000172,0.26980000000000004,0.36051127300000174,720.0,-10.0,-0.09945732500002577,0.2272,0.12774267499997424,-127.0,-1.0
101.056897028,1.0,0.0,710.0,1.0,700.0,10.0,0.09154561475001174,0.26980000000000004,0.3613456147500118,720.0,-10.0,-0.1,0.2272,0.1272,-127.0,-1.0
101.075558447,1.0,0.0,710.0,1.0,720.0,-10.0,-0.09928378324998448,0.26980000000000004,0.17051621675001555,700.0,10.0,0.09082941260000098,0.2272,0.318029412600001,-127.0,-1.0
101.096520532,1.0,0.0,710.0,1.0,720.0,-10.0,-0.1,0.26980000000000004,0.16980000000000003,720.0,-10.0,-0.1,0.2272,0.1272,-127.0,-1.0
101.113064159,1.0,0.0,710.0,1.0,720.0,-10.0,-0.1,0.26980000000000004,0.16980000000000003,720.0,-10.0,-0.1,0.2272,0.1272,-127.0,-1.0
101.129268577,1.0,0.0,710.0,1.0,720.0,-10.0,-0.1,0.26980000000000004,0.16980000000000003,720.0,-10.0,-0.1,0.2272,0.1272,-127.0,-1.0
101.145444704,1.0,0.0,710.0,1.0,720.0,-10.0,-0.1,0.26980000000000004,0.16980000000000003,700.0,10.0,0.0906852417500113,0.2272,0.3178852417500113,-127.0,-1.0
101.162753081,1.0,0.0,710.0,1.0,720.0,-10.0,-0.1,0.26980000000000004,0.16980000000000003,700.0,10.0,0.0915850189000048,0.2272,0.3187850189000048,-127.0,-1.0
101.181219958,1.0,0.0,710.0,1.0,700.0,10.0,0.09083033134999369,0.26980000000000004,0.3606303313499937,700.0,10.0,0.09241535024999849,0.2272,0.3196153502499985,-127.0,-1.0
101.204147293,1.0,0.0,710.0,1.0,700.0,10.0,0.0920024377000027,0.26980000000000004,0.36180243770000275,720.0,-10.0,-0.09875675610001053,0.2272,0.12844324389998948,-127.0,-1.0
101.220217253,1.0,0.0,710.0,1.0,720.0,-10.0,-0.09879640824999569,0.26980000000000004,0.17100359175000435,720.0,-10.0,-0.09955558745000417,0.2272,0.12764441254999584,-127.0,-1.0
101.238108963,1.0,0.0,710.0,1.0,720.0,-10.0,-0.09967977915000574,0.26980000000000004,0.17012022084999429,700.0,10.0,0.0913277980499879,0.2272,0.31852779804998793,-127.0,-1.0
101.254126715,1.0,0.0,710.0,1.0,720.0,-10.0,-0.1,0.26980000000000004,0.16980000000000003,700.0,10.0,0.09214570435000496,0.2272,0.319345704350005,-127.0,-1.0
101.282622551,1.0,0.0,710.0,1.0,720.0,-10.0,-0.1,0.26980000000000004,0.16980000000000003,720.0,-10.0,-0.09925629374999971,0.2272,0.1279437062500003,-127.0,-1.0
101.309686012,1.0,0.0,710.0,1.0,720.0,-10.0,-0.1,0.26980000000000004,0.16980000000000003,720.0,-10.0,-0.1,0.2272,0.1272,-127.0,-1.0
101.338296473,1.0,0.0,710.0,1.0,700.0,10.0,0.09138171265000437,0.26980000000000004,0.3611817126500044,700.0,10.0,0.09138169804999961,0.2272,0.31858169804999964,-127.0,-1.0
101.370199268,1.0,0.0,710.0,1.0,700.0,10.0,0.09281971695001176,0.26980000000000004,0.36261971695001183,720.0,-10.0,-0.1,0.2272,0.1272,-127.0,-1.0
101.391667979,1.0,0.0,710.0,1.0,720.0,-10.0,-0.098559997749976,0.26980000000000004,0.17124000225002406,720.0,-10.0,-0.1,0.2272,0.1272,-127.0,-1.0
101.409894522,1.0,0.0,710.0,1.0,720.0,-10.0,-0.0993661790999795,0.26980000000000004,0.17043382090002054,700.0,10.0,0.0908061813500035,0.2272,0.3180061813500035,-127.0,-1.0
101.437133858,1.0,0.0,710.0,1.0,720.0,-10.0,-0.1,0.26980000000000004,0.16980000000000003,720.0,-10.0,-0.1,0.2272,0.1272,-127.0,-1.0
101.452887943,1.0,0.0,710.0,1.0,720.0,-10.0,-0.1,0.26980000000000004,0.16980000000000003,720.0,-10.0,-0.1,0.2272,0.1272,-127.0,-1.0
101.483355155,1.0,0.0,710.0,1.0,720.0,-10.0,-0.1,0.26980000000000004,0.16980000000000003,700.0,10.0,0.09147350014999575,0.2272,0.31867350014999574,-127.0,-1.0
101.517406075,1.0,0.0,710.0,1.0,700.0,10.0,0.09158265640000082,0.26980000000000004,0.3613826564000009,700.0,10.0,0.0930561419499918,0.2272,0.3202561419499918,-127.0,-1.0
101.535287285,1.0,0.0,710.0,1.0,700.0,10.0,0.09254028570000174,0.26980000000000004,0.36234028570000176,720.0,-10.0,-0.09790148730000965,0.2272,0.12929851269999038,-127.0,-1.0
101.559059871,1.0,0.0,710.0,1.0,720.0,-10.0,-0.09865050190001057,0.26980000000000004,0.17114949809998947,720.0,-10.0,-0.09909228950000397,0.2272,0.12810771049999603,-127.0,-1.0
101.58659204,1.0,0.0,695.0,0.9,720.0,-25.0,-0.2425,0.2641,0.021600000000000008,700.0,-5.0,-0.05228042602500636,0.22240000000000001,0.17011957397499367,-127.0,-1.0
101.611965584,1.0,0.0,695.0,0.9,700.0,-5.0,-0.0525,0.2641,0.2116,700.0,-5.0,-0.0525,0.22240000000000001,0.16990000000000002,-127.0,-1.0
101.64021817,1.0,0.0,695.0,0.9,720.0,-25.0,-0.2425,0.2641,0.021600000000000008,700.0,-5.0,-0.0525,0.22240000000000001,0.16990000000000002,-127.0,-1.0
101.656250797,1.0,0.0,695.0,0.9,720.0,-25.0,-0.2425,0.2641,0.021600000000000008,720.0,-25.0,-0.2425,0.22240000000000001,-0.02009999999999998,-127.0,-1.0
101.677153674,1.0,0.0,695.0,0.9,700.0,-5.0,-0.0525,0.2641,0.2116,720.0,-25.0,-0.2425,0.22240000000000001,-0.02009999999999998,-127.0,-1.0
101.692797801,1.0,0.0,695.0,0.9,700.0,-5.0,-0.0525,0.2641,0.2116,720.0,-25.0,-0.2425,0.22240000000000001,-0.02009999999999998,-127.0,-1.0
101.719120137,1.0,0.0,695.0,0.9,700.0,-5.0,-0.0525,0.2641,0.2116,680.0,15.0,0.13940305959998794,0.22240000000000001,0.36180305959998793,-127.0,-1.0
101.73530793,1.0,0.0,695.0,0.9,700.0,-5.0,-0.0525,0.2641,0.2116,680.0,15.0,0.14061909092499716,0.22240000000000001,0.3630190909249972,-127.0,-1.0
101.761186933,1.0,0.0,695.0,0.9,700.0,-5.0,-0.0525,0.2641,0.2116,680.0,15.0,0.14255997242499915,0.22240000000000001,0.36495997242499917,-127.0,-1.0
101.777649768,1.0,0.0,695.0,0.9,700.0,-5.0,-0.0525,0.2641,0.2116,680.0,15.0,0.1437682599999789,0.22240000000000001,0.36616825999997893,-127.0,-1.0
101.80175252,1.0,0.0,695.0,0.9,700.0,-5.0,-0.0525,0.2641,0.2116,680.0,15.0,0.1455681789249752,0.22240000000000001,0.36796817892497524,-127.0,-1.0
101.825976314,1.0,0.0,695.0,0.9,700.0,-5.0,-0.0525,0.2641,0.2116,680.0,15.0,0.1472980978749774,0.22240000000000001,0.3696980978749774,-127.0,-1.0
101.848598275,1.0,0.0,695.0,0.9,700.0,-5.0,-0.0525,0.2641,0.2116,700.0,-5.0,-0.043299855325030875,0.22240000000000001,0.17910014467496915,-127.0,-1.0
101.878827486,1.0,0.0,695.0,0.9,680.0,15.0,0.13936543450000727,0.2641,0.40346543450000727,680.0,15.0,0.1475,0.22240000000000001,0.3699,-127.0,-1.0
101.897341321,1.0,0.0,695.0,0.9,680.0,15.0,0.14103850029999876,0.2641,0.40513850029999876,700.0,-5.0,-0.04305771047500457,0.22240000000000001,0.17934228952499545,-127.0,-1.0
101.932861075,1.0,0.0,695.0,0.9,700.0,-5.0,-0.04983681332500055,0.2641,0.21426318667499944,700.0,-5.0,-0.043933024100003874,0.22240000000000001,0.17846697589999613,-127.0,-1.0
101.960950328,1.0,0.0,695.0,0.9,700.0,-5.0,-0.05055719362499304,0.2641,0.21354280637500697,680.0,15.0,0.1475,0.22240000000000001,0.3699,-127.0,-1.0
101.977778329,1.0,0.0,695.0,0.9,700.0,-5.0,-0.05097386137499825,0.2641,0.21312613862500174,700.0,-5.0,-0.04291667504999623,0.22240000000000001,0.1794833249500038,-127.0,-1.0
102.009626291,1.0,0.0,695.0,0.9,680.0,15.0,0.14142858257498572,0.2641,0.4055285825749857,700.0,-5.0,-0.04371748969999089,0.22240000000000001,0.17868251030000912,-127.0,-1.0
102.048341253,1.0,0.0,695.0,0.9,680.0,15.0,0.1442240547250094,0.2641,0.40832405472500943,700.0,-5.0,-0.04464930647499614,0.22240000000000001,0.1777506935250039,-127.0,-1.0
102.075160006,0.0,0.0,695.0,0.9,720.0,-25.0,-0.23937106552498788,0.2641,0.02472893447501212,680.0,15.0,0.1475,0.22240000000000001,0.3699,-127.0,-1.0
102.093766008,1.0,0.0,695.0,0.9,720.0,-25.0,-0.24169364377500413,0.2641,0.02240635622499587,700.0,-5.0,-0.042964508375000605,0.22240000000000001,0.17943549162499942,-127.0,-1.0
102.133330303,1.0,0.0,710.0,1.0,700.0,10.0,0.09277294812498213,0.26980000000000004,0.3625729481249822,700.0,10.0,0.1,0.2272,0.32720000000000005,-127.0,-1.0
102.159845139,1.0,0.0,710.0,1.0,720.0,-10.0,-0.09864068742502922,0.26980000000000004,0.1711593125749708,700.0,10.0,0.1,0.2272,0.32720000000000005,-127.0,-1.0
102.177668891,1.0,0.0,710.0,1.0,720.0,-10.0,-0.09954021667502957,0.26980000000000004,0.17025978332497047,700.0,10.0,0.1,0.2272,0.32720000000000005,-127.0,-1.0
102.193226393,1.0,0.0,710.0,1.0,700.0,10.0,0.09124530007495878,0.26980000000000004,0.36104530007495883,700.0,10.0,0.1,0.2272,0.32720000000000005,-127.0,-1.0
102.209010811,1.0,0.0,710.0,1.0,700.0,10.0,0.09194713762497259,0.26980000000000004,0.3617471376249726,700.0,10.0,0.1,0.2272,0.32720000000000005,-127.0,-1.0
102.22895498,1.0,0.0,710.0,1.0,720.0,-10.0,-0.09911998332501071,0.26980000000000004,0.17068001667498933,700.0,10.0,0.1,0.2272,0.32720000000000005,-127.0,-1.0
102.244839148,1.0,0.0,710.0,1.0,720.0,-10.0,-0.09987547297502034,0.26980000000000004,0.1699245270249797,700.0,10.0,0.1,0.2272,0.32720000000000005,-127.0,-1.0
102.263105941,1.0,0.0,710.0,1.0,720.0,-10.0,-0.1,0.26980000000000004,0.16980000000000003,700.0,10.0,0.1,0.2272,0.32720000000000005,-127.0,-1.0
102.27832161,1.0,0.0,710.0,1.0,720.0,-10.0,-0.1,0.26980000000000004,0.16980000000000003,700.0,10.0,0.1,0.2272,0.32720000000000005,-127.0,-1.0
102.292457236,1.0,0.0,710.0,1.0,720.0,-10.0,-0.1,0.26980000000000004,0.16980000000000003,700.0,10.0,0.1,0.2272,0.32720000000000005,-127.0,-1.0
102.306485237,1.0,0.0,710.0,1.0,720.0,-10.0,-0.1,0.26980000000000004,0.16980000000000003,700.0,10.0,0.1,0.2272,0.32720000000000005,-127.0,-1.0
102.332179323,1.0,0.0,710.0,1.0,720.0,-10.0,-0.1,0.26980000000000004,0.16980000000000003,720.0,-10.0,-0.09112619804999668,0.2272,0.13607380195000335,-127.0,-1.0
102.349389992,1.0,0.0,710.0,1.0,720.0,-10.0,-0.1,0.26980000000000004,0.16980000000000003,720.0,-10.0,-0.09205165644999852,0.2272,0.1351483435500015,-127.0,-1.0
102.366435577,1.0,0.0,710.0,1.0,720.0,-10.0,-0.1,0.26980000000000004,0.16980000000000003,720.0,-10.0,-0.09284408570000778,0.2272,0.13435591429999222,-127.0,-1.0
102.390951912,1.0,0.0,710.0,1.0,700.0,10.0,0.09090161470000112,0.26980000000000004,0.36070161470000117,700.0,10.0,0.09805751439998858,0.2272,0.3252575143999886,-127.0,-1.0
102.413848623,1.0,0.0,710.0,1.0,700.0,10.0,0.092178939800001,0.26980000000000004,0.36197893980000106,720.0,-10.0,-0.09321982529999331,0.2272,0.1339801747000067,-127.0,-1.0
102.433721333,1.0,0.0,710.0,1.0,720.0,-10.0,-0.09895113739999033,0.26980000000000004,0.1708488626000097,700.0,10.0,0.09791025190002074,0.2272,0.32511025190002074,-127.0,-1.0
102.455215711,1.0,0.0,710.0,1.0,720.0,-10.0,-0.1,0.26980000000000004,0.16980000000000003,720.0,-10.0,-0.09314609194997502,0.2272,0.13405390805002498,-127.0,-1.0
102.474869088,1.0,0.0,710.0,1.0,700.0,10.0,0.09103737095000725,0.26980000000000004,0.3608373709500073,700.0,10.0,0.09789141025003119,0.2272,0.3250914102500312,-127.0,-1.0
102.493116048,1.0,0.0,710.0,1.0,720.0,-10.0,-0.09989726034998511,0.26980000000000004,0.16990273965001493,720.0,-10.0,-0.09304323564996594,0.2272,0.13415676435003407,-127.0,-1.0
102.510513966,1.0,0.0,710.0,1.0,720.0,-10.0,-0.1,0.26980000000000004,0.16980000000000003,720.0,-10.0,-0.09390441074996489,0.2272,0.13329558925003512,-127.0,-1.0
102.526567593,1.0,0.0,710.0,1.0,720.0,-10.0,-0.1,0.26980000000000004,0.16980000000000003,720.0,-10.0,-0.09478135044995725,0.2272,0.13241864955004276,-127.0,-1.0
102.567958014,1.0,0.0,710.0,1.0,720.0,-10.0,-0.1,0.26980000000000004,0.16980000000000003,700.0,10.0,0.09726738930005467,0.2272,0.3244673893000547,-127.0,-1.0
102.591470433,1.0,0.0,710.0,1.0,720.0,-10.0,-0.1,0.26980000000000004,0.16980000000000003,720.0,-10.0,-0.09390846499994951,0.2272,0.1332915350000505,-127.0,-1.0
102.608941559,1.0,0.0,710.0,1.0,720.0,-10.0,-0.1,0.26980000000000004,0.16980000000000003,720.0,-10.0,-0.09477720884994142,0.2272,0.1324227911500586,-127.0,-1.0
102.638619229,1.0,0.0,710.0,1.0,700.0,10.0,0.09137988970000152,0.26980000000000004,0.3611798897000016,720.0,-10.0,-0.0961571131499477,0.2272,0.13104288685005233,-127.0,-1.0
102.662339023,1.0,0.0,710.0,1.0,700.0,10.0,0.09260318354999073,0.26980000000000004,0.3624031835499908,700.0,10.0,0.09506618070004151,0.2272,0.32226618070004154,-127.0,-1.0
102.694540485,1.0,0.0,710.0,1.0,720.0,-10.0,-0.09902427290001015,0.26980000000000004,0.1707757270999899,720.0,-10.0,-0.09656127574995935,0.2272,0.13063872425004067,-127.0,-1.0
102.722710529,1.0,0.0,710.0,1.0,720.0,-10.0,-0.1,0.26980000000000004,0.16980000000000003,720.0,-10.0,-0.0979566237999643,0.2272,0.12924337620003573,-127.0,-1.0
102.742949281,1.0,0.0,710.0,1.0,700.0,10.0,0.09104165845000353,0.26980000000000004,0.3608416584500036,700.0,10.0,0.09308503465003923,0.2272,0.3202850346500392,-127.0,-1.0
102.759083991,1.0,0.0,710.0,1.0,700.0,10.0,0.09186883979999948,0.26980000000000004,0.36166883979999953,720.0,-10.0,-0.09774216124996202,0.2272,0.129457838750038,-127.0,-1.0
102.780746077,1.0,0.0,710.0,1.0,700.0,10.0,0.09295067530000779,0.26980000000000004,0.3627506753000078,720.0,-10.0,-0.09882398219996504,0.2272,0.128376017800035,-127.0,-1.0
102.803457287,1.0,0.0,710.0,1.0,700.0,10.0,0.09408439835000536,0.26980000000000004,0.3638843983500054,700.0,10.0,0.09230974080003307,0.2272,0.3195097408000331,-127.0,-1.0
102.830050873,1.0,0.0,695.0,0.9,700.0,-5.0,-0.049079974624989975,0.2641,0.21502002537501003,720.0,-25.0,-0.2425,0.22240000000000001,-0.02009999999999998,-127.0,-1.0
102.859317293,1.0,0.0,695.0,0.9,700.0,-5.0,-0.04970352884999102,0.2641,0.21439647115000898,700.0,-5.0,-0.0525,0.22240000000000001,0.16990000000000002,-127.0,-1.0
102.883222879,1.0,0.0,695.0,0.9,720.0,-25.0,-0.2425,0.2641,0.021600000000000008,700.0,-5.0,-0.0525,0.22240000000000001,0.16990000000000002,-127.0,-1.0
102.899795964,1.0,0.0,695.0,0.9,720.0,-25.0,-0.2425,0.2641,0.021600000000000008,700.0,-5.0,-0.0525,0.22240000000000001,0.16990000000000002,-127.0,-1.0
102.928446383,1.0,0.0,695.0,0.9,700.0,-5.0,-0.0525,0.2641,0.2116,680.0,15.0,0.13938525324999773,0.22240000000000001,0.3617852532499978,-127.0,-1.0
102.95141951,1.0,0.0,695.0,0.9,700.0,-5.0,-0.0525,0.2641,0.2116,700.0,-5.0,-0.05128302807500177,0.22240000000000001,0.17111697192499825,-127.0,-1.0
102.96790772,1.0,0.0,695.0,0.9,700.0,-5.0,-0.0525,0.2641,0.2116,700.0,-5.0,-0.051670346875007454,0.22240000000000001,0.17072965312499255,-127.0,-1.0
102.991593973,1.0,0.0,695.0,0.9,700.0,-5.0,-0.0525,0.2641,0.2116,680.0,15.0,0.14016791887497673,0.22240000000000001,0.36256791887497675,-127.0,-1.0
103.007523349,1.0,0.0,695.0,0.9,700.0,-5.0,-0.0525,0.2641,0.2116,700.0,-5.0,-0.05021968430002289,0.22240000000000001,0.17218031569997713,-127.0,-1.0
103.03061081,1.0,0.0,695.0,0.9,700.0,-5.0,-0.0525,0.2641,0.2116,680.0,15.0,0.1415335533499956,0.22240000000000001,0.3639335533499956,-127.0,-1.0
103.052529271,1.0,0.0,695.0,0.9,700.0,-5.0,-0.0525,0.2641,0.2116,700.0,-5.0,-0.0490238435999936,0.22240000000000001,0.17337615640000642,-127.0,-1.0
103.087609482,1.0,0.0,695.0,0.9,700.0,-5.0,-0.0525,0.2641,0.2116,700.0,-5.0,-0.04987041347499371,0.22240000000000001,0.1725295865250063,-127.0,-1.0
103.112673568,1.0,0.0,695.0,0.9,700.0,-5.0,-0.0525,0.2641,0.2116,700.0,-5.0,-0.05051714789999778,0.22240000000000001,0.17188285210000223,-127.0,-1.0
103.128622195,1.0,0.0,695.0,0.9,700.0,-5.0,-0.0525,0.2641,0.2116,700.0,-5.0,-0.0509103802250047,0.22240000000000001,0.17148961977499533,-127.0,-1.0
103.151562364,1.0,0.0,695.0,0.9,700.0,-5.0,-0.0525,0.2641,0.2116,680.0,15.0,0.14082214182499228,0.22240000000000001,0.3632221418249923,-127.0,-1.0
103.172028324,1.0,0.0,695.0,0.9,700.0,-5.0,-0.0525,0.2641,0.2116,700.0,-5.0,-0.04966765407500816,0.22240000000000001,0.17273234592499187,-127.0,-1.0
103.194942535,1.0,0.0,695.0,0.9,700.0,-5.0,-0.0525,0.2641,0.2116,680.0,15.0,0.14212412734996177,0.22240000000000001,0.36452412734996176,-127.0,-1.0
103.213666078,1.0,0.0,695.0,0.9,700.0,-5.0,-0.0525,0.2641,0.2116,700.0,-5.0,-0.04830401747504084,0.22240000000000001,0.17409598252495917,-127.0,-1.0
103.239713081,1.0,0.0,695.0,0.9,700.0,-5.0,-0.0525,0.2641,0.2116,680.0,15.0,0.14367341714995518,0.22240000000000001,0.3660734171499552,-127.0,-1.0
103.2594035,1.0,0.0,695.0,0.9,700.0,-5.0,-0.0525,0.2641,0.2116,700.0,-5.0,-0.04684693080004308,0.22240000000000001,0.17555306919995695,-127.0,-1.0
103.291509003,1.0,0.0,695.0,0.9,680.0,15.0,0.13973278149998122,0.2641,0.40383278149998125,700.0,-5.0,-0.04759118400004581,0.22240000000000001,0.1748088159999542,-127.0,-1.0
103.314849047,1.0,0.0,695.0,0.9,680.0,15.0,0.14158336292497323,0.2641,0.4056833629249732,700.0,-5.0,-0.048208051775045536,0.22240000000000001,0.17419194822495448,-127.0,-1.0
103.338765424,1.0,0.0,695.0,0.9,700.0,-5.0,-0.04899653610002815,0.2641,0.21510346389997184,680.0,15.0,0.14353166712496657,0.22240000000000001,0.3659316671249666,-127.0,-1.0
103.364442885,1.0,0.0,695.0,0.9,700.0,-5.0,-0.04961907677502723,0.2641,0.21448092322497278,700.0,-5.0,-0.04709086627502984,0.22240000000000001,0.17530913372497017,-127.0,-1.0
103.380033345,1.0,0.0,695.0,0.9,700.0,-5.0,-0.050046346625028944,0.2641,0.21405365337497106,700.0,-5.0,-0.047518128825029184,0.22240000000000001,0.17488187117497084,-127.0,-1.0
103.39805893,1.0,0.0,695.0,0.9,680.0,15.0,0.1412656940749798,0.2641,0.4053656940749798,700.0,-5.0,-0.04795548302503448,0.22240000000000001,0.17444451697496555,-127.0,-1.0
103.417240682,1.0,0.0,695.0,0.9,680.0,15.0,0.1425744316999612,0.2641,0.4066744316999612,680.0,15.0,0.1433532545999469,0.22240000000000001,0.3657532545999469,-127.0,-1.0
103.444213727,1.0,0.0,695.0,0.9,700.0,-5.0,-0.048103088175039374,0.2641,0.2159969118249606,700.0,-5.0,-0.047324257975062664,0.22240000000000001,0.17507574202493736,-127.0,-1.0
103.462230853,1.0,0.0,695.0,0.9,700.0,-5.0,-0.04860745280003812,0.2641,0.2154925471999619,700.0,-5.0,-0.04782862262506114,0.22240000000000001,0.17457137737493889,-127.0,-1.0
103.489877065,1.0,0.0,695.0,0.9,700.0,-5.0,-0.04927100912504102,0.2641,0.214828990874959,700.0,-5.0,-0.04849218622505532,0.22240000000000001,0.1739078137749447,-127.0,-1.0
103.516509442,1.0,0.0,695.0,0.9,700.0,-5.0,-0.04989513940004372,0.2641,0.21420486059995628,700.0,-5.0,-0.049116294625061986,0.22240000000000001,0.17328370537493804,-127.0,-1.0
103.541990903,1.0,0.0,695.0,0.9,700.0,-5.0,-0.05056559362504004,0.2641,0.21353440637495996,680.0,15.0,0.14289513367491508,0.22240000000000001,0.36529513367491506,-127.0,-1.0
103.572712448,1.0,0.0,695.0,0.9,700.0,-5.0,-0.05137411557504038,0.2641,0.21272588442495963,700.0,-5.0,-0.047913395575087635,0.22240000000000001,0.17448660442491237,-127.0,-1.0
103.608316493,1.0,0.0,695.0,0.9,680.0,15.0,0.1412173721749582,0.2641,0.4053173721749582,700.0,-5.0,-0.04877721752508478,0.22240000000000001,0.17362278247491525,-127.0,-1.0
103.632116496,1.0,0.0,695.0,0.9,680.0,15.0,0.14305743177496877,0.2641,0.40715743177496877,680.0,15.0,0.14306282017491867,0.22240000000000001,0.3654628201749187,-127.0,-1.0
103.649105497,1.0,0.0,695.0,0.9,700.0,-5.0,-0.04736191930003542,0.2641,0.21673808069996459,700.0,-5.0,-0.04735653820008793,0.22240000000000001,0.1750434617999121,-127.0,-1.0
103.675683042,1.0,0.0,695.0,0.9,700.0,-5.0,-0.048033000625027855,0.2641,0.21606699937497215,700.0,-5.0,-0.048027619525080355,0.22240000000000001,0.17437238047491965,-127.0,-1.0
103.697555127,1.0,0.0,695.0,0.9,700.0,-5.0,-0.048572496525027875,0.2641,0.21552750347497213,700.0,-5.0,-0.048567115425080375,0.22240000000000001,0.17383288457491963,-127.0,-1.0
103.727610797,1.0,0.0,695.0,0.9,680.0,15.0,0.14361310052497628,0.2641,0.4077131005249763,700.0,-5.0,-0.04929564777508176,0.22240000000000001,0.17310435222491827,-127.0,-1.0
103.752544508,1.0,0.0,695.0,0.9,680.0,15.0,0.14551896009999155,0.2641,0.40961896009999155,680.0,15.0,0.1426102117999335,0.22240000000000001,0.36501021179993354,-127.0,-1.0
103.776695385,1.0,0.0,695.0,0.9,700.0,-5.0,-0.0450952170500068,0.2641,0.2190047829499932,700.0,-5.0,-0.04800395075006009,0.22240000000000001,0.17439604924993993,-127.0,-1.0
103.81039193,1.0,0.0,695.0,0.9,700.0,-5.0,-0.04587309942500269,0.2641,0.2182269005749973,700.0,-5.0,-0.048781847725060744,0.22240000000000001,0.17361815227493926,-127.0,-1.0
103.837204266,1.0,0.0,695.0,0.9,700.0,-5.0,-0.04660329427500983,0.2641,0.21749670572499016,680.0,15.0,0.14340871499995272,0.22240000000000001,0.3658087149999527,-127.0,-1.0
103.855826601,1.0,0.0,695.0,0.9,700.0,-5.0,-0.047046569325007115,0.2641,0.2170534306749929,700.0,-5.0,-0.04703454545003979,0.22240000000000001,0.17536545454996022,-127.0,-1.0
103.882215146,1.0,0.0,695.0,0.9,700.0,-5.0,-0.047691072525005894,0.2641,0.2164089274749941,700.0,-5.0,-0.047679063225043596,0.22240000000000001,0.17472093677495643,-127.0,-1.0
103.900589273,1.0,0.0,695.0,0.9,700.0,-5.0,-0.048190734025004074,0.2641,0.21590926597499593,680.0,15.0,0.14381992127495094,0.22240000000000001,0.36621992127495095,-127.0,-1.0
103.921830483,1.0,0.0,695.0,0.9,700.0,-5.0,-0.04867318720000867,0.2641,0.21542681279999132,680.0,15.0,0.14526730269997187,0.22240000000000001,0.3676673026999719,-127.0,-1.0
103.945434485,1.0,0.0,695.0,0.9,700.0,-5.0,-0.04922481642500088,0.2641,0.21487518357499913,700.0,-5.0,-0.045284304650024296,0.22240000000000001,0.17711569534997573,-127.0,-1.0
103.972867488,1.0,0.0,695.0,0.9,700.0,-5.0,-0.0499353165000025,0.2641,0.2141646834999975,700.0,-5.0,-0.04599481200002856,0.22240000000000001,0.17640518799997146,-127.0,-1.0
103.999345282,1.0,0.0,695.0,0.9,680.0,15.0,0.14222273994998885,0.2641,0.40632273994998885,680.0,15.0,0.1461632444499628,0.22240000000000001,0.3685632444499628,-127.0,-1.0
104.018029451,1.0,0.0,695.0,0.9,680.0,15.0,0.14363282447500295,0.2641,0.4077328244750029,680.0,15.0,0.1475,0.22240000000000001,0.3699,-127.0,-1.0
104.047100746,1.0,0.0,695.0,0.9,700.0,-5.0,-0.04703072454999756,0.2641,0.21706927545000243,700.0,-5.0,-0.04316354902500052,0.22240000000000001,0.1792364509749995,-127.0,-1.0
104.083599624,1.0,0.0,695.0,0.9,700.0,-5.0,-0.04798732567500338,0.2641,0.21611267432499662,680.0,15.0,0.1475,0.22240000000000001,0.3699,-127.0,-1.0
104.104827418,1.0,0.0,695.0,0.9,700.0,-5.0,-0.04853766427500204,0.2641,0.21556233572499794,700.0,-5.0,-0.04305037504999973,0.22240000000000001,0.17934962495000029,-127.0,-1.0
104.136472963,1.0,0.0,695.0,0.9,700.0,-5.0,-0.04932676852499981,0.2641,0.2147732314750002,700.0,-5.0,-0.04383947929999749,0.22240000000000001,0.17856052070000253,-127.0,-1.0
104.162668424,1.0,0.0,695.0,0.9,700.0,-5.0,-0.04997669672499342,0.2641,0.2141233032750066,700.0,-5.0,-0.044489422075007494,0.22240000000000001,0.1779105779249925,-127.0,-1.0
104.181835592,1.0,0.0,695.0,0.9,700.0,-5.0,-0.0504491092499984,0.2641,0.2136508907500016,700.0,-5.0,-0.04496184190000349,0.22240000000000001,0.17743815809999652,-127.0,-1.0
104.208759345,1.0,0.0,695.0,0.9,680.0,15.0,0.14147330972499503,0.2641,0.40557330972499506,700.0,-5.0,-0.04560262635000527,0.22240000000000001,0.17679737364999476,-127.0,-1.0
104.231164306,1.0,0.0,695.0,0.9,680.0,15.0,0.14320410362498703,0.2641,0.40730410362498704,700.0,-5.0,-0.04617957225000737,0.22240000000000001,0.17622042774999264,-127.0,-1.0
104.249854308,1.0,0.0,695.0,0.9,700.0,-5.0,-0.04728668392501959,0.2641,0.21681331607498042,700.0,-5.0,-0.04667036707500529,0.22240000000000001,0.17572963292499472,-127.0,-1.0
104.280691352,1.0,0.0,695.0,0.9,700.0,-5.0,-0.04806281630001422,0.2641,0.21603718369998579,680.0,15.0,0.14565800814997146,0.22240000000000001,0.36805800814997147,-127.0,-1.0
104.298446271,1.0,0.0,695.0,0.9,700.0,-5.0,-0.04851488510002128,0.2641,0.21558511489997872,700.0,-5.0,-0.04479406795003797,0.22240000000000001,0.17760593204996206,-127.0,-1.0
104.331204524,1.0,0.0,695.0,0.9,700.0,-5.0,-0.04929241017502136,0.2641,0.21480758982497863,700.0,-5.0,-0.045571585725035675,0.22240000000000001,0.17682841427496435,-127.0,-1.0
104.356576902,1.0,0.0,695.0,0.9,700.0,-5.0,-0.04996564252501457,0.2641,0.21413435747498544,680.0,15.0,0.1464481332249511,0.22240000000000001,0.36884813322495114,-127.0,-1.0
104.372944945,1.0,0.0,695.0,0.9,700.0,-5.0,-0.05038120925002204,0.2641,0.21371879074997796,700.0,-5.0,-0.04396743350005636,0.22240000000000001,0.17843256649994366,-127.0,-1.0
104.398463448,1.0,0.0,695.0,0.9,680.0,15.0,0.1414115127499599,0.2641,0.4055115127499599,700.0,-5.0,-0.04456497835005166,0.22240000000000001,0.17783502164994835,-127.0,-1.0
104.424884075,1.0,0.0,695.0,0.9,680.0,15.0,0.14335705362497037,0.2641,0.40745705362497037,700.0,-5.0,-0.04521352112505383,0.22240000000000001,0.17718647887494618,-127.0,-1.0
104.453047411,1.0,0.0,695.0,0.9,700.0,-5.0,-0.0473471974750305,0.2641,0.2167528025249695,700.0,-5.0,-0.04591775765004968,0.22240000000000001,0.17648224234995033,-127.0,-1.0
104.482993706,1.0,0.0,695.0,0.9,700.0,-5.0,-0.04813366215003271,0.2641,0.2159663378499673,680.0,15.0,0.1464415488499617,0.22240000000000001,0.3688415488499617,-127.0,-1.0
104.501048166,1.0,0.0,695.0,0.9,700.0,-5.0,-0.04859251947503026,0.2641,0.21550748052496974,680.0,15.0,0.1475,0.22240000000000001,0.3699,-127.0,-1.0
104.526132085,1.0,0.0,695.0,0.9,700.0,-5.0,-0.04919959455002299,0.2641,0.21490040544997702,700.0,-5.0,-0.043107075074992736,0.22240000000000001,0.17929292492500729,-127.0,-1.0
104.550697129,1.0,0.0,695.0,0.9,700.0,-5.0,-0.04982952170003273,0.2641,0.21427047829996726,700.0,-5.0,-0.0437370022249911,0.22240000000000001,0.1786629977750089,-127.0,-1.0
104.575507757,1.0,0.0,695.0,0.9,700.0,-5.0,-0.05044418007502372,0.2641,0.2136558199249763,700.0,-5.0,-0.04435165332500219,0.22240000000000001,0.17804834667499783,-127.0,-1.0
104.600463051,1.0,0.0,695.0,0.9,700.0,-5.0,-0.051080217650032865,0.2641,0.21301978234996713,700.0,-5.0,-0.044987698174991236,0.22240000000000001,0.17741230182500878,-127.0,-1.0
104.617123053,1.0,0.0,695.0,0.9,700.0,-5.0,-0.051491628100031904,0.2641,0.2126083718999681,700.0,-5.0,-0.04539910862500165,0.22240000000000001,0.17700089137499836,-127.0,-1.0
104.646073889,1.0,0.0,695.0,0.9,700.0,-5.0,-0.05219067297503216,0.2641,0.21190932702496784,680.0,15.0,0.1466980259999991,0.22240000000000001,0.3690980259999991,-127.0,-1.0
104.669982391,1.0,0.0,695.0,0.9,700.0,-5.0,-0.0525,0.2641,0.2116,680.0,15.0,0.1475,0.22240000000000001,0.3699,-127.0,-1.0
104.695029852,1.0,0.0,695.0,0.9,700.0,-5.0,-0.0525,0.2641,0.2116,700.0,-5.0,-0.043150402149994986,0.22240000000000001,0.17924959785000502,-127.0,-1.0
104.72078023,1.0,0.0,695.0,0.9,700.0,-5.0,-0.0525,0.2641,0.2116,680.0,15.0,0.1475,0.22240000000000001,0.3699,-127.0,-1.0
104.735862898,1.0,0.0,695.0,0.9,700.0,-5.0,-0.0525,0.2641,0.2116,680.0,15.0,0.1475,0.22240000000000001,0.3699,-127.0,-1.0
104.757273859,1.0,0.0,695.0,0.9,700.0,-5.0,-0.0525,0.2641,0.2116,680.0,15.0,0.1475,0.22240000000000001,0.3699,-127.0,-1.0
104.776389111,1.0,0.0,695.0,0.9,680.0,15.0,0.13869877202503175,0.2641,0.4027987720250318,700.0,-5.0,-0.04289957607500582,0.22240000000000001,0.17950042392499418,-127.0,-1.0
104.807041239,1.0,0.0,695.0,0.9,680.0,15.0,0.14094946907500797,0.2641,0.40504946907500794,700.0,-5.0,-0.043649830325005044,0.22240000000000001,0.17875016967499496,-127.0,-1.0
104.849624285,1.0,0.0,695.0,0.9,700.0,-5.0,-0.050063766449991366,0.2641,0.21403623355000864,700.0,-5.0,-0.04466305855000201,0.22240000000000001,0.17773694144999802,-127.0,-1.0
104.874089579,1.0,0.0,695.0,0.9,700.0,-5.0,-0.050750714424989386,0.2641,0.21334928557501062,700.0,-5.0,-0.04534997737500134,0.22240000000000001,0.17705002262499867,-127.0,-1.0
104.896997664,1.0,0.0,695.0,0.9,700.0,-5.0,-0.05130073219999304,0.2641,0.21279926780000696,680.0,15.0,0.14630011967502468,0.22240000000000001,0.3687001196750247,-127.0,-1.0
104.92472525,1.0,0.0,695.0,0.9,700.0,-5.0,-0.05195568434999359,0.2641,0.2121443156500064,700.0,-5.0,-0.044354832474964495,0.22240000000000001,0.17804516752503552,-127.0,-1.0
104.955833254,1.0,0.0,695.0,0.9,720.0,-25.0,-0.2425,0.2641,0.021600000000000008,720.0,-25.0,-0.2378734629749897,0.22240000000000001,-0.015473462974989693,-127.0,-1.0
104.985700798,1.0,0.0,695.0,0.9,700.0,-5.0,-0.0525,0.2641,0.2116,680.0,15.0,0.1447401622999996,0.22240000000000001,0.3671401622999996,-127.0,-1.0
105.009998676,1.0,0.0,695.0,0.9,700.0,-5.0,-0.0525,0.2641,0.2116,700.0,-5.0,-0.045878491925002436,0.22240000000000001,0.17652150807499759,-127.0,-1.0
105.035967512,1.0,0.0,695.0,0.9,700.0,-5.0,-0.0525,0.2641,0.2116,680.0,15.0,0.14598046767499454,0.22240000000000001,0.36838046767499455,-127.0,-1.0
105.052684388,1.0,0.0,695.0,0.9,700.0,-5.0,-0.0525,0.2641,0.2116,680.0,15.0,0.14738799274999564,0.22240000000000001,0.36978799274999563,-127.0,-1.0
105.081150183,1.0,0.0,695.0,0.9,680.0,15.0,0.1394443376500135,0.2641,0.4035443376500135,680.0,15.0,0.1475,0.22240000000000001,0.3699,-127.0,-1.0
105.112863103,1.0,0.0,695.0,0.9,680.0,15.0,0.14194071295000865,0.2641,0.40604071295000865,700.0,-5.0,-0.04333211779999601,0.22240000000000001,0.179067882200004,-127.0,-1.0
105.130019521,1.0,0.0,695.0,0.9,700.0,-5.0,-0.04848876624999093,0.2641,0.21561123375000907,700.0,-5.0,-0.04376158969999324,0.22240000000000001,0.17863841030000677,-127.0,-1.0
105.159985941,1.0,0.0,695.0,0.9,680.0,15.0,0.14372382457501087,0.2641,0.4078238245750109,700.0,-5.0,-0.04449912727499623,0.22240000000000001,0.1779008727250038,-127.0,-1.0
105.177997818,1.0,0.0,695.0,0.9,680.0,15.0,0.14504877165002197,0.2641,0.40914877165002195,700.0,-5.0,-0.04494078357500257,0.22240000000000001,0.17745921642499746,-127.0,-1.0
105.20493557,1.0,0.0,695.0,0.9,680.0,15.0,0.14705851560000838,0.2641,0.4111585156000084,700.0,-5.0,-0.04561069094999539,0.22240000000000001,0.17678930905000462,-127.0,-1.0
105.243126407,0.0,0.0,695.0,0.9,720.0,-25.0,-0.2377907712750061,0.2641,0.02630922872499389,680.0,15.0,0.1472988811750133,0.22240000000000001,0.3696988811750133,-127.0,-1.0
105.271007994,1.0,0.0,695.0,0.9,720.0,-25.0,-0.24124479764998794,0.2641,0.022855202350012066,700.0,-5.0,-0.043391916824991765,0.22240000000000001,0.17900808317500824,-127.0,-1.0
105.297106621,1.0,0.0,695.0,0.9,720.0,-25.0,-0.2425,0.2641,0.021600000000000008,700.0,-5.0,-0.044054474174986355,0.22240000000000001,0.17834552582501367,-127.0,-1.0
105.323465999,0.0,0.0,695.0,0.9,720.0,-25.0,-0.2425,0.2641,0.021600000000000008,680.0,15.0,0.1475,0.22240000000000001,0.3699,-127.0,-1.0
105.350803627,1.0,0.0,695.0,0.9,700.0,-5.0,-0.0525,0.2641,0.2116,720.0,-25.0,-0.23562021387497906,0.22240000000000001,-0.013220213874979042,-127.0,-1.0
105.37212417,1.0,0.0,695.0,0.9,700.0,-5.0,-0.0525,0.2641,0.2116,700.0,-5.0,-0.046204239974979376,0.22240000000000001,0.17619576002502063,-127.0,-1.0
105.387870964,1.0,0.0,695.0,0.9,700.0,-5.0,-0.0525,0.2641,0.2116,700.0,-5.0,-0.04660276604998217,0.22240000000000001,0.17579723395001784,-127.0,-1.0
105.404410799,1.0,0.0,695.0,0.9,700.0,-5.0,-0.0525,0.2641,0.2116,680.0,15.0,0.14463391532502554,0.22240000000000001,0.36703391532502555,-127.0,-1.0
105.421658217,1.0,0.0,695.0,0.9,700.0,-5.0,-0.0525,0.2641,0.2116,700.0,-5.0,-0.045791568049974106,0.22240000000000001,0.1766084319500259,-127.0,-1.0
105.442117177,1.0,0.0,695.0,0.9,700.0,-5.0,-0.0525,0.2641,0.2116,700.0,-5.0,-0.04621480559997508,0.22240000000000001,0.17618519440002495,-127.0,-1.0
105.468112555,1.0,0.0,695.0,0.9,680.0,15.0,0.13895908449999295,0.2641,0.40305908449999295,700.0,-5.0,-0.04670117437497538,0.22240000000000001,0.17569882562502465,-127.0,-1.0
105.492071224,1.0,0.0,695.0,0.9,680.0,15.0,0.14125165037498844,0.2641,0.40535165037498844,700.0,-5.0,-0.04746534842496885,0.22240000000000001,0.17493465157503116,-127.0,-1.0
105.519367435,1.0,0.0,695.0,0.9,700.0,-5.0,-0.049485004925011254,0.2641,0.21461499507498874,700.0,-5.0,-0.04820201829997359,0.22240000000000001,0.17419798170002643,-127.0,-1.0
105.538988145,0.0,0.0,695.0,0.9,720.0,-25.0,-0.2419074061749984,0.2641,0.022192593825001605,680.0,15.0,0.1432514224500187,0.22240000000000001,0.3656514224500187,-127.0,-1.0
105.559454398,1.0,0.0,695.0,0.9,700.0,-5.0,-0.05242326247499932,0.2641,0.21167673752500069,680.0,15.0,0.14479896945001428,0.22240000000000001,0.3671989694500143,-127.0,-1.0
105.578596191,1.0,0.0,695.0,0.9,700.0,-5.0,-0.0525,0.2641,0.2116,700.0,-5.0,-0.04566904622499123,0.22240000000000001,0.17673095377500878,-127.0,-1.0
105.599285277,1.0,0.0,695.0,0.9,720.0,-25.0,-0.2425,0.2641,0.021600000000000008,700.0,-5.0,-0.04619780149999315,0.22240000000000001,0.17620219850000687,-127.0,-1.0
105.624608654,1.0,0.0,695.0,0.9,720.0,-25.0,-0.2425,0.2641,0.021600000000000008,700.0,-5.0,-0.04686710364998589,0.22240000000000001,0.17553289635001412,-127.0,-1.0
105.642551406,1.0,0.0,695.0,0.9,700.0,-5.0,-0.0525,0.2641,0.2116,700.0,-5.0,-0.04727900264999107,0.22240000000000001,0.17512099735000894,-127.0,-1.0
105.659424616,1.0,0.0,695.0,0.9,700.0,-5.0,-0.0525,0.2641,0.2116,700.0,-5.0,-0.047730677674990146,0.22240000000000001,0.17466932232500987,-127.0,-1.0
105.675275826,1.0,0.0,695.0,0.9,700.0,-5.0,-0.0525,0.2641,0.2116,700.0,-5.0,-0.048133790224987934,0.22240000000000001,0.1742662097750121,-127.0,-1.0
105.691247494,1.0,0.0,695.0,0.9,700.0,-5.0,-0.0525,0.2641,0.2116,680.0,15.0,0.1430498661500087,0.22240000000000001,0.36544986615000874,-127.0,-1.0
105.707056704,1.0,0.0,695.0,0.9,700.0,-5.0,-0.0525,0.2641,0.2116,700.0,-5.0,-0.04734759534999739,0.22240000000000001,0.17505240465000263,-127.0,-1.0
105.731801998,1.0,0.0,695.0,0.9,700.0,-5.0,-0.0525,0.2641,0.2116,700.0,-5.0,-0.04797098914998969,0.22240000000000001,0.17442901085001034,-127.0,-1.0
105.752694667,1.0,0.0,695.0,0.9,700.0,-5.0,-0.0525,0.2641,0.2116,680.0,15.0,0.14354906105000736,0.22240000000000001,0.36594906105000735,-127.0,-1.0
105.768207252,1.0,0.0,695.0,0.9,700.0,-5.0,-0.0525,0.2641,0.2116,680.0,15.0,0.14473851425002293,0.22240000000000001,0.367138514250023,-127.0,-1.0
105.786709129,1.0,0.0,695.0,0.9,680.0,15.0,0.13880412197498798,0.2641,0.402904121974988,700.0,-5.0,-0.04569620037497543,0.22240000000000001,0.17670379962502458,-127.0,-1.0
105.806263631,1.0,0.0,695.0,0.9,680.0,15.0,0.1402200033999861,0.2641,0.4043200033999861,700.0,-5.0,-0.04616815354997243,0.22240000000000001,0.1762318464500276,-127.0,-1.0
105.839089842,1.0,0.0,695.0,0.9,700.0,-5.0,-0.05061305502502137,0.2641,0.21348694497497864,680.0,15.0,0.14633104362505717,0.22240000000000001,0.36873104362505715,-127.0,-1.0
105.864666678,1.0,0.0,695.0,0.9,700.0,-5.0,-0.051232051950014464,0.2641,0.21286794804998554,700.0,-5.0,-0.04428795329993591,0.22240000000000001,0.17811204670006411,-127.0,-1.0
105.88319218,1.0,0.0,695.0,0.9,700.0,-5.0,-0.051716619700018784,0.2641,0.21238338029998122,700.0,-5.0,-0.0447725064749352,0.22240000000000001,0.17762749352506482,-127.0,-1.0
105.90058864,1.0,0.0,695.0,0.9,700.0,-5.0,-0.052149766625020674,0.2641,0.2119502333749793,700.0,-5.0,-0.045205675274933126,0.22240000000000001,0.17719432472506688,-127.0,-1.0
105.918382059,1.0,0.0,695.0,0.9,700.0,-5.0,-0.0525,0.2641,0.2116,700.0,-5.0,-0.04565853157493393,0.22240000000000001,0.17674146842506608,-127.0,-1.0
105.933749685,1.0,0.0,695.0,0.9,700.0,-5.0,-0.0525,0.2641,0.2116,700.0,-5.0,-0.04607352222494001,0.22240000000000001,0.17632647777506,-127.0,-1.0
105.956382729,1.0,0.0,695.0,0.9,700.0,-5.0,-0.0525,0.2641,0.2116,700.0,-5.0,-0.04660001707493848,0.22240000000000001,0.17579998292506155,-127.0,-1.0
105.979497315,1.0,0.0,695.0,0.9,700.0,-5.0,-0.0525,0.2641,0.2116,700.0,-5.0,-0.047095062949942985,0.22240000000000001,0.17530493705005704,-127.0,-1.0
105.997840233,1.0,0.0,695.0,0.9,700.0,-5.0,-0.0525,0.2641,0.2116,700.0,-5.0,-0.04766409009993595,0.22240000000000001,0.17473590990006407,-127.0,-1.0
106.014618943,1.0,0.0,695.0,0.9,700.0,-5.0,-0.0525,0.2641,0.2116,700.0,-5.0,-0.04809606304993849,0.22240000000000001,0.17430393695006152,-127.0,-1.0
106.035557404,1.0,0.0,695.0,0.9,700.0,-5.0,-0.0525,0.2641,0.2116,700.0,-5.0,-0.04861885374993335,0.22240000000000001,0.17378114625006666,-127.0,-1.0
106.057171948,1.0,0.0,695.0,0.9,700.0,-5.0,-0.0525,0.2641,0.2116,700.0,-5.0,-0.04905081212494224,0.22240000000000001,0.17334918787505776,-127.0,-1.0
106.074680699,1.0,0.0,695.0,0.9,700.0,-5.0,-0.0525,0.2641,0.2116,700.0,-5.0,-0.04958378924994122,0.22240000000000001,0.1728162107500588,-127.0,-1.0
106.091966618,1.0,0.0,695.0,0.9,700.0,-5.0,-0.0525,0.2641,0.2116,700.0,-5.0,-0.05003212472493487,0.22240000000000001,0.17236787527506514,-127.0,-1.0
106.108245703,1.0,0.0,695.0,0.9,700.0,-5.0,-0.0525,0.2641,0.2116,700.0,-5.0,-0.050433975799937796,0.22240000000000001,0.1719660242000622,-127.0,-1.0
106.132525788,1.0,0.0,695.0,0.9,680.0,15.0,0.13924982514998874,0.2641,0.40334982514998874,700.0,-5.0,-0.05101725814993643,0.22240000000000001,0.17138274185006358,-127.0,-1.0
106.149837957,1.0,0.0,695.0,0.9,680.0,15.0,0.14052984092500082,0.2641,0.4046298409250008,680.0,15.0,0.14026275762507565,0.22240000000000001,0.36266275762507566,-127.0,-1.0
106.172509501,1.0,0.0,695.0,0.9,700.0,-5.0,-0.050040221625001775,0.2641,0.21405977837499823,700.0,-5.0,-0.05030730492492694,0.22240000000000001,0.17209269507507308,-127.0,-1.0
106.190618794,1.0,0.0,695.0,0.9,700.0,-5.0,-0.05049062792499171,0.2641,0.2136093720750083,700.0,-5.0,-0.050757711224916874,0.22240000000000001,0.17164228877508314,-127.0,-1.0
106.209961255,1.0,0.0,695.0,0.9,720.0,-25.0,-0.2425,0.2641,0.021600000000000008,700.0,-5.0,-0.05124367167492665,0.22240000000000001,0.17115632832507338,-127.0,-1.0
106.230258923,1.0,0.0,695.0,0.9,700.0,-5.0,-0.0525,0.2641,0.2116,680.0,15.0,0.14023783475005075,0.22240000000000001,0.36263783475005074,-127.0,-1.0
106.24879755,1.0,0.0,695.0,0.9,680.0,15.0,0.13883509705000277,0.2641,0.40293509705000274,700.0,-5.0,-0.050207190299947795,0.22240000000000001,0.1721928097000522,-127.0,-1.0
106.270311761,1.0,0.0,695.0,0.9,680.0,15.0,0.1405380659500224,0.2641,0.4046380659500224,700.0,-5.0,-0.05077483929995196,0.22240000000000001,0.17162516070004805,-127.0,-1.0
106.287220262,1.0,0.0,695.0,0.9,680.0,15.0,0.14180602855001323,0.2641,0.40590602855001323,700.0,-5.0,-0.051197500799951286,0.22240000000000001,0.17120249920004874,-127.0,-1.0
106.304102806,1.0,0.0,695.0,0.9,700.0,-5.0,-0.04862236419998226,0.2641,0.21547763580001775,700.0,-5.0,-0.051625893549946796,0.22240000000000001,0.17077410645005323,-127.0,-1.0
106.324142933,1.0,0.0,695.0,0.9,700.0,-5.0,-0.04907826112498924,0.2641,0.21502173887501075,680.0,15.0,0.13974175350005907,0.22240000000000001,0.36214175350005906,-127.0,-1.0
106.367439979,1.0,0.0,695.0,0.9,720.0,-25.0,-0.2425,0.2641,0.021600000000000008,720.0,-25.0,-0.2425,0.22240000000000001,-0.02009999999999998,-127.0,-1.0
106.387037939,1.0,0.0,695.0,0.9,720.0,-25.0,-0.2425,0.2641,0.021600000000000008,700.0,-5.0,-0.0525,0.22240000000000001,0.16990000000000002,-127.0,-1.0
106.4108044,1.0,0.0,695.0,0.9,700.0,-5.0,-0.0525,0.2641,0.2116,680.0,15.0,0.13919102515000076,0.22240000000000001,0.36159102515000074,-127.0,-1.0
106.427754026,1.0,0.0,695.0,0.9,700.0,-5.0,-0.0525,0.2641,0.2116,700.0,-5.0,-0.05122870510000666,0.22240000000000001,0.17117129489999336,-127.0,-1.0
106.444748278,1.0,0.0,695.0,0.9,700.0,-5.0,-0.0525,0.2641,0.2116,700.0,-5.0,-0.05167062389999955,0.22240000000000001,0.17072937610000047,-127.0,-1.0
106.461333613,1.0,0.0,695.0,0.9,700.0,-5.0,-0.0525,0.2641,0.2116,680.0,15.0,0.13956697622501224,0.22240000000000001,0.3619669762250123,-127.0,-1.0
106.481362365,1.0,0.0,695.0,0.9,700.0,-5.0,-0.0525,0.2641,0.2116,680.0,15.0,0.14088415765002082,0.22240000000000001,0.36328415765002087,-127.0,-1.0
106.502110367,1.0,0.0,695.0,0.9,680.0,15.0,0.13926793764998135,0.2641,0.40336793764998136,700.0,-5.0,-0.049705162199975346,0.22240000000000001,0.17269483780002468,-127.0,-1.0
106.518454494,1.0,0.0,695.0,0.9,680.0,15.0,0.14047712214999136,0.2641,0.40457712214999136,700.0,-5.0,-0.05010822369997868,0.22240000000000001,0.17229177630002135,-127.0,-1.0
106.535376704,1.0,0.0,695.0,0.9,680.0,15.0,0.14175838479998218,0.2641,0.40585838479998215,700.0,-5.0,-0.05053530394997324,0.22240000000000001,0.17186469605002677,-127.0,-1.0
106.553534122,1.0,0.0,695.0,0.9,700.0,-5.0,-0.048699852750021366,0.2641,0.21540014724997864,700.0,-5.0,-0.05099354877497945,0.22240000000000001,0.17140645122502057,-127.0,-1.0
106.575312,1.0,0.0,695.0,0.9,700.0,-5.0,-0.04924139757502189,0.2641,0.21485860242497812,700.0,-5.0,-0.05153509362497971,0.22240000000000001,0.1708649063750203,-127.0,-1.0
106.592914376,1.0,0.0,695.0,0.9,720.0,-25.0,-0.2412486478250389,0.2641,0.022851352174961093,700.0,-5.0,-0.05193654367497175,0.22240000000000001,0.17046345632502827,-127.0,-1.0
106.622783671,1.0,0.0,695.0,0.9,720.0,-25.0,-0.2425,0.2641,0.021600000000000008,700.0,-5.0,-0.0525,0.22240000000000001,0.16990000000000002,-127.0,-1.0
106.647695215,1.0,0.0,695.0,0.9,700.0,-5.0,-0.0525,0.2641,0.2116,680.0,15.0,0.13936044707502332,0.22240000000000001,0.3617604470750233,-127.0,-1.0
106.663134592,1.0,0.0,695.0,0.9,700.0,-5.0,-0.0525,0.2641,0.2116,700.0,-5.0,-0.05106010714996728,0.22240000000000001,0.17133989285003273,-127.0,-1.0
106.680049218,1.0,0.0,695.0,0.9,700.0,-5.0,-0.0525,0.2641,0.2116,720.0,-25.0,-0.2425,0.22240000000000001,-0.02009999999999998,-127.0,-1.0
106.69505372,1.0,0.0,695.0,0.9,700.0,-5.0,-0.0525,0.2641,0.2116,700.0,-5.0,-0.0525,0.22240000000000001,0.16990000000000002,-127.0,-1.0
106.712235805,1.0,0.0,695.0,0.9,700.0,-5.0,-0.0525,0.2641,0.2116,680.0,15.0,0.13878045324998992,0.22240000000000001,0.36118045324998993,-127.0,-1.0
106.729798223,1.0,0.0,695.0,0.9,680.0,15.0,0.13868477199999915,0.2641,0.4027847719999992,680.0,15.0,0.13996522524998908,0.22240000000000001,0.3623652252499891,-127.0,-1.0
106.752103434,1.0,0.0,695.0,0.9,680.0,15.0,0.14012007842502497,0.2641,0.40422007842502494,700.0,-5.0,-0.050513210200008415,0.22240000000000001,0.1718867897999916,-127.0,-1.0
106.775975478,1.0,0.0,695.0,0.9,700.0,-5.0,-0.050548705999974575,0.2641,0.21355129400002543,680.0,15.0,0.1414931650499966,0.22240000000000001,0.3638931650499966,-127.0,-1.0
106.796229688,0.0,0.0,695.0,0.9,720.0,-25.0,-0.2425,0.2641,0.021600000000000008,680.0,15.0,0.14309076209998464,0.22240000000000001,0.36549076209998466,-127.0,-1.0
106.812699523,1.0,0.0,695.0,0.9,720.0,-25.0,-0.2425,0.2641,0.021600000000000008,700.0,-5.0,-0.047356537925022625,0.22240000000000001,0.1750434620749774,-127.0,-1.0
106.843054735,1.0,0.0,695.0,0.9,700.0,-5.0,-0.0525,0.2641,0.2116,700.0,-5.0,-0.04809081612502496,0.22240000000000001,0.17430918387497507,-127.0,-1.0
106.879043488,1.0,0.0,695.0,0.9,700.0,-5.0,-0.0525,0.2641,0.2116,700.0,-5.0,-0.049014626650025546,0.22240000000000001,0.17338537334997448,-127.0,-1.0
106.89483374,1.0,0.0,695.0,0.9,700.0,-5.0,-0.0525,0.2641,0.2116,680.0,15.0,0.14218884847496155,0.22240000000000001,0.36458884847496154,-127.0,-1.0
106.914812617,0.0,0.0,695.0,0.9,720.0,-25.0,-0.2425,0.2641,0.021600000000000008,680.0,15.0,0.14350211422497522,0.22240000000000001,0.3659021142249752,-127.0,-1.0
106.935982661,1.0,0.0,695.0,0.9,700.0,-5.0,-0.0525,0.2641,0.2116,680.0,15.0,0.1451718549749671,0.22240000000000001,0.36757185497496714,-127.0,-1.0
106.959982455,1.0,0.0,695.0,0.9,700.0,-5.0,-0.0525,0.2641,0.2116,680.0,15.0,0.14705925202497383,0.22240000000000001,0.36945925202497387,-127.0,-1.0
106.983425166,0.0,0.0,695.0,0.9,720.0,-25.0,-0.2425,0.2641,0.021600000000000008,680.0,15.0,0.1475,0.22240000000000001,0.3699,-127.0,-1.0
107.00888096,1.0,0.0,695.0,0.9,720.0,-25.0,-0.2425,0.2641,0.021600000000000008,700.0,-5.0,-0.043262438599997496,0.22240000000000001,0.17913756140000253,-127.0,-1.0
107.032587921,1.0,0.0,695.0,0.9,700.0,-5.0,-0.0525,0.2641,0.2116,700.0,-5.0,-0.043833908449998946,0.22240000000000001,0.17856609155000108,-127.0,-1.0
107.051990756,1.0,0.0,695.0,0.9,700.0,-5.0,-0.0525,0.2641,0.2116,700.0,-5.0,-0.04436517204999745,0.22240000000000001,0.17803482795000256,-127.0,-1.0
107.076223883,1.0,0.0,695.0,0.9,680.0,15.0,0.13916733459999475,0.2641,0.40326733459999475,680.0,15.0,0.14730214064999017,0.22240000000000001,0.3697021406499902,-127.0,-1.0
107.104735469,1.0,0.0,695.0,0.9,680.0,15.0,0.14128520664999086,0.2641,0.4053852066499909,700.0,-5.0,-0.04340381670000852,0.22240000000000001,0.1789961832999915,-127.0,-1.0
107.129166639,1.0,0.0,695.0,0.9,700.0,-5.0,-0.04935188820001258,0.2641,0.21474811179998743,720.0,-25.0,-0.23658929095002576,0.22240000000000001,-0.014189290950025746,-127.0,-1.0
107.159652225,1.0,0.0,695.0,0.9,700.0,-5.0,-0.050091897650011104,0.2641,0.2140081023499889,680.0,15.0,0.14563075929997693,0.22240000000000001,0.368030759299977,-127.0,-1.0
107.176115352,1.0,0.0,695.0,0.9,700.0,-5.0,-0.05053047687501021,0.2641,0.21356952312498978,700.0,-5.0,-0.04480781990002242,0.22240000000000001,0.1775921800999776,-127.0,-1.0
107.199541146,1.0,0.0,695.0,0.9,680.0,15.0,0.14121510455000816,0.2641,0.4053151045500082,700.0,-5.0,-0.04538968037501718,0.22240000000000001,0.17701031962498284,-127.0,-1.0
107.215935439,1.0,0.0,695.0,0.9,680.0,15.0,0.14246635467500254,0.2641,0.4065663546750026,700.0,-5.0,-0.04580676375002667,0.22240000000000001,0.17659323624997333,-127.0,-1.0
107.241642358,1.0,0.0,695.0,0.9,700.0,-5.0,-0.04816479747498988,0.2641,0.2159352025250101,680.0,15.0,0.14608669269995062,0.22240000000000001,0.3684866926999506,-127.0,-1.0
107.262770694,1.0,0.0,695.0,0.9,700.0,-5.0,-0.04866222772499441,0.2641,0.2154377722750056,700.0,-5.0,-0.04441074485005629,0.22240000000000001,0.17798925514994374,-127.0,-1.0
107.290339905,1.0,0.0,695.0,0.9,680.0,15.0,0.14328462557501778,0.2641,0.40738462557501776,680.0,15.0,0.1475,0.22240000000000001,0.3699,-127.0,-1.0
107.309964115,1.0,0.0,695.0,0.9,700.0,-5.0,-0.04733252657497587,0.2641,0.21676747342502412,680.0,15.0,0.1475,0.22240000000000001,0.3699,-127.0,-1.0
107.329000325,1.0,0.0,695.0,0.9,700.0,-5.0,-0.04780854849997468,0.2641,0.21629145150002532,680.0,15.0,0.1475,0.22240000000000001,0.3699,-127.0,-1.0
107.365395662,0.0,0.0,740.0,1.0,680.0,60.0,0.575,0.2812,0.8562,700.0,40.0,0.385,0.2368,0.6218,-127.0,-1.0
107.395088207,0.0,0.0,740.0,1.0,700.0,40.0,0.385,0.2812,0.6662,700.0,40.0,0.385,0.2368,0.6218,-127.0,-1.0
107.410711334,0.0,0.0,740.0,1.0,700.0,40.0,0.385,0.2812,0.6662,720.0,20.0,0.195,0.2368,0.4318,-127.0,-1.0
107.44013467,1.0,0.0,740.0,1.0,720.0,20.0,0.195,0.2812,0.4762,740.0,0.0,0.005,0.2368,0.24180000000000001,-127.0,-1.0
107.462781714,0.0,0.0,740.0,1.0,760.0,-20.0,-0.18743734190003125,0.2812,0.09376265809996875,720.0,20.0,0.195,0.2368,0.4318,-127.0,-1.0
107.489475341,0.0,0.0,740.0,1.0,760.0,-20.0,-0.1899843796999994,0.2812,0.0912156203000006,720.0,20.0,0.195,0.2368,0.4318,-127.0,-1.0
107.517523469,1.0,0.0,740.0,1.0,760.0,-20.0,-0.1926128799000344,0.2812,0.08858712009996561,760.0,-20.0,-0.18762838359999479,0.2368,0.049171616400005225,-127.0,-1.0
107.535311929,1.0,0.0,740.0,1.0,760.0,-20.0,-0.19464153850000002,0.2812,0.08655846149999999,740.0,0.0,0.002371616400005223,0.2368,0.23917161640000523,-127.0,-1.0
107.560735349,1.0,0.0,740.0,1.0,760.0,-20.0,-0.195,0.2812,0.0862,740.0,0.0,0.002371616400005223,0.2368,0.23917161640000523,-127.0,-1.0
107.575162642,1.0,0.0,740.0,1.0,760.0,-20.0,-0.195,0.2812,0.0862,740.0,0.0,0.002371616400005223,0.2368,0.23917161640000523,-127.0,-1.0
107.600737144,1.0,0.0,740.0,1.0,760.0,-20.0,-0.195,0.2812,0.0862,760.0,-20.0,-0.18996918379999442,0.2368,0.04683081620000559,-127.0,-1.0
107.622396021,1.0,0.0,740.0,1.0,760.0,-20.0,-0.195,0.2812,0.0862,740.0,0.0,3.0816200005574505E-5,0.2368,0.2368308162000056,-127.0,-1.0
107.643194482,1.0,0.0,740.0,1.0,760.0,-20.0,-0.195,0.2812,0.0862,740.0,0.0,3.0816200005574505E-5,0.2368,0.2368308162000056,-127.0,-1.0
107.662797984,1.0,0.0,740.0,1.0,760.0,-20.0,-0.195,0.2812,0.0862,740.0,0.0,3.0816200005574505E-5,0.2368,0.2368308162000056,-127.0,-1.0
107.678132652,1.0,0.0,740.0,1.0,740.0,0.0,-0.005,0.2812,0.2762,740.0,0.0,3.0816200005574505E-5,0.2368,0.2368308162000056,-127.0,-1.0
107.691543487,1.0,0.0,740.0,1.0,740.0,0.0,-0.005,0.2812,0.2762,740.0,0.0,3.0816200005574505E-5,0.2368,0.2368308162000056,-127.0,-1.0
107.711975322,1.0,0.0,740.0,1.0,740.0,0.0,-0.005,0.2812,0.2762,740.0,0.0,3.0816200005574505E-5,0.2368,0.2368308162000056,-127.0,-1.0
107.726576449,1.0,0.0,740.0,1.0,760.0,-20.0,-0.195,0.2812,0.0862,740.0,0.0,3.0816200005574505E-5,0.2368,0.2368308162000056,-127.0,-1.0
107.753871493,1.0,0.0,740.0,1.0,720.0,20.0,0.18743757519997417,0.2812,0.4686375751999742,720.0,20.0,0.1924683331000051,0.2368,0.4292683331000051,-127.0,-1.0
107.770006203,1.0,0.0,740.0,1.0,720.0,20.0,0.18912431289996676,0.2812,0.4703243128999668,740.0,0.0,0.002468333100005111,0.2368,0.23926833310000512,-127.0,-1.0
107.793661247,1.0,0.0,740.0,1.0,740.0,0.0,-8.756871000332467E-4,0.2812,0.28032431289996673,740.0,0.0,0.002468333100005111,0.2368,0.23926833310000512,-127.0,-1.0
107.808054998,1.0,0.0,740.0,1.0,740.0,0.0,-8.756871000332467E-4,0.2812,0.28032431289996673,740.0,0.0,0.002468333100005111,0.2368,0.23926833310000512,-127.0,-1.0
107.834769043,1.0,0.0,720.0,1.0,740.0,-20.0,-0.1932144165000136,0.2736,0.0803855834999864,740.0,-20.0,-0.18987039629997526,0.23040000000000002,0.04052960370002476,-127.0,-1.0
107.855210503,1.0,0.0,720.0,1.0,740.0,-20.0,-0.195,0.2736,0.0786,740.0,-20.0,-0.19189815069999897,0.23040000000000002,0.038501849300001056,-127.0,-1.0
107.876313172,1.0,0.0,720.0,1.0,740.0,-20.0,-0.195,0.2736,0.0786,740.0,-20.0,-0.19415562179998233,0.23040000000000002,0.03624437820001769,-127.0,-1.0
107.893587424,1.0,0.0,720.0,1.0,740.0,-20.0,-0.195,0.2736,0.0786,740.0,-20.0,-0.195,0.23040000000000002,0.035400000000000015,-127.0,-1.0
107.927680635,0.0,0.0,720.0,1.0,760.0,-40.0,-0.385,0.2736,-0.1114,740.0,-20.0,-0.195,0.23040000000000002,0.035400000000000015,-127.0,-1.0
107.958133555,1.0,0.0,720.0,1.0,740.0,-20.0,-0.195,0.2736,0.0786,740.0,-20.0,-0.195,0.23040000000000002,0.035400000000000015,-127.0,-1.0
107.975358807,1.0,0.0,720.0,1.0,720.0,0.0,-0.005,0.2736,0.2686,720.0,0.0,-0.005,0.23040000000000002,0.22540000000000002,-127.0,-1.0
108.00817656,1.0,0.0,720.0,1.0,720.0,0.0,-0.005,0.2736,0.2686,720.0,0.0,-0.005,0.23040000000000002,0.22540000000000002,-127.0,-1.0
108.031732729,1.0,0.0,720.0,1.0,700.0,20.0,0.1877239919999829,0.2736,0.4613239919999829,720.0,0.0,-0.005,0.23040000000000002,0.22540000000000002,-127.0,-1.0
108.053017981,1.0,0.0,720.0,1.0,720.0,0.0,-0.0022760080000171,0.2736,0.2713239919999829,740.0,-20.0,-0.195,0.23040000000000002,0.035400000000000015,-127.0,-1.0
108.079627317,1.0,0.0,720.0,1.0,720.0,0.0,-0.0022760080000171,0.2736,0.2713239919999829,720.0,0.0,-0.005,0.23040000000000002,0.22540000000000002,-127.0,-1.0
108.103732695,1.0,0.0,720.0,1.0,720.0,0.0,-0.0022760080000171,0.2736,0.2713239919999829,720.0,0.0,-0.005,0.23040000000000002,0.22540000000000002,-127.0,-1.0
108.132800198,1.0,0.0,720.0,1.0,720.0,0.0,-0.0022760080000171,0.2736,0.2713239919999829,740.0,-20.0,-0.195,0.23040000000000002,0.035400000000000015,-127.0,-1.0
108.162946284,1.0,0.0,720.0,1.0,700.0,20.0,0.19047297980001532,0.2736,0.46407297980001533,720.0,0.0,-0.005,0.23040000000000002,0.22540000000000002,-127.0,-1.0
108.187379203,1.0,0.0,720.0,1.0,720.0,0.0,4.729798000153096E-4,0.2736,0.2740729798000153,700.0,20.0,0.18772241689999647,0.23040000000000002,0.4181224168999965,-127.0,-1.0
108.20231808,1.0,0.0,720.0,1.0,720.0,0.0,4.729798000153096E-4,0.2736,0.2740729798000153,720.0,0.0,-0.0022775831000035394,0.23040000000000002,0.2281224168999965,-127.0,-1.0
108.217573706,1.0,0.0,720.0,1.0,700.0,20.0,0.19211057160001474,0.2736,0.4657105716000147,720.0,0.0,-0.0022775831000035394,0.23040000000000002,0.2281224168999965,-127.0,-1.0
108.233948458,1.0,0.0,720.0,1.0,720.0,0.0,0.002110571600014737,0.2736,0.2757105716000147,740.0,-20.0,-0.19371398319996844,0.23040000000000002,0.036686016800031584,-127.0,-1.0
108.256887752,1.0,0.0,720.0,1.0,720.0,0.0,0.002110571600014737,0.2736,0.2757105716000147,720.0,0.0,-0.0037139831999684248,0.23040000000000002,0.2266860168000316,-127.0,-1.0
108.273520045,1.0,0.0,720.0,1.0,720.0,0.0,0.002110571600014737,0.2736,0.2757105716000147,700.0,20.0,0.18782776700000794,0.23040000000000002,0.41822776700000797,-127.0,-1.0
108.293368256,1.0,0.0,720.0,1.0,720.0,0.0,0.002110571600014737,0.2736,0.2757105716000147,720.0,0.0,-0.0021722329999920476,0.23040000000000002,0.22822776700000796,-127.0,-1.0
108.306444549,1.0,0.0,720.0,1.0,720.0,0.0,0.002110571600014737,0.2736,0.2757105716000147,720.0,0.0,-0.0021722329999920476,0.23040000000000002,0.22822776700000796,-127.0,-1.0
108.327400801,1.0,0.0,720.0,1.0,720.0,0.0,0.002110571600014737,0.2736,0.2757105716000147,720.0,0.0,-0.0021722329999920476,0.23040000000000002,0.22822776700000796,-127.0,-1.0
108.342594594,1.0,0.0,720.0,1.0,720.0,0.0,0.002110571600014737,0.2736,0.2757105716000147,700.0,20.0,0.1891183046000242,0.23040000000000002,0.41951830460002426,-127.0,-1.0
108.361953387,1.0,0.0,720.0,1.0,700.0,20.0,0.19399488430004566,0.2736,0.4675948843000457,720.0,0.0,-8.816953999757971E-4,0.23040000000000002,0.22951830460002423,-127.0,-1.0
108.377049181,1.0,0.0,720.0,1.0,720.0,0.0,0.0039948843000456695,0.2736,0.2775948843000457,720.0,0.0,-8.816953999757971E-4,0.23040000000000002,0.22951830460002423,-127.0,-1.0
108.399562933,1.0,0.0,720.0,1.0,720.0,0.0,0.0039948843000456695,0.2736,0.2775948843000457,720.0,0.0,-8.816953999757971E-4,0.23040000000000002,0.22951830460002423,-127.0,-1.0
108.414209559,1.0,0.0,720.0,1.0,740.0,-20.0,-0.18734511999993628,0.2736,0.08625488000006373,720.0,0.0,-8.816953999757971E-4,0.23040000000000002,0.22951830460002423,-127.0,-1.0
108.440439437,1.0,0.0,720.0,1.0,720.0,0.0,0.002654880000063713,0.2736,0.2762548800000637,720.0,0.0,-8.816953999757971E-4,0.23040000000000002,0.22951830460002423,-127.0,-1.0
108.456049147,1.0,0.0,720.0,1.0,720.0,0.0,0.002654880000063713,0.2736,0.2762548800000637,720.0,0.0,-8.816953999757971E-4,0.23040000000000002,0.22951830460002423,-127.0,-1.0
108.478954024,1.0,0.0,720.0,1.0,720.0,0.0,0.002654880000063713,0.2736,0.2762548800000637,720.0,0.0,-8.816953999757971E-4,0.23040000000000002,0.22951830460002423,-127.0,-1.0
108.495847651,1.0,0.0,720.0,1.0,720.0,0.0,0.002654880000063713,0.2736,0.2762548800000637,700.0,20.0,0.1906095088999882,0.23040000000000002,0.4210095088999882,-127.0,-1.0
108.525632071,1.0,0.0,720.0,1.0,720.0,0.0,0.002654880000063713,0.2736,0.2762548800000637,740.0,-20.0,-0.19201919550002458,0.23040000000000002,0.03838080449997544,-127.0,-1.0
108.559742491,1.0,0.0,710.0,1.0,720.0,-10.0,-0.09399885559994345,0.26980000000000004,0.1758011444000566,720.0,-10.0,-0.09867288735003968,0.2272,0.12852711264996033,-127.0,-1.0
108.585574827,1.0,0.0,710.0,1.0,720.0,-10.0,-0.0954024577999462,0.26980000000000004,0.17439754220005382,700.0,10.0,0.09273075859995515,0.2272,0.3199307585999552,-127.0,-1.0
108.613146371,1.0,0.0,710.0,1.0,720.0,-10.0,-0.0968292475499311,0.26980000000000004,0.17297075245006893,720.0,-10.0,-0.09869603115002974,0.2272,0.12850396884997028,-127.0,-1.0
108.634826832,0.0,0.0,710.0,1.0,700.0,10.0,0.09424500465007896,0.26980000000000004,0.364045004650079,740.0,-30.0,-0.29,0.2272,-0.06279999999999997,-127.0,-1.0
108.655611292,1.0,0.0,710.0,1.0,720.0,-10.0,-0.09680788294992908,0.26980000000000004,0.17299211705007095,720.0,-10.0,-0.1,0.2272,0.1272,-127.0,-1.0
108.680281336,1.0,0.0,710.0,1.0,700.0,10.0,0.09438450880005803,0.26980000000000004,0.36418450880005804,700.0,10.0,0.09119239179998659,0.2272,0.3183923917999866,-127.0,-1.0
108.711848423,1.0,0.0,710.0,1.0,700.0,10.0,0.096010273550055,0.26980000000000004,0.365810273550055,720.0,-10.0,-0.1,0.2272,0.1272,-127.0,-1.0
108.728304258,1.0,0.0,710.0,1.0,720.0,-10.0,-0.09488245989996358,0.26980000000000004,0.17491754010003646,720.0,-10.0,-0.1,0.2272,0.1272,-127.0,-1.0
108.746631134,1.0,0.0,710.0,1.0,720.0,-10.0,-0.09569851414994446,0.26980000000000004,0.17410148585005558,700.0,10.0,0.0908160104999888,0.2272,0.31801601049998884,-127.0,-1.0
108.768141845,1.0,0.0,710.0,1.0,720.0,-10.0,-0.0967309850999527,0.26980000000000004,0.17306901490004734,700.0,10.0,0.09184852519998912,0.2272,0.31904852519998916,-127.0,-1.0
108.785502138,1.0,0.0,710.0,1.0,720.0,-10.0,-0.09763954139996259,0.26980000000000004,0.17216045860003745,720.0,-10.0,-0.09906003110002075,0.2272,0.12813996889997925,-127.0,-1.0
108.811515016,1.0,0.0,710.0,1.0,700.0,10.0,0.09368345875003797,0.26980000000000004,0.363483458750038,700.0,10.0,0.0922629690499798,0.2272,0.31946296904997984,-127.0,-1.0
108.830466643,1.0,0.0,710.0,1.0,720.0,-10.0,-0.09726897884995651,0.26980000000000004,0.17253102115004354,700.0,10.0,0.09321542124997904,0.2272,0.32041542124997907,-127.0,-1.0
108.849953186,1.0,0.0,710.0,1.0,720.0,-10.0,-0.09824956229995223,0.26980000000000004,0.1715504377000478,700.0,10.0,0.09419597549996525,0.2272,0.32139597549996524,-127.0,-1.0
108.869843105,1.0,0.0,710.0,1.0,720.0,-10.0,-0.09924499154994919,0.26980000000000004,0.17055500845005084,720.0,-10.0,-0.09679949750004653,0.2272,0.1304005024999535,-127.0,-1.0
108.888516774,1.0,0.0,710.0,1.0,700.0,10.0,0.09168414185004622,0.26980000000000004,0.3614841418500463,720.0,-10.0,-0.09772860175003188,0.2272,0.12947139824996812,-127.0,-1.0
108.909854234,1.0,0.0,710.0,1.0,720.0,-10.0,-0.09938701869996294,0.26980000000000004,0.1704129813000371,700.0,10.0,0.09334255879997727,0.2272,0.3205425587999773,-127.0,-1.0
108.93070082,1.0,0.0,710.0,1.0,720.0,-10.0,-0.1,0.26980000000000004,0.16980000000000003,700.0,10.0,0.09432505264998327,0.2272,0.32152505264998327,-127.0,-1.0
108.946712738,1.0,0.0,710.0,1.0,700.0,10.0,0.09085276049999266,0.26980000000000004,0.36065276049999273,720.0,-10.0,-0.09652772245001415,0.2272,0.13067227754998587,-127.0,-1.0
108.965810198,1.0,0.0,710.0,1.0,720.0,-10.0,-0.09999072499999784,0.26980000000000004,0.1698092750000022,720.0,-10.0,-0.09737119334999988,0.2272,0.12982880665000013,-127.0,-1.0
108.981681241,1.0,0.0,710.0,1.0,720.0,-10.0,-0.1,0.26980000000000004,0.16980000000000003,700.0,10.0,0.09355511090001528,0.2272,0.3207551109000153,-127.0,-1.0
109.00064016,1.0,0.0,710.0,1.0,720.0,-10.0,-0.1,0.26980000000000004,0.16980000000000003,720.0,-10.0,-0.09744004129997848,0.2272,0.12975995870002155,-127.0,-1.0
109.021911412,1.0,0.0,710.0,1.0,720.0,-10.0,-0.1,0.26980000000000004,0.16980000000000003,720.0,-10.0,-0.09850318099997821,0.2272,0.1286968190000218,-127.0,-1.0
109.045053706,1.0,0.0,710.0,1.0,700.0,10.0,0.09089270425000905,0.26980000000000004,0.3606927042500091,720.0,-10.0,-0.09939589979996981,0.2272,0.1278041002000302,-127.0,-1.0
109.065722375,1.0,0.0,710.0,1.0,720.0,-10.0,-0.1,0.26980000000000004,0.16980000000000003,700.0,10.0,0.09169063160003589,0.2272,0.3188906316000359,-127.0,-1.0
109.088343169,1.0,0.0,710.0,1.0,700.0,10.0,0.0912072814000021,0.26980000000000004,0.36100728140000216,700.0,10.0,0.09289792755004328,0.2272,0.3200979275500433,-127.0,-1.0
109.104106587,1.0,0.0,710.0,1.0,720.0,-10.0,-0.09965743739999197,0.26980000000000004,0.17014256260000807,720.0,-10.0,-0.09796680584995557,0.2272,0.12923319415004444,-127.0,-1.0
109.123210172,1.0,0.0,710.0,1.0,720.0,-10.0,-0.1,0.26980000000000004,0.16980000000000003,700.0,10.0,0.0929457463500421,0.2272,0.3201457463500421,-127.0,-1.0
109.146922966,1.0,0.0,710.0,1.0,700.0,10.0,0.09116315220000161,0.26980000000000004,0.36096315220000164,720.0,-10.0,-0.09821737664994998,0.2272,0.12898262335005004,-127.0,-1.0
109.166363718,1.0,0.0,710.0,1.0,720.0,-10.0,-0.09981431040000643,0.26980000000000004,0.1699856895999936,700.0,10.0,0.09276005680004801,0.2272,0.319960056800048,-127.0,-1.0
109.184518512,1.0,0.0,710.0,1.0,720.0,-10.0,-0.1,0.26980000000000004,0.16980000000000003,720.0,-10.0,-0.09820374119994994,0.2272,0.12899625880005006,-127.0,-1.0
109.224142307,1.0,0.0,710.0,1.0,700.0,10.0,0.09199574394998764,0.26980000000000004,0.3617957439499877,700.0,10.0,0.09379198820005513,0.2272,0.32099198820005514,-127.0,-1.0
109.239910392,1.0,0.0,710.0,1.0,700.0,10.0,0.09277052735000325,0.26980000000000004,0.3625705273500033,700.0,10.0,0.0945667861500533,0.2272,0.32176678615005333,-127.0,-1.0
109.262935436,1.0,0.0,710.0,1.0,720.0,-10.0,-0.0983837289999883,0.26980000000000004,0.17141627100001172,720.0,-10.0,-0.09658747024996046,0.2272,0.13061252975003956,-127.0,-1.0
109.28194948,1.0,0.0,710.0,1.0,720.0,-10.0,-0.09933863119999842,0.26980000000000004,0.17046136880000162,720.0,-10.0,-0.09754237239994837,0.2272,0.12965762760005164,-127.0,-1.0
109.302208649,1.0,0.0,710.0,1.0,700.0,10.0,0.09167014179999114,0.26980000000000004,0.36147014179999115,700.0,10.0,0.09346640065006341,0.2272,0.3206664006500634,-127.0,-1.0
109.321895567,1.0,0.0,710.0,1.0,720.0,-10.0,-0.0993220499500012,0.26980000000000004,0.17047795004999883,700.0,10.0,0.09445860700006051,0.2272,0.32165860700006055,-127.0,-1.0
109.340375861,1.0,0.0,710.0,1.0,720.0,-10.0,-0.1,0.26980000000000004,0.16980000000000003,700.0,10.0,0.09534081125006197,0.2272,0.32254081125006195,-127.0,-1.0
109.355695654,1.0,0.0,710.0,1.0,720.0,-10.0,-0.1,0.26980000000000004,0.16980000000000003,720.0,-10.0,-0.09550267424992853,0.2272,0.13169732575007148,-127.0,-1.0
109.376175614,1.0,0.0,710.0,1.0,700.0,10.0,0.09094953550001264,0.26980000000000004,0.36074953550001265,720.0,-10.0,-0.09645220974994118,0.2272,0.13074779025005884,-127.0,-1.0
109.396907866,1.0,0.0,710.0,1.0,700.0,10.0,0.09198772310000095,0.26980000000000004,0.36178772310000096,700.0,10.0,0.09458597785004713,0.2272,0.32178597785004714,-127.0,-1.0
109.419029035,1.0,0.0,710.0,1.0,720.0,-10.0,-0.09913131450000492,0.26980000000000004,0.17066868549999512,700.0,10.0,0.09570497170006093,0.2272,0.32290497170006094,-127.0,-1.0
109.435450454,1.0,0.0,710.0,1.0,720.0,-10.0,-0.09996623960000761,0.26980000000000004,0.16983376039999243,720.0,-10.0,-0.09512999714993384,0.2272,0.13207000285006618,-127.0,-1.0
109.453319122,1.0,0.0,710.0,1.0,720.0,-10.0,-0.1,0.26980000000000004,0.16980000000000003,720.0,-10.0,-0.0960168972499332,0.2272,0.1311831027500668,-127.0,-1.0
109.479281833,1.0,0.0,710.0,1.0,700.0,10.0,0.09124460009999438,0.26980000000000004,0.3610446000999944,720.0,-10.0,-0.09726142444992547,0.2272,0.12993857555007454,-127.0,-1.0
109.505686711,1.0,0.0,710.0,1.0,720.0,-10.0,-0.09982371670000703,0.26980000000000004,0.169976283299993,700.0,10.0,0.09380693605006854,0.2272,0.3210069360500686,-127.0,-1.0
