# Timestamp,ShooterReady,IsShooting,TargetTPS,Tilt,RightTPS,RightError,RightPowerPID,RightPowerFF,RightPower,LeftTPS,LeftError,LeftPowerPID,LeftPowerFF,LeftPower
# 0.000 PIDF Config: kP=0.0095 kI=0.005 kD=0.0
# 0.001 Feedforward Config: kS=0.0 kV_Left=3.2E-4 kV_Right=3.8E-4 kA=0.01
1.18159341,0.0,0.0,750.0,0.0,-0.0,750.0,7.125,0.28500000000000003,1.0,0.0,750.0,7.125,0.24000000000000002,1.0
1.201971871,0.0,0.0,750.0,0.0,20.0,730.0,6.9399999999999995,0.28500000000000003,1.0,20.0,730.0,6.9399999999999995,0.24000000000000002,1.0
1.214159747,0.0,0.0,750.0,0.0,40.0,710.0,6.75,0.28500000000000003,1.0,20.0,730.0,6.9399999999999995,0.24000000000000002,1.0
1.227733331,0.0,0.0,750.0,0.0,60.0,690.0,6.56,0.28500000000000003,1.0,40.0,710.0,6.75,0.24000000000000002,1.0
1.240362791,0.0,0.0,750.0,0.0,60.0,690.0,6.56,0.28500000000000003,1.0,60.0,690.0,6.56,0.24000000000000002,1.0
1.253359459,0.0,0.0,750.0,0.0,140.0,610.0,5.8,0.28500000000000003,1.0,100.0,650.0,6.18,0.24000000000000002,1.0
1.265859127,0.0,0.0,750.0,0.0,140.0,610.0,5.8,0.28500000000000003,1.0,120.0,630.0,5.989999999999999,0.24000000000000002,1.0
1.278919962,0.0,0.0,750.0,0.0,160.0,590.0,5.609999999999999,0.28500000000000003,1.0,140.0,610.0,5.8,0.24000000000000002,1.0
1.291975255,0.0,0.0,750.0,0.0,200.0,550.0,5.2299999999999995,0.28500000000000003,1.0,200.0,550.0,5.2299999999999995,0.24000000000000002,1.0
1.305578881,0.0,0.0,750.0,0.0,220.0,530.0,5.04,0.28500000000000003,1.0,200.0,550.0,5.2299999999999995,0.24000000000000002,1.0
1.317260132,0.0,0.0,750.0,0.0,260.0,490.0,4.66,0.28500000000000003,1.0,240.0,510.0,4.85,0.24000000000000002,1.0
1.330588134,0.0,0.0,750.0,0.0,280.0,470.0,4.47,0.28500000000000003,1.0,260.0,490.0,4.66,0.24000000000000002,1.0
1.342381093,0.0,0.0,750.0,0.0,300.0,450.0,4.279999999999999,0.28500000000000003,1.0,280.0,470.0,4.47,0.24000000000000002,1.0
1.354890678,0.0,0.0,750.0,0.0,340.0,410.0,3.9,0.28500000000000003,1.0,320.0,430.0,4.09,0.24000000000000002,1.0
1.366935345,0.0,0.0,750.0,0.0,360.0,390.0,3.71,0.28500000000000003,1.0,340.0,410.0,3.9,0.24000000000000002,1.0
1.37982643,0.0,0.0,750.0,0.0,380.0,370.0,3.52,0.28500000000000003,1.0,360.0,390.0,3.71,0.24000000000000002,1.0
1.391804015,0.0,0.0,750.0,0.0,400.0,350.0,3.3299999999999996,0.28500000000000003,1.0,400.0,350.0,3.3299999999999996,0.24000000000000002,1.0
1.404829849,0.0,0.0,750.0,0.0,440.0,310.0,2.9499999999999997,0.28500000000000003,1.0,400.0,350.0,3.3299999999999996,0.24000000000000002,1.0
1.416043267,0.0,0.0,750.0,0.0,460.0,290.0,2.76,0.28500000000000003,1.0,420.0,330.0,3.1399999999999997,0.24000000000000002,1.0
1.427924018,0.0,0.0,750.0,0.0,480.0,270.0,2.57,0.28500000000000003,1.0,440.0,310.0,2.9499999999999997,0.24000000000000002,1.0
1.439128686,0.0,0.0,750.0,0.0,500.0,250.0,2.38,0.28500000000000003,1.0,460.0,290.0,2.76,0.24000000000000002,1.0
1.450715437,0.0,0.0,750.0,0.0,540.0,210.0,1.9999999999999998,0.28500000000000003,1.0,480.0,270.0,2.57,0.24000000000000002,1.0
1.461596647,0.0,0.0,750.0,0.0,540.0,210.0,1.9999999999999998,0.28500000000000003,1.0,520.0,230.0,2.19,0.24000000000000002,1.0
1.472416898,0.0,0.0,750.0,0.0,560.0,190.0,1.8099999999999998,0.28500000000000003,1.0,540.0,210.0,1.9999999999999998,0.24000000000000002,1.0
1.483961357,0.0,0.0,750.0,0.0,600.0,150.0,1.43,0.28500000000000003,1.0,560.0,190.0,1.8099999999999998,0.24000000000000002,1.0
1.494686817,0.0,0.0,750.0,0.0,600.0,150.0,1.43,0.28500000000000003,1.0,580.0,170.0,1.6199999999999999,0.24000000000000002,1.0
1.504527359,0.0,0.0,750.0,0.0,640.0,110.0,1.0499999999999998,0.28500000000000003,1.0,580.0,170.0,1.6199999999999999,0.24000000000000002,1.0
1.515897694,0.0,0.0,750.0,0.0,660.0,90.0,0.86,0.28500000000000003,1.0,620.0,130.0,1.2399999999999998,0.24000000000000002,1.0
1.526558987,0.0,0.0,750.0,0.0,660.0,90.0,0.86,0.28500000000000003,1.0,640.0,110.0,1.0499999999999998,0.24000000000000002,1.0
1.540001321,0.0,0.0,750.0,0.0,680.0,70.0,0.67,0.28500000000000003,0.9550000000000001,660.0,90.0,0.86,0.24000000000000002,1.0
1.554680906,0.0,0.0,750.0,0.0,720.0,30.0,0.29,0.28500000000000003,0.575,680.0,70.0,0.67,0.24000000000000002,0.91
1.571563741,0.0,0.0,750.0,0.0,740.0,10.0,0.1,0.28500000000000003,0.385,700.0,50.0,0.48,0.24000000000000002,0.72
1.585907617,0.0,0.0,750.0,0.0,760.0,-10.0,-0.0907493500999999,0.28500000000000003,0.19425064990000013,720.0,30.0,0.29,0.24000000000000002,0.53
1.601118327,0.0,0.0,750.0,0.0,780.0,-30.0,-0.28300641284999867,0.28500000000000003,0.0019935871500013636,740.0,10.0,0.1,0.24000000000000002,0.34
1.615957454,0.0,0.0,750.0,0.0,800.0,-50.0,-0.4766952673499969,0.28500000000000003,-0.19169526734999687,780.0,-30.0,-0.2822132250999959,0.24000000000000002,-0.042213225099995894
1.637915289,1.0,0.0,750.0,0.0,780.0,-30.0,-0.2897866426999985,0.28500000000000003,-0.004786642699998456,760.0,-10.0,-0.0932435668999966,0.24000000000000002,0.14675643310000341
1.689328253,1.0,0.0,750.0,0.0,760.0,-10.0,-0.1,0.28500000000000003,0.18500000000000003,780.0,-30.0,-0.29,0.24000000000000002,-0.04999999999999996
1.711233297,1.0,0.0,750.0,0.0,740.0,10.0,0.09144758560000185,0.28500000000000003,0.3764475856000019,760.0,-10.0,-0.1,0.24000000000000002,0.14
1.728679049,0.0,0.0,750.0,0.0,740.0,10.0,0.09232682940000189,0.28500000000000003,0.37732682940000195,780.0,-30.0,-0.29,0.24000000000000002,-0.04999999999999996
1.744989342,1.0,0.0,750.0,0.0,740.0,10.0,0.09314930035000032,0.28500000000000003,0.3781493003500004,760.0,-10.0,-0.1,0.24000000000000002,0.14
1.758212052,1.0,0.0,750.0,0.0,740.0,10.0,0.09390699210000207,0.28500000000000003,0.3789069921000021,760.0,-10.0,-0.1,0.24000000000000002,0.14
1.77530022,1.0,0.0,750.0,0.0,740.0,10.0,0.09465990050000186,0.28500000000000003,0.37965990050000187,720.0,30.0,0.2822579377000056,0.24000000000000002,0.5222579377000056
1.791872138,1.0,0.0,750.0,0.0,740.0,10.0,0.0954740006000003,0.28500000000000003,0.38047400060000036,740.0,10.0,0.09307205240000314,0.24000000000000002,0.33307205240000315
1.808415765,1.0,0.0,750.0,0.0,740.0,10.0,0.09626144230000136,0.28500000000000003,0.38126144230000136,740.0,10.0,0.09385946495000554,0.24000000000000002,0.33385946495000557
1.825682433,1.0,0.0,750.0,0.0,760.0,-10.0,-0.09464518904999863,0.28500000000000003,0.1903548109500014,760.0,-10.0,-0.09704721014999222,0.24000000000000002,0.1429527898500078
1.841162935,1.0,0.0,750.0,0.0,760.0,-10.0,-0.0954095745499984,0.28500000000000003,0.18959042545000163,760.0,-10.0,-0.097811595649992,0.24000000000000002,0.142188404350008
1.858756853,1.0,0.0,750.0,0.0,760.0,-10.0,-0.09629768504999844,0.28500000000000003,0.1887023149500016,740.0,10.0,0.09307651485000804,0.24000000000000002,0.33307651485000805
1.874669897,1.0,0.0,750.0,0.0,740.0,10.0,0.09449604210000132,0.28500000000000003,0.3794960421000013,740.0,10.0,0.09387019825001006,0.24000000000000002,0.3338701982500101
1.892827607,1.0,0.0,750.0,0.0,760.0,-10.0,-0.09642496844999755,0.28500000000000003,0.1885750315500025,740.0,10.0,0.0947913692000094,0.24000000000000002,0.3347913692000094
1.907860983,1.0,0.0,750.0,0.0,760.0,-10.0,-0.09716867474999731,0.28500000000000003,0.18783132525000273,760.0,-10.0,-0.09595236624999189,0.24000000000000002,0.14404763375000812
1.924013485,1.0,0.0,750.0,0.0,760.0,-10.0,-0.0979687602499979,0.28500000000000003,0.18703123975000213,760.0,-10.0,-0.09675243719999002,0.24000000000000002,0.14324756280001
1.938240111,1.0,0.0,750.0,0.0,740.0,10.0,0.09275778150000293,0.28500000000000003,0.37775778150000294,760.0,-10.0,-0.09747900809998952,0.24000000000000002,0.1425209919000105
1.953206696,1.0,0.0,750.0,0.0,760.0,-10.0,-0.09799037274999592,0.28500000000000003,0.1870096272500041,740.0,10.0,0.09326911695001115,0.24000000000000002,0.33326911695001116
1.968501698,1.0,0.0,750.0,0.0,760.0,-10.0,-0.09875340199999698,0.28500000000000003,0.18624659800000304,760.0,-10.0,-0.097493926899989,0.24000000000000002,0.142506073100011
1.984821324,1.0,0.0,750.0,0.0,760.0,-10.0,-0.0995383936999957,0.28500000000000003,0.18546160630000433,760.0,-10.0,-0.09827893319998963,0.24000000000000002,0.1417210668000104
2.001439326,1.0,0.0,750.0,0.0,760.0,-10.0,-0.1,0.28500000000000003,0.18500000000000003,760.0,-10.0,-0.09911676039998837,0.24000000000000002,0.14088323960001164
2.016883077,1.0,0.0,750.0,0.0,760.0,-10.0,-0.1,0.28500000000000003,0.18500000000000003,740.0,10.0,0.0917424313500129,0.24000000000000002,0.3317424313500129
2.031486829,1.0,0.0,750.0,0.0,760.0,-10.0,-0.1,0.28500000000000003,0.18500000000000003,760.0,-10.0,-0.09898957914998618,0.24000000000000002,0.14101042085001383
2.046288622,1.0,0.0,750.0,0.0,760.0,-10.0,-0.1,0.28500000000000003,0.18500000000000003,760.0,-10.0,-0.0997236166999869,0.24000000000000002,0.14027638330001313
2.060302624,1.0,0.0,750.0,0.0,760.0,-10.0,-0.1,0.28500000000000003,0.18500000000000003,740.0,10.0,0.09098606670001402,0.24000000000000002,0.33098606670001407
2.074510292,1.0,0.0,750.0,0.0,760.0,-10.0,-0.1,0.28500000000000003,0.18500000000000003,760.0,-10.0,-0.09972549794998428,0.24000000000000002,0.14027450205001574
2.088351043,1.0,0.0,750.0,0.0,760.0,-10.0,-0.1,0.28500000000000003,0.18500000000000003,740.0,10.0,0.09096534380001572,0.24000000000000002,0.33096534380001574
2.104778003,1.0,0.0,750.0,0.0,740.0,10.0,0.09075515424999822,0.28500000000000003,0.3757551542499983,760.0,-10.0,-0.09978982504998442,0.24000000000000002,0.1402101749500156
2.12106963,1.0,0.0,750.0,0.0,740.0,10.0,0.09150066889999892,0.28500000000000003,0.37650066889999895,760.0,-10.0,-0.1,0.24000000000000002,0.14
2.134252673,1.0,0.0,750.0,0.0,740.0,10.0,0.09232577939999885,0.28500000000000003,0.3773257793999989,760.0,-10.0,-0.1,0.24000000000000002,0.14
2.148989424,1.0,0.0,750.0,0.0,760.0,-10.0,-0.09840751445000251,0.28500000000000003,0.18659248554999752,760.0,-10.0,-0.1,0.24000000000000002,0.14
2.20465868,1.0,0.0,750.0,0.0,760.0,-10.0,-0.1,0.28500000000000003,0.18500000000000003,740.0,10.0,0.09226431064999986,0.24000000000000002,0.3322643106499999
2.228427182,1.0,0.0,750.0,0.0,740.0,10.0,0.09159045850000155,0.28500000000000003,0.3765904585000016,760.0,-10.0,-0.09932608950000202,0.24000000000000002,0.140673910499998
2.244169309,1.0,0.0,750.0,0.0,760.0,-10.0,-0.09920636034999859,0.28500000000000003,0.18579363965000145,760.0,-10.0,-0.1,0.24000000000000002,0.14
2.26003306,1.0,0.0,750.0,0.0,760.0,-10.0,-0.1,0.28500000000000003,0.18500000000000003,760.0,-10.0,-0.1,0.24000000000000002,0.14
2.273252562,1.0,0.0,750.0,0.0,760.0,-10.0,-0.1,0.28500000000000003,0.18500000000000003,740.0,10.0,0.09062419590000217,0.24000000000000002,0.3306241959000022
2.286435605,1.0,0.0,750.0,0.0,760.0,-10.0,-0.1,0.28500000000000003,0.18500000000000003,760.0,-10.0,-0.1,0.24000000000000002,0.14
2.298335606,1.0,0.0,750.0,0.0,740.0,10.0,0.0906294459000003,0.28500000000000003,0.37562944590000036,760.0,-10.0,-0.1,0.24000000000000002,0.14
2.311318565,1.0,0.0,750.0,0.0,760.0,-10.0,-0.1,0.28500000000000003,0.18500000000000003,760.0,-10.0,-0.1,0.24000000000000002,0.14
2.322039358,1.0,0.0,750.0,0.0,760.0,-10.0,-0.1,0.28500000000000003,0.18500000000000003,760.0,-10.0,-0.1,0.24000000000000002,0.14
2.336505443,1.0,0.0,750.0,0.0,760.0,-10.0,-0.1,0.28500000000000003,0.18500000000000003,740.0,10.0,0.09061050214999909,0.24000000000000002,0.3306105021499991
2.350325778,1.0,0.0,750.0,0.0,760.0,-10.0,-0.1,0.28500000000000003,0.18500000000000003,760.0,-10.0,-0.1,0.24000000000000002,0.14
2.361972904,1.0,0.0,750.0,0.0,760.0,-10.0,-0.1,0.28500000000000003,0.18500000000000003,760.0,-10.0,-0.1,0.24000000000000002,0.14
2.373062363,1.0,0.0,750.0,0.0,760.0,-10.0,-0.1,0.28500000000000003,0.18500000000000003,760.0,-10.0,-0.1,0.24000000000000002,0.14
2.38552849,1.0,0.0,750.0,0.0,760.0,-10.0,-0.1,0.28500000000000003,0.18500000000000003,760.0,-10.0,-0.1,0.24000000000000002,0.14
2.396568074,1.0,0.0,750.0,0.0,760.0,-10.0,-0.1,0.28500000000000003,0.18500000000000003,760.0,-10.0,-0.1,0.24000000000000002,0.14
2.413347367,1.0,0.0,750.0,0.0,760.0,-10.0,-0.1,0.28500000000000003,0.18500000000000003,740.0,10.0,0.09073351259999868,0.24000000000000002,0.3307335125999987
2.425783744,1.0,0.0,750.0,0.0,760.0,-10.0,-0.1,0.28500000000000003,0.18500000000000003,740.0,10.0,0.09135648349999827,0.24000000000000002,0.3313564834999983
2.440983662,1.0,0.0,750.0,0.0,740.0,10.0,0.09067252504999829,0.28500000000000003,0.3756725250499983,760.0,-10.0,-0.09931598320000319,0.24000000000000002,0.1406840167999968
2.455287872,1.0,0.0,750.0,0.0,760.0,-10.0,-0.1,0.28500000000000003,0.18500000000000003,760.0,-10.0,-0.1,0.24000000000000002,0.14
2.47008354,1.0,0.0,750.0,0.0,760.0,-10.0,-0.1,0.28500000000000003,0.18500000000000003,740.0,10.0,0.09079560839999999,0.24000000000000002,0.3307956084
2.485971791,1.0,0.0,750.0,0.0,740.0,10.0,0.09071570634999887,0.28500000000000003,0.3757157063499989,760.0,-10.0,-0.09992091459999983,0.24000000000000002,0.1400790854000002
2.50217971,1.0,0.0,750.0,0.0,740.0,10.0,0.09152753139999789,0.28500000000000003,0.37652753139999795,760.0,-10.0,-0.1,0.24000000000000002,0.14
2.513857169,1.0,0.0,750.0,0.0,740.0,10.0,0.09223956275000035,0.28500000000000003,0.37723956275000037,760.0,-10.0,-0.1,0.24000000000000002,0.14
2.526169004,1.0,0.0,750.0,0.0,760.0,-10.0,-0.09838009769999871,0.28500000000000003,0.1866199023000013,760.0,-10.0,-0.1,0.24000000000000002,0.14
2.540707422,1.0,0.0,750.0,0.0,740.0,10.0,0.09222509609999975,0.28500000000000003,0.37722509609999977,740.0,10.0,0.0906050917500005,0.24000000000000002,0.3306050917500005
2.555858048,1.0,0.0,750.0,0.0,760.0,-10.0,-0.09852072485000178,0.28500000000000003,0.18647927514999824,780.0,-30.0,-0.29,0.24000000000000002,-0.04999999999999996
2.571900008,1.0,0.0,750.0,0.0,760.0,-10.0,-0.0993453686500004,0.28500000000000003,0.18565463134999963,760.0,-10.0,-0.1,0.24000000000000002,0.14
2.585114843,1.0,0.0,750.0,0.0,780.0,-30.0,-0.29,0.28500000000000003,-0.004999999999999949,760.0,-10.0,-0.1,0.24000000000000002,0.14
2.599150719,1.0,0.0,750.0,0.0,760.0,-10.0,-0.1,0.28500000000000003,0.18500000000000003,740.0,10.0,0.0906158688499994,0.24000000000000002,0.33061586884999944
2.614073846,1.0,0.0,750.0,0.0,740.0,10.0,0.09073730419999834,0.28500000000000003,0.3757373041999984,720.0,30.0,0.2828276502000011,0.24000000000000002,0.5228276502000011
2.640368474,1.0,0.0,750.0,0.0,740.0,10.0,0.0919833189499991,0.28500000000000003,0.37698331894999915,740.0,10.0,0.09407360660000222,0.24000000000000002,0.33407360660000224
2.657946642,1.0,0.0,750.0,0.0,760.0,-10.0,-0.098883164450001,0.28500000000000003,0.18611683554999903,760.0,-10.0,-0.09679281849999768,0.24000000000000002,0.14320718150000233
2.711752147,1.0,0.0,750.0,0.0,760.0,-10.0,-0.1,0.28500000000000003,0.18500000000000003,740.0,10.0,0.09562062130000243,0.24000000000000002,0.3356206213000025
2.731707399,1.0,0.0,750.0,0.0,760.0,-10.0,-0.1,0.28500000000000003,0.18500000000000003,780.0,-30.0,-0.28868442294999225,0.24000000000000002,-0.04868442294999223
2.744492901,1.0,0.0,750.0,0.0,760.0,-10.0,-0.1,0.28500000000000003,0.18500000000000003,780.0,-30.0,-0.29,0.24000000000000002,-0.04999999999999996
2.757793485,1.0,0.0,750.0,0.0,760.0,-10.0,-0.1,0.28500000000000003,0.18500000000000003,760.0,-10.0,-0.1,0.24000000000000002,0.14
2.768761903,1.0,0.0,750.0,0.0,760.0,-10.0,-0.1,0.28500000000000003,0.18500000000000003,760.0,-10.0,-0.1,0.24000000000000002,0.14
2.782777363,1.0,0.0,750.0,0.0,760.0,-10.0,-0.1,0.28500000000000003,0.18500000000000003,740.0,10.0,0.09058783965000089,0.24000000000000002,0.33058783965000094
2.795070822,1.0,0.0,750.0,0.0,760.0,-10.0,-0.1,0.28500000000000003,0.18500000000000003,740.0,10.0,0.09120799594999994,0.24000000000000002,0.33120799594999994
2.811597241,1.0,0.0,750.0,0.0,760.0,-10.0,-0.1,0.28500000000000003,0.18500000000000003,760.0,-10.0,-0.09960846664999963,0.24000000000000002,0.14039153335000037
2.82640195,1.0,0.0,750.0,0.0,740.0,10.0,0.09067154799999969,0.28500000000000003,0.3756715479999997,740.0,10.0,0.09106296465000072,0.24000000000000002,0.33106296465000074
2.851714245,1.0,0.0,750.0,0.0,740.0,10.0,0.09192895229999977,0.28500000000000003,0.3769289522999998,760.0,-10.0,-0.1,0.24000000000000002,0.14
2.86687683,1.0,0.0,750.0,0.0,740.0,10.0,0.0926753419500011,0.28500000000000003,0.37767534195000113,740.0,10.0,0.09074631674999921,0.24000000000000002,0.3307463167499992
2.884603456,1.0,0.0,750.0,0.0,760.0,-10.0,-0.09815730814999882,0.28500000000000003,0.1868426918500012,760.0,-10.0,-0.1,0.24000000000000002,0.14
2.900873791,1.0,0.0,750.0,0.0,760.0,-10.0,-0.09897970614999849,0.28500000000000003,0.18602029385000154,740.0,10.0,0.0908222375999992,0.24000000000000002,0.33082223759999924
2.919380627,1.0,0.0,750.0,0.0,760.0,-10.0,-0.0999854166499972,0.28500000000000003,0.18501458335000281,760.0,-10.0,-0.1,0.24000000000000002,0.14
2.93390942,1.0,0.0,750.0,0.0,760.0,-10.0,-0.1,0.28500000000000003,0.18500000000000003,760.0,-10.0,-0.1,0.24000000000000002,0.14
2.948329421,1.0,0.0,750.0,0.0,760.0,-10.0,-0.1,0.28500000000000003,0.18500000000000003,740.0,10.0,0.09065660005000155,0.24000000000000002,0.3306566000500016
2.960866714,1.0,0.0,750.0,0.0,760.0,-10.0,-0.1,0.28500000000000003,0.18500000000000003,760.0,-10.0,-0.09999854169999764,0.24000000000000002,0.14000145830000238
2.975162174,1.0,0.0,750.0,0.0,760.0,-10.0,-0.1,0.28500000000000003,0.18500000000000003,740.0,10.0,0.0907215104500034,0.24000000000000002,0.3307215104500034
2.988167592,1.0,0.0,750.0,0.0,760.0,-10.0,-0.1,0.28500000000000003,0.18500000000000003,740.0,10.0,0.0913680772000015,0.24000000000000002,0.3313680772000015
3.003613093,1.0,0.0,750.0,0.0,760.0,-10.0,-0.1,0.28500000000000003,0.18500000000000003,760.0,-10.0,-0.09937255199999981,0.24000000000000002,0.1406274480000002
3.019606345,1.0,0.0,750.0,0.0,740.0,10.0,0.09075112924999985,0.28500000000000003,0.37575112924999987,740.0,10.0,0.09138032724999846,0.24000000000000002,0.3313803272499985
3.034846513,1.0,0.0,750.0,0.0,760.0,-10.0,-0.1,0.28500000000000003,0.18500000000000003,740.0,10.0,0.09216243149999968,0.24000000000000002,0.3321624314999997
3.047855723,1.0,0.0,750.0,0.0,760.0,-10.0,-0.1,0.28500000000000003,0.18500000000000003,760.0,-10.0,-0.09855320190000043,0.24000000000000002,0.1414467980999996
3.061825683,1.0,0.0,750.0,0.0,760.0,-10.0,-0.1,0.28500000000000003,0.18500000000000003,760.0,-10.0,-0.09924939574999883,0.24000000000000002,0.1407506042500012
3.074765767,1.0,0.0,750.0,0.0,760.0,-10.0,-0.1,0.28500000000000003,0.18500000000000003,760.0,-10.0,-0.09988763540000037,0.24000000000000002,0.14011236459999965
3.088579977,1.0,0.0,750.0,0.0,760.0,-10.0,-0.1,0.28500000000000003,0.18500000000000003,760.0,-10.0,-0.1,0.24000000000000002,0.14
3.099557436,1.0,0.0,750.0,0.0,760.0,-10.0,-0.1,0.28500000000000003,0.18500000000000003,760.0,-10.0,-0.1,0.24000000000000002,0.14
3.114478229,1.0,0.0,750.0,0.0,740.0,10.0,0.09055865839999853,0.28500000000000003,0.3755586583999986,740.0,10.0,0.09055857084999787,0.24000000000000002,0.3305585708499979
3.128064647,1.0,0.0,750.0,0.0,760.0,-10.0,-0.1,0.28500000000000003,0.18500000000000003,760.0,-10.0,-0.1,0.24000000000000002,0.14
3.14074194,1.0,0.0,750.0,0.0,760.0,-10.0,-0.1,0.28500000000000003,0.18500000000000003,760.0,-10.0,-0.1,0.24000000000000002,0.14
3.151381358,1.0,0.0,750.0,0.0,760.0,-10.0,-0.1,0.28500000000000003,0.18500000000000003,760.0,-10.0,-0.1,0.24000000000000002,0.14
3.163029943,1.0,0.0,750.0,0.0,760.0,-10.0,-0.1,0.28500000000000003,0.18500000000000003,760.0,-10.0,-0.1,0.24000000000000002,0.14
3.206792489,1.0,0.0,750.0,0.0,760.0,-10.0,-0.1,0.28500000000000003,0.18500000000000003,760.0,-10.0,-0.1,0.24000000000000002,0.14
3.230440241,1.0,0.0,750.0,0.0,740.0,10.0,0.09067617089999885,0.28500000000000003,0.3756761708999989,740.0,10.0,0.09067561674999866,0.24000000000000002,0.3306756167499987
3.257006702,1.0,0.0,750.0,0.0,760.0,-10.0,-0.1,0.28500000000000003,0.18500000000000003,760.0,-10.0,-0.1,0.24000000000000002,0.14
3.272228204,1.0,0.0,750.0,0.0,760.0,-10.0,-0.1,0.28500000000000003,0.18500000000000003,780.0,-30.0,-0.29,0.24000000000000002,-0.04999999999999996
3.290502289,1.0,0.0,750.0,0.0,760.0,-10.0,-0.1,0.28500000000000003,0.18500000000000003,760.0,-10.0,-0.1,0.24000000000000002,0.14
3.30652529,1.0,0.0,750.0,0.0,760.0,-10.0,-0.1,0.28500000000000003,0.18500000000000003,740.0,10.0,0.09076044794999746,0.24000000000000002,0.3307604479499975
3.323752584,1.0,0.0,750.0,0.0,760.0,-10.0,-0.1,0.28500000000000003,0.18500000000000003,740.0,10.0,0.09164695429999994,0.24000000000000002,0.33164695429999996
3.339955544,1.0,0.0,750.0,0.0,760.0,-10.0,-0.1,0.28500000000000003,0.18500000000000003,760.0,-10.0,-0.09916670829999816,0.24000000000000002,0.14083329170000186
3.357213462,1.0,0.0,750.0,0.0,760.0,-10.0,-0.1,0.28500000000000003,0.18500000000000003,760.0,-10.0,-0.1,0.24000000000000002,0.14
3.374641422,1.0,0.0,750.0,0.0,740.0,10.0,0.09079110215000072,0.28500000000000003,0.3757911021500008,740.0,10.0,0.09079098545000136,0.24000000000000002,0.3307909854500014
3.394309966,1.0,0.0,750.0,0.0,760.0,-10.0,-0.1,0.28500000000000003,0.18500000000000003,740.0,10.0,0.09174106055000039,0.24000000000000002,0.3317410605500004
3.415720343,1.0,0.0,750.0,0.0,760.0,-10.0,-0.1,0.28500000000000003,0.18500000000000003,740.0,10.0,0.09285242735000111,0.24000000000000002,0.33285242735000115
3.431650595,1.0,0.0,750.0,0.0,760.0,-10.0,-0.1,0.28500000000000003,0.18500000000000003,760.0,-10.0,-0.0979976497999985,0.24000000000000002,0.14200235020000151
3.448251971,1.0,0.0,750.0,0.0,760.0,-10.0,-0.1,0.28500000000000003,0.18500000000000003,740.0,10.0,0.09284477115000073,0.24000000000000002,0.3328447711500008
3.465006181,1.0,0.0,750.0,0.0,740.0,10.0,0.09070323760000122,0.28500000000000003,0.37570323760000124,740.0,10.0,0.0935483878500031,0.24000000000000002,0.3335483878500031
3.48080635,1.0,0.0,750.0,0.0,740.0,10.0,0.09156903559999932,0.28500000000000003,0.3765690355999993,760.0,-10.0,-0.09731745394999507,0.24000000000000002,0.14268254605000497
3.495708476,1.0,0.0,750.0,0.0,760.0,-10.0,-0.09917324155000244,0.28500000000000003,0.18582675844999758,760.0,-10.0,-0.09805977484999459,0.24000000000000002,0.14194022515000543
3.511429894,1.0,0.0,750.0,0.0,760.0,-10.0,-0.09996731870000133,0.28500000000000003,0.1850326812999987,760.0,-10.0,-0.09885385199999633,0.24000000000000002,0.1411461480000037
3.528024271,1.0,0.0,750.0,0.0,740.0,10.0,0.09086695014999804,0.28500000000000003,0.37586695014999805,740.0,10.0,0.09198038765000206,0.24000000000000002,0.3319803876500021
3.544700023,1.0,0.0,750.0,0.0,740.0,10.0,0.09169372314999805,0.28500000000000003,0.37669372314999805,760.0,-10.0,-0.09884639994999986,0.24000000000000002,0.14115360005000016
3.559757608,1.0,0.0,750.0,0.0,760.0,-10.0,-0.09906181025000364,0.28500000000000003,0.18593818974999637,760.0,-10.0,-0.09960187499999903,0.24000000000000002,0.14039812500000098
3.577735359,1.0,0.0,750.0,0.0,760.0,-10.0,-0.09995524370000339,0.28500000000000003,0.18504475629999664,760.0,-10.0,-0.1,0.24000000000000002,0.14
3.591009694,1.0,0.0,750.0,0.0,780.0,-30.0,-0.29,0.28500000000000003,-0.004999999999999949,760.0,-10.0,-0.1,0.24000000000000002,0.14
3.605286195,1.0,0.0,750.0,0.0,740.0,10.0,0.09073244799999941,0.28500000000000003,0.37573244799999944,760.0,-10.0,-0.1,0.24000000000000002,0.14
3.619235739,1.0,0.0,750.0,0.0,760.0,-10.0,-0.09987698955000042,0.28500000000000003,0.18512301044999963,740.0,10.0,0.09060943755000267,0.24000000000000002,0.3306094375500027
3.633991448,1.0,0.0,750.0,0.0,760.0,-10.0,-0.1,0.28500000000000003,0.18500000000000003,760.0,-10.0,-0.1,0.24000000000000002,0.14
3.644495533,1.0,0.0,750.0,0.0,760.0,-10.0,-0.1,0.28500000000000003,0.18500000000000003,760.0,-10.0,-0.1,0.24000000000000002,0.14
3.658086617,1.0,0.0,750.0,0.0,760.0,-10.0,-0.1,0.28500000000000003,0.18500000000000003,740.0,10.0,0.09055633960000137,0.24000000000000002,0.3305563396000014
3.672111994,1.0,0.0,750.0,0.0,760.0,-10.0,-0.1,0.28500000000000003,0.18500000000000003,760.0,-10.0,-0.1,0.24000000000000002,0.14
3.716756832,1.0,0.0,750.0,0.0,740.0,10.0,0.09220174815000007,0.28500000000000003,0.37720174815000007,760.0,-10.0,-0.1,0.24000000000000002,0.14
3.737885167,1.0,0.0,750.0,0.0,760.0,-10.0,-0.09851085189999935,0.28500000000000003,0.18648914810000067,740.0,10.0,0.09071246880000047,0.24000000000000002,0.3307124688000005
3.759792544,1.0,0.0,750.0,0.0,740.0,10.0,0.09288111285000242,0.28500000000000003,0.3778811128500025,760.0,-10.0,-0.1,0.24000000000000002,0.14
3.773887046,1.0,0.0,750.0,0.0,760.0,-10.0,-0.09793253509999715,0.28500000000000003,0.18706746490000287,760.0,-10.0,-0.1,0.24000000000000002,0.14
3.786391964,1.0,0.0,750.0,0.0,760.0,-10.0,-0.09856809144999659,0.28500000000000003,0.18643190855000344,760.0,-10.0,-0.1,0.24000000000000002,0.14
3.79824559,1.0,0.0,750.0,0.0,740.0,10.0,0.09199667735000447,0.28500000000000003,0.3769966773500045,760.0,-10.0,-0.1,0.24000000000000002,0.14
3.811365341,1.0,0.0,750.0,0.0,760.0,-10.0,-0.0986838831499938,0.28500000000000003,0.18631611685000624,760.0,-10.0,-0.1,0.24000000000000002,0.14
3.823231217,1.0,0.0,750.0,0.0,740.0,10.0,0.0919124585500066,0.28500000000000003,0.37691245855000666,760.0,-10.0,-0.1,0.24000000000000002,0.14
3.838048761,1.0,0.0,750.0,0.0,740.0,10.0,0.09252764195000737,0.28500000000000003,0.37752764195000743,740.0,10.0,0.09061468754999794,0.24000000000000002,0.33061468754999795
3.853837845,1.0,0.0,750.0,0.0,760.0,-10.0,-0.09824670394999373,0.28500000000000003,0.1867532960500063,760.0,-10.0,-0.1,0.24000000000000002,0.14
3.866829263,1.0,0.0,750.0,0.0,760.0,-10.0,-0.09903723734999233,0.28500000000000003,0.18596276265000772,760.0,-10.0,-0.1,0.24000000000000002,0.14
3.88119239,1.0,0.0,750.0,0.0,760.0,-10.0,-0.09964690824999138,0.28500000000000003,0.18535309175000864,740.0,10.0,0.09060970005000059,0.24000000000000002,0.3306097000500006
3.896958725,1.0,0.0,750.0,0.0,760.0,-10.0,-0.1,0.28500000000000003,0.18500000000000003,760.0,-10.0,-0.1,0.24000000000000002,0.14
3.912480643,1.0,0.0,750.0,0.0,760.0,-10.0,-0.1,0.28500000000000003,0.18500000000000003,740.0,10.0,0.09088405635000016,0.24000000000000002,0.3308840563500002
3.929658353,1.0,0.0,750.0,0.0,740.0,10.0,0.09077609589999952,0.28500000000000003,0.37577609589999955,760.0,-10.0,-0.09989202494999745,0.24000000000000002,0.14010797505000255
3.944364188,1.0,0.0,750.0,0.0,760.0,-10.0,-0.09997223335000172,0.28500000000000003,0.18502776664999832,760.0,-10.0,-0.1,0.24000000000000002,0.14
3.957863106,1.0,0.0,750.0,0.0,760.0,-10.0,-0.1,0.28500000000000003,0.18500000000000003,760.0,-10.0,-0.1,0.24000000000000002,0.14
3.973080524,1.0,0.0,750.0,0.0,740.0,10.0,0.0906521813500001,0.28500000000000003,0.3756521813500001,740.0,10.0,0.0906521083999985,0.24000000000000002,0.33065210839999853
3.989035567,1.0,0.0,750.0,0.0,760.0,-10.0,-0.1,0.28500000000000003,0.18500000000000003,740.0,10.0,0.09143663350000054,0.24000000000000002,0.3314366335000006
4.004581694,1.0,0.0,750.0,0.0,760.0,-10.0,-0.1,0.28500000000000003,0.18500000000000003,760.0,-10.0,-0.09939552074999938,0.24000000000000002,0.14060447925000064
4.019038737,1.0,0.0,750.0,0.0,760.0,-10.0,-0.1,0.28500000000000003,0.18500000000000003,760.0,-10.0,-0.1,0.24000000000000002,0.14
4.032541155,1.0,0.0,750.0,0.0,760.0,-10.0,-0.1,0.28500000000000003,0.18500000000000003,740.0,10.0,0.09067529590000106,0.24000000000000002,0.3306752959000011
4.047979073,1.0,0.0,750.0,0.0,760.0,-10.0,-0.1,0.28500000000000003,0.18500000000000003,760.0,-10.0,-0.1,0.24000000000000002,0.14
4.059452366,1.0,0.0,750.0,0.0,760.0,-10.0,-0.1,0.28500000000000003,0.18500000000000003,760.0,-10.0,-0.1,0.24000000000000002,0.14
4.071684576,1.0,0.0,750.0,0.0,760.0,-10.0,-0.1,0.28500000000000003,0.18500000000000003,760.0,-10.0,-0.1,0.24000000000000002,0.14
4.082758577,1.0,0.0,750.0,0.0,760.0,-10.0,-0.1,0.28500000000000003,0.18500000000000003,760.0,-10.0,-0.1,0.24000000000000002,0.14
4.094796536,1.0,0.0,750.0,0.0,760.0,-10.0,-0.1,0.28500000000000003,0.18500000000000003,760.0,-10.0,-0.1,0.24000000000000002,0.14
4.111777371,1.0,0.0,750.0,0.0,740.0,10.0,0.09066444590000003,0.28500000000000003,0.37566444590000003,740.0,10.0,0.09066437299999791,0.24000000000000002,0.33066437299999796
4.127648998,1.0,0.0,750.0,0.0,740.0,10.0,0.09146677725000188,0.28500000000000003,0.3764667772500019,760.0,-10.0,-0.1,0.24000000000000002,0.14
4.139465582,1.0,0.0,750.0,0.0,760.0,-10.0,-0.09922113319999823,0.28500000000000003,0.1857788668000018,760.0,-10.0,-0.1,0.24000000000000002,0.14
4.152890417,1.0,0.0,750.0,0.0,740.0,10.0,0.09146365644999946,0.28500000000000003,0.37646365644999946,760.0,-10.0,-0.1,0.24000000000000002,0.14
4.16932496,1.0,0.0,750.0,0.0,760.0,-10.0,-0.09923918740000204,0.28500000000000003,0.185760812599998,740.0,10.0,0.09070266879999964,0.24000000000000002,0.33070266879999966
4.188523921,1.0,0.0,750.0,0.0,760.0,-10.0,-0.1,0.28500000000000003,0.18500000000000003,760.0,-10.0,-0.1,0.24000000000000002,0.14
4.231689717,1.0,0.0,750.0,0.0,760.0,-10.0,-0.1,0.28500000000000003,0.18500000000000003,760.0,-10.0,-0.1,0.24000000000000002,0.14
4.251770094,1.0,0.0,750.0,0.0,760.0,-10.0,-0.1,0.28500000000000003,0.18500000000000003,740.0,10.0,0.09070185214999868,0.24000000000000002,0.3307018521499987
4.272430596,1.0,0.0,750.0,0.0,760.0,-10.0,-0.1,0.28500000000000003,0.18500000000000003,760.0,-10.0,-0.1,0.24000000000000002,0.14
4.283865097,1.0,0.0,750.0,0.0,760.0,-10.0,-0.1,0.28500000000000003,0.18500000000000003,760.0,-10.0,-0.1,0.24000000000000002,0.14
4.295950015,1.0,0.0,750.0,0.0,760.0,-10.0,-0.1,0.28500000000000003,0.18500000000000003,760.0,-10.0,-0.1,0.24000000000000002,0.14
4.310065516,1.0,0.0,750.0,0.0,740.0,10.0,0.09054960215000221,0.28500000000000003,0.3755496021500022,760.0,-10.0,-0.1,0.24000000000000002,0.14
4.325820768,1.0,0.0,750.0,0.0,760.0,-10.0,-0.1,0.28500000000000003,0.18500000000000003,740.0,10.0,0.09076607715000137,0.24000000000000002,0.3307660771500014
4.339323769,1.0,0.0,750.0,0.0,760.0,-10.0,-0.1,0.28500000000000003,0.18500000000000003,760.0,-10.0,-0.0999691853999991,0.24000000000000002,0.1400308146000009
4.355077562,1.0,0.0,750.0,0.0,740.0,10.0,0.09071822919999818,0.28500000000000003,0.3757182291999982,760.0,-10.0,-0.1,0.24000000000000002,0.14
4.368213939,1.0,0.0,750.0,0.0,760.0,-10.0,-0.1,0.28500000000000003,0.18500000000000003,760.0,-10.0,-0.1,0.24000000000000002,0.14
4.383984065,1.0,0.0,750.0,0.0,760.0,-10.0,-0.1,0.28500000000000003,0.18500000000000003,760.0,-10.0,-0.1,0.24000000000000002,0.14
4.402520359,1.0,0.0,750.0,0.0,760.0,-10.0,-0.1,0.28500000000000003,0.18500000000000003,740.0,10.0,0.09077396675000046,0.24000000000000002,0.3307739667500005
4.418877902,1.0,0.0,750.0,0.0,740.0,10.0,0.09079732920000026,0.28500000000000003,0.3757973292000003,760.0,-10.0,-0.1,0.24000000000000002,0.14
4.431000153,1.0,0.0,750.0,0.0,760.0,-10.0,-0.09991718130000038,0.28500000000000003,0.18508281869999965,760.0,-10.0,-0.1,0.24000000000000002,0.14
4.445794072,1.0,0.0,750.0,0.0,760.0,-10.0,-0.1,0.28500000000000003,0.18500000000000003,760.0,-10.0,-0.1,0.24000000000000002,0.14
4.462787157,1.0,0.0,750.0,0.0,740.0,10.0,0.09071529800000008,0.28500000000000003,0.37571529800000014,740.0,10.0,0.09071531254999968,0.24000000000000002,0.3307153125499997
4.478979325,1.0,0.0,750.0,0.0,740.0,10.0,0.09153594595000186,0.28500000000000003,0.3765359459500019,760.0,-10.0,-0.1,0.24000000000000002,0.14
4.493063326,1.0,0.0,750.0,0.0,760.0,-10.0,-0.0992719999999963,0.28500000000000003,0.18572800000000372,760.0,-10.0,-0.1,0.24000000000000002,0.14
4.508379036,1.0,0.0,750.0,0.0,760.0,-10.0,-0.1,0.28500000000000003,0.18500000000000003,760.0,-10.0,-0.1,0.24000000000000002,0.14
4.523979704,1.0,0.0,750.0,0.0,760.0,-10.0,-0.1,0.28500000000000003,0.18500000000000003,740.0,10.0,0.09075146464999989,0.24000000000000002,0.33075146464999994
4.536942247,1.0,0.0,750.0,0.0,760.0,-10.0,-0.1,0.28500000000000003,0.18500000000000003,760.0,-10.0,-0.09989712914999985,0.24000000000000002,0.14010287085000017
4.554292041,0.0,0.0,750.0,0.0,780.0,-30.0,-0.29,0.28500000000000003,-0.004999999999999949,740.0,10.0,0.09090171680000139,0.24000000000000002,0.3309017168000014
4.569554376,0.0,0.0,750.0,0.0,740.0,10.0,0.09065088339999874,0.28500000000000003,0.37565088339999875,780.0,-30.0,-0.29,0.24000000000000002,-0.04999999999999996
4.584846461,1.0,0.0,750.0,0.0,760.0,-10.0,-0.1,0.28500000000000003,0.18500000000000003,760.0,-10.0,-0.1,0.24000000000000002,0.14
4.59614592,1.0,0.0,750.0,0.0,740.0,10.0,0.09066876254999784,0.28500000000000003,0.37566876254999787,760.0,-10.0,-0.1,0.24000000000000002,0.14
4.611263005,1.0,0.0,750.0,0.0,760.0,-10.0,-0.09997743960000208,0.28500000000000003,0.18502256039999795,740.0,10.0,0.09064623129999859,0.24000000000000002,0.3306462312999986
4.624744715,1.0,0.0,750.0,0.0,760.0,-10.0,-0.1,0.28500000000000003,0.18500000000000003,740.0,10.0,0.09132324799999993,0.24000000000000002,0.33132324799999996
4.639396008,1.0,0.0,750.0,0.0,740.0,10.0,0.09071251255000107,0.28500000000000003,0.3757125125500011,760.0,-10.0,-0.0993892791999997,0.24000000000000002,0.1406107208000003
4.653228592,1.0,0.0,750.0,0.0,760.0,-10.0,-0.09998957294999969,0.28500000000000003,0.18501042705000034,740.0,10.0,0.09131279169999915,0.24000000000000002,0.33131279169999917
4.669961219,1.0,0.0,750.0,0.0,760.0,-10.0,-0.1,0.28500000000000003,0.18500000000000003,760.0,-10.0,-0.09951552710000158,0.24000000000000002,0.14048447289999844
4.685084137,1.0,0.0,750.0,0.0,740.0,10.0,0.09076908135000053,0.28500000000000003,0.37576908135000053,740.0,10.0,0.09125356884999804,0.24000000000000002,0.33125356884999807
4.69984393,1.0,0.0,750.0,0.0,760.0,-10.0,-0.0999440728499991,0.28500000000000003,0.18505592715000094,740.0,10.0,0.09196669389999898,0.24000000000000002,0.331966693899999
4.745035352,1.0,0.0,750.0,0.0,760.0,-10.0,-0.1,0.28500000000000003,0.18500000000000003,740.0,10.0,0.09418917954999927,0.24000000000000002,0.33418917954999927
4.762385437,1.0,0.0,750.0,0.0,760.0,-10.0,-0.1,0.28500000000000003,0.18500000000000003,740.0,10.0,0.09496272334999901,0.24000000000000002,0.33496272334999905
4.782348564,1.0,0.0,750.0,0.0,760.0,-10.0,-0.1,0.28500000000000003,0.18500000000000003,760.0,-10.0,-0.09625670595000031,0.24000000000000002,0.1437432940499997
4.795622607,1.0,0.0,750.0,0.0,740.0,10.0,0.09059861670000033,0.28500000000000003,0.3755986167000004,760.0,-10.0,-0.0968553372499997,0.24000000000000002,0.14314466275000032
4.810538733,1.0,0.0,750.0,0.0,760.0,-10.0,-0.1,0.28500000000000003,0.18500000000000003,760.0,-10.0,-0.09759030820000021,0.24000000000000002,0.1424096917999998
4.824256401,1.0,0.0,750.0,0.0,760.0,-10.0,-0.1,0.28500000000000003,0.18500000000000003,740.0,10.0,0.09316626059999976,0.24000000000000002,0.33316626059999976
4.838677569,1.0,0.0,750.0,0.0,760.0,-10.0,-0.1,0.28500000000000003,0.18500000000000003,760.0,-10.0,-0.09755484155000146,0.24000000000000002,0.14244515844999855
4.851917779,1.0,0.0,750.0,0.0,760.0,-10.0,-0.1,0.28500000000000003,0.18500000000000003,760.0,-10.0,-0.09821425620000071,0.24000000000000002,0.1417857437999993
4.865808697,1.0,0.0,750.0,0.0,760.0,-10.0,-0.1,0.28500000000000003,0.18500000000000003,760.0,-10.0,-0.0989151167000017,0.24000000000000002,0.1410848832999983
4.883608824,1.0,0.0,750.0,0.0,740.0,10.0,0.09073518965000119,0.28500000000000003,0.3757351896500012,760.0,-10.0,-0.09965027720000137,0.24000000000000002,0.14034972279999863
4.901086367,1.0,0.0,750.0,0.0,740.0,10.0,0.09159913560000008,0.28500000000000003,0.37659913560000013,740.0,10.0,0.09121363954999936,0.24000000000000002,0.3312136395499994
4.917658869,1.0,0.0,750.0,0.0,740.0,10.0,0.09245319400000028,0.28500000000000003,0.3774531940000003,760.0,-10.0,-0.0996405792499985,0.24000000000000002,0.14035942075000152
4.932221495,1.0,0.0,750.0,0.0,760.0,-10.0,-0.09834256025000059,0.28500000000000003,0.18665743974999943,780.0,-30.0,-0.29,0.24000000000000002,-0.04999999999999996
4.946223247,1.0,0.0,750.0,0.0,760.0,-10.0,-0.09904751864999924,0.28500000000000003,0.1859524813500008,760.0,-10.0,-0.1,0.24000000000000002,0.14
4.95836329,1.0,0.0,750.0,0.0,760.0,-10.0,-0.0997585145500011,0.28500000000000003,0.1852414854499989,760.0,-10.0,-0.1,0.24000000000000002,0.14
4.973536083,1.0,0.0,750.0,0.0,760.0,-10.0,-0.1,0.28500000000000003,0.18500000000000003,740.0,10.0,0.09065186049999965,0.24000000000000002,0.3306518604999997
4.986483459,1.0,0.0,750.0,0.0,760.0,-10.0,-0.1,0.28500000000000003,0.18500000000000003,740.0,10.0,0.09136441680000132,0.24000000000000002,0.33136441680000134
4.998812502,1.0,0.0,750.0,0.0,760.0,-10.0,-0.1,0.28500000000000003,0.18500000000000003,760.0,-10.0,-0.09925445619999777,0.24000000000000002,0.14074554380000226
5.013646379,1.0,0.0,750.0,0.0,740.0,10.0,0.09066657505000195,0.28500000000000003,0.375666575050002,760.0,-10.0,-0.09992100209999819,0.24000000000000002,0.14007899790000183
5.027673213,1.0,0.0,750.0,0.0,760.0,-10.0,-0.1,0.28500000000000003,0.18500000000000003,740.0,10.0,0.09078417505000061,0.24000000000000002,0.33078417505000063
5.040838173,1.0,0.0,750.0,0.0,760.0,-10.0,-0.1,0.28500000000000003,0.18500000000000003,760.0,-10.0,-0.0999409667000009,0.24000000000000002,0.14005903329999914
5.053832508,1.0,0.0,750.0,0.0,760.0,-10.0,-0.1,0.28500000000000003,0.18500000000000003,740.0,10.0,0.09070466669999974,0.24000000000000002,0.33070466669999976
5.068441509,1.0,0.0,750.0,0.0,760.0,-10.0,-0.1,0.28500000000000003,0.18500000000000003,740.0,10.0,0.09143208339999888,0.24000000000000002,0.3314320833999989
5.084533636,1.0,0.0,750.0,0.0,760.0,-10.0,-0.1,0.28500000000000003,0.18500000000000003,760.0,-10.0,-0.09938099590000035,0.24000000000000002,0.14061900409999967
5.09914672,1.0,0.0,750.0,0.0,760.0,-10.0,-0.1,0.28500000000000003,0.18500000000000003,740.0,10.0,0.0913418707999989,0.24000000000000002,0.33134187079999894
5.112265014,1.0,0.0,750.0,0.0,760.0,-10.0,-0.1,0.28500000000000003,0.18500000000000003,760.0,-10.0,-0.09932416470000191,0.24000000000000002,0.1406758352999981
5.128163473,1.0,0.0,750.0,0.0,740.0,10.0,0.09072025630000212,0.28500000000000003,0.37572025630000216,760.0,-10.0,-0.1,0.24000000000000002,0.14
5.143668183,1.0,0.0,750.0,0.0,760.0,-10.0,-0.1,0.28500000000000003,0.18500000000000003,740.0,10.0,0.09077300424999862,0.24000000000000002,0.33077300424999867
5.158503518,1.0,0.0,750.0,0.0,760.0,-10.0,-0.1,0.28500000000000003,0.18500000000000003,740.0,10.0,0.09154721889999792,0.24000000000000002,0.33154721889999794
5.175496603,1.0,0.0,750.0,0.0,740.0,10.0,0.09077554175000216,0.28500000000000003,0.37577554175000216,760.0,-10.0,-0.09922766660000377,0.24000000000000002,0.14077233339999623
5.190186688,1.0,0.0,750.0,0.0,740.0,10.0,0.09156085430000133,0.28500000000000003,0.37656085430000136,760.0,-10.0,-0.1,0.24000000000000002,0.14
5.202126064,1.0,0.0,750.0,0.0,760.0,-10.0,-0.09914856659999885,0.28500000000000003,0.18585143340000118,760.0,-10.0,-0.1,0.24000000000000002,0.14
5.227165358,1.0,0.0,750.0,0.0,760.0,-10.0,-0.1,0.28500000000000003,0.18500000000000003,740.0,10.0,0.09114668759999858,0.24000000000000002,0.3311466875999986
5.266431279,1.0,0.0,750.0,0.0,780.0,-30.0,-0.29,0.28500000000000003,-0.004999999999999949,760.0,-10.0,-0.1,0.24000000000000002,0.14
5.289610615,1.0,0.0,750.0,0.0,760.0,-10.0,-0.1,0.28500000000000003,0.18500000000000003,760.0,-10.0,-0.1,0.24000000000000002,0.14
5.303278991,1.0,0.0,750.0,0.0,740.0,10.0,0.09069685009999887,0.28500000000000003,0.37569685009999887,760.0,-10.0,-0.1,0.24000000000000002,0.14
5.317981326,1.0,0.0,750.0,0.0,740.0,10.0,0.09142772304999994,0.28500000000000003,0.37642772304999994,760.0,-10.0,-0.1,0.24000000000000002,0.14
5.334927453,1.0,0.0,750.0,0.0,760.0,-10.0,-0.09930135619999873,0.28500000000000003,0.18569864380000128,740.0,10.0,0.0907291084000002,0.24000000000000002,0.33072910840000025
5.356249455,0.0,0.0,750.0,0.0,740.0,10.0,0.09176309600000196,0.28500000000000003,0.376763096000002,780.0,-30.0,-0.29,0.24000000000000002,-0.04999999999999996
5.37555254,1.0,0.0,750.0,0.0,740.0,10.0,0.09272180445000175,0.28500000000000003,0.3777218044500018,760.0,-10.0,-0.1,0.24000000000000002,0.14
5.397412667,0.0,0.0,750.0,0.0,740.0,10.0,0.09371422955000185,0.28500000000000003,0.3787142295500019,780.0,-30.0,-0.29,0.24000000000000002,-0.04999999999999996
5.417483128,1.0,0.0,750.0,0.0,740.0,10.0,0.09480809630000181,0.28500000000000003,0.37980809630000184,760.0,-10.0,-0.1,0.24000000000000002,0.14
5.437994005,1.0,0.0,750.0,0.0,740.0,10.0,0.09576327555000091,0.28500000000000003,0.38076327555000095,720.0,30.0,0.2828654064999955,0.24000000000000002,0.5228654064999955
5.455095006,1.0,0.0,750.0,0.0,740.0,10.0,0.09672590690000163,0.28500000000000003,0.38172590690000163,720.0,30.0,0.28575400059999534,0.24000000000000002,0.5257540005999953
5.469960674,1.0,0.0,750.0,0.0,760.0,-10.0,-0.09400113069999919,0.28500000000000003,0.19099886930000085,740.0,10.0,0.09648099439999612,0.24000000000000002,0.3364809943999961
5.485157968,1.0,0.0,750.0,0.0,760.0,-10.0,-0.09477872869999829,0.28500000000000003,0.19022127130000174,740.0,10.0,0.09725862159999622,0.24000000000000002,0.33725862159999626
5.502820719,0.0,0.0,750.0,0.0,780.0,-30.0,-0.28737476639999443,0.28500000000000003,-0.002374766399994399,740.0,10.0,0.09812396749999494,0.24000000000000002,0.33812396749999496
5.519513971,1.0,0.0,750.0,0.0,740.0,10.0,0.09346790245000648,0.28500000000000003,0.3784679024500065,760.0,-10.0,-0.09271867215000498,0.24000000000000002,0.14728132784999504
5.535005556,1.0,0.0,750.0,0.0,760.0,-10.0,-0.09732194554999296,0.28500000000000003,0.18767805445000707,740.0,10.0,0.09807121959999507,0.24000000000000002,0.3380712195999951
5.550011808,1.0,0.0,750.0,0.0,760.0,-10.0,-0.09804112269999336,0.28500000000000003,0.18695887730000665,760.0,-10.0,-0.09264782630000638,0.24000000000000002,0.14735217369999365
5.566024017,1.0,0.0,750.0,0.0,760.0,-10.0,-0.09883053319999249,0.28500000000000003,0.18616946680000754,740.0,10.0,0.09814180294999289,0.24000000000000002,0.3381418029499929
5.579954602,1.0,0.0,750.0,0.0,760.0,-10.0,-0.09956859574999441,0.28500000000000003,0.18543140425000562,760.0,-10.0,-0.09259621590000791,0.24000000000000002,0.1474037840999921
5.594098979,1.0,0.0,750.0,0.0,760.0,-10.0,-0.1,0.28500000000000003,0.18500000000000003,760.0,-10.0,-0.09329529720000665,0.24000000000000002,0.14670470279999337
5.606650855,1.0,0.0,750.0,0.0,760.0,-10.0,-0.1,0.28500000000000003,0.18500000000000003,740.0,10.0,0.09740360914999485,0.24000000000000002,0.3374036091499949
5.622412523,1.0,0.0,750.0,0.0,760.0,-10.0,-0.1,0.28500000000000003,0.18500000000000003,760.0,-10.0,-0.09338305965000301,0.24000000000000002,0.146616940349997
5.634472066,1.0,0.0,750.0,0.0,760.0,-10.0,-0.1,0.28500000000000003,0.18500000000000003,760.0,-10.0,-0.09397865765000404,0.24000000000000002,0.14602134234999598
5.650093151,1.0,0.0,750.0,0.0,760.0,-10.0,-0.1,0.28500000000000003,0.18500000000000003,760.0,-10.0,-0.09463277855000456,0.24000000000000002,0.14536722144999548
5.664629527,1.0,0.0,750.0,0.0,760.0,-10.0,-0.1,0.28500000000000003,0.18500000000000003,760.0,-10.0,-0.09547400360000324,0.24000000000000002,0.14452599639999678
5.678419237,1.0,0.0,750.0,0.0,760.0,-10.0,-0.1,0.28500000000000003,0.18500000000000003,740.0,10.0,0.0952235464999967,0.24000000000000002,0.33522354649999675
5.693724155,1.0,0.0,750.0,0.0,740.0,10.0,0.09070685425000079,0.28500000000000003,0.37570685425000083,760.0,-10.0,-0.09548319105000473,0.24000000000000002,0.1445168089499953
5.711605365,1.0,0.0,750.0,0.0,740.0,10.0,0.09159597100000041,0.28500000000000003,0.3765959710000004,760.0,-10.0,-0.09637222030000317,0.24000000000000002,0.14362777969999685
5.738940076,1.0,0.0,750.0,0.0,760.0,-10.0,-0.09976106665000088,0.28500000000000003,0.18523893334999914,760.0,-10.0,-0.09772934545000567,0.24000000000000002,0.14227065454999435
5.779780997,1.0,0.0,750.0,0.0,740.0,10.0,0.09199502934999884,0.28500000000000003,0.37699502934999884,760.0,-10.0,-0.09948555815000475,0.24000000000000002,0.1405144418499953
5.802219791,1.0,0.0,750.0,0.0,760.0,-10.0,-0.09942875620000109,0.28500000000000003,0.18557124379999895,740.0,10.0,0.09193811069999583,0.24000000000000002,0.33193811069999585
5.816895001,1.0,0.0,750.0,0.0,760.0,-10.0,-0.1,0.28500000000000003,0.18500000000000003,740.0,10.0,0.09268250244999422,0.24000000000000002,0.33268250244999426
5.829791919,1.0,0.0,750.0,0.0,760.0,-10.0,-0.1,0.28500000000000003,0.18500000000000003,760.0,-10.0,-0.09802341845000626,0.24000000000000002,0.14197658154999376
5.842313753,1.0,0.0,750.0,0.0,760.0,-10.0,-0.1,0.28500000000000003,0.18500000000000003,760.0,-10.0,-0.09864990395000746,0.24000000000000002,0.14135009604999255
5.856543588,1.0,0.0,750.0,0.0,760.0,-10.0,-0.1,0.28500000000000003,0.18500000000000003,740.0,10.0,0.09205385859999296,0.24000000000000002,0.332053858599993
5.86829659,1.0,0.0,750.0,0.0,760.0,-10.0,-0.1,0.28500000000000003,0.18500000000000003,760.0,-10.0,-0.09854009150000706,0.24000000000000002,0.14145990849999296
5.881559841,1.0,0.0,750.0,0.0,760.0,-10.0,-0.1,0.28500000000000003,0.18500000000000003,760.0,-10.0,-0.09920213115000535,0.24000000000000002,0.14079786884999468
5.893549967,1.0,0.0,750.0,0.0,760.0,-10.0,-0.1,0.28500000000000003,0.18500000000000003,760.0,-10.0,-0.09979915830000437,0.24000000000000002,0.14020084169999564
5.90685726,1.0,0.0,750.0,0.0,760.0,-10.0,-0.1,0.28500000000000003,0.18500000000000003,760.0,-10.0,-0.1,0.24000000000000002,0.14
5.917082803,1.0,0.0,750.0,0.0,760.0,-10.0,-0.1,0.28500000000000003,0.18500000000000003,760.0,-10.0,-0.1,0.24000000000000002,0.14
5.928664304,1.0,0.0,750.0,0.0,760.0,-10.0,-0.1,0.28500000000000003,0.18500000000000003,760.0,-10.0,-0.1,0.24000000000000002,0.14
5.944839555,1.0,0.0,750.0,0.0,740.0,10.0,0.09057986260000007,0.28500000000000003,0.3755798626000001,740.0,10.0,0.09057992090000028,0.24000000000000002,0.3305799209000003
5.958975474,1.0,0.0,750.0,0.0,740.0,10.0,0.09134038350000197,0.28500000000000003,0.376340383500002,760.0,-10.0,-0.1,0.24000000000000002,0.14
5.971799767,1.0,0.0,750.0,0.0,760.0,-10.0,-0.0994097102999973,0.28500000000000003,0.18559028970000274,760.0,-10.0,-0.1,0.24000000000000002,0.14
5.98564781,1.0,0.0,750.0,0.0,760.0,-10.0,-0.1,0.28500000000000003,0.18500000000000003,760.0,-10.0,-0.1,0.24000000000000002,0.14
5.996334186,1.0,0.0,750.0,0.0,760.0,-10.0,-0.1,0.28500000000000003,0.18500000000000003,760.0,-10.0,-0.1,0.24000000000000002,0.14
6.007918603,1.0,0.0,750.0,0.0,760.0,-10.0,-0.1,0.28500000000000003,0.18500000000000003,760.0,-10.0,-0.1,0.24000000000000002,0.14
6.020758355,1.0,0.0,750.0,0.0,760.0,-10.0,-0.1,0.28500000000000003,0.18500000000000003,740.0,10.0,0.0905275958999988,0.24000000000000002,0.3305275958999988
6.034329606,1.0,0.0,750.0,0.0,760.0,-10.0,-0.1,0.28500000000000003,0.18500000000000003,760.0,-10.0,-0.1,0.24000000000000002,0.14
6.047049774,1.0,0.0,750.0,0.0,740.0,10.0,0.0906855188000003,0.28500000000000003,0.37568551880000034,760.0,-10.0,-0.1,0.24000000000000002,0.14
6.063034859,1.0,0.0,750.0,0.0,760.0,-10.0,-0.09997531045000016,0.28500000000000003,0.18502468954999987,740.0,10.0,0.09066074174999926,0.24000000000000002,0.33066074174999927
6.077099027,1.0,0.0,750.0,0.0,760.0,-10.0,-0.1,0.28500000000000003,0.18500000000000003,760.0,-10.0,-0.1,0.24000000000000002,0.14
6.091105154,1.0,0.0,750.0,0.0,760.0,-10.0,-0.1,0.28500000000000003,0.18500000000000003,740.0,10.0,0.09075922300000003,0.24000000000000002,0.33075922300000005
6.104023071,1.0,0.0,750.0,0.0,760.0,-10.0,-0.1,0.28500000000000003,0.18500000000000003,780.0,-30.0,-0.29,0.24000000000000002,-0.04999999999999996
6.118842365,1.0,0.0,750.0,0.0,740.0,10.0,0.09067162089999897,0.28500000000000003,0.375671620899999,740.0,10.0,0.09067169379999826,0.24000000000000002,0.3306716937999983
6.132911783,1.0,0.0,750.0,0.0,760.0,-10.0,-0.1,0.28500000000000003,0.18500000000000003,740.0,10.0,0.09137151884999867,0.24000000000000002,0.3313715188499987
6.145681534,1.0,0.0,750.0,0.0,760.0,-10.0,-0.1,0.28500000000000003,0.18500000000000003,740.0,10.0,0.09208941269999912,0.24000000000000002,0.33208941269999914
6.158092827,1.0,0.0,750.0,0.0,760.0,-10.0,-0.1,0.28500000000000003,0.18500000000000003,740.0,10.0,0.09269397939999863,0.24000000000000002,0.3326939793999987
6.17282987,1.0,0.0,750.0,0.0,760.0,-10.0,-0.1,0.28500000000000003,0.18500000000000003,760.0,-10.0,-0.09804994570000077,0.24000000000000002,0.14195005429999924
6.186647871,1.0,0.0,750.0,0.0,740.0,10.0,0.09063616879999983,0.28500000000000003,0.37563616879999984,740.0,10.0,0.09258623770000099,0.24000000000000002,0.332586237700001
6.201628456,1.0,0.0,750.0,0.0,760.0,-10.0,-0.1,0.28500000000000003,0.18500000000000003,740.0,10.0,0.0933225794499998,0.24000000000000002,0.3333225794499998
6.215343499,1.0,0.0,750.0,0.0,740.0,10.0,0.09069196464999948,0.28500000000000003,0.37569196464999954,760.0,-10.0,-0.09736937060000059,0.24000000000000002,0.14263062939999943
6.240458919,1.0,0.0,750.0,0.0,760.0,-10.0,-0.1,0.28500000000000003,0.18500000000000003,760.0,-10.0,-0.09861696030000075,0.24000000000000002,0.14138303969999927
6.252890336,1.0,0.0,750.0,0.0,760.0,-10.0,-0.1,0.28500000000000003,0.18500000000000003,760.0,-10.0,-0.09931032494999954,0.24000000000000002,0.14068967505000046
6.289686424,1.0,0.0,750.0,0.0,760.0,-10.0,-0.1,0.28500000000000003,0.18500000000000003,740.0,10.0,0.0922439231500016,0.24000000000000002,0.3322439231500016
6.310142176,1.0,0.0,750.0,0.0,760.0,-10.0,-0.1,0.28500000000000003,0.18500000000000003,760.0,-10.0,-0.09906412904999798,0.24000000000000002,0.14093587095000204
6.32273576,1.0,0.0,750.0,0.0,760.0,-10.0,-0.1,0.28500000000000003,0.18500000000000003,760.0,-10.0,-0.099691329099997,0.24000000000000002,0.140308670900003
6.338999095,1.0,0.0,750.0,0.0,760.0,-10.0,-0.1,0.28500000000000003,0.18500000000000003,760.0,-10.0,-0.1,0.24000000000000002,0.14
6.349625096,1.0,0.0,750.0,0.0,760.0,-10.0,-0.1,0.28500000000000003,0.18500000000000003,760.0,-10.0,-0.1,0.24000000000000002,0.14
6.362316389,1.0,0.0,750.0,0.0,760.0,-10.0,-0.1,0.28500000000000003,0.18500000000000003,740.0,10.0,0.09052734799999997,0.24000000000000002,0.330527348
6.374570474,1.0,0.0,750.0,0.0,760.0,-10.0,-0.1,0.28500000000000003,0.18500000000000003,760.0,-10.0,-0.1,0.24000000000000002,0.14
6.386725392,1.0,0.0,750.0,0.0,740.0,10.0,0.09065361045000145,0.28500000000000003,0.37565361045000145,760.0,-10.0,-0.1,0.24000000000000002,0.14
6.400584518,1.0,0.0,750.0,0.0,760.0,-10.0,-0.0999188875499982,0.28500000000000003,0.18508111245000183,740.0,10.0,0.09057248339999774,0.24000000000000002,0.3305724833999978
6.415798728,1.0,0.0,750.0,0.0,760.0,-10.0,-0.1,0.28500000000000003,0.18500000000000003,760.0,-10.0,-0.1,0.24000000000000002,0.14
6.430017479,1.0,0.0,750.0,0.0,740.0,10.0,0.09079625005000139,0.28500000000000003,0.3757962500500014,760.0,-10.0,-0.1,0.24000000000000002,0.14
6.445392981,1.0,0.0,750.0,0.0,740.0,10.0,0.09152744389999953,0.28500000000000003,0.3765274438999996,760.0,-10.0,-0.1,0.24000000000000002,0.14
6.459022857,1.0,0.0,750.0,0.0,760.0,-10.0,-0.09908928530000197,0.28500000000000003,0.18591071469999806,740.0,10.0,0.09061672919999865,0.24000000000000002,0.3306167291999987
6.473490984,1.0,0.0,750.0,0.0,760.0,-10.0,-0.09981921040000259,0.28500000000000003,0.18518078959999745,760.0,-10.0,-0.1,0.24000000000000002,0.14
6.484832735,1.0,0.0,750.0,0.0,760.0,-10.0,-0.1,0.28500000000000003,0.18500000000000003,760.0,-10.0,-0.1,0.24000000000000002,0.14
6.497721194,1.0,0.0,750.0,0.0,760.0,-10.0,-0.1,0.28500000000000003,0.18500000000000003,740.0,10.0,0.09060186880000118,0.24000000000000002,0.3306018688000012
6.510403154,1.0,0.0,750.0,0.0,760.0,-10.0,-0.1,0.28500000000000003,0.18500000000000003,760.0,-10.0,-0.1,0.24000000000000002,0.14
6.524592739,1.0,0.0,750.0,0.0,740.0,10.0,0.09064850635000085,0.28500000000000003,0.3756485063500009,740.0,10.0,0.09064853545000005,0.24000000000000002,0.33064853545000006
6.538187323,1.0,0.0,750.0,0.0,740.0,10.0,0.09132617929999981,0.28500000000000003,0.37632617929999984,760.0,-10.0,-0.1,0.24000000000000002,0.14
6.554460575,1.0,0.0,750.0,0.0,760.0,-10.0,-0.09947968120000042,0.28500000000000003,0.1855203187999996,780.0,-30.0,-0.29,0.24000000000000002,-0.04999999999999996
6.569017077,1.0,0.0,750.0,0.0,760.0,-10.0,-0.1,0.28500000000000003,0.18500000000000003,740.0,10.0,0.09073737714999994,0.24000000000000002,0.33073737714999996
6.583362995,1.0,0.0,750.0,0.0,760.0,-10.0,-0.1,0.28500000000000003,0.18500000000000003,740.0,10.0,0.09152344804999984,0.24000000000000002,0.3315234480499999
6.596773829,1.0,0.0,750.0,0.0,760.0,-10.0,-0.1,0.28500000000000003,0.18500000000000003,760.0,-10.0,-0.09914375410000105,0.24000000000000002,0.14085624589999896
6.611570081,1.0,0.0,750.0,0.0,760.0,-10.0,-0.1,0.28500000000000003,0.18500000000000003,760.0,-10.0,-0.09987544380000202,0.24000000000000002,0.140124556199998
6.626213791,1.0,0.0,750.0,0.0,740.0,10.0,0.09065142294999987,0.28500000000000003,0.37565142294999987,760.0,-10.0,-0.1,0.24000000000000002,0.14
6.639936417,1.0,0.0,750.0,0.0,760.0,-10.0,-0.1,0.28500000000000003,0.18500000000000003,760.0,-10.0,-0.1,0.24000000000000002,0.14
6.658709544,0.0,0.0,750.0,0.0,760.0,-10.0,-0.1,0.28500000000000003,0.18500000000000003,720.0,30.0,0.2825524626999953,0.24000000000000002,0.5225524626999953
6.673530879,1.0,0.0,750.0,0.0,760.0,-10.0,-0.1,0.28500000000000003,0.18500000000000003,740.0,10.0,0.09335288359999595,0.24000000000000002,0.333352883599996
6.690549047,1.0,0.0,750.0,0.0,760.0,-10.0,-0.1,0.28500000000000003,0.18500000000000003,740.0,10.0,0.094201633699995,0.24000000000000002,0.334201633699995
6.705495799,1.0,0.0,750.0,0.0,740.0,10.0,0.0906774396499992,0.28500000000000003,0.3756774396499992,760.0,-10.0,-0.09647582055000611,0.24000000000000002,0.1435241794499939
6.721074883,1.0,0.0,750.0,0.0,740.0,10.0,0.0914498459500004,0.28500000000000003,0.3764498459500004,760.0,-10.0,-0.09724819770000578,0.24000000000000002,0.14275180229999423
6.746791428,1.0,0.0,750.0,0.0,760.0,-10.0,-0.09985422504999804,0.28500000000000003,0.185145774950002,760.0,-10.0,-0.09855229785000574,0.24000000000000002,0.14144770214999428
6.760562762,1.0,0.0,750.0,0.0,760.0,-10.0,-0.1,0.28500000000000003,0.18500000000000003,760.0,-10.0,-0.09922995625000511,0.24000000000000002,0.1407700437499949
6.800676558,1.0,0.0,750.0,0.0,740.0,10.0,0.09170953144999829,0.28500000000000003,0.3767095314499983,740.0,10.0,0.09247958974999562,0.24000000000000002,0.33247958974999564
6.822808519,1.0,0.0,750.0,0.0,760.0,-10.0,-0.09967299785000136,0.28500000000000003,0.18532700214999867,760.0,-10.0,-0.09890270620000478,0.24000000000000002,0.14109729379999525
6.83868802,1.0,0.0,750.0,0.0,780.0,-30.0,-0.29,0.28500000000000003,-0.004999999999999949,760.0,-10.0,-0.09970042920000424,0.24000000000000002,0.14029957079999578
6.855642605,1.0,0.0,750.0,0.0,760.0,-10.0,-0.1,0.28500000000000003,0.18500000000000003,760.0,-10.0,-0.1,0.24000000000000002,0.14
6.867753773,1.0,0.0,750.0,0.0,760.0,-10.0,-0.1,0.28500000000000003,0.18500000000000003,760.0,-10.0,-0.1,0.24000000000000002,0.14
6.884713608,1.0,0.0,750.0,0.0,760.0,-10.0,-0.1,0.28500000000000003,0.18500000000000003,740.0,10.0,0.09068115840000189,0.24000000000000002,0.3306811584000019
6.90198086,1.0,0.0,750.0,0.0,760.0,-10.0,-0.1,0.28500000000000003,0.18500000000000003,760.0,-10.0,-0.1,0.24000000000000002,0.14
6.916810362,1.0,0.0,750.0,0.0,760.0,-10.0,-0.1,0.28500000000000003,0.18500000000000003,760.0,-10.0,-0.1,0.24000000000000002,0.14
6.938177572,1.0,0.0,750.0,0.0,740.0,10.0,0.09077506050000125,0.28500000000000003,0.3757750605000013,740.0,10.0,0.090775104249999,0.24000000000000002,0.330775104249999
6.955912949,1.0,0.0,750.0,0.0,740.0,10.0,0.09168752515000109,0.28500000000000003,0.37668752515000115,760.0,-10.0,-0.1,0.24000000000000002,0.14
6.970050033,1.0,0.0,750.0,0.0,740.0,10.0,0.09259309189999897,0.28500000000000003,0.377593091899999,760.0,-10.0,-0.1,0.24000000000000002,0.14
6.983046993,1.0,0.0,750.0,0.0,760.0,-10.0,-0.09805866650000325,0.28500000000000003,0.18694133349999678,760.0,-10.0,-0.1,0.24000000000000002,0.14
6.995598869,1.0,0.0,750.0,0.0,760.0,-10.0,-0.09867956660000346,0.28500000000000003,0.18632043339999657,760.0,-10.0,-0.1,0.24000000000000002,0.14
7.010481163,1.0,0.0,750.0,0.0,760.0,-10.0,-0.09942742915000338,0.28500000000000003,0.18557257084999665,760.0,-10.0,-0.1,0.24000000000000002,0.14
7.027599664,0.0,0.0,750.0,0.0,760.0,-10.0,-0.1,0.28500000000000003,0.18500000000000003,720.0,30.0,0.28219380025000074,0.24000000000000002,0.5221938002500007
7.042210999,1.0,0.0,750.0,0.0,760.0,-10.0,-0.1,0.28500000000000003,0.18500000000000003,760.0,-10.0,-0.09862171439999941,0.24000000000000002,0.1413782856000006
7.056908084,1.0,0.0,750.0,0.0,740.0,10.0,0.09066761049999969,0.28500000000000003,0.37566761049999975,760.0,-10.0,-0.09928932489999909,0.24000000000000002,0.14071067510000093
7.071141419,1.0,0.0,750.0,0.0,760.0,-10.0,-0.1,0.28500000000000003,0.18500000000000003,780.0,-30.0,-0.29,0.24000000000000002,-0.04999999999999996
7.084638003,1.0,0.0,750.0,0.0,760.0,-10.0,-0.1,0.28500000000000003,0.18500000000000003,760.0,-10.0,-0.1,0.24000000000000002,0.14
7.095275963,1.0,0.0,750.0,0.0,760.0,-10.0,-0.1,0.28500000000000003,0.18500000000000003,760.0,-10.0,-0.1,0.24000000000000002,0.14
7.109626256,1.0,0.0,750.0,0.0,760.0,-10.0,-0.1,0.28500000000000003,0.18500000000000003,780.0,-30.0,-0.29,0.24000000000000002,-0.04999999999999996
7.121454507,1.0,0.0,750.0,0.0,760.0,-10.0,-0.1,0.28500000000000003,0.18500000000000003,740.0,10.0,0.0905966626000003,0.24000000000000002,0.3305966626000003
7.135015258,1.0,0.0,750.0,0.0,760.0,-10.0,-0.1,0.28500000000000003,0.18500000000000003,760.0,-10.0,-0.1,0.24000000000000002,0.14
7.14847976,1.0,0.0,750.0,0.0,740.0,10.0,0.09059475214999907,0.28500000000000003,0.3755947521499991,740.0,10.0,0.09059475214999907,0.24000000000000002,0.3305947521499991
7.165929303,0.0,0.0,750.0,0.0,760.0,-10.0,-0.1,0.28500000000000003,0.18500000000000003,720.0,30.0,0.283264333650003,0.24000000000000002,0.523264333650003
7.186239514,1.0,0.0,750.0,0.0,760.0,-10.0,-0.1,0.28500000000000003,0.18500000000000003,780.0,-30.0,-0.2899213666499912,0.24000000000000002,-0.04992136664999117
7.198895806,1.0,0.0,750.0,0.0,760.0,-10.0,-0.1,0.28500000000000003,0.18500000000000003,740.0,10.0,0.09072302715001059,0.24000000000000002,0.3307230271500106
7.213124183,1.0,0.0,750.0,0.0,740.0,10.0,0.09063389384999937,0.28500000000000003,0.3756338938499994,740.0,10.0,0.09135690640001087,0.24000000000000002,0.3313569064000109
7.228597393,1.0,0.0,750.0,0.0,760.0,-10.0,-0.1,0.28500000000000003,0.18500000000000003,740.0,10.0,0.09210689815000933,0.24000000000000002,0.3321068981500094
7.255537479,1.0,0.0,750.0,0.0,760.0,-10.0,-0.1,0.28500000000000003,0.18500000000000003,780.0,-30.0,-0.29,0.24000000000000002,-0.04999999999999996
7.270234272,1.0,0.0,750.0,0.0,760.0,-10.0,-0.1,0.28500000000000003,0.18500000000000003,740.0,10.0,0.09071082089999948,0.24000000000000002,0.3307108208999995
7.314947943,1.0,0.0,750.0,0.0,760.0,-10.0,-0.1,0.28500000000000003,0.18500000000000003,740.0,10.0,0.09258143979999943,0.24000000000000002,0.33258143979999943
7.343849488,0.0,0.0,750.0,0.0,740.0,10.0,0.09176383975000078,0.28500000000000003,0.37676383975000083,780.0,-30.0,-0.29,0.24000000000000002,-0.04999999999999996
7.362430115,1.0,0.0,750.0,0.0,740.0,10.0,0.09270338570000206,0.28500000000000003,0.37770338570000206,740.0,10.0,0.09093957509999996,0.24000000000000002,0.3309395751
7.377146449,1.0,0.0,750.0,0.0,740.0,10.0,0.09344825870000137,0.28500000000000003,0.3784482587000014,760.0,-10.0,-0.09980531244999895,0.24000000000000002,0.14019468755000108
7.392309909,1.0,0.0,750.0,0.0,760.0,-10.0,-0.09728480179999792,0.28500000000000003,0.1877151982000021,740.0,10.0,0.09092771890000165,0.24000000000000002,0.33092771890000167
7.405793077,1.0,0.0,750.0,0.0,760.0,-10.0,-0.0979886955999973,0.28500000000000003,0.18701130440000274,760.0,-10.0,-0.09977618949999964,0.24000000000000002,0.14022381050000038
7.422129621,1.0,0.0,750.0,0.0,740.0,10.0,0.09279248990000269,0.28500000000000003,0.3777924899000027,740.0,10.0,0.09100490844999967,0.24000000000000002,0.3310049084499997
7.437663205,1.0,0.0,750.0,0.0,760.0,-10.0,-0.09793543724999836,0.28500000000000003,0.18706456275000166,740.0,10.0,0.09173292314999856,0.24000000000000002,0.3317329231499986
7.45326679,1.0,0.0,750.0,0.0,760.0,-10.0,-0.09876296859999911,0.28500000000000003,0.18623703140000092,760.0,-10.0,-0.09909460815000273,0.24000000000000002,0.14090539184999729
7.468824584,1.0,0.0,750.0,0.0,760.0,-10.0,-0.09949843529999783,0.28500000000000003,0.1855015647000022,740.0,10.0,0.09164087319999738,0.24000000000000002,0.3316408731999974
7.484378293,1.0,0.0,750.0,0.0,760.0,-10.0,-0.1,0.28500000000000003,0.18500000000000003,760.0,-10.0,-0.09917383935000146,0.24000000000000002,0.14082616064999856
7.496778211,1.0,0.0,750.0,0.0,760.0,-10.0,-0.1,0.28500000000000003,0.18500000000000003,740.0,10.0,0.09155264409999916,0.24000000000000002,0.3315526440999992
7.511659921,1.0,0.0,750.0,0.0,740.0,10.0,0.09067729385000065,0.28500000000000003,0.3756772938500007,740.0,10.0,0.09222993790000032,0.24000000000000002,0.3322299379000003
7.525607423,1.0,0.0,750.0,0.0,760.0,-10.0,-0.1,0.28500000000000003,0.18500000000000003,760.0,-10.0,-0.09846844339999734,0.24000000000000002,0.14153155660000266
7.539059091,1.0,0.0,750.0,0.0,760.0,-10.0,-0.1,0.28500000000000003,0.18500000000000003,740.0,10.0,0.09226452960000359,0.24000000000000002,0.33226452960000363
7.551582675,1.0,0.0,750.0,0.0,760.0,-10.0,-0.1,0.28500000000000003,0.18500000000000003,740.0,10.0,0.0928907817500027,0.24000000000000002,0.33289078175000275
7.56471351,1.0,0.0,750.0,0.0,760.0,-10.0,-0.1,0.28500000000000003,0.18500000000000003,760.0,-10.0,-0.09776300374999777,0.24000000000000002,0.14223699625000225
7.577844636,1.0,0.0,750.0,0.0,740.0,10.0,0.09059844175000023,0.28500000000000003,0.37559844175000023,740.0,10.0,0.09283543795000299,0.24000000000000002,0.33283543795000303
7.592251804,1.0,0.0,750.0,0.0,760.0,-10.0,-0.1,0.28500000000000003,0.18500000000000003,760.0,-10.0,-0.0978718829499968,0.24000000000000002,0.14212811705000322
7.604587847,1.0,0.0,750.0,0.0,760.0,-10.0,-0.1,0.28500000000000003,0.18500000000000003,760.0,-10.0,-0.09856899554999643,0.24000000000000002,0.1414310044500036
7.617739099,1.0,0.0,750.0,0.0,760.0,-10.0,-0.1,0.28500000000000003,0.18500000000000003,740.0,10.0,0.09207000240000354,0.24000000000000002,0.33207000240000356
7.630000475,1.0,0.0,750.0,0.0,760.0,-10.0,-0.1,0.28500000000000003,0.18500000000000003,760.0,-10.0,-0.09855837894999694,0.24000000000000002,0.14144162105000307
7.64329406,1.0,0.0,750.0,0.0,760.0,-10.0,-0.1,0.28500000000000003,0.18500000000000003,760.0,-10.0,-0.09922698109999714,0.24000000000000002,0.14077301890000288
7.655489227,1.0,0.0,750.0,0.0,760.0,-10.0,-0.1,0.28500000000000003,0.18500000000000003,760.0,-10.0,-0.09983493114999646,0.24000000000000002,0.14016506885000357
7.670209062,1.0,0.0,750.0,0.0,740.0,10.0,0.09065146674999994,0.28500000000000003,0.37565146674999994,760.0,-10.0,-0.1,0.24000000000000002,0.14
7.681599522,1.0,0.0,750.0,0.0,760.0,-10.0,-0.1,0.28500000000000003,0.18500000000000003,760.0,-10.0,-0.1,0.24000000000000002,0.14
7.692417439,1.0,0.0,750.0,0.0,760.0,-10.0,-0.1,0.28500000000000003,0.18500000000000003,760.0,-10.0,-0.1,0.24000000000000002,0.14
7.703392566,1.0,0.0,750.0,0.0,740.0,10.0,0.09048979590000045,0.28500000000000003,0.3754897959000005,760.0,-10.0,-0.1,0.24000000000000002,0.14
7.714549983,1.0,0.0,750.0,0.0,760.0,-10.0,-0.1,0.28500000000000003,0.18500000000000003,760.0,-10.0,-0.1,0.24000000000000002,0.14
7.725655193,1.0,0.0,750.0,0.0,740.0,10.0,0.09055791464999971,0.28500000000000003,0.37555791464999977,760.0,-10.0,-0.1,0.24000000000000002,0.14
7.736645194,1.0,0.0,750.0,0.0,760.0,-10.0,-0.09998861040000122,0.28500000000000003,0.1850113895999988,760.0,-10.0,-0.1,0.24000000000000002,0.14
7.760049696,1.0,0.0,750.0,0.0,760.0,-10.0,-0.1,0.28500000000000003,0.18500000000000003,740.0,10.0,0.09105608135000068,0.24000000000000002,0.3310560813500007
7.773247031,1.0,0.0,750.0,0.0,740.0,10.0,0.09064995005000129,0.28500000000000003,0.37564995005000135,760.0,-10.0,-0.09959382494999999,0.24000000000000002,0.14040617505000003
7.808043451,1.0,0.0,750.0,0.0,760.0,-10.0,-0.1,0.28500000000000003,0.18500000000000003,760.0,-10.0,-0.1,0.24000000000000002,0.14
7.824605453,1.0,0.0,750.0,0.0,760.0,-10.0,-0.1,0.28500000000000003,0.18500000000000003,760.0,-10.0,-0.1,0.24000000000000002,0.14
7.84891733,1.0,0.0,750.0,0.0,760.0,-10.0,-0.1,0.28500000000000003,0.18500000000000003,740.0,10.0,0.09122780009999985,0.24000000000000002,0.33122780009999986
7.862037665,1.0,0.0,750.0,0.0,760.0,-10.0,-0.1,0.28500000000000003,0.18500000000000003,760.0,-10.0,-0.09951214375000177,0.24000000000000002,0.14048785624999827
7.87581425,1.0,0.0,750.0,0.0,760.0,-10.0,-0.1,0.28500000000000003,0.18500000000000003,760.0,-10.0,-0.1,0.24000000000000002,0.14
7.888801584,1.0,0.0,750.0,0.0,760.0,-10.0,-0.1,0.28500000000000003,0.18500000000000003,740.0,10.0,0.09066397925000104,0.24000000000000002,0.33066397925000107
7.902336961,1.0,0.0,750.0,0.0,760.0,-10.0,-0.1,0.28500000000000003,0.18500000000000003,760.0,-10.0,-0.1,0.24000000000000002,0.14
7.912297378,1.0,0.0,750.0,0.0,760.0,-10.0,-0.1,0.28500000000000003,0.18500000000000003,760.0,-10.0,-0.1,0.24000000000000002,0.14
7.923549879,1.0,0.0,750.0,0.0,760.0,-10.0,-0.1,0.28500000000000003,0.18500000000000003,760.0,-10.0,-0.1,0.24000000000000002,0.14
7.937605297,1.0,0.0,750.0,0.0,740.0,10.0,0.09051293964999957,0.28500000000000003,0.3755129396499996,760.0,-10.0,-0.1,0.24000000000000002,0.14
7.953289674,1.0,0.0,750.0,0.0,760.0,-10.0,-0.1,0.28500000000000003,0.18500000000000003,740.0,10.0,0.09079608965000091,0.24000000000000002,0.33079608965000096
7.966666967,1.0,0.0,750.0,0.0,760.0,-10.0,-0.1,0.28500000000000003,0.18500000000000003,760.0,-10.0,-0.09994111249999663,0.24000000000000002,0.1400588875000034
7.983646635,1.0,0.0,750.0,0.0,740.0,10.0,0.09069063754999945,0.28500000000000003,0.3756906375499995,740.0,10.0,0.09074955425000383,0.24000000000000002,0.33074955425000385
7.997757762,1.0,0.0,750.0,0.0,760.0,-10.0,-0.1,0.28500000000000003,0.18500000000000003,760.0,-10.0,-0.1,0.24000000000000002,0.14
8.009371638,1.0,0.0,750.0,0.0,760.0,-10.0,-0.1,0.28500000000000003,0.18500000000000003,760.0,-10.0,-0.1,0.24000000000000002,0.14
8.024955973,1.0,0.0,750.0,0.0,760.0,-10.0,-0.1,0.28500000000000003,0.18500000000000003,740.0,10.0,0.09067558759999997,0.24000000000000002,0.3306755876
8.037796599,1.0,0.0,750.0,0.0,760.0,-10.0,-0.1,0.28500000000000003,0.18500000000000003,760.0,-10.0,-0.09994424784999864,0.24000000000000002,0.14005575215000138
8.051396726,1.0,0.0,750.0,0.0,740.0,10.0,0.09061683129999892,0.28500000000000003,0.37561683129999895,760.0,-10.0,-0.1,0.24000000000000002,0.14
8.065241269,1.0,0.0,750.0,0.0,760.0,-10.0,-0.1,0.28500000000000003,0.18500000000000003,740.0,10.0,0.09071548755000208,0.24000000000000002,0.33071548755000213
8.077426228,1.0,0.0,750.0,0.0,760.0,-10.0,-0.1,0.28500000000000003,0.18500000000000003,760.0,-10.0,-0.09994246879999764,0.24000000000000002,0.14005753120000236
8.091215938,1.0,0.0,750.0,0.0,760.0,-10.0,-0.1,0.28500000000000003,0.18500000000000003,760.0,-10.0,-0.1,0.24000000000000002,0.14
8.103220064,1.0,0.0,750.0,0.0,760.0,-10.0,-0.1,0.28500000000000003,0.18500000000000003,740.0,10.0,0.09060417299999926,0.24000000000000002,0.3306041729999993
8.116850232,1.0,0.0,750.0,0.0,740.0,10.0,0.09062165840000148,0.28500000000000003,0.3756216584000015,740.0,10.0,0.09122584594999751,0.24000000000000002,0.33122584594999754
8.130243567,1.0,0.0,750.0,0.0,760.0,-10.0,-0.1,0.28500000000000003,0.18500000000000003,760.0,-10.0,-0.0994354062000042,0.24000000000000002,0.1405645937999958
8.144756902,1.0,0.0,750.0,0.0,740.0,10.0,0.09072197714999902,0.28500000000000003,0.37572197714999905,760.0,-10.0,-0.1,0.24000000000000002,0.14
8.155729694,1.0,0.0,750.0,0.0,740.0,10.0,0.09138449804999824,0.28500000000000003,0.3763844980499983,760.0,-10.0,-0.1,0.24000000000000002,0.14
8.167561445,1.0,0.0,750.0,0.0,760.0,-10.0,-0.09920840205000162,0.28500000000000003,0.18579159794999842,760.0,-10.0,-0.1,0.24000000000000002,0.14
8.184804489,1.0,0.0,750.0,0.0,760.0,-10.0,-0.0999223000000029,0.28500000000000003,0.18507769999999713,740.0,10.0,0.0907138834000017,0.24000000000000002,0.33071388340000174
8.20023424,1.0,0.0,750.0,0.0,760.0,-10.0,-0.1,0.28500000000000003,0.18500000000000003,740.0,10.0,0.09149222514999963,0.24000000000000002,0.33149222514999965
8.213301492,1.0,0.0,750.0,0.0,760.0,-10.0,-0.1,0.28500000000000003,0.18500000000000003,760.0,-10.0,-0.09925343530000248,0.24000000000000002,0.14074656469999752
8.22741641,1.0,0.0,750.0,0.0,760.0,-10.0,-0.1,0.28500000000000003,0.18500000000000003,760.0,-10.0,-0.09995126250000226,0.24000000000000002,0.14004873749999774
8.240405203,1.0,0.0,750.0,0.0,760.0,-10.0,-0.1,0.28500000000000003,0.18500000000000003,740.0,10.0,0.09070323754999607,0.24000000000000002,0.3307032375499961
8.264312539,1.0,0.0,750.0,0.0,760.0,-10.0,-0.1,0.28500000000000003,0.18500000000000003,760.0,-10.0,-0.1,0.24000000000000002,0.14
8.276124748,1.0,0.0,750.0,0.0,740.0,10.0,0.09064322715000174,0.28500000000000003,0.37564322715000176,760.0,-10.0,-0.1,0.24000000000000002,0.14
8.305564418,1.0,0.0,750.0,0.0,760.0,-10.0,-0.1,0.28500000000000003,0.18500000000000003,760.0,-10.0,-0.1,0.24000000000000002,0.14
8.318359836,1.0,0.0,750.0,0.0,760.0,-10.0,-0.1,0.28500000000000003,0.18500000000000003,740.0,10.0,0.09058909379999933,0.24000000000000002,0.33058909379999935
8.337034379,1.0,0.0,750.0,0.0,760.0,-10.0,-0.1,0.28500000000000003,0.18500000000000003,760.0,-10.0,-0.1,0.24000000000000002,0.14
8.355013589,1.0,0.0,750.0,0.0,760.0,-10.0,-0.1,0.28500000000000003,0.18500000000000003,760.0,-10.0,-0.1,0.24000000000000002,0.14
8.365624715,1.0,0.0,750.0,0.0,760.0,-10.0,-0.1,0.28500000000000003,0.18500000000000003,760.0,-10.0,-0.1,0.24000000000000002,0.14
8.376763466,1.0,0.0,750.0,0.0,760.0,-10.0,-0.1,0.28500000000000003,0.18500000000000003,760.0,-10.0,-0.1,0.24000000000000002,0.14
8.390828218,1.0,0.0,750.0,0.0,760.0,-10.0,-0.1,0.28500000000000003,0.18500000000000003,740.0,10.0,0.09048709799999927,0.24000000000000002,0.3304870979999993
8.403926094,1.0,0.0,750.0,0.0,760.0,-10.0,-0.1,0.28500000000000003,0.18500000000000003,760.0,-10.0,-0.1,0.24000000000000002,0.14
8.414777554,1.0,0.0,750.0,0.0,740.0,10.0,0.09060649174999981,0.28500000000000003,0.3756064917499998,760.0,-10.0,-0.1,0.24000000000000002,0.14
8.433816681,1.0,0.0,750.0,0.0,740.0,10.0,0.09155926475000001,0.28500000000000003,0.37655926475,760.0,-10.0,-0.1,0.24000000000000002,0.14
8.446765807,1.0,0.0,750.0,0.0,760.0,-10.0,-0.0990898540499984,0.28500000000000003,0.18591014595000163,760.0,-10.0,-0.1,0.24000000000000002,0.14
8.466610517,1.0,0.0,750.0,0.0,760.0,-10.0,-0.1,0.28500000000000003,0.18500000000000003,760.0,-10.0,-0.1,0.24000000000000002,0.14
8.476730185,1.0,0.0,750.0,0.0,760.0,-10.0,-0.1,0.28500000000000003,0.18500000000000003,760.0,-10.0,-0.1,0.24000000000000002,0.14
8.487583686,1.0,0.0,750.0,0.0,760.0,-10.0,-0.1,0.28500000000000003,0.18500000000000003,760.0,-10.0,-0.1,0.24000000000000002,0.14
8.507254855,1.0,0.0,750.0,0.0,760.0,-10.0,-0.1,0.28500000000000003,0.18500000000000003,780.0,-30.0,-0.29,0.24000000000000002,-0.04999999999999996
8.521263314,1.0,0.0,750.0,0.0,760.0,-10.0,-0.1,0.28500000000000003,0.18500000000000003,740.0,10.0,0.09069002510000189,0.24000000000000002,0.3306900251000019
8.536461483,1.0,0.0,750.0,0.0,760.0,-10.0,-0.1,0.28500000000000003,0.18500000000000003,760.0,-10.0,-0.1,0.24000000000000002,0.14
8.55830586,1.0,0.0,750.0,0.0,760.0,-10.0,-0.1,0.28500000000000003,0.18500000000000003,740.0,10.0,0.09111470635000046,0.24000000000000002,0.3311147063500005
8.572006611,1.0,0.0,750.0,0.0,760.0,-10.0,-0.1,0.28500000000000003,0.18500000000000003,740.0,10.0,0.09179434810000033,0.24000000000000002,0.33179434810000036
8.596449155,0.0,0.0,750.0,0.0,760.0,-10.0,-0.1,0.28500000000000003,0.18500000000000003,720.0,30.0,0.28548422345,0.24000000000000002,0.52548422345
8.613047615,1.0,0.0,750.0,0.0,760.0,-10.0,-0.1,0.28500000000000003,0.18500000000000003,740.0,10.0,0.09629804645000149,0.24000000000000002,0.3362980464500015
8.636117576,0.0,0.0,750.0,0.0,760.0,-10.0,-0.1,0.28500000000000003,0.18500000000000003,720.0,30.0,0.2898055279499959,0.24000000000000002,0.5298055279499959
8.650546036,1.0,0.0,750.0,0.0,760.0,-10.0,-0.1,0.28500000000000003,0.18500000000000003,740.0,10.0,0.1,0.24000000000000002,0.34
8.675784247,1.0,0.0,750.0,0.0,740.0,10.0,0.09114525844999775,0.28500000000000003,0.3761452584499978,760.0,-10.0,-0.09114346469999873,0.24000000000000002,0.14885653530000129
8.692378915,1.0,0.0,750.0,0.0,740.0,10.0,0.09195235854999964,0.28500000000000003,0.37695235854999964,760.0,-10.0,-0.09195234395000057,0.24000000000000002,0.14804765604999945
8.711150292,1.0,0.0,750.0,0.0,760.0,-10.0,-0.09905481030000089,0.28500000000000003,0.18594518969999912,760.0,-10.0,-0.09295948364999959,0.24000000000000002,0.14704051635000043
8.737367336,1.0,0.0,750.0,0.0,760.0,-10.0,-0.1,0.28500000000000003,0.18500000000000003,740.0,10.0,0.09835068314999944,0.24000000000000002,0.33835068314999944
8.75835363,1.0,0.0,750.0,0.0,740.0,10.0,0.0910714084500023,0.28500000000000003,0.3760714084500023,760.0,-10.0,-0.09272071070000096,0.24000000000000002,0.14727928929999906
8.776641132,1.0,0.0,750.0,0.0,760.0,-10.0,-0.09982692499999643,0.28500000000000003,0.1851730750000036,760.0,-10.0,-0.09361904415000254,0.24000000000000002,0.1463809558499975
8.817702844,1.0,0.0,750.0,0.0,760.0,-10.0,-0.1,0.28500000000000003,0.18500000000000003,760.0,-10.0,-0.0956567443500029,0.24000000000000002,0.14434325564999712
8.840902013,1.0,0.0,750.0,0.0,760.0,-10.0,-0.1,0.28500000000000003,0.18500000000000003,760.0,-10.0,-0.09672234860000174,0.24000000000000002,0.14327765139999826
8.86376314,0.0,0.0,750.0,0.0,740.0,10.0,0.09126821050000103,0.28500000000000003,0.37626821050000103,780.0,-30.0,-0.29,0.24000000000000002,-0.04999999999999996
8.879285059,1.0,0.0,750.0,0.0,740.0,10.0,0.09203067099999998,0.28500000000000003,0.377030671,740.0,10.0,0.0907624605000018,0.24000000000000002,0.3307624605000018
8.895991435,0.0,0.0,750.0,0.0,720.0,30.0,0.2842747399999996,0.28500000000000003,0.5692747399999996,760.0,-10.0,-0.09998556249999808,0.24000000000000002,0.14001443750000192
8.912008312,1.0,0.0,750.0,0.0,740.0,10.0,0.0951659713499987,0.28500000000000003,0.38016597134999874,760.0,-10.0,-0.1,0.24000000000000002,0.14
8.923247105,1.0,0.0,750.0,0.0,740.0,10.0,0.09584434435000105,0.28500000000000003,0.3808443443500011,760.0,-10.0,-0.1,0.24000000000000002,0.14
8.935731023,1.0,0.0,750.0,0.0,760.0,-10.0,-0.09476271609999856,0.28500000000000003,0.19023728390000147,760.0,-10.0,-0.1,0.24000000000000002,0.14
8.956392691,1.0,0.0,750.0,0.0,760.0,-10.0,-0.09569553909999798,0.28500000000000003,0.18930446090000205,740.0,10.0,0.09093286675000002,0.24000000000000002,0.33093286675000005
8.969742568,1.0,0.0,750.0,0.0,740.0,10.0,0.09498631930000215,0.28500000000000003,0.37998631930000215,760.0,-10.0,-0.09974897705000103,0.24000000000000002,0.14025102294999897
8.991688445,1.0,0.0,750.0,0.0,740.0,10.0,0.09606838820000065,0.28500000000000003,0.38106838820000066,760.0,-10.0,-0.1,0.24000000000000002,0.14
9.002286446,1.0,0.0,750.0,0.0,760.0,-10.0,-0.09458032225000182,0.28500000000000003,0.1904196777499982,760.0,-10.0,-0.1,0.24000000000000002,0.14
9.014143572,1.0,0.0,750.0,0.0,760.0,-10.0,-0.09516523064999945,0.28500000000000003,0.1898347693500006,760.0,-10.0,-0.1,0.24000000000000002,0.14
9.033559533,1.0,0.0,750.0,0.0,740.0,10.0,0.09571840275000285,0.28500000000000003,0.3807184027500029,740.0,10.0,0.09088361879999753,0.24000000000000002,0.33088361879999756
9.049137742,1.0,0.0,750.0,0.0,740.0,10.0,0.09647414035000225,0.28500000000000003,0.38147414035000227,760.0,-10.0,-0.09987210420000281,0.24000000000000002,0.1401278957999972
9.06322466,1.0,0.0,750.0,0.0,760.0,-10.0,-0.0942329326499987,0.28500000000000003,0.19076706735000132,760.0,-10.0,-0.1,0.24000000000000002,0.14
9.075439078,1.0,0.0,750.0,0.0,760.0,-10.0,-0.09495404939999616,0.28500000000000003,0.19004595060000387,760.0,-10.0,-0.1,0.24000000000000002,0.14
9.087099038,1.0,0.0,750.0,0.0,760.0,-10.0,-0.0955342910999974,0.28500000000000003,0.18946570890000264,760.0,-10.0,-0.1,0.24000000000000002,0.14
9.10672704,0.0,0.0,750.0,0.0,780.0,-30.0,-0.28814319144999784,0.28500000000000003,-0.0031431914499978064,740.0,10.0,0.09086972094999851,0.24000000000000002,0.33086972094999856
9.124069542,1.0,0.0,750.0,0.0,760.0,-10.0,-0.09896249774999717,0.28500000000000003,0.18603750225000287,760.0,-10.0,-0.09994946870000092,0.24000000000000002,0.14005053129999911
9.140162543,1.0,0.0,750.0,0.0,760.0,-10.0,-0.09978801659999874,0.28500000000000003,0.18521198340000128,760.0,-10.0,-0.1,0.24000000000000002,0.14
9.155980503,1.0,0.0,750.0,0.0,760.0,-10.0,-0.1,0.28500000000000003,0.18500000000000003,740.0,10.0,0.09081684175000021,0.24000000000000002,0.33081684175000026
9.171994463,1.0,0.0,750.0,0.0,760.0,-10.0,-0.1,0.28500000000000003,0.18500000000000003,740.0,10.0,0.09168249394999975,0.24000000000000002,0.33168249394999977
9.197191549,1.0,0.0,750.0,0.0,760.0,-10.0,-0.1,0.28500000000000003,0.18500000000000003,740.0,10.0,0.09292966074999867,0.24000000000000002,0.3329296607499987
9.216752468,1.0,0.0,750.0,0.0,760.0,-10.0,-0.1,0.28500000000000003,0.18500000000000003,740.0,10.0,0.09387511289999907,0.24000000000000002,0.3338751128999991
9.242067387,1.0,0.0,750.0,0.0,760.0,-10.0,-0.1,0.28500000000000003,0.18500000000000003,740.0,10.0,0.09517906719999815,0.24000000000000002,0.3351790671999982
9.260637514,1.0,0.0,750.0,0.0,760.0,-10.0,-0.1,0.28500000000000003,0.18500000000000003,740.0,10.0,0.09611830689999806,0.24000000000000002,0.3361183068999981
9.289789308,1.0,0.0,750.0,0.0,740.0,10.0,0.09131220844999974,0.28500000000000003,0.3763122084499998,760.0,-10.0,-0.0951940182000044,0.24000000000000002,0.14480598179999563
9.325492812,1.0,0.0,750.0,0.0,740.0,10.0,0.09318072739999878,0.28500000000000003,0.3781807273999988,740.0,10.0,0.09667450074999465,0.24000000000000002,0.33667450074999467
9.347677856,1.0,0.0,750.0,0.0,760.0,-10.0,-0.09764482060000149,0.28500000000000003,0.18735517939999854,740.0,10.0,0.09750001959999338,0.24000000000000002,0.33750001959999343
9.374838442,1.0,0.0,750.0,0.0,760.0,-10.0,-0.09927749785000231,0.28500000000000003,0.18572250214999772,760.0,-10.0,-0.09413267220000705,0.24000000000000002,0.14586732779999295
9.405587112,1.0,0.0,750.0,0.0,760.0,-10.0,-0.1,0.28500000000000003,0.18500000000000003,760.0,-10.0,-0.09548421195000856,0.24000000000000002,0.14451578804999146
9.422960822,1.0,0.0,750.0,0.0,740.0,10.0,0.09104819180000107,0.28500000000000003,0.3760481918000011,740.0,10.0,0.09556396524999058,0.24000000000000002,0.3355639652499906
9.446138991,1.0,0.0,750.0,0.0,740.0,10.0,0.09216224190000105,0.28500000000000003,0.3771622419000011,740.0,10.0,0.09667801534999057,0.24000000000000002,0.3366780153499906
9.465666659,1.0,0.0,750.0,0.0,740.0,10.0,0.09319886910000094,0.28500000000000003,0.378198869100001,760.0,-10.0,-0.09435867015000951,0.24000000000000002,0.1456413298499905
9.486462203,1.0,0.0,750.0,0.0,740.0,10.0,0.09424194210000053,0.28500000000000003,0.37924194210000056,740.0,10.0,0.09668441744998915,0.24000000000000002,0.33668441744998917
9.507939955,1.0,0.0,750.0,0.0,740.0,10.0,0.09532080265000162,0.28500000000000003,0.3803208026500017,760.0,-10.0,-0.09439442850001285,0.24000000000000002,0.14560557149998715
9.523565998,1.0,0.0,750.0,0.0,760.0,-10.0,-0.09545364529999745,0.28500000000000003,0.18954635470000258,740.0,10.0,0.096379990349987,0.24000000000000002,0.336379990349987
9.539488375,1.0,0.0,750.0,0.0,760.0,-10.0,-0.09624366829999645,0.28500000000000003,0.18875633170000358,760.0,-10.0,-0.0944100764000126,0.24000000000000002,0.1455899235999874
9.55871621,1.0,0.0,750.0,0.0,760.0,-10.0,-0.09719889134999846,0.28500000000000003,0.18780110865000157,740.0,10.0,0.09654521949998639,0.24000000000000002,0.3365452194999864
9.576699795,1.0,0.0,750.0,0.0,760.0,-10.0,-0.09808980184999712,0.28500000000000003,0.18691019815000293,740.0,10.0,0.09743610084998636,0.24000000000000002,0.3374361008499864
9.604634465,1.0,0.0,750.0,0.0,760.0,-10.0,-0.09950714154999787,0.28500000000000003,0.18549285845000216,780.0,-30.0,-0.2868159184000143,0.24000000000000002,-0.046815918400014284
9.623557217,1.0,0.0,750.0,0.0,740.0,10.0,0.09144278770000028,0.28500000000000003,0.3764427877000003,740.0,10.0,0.094133952499987,0.24000000000000002,0.334133952499987
9.646549011,1.0,0.0,750.0,0.0,740.0,10.0,0.09252398160000098,0.28500000000000003,0.377523981600001,760.0,-10.0,-0.09694731430001298,0.24000000000000002,0.14305268569998703
9.664994596,1.0,0.0,750.0,0.0,760.0,-10.0,-0.09848267680000049,0.28500000000000003,0.18651732319999953,760.0,-10.0,-0.0979539727000116,0.24000000000000002,0.14204602729998841
9.680738181,1.0,0.0,750.0,0.0,760.0,-10.0,-0.0992518165000007,0.28500000000000003,0.18574818349999933,740.0,10.0,0.09281515239998953,0.24000000000000002,0.33281515239998954
9.696036682,1.0,0.0,750.0,0.0,740.0,10.0,0.09138301059999719,0.28500000000000003,0.37638301059999724,740.0,10.0,0.09344997954998974,0.24000000000000002,0.3334499795499898
9.718029518,1.0,0.0,750.0,0.0,760.0,-10.0,-0.09979256660000431,0.28500000000000003,0.18520743339999574,740.0,10.0,0.094625571299988,0.24000000000000002,0.33462557129998804
9.731614769,1.0,0.0,750.0,0.0,740.0,10.0,0.09093782514999532,0.28500000000000003,0.37593782514999535,760.0,-10.0,-0.09610480590001202,0.24000000000000002,0.143895194099988
9.749564521,1.0,0.0,750.0,0.0,760.0,-10.0,-0.09996247705000486,0.28500000000000003,0.18503752294999518,760.0,-10.0,-0.0970051226500118,0.24000000000000002,0.14299487734998823
9.768233231,0.0,0.0,750.0,0.0,760.0,-10.0,-0.1,0.28500000000000003,0.18500000000000003,720.0,30.0,0.2854196337999883,0.24000000000000002,0.5254196337999884
9.7923214,1.0,0.0,750.0,0.0,760.0,-10.0,-0.1,0.28500000000000003,0.18500000000000003,740.0,10.0,0.09682393604998879,0.24000000000000002,0.33682393604998884
9.804709652,1.0,0.0,750.0,0.0,760.0,-10.0,-0.1,0.28500000000000003,0.18500000000000003,760.0,-10.0,-0.09379009525001152,0.24000000000000002,0.14620990474998852
9.830394113,1.0,0.0,750.0,0.0,760.0,-10.0,-0.1,0.28500000000000003,0.18500000000000003,740.0,10.0,0.09749350069998798,0.24000000000000002,0.337493500699988
9.857886324,1.0,0.0,750.0,0.0,760.0,-10.0,-0.1,0.28500000000000003,0.18500000000000003,740.0,10.0,0.09869790914998987,0.24000000000000002,0.3386979091499899
9.886622202,1.0,0.0,750.0,0.0,740.0,10.0,0.09144427514999848,0.28500000000000003,0.3764442751499985,760.0,-10.0,-0.0927463660000086,0.24000000000000002,0.14725363399999142
9.902109703,1.0,0.0,750.0,0.0,760.0,-10.0,-0.0994059916000026,0.28500000000000003,0.18559400839999743,740.0,10.0,0.09810390074999248,0.24000000000000002,0.3381039007499925
9.926722289,0.0,0.0,750.0,0.0,760.0,-10.0,-0.1,0.28500000000000003,0.18500000000000003,720.0,30.0,0.29,0.24000000000000002,0.53
9.949578166,1.0,0.0,750.0,0.0,740.0,10.0,0.09122594805000063,0.28500000000000003,0.37622594805000065,740.0,10.0,0.1,0.24000000000000002,0.34
9.962123917,1.0,0.0,750.0,0.0,760.0,-10.0,-0.09952614364999875,0.28500000000000003,0.1854738563500013,740.0,10.0,0.1,0.24000000000000002,0.34
9.976980544,1.0,0.0,750.0,0.0,760.0,-10.0,-0.1,0.28500000000000003,0.18500000000000003,740.0,10.0,0.1,0.24000000000000002,0.34
9.998629213,1.0,0.0,750.0,0.0,760.0,-10.0,-0.1,0.28500000000000003,0.18500000000000003,760.0,-10.0,-0.09103904800000123,0.24000000000000002,0.1489609519999988
10.014943589,1.0,0.0,750.0,0.0,740.0,10.0,0.09075939799999957,0.28500000000000003,0.3757593979999996,760.0,-10.0,-0.09179844600000081,0.24000000000000002,0.1482015539999992
10.036551425,1.0,0.0,750.0,0.0,760.0,-10.0,-0.1,0.28500000000000003,0.18500000000000003,740.0,10.0,0.09925484994999749,0.24000000000000002,0.3392548499499975
10.04993251,1.0,0.0,750.0,0.0,760.0,-10.0,-0.1,0.28500000000000003,0.18500000000000003,740.0,10.0,0.1,0.24000000000000002,0.34
10.06998022,1.0,0.0,750.0,0.0,760.0,-10.0,-0.1,0.28500000000000003,0.18500000000000003,760.0,-10.0,-0.09099067510000168,0.24000000000000002,0.14900932489999835
10.08453468,1.0,0.0,750.0,0.0,740.0,10.0,0.09066648755000074,0.28500000000000003,0.37566648755000076,760.0,-10.0,-0.09165714809999997,0.24000000000000002,0.14834285190000004
10.100991098,1.0,0.0,750.0,0.0,740.0,10.0,0.09145872724999947,0.28500000000000003,0.3764587272499995,760.0,-10.0,-0.09244940235000115,0.24000000000000002,0.14755059764999887
10.119753725,1.0,0.0,750.0,0.0,740.0,10.0,0.09242652109999995,0.28500000000000003,0.37742652109999997,760.0,-10.0,-0.09341719620000163,0.24000000000000002,0.14658280379999838
10.134414935,1.0,0.0,750.0,0.0,740.0,10.0,0.09316922115000012,0.28500000000000003,0.3781692211500002,740.0,10.0,0.09732548924999662,0.24000000000000002,0.3373254892499966
10.152985353,1.0,0.0,750.0,0.0,740.0,10.0,0.09409470875000012,0.28500000000000003,0.3790947087500002,760.0,-10.0,-0.09359998380000377,0.24000000000000002,0.14640001619999626
10.167948146,1.0,0.0,750.0,0.0,740.0,10.0,0.09481741504999888,0.28500000000000003,0.3798174150499989,760.0,-10.0,-0.09432271925000407,0.24000000000000002,0.14567728074999595
10.186538398,1.0,0.0,750.0,0.0,740.0,10.0,0.09578030890000036,0.28500000000000003,0.38078030890000036,760.0,-10.0,-0.09528561310000555,0.24000000000000002,0.14471438689999447
10.208151776,1.0,0.0,750.0,0.0,760.0,-10.0,-0.09525636205000013,0.28500000000000003,0.1897436379499999,740.0,10.0,0.09575101409999434,0.24000000000000002,0.33575101409999436
10.230252528,1.0,0.0,750.0,0.0,760.0,-10.0,-0.09637076214999922,0.28500000000000003,0.1886292378500008,760.0,-10.0,-0.09536345895000352,0.24000000000000002,0.14463654104999651
10.245100696,1.0,0.0,750.0,0.0,760.0,-10.0,-0.09705508514999792,0.28500000000000003,0.18794491485000211,760.0,-10.0,-0.09604779650000467,0.24000000000000002,0.14395220349999535
10.262277531,1.0,0.0,750.0,0.0,740.0,10.0,0.09389165035000474,0.28500000000000003,0.37889165035000477,760.0,-10.0,-0.0969945028500058,0.24000000000000002,0.14300549714999422
10.281586158,1.0,0.0,750.0,0.0,760.0,-10.0,-0.09705540599999267,0.28500000000000003,0.18794459400000735,760.0,-10.0,-0.09794157375000566,0.24000000000000002,0.14205842624999437
10.302042493,1.0,0.0,750.0,0.0,760.0,-10.0,-0.09810374359999514,0.28500000000000003,0.1868962564000049,760.0,-10.0,-0.09898988220000376,0.24000000000000002,0.14101011779999625
10.319299537,1.0,0.0,750.0,0.0,760.0,-10.0,-0.09895399579999378,0.28500000000000003,0.18604600420000625,760.0,-10.0,-0.09984013440000525,0.24000000000000002,0.14015986559999477
10.345403706,1.0,0.0,750.0,0.0,740.0,10.0,0.09236824600000602,0.28500000000000003,0.37736824600000607,760.0,-10.0,-0.1,0.24000000000000002,0.14
10.370356667,1.0,0.0,750.0,0.0,760.0,-10.0,-0.09878086244999337,0.28500000000000003,0.18621913755000666,760.0,-10.0,-0.1,0.24000000000000002,0.14
10.398646586,1.0,0.0,750.0,0.0,760.0,-10.0,-0.1,0.28500000000000003,0.18500000000000003,740.0,10.0,0.09140129804999844,0.24000000000000002,0.33140129804999846
10.412003754,1.0,0.0,750.0,0.0,760.0,-10.0,-0.1,0.28500000000000003,0.18500000000000003,760.0,-10.0,-0.09943492495000328,0.24000000000000002,0.14056507504999674
10.427542589,1.0,0.0,750.0,0.0,760.0,-10.0,-0.1,0.28500000000000003,0.18500000000000003,740.0,10.0,0.09122214179999674,0.24000000000000002,0.33122214179999676
10.439716757,1.0,0.0,750.0,0.0,760.0,-10.0,-0.1,0.28500000000000003,0.18500000000000003,760.0,-10.0,-0.099510247850003,0.24000000000000002,0.14048975214999704
10.452012258,1.0,0.0,750.0,0.0,760.0,-10.0,-0.1,0.28500000000000003,0.18500000000000003,740.0,10.0,0.0910907896999953,0.24000000000000002,0.33109078969999534
10.470636927,1.0,0.0,750.0,0.0,740.0,10.0,0.09087413964999996,0.28500000000000003,0.37587413965,720.0,30.0,0.28371329624999814,0.24000000000000002,0.5237132962499982
10.485105345,1.0,0.0,750.0,0.0,760.0,-10.0,-0.09982514584999932,0.28500000000000003,0.1851748541500007,740.0,10.0,0.09441258174999746,0.24000000000000002,0.3344125817499975
10.497995846,1.0,0.0,750.0,0.0,760.0,-10.0,-0.1,0.28500000000000003,0.18500000000000003,760.0,-10.0,-0.09626246620000245,0.24000000000000002,0.14373753379999757
10.511394723,1.0,0.0,750.0,0.0,740.0,10.0,0.09066535009999882,0.28500000000000003,0.37566535009999885,740.0,10.0,0.09440289844999881,0.24000000000000002,0.3344028984499988
10.524213182,1.0,0.0,750.0,0.0,760.0,-10.0,-0.09998117285000205,0.28500000000000003,0.18501882714999798,760.0,-10.0,-0.09624362455000153,0.24000000000000002,0.14375637544999847
10.541755767,1.0,0.0,750.0,0.0,760.0,-10.0,-0.1,0.28500000000000003,0.18500000000000003,760.0,-10.0,-0.09711971840000047,0.24000000000000002,0.14288028159999955
10.560433811,1.0,0.0,750.0,0.0,760.0,-10.0,-0.1,0.28500000000000003,0.18500000000000003,760.0,-10.0,-0.09810682055000086,0.24000000000000002,0.14189317944999916
10.574999937,1.0,0.0,750.0,0.0,740.0,10.0,0.09066510215000051,0.28500000000000003,0.37566510215000054,740.0,10.0,0.09255829619999872,0.24000000000000002,0.33255829619999877
10.598665481,0.0,0.0,750.0,0.0,740.0,10.0,0.09184842310000021,0.28500000000000003,0.3768484231000002,780.0,-30.0,-0.29,0.24000000000000002,-0.04999999999999996
10.616326483,1.0,0.0,750.0,0.0,740.0,10.0,0.09272043360000112,0.28500000000000003,0.3777204336000012,740.0,10.0,0.09087202509999998,0.24000000000000002,0.3308720251
10.636458194,1.0,0.0,750.0,0.0,760.0,-10.0,-0.09827725609999902,0.28500000000000003,0.18672274390000101,760.0,-10.0,-0.1,0.24000000000000002,0.14
10.652229487,1.0,0.0,750.0,0.0,760.0,-10.0,-0.09906382284999893,0.28500000000000003,0.1859361771500011,740.0,10.0,0.09078656674999991,0.24000000000000002,0.33078656674999996
10.67092503,1.0,0.0,750.0,0.0,760.0,-10.0,-0.1,0.28500000000000003,0.18500000000000003,760.0,-10.0,-0.1,0.24000000000000002,0.14
10.683899532,1.0,0.0,750.0,0.0,760.0,-10.0,-0.1,0.28500000000000003,0.18500000000000003,740.0,10.0,0.09069806045000008,0.24000000000000002,0.3306980604500001
10.697538741,1.0,0.0,750.0,0.0,760.0,-10.0,-0.1,0.28500000000000003,0.18500000000000003,740.0,10.0,0.09137512094999864,0.24000000000000002,0.33137512094999866
10.719540327,1.0,0.0,750.0,0.0,760.0,-10.0,-0.1,0.28500000000000003,0.18500000000000003,740.0,10.0,0.09245819605000008,0.24000000000000002,0.3324581960500001
10.73482337,1.0,0.0,750.0,0.0,740.0,10.0,0.09073301674999869,0.28500000000000003,0.3757330167499987,740.0,10.0,0.09319125654999937,0.24000000000000002,0.33319125654999937
10.757412664,1.0,0.0,750.0,0.0,760.0,-10.0,-0.1,0.28500000000000003,0.18500000000000003,760.0,-10.0,-0.09794453730000044,0.24000000000000002,0.14205546269999958
10.769634374,1.0,0.0,750.0,0.0,760.0,-10.0,-0.1,0.28500000000000003,0.18500000000000003,740.0,10.0,0.09273274194999828,0.24000000000000002,0.3327327419499983
10.786425334,1.0,0.0,750.0,0.0,760.0,-10.0,-0.1,0.28500000000000003,0.18500000000000003,740.0,10.0,0.09358475870000063,0.24000000000000002,0.33358475870000065
10.802803002,1.0,0.0,750.0,0.0,740.0,10.0,0.09075098340000182,0.28500000000000003,0.37575098340000185,740.0,10.0,0.09433572755,0.24000000000000002,0.33433572755
10.81632117,1.0,0.0,750.0,0.0,740.0,10.0,0.09143327930000225,0.28500000000000003,0.37643327930000225,740.0,10.0,0.09501802345000045,0.24000000000000002,0.3350180234500005
10.83312088,1.0,0.0,750.0,0.0,760.0,-10.0,-0.09940135409999584,0.28500000000000003,0.1855986459000042,760.0,-10.0,-0.09581660994999766,0.24000000000000002,0.14418339005000236
10.862179341,1.0,0.0,750.0,0.0,760.0,-10.0,-0.1,0.28500000000000003,0.18500000000000003,760.0,-10.0,-0.09724280174999933,0.24000000000000002,0.1427571982500007
10.889064302,1.0,0.0,750.0,0.0,740.0,10.0,0.09118283974999827,0.28500000000000003,0.37618283974999833,720.0,30.0,0.2863056736999982,0.24000000000000002,0.5263056736999983
10.917688472,1.0,0.0,750.0,0.0,760.0,-10.0,-0.1,0.28500000000000003,0.18500000000000003,740.0,10.0,0.09785261549999916,0.24000000000000002,0.3378526154999992
10.932337723,1.0,0.0,750.0,0.0,760.0,-10.0,-0.1,0.28500000000000003,0.18500000000000003,760.0,-10.0,-0.09290303454999957,0.24000000000000002,0.14709696545000045
10.9533351,1.0,0.0,750.0,0.0,760.0,-10.0,-0.1,0.28500000000000003,0.18500000000000003,740.0,10.0,0.09824161140000115,0.24000000000000002,0.3382416114000012
10.966401768,1.0,0.0,750.0,0.0,760.0,-10.0,-0.1,0.28500000000000003,0.18500000000000003,740.0,10.0,0.09890407400000015,0.24000000000000002,0.33890407400000017
10.990012187,1.0,0.0,750.0,0.0,760.0,-10.0,-0.1,0.28500000000000003,0.18500000000000003,760.0,-10.0,-0.09227494485000136,0.24000000000000002,0.14772505514999867
11.004002564,1.0,0.0,750.0,0.0,740.0,10.0,0.09062001050000049,0.28500000000000003,0.3756200105000005,740.0,10.0,0.09834503644999813,0.24000000000000002,0.33834503644999814
11.019309524,1.0,0.0,750.0,0.0,740.0,10.0,0.09136365850000004,0.28500000000000003,0.3763636585000001,760.0,-10.0,-0.09239864075000241,0.24000000000000002,0.14760135924999762
11.036767234,1.0,0.0,750.0,0.0,760.0,-10.0,-0.09954380405000052,0.28500000000000003,0.1854561959499995,740.0,10.0,0.09850882179999815,0.24000000000000002,0.3385088217999982
11.051485027,1.0,0.0,750.0,0.0,760.0,-10.0,-0.1,0.28500000000000003,0.18500000000000003,740.0,10.0,0.09925713649999693,0.24000000000000002,0.33925713649999695
11.072372446,1.0,0.0,750.0,0.0,760.0,-10.0,-0.1,0.28500000000000003,0.18500000000000003,760.0,-10.0,-0.09183890315000269,0.24000000000000002,0.14816109684999734
11.087606781,1.0,0.0,750.0,0.0,740.0,10.0,0.0906239042499999,0.28500000000000003,0.3756239042499999,760.0,-10.0,-0.09246282200000167,0.24000000000000002,0.14753717799999835
11.102349074,1.0,0.0,750.0,0.0,760.0,-10.0,-0.1,0.28500000000000003,0.18500000000000003,760.0,-10.0,-0.09327394705000244,0.24000000000000002,0.14672605294999758
11.124388284,1.0,0.0,750.0,0.0,760.0,-10.0,-0.1,0.28500000000000003,0.18500000000000003,760.0,-10.0,-0.09439518675000329,0.24000000000000002,0.14560481324999675
11.136759035,1.0,0.0,750.0,0.0,760.0,-10.0,-0.1,0.28500000000000003,0.18500000000000003,740.0,10.0,0.09627418834999674,0.24000000000000002,0.3362741883499968
11.158375913,1.0,0.0,750.0,0.0,760.0,-10.0,-0.1,0.28500000000000003,0.18500000000000003,740.0,10.0,0.09734410924999623,0.24000000000000002,0.33734410924999625
11.174463956,1.0,0.0,750.0,0.0,740.0,10.0,0.09075639384999988,0.28500000000000003,0.3757563938499999,740.0,10.0,0.09810051769999519,0.24000000000000002,0.3381005176999952
11.200719209,1.0,0.0,750.0,0.0,760.0,-10.0,-0.1,0.28500000000000003,0.18500000000000003,760.0,-10.0,-0.09320006785000601,0.24000000000000002,0.146799932149994
11.21528446,1.0,0.0,750.0,0.0,740.0,10.0,0.0907005250500015,0.28500000000000003,0.3757005250500015,760.0,-10.0,-0.09390057830000557,0.24000000000000002,0.14609942169999446
11.239392754,1.0,0.0,750.0,0.0,740.0,10.0,0.09191585640000086,0.28500000000000003,0.3769158564000009,740.0,10.0,0.09731478224999478,0.24000000000000002,0.3373147822499948
11.254510131,1.0,0.0,750.0,0.0,740.0,10.0,0.09269616690000021,0.28500000000000003,0.37769616690000024,740.0,10.0,0.09809507814999506,0.24000000000000002,0.33809507814999507
11.273988508,1.0,0.0,750.0,0.0,760.0,-10.0,-0.09827407694999976,0.28500000000000003,0.18672592305000027,760.0,-10.0,-0.09287516570000491,0.24000000000000002,0.14712483429999512
11.287893717,1.0,0.0,750.0,0.0,760.0,-10.0,-0.09897546244999944,0.28500000000000003,0.1860245375500006,760.0,-10.0,-0.09357656580000366,0.24000000000000002,0.14642343419999637
11.307545928,1.0,0.0,750.0,0.0,740.0,10.0,0.09199937515000102,0.28500000000000003,0.37699937515000104,740.0,10.0,0.09739653634999798,0.24000000000000002,0.337396536349998
11.325918305,1.0,0.0,750.0,0.0,760.0,-10.0,-0.0988724749499994,0.28500000000000003,0.18612752505000063,740.0,10.0,0.09827012184999774,0.24000000000000002,0.3382701218499978
11.345609598,1.0,0.0,750.0,0.0,740.0,10.0,0.09215951469999993,0.28500000000000003,0.3771595147,760.0,-10.0,-0.092761853250002,0.24000000000000002,0.14723814674999802
11.373031518,1.0,0.0,750.0,0.0,740.0,10.0,0.09351583780000056,0.28500000000000003,0.3785158378000006,740.0,10.0,0.09859444064999764,0.24000000000000002,0.33859444064999766
11.398895937,1.0,0.0,750.0,0.0,760.0,-10.0,-0.097611162299998,0.28500000000000003,0.18738883770000203,760.0,-10.0,-0.09253258865000191,0.24000000000000002,0.1474674113499981
11.415431105,1.0,0.0,750.0,0.0,740.0,10.0,0.09337261485000227,0.28500000000000003,0.3783726148500023,740.0,10.0,0.09845118849999836,0.24000000000000002,0.3384511884999984
11.442262691,1.0,0.0,750.0,0.0,760.0,-10.0,-0.09782744779999746,0.28500000000000003,0.18717255220000256,760.0,-10.0,-0.09274888870000098,0.24000000000000002,0.14725111129999904
11.456451401,1.0,0.0,750.0,0.0,760.0,-10.0,-0.09869330414999808,0.28500000000000003,0.18630669585000195,740.0,10.0,0.09811692389999906,0.24000000000000002,0.3381169238999991
11.478698278,1.0,0.0,750.0,0.0,760.0,-10.0,-0.09980350424999926,0.28500000000000003,0.18519649575000077,740.0,10.0,0.09922710945000063,0.24000000000000002,0.3392271094500007
11.495864613,1.0,0.0,750.0,0.0,760.0,-10.0,-0.1,0.28500000000000003,0.18500000000000003,740.0,10.0,0.1,0.24000000000000002,0.34
11.51418274,1.0,0.0,750.0,0.0,760.0,-10.0,-0.1,0.28500000000000003,0.18500000000000003,740.0,10.0,0.1,0.24000000000000002,0.34
11.524451158,1.0,0.0,750.0,0.0,760.0,-10.0,-0.1,0.28500000000000003,0.18500000000000003,740.0,10.0,0.1,0.24000000000000002,0.34
11.537530951,1.0,0.0,750.0,0.0,760.0,-10.0,-0.1,0.28500000000000003,0.18500000000000003,760.0,-10.0,-0.0905441334000011,0.24000000000000002,0.14945586659999893
11.558147411,1.0,0.0,750.0,0.0,740.0,10.0,0.0909675459499988,0.28500000000000003,0.3759675459499988,740.0,10.0,0.1,0.24000000000000002,0.34
11.570992704,1.0,0.0,750.0,0.0,740.0,10.0,0.09171405225000001,0.28500000000000003,0.37671405225000004,740.0,10.0,0.1,0.24000000000000002,0.34
11.594838498,1.0,0.0,750.0,0.0,760.0,-10.0,-0.09948124164999968,0.28500000000000003,0.18551875835000037,740.0,10.0,0.1,0.24000000000000002,0.34
11.606519749,1.0,0.0,750.0,0.0,760.0,-10.0,-0.1,0.28500000000000003,0.18500000000000003,740.0,10.0,0.1,0.24000000000000002,0.34
11.619958001,1.0,0.0,750.0,0.0,760.0,-10.0,-0.1,0.28500000000000003,0.18500000000000003,760.0,-10.0,-0.09062973755000257,0.24000000000000002,0.14937026244999746
11.641262795,1.0,0.0,750.0,0.0,760.0,-10.0,-0.1,0.28500000000000003,0.18500000000000003,760.0,-10.0,-0.0916957356000006,0.24000000000000002,0.1483042643999994
11.654635129,1.0,0.0,750.0,0.0,740.0,10.0,0.09060615634999977,0.28500000000000003,0.37560615634999983,740.0,10.0,0.09891043529999877,0.24000000000000002,0.33891043529999876
11.67439059,1.0,0.0,750.0,0.0,760.0,-10.0,-0.1,0.28500000000000003,0.18500000000000003,740.0,10.0,0.09989982705000103,0.24000000000000002,0.33989982705000105
11.687543883,1.0,0.0,750.0,0.0,760.0,-10.0,-0.1,0.28500000000000003,0.18500000000000003,740.0,10.0,0.1,0.24000000000000002,0.34
11.711247927,1.0,0.0,750.0,0.0,760.0,-10.0,-0.1,0.28500000000000003,0.18500000000000003,740.0,10.0,0.1,0.24000000000000002,0.34
11.725777886,1.0,0.0,750.0,0.0,760.0,-10.0,-0.1,0.28500000000000003,0.18500000000000003,760.0,-10.0,-0.09056771460000107,0.24000000000000002,0.14943228539999895
11.754395056,0.0,0.0,750.0,0.0,760.0,-10.0,-0.1,0.28500000000000003,0.18500000000000003,720.0,30.0,0.29,0.24000000000000002,0.53
11.773464516,1.0,0.0,750.0,0.0,760.0,-10.0,-0.1,0.28500000000000003,0.18500000000000003,760.0,-10.0,-0.09098624179999831,0.24000000000000002,0.1490137582000017
11.797672269,1.0,0.0,750.0,0.0,740.0,10.0,0.09114089804999935,0.28500000000000003,0.3761408980499994,760.0,-10.0,-0.09212712524999858,0.24000000000000002,0.14787287475000144
11.811330728,1.0,0.0,750.0,0.0,740.0,10.0,0.0918380105999995,0.28500000000000003,0.37683801059999955,760.0,-10.0,-0.09282428154999935,0.24000000000000002,0.14717571845000066
11.834741647,1.0,0.0,750.0,0.0,740.0,10.0,0.09300176074999854,0.28500000000000003,0.3780017607499986,740.0,10.0,0.09833945400000062,0.24000000000000002,0.33833945400000065
11.84837094,1.0,0.0,750.0,0.0,740.0,10.0,0.09365556079999862,0.28500000000000003,0.3786555607999986,760.0,-10.0,-0.0923143314500004,0.24000000000000002,0.14768566854999962
11.880400027,1.0,0.0,750.0,0.0,760.0,-10.0,-0.09796941645000175,0.28500000000000003,0.1870305835499983,740.0,10.0,0.09931066039999906,0.24000000000000002,0.3393106603999991
11.89476607,1.0,0.0,750.0,0.0,740.0,10.0,0.09274090860000059,0.28500000000000003,0.37774090860000065,760.0,-10.0,-0.09139963550000176,0.24000000000000002,0.14860036449999825
11.924386573,1.0,0.0,750.0,0.0,760.0,-10.0,-0.09847453944999814,0.28500000000000003,0.1865254605500019,760.0,-10.0,-0.0926149960500021,0.24000000000000002,0.14738500394999793
11.946203825,1.0,0.0,750.0,0.0,760.0,-10.0,-0.09964294164999785,0.28500000000000003,0.18535705835000219,760.0,-10.0,-0.09378342740000051,0.24000000000000002,0.1462165725999995
11.968192577,1.0,0.0,750.0,0.0,760.0,-10.0,-0.1,0.28500000000000003,0.18500000000000003,740.0,10.0,0.09745510605000049,0.24000000000000002,0.3374551060500005
11.986462871,1.0,0.0,750.0,0.0,740.0,10.0,0.09093681879999962,0.28500000000000003,0.37593681879999963,760.0,-10.0,-0.09348169819999953,0.24000000000000002,0.14651830180000047
12.012892832,1.0,0.0,750.0,0.0,760.0,-10.0,-0.1,0.28500000000000003,0.18500000000000003,740.0,10.0,0.09784010609999996,0.24000000000000002,0.3378401061
12.037367459,1.0,0.0,750.0,0.0,740.0,10.0,0.09124457100000086,0.28500000000000003,0.37624457100000086,760.0,-10.0,-0.09340450864999866,0.24000000000000002,0.14659549135000136
12.052872461,1.0,0.0,750.0,0.0,760.0,-10.0,-0.0995401581999971,0.28500000000000003,0.1854598418000029,760.0,-10.0,-0.09418923784999947,0.24000000000000002,0.14581076215000055
12.072233588,1.0,0.0,750.0,0.0,760.0,-10.0,-0.1,0.28500000000000003,0.18500000000000003,760.0,-10.0,-0.09515773170000102,0.24000000000000002,0.144842268299999
12.084532006,1.0,0.0,750.0,0.0,760.0,-10.0,-0.1,0.28500000000000003,0.18500000000000003,740.0,10.0,0.09550909129999922,0.24000000000000002,0.33550909129999923
12.099562174,1.0,0.0,750.0,0.0,740.0,10.0,0.09068197510000232,0.28500000000000003,0.37568197510000234,760.0,-10.0,-0.09517289834999985,0.24000000000000002,0.14482710165000018
12.121078134,1.0,0.0,750.0,0.0,740.0,10.0,0.09177263355000151,0.28500000000000003,0.37677263355000157,760.0,-10.0,-0.09626354219999997,0.24000000000000002,0.14373645780000005
12.137602803,0.0,0.0,750.0,0.0,740.0,10.0,0.0926093086000003,0.28500000000000003,0.3776093086000003,780.0,-30.0,-0.2887735674999948,0.24000000000000002,-0.04877356749999476
12.167816556,1.0,0.0,750.0,0.0,760.0,-10.0,-0.09880419575000018,0.28500000000000003,0.18619580424999985,760.0,-10.0,-0.1,0.24000000000000002,0.14
12.192189975,1.0,0.0,750.0,0.0,740.0,10.0,0.09251441480000097,0.28500000000000003,0.37751441480000103,740.0,10.0,0.09131861055000115,0.24000000000000002,0.33131861055000117
12.206307226,1.0,0.0,750.0,0.0,740.0,10.0,0.09319197110000005,0.28500000000000003,0.3781919711000001,740.0,10.0,0.0919961668999997,0.24000000000000002,0.3319961668999997
12.229902187,1.0,0.0,750.0,0.0,760.0,-10.0,-0.09801364774999968,0.28500000000000003,0.18698635225000035,740.0,10.0,0.09320180035000135,0.24000000000000002,0.33320180035000135
12.246448439,1.0,0.0,750.0,0.0,760.0,-10.0,-0.09877269575000014,0.28500000000000003,0.1862273042499999,740.0,10.0,0.0939608482999995,0.24000000000000002,0.3339608482999995
12.270892733,1.0,0.0,750.0,0.0,760.0,-10.0,-0.1,0.28500000000000003,0.18500000000000003,740.0,10.0,0.09523231095000086,0.24000000000000002,0.3352323109500009
12.285244193,1.0,0.0,750.0,0.0,760.0,-10.0,-0.1,0.28500000000000003,0.18500000000000003,740.0,10.0,0.0959788610499993,0.24000000000000002,0.3359788610499993
12.303515944,0.0,0.0,750.0,0.0,760.0,-10.0,-0.1,0.28500000000000003,0.18500000000000003,720.0,30.0,0.2888663175499988,0.24000000000000002,0.5288663175499988
12.326512988,1.0,0.0,750.0,0.0,760.0,-10.0,-0.1,0.28500000000000003,0.18500000000000003,760.0,-10.0,-0.09228296590000298,0.24000000000000002,0.14771703409999704
12.352027408,1.0,0.0,750.0,0.0,760.0,-10.0,-0.1,0.28500000000000003,0.18500000000000003,740.0,10.0,0.09899482589999536,0.24000000000000002,0.3389948258999954
12.365591367,1.0,0.0,750.0,0.0,760.0,-10.0,-0.1,0.28500000000000003,0.18500000000000003,740.0,10.0,0.09964808634999486,0.24000000000000002,0.3396480863499949
12.392315037,1.0,0.0,750.0,0.0,760.0,-10.0,-0.1,0.28500000000000003,0.18500000000000003,740.0,10.0,0.1,0.24000000000000002,0.34
12.411715247,1.0,0.0,750.0,0.0,760.0,-10.0,-0.1,0.28500000000000003,0.18500000000000003,740.0,10.0,0.1,0.24000000000000002,0.34
12.436488249,1.0,0.0,750.0,0.0,760.0,-10.0,-0.1,0.28500000000000003,0.18500000000000003,740.0,10.0,0.1,0.24000000000000002,0.34
12.455093085,1.0,0.0,750.0,0.0,760.0,-10.0,-0.1,0.28500000000000003,0.18500000000000003,760.0,-10.0,-0.09089181465000082,0.24000000000000002,0.1491081853499992
12.476593003,1.0,0.0,750.0,0.0,760.0,-10.0,-0.1,0.28500000000000003,0.18500000000000003,760.0,-10.0,-0.09207860644999868,0.24000000000000002,0.14792139355000133
12.498515256,0.0,0.0,750.0,0.0,740.0,10.0,0.09084746674999963,0.28500000000000003,0.3758474667499997,780.0,-30.0,-0.2846209192500015,0.24000000000000002,-0.04462091925000147
12.522083966,1.0,0.0,750.0,0.0,760.0,-10.0,-0.1,0.28500000000000003,0.18500000000000003,740.0,10.0,0.09674314754999784,0.24000000000000002,0.33674314754999785
12.534140301,1.0,0.0,750.0,0.0,760.0,-10.0,-0.1,0.28500000000000003,0.18500000000000003,740.0,10.0,0.09740460384999779,0.24000000000000002,0.3374046038499978
12.547334427,1.0,0.0,750.0,0.0,740.0,10.0,0.09060305005000033,0.28500000000000003,0.3756030500500004,740.0,10.0,0.09800766850000002,0.24000000000000002,0.3380076685
12.561848054,1.0,0.0,750.0,0.0,760.0,-10.0,-0.1,0.28500000000000003,0.18500000000000003,760.0,-10.0,-0.09268438364999781,0.24000000000000002,0.1473156163500022
12.573994805,1.0,0.0,750.0,0.0,760.0,-10.0,-0.1,0.28500000000000003,0.18500000000000003,740.0,10.0,0.09801334140000222,0.24000000000000002,0.3380133414000022
12.594688265,1.0,0.0,750.0,0.0,740.0,10.0,0.09095255425000005,0.28500000000000003,0.37595255425000007,720.0,30.0,0.29,0.24000000000000002,0.53
12.606209975,1.0,0.0,750.0,0.0,740.0,10.0,0.0916486313999991,0.28500000000000003,0.37664863139999916,720.0,30.0,0.29,0.24000000000000002,0.53
12.621600643,1.0,0.0,750.0,0.0,760.0,-10.0,-0.09900627700000086,0.28500000000000003,0.18599372299999917,740.0,10.0,0.1,0.24000000000000002,0.34
12.652595188,1.0,0.0,750.0,0.0,740.0,10.0,0.09254572524999902,0.28500000000000003,0.3775457252499991,760.0,-10.0,-0.09155197304999887,0.24000000000000002,0.14844802695000114
12.678658815,1.0,0.0,750.0,0.0,760.0,-10.0,-0.09876970615000288,0.28500000000000003,0.18623029384999715,740.0,10.0,0.0997634875000017,0.24000000000000002,0.33976348750000174
12.694387817,1.0,0.0,750.0,0.0,760.0,-10.0,-0.09956795415000101,0.28500000000000003,0.185432045849999,760.0,-10.0,-0.09103474589999735,0.24000000000000002,0.14896525410000266
12.718245569,1.0,0.0,750.0,0.0,740.0,10.0,0.09162837510000031,0.28500000000000003,0.37662837510000036,740.0,10.0,0.1,0.24000000000000002,0.34
12.732657988,1.0,0.0,750.0,0.0,760.0,-10.0,-0.09905731874999901,0.28500000000000003,0.18594268125000102,760.0,-10.0,-0.09068572299999801,0.24000000000000002,0.149314277000002
12.759838699,1.0,0.0,750.0,0.0,740.0,10.0,0.09215674385,0.28500000000000003,0.37715674385000003,760.0,-10.0,-0.09189978564999933,0.24000000000000002,0.1481002143500007
12.77474695,1.0,0.0,750.0,0.0,760.0,-10.0,-0.09874440415000266,0.28500000000000003,0.18625559584999737,760.0,-10.0,-0.09280093364999914,0.24000000000000002,0.14719906635000088
12.796202244,1.0,0.0,750.0,0.0,760.0,-10.0,-0.09981573969999999,0.28500000000000003,0.18518426030000004,760.0,-10.0,-0.09387225460000025,0.24000000000000002,0.1461277453999998
12.810515204,1.0,0.0,750.0,0.0,760.0,-10.0,-0.1,0.28500000000000003,0.18500000000000003,740.0,10.0,0.09685479754999733,0.24000000000000002,0.33685479754999736
12.834208456,1.0,0.0,750.0,0.0,740.0,10.0,0.09118085635000114,0.28500000000000003,0.3761808563500012,740.0,10.0,0.09803565389999847,0.24000000000000002,0.33803565389999846
12.852238416,1.0,0.0,750.0,0.0,740.0,10.0,0.0920880126999998,0.28500000000000003,0.3770880126999998,760.0,-10.0,-0.09287150245000306,0.24000000000000002,0.14712849754999696
12.883075461,1.0,0.0,750.0,0.0,760.0,-10.0,-0.09943173120000211,0.28500000000000003,0.18556826879999794,760.0,-10.0,-0.09439118800000244,0.24000000000000002,0.1456088119999976
12.911373255,1.0,0.0,750.0,0.0,760.0,-10.0,-0.1,0.28500000000000003,0.18500000000000003,740.0,10.0,0.09702915589999747,0.24000000000000002,0.3370291558999975
12.933243591,1.0,0.0,750.0,0.0,760.0,-10.0,-0.1,0.28500000000000003,0.18500000000000003,760.0,-10.0,-0.09413975670000184,0.24000000000000002,0.1458602432999982
12.964532719,1.0,0.0,750.0,0.0,760.0,-10.0,-0.1,0.28500000000000003,0.18500000000000003,740.0,10.0,0.09713182259999939,0.24000000000000002,0.3371318225999994
12.988716847,1.0,0.0,750.0,0.0,760.0,-10.0,-0.1,0.28500000000000003,0.18500000000000003,740.0,10.0,0.09863393524999822,0.24000000000000002,0.33863393524999824
13.00157964,1.0,0.0,750.0,0.0,760.0,-10.0,-0.1,0.28500000000000003,0.18500000000000003,760.0,-10.0,-0.09200143150000259,0.24000000000000002,0.14799856849999743
13.016187766,1.0,0.0,750.0,0.0,760.0,-10.0,-0.1,0.28500000000000003,0.18500000000000003,760.0,-10.0,-0.09274398575000134,0.24000000000000002,0.14725601424999868
13.03560956,1.0,0.0,750.0,0.0,760.0,-10.0,-0.1,0.28500000000000003,0.18500000000000003,740.0,10.0,0.0982235747499999,0.24000000000000002,0.3382235747499999
13.052423561,1.0,0.0,750.0,0.0,740.0,10.0,0.09071739799999762,0.28500000000000003,0.37571739799999765,740.0,10.0,0.09894098734999943,0.24000000000000002,0.33894098734999945
13.074445855,1.0,0.0,750.0,0.0,740.0,10.0,0.0918815856499998,0.28500000000000003,0.37688158564999985,740.0,10.0,0.1,0.24000000000000002,0.34
13.089238023,1.0,0.0,750.0,0.0,740.0,10.0,0.09260060234999742,0.28500000000000003,0.3776006023499975,760.0,-10.0,-0.09071901674999992,0.24000000000000002,0.1492809832500001
13.111561609,1.0,0.0,750.0,0.0,740.0,10.0,0.09373183164999774,0.28500000000000003,0.3787318316499978,740.0,10.0,0.1,0.24000000000000002,0.34
13.12452211,1.0,0.0,750.0,0.0,760.0,-10.0,-0.09697021010000242,0.28500000000000003,0.1880297898999976,740.0,10.0,0.1,0.24000000000000002,0.34
13.137757362,1.0,0.0,750.0,0.0,760.0,-10.0,-0.09758917055000324,0.28500000000000003,0.1874108294499968,760.0,-10.0,-0.09061897504999991,0.24000000000000002,0.1493810249500001
13.160124989,1.0,0.0,750.0,0.0,760.0,-10.0,-0.09869509775000437,0.28500000000000003,0.18630490224999566,760.0,-10.0,-0.09172487305000004,0.24000000000000002,0.14827512694999997
13.17289299,1.0,0.0,750.0,0.0,760.0,-10.0,-0.09934112490000188,0.28500000000000003,0.18565887509999815,760.0,-10.0,-0.09237088565000079,0.24000000000000002,0.14762911434999923
13.194492659,1.0,0.0,750.0,0.0,760.0,-10.0,-0.1,0.28500000000000003,0.18500000000000003,740.0,10.0,0.09870276859999763,0.24000000000000002,0.33870276859999765
13.207548535,1.0,0.0,750.0,0.0,760.0,-10.0,-0.1,0.28500000000000003,0.18500000000000003,740.0,10.0,0.09940806244999863,0.24000000000000002,0.33940806244999866
13.235307038,1.0,0.0,750.0,0.0,760.0,-10.0,-0.1,0.28500000000000003,0.18500000000000003,760.0,-10.0,-0.09199702725000179,0.24000000000000002,0.14800297274999824
13.249412623,1.0,0.0,750.0,0.0,740.0,10.0,0.09064044174999936,0.28500000000000003,0.3756404417499994,760.0,-10.0,-0.09263746900000115,0.24000000000000002,0.14736253099999885
13.278194001,1.0,0.0,750.0,0.0,760.0,-10.0,-0.1,0.28500000000000003,0.18500000000000003,740.0,10.0,0.09880906654999819,0.24000000000000002,0.3388090665499982
13.292005877,1.0,0.0,750.0,0.0,740.0,10.0,0.09068145004999849,0.28500000000000003,0.37568145004999853,760.0,-10.0,-0.09187239810000222,0.24000000000000002,0.1481276018999978
13.317378546,1.0,0.0,750.0,0.0,760.0,-10.0,-0.1,0.28500000000000003,0.18500000000000003,760.0,-10.0,-0.09313633575000267,0.24000000000000002,0.14686366424999736
13.332554256,1.0,0.0,750.0,0.0,740.0,10.0,0.09075518339999974,0.28500000000000003,0.3757551833999998,760.0,-10.0,-0.09389150455000334,0.24000000000000002,0.14610849544999668
13.357602592,1.0,0.0,750.0,0.0,740.0,10.0,0.0920095689499982,0.28500000000000003,0.37700956894999826,760.0,-10.0,-0.09514587550000272,0.24000000000000002,0.1448541244999973
13.385172678,1.0,0.0,750.0,0.0,760.0,-10.0,-0.09938226450000229,0.28500000000000003,0.18561773549999774,760.0,-10.0,-0.09653773815000136,0.24000000000000002,0.14346226184999866
13.42039639,1.0,0.0,750.0,0.0,760.0,-10.0,-0.1,0.28500000000000003,0.18500000000000003,740.0,10.0,0.09521599535000007,0.24000000000000002,0.3352159953500001
13.446274518,1.0,0.0,750.0,0.0,740.0,10.0,0.09124604384999999,0.28500000000000003,0.37624604385000004,760.0,-10.0,-0.09603004854999939,0.24000000000000002,0.14396995145000063
13.480256021,1.0,0.0,750.0,0.0,740.0,10.0,0.09268292524999935,0.28500000000000003,0.37768292524999936,760.0,-10.0,-0.09746694449999836,0.24000000000000002,0.14253305550000167
13.510140774,1.0,0.0,750.0,0.0,740.0,10.0,0.09446140669999978,0.28500000000000003,0.37946140669999984,740.0,10.0,0.09431149320000146,0.24000000000000002,0.3343114932000015
13.528019359,1.0,0.0,750.0,0.0,760.0,-10.0,-0.0964577808499996,0.28500000000000003,0.1885422191500004,760.0,-10.0,-0.09660770894999984,0.24000000000000002,0.14339229105000018
13.544425319,1.0,0.0,750.0,0.0,760.0,-10.0,-0.09728672679999875,0.28500000000000003,0.18771327320000128,760.0,-10.0,-0.09743665489999899,0.24000000000000002,0.14256334510000102
13.561063154,1.0,0.0,750.0,0.0,780.0,-30.0,-0.28947203945000066,0.28500000000000003,-0.004472039450000631,760.0,-10.0,-0.09816510704999871,0.24000000000000002,0.1418348929500013
13.576327531,1.0,0.0,750.0,0.0,760.0,-10.0,-0.1,0.28500000000000003,0.18500000000000003,740.0,10.0,0.09267798470000344,0.24000000000000002,0.3326779847000034
13.591575574,1.0,0.0,750.0,0.0,760.0,-10.0,-0.1,0.28500000000000003,0.18500000000000003,740.0,10.0,0.09349937645000353,0.24000000000000002,0.33349937645000355
13.609630617,1.0,0.0,750.0,0.0,740.0,10.0,0.09082821674999991,0.28500000000000003,0.37582821674999994,740.0,10.0,0.09432760780000252,0.24000000000000002,0.33432760780000254
13.624351327,1.0,0.0,750.0,0.0,760.0,-10.0,-0.09993997500000092,0.28500000000000003,0.18506002499999913,760.0,-10.0,-0.0964405693499964,0.24000000000000002,0.14355943065000362
13.639936245,1.0,0.0,750.0,0.0,760.0,-10.0,-0.1,0.28500000000000003,0.18500000000000003,760.0,-10.0,-0.09719229649999704,0.24000000000000002,0.142807703500003
13.652267913,1.0,0.0,750.0,0.0,760.0,-10.0,-0.1,0.28500000000000003,0.18500000000000003,740.0,10.0,0.09351164105000294,0.24000000000000002,0.33351164105000297
13.668813582,1.0,0.0,750.0,0.0,760.0,-10.0,-0.1,0.28500000000000003,0.18500000000000003,760.0,-10.0,-0.09731243404999873,0.24000000000000002,0.1426875659500013
13.681071166,1.0,0.0,750.0,0.0,760.0,-10.0,-0.1,0.28500000000000003,0.18500000000000003,760.0,-10.0,-0.0979240007999971,0.24000000000000002,0.1420759992000029
13.695400168,1.0,0.0,750.0,0.0,740.0,10.0,0.09065237089999925,0.28500000000000003,0.37565237089999926,760.0,-10.0,-0.09857638624999879,0.24000000000000002,0.14142361375000123
13.711527586,1.0,0.0,750.0,0.0,760.0,-10.0,-0.1,0.28500000000000003,0.18500000000000003,740.0,10.0,0.09222489510000002,0.24000000000000002,0.33222489510000003
13.725461962,1.0,0.0,750.0,0.0,760.0,-10.0,-0.1,0.28500000000000003,0.18500000000000003,740.0,10.0,0.09293979935000038,0.24000000000000002,0.3329397993500004
13.738999089,1.0,0.0,750.0,0.0,740.0,10.0,0.09066314794999869,0.28500000000000003,0.3756631479499987,760.0,-10.0,-0.09772336320000022,0.24000000000000002,0.1422766367999998
13.754069215,1.0,0.0,750.0,0.0,760.0,-10.0,-0.1,0.28500000000000003,0.18500000000000003,760.0,-10.0,-0.09847845909999876,0.24000000000000002,0.14152154090000124
13.771292425,1.0,0.0,750.0,0.0,760.0,-10.0,-0.1,0.28500000000000003,0.18500000000000003,740.0,10.0,0.09245251185000143,0.24000000000000002,0.33245251185000146
13.784035635,1.0,0.0,750.0,0.0,760.0,-10.0,-0.1,0.28500000000000003,0.18500000000000003,740.0,10.0,0.09309568065000065,0.24000000000000002,0.33309568065000067
13.798492678,1.0,0.0,750.0,0.0,740.0,10.0,0.09060500419999983,0.28500000000000003,0.37560500419999987,740.0,10.0,0.09370067030000087,0.24000000000000002,0.3337006703000009
13.813090888,1.0,0.0,750.0,0.0,760.0,-10.0,-0.1,0.28500000000000003,0.18500000000000003,760.0,-10.0,-0.09707089020000069,0.24000000000000002,0.14292910979999934
13.825760306,1.0,0.0,750.0,0.0,760.0,-10.0,-0.1,0.28500000000000003,0.18500000000000003,760.0,-10.0,-0.09777428815000008,0.24000000000000002,0.14222571184999994
13.841131141,1.0,0.0,750.0,0.0,740.0,10.0,0.09066815005000081,0.28500000000000003,0.37566815005000087,760.0,-10.0,-0.09844243825000035,0.24000000000000002,0.14155756174999967
13.855705725,1.0,0.0,750.0,0.0,740.0,10.0,0.09142135014999951,0.28500000000000003,0.37642135014999956,740.0,10.0,0.09231077639999796,0.24000000000000002,0.33231077639999795
13.870798019,1.0,0.0,750.0,0.0,760.0,-10.0,-0.0993325061500002,0.28500000000000003,0.18566749384999984,760.0,-10.0,-0.09844305075000306,0.24000000000000002,0.14155694924999696
13.888939687,1.0,0.0,750.0,0.0,760.0,-10.0,-0.1,0.28500000000000003,0.18500000000000003,760.0,-10.0,-0.09934517585000378,0.24000000000000002,0.14065482414999625
13.903115855,1.0,0.0,750.0,0.0,760.0,-10.0,-0.1,0.28500000000000003,0.18500000000000003,740.0,10.0,0.09144524089999492,0.24000000000000002,0.33144524089999494
13.928957816,1.0,0.0,750.0,0.0,740.0,10.0,0.09122962304999988,0.28500000000000003,0.3762296230499999,760.0,-10.0,-0.09978439670000455,0.24000000000000002,0.14021560329999547
13.943729859,1.0,0.0,750.0,0.0,760.0,-10.0,-0.09950976659999924,0.28500000000000003,0.1854902334000008,760.0,-10.0,-0.1,0.24000000000000002,0.14
13.95564736,1.0,0.0,750.0,0.0,760.0,-10.0,-0.1,0.28500000000000003,0.18500000000000003,760.0,-10.0,-0.1,0.24000000000000002,0.14
13.988003697,1.0,0.0,750.0,0.0,760.0,-10.0,-0.1,0.28500000000000003,0.18500000000000003,740.0,10.0,0.09130192720000083,0.24000000000000002,0.33130192720000085
14.007052449,1.0,0.0,750.0,0.0,760.0,-10.0,-0.1,0.28500000000000003,0.18500000000000003,760.0,-10.0,-0.09990851874999862,0.24000000000000002,0.1400914812500014
14.020644117,1.0,0.0,750.0,0.0,740.0,10.0,0.09062195010000039,0.28500000000000003,0.37562195010000043,760.0,-10.0,-0.1,0.24000000000000002,0.14
14.033599952,1.0,0.0,750.0,0.0,740.0,10.0,0.09135947305000172,0.28500000000000003,0.3763594730500017,760.0,-10.0,-0.1,0.24000000000000002,0.14
14.045849661,1.0,0.0,750.0,0.0,760.0,-10.0,-0.09927789159999634,0.28500000000000003,0.1857221084000037,760.0,-10.0,-0.1,0.24000000000000002,0.14
14.059799788,1.0,0.0,750.0,0.0,740.0,10.0,0.09135046055000316,0.28500000000000003,0.3763504605500032,760.0,-10.0,-0.1,0.24000000000000002,0.14
14.073218206,1.0,0.0,750.0,0.0,760.0,-10.0,-0.09927493119999724,0.28500000000000003,0.18572506880000278,740.0,10.0,0.09062539174999756,0.24000000000000002,0.3306253917499976
14.089918457,1.0,0.0,750.0,0.0,760.0,-10.0,-0.1,0.28500000000000003,0.18500000000000003,740.0,10.0,0.09144566054999871,0.24000000000000002,0.33144566054999874
14.102948375,1.0,0.0,750.0,0.0,760.0,-10.0,-0.1,0.28500000000000003,0.18500000000000003,760.0,-10.0,-0.09927396870000109,0.24000000000000002,0.14072603129999894
14.116485502,1.0,0.0,750.0,0.0,760.0,-10.0,-0.1,0.28500000000000003,0.18500000000000003,760.0,-10.0,-0.0999703083500009,0.24000000000000002,0.14002969164999912
14.130661086,1.0,0.0,750.0,0.0,760.0,-10.0,-0.1,0.28500000000000003,0.18500000000000003,740.0,10.0,0.09072906464999961,0.24000000000000002,0.3307290646499996
14.143987629,1.0,0.0,750.0,0.0,760.0,-10.0,-0.1,0.28500000000000003,0.18500000000000003,760.0,-10.0,-0.09994287705000034,0.24000000000000002,0.14005712294999967
14.156662297,1.0,0.0,750.0,0.0,760.0,-10.0,-0.1,0.28500000000000003,0.18500000000000003,760.0,-10.0,-0.1,0.24000000000000002,0.14
14.170638674,1.0,0.0,750.0,0.0,740.0,10.0,0.09070936259999997,0.28500000000000003,0.3757093626,760.0,-10.0,-0.1,0.24000000000000002,0.14
14.182852217,1.0,0.0,750.0,0.0,760.0,-10.0,-0.09994187080000075,0.28500000000000003,0.18505812919999928,760.0,-10.0,-0.1,0.24000000000000002,0.14
14.195276343,1.0,0.0,750.0,0.0,760.0,-10.0,-0.1,0.28500000000000003,0.18500000000000003,760.0,-10.0,-0.1,0.24000000000000002,0.14
14.210014261,1.0,0.0,750.0,0.0,740.0,10.0,0.090594300100002,0.28500000000000003,0.37559430010000205,740.0,10.0,0.09059430004999967,0.24000000000000002,0.3305943000499997
14.228157679,1.0,0.0,750.0,0.0,760.0,-10.0,-0.1,0.28500000000000003,0.18500000000000003,780.0,-30.0,-0.29,0.24000000000000002,-0.04999999999999996
14.240516764,1.0,0.0,750.0,0.0,760.0,-10.0,-0.1,0.28500000000000003,0.18500000000000003,760.0,-10.0,-0.1,0.24000000000000002,0.14
14.253248015,1.0,0.0,750.0,0.0,760.0,-10.0,-0.1,0.28500000000000003,0.18500000000000003,740.0,10.0,0.09064397090000056,0.24000000000000002,0.3306439709000006
14.269376892,1.0,0.0,750.0,0.0,760.0,-10.0,-0.1,0.28500000000000003,0.18500000000000003,760.0,-10.0,-0.1,0.24000000000000002,0.14
14.283880893,1.0,0.0,750.0,0.0,740.0,10.0,0.09063735004999898,0.28500000000000003,0.375637350049999,740.0,10.0,0.09063797714999794,0.24000000000000002,0.330637977149998
14.29738477,1.0,0.0,750.0,0.0,740.0,10.0,0.09134032514999944,0.28500000000000003,0.3763403251499995,760.0,-10.0,-0.1,0.24000000000000002,0.14
14.313019271,1.0,0.0,750.0,0.0,760.0,-10.0,-0.09945340200000033,0.28500000000000003,0.1855465979999997,740.0,10.0,0.09079372714999977,0.24000000000000002,0.33079372714999977
14.327449773,1.0,0.0,750.0,0.0,760.0,-10.0,-0.1,0.28500000000000003,0.18500000000000003,740.0,10.0,0.09143415430000004,0.24000000000000002,0.33143415430000006
14.341338941,1.0,0.0,750.0,0.0,740.0,10.0,0.09077245009999843,0.28500000000000003,0.3757724500999985,760.0,-10.0,-0.0993382957499989,0.24000000000000002,0.14066170425000113
14.356120026,1.0,0.0,750.0,0.0,760.0,-10.0,-0.09996526245000155,0.28500000000000003,0.1850347375499985,760.0,-10.0,-0.1,0.24000000000000002,0.14
14.369503152,1.0,0.0,750.0,0.0,760.0,-10.0,-0.1,0.28500000000000003,0.18500000000000003,740.0,10.0,0.09067520839999986,0.24000000000000002,0.33067520839999986
14.384233487,1.0,0.0,750.0,0.0,760.0,-10.0,-0.1,0.28500000000000003,0.18500000000000003,740.0,10.0,0.09134760220000203,0.24000000000000002,0.33134760220000203
14.402006489,1.0,0.0,750.0,0.0,760.0,-10.0,-0.1,0.28500000000000003,0.18500000000000003,760.0,-10.0,-0.09966112709999778,0.24000000000000002,0.14033887290000224
14.414448698,1.0,0.0,750.0,0.0,760.0,-10.0,-0.1,0.28500000000000003,0.18500000000000003,760.0,-10.0,-0.1,0.24000000000000002,0.14
14.435142742,1.0,0.0,750.0,0.0,760.0,-10.0,-0.1,0.28500000000000003,0.18500000000000003,760.0,-10.0,-0.1,0.24000000000000002,0.14
14.448408618,1.0,0.0,750.0,0.0,740.0,10.0,0.09049965424999812,0.28500000000000003,0.37549965424999815,740.0,10.0,0.09049965425000096,0.24000000000000002,0.330499654250001
14.462455578,1.0,0.0,750.0,0.0,760.0,-10.0,-0.1,0.28500000000000003,0.18500000000000003,740.0,10.0,0.09119783140000039,0.24000000000000002,0.3311978314000004
14.494267081,1.0,0.0,750.0,0.0,760.0,-10.0,-0.1,0.28500000000000003,0.18500000000000003,760.0,-10.0,-0.1,0.24000000000000002,0.14
14.507990583,1.0,0.0,750.0,0.0,760.0,-10.0,-0.1,0.28500000000000003,0.18500000000000003,780.0,-30.0,-0.29,0.24000000000000002,-0.04999999999999996
14.522564001,1.0,0.0,750.0,0.0,740.0,10.0,0.0906422501000003,0.28500000000000003,0.3756422501000003,760.0,-10.0,-0.1,0.24000000000000002,0.14
14.537397877,1.0,0.0,750.0,0.0,740.0,10.0,0.09139994185000205,0.28500000000000003,0.3763999418500021,740.0,10.0,0.090757706349998,0.24000000000000002,0.330757706349998
14.552043045,1.0,0.0,750.0,0.0,760.0,-10.0,-0.09934057069999654,0.28500000000000003,0.1856594293000035,760.0,-10.0,-0.09998282080000251,0.24000000000000002,0.1400171791999975
14.571098506,1.0,0.0,750.0,0.0,760.0,-10.0,-0.1,0.28500000000000003,0.18500000000000003,740.0,10.0,0.09088695844999904,0.24000000000000002,0.33088695844999905
14.58587784,1.0,0.0,750.0,0.0,760.0,-10.0,-0.1,0.28500000000000003,0.18500000000000003,740.0,10.0,0.09176601269999708,0.24000000000000002,0.3317660126999971
14.600046133,1.0,0.0,750.0,0.0,740.0,10.0,0.09061604379999949,0.28500000000000003,0.3756160437999995,740.0,10.0,0.09238205649999656,0.24000000000000002,0.3323820564999966
14.615201427,1.0,0.0,750.0,0.0,760.0,-10.0,-0.1,0.28500000000000003,0.18500000000000003,740.0,10.0,0.09316257114999701,0.24000000000000002,0.33316257114999703
14.62861722,1.0,0.0,750.0,0.0,760.0,-10.0,-0.1,0.28500000000000003,0.18500000000000003,760.0,-10.0,-0.09757878725000353,0.24000000000000002,0.14242121274999647
14.644770888,1.0,0.0,750.0,0.0,760.0,-10.0,-0.1,0.28500000000000003,0.18500000000000003,740.0,10.0,0.09324013994999746,0.24000000000000002,0.33324013994999746
14.656409556,1.0,0.0,750.0,0.0,760.0,-10.0,-0.1,0.28500000000000003,0.18500000000000003,760.0,-10.0,-0.0973297913500005,0.24000000000000002,0.14267020864999952
14.671561641,1.0,0.0,750.0,0.0,740.0,10.0,0.09071079174999795,0.28500000000000003,0.375710791749998,740.0,10.0,0.09338100040000029,0.24000000000000002,0.3333810004000003
14.684772975,1.0,0.0,750.0,0.0,760.0,-10.0,-0.09992517290000365,0.28500000000000003,0.1850748270999964,760.0,-10.0,-0.09725493505000031,0.24000000000000002,0.14274506494999972
14.69842531,1.0,0.0,750.0,0.0,760.0,-10.0,-0.1,0.28500000000000003,0.18500000000000003,760.0,-10.0,-0.09796381639999936,0.24000000000000002,0.14203618360000064
14.71171627,1.0,0.0,750.0,0.0,740.0,10.0,0.0906373501000013,0.28500000000000003,0.3756373501000013,740.0,10.0,0.09267350450000095,0.24000000000000002,0.332673504500001
14.725858021,1.0,0.0,750.0,0.0,740.0,10.0,0.09132736054999896,0.28500000000000003,0.376327360549999,760.0,-10.0,-0.09801652054999863,0.24000000000000002,0.1419834794500014
14.738335231,1.0,0.0,750.0,0.0,760.0,-10.0,-0.099336414550001,0.28500000000000003,0.18566358544999903,740.0,10.0,0.09264725450000186,0.24000000000000002,0.3326472545000019
14.752011482,1.0,0.0,750.0,0.0,740.0,10.0,0.09133654800000045,0.28500000000000003,0.3763365480000005,740.0,10.0,0.09332018790000177,0.24000000000000002,0.3333201879000018
14.7673409,1.0,0.0,750.0,0.0,760.0,-10.0,-0.09937454999999887,0.28500000000000003,0.18562545000000116,760.0,-10.0,-0.09739091009999754,0.24000000000000002,0.14260908990000248
14.780808902,1.0,0.0,750.0,0.0,760.0,-10.0,-0.1,0.28500000000000003,0.18500000000000003,740.0,10.0,0.09334045875000299,0.24000000000000002,0.333340458750003
14.792479069,1.0,0.0,750.0,0.0,760.0,-10.0,-0.1,0.28500000000000003,0.18500000000000003,760.0,-10.0,-0.0973104829499988,0.24000000000000002,0.1426895170500012
14.807311196,1.0,0.0,750.0,0.0,760.0,-10.0,-0.1,0.28500000000000003,0.18500000000000003,760.0,-10.0,-0.09804548304999798,0.24000000000000002,0.14195451695000205
14.820889739,1.0,0.0,750.0,0.0,740.0,10.0,0.09058381464999968,0.28500000000000003,0.3755838146499997,740.0,10.0,0.09253831700000262,0.24000000000000002,0.33253831700000264
14.834480824,1.0,0.0,750.0,0.0,760.0,-10.0,-0.1,0.28500000000000003,0.18500000000000003,760.0,-10.0,-0.09818150179999634,0.24000000000000002,0.1418184982000037
14.846075742,1.0,0.0,750.0,0.0,760.0,-10.0,-0.1,0.28500000000000003,0.18500000000000003,760.0,-10.0,-0.09881685394999522,0.24000000000000002,0.14118314605000482
14.863003202,1.0,0.0,750.0,0.0,760.0,-10.0,-0.1,0.28500000000000003,0.18500000000000003,760.0,-10.0,-0.0996606748999966,0.24000000000000002,0.1403393251000034
14.874516453,1.0,0.0,750.0,0.0,760.0,-10.0,-0.1,0.28500000000000003,0.18500000000000003,760.0,-10.0,-0.1,0.24000000000000002,0.14
14.888906996,1.0,0.0,750.0,0.0,740.0,10.0,0.09063764169999843,0.28500000000000003,0.37563764169999847,740.0,10.0,0.09063764170000127,0.24000000000000002,0.3306376417000013
14.905380039,1.0,0.0,750.0,0.0,760.0,-10.0,-0.1,0.28500000000000003,0.18500000000000003,760.0,-10.0,-0.1,0.24000000000000002,0.14
14.915651957,1.0,0.0,750.0,0.0,760.0,-10.0,-0.1,0.28500000000000003,0.18500000000000003,760.0,-10.0,-0.1,0.24000000000000002,0.14
14.925225041,1.0,0.0,750.0,0.0,760.0,-10.0,-0.1,0.28500000000000003,0.18500000000000003,760.0,-10.0,-0.1,0.24000000000000002,0.14
14.94566621,1.0,0.0,750.0,0.0,760.0,-10.0,-0.1,0.28500000000000003,0.18500000000000003,760.0,-10.0,-0.1,0.24000000000000002,0.14
14.958691461,1.0,0.0,750.0,0.0,740.0,10.0,0.09048857084999838,0.28500000000000003,0.3754885708499984,740.0,10.0,0.09048860004999938,0.24000000000000002,0.3304886000499994
14.971808587,1.0,0.0,750.0,0.0,760.0,-10.0,-0.1,0.28500000000000003,0.18500000000000003,760.0,-10.0,-0.1,0.24000000000000002,0.14
15.003590049,1.0,0.0,750.0,0.0,760.0,-10.0,-0.1,0.28500000000000003,0.18500000000000003,740.0,10.0,0.09134003345000054,0.24000000000000002,0.33134003345000057
15.020142134,1.0,0.0,750.0,0.0,760.0,-10.0,-0.1,0.28500000000000003,0.18500000000000003,760.0,-10.0,-0.09977162499999963,0.24000000000000002,0.1402283750000004
15.033227177,1.0,0.0,750.0,0.0,740.0,10.0,0.09061767714999804,0.28500000000000003,0.37561767714999805,740.0,10.0,0.09084608129999992,0.24000000000000002,0.33084608129999993
15.051230596,0.0,0.0,750.0,0.0,740.0,10.0,0.09150696890000007,0.28500000000000003,0.3765069689000001,780.0,-30.0,-0.29,0.24000000000000002,-0.04999999999999996
15.066863347,1.0,0.0,750.0,0.0,760.0,-10.0,-0.09928130409999766,0.28500000000000003,0.18571869590000237,760.0,-10.0,-0.1,0.24000000000000002,0.14
15.07822814,1.0,0.0,750.0,0.0,760.0,-10.0,-0.0998952624999987,0.28500000000000003,0.18510473750000134,760.0,-10.0,-0.1,0.24000000000000002,0.14
15.089003474,1.0,0.0,750.0,0.0,760.0,-10.0,-0.1,0.28500000000000003,0.18500000000000003,760.0,-10.0,-0.1,0.24000000000000002,0.14
15.101742309,1.0,0.0,750.0,0.0,760.0,-10.0,-0.1,0.28500000000000003,0.18500000000000003,740.0,10.0,0.09059852920000197,0.24000000000000002,0.330598529200002
15.113368435,1.0,0.0,750.0,0.0,760.0,-10.0,-0.1,0.28500000000000003,0.18500000000000003,740.0,10.0,0.09116935010000247,0.24000000000000002,0.3311693501000025
15.128376145,1.0,0.0,750.0,0.0,760.0,-10.0,-0.1,0.28500000000000003,0.18500000000000003,740.0,10.0,0.09192847100000222,0.24000000000000002,0.3319284710000022
15.141440771,1.0,0.0,750.0,0.0,760.0,-10.0,-0.1,0.28500000000000003,0.18500000000000003,740.0,10.0,0.09256649190000076,0.24000000000000002,0.33256649190000076
15.154314939,1.0,0.0,750.0,0.0,760.0,-10.0,-0.1,0.28500000000000003,0.18500000000000003,760.0,-10.0,-0.09808640400000002,0.24000000000000002,0.141913596
15.167175982,1.0,0.0,750.0,0.0,760.0,-10.0,-0.1,0.28500000000000003,0.18500000000000003,740.0,10.0,0.09256688565000047,0.24000000000000002,0.3325668856500005
15.179227358,1.0,0.0,750.0,0.0,760.0,-10.0,-0.1,0.28500000000000003,0.18500000000000003,760.0,-10.0,-0.09802907689999926,0.24000000000000002,0.14197092310000076
15.192490026,1.0,0.0,750.0,0.0,740.0,10.0,0.0905827791999991,0.28500000000000003,0.37558277919999916,740.0,10.0,0.09255362945000002,0.24000000000000002,0.33255362945000005
15.206402819,1.0,0.0,750.0,0.0,740.0,10.0,0.09127092305000076,0.28500000000000003,0.37627092305000076,760.0,-10.0,-0.09813455809999994,0.24000000000000002,0.14186544190000008
15.220449779,1.0,0.0,750.0,0.0,760.0,-10.0,-0.09945111239999846,0.28500000000000003,0.18554888760000157,760.0,-10.0,-0.09885659359999863,0.24000000000000002,0.1411434064000014
15.234388822,1.0,0.0,750.0,0.0,740.0,10.0,0.09125629605000199,0.28500000000000003,0.376256296050002,740.0,10.0,0.09185080020000327,0.24000000000000002,0.3318508002000033
15.248414782,1.0,0.0,750.0,0.0,760.0,-10.0,-0.09942168314999833,0.28500000000000003,0.1855783168500017,760.0,-10.0,-0.09882719364999559,0.24000000000000002,0.14117280635000443
15.263047117,1.0,0.0,750.0,0.0,760.0,-10.0,-0.1,0.28500000000000003,0.18500000000000003,740.0,10.0,0.09191328975000432,0.24000000000000002,0.33191328975000434
15.280527285,1.0,0.0,750.0,0.0,760.0,-10.0,-0.1,0.28500000000000003,0.18500000000000003,760.0,-10.0,-0.09901508534999551,0.24000000000000002,0.1409849146500045
15.29843912,1.0,0.0,750.0,0.0,740.0,10.0,0.09081892715000152,0.28500000000000003,0.37581892715000154,740.0,10.0,0.0918038272000041,0.24000000000000002,0.3318038272000041
15.312105163,1.0,0.0,750.0,0.0,760.0,-10.0,-0.09988811664999844,0.28500000000000003,0.1851118833500016,760.0,-10.0,-0.09890320204999625,0.24000000000000002,0.14109679795000377
15.32755504,1.0,0.0,750.0,0.0,760.0,-10.0,-0.1,0.28500000000000003,0.18500000000000003,760.0,-10.0,-0.09967611879999652,0.24000000000000002,0.1403238812000035
15.3399535,1.0,0.0,750.0,0.0,760.0,-10.0,-0.1,0.28500000000000003,0.18500000000000003,740.0,10.0,0.09101447500000517,0.24000000000000002,0.3310144750000052
15.354573001,1.0,0.0,750.0,0.0,760.0,-10.0,-0.1,0.28500000000000003,0.18500000000000003,740.0,10.0,0.09174335010000277,0.24000000000000002,0.3317433501000028
15.373689128,1.0,0.0,750.0,0.0,740.0,10.0,0.0908832834499998,0.28500000000000003,0.3758832834499998,760.0,-10.0,-0.09913987499999735,0.24000000000000002,0.14086012500000267
15.392141421,0.0,0.0,750.0,0.0,740.0,10.0,0.09182150230000105,0.28500000000000003,0.3768215023000011,780.0,-30.0,-0.29,0.24000000000000002,-0.04999999999999996
15.412089673,1.0,0.0,750.0,0.0,760.0,-10.0,-0.09915228529999923,0.28500000000000003,0.1858477147000008,760.0,-10.0,-0.1,0.24000000000000002,0.14
15.425879675,1.0,0.0,750.0,0.0,760.0,-10.0,-0.09986106449999851,0.28500000000000003,0.18513893550000152,740.0,10.0,0.09070875005000062,0.24000000000000002,0.33070875005000067
15.441510968,1.0,0.0,750.0,0.0,760.0,-10.0,-0.1,0.28500000000000003,0.18500000000000003,740.0,10.0,0.09148309599999835,0.24000000000000002,0.33148309599999837
15.466629012,1.0,0.0,750.0,0.0,760.0,-10.0,-0.1,0.28500000000000003,0.18500000000000003,740.0,10.0,0.09281341694999924,0.24000000000000002,0.3328134169499993
15.478626722,1.0,0.0,750.0,0.0,760.0,-10.0,-0.1,0.28500000000000003,0.18500000000000003,760.0,-10.0,-0.09778509770000028,0.24000000000000002,0.14221490229999972
15.512959684,1.0,0.0,750.0,0.0,760.0,-10.0,-0.1,0.28500000000000003,0.18500000000000003,740.0,10.0,0.09360220034999941,0.24000000000000002,0.33360220034999943
15.532240019,1.0,0.0,750.0,0.0,740.0,10.0,0.09123745424999982,0.28500000000000003,0.3762374542499999,740.0,10.0,0.09483965465000153,0.24000000000000002,0.33483965465000154
15.546093604,1.0,0.0,750.0,0.0,760.0,-10.0,-0.09944134165000093,0.28500000000000003,0.1855586583499991,740.0,10.0,0.09551845054999944,0.24000000000000002,0.33551845054999946
15.56058273,1.0,0.0,750.0,0.0,760.0,-10.0,-0.1,0.28500000000000003,0.18500000000000003,760.0,-10.0,-0.09519710995000139,0.24000000000000002,0.14480289004999863
15.572966898,1.0,0.0,750.0,0.0,760.0,-10.0,-0.1,0.28500000000000003,0.18500000000000003,740.0,10.0,0.09549379009999882,0.24000000000000002,0.33549379009999886
15.585974066,1.0,0.0,750.0,0.0,760.0,-10.0,-0.1,0.28500000000000003,0.18500000000000003,740.0,10.0,0.09615059434999808,0.24000000000000002,0.3361505943499981
15.600270109,1.0,0.0,750.0,0.0,740.0,10.0,0.09057324174999849,0.28500000000000003,0.3755732417499985,760.0,-10.0,-0.09442264735000379,0.24000000000000002,0.14557735264999622
15.616283194,1.0,0.0,750.0,0.0,740.0,10.0,0.0914417084999991,0.28500000000000003,0.37644170849999914,760.0,-10.0,-0.09529111410000154,0.24000000000000002,0.14470888589999847
15.630426695,1.0,0.0,750.0,0.0,760.0,-10.0,-0.09927164990000108,0.28500000000000003,0.18572835009999894,760.0,-10.0,-0.09600444335000305,0.24000000000000002,0.14399555664999697
15.644809363,1.0,0.0,750.0,0.0,740.0,10.0,0.091453171,0.28500000000000003,0.37645317100000003,760.0,-10.0,-0.09672930800000187,0.24000000000000002,0.14327069199999815
15.658372448,1.0,0.0,750.0,0.0,760.0,-10.0,-0.0992247352999982,0.28500000000000003,0.18577526470000183,740.0,10.0,0.09394853999999896,0.24000000000000002,0.33394853999999896
15.673532408,1.0,0.0,750.0,0.0,760.0,-10.0,-0.09996693954999784,0.28500000000000003,0.18503306045000217,760.0,-10.0,-0.0967936788000003,0.24000000000000002,0.1432063211999997
15.68862441,1.0,0.0,750.0,0.0,760.0,-10.0,-0.1,0.28500000000000003,0.18500000000000003,760.0,-10.0,-0.09754299970000205,0.24000000000000002,0.14245700029999797
15.705668536,1.0,0.0,750.0,0.0,740.0,10.0,0.09086447090000092,0.28500000000000003,0.37586447090000097,760.0,-10.0,-0.09840749980000112,0.24000000000000002,0.14159250019999892
15.721130663,1.0,0.0,750.0,0.0,760.0,-10.0,-0.0998961520999984,0.28500000000000003,0.18510384790000162,760.0,-10.0,-0.09916809365000176,0.24000000000000002,0.14083190634999826
15.73845129,1.0,0.0,750.0,0.0,760.0,-10.0,-0.1,0.28500000000000003,0.18500000000000003,740.0,10.0,0.09169271684999615,0.24000000000000002,0.3316927168499962
15.7612885,1.0,0.0,750.0,0.0,760.0,-10.0,-0.1,0.28500000000000003,0.18500000000000003,760.0,-10.0,-0.0995223082500047,0.24000000000000002,0.1404776917499953
15.779259544,1.0,0.0,750.0,0.0,740.0,10.0,0.09075261675000036,0.28500000000000003,0.3757526167500004,760.0,-10.0,-0.1,0.24000000000000002,0.14
15.800069379,1.0,0.0,750.0,0.0,760.0,-10.0,-0.1,0.28500000000000003,0.18500000000000003,760.0,-10.0,-0.1,0.24000000000000002,0.14
15.810846463,1.0,0.0,750.0,0.0,760.0,-10.0,-0.1,0.28500000000000003,0.18500000000000003,760.0,-10.0,-0.1,0.24000000000000002,0.14
15.829564174,1.0,0.0,750.0,0.0,760.0,-10.0,-0.1,0.28500000000000003,0.18500000000000003,760.0,-10.0,-0.1,0.24000000000000002,0.14
15.842064133,1.0,0.0,750.0,0.0,760.0,-10.0,-0.1,0.28500000000000003,0.18500000000000003,740.0,10.0,0.0905202021499997,0.24000000000000002,0.3305202021499997
15.856891885,1.0,0.0,750.0,0.0,760.0,-10.0,-0.1,0.28500000000000003,0.18500000000000003,740.0,10.0,0.09125232929999869,0.24000000000000002,0.3312523292999987
15.88106347,1.0,0.0,750.0,0.0,760.0,-10.0,-0.1,0.28500000000000003,0.18500000000000003,760.0,-10.0,-0.09995870000000195,0.24000000000000002,0.14004129999999806
15.894979764,1.0,0.0,750.0,0.0,760.0,-10.0,-0.1,0.28500000000000003,0.18500000000000003,760.0,-10.0,-0.1,0.24000000000000002,0.14
15.919301266,1.0,0.0,750.0,0.0,740.0,10.0,0.09126277100000038,0.28500000000000003,0.3762627710000004,760.0,-10.0,-0.1,0.24000000000000002,0.14
15.931131267,1.0,0.0,750.0,0.0,740.0,10.0,0.09185890854999969,0.28500000000000003,0.3768589085499997,760.0,-10.0,-0.1,0.24000000000000002,0.14
15.951221853,1.0,0.0,750.0,0.0,740.0,10.0,0.09286371489999909,0.28500000000000003,0.37786371489999915,760.0,-10.0,-0.1,0.24000000000000002,0.14
15.977402439,1.0,0.0,750.0,0.0,740.0,10.0,0.09406812334999813,0.28500000000000003,0.3790681233499982,740.0,10.0,0.09120443760000058,0.24000000000000002,0.3312044376000006
15.999886149,1.0,0.0,750.0,0.0,740.0,10.0,0.09517469219999783,0.28500000000000003,0.3801746921999979,760.0,-10.0,-0.09990211669999952,0.24000000000000002,0.1400978833000005
16.019536609,1.0,0.0,750.0,0.0,760.0,-10.0,-0.09551775370000257,0.28500000000000003,0.18948224629999746,780.0,-30.0,-0.29,0.24000000000000002,-0.04999999999999996
16.052215238,1.0,0.0,750.0,0.0,760.0,-10.0,-0.09746527055000342,0.28500000000000003,0.1875347294499966,740.0,10.0,0.09194754605000185,0.24000000000000002,0.3319475460500019
16.073985532,1.0,0.0,750.0,0.0,760.0,-10.0,-0.09853787485000395,0.28500000000000003,0.18646212514999608,760.0,-10.0,-0.09912504364999677,0.24000000000000002,0.14087495635000324
16.091871408,0.0,0.0,750.0,0.0,760.0,-10.0,-0.09942846450000217,0.28500000000000003,0.18557153549999786,720.0,30.0,0.28354685654999967,0.24000000000000002,0.5235468565499997
16.110946994,1.0,0.0,750.0,0.0,760.0,-10.0,-0.1,0.28500000000000003,0.18500000000000003,740.0,10.0,0.0944480483000001,0.24000000000000002,0.33444804830000013
16.125001828,0.0,0.0,750.0,0.0,760.0,-10.0,-0.1,0.28500000000000003,0.18500000000000003,720.0,30.0,0.28686396735000014,0.24000000000000002,0.5268639673500002
16.136602871,0.0,0.0,750.0,0.0,760.0,-10.0,-0.1,0.28500000000000003,0.18500000000000003,720.0,30.0,0.28868650500000564,0.24000000000000002,0.5286865050000057
16.152329248,0.0,0.0,750.0,0.0,760.0,-10.0,-0.1,0.28500000000000003,0.18500000000000003,720.0,30.0,0.29,0.24000000000000002,0.53
16.165391249,1.0,0.0,750.0,0.0,760.0,-10.0,-0.1,0.28500000000000003,0.18500000000000003,740.0,10.0,0.1,0.24000000000000002,0.34
16.176877667,1.0,0.0,750.0,0.0,740.0,10.0,0.09063158965000127,0.28500000000000003,0.3756315896500013,740.0,10.0,0.1,0.24000000000000002,0.34
16.187425793,1.0,0.0,750.0,0.0,760.0,-10.0,-0.0998921270999972,0.28500000000000003,0.18510787290000283,740.0,10.0,0.1,0.24000000000000002,0.34
16.198587294,1.0,0.0,750.0,0.0,740.0,10.0,0.09067054170000347,0.28500000000000003,0.37567054170000347,740.0,10.0,0.1,0.24000000000000002,0.34
16.209018462,1.0,0.0,750.0,0.0,760.0,-10.0,-0.09985199374999638,0.28500000000000003,0.18514800625000366,740.0,10.0,0.1,0.24000000000000002,0.34
16.223392088,1.0,0.0,750.0,0.0,760.0,-10.0,-0.1,0.28500000000000003,0.18500000000000003,740.0,10.0,0.1,0.24000000000000002,0.34
16.234052506,1.0,0.0,750.0,0.0,740.0,10.0,0.09053175215000181,0.28500000000000003,0.37553175215000184,740.0,10.0,0.1,0.24000000000000002,0.34
16.246564716,1.0,0.0,750.0,0.0,760.0,-10.0,-0.1,0.28500000000000003,0.18500000000000003,740.0,10.0,0.1,0.24000000000000002,0.34
16.262944717,1.0,0.0,750.0,0.0,760.0,-10.0,-0.1,0.28500000000000003,0.18500000000000003,740.0,10.0,0.1,0.24000000000000002,0.34
16.274485968,1.0,0.0,750.0,0.0,740.0,10.0,0.09050452505000181,0.28500000000000003,0.37550452505000187,740.0,10.0,0.1,0.24000000000000002,0.34
16.286471428,1.0,0.0,750.0,0.0,760.0,-10.0,-0.1,0.28500000000000003,0.18500000000000003,740.0,10.0,0.1,0.24000000000000002,0.34
16.299816929,1.0,0.0,750.0,0.0,740.0,10.0,0.09054725425000015,0.28500000000000003,0.3755472542500002,720.0,30.0,0.29,0.24000000000000002,0.53
16.315576264,1.0,0.0,750.0,0.0,740.0,10.0,0.09135223974999974,0.28500000000000003,0.37635223974999976,740.0,10.0,0.1,0.24000000000000002,0.34
16.329161516,1.0,0.0,750.0,0.0,740.0,10.0,0.09202530439999862,0.28500000000000003,0.37702530439999865,720.0,30.0,0.29,0.24000000000000002,0.53
16.345313142,1.0,0.0,750.0,0.0,740.0,10.0,0.09284077530000104,0.28500000000000003,0.37784077530000104,740.0,10.0,0.1,0.24000000000000002,0.34
16.356679977,1.0,0.0,750.0,0.0,760.0,-10.0,-0.09782798724999679,0.28500000000000003,0.18717201275000322,740.0,10.0,0.1,0.24000000000000002,0.34
16.366909894,1.0,0.0,750.0,0.0,740.0,10.0,0.09268126280000445,0.28500000000000003,0.37768126280000447,740.0,10.0,0.1,0.24000000000000002,0.34
16.389967897,1.0,0.0,750.0,0.0,740.0,10.0,0.0937170150000037,0.28500000000000003,0.37871701500000376,760.0,-10.0,-0.0910357667500017,0.24000000000000002,0.1489642332499983
16.403909565,1.0,0.0,750.0,0.0,760.0,-10.0,-0.09695020174999627,0.28500000000000003,0.18804979825000376,760.0,-10.0,-0.09170293975000107,0.24000000000000002,0.14829706024999895
16.422207567,1.0,0.0,750.0,0.0,760.0,-10.0,-0.09789526014999694,0.28500000000000003,0.1871047398500031,760.0,-10.0,-0.09264801275000081,0.24000000000000002,0.1473519872499992
16.444323777,0.0,0.0,750.0,0.0,760.0,-10.0,-0.09899024984999585,0.28500000000000003,0.18600975015000418,720.0,30.0,0.29,0.24000000000000002,0.53
16.458245612,1.0,0.0,750.0,0.0,760.0,-10.0,-0.0997126790999971,0.28500000000000003,0.18528732090000294,760.0,-10.0,-0.09072241465000218,0.24000000000000002,0.14927758534999785
16.490286657,1.0,0.0,750.0,0.0,760.0,-10.0,-0.1,0.28500000000000003,0.18500000000000003,760.0,-10.0,-0.09226692104999984,0.24000000000000002,0.14773307895000018
16.522682077,1.0,0.0,750.0,0.0,740.0,10.0,0.0913247647500009,0.28500000000000003,0.37632476475000093,740.0,10.0,0.09905782910000198,0.24000000000000002,0.339057829100002
16.543599245,1.0,0.0,750.0,0.0,740.0,10.0,0.09266468154999871,0.28500000000000003,0.37766468154999877,760.0,-10.0,-0.09228208769999867,0.24000000000000002,0.14771791230000136
16.571595748,1.0,0.0,750.0,0.0,760.0,-10.0,-0.09878112485000372,0.28500000000000003,0.1862188751499963,760.0,-10.0,-0.09372790864999786,0.24000000000000002,0.14627209135000216
16.597147501,0.0,0.0,750.0,0.0,760.0,-10.0,-0.1,0.28500000000000003,0.18500000000000003,720.0,30.0,0.29,0.24000000000000002,0.53
16.614622128,1.0,0.0,750.0,0.0,760.0,-10.0,-0.1,0.28500000000000003,0.18500000000000003,740.0,10.0,0.1,0.24000000000000002,0.34
16.634524588,1.0,0.0,750.0,0.0,760.0,-10.0,-0.1,0.28500000000000003,0.18500000000000003,760.0,-10.0,-0.09098612509999895,0.24000000000000002,0.14901387490000106
16.653576256,1.0,0.0,750.0,0.0,740.0,10.0,0.09080266674999905,0.28500000000000003,0.37580266674999907,760.0,-10.0,-0.09178882099999953,0.24000000000000002,0.14821117900000047
16.675353259,1.0,0.0,750.0,0.0,740.0,10.0,0.09197537104999981,0.28500000000000003,0.37697537104999984,760.0,-10.0,-0.09296152529999745,0.24000000000000002,0.14703847470000259
16.689931343,1.0,0.0,750.0,0.0,740.0,10.0,0.09272173154999962,0.28500000000000003,0.37772173154999966,740.0,10.0,0.09778489350000256,0.24000000000000002,0.33778489350000257
16.710043512,1.0,0.0,750.0,0.0,740.0,10.0,0.09369417745000078,0.28500000000000003,0.3786941774500008,740.0,10.0,0.0987573394500032,0.24000000000000002,0.3387573394500032
16.725220389,1.0,0.0,750.0,0.0,760.0,-10.0,-0.09703176639999925,0.28500000000000003,0.18796823360000078,760.0,-10.0,-0.09196860434999735,0.24000000000000002,0.14803139565000267
16.740428474,1.0,0.0,750.0,0.0,760.0,-10.0,-0.09785712479999802,0.28500000000000003,0.187142875200002,760.0,-10.0,-0.09279396279999844,0.24000000000000002,0.14720603720000158
16.757826975,1.0,0.0,750.0,0.0,760.0,-10.0,-0.09873219779999828,0.28500000000000003,0.18626780220000175,760.0,-10.0,-0.09366903579999872,0.24000000000000002,0.1463309642000013
16.782492936,0.0,0.0,750.0,0.0,760.0,-10.0,-0.0999408937499993,0.28500000000000003,0.18505910625000072,720.0,30.0,0.28995700824999854,0.24000000000000002,0.5299570082499986
16.802395396,1.0,0.0,750.0,0.0,740.0,10.0,0.09107412094999973,0.28500000000000003,0.37607412094999976,760.0,-10.0,-0.09105800645000045,0.24000000000000002,0.14894199354999957
16.815958189,1.0,0.0,750.0,0.0,740.0,10.0,0.0917432918499992,0.28500000000000003,0.3767432918499992,760.0,-10.0,-0.09172719190000236,0.24000000000000002,0.14827280809999765
16.833464025,1.0,0.0,750.0,0.0,740.0,10.0,0.09263566069999968,0.28500000000000003,0.3776356606999997,760.0,-10.0,-0.09261956075000001,0.24000000000000002,0.14738043925
16.851750943,1.0,0.0,750.0,0.0,760.0,-10.0,-0.09804880810000043,0.28500000000000003,0.1869511918999996,740.0,10.0,0.09806490810000242,0.24000000000000002,0.33806490810000245
16.870339737,1.0,0.0,750.0,0.0,760.0,-10.0,-0.09920751239999959,0.28500000000000003,0.18579248760000044,740.0,10.0,0.09922359780000249,0.24000000000000002,0.3392235978000025
16.889191322,1.0,0.0,750.0,0.0,740.0,10.0,0.09169210435000195,0.28500000000000003,0.376692104350002,740.0,10.0,0.1,0.24000000000000002,0.34
16.909592824,0.0,0.0,750.0,0.0,740.0,10.0,0.09275267740000231,0.28500000000000003,0.37775267740000235,780.0,-30.0,-0.2831816753500038,0.24000000000000002,-0.043181675350003806
16.928459867,1.0,0.0,750.0,0.0,740.0,10.0,0.0936747379000019,0.28500000000000003,0.37867473790000195,740.0,10.0,0.09774035599999706,0.24000000000000002,0.3377403559999971
16.942707786,1.0,0.0,750.0,0.0,760.0,-10.0,-0.09705464754999867,0.28500000000000003,0.18794535245000138,740.0,10.0,0.0984697560499967,0.24000000000000002,0.33846975604999674
16.965317204,0.0,0.0,750.0,0.0,760.0,-10.0,-0.0981049684999988,0.28500000000000003,0.18689503150000125,720.0,30.0,0.29,0.24000000000000002,0.53
16.992911791,1.0,0.0,750.0,0.0,740.0,10.0,0.09334932540000068,0.28500000000000003,0.3783493254000007,760.0,-10.0,-0.09145429389999947,0.24000000000000002,0.14854570610000056
17.013390001,1.0,0.0,750.0,0.0,740.0,10.0,0.09437568595000073,0.28500000000000003,0.37937568595000076,740.0,10.0,0.0995720666000011,0.24000000000000002,0.3395720666000011
17.036230712,1.0,0.0,750.0,0.0,760.0,-10.0,-0.09647022034999964,0.28500000000000003,0.1885297796500004,740.0,10.0,0.1,0.24000000000000002,0.34
17.05527538,1.0,0.0,750.0,0.0,740.0,10.0,0.0947797901999985,0.28500000000000003,0.3797797901999985,760.0,-10.0,-0.09125001055000098,0.24000000000000002,0.14874998944999904
17.077809549,1.0,0.0,750.0,0.0,740.0,10.0,0.09587251949999939,0.28500000000000003,0.38087251949999945,740.0,10.0,0.09984273329999951,0.24000000000000002,0.33984273329999953
17.092369551,1.0,0.0,750.0,0.0,760.0,-10.0,-0.09490147639999975,0.28500000000000003,0.1900985236000003,740.0,10.0,0.1,0.24000000000000002,0.34
17.108618594,1.0,0.0,750.0,0.0,760.0,-10.0,-0.09581582229999981,0.28500000000000003,0.18918417770000023,740.0,10.0,0.1,0.24000000000000002,0.34
17.121951262,1.0,0.0,750.0,0.0,740.0,10.0,0.09474728405000064,0.28500000000000003,0.3797472840500007,760.0,-10.0,-0.09056315004999874,0.24000000000000002,0.14943684995000128
17.134847013,1.0,0.0,750.0,0.0,760.0,-10.0,-0.09588198680000062,0.28500000000000003,0.1891180131999994,760.0,-10.0,-0.09119243549999909,0.24000000000000002,0.14880756450000093
17.15508139,1.0,0.0,750.0,0.0,760.0,-10.0,-0.09685239110000055,0.28500000000000003,0.18814760889999949,740.0,10.0,0.09977796880000085,0.24000000000000002,0.3397779688000009
17.167711141,1.0,0.0,750.0,0.0,760.0,-10.0,-0.09753894529999911,0.28500000000000003,0.1874610547000009,740.0,10.0,0.1,0.24000000000000002,0.34
17.184383685,1.0,0.0,750.0,0.0,740.0,10.0,0.09330309645,0.28500000000000003,0.37830309645000004,760.0,-10.0,-0.09084204174999912,0.24000000000000002,0.1491579582500009
17.197118436,1.0,0.0,750.0,0.0,740.0,10.0,0.09391884860000005,0.28500000000000003,0.3789188486000001,740.0,10.0,0.09977372500000001,0.24000000000000002,0.339773725
17.212434729,1.0,0.0,750.0,0.0,760.0,-10.0,-0.09685673690000271,0.28500000000000003,0.18814326309999732,760.0,-10.0,-0.09100178760000063,0.24000000000000002,0.14899821239999939
17.232230731,1.0,0.0,750.0,0.0,740.0,10.0,0.09413236319999727,0.28500000000000003,0.3791323631999973,740.0,10.0,0.09998732704999895,0.24000000000000002,0.33998732704999896
17.246262524,1.0,0.0,750.0,0.0,740.0,10.0,0.09479854454999612,0.28500000000000003,0.3797985445499962,740.0,10.0,0.1,0.24000000000000002,0.34
17.258468484,1.0,0.0,750.0,0.0,740.0,10.0,0.09554761749999671,0.28500000000000003,0.38054761749999677,740.0,10.0,0.1,0.24000000000000002,0.34
17.278464861,1.0,0.0,750.0,0.0,760.0,-10.0,-0.09544292635000318,0.28500000000000003,0.18955707364999685,740.0,10.0,0.1,0.24000000000000002,0.34
17.293266071,1.0,0.0,750.0,0.0,740.0,10.0,0.09519992164999508,0.28500000000000003,0.3801999216499951,760.0,-10.0,-0.09064286260000018,0.24000000000000002,0.14935713739999984
17.322843115,1.0,0.0,750.0,0.0,740.0,10.0,0.09655093634999559,0.28500000000000003,0.3815509363499956,740.0,10.0,0.1,0.24000000000000002,0.34
17.3335922,1.0,0.0,750.0,0.0,740.0,10.0,0.09733651144999499,0.28500000000000003,0.38233651144999503,740.0,10.0,0.1,0.24000000000000002,0.34
17.35129316,1.0,0.0,750.0,0.0,740.0,10.0,0.09822001359999546,0.28500000000000003,0.38322001359999547,740.0,10.0,0.1,0.24000000000000002,0.34
17.363662161,1.0,0.0,750.0,0.0,740.0,10.0,0.09871828239999672,0.28500000000000003,0.3837182823999967,760.0,-10.0,-0.09049825424999881,0.24000000000000002,0.1495017457500012
17.376661746,1.0,0.0,750.0,0.0,740.0,10.0,0.09938163454999596,0.28500000000000003,0.38438163454999597,760.0,-10.0,-0.0911616209500005,0.24000000000000002,0.14883837904999953
17.402023623,1.0,0.0,750.0,0.0,740.0,10.0,0.1,0.28500000000000003,0.385,740.0,10.0,0.1,0.24000000000000002,0.34
17.413619125,1.0,0.0,750.0,0.0,760.0,-10.0,-0.09069384589999971,0.28500000000000003,0.19430615410000032,740.0,10.0,0.1,0.24000000000000002,0.34
17.435997835,1.0,0.0,750.0,0.0,760.0,-10.0,-0.0917021522499988,0.28500000000000003,0.19329784775000125,760.0,-10.0,-0.09100832095000101,0.24000000000000002,0.148991679049999
17.449420628,1.0,0.0,750.0,0.0,760.0,-10.0,-0.09235656484999823,0.28500000000000003,0.19264343515000182,760.0,-10.0,-0.09166271895000136,0.24000000000000002,0.14833728104999866
17.465973005,1.0,0.0,750.0,0.0,740.0,10.0,0.09850612690000275,0.28500000000000003,0.3835061269000028,740.0,10.0,0.09919997279999962,0.24000000000000002,0.33919997279999964
17.478657298,1.0,0.0,750.0,0.0,760.0,-10.0,-0.09212181689999796,0.28500000000000003,0.19287818310000207,740.0,10.0,0.0998279311999994,0.24000000000000002,0.33982793119999943
17.503721384,1.0,0.0,750.0,0.0,760.0,-10.0,-0.09337945454999727,0.28500000000000003,0.19162054545000276,740.0,10.0,0.1,0.24000000000000002,0.34
17.52051351,1.0,0.0,750.0,0.0,760.0,-10.0,-0.09420844419999753,0.28500000000000003,0.1907915558000025,760.0,-10.0,-0.09082897509999782,0.24000000000000002,0.1491710249000022
17.541623471,1.0,0.0,750.0,0.0,740.0,10.0,0.09647407045000307,0.28500000000000003,0.3814740704500031,740.0,10.0,0.0998535249500037,0.24000000000000002,0.3398535249500037
17.560037556,1.0,0.0,750.0,0.0,760.0,-10.0,-0.09483182344999591,0.28500000000000003,0.19016817655000412,740.0,10.0,0.1,0.24000000000000002,0.34
17.571400599,1.0,0.0,750.0,0.0,740.0,10.0,0.0958387328500038,0.28500000000000003,0.3808387328500038,740.0,10.0,0.1,0.24000000000000002,0.34
17.592632184,1.0,0.0,750.0,0.0,740.0,10.0,0.09689654960000382,0.28500000000000003,0.38189654960000385,740.0,10.0,0.1,0.24000000000000002,0.34
17.606293269,1.0,0.0,750.0,0.0,740.0,10.0,0.09748075800000322,0.28500000000000003,0.38248075800000325,760.0,-10.0,-0.09058423755000092,0.24000000000000002,0.1494157624499991
17.621277937,1.0,0.0,750.0,0.0,760.0,-10.0,-0.09325610874999711,0.28500000000000003,0.1917438912500029,740.0,10.0,0.1,0.24000000000000002,0.34
17.636864897,1.0,0.0,750.0,0.0,760.0,-10.0,-0.09414491924999822,0.28500000000000003,0.1908550807500018,740.0,10.0,0.1,0.24000000000000002,0.34
17.647684273,1.0,0.0,750.0,0.0,740.0,10.0,0.09640089125000202,0.28500000000000003,0.38140089125000204,740.0,10.0,0.1,0.24000000000000002,0.34
17.658966233,1.0,0.0,750.0,0.0,760.0,-10.0,-0.09410894209999811,0.28500000000000003,0.19089105790000194,740.0,10.0,0.1,0.24000000000000002,0.34
17.678655484,1.0,0.0,750.0,0.0,760.0,-10.0,-0.0950362817999968,0.28500000000000003,0.18996371820000324,760.0,-10.0,-0.09092735425000115,0.24000000000000002,0.14907264574999887
17.693158028,1.0,0.0,750.0,0.0,740.0,10.0,0.09568444120000379,0.28500000000000003,0.38068444120000383,740.0,10.0,0.09979333959999792,0.24000000000000002,0.3397933395999979
17.711963238,1.0,0.0,750.0,0.0,740.0,10.0,0.09662999545000446,0.28500000000000003,0.3816299954500045,720.0,30.0,0.29,0.24000000000000002,0.53
17.724924322,1.0,0.0,750.0,0.0,760.0,-10.0,-0.09401040249999483,0.28500000000000003,0.19098959750000521,740.0,10.0,0.1,0.24000000000000002,0.34
17.741535907,1.0,0.0,750.0,0.0,760.0,-10.0,-0.09495532969999601,0.28500000000000003,0.19004467030000402,740.0,10.0,0.1,0.24000000000000002,0.34
17.753624617,1.0,0.0,750.0,0.0,760.0,-10.0,-0.09546035059999497,0.28500000000000003,0.18953964940000506,760.0,-10.0,-0.0905050646500024,0.24000000000000002,0.14949493534999764
17.767780368,1.0,0.0,750.0,0.0,760.0,-10.0,-0.09614785274999577,0.28500000000000003,0.18885214725000427,740.0,10.0,0.1,0.24000000000000002,0.34
17.779286328,1.0,0.0,750.0,0.0,740.0,10.0,0.0945400431500019,0.28500000000000003,0.37954004315000195,740.0,10.0,0.1,0.24000000000000002,0.34
17.798908205,1.0,0.0,750.0,0.0,740.0,10.0,0.09547756200000208,0.28500000000000003,0.3804775620000021,740.0,10.0,0.1,0.24000000000000002,0.34
17.811490998,1.0,0.0,750.0,0.0,760.0,-10.0,-0.0951956776499992,0.28500000000000003,0.18980432235000083,740.0,10.0,0.1,0.24000000000000002,0.34
17.830752958,1.0,0.0,750.0,0.0,760.0,-10.0,-0.09615604854999958,0.28500000000000003,0.18884395145000044,740.0,10.0,0.1,0.24000000000000002,0.34
17.844396251,1.0,0.0,750.0,0.0,740.0,10.0,0.09439852650000091,0.28500000000000003,0.37939852650000094,760.0,-10.0,-0.09055457504999766,0.24000000000000002,0.14944542495000235
17.859523544,1.0,0.0,750.0,0.0,740.0,10.0,0.09517279949999988,0.28500000000000003,0.38017279949999994,760.0,-10.0,-0.09132889180000006,0.24000000000000002,0.14867110819999996
17.878358213,1.0,0.0,750.0,0.0,760.0,-10.0,-0.0957800173000004,0.28500000000000003,0.18921998269999962,760.0,-10.0,-0.09228167939999934,0.24000000000000002,0.14771832060000067
17.897978632,1.0,0.0,750.0,0.0,760.0,-10.0,-0.09672667984999862,0.28500000000000003,0.18827332015000142,740.0,10.0,0.09866496859999926,0.24000000000000002,0.3386649685999993
17.922612801,1.0,0.0,750.0,0.0,760.0,-10.0,-0.09797216960000071,0.28500000000000003,0.18702783039999932,760.0,-10.0,-0.09258050655000091,0.24000000000000002,0.1474194934499991
17.941007053,1.0,0.0,750.0,0.0,760.0,-10.0,-0.09890891550000105,0.28500000000000003,0.18609108449999898,760.0,-10.0,-0.09351728165000225,0.24000000000000002,0.14648271834999776
17.960707388,1.0,0.0,750.0,0.0,760.0,-10.0,-0.09988454060000095,0.28500000000000003,0.18511545939999907,760.0,-10.0,-0.09449292130000174,0.24000000000000002,0.1455070786999983
17.974981264,1.0,0.0,750.0,0.0,740.0,10.0,0.09082056364999858,0.28500000000000003,0.3758205636499986,760.0,-10.0,-0.09519802555000126,0.24000000000000002,0.14480197444999876
17.995182975,1.0,0.0,750.0,0.0,760.0,-10.0,-0.1,0.28500000000000003,0.18500000000000003,740.0,10.0,0.0958283349999988,0.24000000000000002,0.3358283349999988
18.021389227,1.0,0.0,750.0,0.0,740.0,10.0,0.0913138564000002,0.28500000000000003,0.37631385640000026,760.0,-10.0,-0.095485535950001,0.24000000000000002,0.14451446404999901
18.049049147,1.0,0.0,750.0,0.0,740.0,10.0,0.09234176275000096,0.28500000000000003,0.377341762750001,760.0,-10.0,-0.09651344230000178,0.24000000000000002,0.14348655769999824
18.078016608,1.0,0.0,750.0,0.0,740.0,10.0,0.09407569205000016,0.28500000000000003,0.3790756920500002,740.0,10.0,0.09522047244999783,0.24000000000000002,0.33522047244999786
18.094148985,1.0,0.0,750.0,0.0,760.0,-10.0,-0.09679344555,0.28500000000000003,0.18820655445000004,740.0,10.0,0.09608961004999798,0.24000000000000002,0.336089610049998
18.116271028,1.0,0.0,750.0,0.0,740.0,10.0,0.09430991499999891,0.28500000000000003,0.37930991499999894,740.0,10.0,0.09719297054999743,0.24000000000000002,0.3371929705499974
18.130827822,1.0,0.0,750.0,0.0,760.0,-10.0,-0.09638320170000156,0.28500000000000003,0.18861679829999847,740.0,10.0,0.0978861164499989,0.24000000000000002,0.3378861164499989
18.153222574,1.0,0.0,750.0,0.0,760.0,-10.0,-0.09754324765000036,0.28500000000000003,0.18745675234999967,740.0,10.0,0.099046133249999,0.24000000000000002,0.339046133249999
18.169634367,1.0,0.0,750.0,0.0,740.0,10.0,0.09314744830000109,0.28500000000000003,0.37814744830000113,740.0,10.0,0.09973687289999873,0.24000000000000002,0.33973687289999877
18.190540744,1.0,0.0,750.0,0.0,740.0,10.0,0.09433180465000192,0.28500000000000003,0.37933180465000194,740.0,10.0,0.1,0.24000000000000002,0.34
18.203223871,1.0,0.0,750.0,0.0,740.0,10.0,0.09497380680000106,0.28500000000000003,0.3799738068000011,760.0,-10.0,-0.09064204589999975,0.24000000000000002,0.14935795410000027
18.222572456,1.0,0.0,750.0,0.0,760.0,-10.0,-0.09598022034999758,0.28500000000000003,0.18901977965000244,740.0,10.0,0.1,0.24000000000000002,0.34
18.234924249,1.0,0.0,750.0,0.0,740.0,10.0,0.09474922350000498,0.28500000000000003,0.379749223500005,740.0,10.0,0.1,0.24000000000000002,0.34
18.246147875,1.0,0.0,750.0,0.0,740.0,10.0,0.09531230065000443,0.28500000000000003,0.38031230065000443,740.0,10.0,0.1,0.24000000000000002,0.34
18.256550168,1.0,0.0,750.0,0.0,740.0,10.0,0.09583156945000383,0.28500000000000003,0.38083156945000385,740.0,10.0,0.1,0.24000000000000002,0.34
18.274609003,1.0,0.0,750.0,0.0,740.0,10.0,0.09672927580000362,0.28500000000000003,0.38172927580000365,740.0,10.0,0.1,0.24000000000000002,0.34
18.291411629,1.0,0.0,750.0,0.0,760.0,-10.0,-0.09394529089999537,0.28500000000000003,0.19105470910000466,760.0,-10.0,-0.0906744792500001,0.24000000000000002,0.1493255207499999
18.318328674,1.0,0.0,750.0,0.0,740.0,10.0,0.09737085510000668,0.28500000000000003,0.3823708551000067,760.0,-10.0,-0.09199062519999984,0.24000000000000002,0.14800937480000018
18.333452467,1.0,0.0,750.0,0.0,760.0,-10.0,-0.09344442619999142,0.28500000000000003,0.1915555738000086,740.0,10.0,0.09882464154999866,0.24000000000000002,0.3388246415499987
18.353352886,1.0,0.0,750.0,0.0,760.0,-10.0,-0.09444662214999369,0.28500000000000003,0.19055337785000634,740.0,10.0,0.09982683750000092,0.24000000000000002,0.3398268375000009
18.370058096,1.0,0.0,750.0,0.0,760.0,-10.0,-0.09529182849999245,0.28500000000000003,0.18970817150000757,740.0,10.0,0.1,0.24000000000000002,0.34
18.388078431,1.0,0.0,750.0,0.0,760.0,-10.0,-0.0963004848499935,0.28500000000000003,0.18869951515000655,740.0,10.0,0.1,0.24000000000000002,0.34
18.401707724,1.0,0.0,750.0,0.0,740.0,10.0,0.09438657980000414,0.28500000000000003,0.3793865798000042,740.0,10.0,0.1,0.24000000000000002,0.34
18.416803809,1.0,0.0,750.0,0.0,740.0,10.0,0.09503800275000686,0.28500000000000003,0.3800380027500069,760.0,-10.0,-0.09065142299999934,0.24000000000000002,0.14934857700000068
18.43181006,1.0,0.0,750.0,0.0,760.0,-10.0,-0.09570850359999099,0.28500000000000003,0.18929149640000903,740.0,10.0,0.1,0.24000000000000002,0.34
18.449077604,1.0,0.0,750.0,0.0,760.0,-10.0,-0.09667755159999274,0.28500000000000003,0.18832244840000728,740.0,10.0,0.1,0.24000000000000002,0.34
18.463973313,1.0,0.0,750.0,0.0,760.0,-10.0,-0.09742446624999275,0.28500000000000003,0.1875755337500073,740.0,10.0,0.1,0.24000000000000002,0.34
18.476054731,1.0,0.0,750.0,0.0,740.0,10.0,0.09318524840000691,0.28500000000000003,0.37818524840000695,740.0,10.0,0.1,0.24000000000000002,0.34
18.489931066,1.0,0.0,750.0,0.0,760.0,-10.0,-0.09739184334999322,0.28500000000000003,0.1876081566500068,760.0,-10.0,-0.09057710629999974,0.24000000000000002,0.14942289370000028
18.522261444,1.0,0.0,750.0,0.0,740.0,10.0,0.09423339640000507,0.28500000000000003,0.3792333964000051,740.0,10.0,0.1,0.24000000000000002,0.34
18.54248328,1.0,0.0,750.0,0.0,740.0,10.0,0.0951607506500062,0.28500000000000003,0.3801607506500062,720.0,30.0,0.29,0.24000000000000002,0.53
18.571829032,1.0,0.0,750.0,0.0,760.0,-10.0,-0.0960543181999924,0.28500000000000003,0.18894568180000765,760.0,-10.0,-0.09121508349999999,0.24000000000000002,0.14878491650000003
18.596596202,1.0,0.0,750.0,0.0,760.0,-10.0,-0.09760120169999312,0.28500000000000003,0.1873987983000069,760.0,-10.0,-0.09276193779999972,0.24000000000000002,0.1472380622000003
18.610073828,1.0,0.0,750.0,0.0,740.0,10.0,0.09309694630000763,0.28500000000000003,0.3780969463000077,760.0,-10.0,-0.09346010035000006,0.24000000000000002,0.14653989964999997
18.63329283,1.0,0.0,750.0,0.0,740.0,10.0,0.09426730265000685,0.28500000000000003,0.37926730265000685,740.0,10.0,0.09771022685000048,0.24000000000000002,0.3377102268500005
18.64703529,1.0,0.0,750.0,0.0,740.0,10.0,0.0949158235500073,0.28500000000000003,0.3799158235500073,760.0,-10.0,-0.09293833779999773,0.24000000000000002,0.14706166220000227
18.670100584,1.0,0.0,750.0,0.0,740.0,10.0,0.09602758410000775,0.28500000000000003,0.3810275841000078,760.0,-10.0,-0.09405006919999949,0.24000000000000002,0.14594993080000052
18.684781044,1.0,0.0,750.0,0.0,760.0,-10.0,-0.09477951594999183,0.28500000000000003,0.1902204840500082,760.0,-10.0,-0.09485716924999907,0.24000000000000002,0.14514283075000095
18.706700088,1.0,0.0,750.0,0.0,760.0,-10.0,-0.09588273064999271,0.28500000000000003,0.18911726935000733,740.0,10.0,0.0962460746000005,0.24000000000000002,0.3362460746000005
18.719927464,1.0,0.0,750.0,0.0,760.0,-10.0,-0.09654256819999318,0.28500000000000003,0.18845743180000685,740.0,10.0,0.09690589760000137,0.24000000000000002,0.3369058976000014
18.734668591,1.0,0.0,750.0,0.0,740.0,10.0,0.09419645690000436,0.28500000000000003,0.37919645690000436,760.0,-10.0,-0.09383312749999903,0.24000000000000002,0.146166872500001
18.767209552,0.0,0.0,750.0,0.0,740.0,10.0,0.09573453205000476,0.28500000000000003,0.3807345320500048,780.0,-30.0,-0.28844722169999837,0.24000000000000002,-0.04844722169999835
18.79359168,1.0,0.0,750.0,0.0,760.0,-10.0,-0.0956360534999959,0.28500000000000003,0.18936394650000413,740.0,10.0,0.09292337840000187,0.24000000000000002,0.33292337840000186
18.81404189,1.0,0.0,750.0,0.0,760.0,-10.0,-0.09667285569999536,0.28500000000000003,0.1883271443000047,740.0,10.0,0.09396016599999939,0.24000000000000002,0.3339601659999994
18.837709476,1.0,0.0,750.0,0.0,760.0,-10.0,-0.09784878289999596,0.28500000000000003,0.18715121710000407,740.0,10.0,0.09513610780000192,0.24000000000000002,0.3351361078000019
18.853376353,1.0,0.0,750.0,0.0,760.0,-10.0,-0.09863539339999647,0.28500000000000003,0.18636460660000356,740.0,10.0,0.0959226891500009,0.24000000000000002,0.3359226891500009
18.87879423,0.0,0.0,750.0,0.0,760.0,-10.0,-0.09991079349999551,0.28500000000000003,0.18508920650000452,720.0,30.0,0.28974888944999805,0.24000000000000002,0.5297488894499981
18.893969648,0.0,0.0,750.0,0.0,760.0,-10.0,-0.1,0.28500000000000003,0.18500000000000003,720.0,30.0,0.29,0.24000000000000002,0.53
18.925626276,1.0,0.0,750.0,0.0,740.0,10.0,0.09153326264999975,0.28500000000000003,0.37653326264999976,740.0,10.0,0.1,0.24000000000000002,0.34
18.941234236,1.0,0.0,750.0,0.0,740.0,10.0,0.09236521275000144,0.28500000000000003,0.37736521275000146,760.0,-10.0,-0.09083193549999977,0.24000000000000002,0.14916806450000025
18.968512364,1.0,0.0,750.0,0.0,760.0,-10.0,-0.09898634154999683,0.28500000000000003,0.1860136584500032,740.0,10.0,0.1,0.24000000000000002,0.34
18.988277741,1.0,0.0,750.0,0.0,760.0,-10.0,-0.1,0.28500000000000003,0.18500000000000003,740.0,10.0,0.1,0.24000000000000002,0.34
19.001760326,1.0,0.0,750.0,0.0,740.0,10.0,0.0906818292499986,0.28500000000000003,0.3756818292499986,740.0,10.0,0.1,0.24000000000000002,0.34
19.024772828,1.0,0.0,750.0,0.0,740.0,10.0,0.09171972519999884,0.28500000000000003,0.37671972519999886,760.0,-10.0,-0.0910378959499974,0.24000000000000002,0.14896210405000262
19.04863583,1.0,0.0,750.0,0.0,760.0,-10.0,-0.09947580200000061,0.28500000000000003,0.18552419799999942,740.0,10.0,0.1,0.24000000000000002,0.34
19.07948775,0.0,0.0,750.0,0.0,760.0,-10.0,-0.1,0.28500000000000003,0.18500000000000003,720.0,30.0,0.29,0.24000000000000002,0.53
19.097382085,1.0,0.0,750.0,0.0,740.0,10.0,0.09116531054999882,0.28500000000000003,0.37616531054999885,760.0,-10.0,-0.09116532515000074,0.24000000000000002,0.1488346748499993
19.118175296,1.0,0.0,750.0,0.0,740.0,10.0,0.09221004604999848,0.28500000000000003,0.3772100460499985,740.0,10.0,0.09987941034999892,0.24000000000000002,0.3398794103499989
19.134958672,1.0,0.0,750.0,0.0,760.0,-10.0,-0.0986278832000039,0.28500000000000003,0.18637211679999613,740.0,10.0,0.1,0.24000000000000002,0.34
19.153839716,1.0,0.0,750.0,0.0,740.0,10.0,0.0924413668999955,0.28500000000000003,0.3774413668999955,740.0,10.0,0.1,0.24000000000000002,0.34
19.168091134,1.0,0.0,750.0,0.0,760.0,-10.0,-0.09814520400000504,0.28500000000000003,0.186854795999995,760.0,-10.0,-0.09058657090000054,0.24000000000000002,0.1494134290999995
19.188198636,1.0,0.0,750.0,0.0,760.0,-10.0,-0.09908278120000488,0.28500000000000003,0.18591721879999515,740.0,10.0,0.1,0.24000000000000002,0.34
19.199997429,1.0,0.0,750.0,0.0,740.0,10.0,0.09167854174999321,0.28500000000000003,0.37667854174999327,740.0,10.0,0.1,0.24000000000000002,0.34
19.213337972,1.0,0.0,750.0,0.0,740.0,10.0,0.09235685644999535,0.28500000000000003,0.3773568564499954,740.0,10.0,0.1,0.24000000000000002,0.34
19.23890635,1.0,0.0,750.0,0.0,740.0,10.0,0.09347592319999422,0.28500000000000003,0.37847592319999424,760.0,-10.0,-0.09111900840000203,0.24000000000000002,0.14888099159999799
19.253163893,1.0,0.0,750.0,0.0,760.0,-10.0,-0.09728891440000495,0.28500000000000003,0.18771108559999508,740.0,10.0,0.09964588754999681,0.24000000000000002,0.3396458875499968
19.274674312,0.0,0.0,750.0,0.0,760.0,-10.0,-0.09838209575000575,0.28500000000000003,0.18661790424999428,720.0,30.0,0.29,0.24000000000000002,0.53
19.291678188,1.0,0.0,750.0,0.0,760.0,-10.0,-0.09921333125000445,0.28500000000000003,0.18578666874999558,740.0,10.0,0.1,0.24000000000000002,0.34
19.312420649,1.0,0.0,750.0,0.0,760.0,-10.0,-0.1,0.28500000000000003,0.18500000000000003,760.0,-10.0,-0.09104983969999922,0.24000000000000002,0.1489501603000008
19.328804442,1.0,0.0,750.0,0.0,740.0,10.0,0.0908247313499993,0.28500000000000003,0.37582473134999933,760.0,-10.0,-0.09187455644999944,0.24000000000000002,0.14812544355000057
19.350146277,1.0,0.0,750.0,0.0,740.0,10.0,0.0918742210499994,0.28500000000000003,0.37687422104999946,740.0,10.0,0.09917494780000027,0.24000000000000002,0.3391749478000003
19.365170029,1.0,0.0,750.0,0.0,760.0,-10.0,-0.09881753940000237,0.28500000000000003,0.18618246059999766,740.0,10.0,0.09986675204999926,0.24000000000000002,0.3398667520499993
19.392632782,0.0,0.0,750.0,0.0,740.0,10.0,0.09261361074999513,0.28500000000000003,0.37761361074999517,780.0,-30.0,-0.28442665460000455,0.24000000000000002,-0.04442665460000453
19.414846992,1.0,0.0,750.0,0.0,760.0,-10.0,-0.09851064770000732,0.28500000000000003,0.1864893522999927,740.0,10.0,0.09669758929999546,0.24000000000000002,0.3366975892999955
19.440395536,1.0,0.0,750.0,0.0,760.0,-10.0,-0.09979123950000712,0.28500000000000003,0.1852087604999929,740.0,10.0,0.09797821024999678,0.24000000000000002,0.3379782102499968
19.453229163,1.0,0.0,750.0,0.0,760.0,-10.0,-0.1,0.28500000000000003,0.18500000000000003,740.0,10.0,0.09862996864999615,0.24000000000000002,0.33862996864999617
19.475667373,1.0,0.0,750.0,0.0,740.0,10.0,0.09111151259999929,0.28500000000000003,0.3761115125999993,760.0,-10.0,-0.0924815585500022,0.24000000000000002,0.14751844144999782
19.489581916,1.0,0.0,750.0,0.0,760.0,-10.0,-0.09956614580000292,0.28500000000000003,0.1854338541999971,740.0,10.0,0.098196070649999,0.24000000000000002,0.338196070649999
19.515216794,0.0,0.0,750.0,0.0,760.0,-10.0,-0.1,0.28500000000000003,0.18500000000000003,720.0,30.0,0.29,0.24000000000000002,0.53
19.542115463,1.0,0.0,750.0,0.0,740.0,10.0,0.0913638772500002,0.28500000000000003,0.3763638772500002,740.0,10.0,0.1,0.24000000000000002,0.34
19.564691049,1.0,0.0,750.0,0.0,740.0,10.0,0.09249447944999872,0.28500000000000003,0.37749447944999875,760.0,-10.0,-0.09113060219999852,0.24000000000000002,0.1488693978000015
19.584755676,1.0,0.0,750.0,0.0,740.0,10.0,0.09313620450000087,0.28500000000000003,0.3781362045000009,740.0,10.0,0.0995111374500027,0.24000000000000002,0.3395111374500027
19.605429886,1.0,0.0,750.0,0.0,740.0,10.0,0.09451272544999881,0.28500000000000003,0.3795127254499988,760.0,-10.0,-0.09186539809999715,0.24000000000000002,0.14813460190000288
19.618206929,1.0,0.0,750.0,0.0,740.0,10.0,0.09517791510000052,0.28500000000000003,0.38017791510000054,740.0,10.0,0.09879979155000171,0.24000000000000002,0.3387997915500017
19.638812306,1.0,0.0,750.0,0.0,740.0,10.0,0.09621295269999962,0.28500000000000003,0.38121295269999966,740.0,10.0,0.09983482915000366,0.24000000000000002,0.3398348291500037
19.651856516,1.0,0.0,750.0,0.0,740.0,10.0,0.09685607780000055,0.28500000000000003,0.3818560778000006,740.0,10.0,0.1,0.24000000000000002,0.34
19.672542101,1.0,0.0,750.0,0.0,760.0,-10.0,-0.09416089104999799,0.28500000000000003,0.19083910895000206,760.0,-10.0,-0.09101699800000006,0.24000000000000002,0.14898300199999998
19.685207436,1.0,0.0,750.0,0.0,760.0,-10.0,-0.09480738484999733,0.28500000000000003,0.1901926151500027,760.0,-10.0,-0.09166344810000113,0.24000000000000002,0.1483365518999989
19.700045104,1.0,0.0,750.0,0.0,760.0,-10.0,-0.09549635989999956,0.28500000000000003,0.18950364010000048,760.0,-10.0,-0.09235246690000111,0.24000000000000002,0.1476475330999989
19.716239314,1.0,0.0,750.0,0.0,760.0,-10.0,-0.09636435999999833,0.28500000000000003,0.18863564000000171,740.0,10.0,0.09851551859999859,0.24000000000000002,0.3385155185999986
19.729731232,1.0,0.0,750.0,0.0,740.0,10.0,0.09429168590000302,0.28500000000000003,0.37929168590000306,760.0,-10.0,-0.09214054190000184,0.24000000000000002,0.14785945809999818
19.74569765,1.0,0.0,750.0,0.0,740.0,10.0,0.09510399225000242,0.28500000000000003,0.38010399225000246,760.0,-10.0,-0.09295284825000125,0.24000000000000002,0.14704715174999877
19.760676777,1.0,0.0,750.0,0.0,760.0,-10.0,-0.09563112449999664,0.28500000000000003,0.1893688755000034,740.0,10.0,0.09778222469999776,0.24000000000000002,0.33778222469999775
19.774225278,1.0,0.0,750.0,0.0,740.0,10.0,0.0950552109500046,0.28500000000000003,0.3800552109500046,760.0,-10.0,-0.0929040962000039,0.24000000000000002,0.14709590379999612
19.796874072,1.0,0.0,750.0,0.0,760.0,-10.0,-0.0960794308499942,0.28500000000000003,0.18892056915000582,740.0,10.0,0.09823056019999399,0.24000000000000002,0.338230560199994
19.813460866,1.0,0.0,750.0,0.0,740.0,10.0,0.09472797550000621,0.28500000000000003,0.37972797550000625,760.0,-10.0,-0.09257684610000695,0.24000000000000002,0.14742315389999305
19.837065743,1.0,0.0,750.0,0.0,760.0,-10.0,-0.09643855999999289,0.28500000000000003,0.18856144000000713,760.0,-10.0,-0.09374338165000837,0.24000000000000002,0.14625661834999165
19.850490286,1.0,0.0,750.0,0.0,760.0,-10.0,-0.09712915384999406,0.28500000000000003,0.187870846150006,760.0,-10.0,-0.09443397545000722,0.24000000000000002,0.1455660245499928
19.879745622,1.0,0.0,750.0,0.0,760.0,-10.0,-0.09857592274999263,0.28500000000000003,0.1864240772500074,740.0,10.0,0.09701279344999136,0.24000000000000002,0.33701279344999135
19.896810166,1.0,0.0,750.0,0.0,740.0,10.0,0.0922806585500092,0.28500000000000003,0.37728065855000925,740.0,10.0,0.09786940394999136,0.24000000000000002,0.3378694039499914
19.918920543,1.0,0.0,750.0,0.0,740.0,10.0,0.0934049316000079,0.28500000000000003,0.37840493160000793,740.0,10.0,0.09899369159999197,0.24000000000000002,0.338993691599992
19.931850419,1.0,0.0,750.0,0.0,760.0,-10.0,-0.09723504344999298,0.28500000000000003,0.18776495655000705,760.0,-10.0,-0.0916462543000074,0.24000000000000002,0.1483537456999926
19.954687338,1.0,0.0,750.0,0.0,760.0,-10.0,-0.09839434564999294,0.28500000000000003,0.1866056543500071,740.0,10.0,0.099513062449995,0.24000000000000002,0.339513062449995
19.968733715,1.0,0.0,750.0,0.0,740.0,10.0,0.09231011695000803,0.28500000000000003,0.37731011695000805,740.0,10.0,0.1,0.24000000000000002,0.34
19.99018755,1.0,0.0,750.0,0.0,740.0,10.0,0.09348480455000698,0.28500000000000003,0.378484804550007,740.0,10.0,0.1,0.24000000000000002,0.34
20.000710593,1.0,0.0,750.0,0.0,760.0,-10.0,-0.09703748299999404,0.28500000000000003,0.187962517000006,740.0,10.0,0.1,0.24000000000000002,0.34
20.011751344,1.0,0.0,750.0,0.0,740.0,10.0,0.09351942540000607,0.28500000000000003,0.3785194254000061,740.0,10.0,0.1,0.24000000000000002,0.34
20.031383138,1.0,0.0,750.0,0.0,740.0,10.0,0.09438698800000453,0.28500000000000003,0.3793869880000046,760.0,-10.0,-0.0908675626000013,0.24000000000000002,0.1491324373999987
20.049184723,1.0,0.0,750.0,0.0,740.0,10.0,0.09528243390000399,0.28500000000000003,0.38028243390000405,740.0,10.0,0.1,0.24000000000000002,0.34
20.071131475,1.0,0.0,750.0,0.0,740.0,10.0,0.096482759000005,0.28500000000000003,0.38148275900000506,740.0,10.0,0.1,0.24000000000000002,0.34
20.088666477,1.0,0.0,750.0,0.0,740.0,10.0,0.09708577990000379,0.28500000000000003,0.3820857799000038,740.0,10.0,0.1,0.24000000000000002,0.34
20.107940687,1.0,0.0,750.0,0.0,760.0,-10.0,-0.09392802439999741,0.28500000000000003,0.1910719756000026,760.0,-10.0,-0.09101383344999989,0.24000000000000002,0.14898616655000013
20.130944731,1.0,0.0,750.0,0.0,760.0,-10.0,-0.09514961199999732,0.28500000000000003,0.1898503880000027,740.0,10.0,0.1,0.24000000000000002,0.34
20.150157399,1.0,0.0,750.0,0.0,760.0,-10.0,-0.09626229129999615,0.28500000000000003,0.1887377087000039,740.0,10.0,0.1,0.24000000000000002,0.34
20.162349942,1.0,0.0,750.0,0.0,740.0,10.0,0.09434635875000424,0.28500000000000003,0.3793463587500043,740.0,10.0,0.1,0.24000000000000002,0.34
20.17655411,1.0,0.0,750.0,0.0,740.0,10.0,0.0949650421500047,0.28500000000000003,0.3799650421500047,760.0,-10.0,-0.09061866879999855,0.24000000000000002,0.14938133120000147
20.195687446,1.0,0.0,750.0,0.0,740.0,10.0,0.09592119850000472,0.28500000000000003,0.3809211985000047,740.0,10.0,0.1,0.24000000000000002,0.34
20.212910072,1.0,0.0,750.0,0.0,760.0,-10.0,-0.09483819949999486,0.28500000000000003,0.19016180050000517,760.0,-10.0,-0.0907593688500009,0.24000000000000002,0.14924063114999914
20.2426207,1.0,0.0,750.0,0.0,740.0,10.0,0.09671612145000609,0.28500000000000003,0.3817161214500061,740.0,10.0,0.1,0.24000000000000002,0.34
20.255102285,1.0,0.0,750.0,0.0,740.0,10.0,0.09746765905000473,0.28500000000000003,0.3824676590500048,740.0,10.0,0.1,0.24000000000000002,0.34
20.273567412,1.0,0.0,750.0,0.0,760.0,-10.0,-0.09345250559999556,0.28500000000000003,0.19154749440000446,740.0,10.0,0.1,0.24000000000000002,0.34
20.286876747,1.0,0.0,750.0,0.0,760.0,-10.0,-0.09400967649999643,0.28500000000000003,0.1909903235000036,760.0,-10.0,-0.09055715629999896,0.24000000000000002,0.14944284370000105
20.307829499,1.0,0.0,750.0,0.0,760.0,-10.0,-0.09506018704999519,0.28500000000000003,0.18993981295000484,760.0,-10.0,-0.09160768140000017,0.24000000000000002,0.14839231859999985
20.322610875,1.0,0.0,750.0,0.0,760.0,-10.0,-0.09578920794999704,0.28500000000000003,0.189210792050003,740.0,10.0,0.09912132489999977,0.24000000000000002,0.3391213248999998
20.337926585,1.0,0.0,750.0,0.0,760.0,-10.0,-0.09657078719999675,0.28500000000000003,0.1884292128000033,740.0,10.0,0.09990291874999854,0.24000000000000002,0.33990291874999856
20.360941129,0.0,0.0,750.0,0.0,780.0,-30.0,-0.2899246625499921,0.28500000000000003,-0.004924662549992076,740.0,10.0,0.1,0.24000000000000002,0.34
20.37507063,1.0,0.0,750.0,0.0,760.0,-10.0,-0.1,0.28500000000000003,0.18500000000000003,760.0,-10.0,-0.09073533544999976,0.24000000000000002,0.14926466455000026
20.397785633,1.0,0.0,750.0,0.0,760.0,-10.0,-0.1,0.28500000000000003,0.18500000000000003,740.0,10.0,0.1,0.24000000000000002,0.34
20.411756467,1.0,0.0,750.0,0.0,740.0,10.0,0.09063603760000036,0.28500000000000003,0.3756360376000004,760.0,-10.0,-0.09063605214999995,0.24000000000000002,0.14936394785000007
20.434495095,1.0,0.0,750.0,0.0,760.0,-10.0,-0.1,0.28500000000000003,0.18500000000000003,740.0,10.0,0.1,0.24000000000000002,0.34
20.447709054,1.0,0.0,750.0,0.0,740.0,10.0,0.09064907504999781,0.28500000000000003,0.37564907504999784,760.0,-10.0,-0.09064906050000104,0.24000000000000002,0.14935093949999897
20.462011806,1.0,0.0,750.0,0.0,760.0,-10.0,-0.1,0.28500000000000003,0.18500000000000003,740.0,10.0,0.1,0.24000000000000002,0.34
20.478719057,1.0,0.0,750.0,0.0,760.0,-10.0,-0.1,0.28500000000000003,0.18500000000000003,740.0,10.0,0.1,0.24000000000000002,0.34
20.497815934,1.0,0.0,750.0,0.0,760.0,-10.0,-0.1,0.28500000000000003,0.18500000000000003,760.0,-10.0,-0.09084529384999997,0.24000000000000002,0.14915470615000004
20.517644311,1.0,0.0,750.0,0.0,760.0,-10.0,-0.1,0.28500000000000003,0.18500000000000003,760.0,-10.0,-0.0918415105999992,0.24000000000000002,0.14815848940000081
20.534656646,1.0,0.0,750.0,0.0,760.0,-10.0,-0.1,0.28500000000000003,0.18500000000000003,740.0,10.0,0.09899407070000166,0.24000000000000002,0.33899407070000165
20.560109524,1.0,0.0,750.0,0.0,740.0,10.0,0.09122190845000035,0.28500000000000003,0.37622190845000036,760.0,-10.0,-0.09222786694999968,0.24000000000000002,0.14777213305000034
20.595661361,0.0,0.0,800.0,0.5,740.0,60.0,0.575,0.304,0.879,760.0,40.0,0.385,0.256,0.641
20.612377071,0.0,0.0,800.0,0.5,760.0,40.0,0.385,0.304,0.6890000000000001,760.0,40.0,0.385,0.256,0.641
20.636122823,0.0,0.0,800.0,0.5,760.0,40.0,0.385,0.304,0.6890000000000001,780.0,20.0,0.195,0.256,0.451
20.650021033,1.0,0.0,800.0,0.5,780.0,20.0,0.195,0.304,0.499,780.0,20.0,0.195,0.256,0.451
20.671772952,1.0,0.0,800.0,0.5,800.0,0.0,0.005,0.304,0.309,800.0,0.0,0.005,0.256,0.261
20.685638203,1.0,0.0,800.0,0.5,800.0,0.0,0.005,0.304,0.309,780.0,20.0,0.195,0.256,0.451
20.699145288,1.0,0.0,800.0,0.5,820.0,-20.0,-0.1862845292999998,0.304,0.11771547070000019,800.0,0.0,0.005,0.256,0.261
20.724464582,0.0,0.0,800.0,0.5,820.0,-20.0,-0.1886316295000006,0.304,0.1153683704999994,780.0,20.0,0.195,0.256,0.451
20.740870542,1.0,0.0,800.0,0.5,820.0,-20.0,-0.19046084630000223,0.304,0.11353915369999776,820.0,-20.0,-0.18682921679999595,0.256,0.06917078320000405
20.755064794,1.0,0.0,800.0,0.5,800.0,0.0,-4.6084630000223117E-4,0.304,0.3035391536999978,820.0,-20.0,-0.18825817949999987,0.256,0.06774182050000013
20.771326379,1.0,0.0,800.0,0.5,820.0,-20.0,-0.19203861730000313,0.304,0.11196138269999686,820.0,-20.0,-0.18983589209999877,0.256,0.06616410790000124
20.789326589,1.0,0.0,800.0,0.5,820.0,-20.0,-0.1938967675000049,0.304,0.1101032324999951,800.0,0.0,1.6410790000122687E-4,0.256,0.2561641079000012
20.80249009,1.0,0.0,800.0,0.5,820.0,-20.0,-0.195,0.304,0.10899999999999999,800.0,0.0,1.6410790000122687E-4,0.256,0.2561641079000012
20.8158808,1.0,0.0,800.0,0.5,820.0,-20.0,-0.195,0.304,0.10899999999999999,820.0,-20.0,-0.1910753005000038,0.256,0.06492469949999621
20.828622551,1.0,0.0,800.0,0.5,820.0,-20.0,-0.195,0.304,0.10899999999999999,820.0,-20.0,-0.19236822979999943,0.256,0.06363177020000058
20.841278844,1.0,0.0,800.0,0.5,820.0,-20.0,-0.195,0.304,0.10899999999999999,800.0,0.0,-0.0023682297999994264,0.256,0.2536317702000006
20.855684262,1.0,0.0,800.0,0.5,820.0,-20.0,-0.195,0.304,0.10899999999999999,820.0,-20.0,-0.1938146633000008,0.256,0.062185336699999205
20.869133305,1.0,0.0,800.0,0.5,800.0,0.0,-0.005,0.304,0.299,800.0,0.0,-0.0038146633000008022,0.256,0.2521853366999992
20.88175314,1.0,0.0,800.0,0.5,800.0,0.0,-0.005,0.304,0.299,780.0,20.0,0.18759472850000067,0.256,0.4435947285000007
20.893802474,1.0,0.0,800.0,0.5,800.0,0.0,-0.005,0.304,0.299,800.0,0.0,-0.002405271499999344,0.256,0.25359472850000064
20.915893018,1.0,0.0,800.0,0.5,800.0,0.0,-0.005,0.304,0.299,800.0,0.0,-0.002405271499999344,0.256,0.25359472850000064
20.928591603,1.0,0.0,800.0,0.5,800.0,0.0,-0.005,0.304,0.299,820.0,-20.0,-0.19347379240000237,0.256,0.06252620759999764
20.95451698,1.0,0.0,800.0,0.5,800.0,0.0,-0.005,0.304,0.299,800.0,0.0,-0.003473792400002367,0.256,0.25252620759999767
20.96715169,1.0,0.0,800.0,0.5,800.0,0.0,-0.005,0.304,0.299,820.0,-20.0,-0.19473679670000252,0.256,0.06126320329999749
20.980744816,1.0,0.0,800.0,0.5,800.0,0.0,-0.005,0.304,0.299,820.0,-20.0,-0.195,0.256,0.061
20.998406985,1.0,0.0,800.0,0.5,820.0,-20.0,-0.195,0.304,0.10899999999999999,800.0,0.0,-0.005,0.256,0.251
21.013895361,1.0,0.0,800.0,0.5,820.0,-20.0,-0.195,0.304,0.10899999999999999,800.0,0.0,-0.005,0.256,0.251
21.034674572,1.0,0.0,800.0,0.5,820.0,-20.0,-0.195,0.304,0.10899999999999999,800.0,0.0,-0.005,0.256,0.251
21.051023365,1.0,0.0,800.0,0.5,800.0,0.0,-0.005,0.304,0.299,820.0,-20.0,-0.195,0.256,0.061
21.079711118,1.0,0.0,800.0,0.5,800.0,0.0,-0.005,0.304,0.299,800.0,0.0,-0.005,0.256,0.251
21.102905329,1.0,0.0,800.0,0.5,800.0,0.0,-0.005,0.304,0.299,780.0,20.0,0.18701632110000105,0.256,0.44301632110000105
21.125253414,1.0,0.0,800.0,0.5,800.0,0.0,-0.005,0.304,0.299,820.0,-20.0,-0.195,0.256,0.061
21.13564579,1.0,0.0,800.0,0.5,800.0,0.0,-0.005,0.304,0.299,820.0,-20.0,-0.195,0.256,0.061
21.159827293,1.0,0.0,800.0,0.5,800.0,0.0,-0.005,0.304,0.299,820.0,-20.0,-0.195,0.256,0.061
21.174342961,1.0,0.0,800.0,0.5,800.0,0.0,-0.005,0.304,0.299,780.0,20.0,0.18598376260000352,0.256,0.4419837626000035
21.197765255,0.0,0.0,800.0,0.5,780.0,20.0,0.18746747099999994,0.304,0.49146747099999993,820.0,-20.0,-0.195,0.256,0.061
21.214837965,1.0,0.0,800.0,0.5,780.0,20.0,0.18915671700000075,0.304,0.49315671700000074,800.0,0.0,-0.005,0.256,0.251
21.234072217,1.0,0.0,800.0,0.5,820.0,-20.0,-0.19286701240000184,0.304,0.11113298759999815,800.0,0.0,-0.005,0.256,0.251
21.246298301,1.0,0.0,800.0,0.5,820.0,-20.0,-0.19422460420000334,0.304,0.10977539579999665,800.0,0.0,-0.005,0.256,0.251
21.257370261,1.0,0.0,800.0,0.5,820.0,-20.0,-0.195,0.304,0.10899999999999999,800.0,0.0,-0.005,0.256,0.251
21.276831429,1.0,0.0,800.0,0.5,800.0,0.0,-0.005,0.304,0.299,800.0,0.0,-0.005,0.256,0.251
21.28651768,1.0,0.0,800.0,0.5,800.0,0.0,-0.005,0.304,0.299,800.0,0.0,-0.005,0.256,0.251
21.297250723,1.0,0.0,800.0,0.5,800.0,0.0,-0.005,0.304,0.299,800.0,0.0,-0.005,0.256,0.251
21.31807835,1.0,0.0,800.0,0.5,800.0,0.0,-0.005,0.304,0.299,800.0,0.0,-0.005,0.256,0.251
21.339960644,1.0,0.0,800.0,0.5,820.0,-20.0,-0.195,0.304,0.10899999999999999,800.0,0.0,-0.005,0.256,0.251
21.350257353,1.0,0.0,800.0,0.5,820.0,-20.0,-0.195,0.304,0.10899999999999999,800.0,0.0,-0.005,0.256,0.251
21.362526896,1.0,0.0,800.0,0.5,820.0,-20.0,-0.195,0.304,0.10899999999999999,800.0,0.0,-0.005,0.256,0.251
21.371966106,1.0,0.0,800.0,0.5,820.0,-20.0,-0.195,0.304,0.10899999999999999,800.0,0.0,-0.005,0.256,0.251
21.390908691,1.0,0.0,800.0,0.5,800.0,0.0,-0.005,0.304,0.299,800.0,0.0,-0.005,0.256,0.251
21.400478567,1.0,0.0,800.0,0.5,800.0,0.0,-0.005,0.304,0.299,800.0,0.0,-0.005,0.256,0.251
21.410707901,1.0,0.0,800.0,0.5,800.0,0.0,-0.005,0.304,0.299,800.0,0.0,-0.005,0.256,0.251
21.429295528,1.0,0.0,800.0,0.5,800.0,0.0,-0.005,0.304,0.299,800.0,0.0,-0.005,0.256,0.251
21.440491737,1.0,0.0,800.0,0.5,800.0,0.0,-0.005,0.304,0.299,800.0,0.0,-0.005,0.256,0.251
21.45126853,1.0,0.0,800.0,0.5,800.0,0.0,-0.005,0.304,0.299,800.0,0.0,-0.005,0.256,0.251
21.470552074,1.0,0.0,800.0,0.5,800.0,0.0,-0.005,0.304,0.299,800.0,0.0,-0.005,0.256,0.251
21.484620909,1.0,0.0,800.0,0.5,800.0,0.0,-0.005,0.304,0.299,800.0,0.0,-0.005,0.256,0.251
21.509183036,1.0,0.0,800.0,0.5,800.0,0.0,-0.005,0.304,0.299,800.0,0.0,-0.005,0.256,0.251
21.523129662,1.0,0.0,800.0,0.5,800.0,0.0,-0.005,0.304,0.299,800.0,0.0,-0.005,0.256,0.251
21.537030497,1.0,0.0,800.0,0.5,800.0,0.0,-0.005,0.304,0.299,800.0,0.0,-0.005,0.256,0.251
21.555371666,1.0,0.0,800.0,0.5,800.0,0.0,-0.005,0.304,0.299,800.0,0.0,-0.005,0.256,0.251
21.565050917,1.0,0.0,800.0,0.5,800.0,0.0,-0.005,0.304,0.299,800.0,0.0,-0.005,0.256,0.251
21.581660168,1.0,0.0,800.0,0.5,800.0,0.0,-0.005,0.304,0.299,800.0,0.0,-0.005,0.256,0.251
21.61125763,1.0,0.0,800.0,0.5,800.0,0.0,-0.005,0.304,0.299,780.0,20.0,0.18742062940000095,0.256,0.44342062940000093
21.633753299,1.0,0.0,800.0,0.5,800.0,0.0,-0.005,0.304,0.299,800.0,0.0,-0.002579370599999038,0.256,0.253420629400001
21.64586855,1.0,0.0,800.0,0.5,800.0,0.0,-0.005,0.304,0.299,800.0,0.0,-0.002579370599999038,0.256,0.253420629400001
21.658444343,1.0,0.0,800.0,0.5,800.0,0.0,-0.005,0.304,0.299,800.0,0.0,-0.002579370599999038,0.256,0.253420629400001
21.690104471,1.0,0.0,800.0,0.5,800.0,0.0,-0.005,0.304,0.299,780.0,20.0,0.1901595254999995,0.256,0.4461595254999995
21.705054431,1.0,0.0,800.0,0.5,800.0,0.0,-0.005,0.304,0.299,800.0,0.0,1.5952549999951772E-4,0.256,0.25615952549999954
21.716599765,1.0,0.0,800.0,0.5,800.0,0.0,-0.005,0.304,0.299,800.0,0.0,1.5952549999951772E-4,0.256,0.25615952549999954
21.73142635,1.0,0.0,800.0,0.5,800.0,0.0,-0.005,0.304,0.299,780.0,20.0,0.1914183297999989,0.256,0.4474183297999989
21.745750101,1.0,0.0,800.0,0.5,800.0,0.0,-0.005,0.304,0.299,820.0,-20.0,-0.19001083700000096,0.256,0.06598916299999905
21.76087477,1.0,0.0,800.0,0.5,800.0,0.0,-0.005,0.304,0.299,820.0,-20.0,-0.19148882880000542,0.256,0.06451117119999458
21.776705271,1.0,0.0,800.0,0.5,800.0,0.0,-0.005,0.304,0.299,820.0,-20.0,-0.19311705820000044,0.256,0.06288294179999956
21.796931773,1.0,0.0,800.0,0.5,800.0,0.0,-0.005,0.304,0.299,800.0,0.0,-0.003117058200000429,0.256,0.2528829417999996
21.80937865,1.0,0.0,800.0,0.5,800.0,0.0,-0.005,0.304,0.299,780.0,20.0,0.18810117530000298,0.256,0.444101175300003
21.825308318,1.0,0.0,800.0,0.5,800.0,0.0,-0.005,0.304,0.299,780.0,20.0,0.1896981671000026,0.256,0.4456981671000026
21.846907403,1.0,0.0,800.0,0.5,800.0,0.0,-0.005,0.304,0.299,800.0,0.0,-3.0183289999740736E-4,0.256,0.2556981671000026
21.862544238,1.0,0.0,800.0,0.5,800.0,0.0,-0.005,0.304,0.299,820.0,-20.0,-0.19185778719999688,0.256,0.06414221280000312
21.882157365,1.0,0.0,800.0,0.5,800.0,0.0,-0.005,0.304,0.299,820.0,-20.0,-0.1938216665999971,0.256,0.062178333400002894
21.896768992,1.0,0.0,800.0,0.5,800.0,0.0,-0.005,0.304,0.299,800.0,0.0,-0.003821666599997116,0.256,0.2521783334000029
21.916723952,1.0,0.0,800.0,0.5,800.0,0.0,-0.005,0.304,0.299,820.0,-20.0,-0.195,0.256,0.061
21.926686703,1.0,0.0,800.0,0.5,800.0,0.0,-0.005,0.304,0.299,820.0,-20.0,-0.195,0.256,0.061
21.937094246,1.0,0.0,800.0,0.5,800.0,0.0,-0.005,0.304,0.299,820.0,-20.0,-0.195,0.256,0.061
21.958685748,1.0,0.0,800.0,0.5,800.0,0.0,-0.005,0.304,0.299,800.0,0.0,-0.005,0.256,0.251
21.969620916,1.0,0.0,800.0,0.5,800.0,0.0,-0.005,0.304,0.299,800.0,0.0,-0.005,0.256,0.251
21.990648626,1.0,0.0,800.0,0.5,800.0,0.0,-0.005,0.304,0.299,820.0,-20.0,-0.195,0.256,0.061
22.010305503,0.0,0.0,800.0,0.5,780.0,20.0,0.18701156680000167,0.304,0.4910115668000017,820.0,-20.0,-0.195,0.256,0.061
22.03323488,1.0,0.0,800.0,0.5,780.0,20.0,0.18914047120000305,0.304,0.49314047120000304,800.0,0.0,-0.005,0.256,0.251
22.056239216,1.0,0.0,800.0,0.5,800.0,0.0,-8.595287999969514E-4,0.304,0.30314047120000304,800.0,0.0,-0.005,0.256,0.251
22.067386426,1.0,0.0,800.0,0.5,820.0,-20.0,-0.1919606580999937,0.304,0.1120393419000063,800.0,0.0,-0.005,0.256,0.251
22.085636302,1.0,0.0,800.0,0.5,820.0,-20.0,-0.1938020373999973,0.304,0.1101979626000027,800.0,0.0,-0.005,0.256,0.251
22.097181053,1.0,0.0,800.0,0.5,820.0,-20.0,-0.1949526041999957,0.304,0.1090473958000043,800.0,0.0,-0.005,0.256,0.251
22.118083347,1.0,0.0,800.0,0.5,800.0,0.0,-0.0049526041999956765,0.304,0.29904739580000433,800.0,0.0,-0.005,0.256,0.251
22.132684182,1.0,0.0,800.0,0.5,800.0,0.0,-0.0049526041999956765,0.304,0.29904739580000433,800.0,0.0,-0.005,0.256,0.251
22.143659891,1.0,0.0,800.0,0.5,800.0,0.0,-0.0049526041999956765,0.304,0.29904739580000433,800.0,0.0,-0.005,0.256,0.251
22.153323101,1.0,0.0,800.0,0.5,800.0,0.0,-0.0049526041999956765,0.304,0.29904739580000433,800.0,0.0,-0.005,0.256,0.251
22.16338356,1.0,0.0,800.0,0.5,800.0,0.0,-0.0049526041999956765,0.304,0.29904739580000433,800.0,0.0,-0.005,0.256,0.251
22.175797186,1.0,0.0,800.0,0.5,820.0,-20.0,-0.195,0.304,0.10899999999999999,800.0,0.0,-0.005,0.256,0.251
22.185528937,1.0,0.0,800.0,0.5,820.0,-20.0,-0.195,0.304,0.10899999999999999,800.0,0.0,-0.005,0.256,0.251
22.200340647,1.0,0.0,800.0,0.5,820.0,-20.0,-0.195,0.304,0.10899999999999999,800.0,0.0,-0.005,0.256,0.251
22.21012344,1.0,0.0,800.0,0.5,820.0,-20.0,-0.195,0.304,0.10899999999999999,800.0,0.0,-0.005,0.256,0.251
22.222595691,1.0,0.0,800.0,0.5,800.0,0.0,-0.005,0.304,0.299,800.0,0.0,-0.005,0.256,0.251
22.2325249,1.0,0.0,800.0,0.5,800.0,0.0,-0.005,0.304,0.299,800.0,0.0,-0.005,0.256,0.251
22.24453661,1.0,0.0,800.0,0.5,800.0,0.0,-0.005,0.304,0.299,800.0,0.0,-0.005,0.256,0.251
22.254571403,1.0,0.0,800.0,0.5,800.0,0.0,-0.005,0.304,0.299,800.0,0.0,-0.005,0.256,0.251
22.265358987,1.0,0.0,800.0,0.5,800.0,0.0,-0.005,0.304,0.299,800.0,0.0,-0.005,0.256,0.251
22.275279446,1.0,0.0,800.0,0.5,800.0,0.0,-0.005,0.304,0.299,800.0,0.0,-0.005,0.256,0.251
22.284399281,1.0,0.0,800.0,0.5,800.0,0.0,-0.005,0.304,0.299,800.0,0.0,-0.005,0.256,0.251
22.294300198,1.0,0.0,800.0,0.5,800.0,0.0,-0.005,0.304,0.299,800.0,0.0,-0.005,0.256,0.251
22.303370157,1.0,0.0,800.0,0.5,800.0,0.0,-0.005,0.304,0.299,800.0,0.0,-0.005,0.256,0.251
22.316078075,1.0,0.0,800.0,0.5,800.0,0.0,-0.005,0.304,0.299,800.0,0.0,-0.005,0.256,0.251
22.325167868,1.0,0.0,800.0,0.5,800.0,0.0,-0.005,0.304,0.299,800.0,0.0,-0.005,0.256,0.251
22.334639744,1.0,0.0,800.0,0.5,800.0,0.0,-0.005,0.304,0.299,800.0,0.0,-0.005,0.256,0.251
22.351986621,1.0,0.0,800.0,0.5,800.0,0.0,-0.005,0.304,0.299,780.0,20.0,0.18632717100000265,0.256,0.44232717100000263
22.365892705,1.0,0.0,800.0,0.5,800.0,0.0,-0.005,0.304,0.299,800.0,0.0,-0.003672828999997364,0.256,0.2523271710000026
22.376818248,1.0,0.0,800.0,0.5,800.0,0.0,-0.005,0.304,0.299,800.0,0.0,-0.003672828999997364,0.256,0.2523271710000026
22.392514,0.0,0.0,800.0,0.5,820.0,-20.0,-0.195,0.304,0.10899999999999999,780.0,20.0,0.18752446280000526,0.256,0.44352446280000524
22.407807251,1.0,0.0,800.0,0.5,820.0,-20.0,-0.195,0.304,0.10899999999999999,820.0,-20.0,-0.19416723319999504,0.256,0.06183276680000496
22.420463253,1.0,0.0,800.0,0.5,820.0,-20.0,-0.195,0.304,0.10899999999999999,800.0,0.0,-0.004167233199995053,0.256,0.25183276680000494
22.437453713,0.0,0.0,800.0,0.5,780.0,20.0,0.18643514600000002,0.304,0.49043514600000004,820.0,-20.0,-0.195,0.256,0.061
22.454143756,1.0,0.0,800.0,0.5,820.0,-20.0,-0.195,0.304,0.10899999999999999,800.0,0.0,-0.005,0.256,0.251
22.4733503,1.0,0.0,800.0,0.5,800.0,0.0,-0.005,0.304,0.299,780.0,20.0,0.18693512110000143,0.256,0.44293512110000144
22.488955051,1.0,0.0,800.0,0.5,820.0,-20.0,-0.195,0.304,0.10899999999999999,800.0,0.0,-0.0030648788999985757,0.256,0.25293512110000144
22.501504302,1.0,0.0,800.0,0.5,800.0,0.0,-0.005,0.304,0.299,800.0,0.0,-0.0030648788999985757,0.256,0.25293512110000144
22.516361512,1.0,0.0,800.0,0.5,800.0,0.0,-0.005,0.304,0.299,800.0,0.0,-0.0030648788999985757,0.256,0.25293512110000144
22.546669474,1.0,0.0,800.0,0.5,800.0,0.0,-0.005,0.304,0.299,820.0,-20.0,-0.195,0.256,0.061
22.564245892,1.0,0.0,800.0,0.5,800.0,0.0,-0.005,0.304,0.299,800.0,0.0,-0.005,0.256,0.251
22.57398406,1.0,0.0,800.0,0.5,800.0,0.0,-0.005,0.304,0.299,800.0,0.0,-0.005,0.256,0.251
22.59023077,1.0,0.0,800.0,0.5,800.0,0.0,-0.005,0.304,0.299,820.0,-20.0,-0.195,0.256,0.061
22.605693771,1.0,0.0,800.0,0.5,800.0,0.0,-0.005,0.304,0.299,800.0,0.0,-0.005,0.256,0.251
22.622343565,1.0,0.0,800.0,0.5,800.0,0.0,-0.005,0.304,0.299,800.0,0.0,-0.005,0.256,0.251
22.636554441,1.0,0.0,800.0,0.5,800.0,0.0,-0.005,0.304,0.299,780.0,20.0,0.1865523959999996,0.256,0.4425523959999996
22.652855984,1.0,0.0,800.0,0.5,800.0,0.0,-0.005,0.304,0.299,780.0,20.0,0.18817167110000013,0.256,0.4441716711000001
22.66567911,1.0,0.0,800.0,0.5,800.0,0.0,-0.005,0.304,0.299,820.0,-20.0,-0.19309115819999761,0.256,0.06290884180000239
22.677156195,1.0,0.0,800.0,0.5,800.0,0.0,-0.005,0.304,0.299,820.0,-20.0,-0.19428191669999934,0.256,0.06171808330000067
22.68985478,1.0,0.0,800.0,0.5,800.0,0.0,-0.005,0.304,0.299,800.0,0.0,-0.004281916699999329,0.256,0.2517180833000007
22.700186489,1.0,0.0,800.0,0.5,800.0,0.0,-0.005,0.304,0.299,800.0,0.0,-0.004281916699999329,0.256,0.2517180833000007
22.710043073,1.0,0.0,800.0,0.5,800.0,0.0,-0.005,0.304,0.299,800.0,0.0,-0.004281916699999329,0.256,0.2517180833000007
22.719934658,1.0,0.0,800.0,0.5,800.0,0.0,-0.005,0.304,0.299,800.0,0.0,-0.004281916699999329,0.256,0.2517180833000007
22.734879368,1.0,0.0,800.0,0.5,800.0,0.0,-0.005,0.304,0.299,820.0,-20.0,-0.195,0.256,0.061
22.74456941,1.0,0.0,800.0,0.5,800.0,0.0,-0.005,0.304,0.299,820.0,-20.0,-0.195,0.256,0.061
22.75735637,1.0,0.0,800.0,0.5,800.0,0.0,-0.005,0.304,0.299,800.0,0.0,-0.005,0.256,0.251
22.767701787,1.0,0.0,800.0,0.5,800.0,0.0,-0.005,0.304,0.299,800.0,0.0,-0.005,0.256,0.251
22.781982664,1.0,0.0,800.0,0.5,800.0,0.0,-0.005,0.304,0.299,800.0,0.0,-0.005,0.256,0.251
22.79032929,1.0,0.0,800.0,0.5,800.0,0.0,-0.005,0.304,0.299,800.0,0.0,-0.005,0.256,0.251
22.799932707,1.0,0.0,800.0,0.5,800.0,0.0,-0.005,0.304,0.299,800.0,0.0,-0.005,0.256,0.251
22.8093585,1.0,0.0,800.0,0.5,800.0,0.0,-0.005,0.304,0.299,800.0,0.0,-0.005,0.256,0.251
22.818233043,1.0,0.0,800.0,0.5,800.0,0.0,-0.005,0.304,0.299,800.0,0.0,-0.005,0.256,0.251
22.827998335,1.0,0.0,800.0,0.5,800.0,0.0,-0.005,0.304,0.299,800.0,0.0,-0.005,0.256,0.251
22.837821086,1.0,0.0,800.0,0.5,800.0,0.0,-0.005,0.304,0.299,800.0,0.0,-0.005,0.256,0.251
22.850905838,1.0,0.0,800.0,0.5,800.0,0.0,-0.005,0.304,0.299,800.0,0.0,-0.005,0.256,0.251
22.85942338,1.0,0.0,800.0,0.5,800.0,0.0,-0.005,0.304,0.299,800.0,0.0,-0.005,0.256,0.251
22.869772298,1.0,0.0,800.0,0.5,800.0,0.0,-0.005,0.304,0.299,800.0,0.0,-0.005,0.256,0.251
22.878982257,1.0,0.0,800.0,0.5,800.0,0.0,-0.005,0.304,0.299,800.0,0.0,-0.005,0.256,0.251
22.891103342,1.0,0.0,800.0,0.5,800.0,0.0,-0.005,0.304,0.299,800.0,0.0,-0.005,0.256,0.251
22.900300759,1.0,0.0,800.0,0.5,800.0,0.0,-0.005,0.304,0.299,800.0,0.0,-0.005,0.256,0.251
22.909377135,1.0,0.0,800.0,0.5,800.0,0.0,-0.005,0.304,0.299,800.0,0.0,-0.005,0.256,0.251
22.918555594,1.0,0.0,800.0,0.5,800.0,0.0,-0.005,0.304,0.299,800.0,0.0,-0.005,0.256,0.251
22.928510762,1.0,0.0,800.0,0.5,800.0,0.0,-0.005,0.304,0.299,800.0,0.0,-0.005,0.256,0.251
22.938063721,1.0,0.0,800.0,0.5,800.0,0.0,-0.005,0.304,0.299,800.0,0.0,-0.005,0.256,0.251
22.951630014,1.0,0.0,800.0,0.5,800.0,0.0,-0.005,0.304,0.299,780.0,20.0,0.18594109169999684,0.256,0.44194109169999685
22.964948099,1.0,0.0,800.0,0.5,800.0,0.0,-0.005,0.304,0.299,800.0,0.0,-0.004058908300003168,0.256,0.25194109169999684
22.974473933,1.0,0.0,800.0,0.5,800.0,0.0,-0.005,0.304,0.299,800.0,0.0,-0.004058908300003168,0.256,0.25194109169999684
22.986782851,1.0,0.0,800.0,0.5,800.0,0.0,-0.005,0.304,0.299,780.0,20.0,0.1869754584999987,0.256,0.4429754584999987
22.998294936,1.0,0.0,800.0,0.5,800.0,0.0,-0.005,0.304,0.299,800.0,0.0,-0.0030245415000013055,0.256,0.2529754584999987
23.015051479,1.0,0.0,800.0,0.5,800.0,0.0,-0.005,0.304,0.299,800.0,0.0,-0.0030245415000013055,0.256,0.2529754584999987
23.044255774,1.0,0.0,800.0,0.5,800.0,0.0,-0.005,0.304,0.299,820.0,-20.0,-0.195,0.256,0.061
23.055820941,1.0,0.0,800.0,0.5,800.0,0.0,-0.005,0.304,0.299,800.0,0.0,-0.005,0.256,0.251
23.074844902,1.0,0.0,800.0,0.5,800.0,0.0,-0.005,0.304,0.299,780.0,20.0,0.18690187099999547,0.256,0.44290187099999545
23.09336632,1.0,0.0,800.0,0.5,800.0,0.0,-0.005,0.304,0.299,800.0,0.0,-0.003098129000004519,0.256,0.2529018709999955
23.107426988,1.0,0.0,800.0,0.5,800.0,0.0,-0.005,0.304,0.299,800.0,0.0,-0.003098129000004519,0.256,0.2529018709999955
23.12138674,1.0,0.0,800.0,0.5,800.0,0.0,-0.005,0.304,0.299,820.0,-20.0,-0.19424825820000366,0.256,0.061751741799996346
23.140990242,1.0,0.0,800.0,0.5,800.0,0.0,-0.005,0.304,0.299,800.0,0.0,-0.004248258200003648,0.256,0.2517517417999964
23.15419691,1.0,0.0,800.0,0.5,800.0,0.0,-0.005,0.304,0.299,800.0,0.0,-0.004248258200003648,0.256,0.2517517417999964
23.163969494,1.0,0.0,800.0,0.5,800.0,0.0,-0.005,0.304,0.299,800.0,0.0,-0.004248258200003648,0.256,0.2517517417999964
23.17376512,1.0,0.0,800.0,0.5,800.0,0.0,-0.005,0.304,0.299,800.0,0.0,-0.004248258200003648,0.256,0.2517517417999964
23.195542997,1.0,0.0,800.0,0.5,800.0,0.0,-0.005,0.304,0.299,820.0,-20.0,-0.195,0.256,0.061
23.207114582,1.0,0.0,800.0,0.5,800.0,0.0,-0.005,0.304,0.299,800.0,0.0,-0.005,0.256,0.251
23.217697416,1.0,0.0,800.0,0.5,800.0,0.0,-0.005,0.304,0.299,800.0,0.0,-0.005,0.256,0.251
23.227738042,1.0,0.0,800.0,0.5,800.0,0.0,-0.005,0.304,0.299,800.0,0.0,-0.005,0.256,0.251
23.238295501,1.0,0.0,800.0,0.5,800.0,0.0,-0.005,0.304,0.299,800.0,0.0,-0.005,0.256,0.251
23.248185336,1.0,0.0,800.0,0.5,800.0,0.0,-0.005,0.304,0.299,800.0,0.0,-0.005,0.256,0.251
23.257974837,1.0,0.0,800.0,0.5,800.0,0.0,-0.005,0.304,0.299,800.0,0.0,-0.005,0.256,0.251
23.268359921,1.0,0.0,800.0,0.5,800.0,0.0,-0.005,0.304,0.299,800.0,0.0,-0.005,0.256,0.251
23.27831713,1.0,0.0,800.0,0.5,800.0,0.0,-0.005,0.304,0.299,800.0,0.0,-0.005,0.256,0.251
23.290344298,1.0,0.0,800.0,0.5,800.0,0.0,-0.005,0.304,0.299,800.0,0.0,-0.005,0.256,0.251
23.300484674,1.0,0.0,800.0,0.5,800.0,0.0,-0.005,0.304,0.299,800.0,0.0,-0.005,0.256,0.251
23.316336759,1.0,0.0,800.0,0.5,800.0,0.0,-0.005,0.304,0.299,800.0,0.0,-0.005,0.256,0.251
23.326375344,1.0,0.0,800.0,0.5,800.0,0.0,-0.005,0.304,0.299,800.0,0.0,-0.005,0.256,0.251
23.339562762,1.0,0.0,800.0,0.5,800.0,0.0,-0.005,0.304,0.299,800.0,0.0,-0.005,0.256,0.251
23.349970013,1.0,0.0,800.0,0.5,800.0,0.0,-0.005,0.304,0.299,800.0,0.0,-0.005,0.256,0.251
23.361639889,1.0,0.0,800.0,0.5,800.0,0.0,-0.005,0.304,0.299,800.0,0.0,-0.005,0.256,0.251
23.372552015,1.0,0.0,800.0,0.5,800.0,0.0,-0.005,0.304,0.299,800.0,0.0,-0.005,0.256,0.251
23.385310391,1.0,0.0,800.0,0.5,800.0,0.0,-0.005,0.304,0.299,800.0,0.0,-0.005,0.256,0.251
23.398191267,1.0,0.0,800.0,0.5,800.0,0.0,-0.005,0.304,0.299,780.0,20.0,0.18603521259999867,0.256,0.4420352125999987
23.411189685,1.0,0.0,800.0,0.5,800.0,0.0,-0.005,0.304,0.299,780.0,20.0,0.18734949189999725,0.256,0.4433494918999973
23.423578228,1.0,0.0,800.0,0.5,800.0,0.0,-0.005,0.304,0.299,800.0,0.0,-0.0026505081000027532,0.256,0.2533494918999972
23.434325855,1.0,0.0,800.0,0.5,800.0,0.0,-0.005,0.304,0.299,800.0,0.0,-0.0026505081000027532,0.256,0.2533494918999972
23.448878856,1.0,0.0,800.0,0.5,800.0,0.0,-0.005,0.304,0.299,800.0,0.0,-0.0026505081000027532,0.256,0.2533494918999972
23.459192774,1.0,0.0,800.0,0.5,800.0,0.0,-0.005,0.304,0.299,800.0,0.0,-0.0026505081000027532,0.256,0.2533494918999972
23.472224733,1.0,0.0,800.0,0.5,800.0,0.0,-0.005,0.304,0.299,780.0,20.0,0.188246366999997,0.256,0.444246366999997
23.484542985,1.0,0.0,800.0,0.5,800.0,0.0,-0.005,0.304,0.299,800.0,0.0,-0.001753633000002992,0.256,0.25424636699999703
23.496995694,1.0,0.0,800.0,0.5,800.0,0.0,-0.005,0.304,0.299,820.0,-20.0,-0.19298099560000537,0.256,0.06301900439999464
23.509754654,1.0,0.0,800.0,0.5,800.0,0.0,-0.005,0.304,0.299,820.0,-20.0,-0.19425966240000433,0.256,0.06174033759999567
23.524575697,1.0,0.0,800.0,0.5,800.0,0.0,-0.005,0.304,0.299,820.0,-20.0,-0.195,0.256,0.061
23.555770033,1.0,0.0,800.0,0.5,800.0,0.0,-0.005,0.304,0.299,800.0,0.0,-0.005,0.256,0.251
23.565493034,1.0,0.0,800.0,0.5,800.0,0.0,-0.005,0.304,0.299,800.0,0.0,-0.005,0.256,0.251
23.584101661,1.0,0.0,800.0,0.5,800.0,0.0,-0.005,0.304,0.299,820.0,-20.0,-0.195,0.256,0.061
23.60170258,1.0,0.0,800.0,0.5,800.0,0.0,-0.005,0.304,0.299,800.0,0.0,-0.005,0.256,0.251
23.615401289,1.0,0.0,800.0,0.5,800.0,0.0,-0.005,0.304,0.299,800.0,0.0,-0.005,0.256,0.251
23.625116707,1.0,0.0,800.0,0.5,800.0,0.0,-0.005,0.304,0.299,800.0,0.0,-0.005,0.256,0.251
23.641311209,1.0,0.0,800.0,0.5,800.0,0.0,-0.005,0.304,0.299,800.0,0.0,-0.005,0.256,0.251
23.650221334,1.0,0.0,800.0,0.5,800.0,0.0,-0.005,0.304,0.299,800.0,0.0,-0.005,0.256,0.251
23.662932461,1.0,0.0,800.0,0.5,780.0,20.0,0.18615330849999964,0.304,0.4901533084999996,800.0,0.0,-0.005,0.256,0.251
23.672566503,1.0,0.0,800.0,0.5,800.0,0.0,-0.003846691500000361,0.304,0.3001533084999996,800.0,0.0,-0.005,0.256,0.251
23.681239213,1.0,0.0,800.0,0.5,800.0,0.0,-0.003846691500000361,0.304,0.3001533084999996,800.0,0.0,-0.005,0.256,0.251
23.69254363,1.0,0.0,800.0,0.5,780.0,20.0,0.18716918360000023,0.304,0.4911691836000002,800.0,0.0,-0.005,0.256,0.251
23.702437256,1.0,0.0,800.0,0.5,800.0,0.0,-0.002830816399999776,0.304,0.3011691836000002,800.0,0.0,-0.005,0.256,0.251
23.717591383,0.0,0.0,800.0,0.5,820.0,-20.0,-0.19412759570000276,0.304,0.10987240429999723,780.0,20.0,0.1862968958999977,0.256,0.4422968958999977
23.731359801,1.0,0.0,800.0,0.5,800.0,0.0,-0.0041275957000027575,0.304,0.29987240429999723,780.0,20.0,0.187656762700002,0.256,0.443656762700002
23.746702636,1.0,0.0,800.0,0.5,820.0,-20.0,-0.195,0.304,0.10899999999999999,800.0,0.0,-0.002343237299998009,0.256,0.253656762700002
23.758704137,1.0,0.0,800.0,0.5,800.0,0.0,-0.005,0.304,0.299,800.0,0.0,-0.002343237299998009,0.256,0.253656762700002
23.770053472,1.0,0.0,800.0,0.5,800.0,0.0,-0.005,0.304,0.299,820.0,-20.0,-0.19340294989999735,0.256,0.06259705010000266
23.780765514,1.0,0.0,800.0,0.5,800.0,0.0,-0.005,0.304,0.299,800.0,0.0,-0.0034029498999973385,0.256,0.25259705010000266
23.78988039,1.0,0.0,800.0,0.5,800.0,0.0,-0.005,0.304,0.299,800.0,0.0,-0.0034029498999973385,0.256,0.25259705010000266
23.799326891,1.0,0.0,800.0,0.5,800.0,0.0,-0.005,0.304,0.299,800.0,0.0,-0.0034029498999973385,0.256,0.25259705010000266
23.8092246,1.0,0.0,800.0,0.5,800.0,0.0,-0.005,0.304,0.299,800.0,0.0,-0.0034029498999973385,0.256,0.25259705010000266
23.820057102,1.0,0.0,800.0,0.5,800.0,0.0,-0.005,0.304,0.299,800.0,0.0,-0.0034029498999973385,0.256,0.25259705010000266
23.832576895,1.0,0.0,800.0,0.5,800.0,0.0,-0.005,0.304,0.299,820.0,-20.0,-0.1944184165999968,0.256,0.06158158340000319
23.846882563,1.0,0.0,800.0,0.5,800.0,0.0,-0.005,0.304,0.299,800.0,0.0,-0.0044184165999968175,0.256,0.2515815834000032
23.860292522,1.0,0.0,800.0,0.5,800.0,0.0,-0.005,0.304,0.299,800.0,0.0,-0.0044184165999968175,0.256,0.2515815834000032
23.876904107,1.0,0.0,800.0,0.5,800.0,0.0,-0.005,0.304,0.299,800.0,0.0,-0.0044184165999968175,0.256,0.2515815834000032
23.886971567,1.0,0.0,800.0,0.5,800.0,0.0,-0.005,0.304,0.299,800.0,0.0,-0.0044184165999968175,0.256,0.2515815834000032
23.898167484,1.0,0.0,800.0,0.5,800.0,0.0,-0.005,0.304,0.299,800.0,0.0,-0.0044184165999968175,0.256,0.2515815834000032
23.90799986,1.0,0.0,800.0,0.5,800.0,0.0,-0.005,0.304,0.299,800.0,0.0,-0.0044184165999968175,0.256,0.2515815834000032
23.918942028,1.0,0.0,800.0,0.5,800.0,0.0,-0.005,0.304,0.299,800.0,0.0,-0.0044184165999968175,0.256,0.2515815834000032
23.930086029,1.0,0.0,800.0,0.5,800.0,0.0,-0.005,0.304,0.299,800.0,0.0,-0.0044184165999968175,0.256,0.2515815834000032
23.942844114,1.0,0.0,800.0,0.5,800.0,0.0,-0.005,0.304,0.299,800.0,0.0,-0.0044184165999968175,0.256,0.2515815834000032
23.952856157,1.0,0.0,800.0,0.5,800.0,0.0,-0.005,0.304,0.299,800.0,0.0,-0.0044184165999968175,0.256,0.2515815834000032
23.967511533,1.0,0.0,800.0,0.5,800.0,0.0,-0.005,0.304,0.299,800.0,0.0,-0.0044184165999968175,0.256,0.2515815834000032
23.980974576,1.0,1.0,800.0,0.5,800.0,0.0,-0.005,0.304,0.299,800.0,0.0,-0.0044184165999968175,0.256,0.2515815834000032
23.990436244,1.0,0.0,800.0,0.5,800.0,0.0,-0.005,0.304,0.299,800.0,0.0,-0.0044184165999968175,0.256,0.2515815834000032
24.005958454,1.0,0.0,800.0,0.5,800.0,0.0,-0.005,0.304,0.299,780.0,20.0,0.18673973350000553,0.256,0.4427397335000055
24.017622788,1.0,0.0,800.0,0.5,800.0,0.0,-0.005,0.304,0.299,780.0,20.0,0.1880813128000034,0.256,0.4440813128000034
24.028609581,1.0,0.0,800.0,0.5,800.0,0.0,-0.005,0.304,0.299,800.0,0.0,-0.0019186871999966116,0.256,0.2540813128000034
24.042646916,1.0,0.0,800.0,0.5,800.0,0.0,-0.005,0.304,0.299,800.0,0.0,-0.0019186871999966116,0.256,0.2540813128000034
24.061475459,1.0,0.0,800.0,0.5,800.0,0.0,-0.005,0.304,0.299,800.0,0.0,-0.0019186871999966116,0.256,0.2540813128000034
24.073240127,1.0,0.0,800.0,0.5,800.0,0.0,-0.005,0.304,0.299,780.0,20.0,0.18905463370000233,0.256,0.4450546337000023
24.090303504,1.0,0.0,800.0,0.5,800.0,0.0,-0.005,0.304,0.299,820.0,-20.0,-0.19265704149999693,0.256,0.06334295850000307
24.108044422,1.0,0.0,800.0,0.5,800.0,0.0,-0.005,0.304,0.299,800.0,0.0,-0.0026570414999969216,0.256,0.2533429585000031
24.120570048,1.0,0.0,800.0,0.5,800.0,0.0,-0.005,0.304,0.299,800.0,0.0,-0.0026570414999969216,0.256,0.2533429585000031
24.13835005,0.0,0.0,800.0,0.5,720.0,80.0,0.7602130172000033,0.304,1.0,700.0,100.0,0.9538601049999909,0.256,1.0
24.155730469,0.0,0.0,800.0,0.5,640.0,160.0,1.525,0.304,1.0,660.0,140.0,1.335,0.256,1.0
24.170489678,0.0,0.0,800.0,0.5,600.0,200.0,1.9049999999999998,0.304,1.0,620.0,180.0,1.7149999999999999,0.256,1.0
24.179970888,0.0,0.0,800.0,0.5,600.0,200.0,1.9049999999999998,0.304,1.0,640.0,160.0,1.525,0.256,1.0
24.190425972,0.0,0.0,800.0,0.5,620.0,180.0,1.7149999999999999,0.304,1.0,660.0,140.0,1.335,0.256,1.0
24.200250765,0.0,0.0,800.0,0.5,640.0,160.0,1.525,0.304,1.0,680.0,120.0,1.1449999999999998,0.256,1.0
24.211490141,0.0,0.0,800.0,0.5,680.0,120.0,1.1449999999999998,0.304,1.0,700.0,100.0,0.955,0.256,1.0
24.222118184,0.0,0.0,800.0,0.5,700.0,100.0,0.955,0.304,1.0,700.0,100.0,0.955,0.256,1.0
24.233191601,0.0,0.0,800.0,0.5,720.0,80.0,0.765,0.304,1.0,720.0,80.0,0.765,0.256,1.0
24.244190353,0.0,0.0,800.0,0.5,720.0,80.0,0.765,0.304,1.0,720.0,80.0,0.765,0.256,1.0
24.258526646,0.0,0.0,800.0,0.5,740.0,60.0,0.575,0.304,0.879,740.0,60.0,0.575,0.256,0.831
24.273492939,0.0,0.0,800.0,0.5,760.0,40.0,0.385,0.304,0.6890000000000001,760.0,40.0,0.385,0.256,0.641
24.293379357,1.0,0.0,800.0,0.5,780.0,20.0,0.195,0.304,0.499,800.0,0.0,0.005,0.256,0.261
24.313062193,1.0,0.0,800.0,0.5,820.0,-20.0,-0.18690227929999764,0.304,0.11709772070000235,820.0,-20.0,-0.18690230860000043,0.256,0.06909769139999958
24.330178653,0.0,0.0,800.0,0.5,840.0,-40.0,-0.3804165712999975,0.304,-0.07641657129999752,820.0,-20.0,-0.18865930869999717,0.256,0.06734069130000284
24.344124696,0.0,0.0,800.0,0.5,840.0,-40.0,-0.3832554799000036,0.304,-0.07925547990000359,820.0,-20.0,-0.1900789088999977,0.256,0.0659210911000023
24.360983906,0.0,0.0,800.0,0.5,840.0,-40.0,-0.385,0.304,-0.08100000000000002,840.0,-40.0,-0.3833055008999963,0.256,-0.12730550089999632
24.379411116,0.0,0.0,800.0,0.5,820.0,-20.0,-0.195,0.304,0.10899999999999999,840.0,-40.0,-0.385,0.256,-0.129
24.394723034,1.0,0.0,800.0,0.5,820.0,-20.0,-0.195,0.304,0.10899999999999999,820.0,-20.0,-0.195,0.256,0.061
24.409245994,1.0,0.0,800.0,0.5,800.0,0.0,-0.005,0.304,0.299,800.0,0.0,-0.005,0.256,0.251
24.422234495,1.0,0.0,800.0,0.5,800.0,0.0,-0.005,0.304,0.299,820.0,-20.0,-0.195,0.256,0.061
24.434069747,1.0,0.0,800.0,0.5,800.0,0.0,-0.005,0.304,0.299,800.0,0.0,-0.005,0.256,0.251
24.444929373,1.0,0.0,800.0,0.5,800.0,0.0,-0.005,0.304,0.299,800.0,0.0,-0.005,0.256,0.251
24.454765249,1.0,0.0,800.0,0.5,800.0,0.0,-0.005,0.304,0.299,800.0,0.0,-0.005,0.256,0.251
24.4714515,1.0,0.0,800.0,0.5,800.0,0.0,-0.005,0.304,0.299,780.0,20.0,0.18644611269999473,0.256,0.44244611269999473
24.483909752,1.0,0.0,800.0,0.5,800.0,0.0,-0.005,0.304,0.299,800.0,0.0,-0.003553887300005272,0.256,0.25244611269999473
24.494579503,1.0,0.0,800.0,0.5,800.0,0.0,-0.005,0.304,0.299,800.0,0.0,-0.003553887300005272,0.256,0.25244611269999473
24.504257295,1.0,0.0,800.0,0.5,800.0,0.0,-0.005,0.304,0.299,800.0,0.0,-0.003553887300005272,0.256,0.25244611269999473
24.513887255,1.0,0.0,800.0,0.5,800.0,0.0,-0.005,0.304,0.299,800.0,0.0,-0.003553887300005272,0.256,0.25244611269999473
24.529159798,1.0,0.0,800.0,0.5,800.0,0.0,-0.005,0.304,0.299,800.0,0.0,-0.003553887300005272,0.256,0.25244611269999473
24.547679466,1.0,0.0,800.0,0.5,800.0,0.0,-0.005,0.304,0.299,780.0,20.0,0.18788233789999026,0.256,0.44388233789999026
24.572775052,0.0,0.0,800.0,0.5,740.0,60.0,0.5727517132000025,0.304,0.8767517132000024,720.0,80.0,0.765,0.256,1.0
24.584519303,0.0,0.0,800.0,0.5,680.0,120.0,1.1449999999999998,0.304,1.0,640.0,160.0,1.525,0.256,1.0
24.607897556,0.0,0.0,800.0,0.5,640.0,160.0,1.525,0.304,1.0,620.0,180.0,1.7149999999999999,0.256,1.0
24.61859764,0.0,0.0,800.0,0.5,660.0,140.0,1.335,0.304,1.0,620.0,180.0,1.7149999999999999,0.256,1.0
24.6331311,0.0,0.0,800.0,0.5,680.0,120.0,1.1449999999999998,0.304,1.0,660.0,140.0,1.335,0.256,1.0
24.644096018,0.0,0.0,800.0,0.5,700.0,100.0,0.955,0.304,1.0,680.0,120.0,1.1449999999999998,0.256,1.0
24.661054978,0.0,0.0,800.0,0.5,700.0,100.0,0.955,0.304,1.0,680.0,120.0,1.1449999999999998,0.256,1.0
24.673396854,0.0,0.0,800.0,0.5,740.0,60.0,0.575,0.304,0.879,720.0,80.0,0.765,0.256,1.0
24.687906105,0.0,0.0,800.0,0.5,740.0,60.0,0.575,0.304,0.879,740.0,60.0,0.575,0.256,0.831
24.699437148,0.0,0.0,800.0,0.5,760.0,40.0,0.385,0.304,0.6890000000000001,740.0,60.0,0.575,0.256,0.831
24.714530025,0.0,0.0,800.0,0.5,800.0,0.0,0.005,0.304,0.309,760.0,40.0,0.385,0.256,0.641
24.731104568,1.0,0.0,800.0,0.5,820.0,-20.0,-0.1866901501999996,0.304,0.1173098498000004,800.0,0.0,0.005,0.256,0.261
24.744253778,0.0,0.0,800.0,0.5,840.0,-40.0,-0.37978753380000396,0.304,-0.07578753380000397,800.0,0.0,0.005,0.256,0.261
24.760651279,1.0,0.0,800.0,0.5,820.0,-20.0,-0.19121220900000027,0.304,0.11278779099999972,820.0,-20.0,-0.18642470430000116,0.256,0.06957529569999885
24.774302156,1.0,0.0,800.0,0.5,820.0,-20.0,-0.1926017965999995,0.304,0.1113982034000005,820.0,-20.0,-0.1878142919000004,0.256,0.0681857080999996
24.793611074,0.0,0.0,800.0,0.5,840.0,-40.0,-0.385,0.304,-0.08100000000000002,820.0,-20.0,-0.18975145460000023,0.256,0.06624854539999978
24.806704576,0.0,0.0,800.0,0.5,820.0,-20.0,-0.195,0.304,0.10899999999999999,840.0,-40.0,-0.3821998215999997,0.256,-0.1261998215999997
24.818622952,0.0,0.0,800.0,0.5,820.0,-20.0,-0.195,0.304,0.10899999999999999,840.0,-40.0,-0.3849568301999966,0.256,-0.1289568301999966
24.832154537,1.0,0.0,800.0,0.5,820.0,-20.0,-0.195,0.304,0.10899999999999999,820.0,-20.0,-0.195,0.256,0.061
24.846539538,0.0,0.0,800.0,0.5,820.0,-20.0,-0.195,0.304,0.10899999999999999,840.0,-40.0,-0.385,0.256,-0.129
24.864080956,1.0,0.0,800.0,0.5,820.0,-20.0,-0.195,0.304,0.10899999999999999,820.0,-20.0,-0.195,0.256,0.061
24.879002041,1.0,0.0,800.0,0.5,800.0,0.0,-0.005,0.304,0.299,800.0,0.0,-0.005,0.256,0.251
24.897982543,1.0,0.0,800.0,0.5,800.0,0.0,-0.005,0.304,0.299,780.0,20.0,0.18715028359999678,0.256,0.44315028359999675
24.910322086,1.0,0.0,800.0,0.5,800.0,0.0,-0.005,0.304,0.299,780.0,20.0,0.1884013296000012,0.256,0.4444013296000012
24.924370504,1.0,0.0,800.0,0.5,800.0,0.0,-0.005,0.304,0.299,800.0,0.0,-0.0015986703999988094,0.256,0.25440132960000117
24.936637714,1.0,0.0,800.0,0.5,800.0,0.0,-0.005,0.304,0.299,780.0,20.0,0.18966952550000316,0.256,0.44566952550000316
24.953262715,1.0,0.0,800.0,0.5,800.0,0.0,-0.005,0.304,0.299,780.0,20.0,0.19137551320000398,0.256,0.447375513200004
24.968604384,0.0,0.0,800.0,0.5,780.0,20.0,0.18640752509999517,0.304,0.4904075250999952,760.0,40.0,0.38419050520000725,0.256,0.6401905052000072
24.981963302,0.0,0.0,800.0,0.5,740.0,60.0,0.5703474755000024,0.304,0.8743474755000025,700.0,100.0,0.955,0.256,1.0
24.995917511,0.0,0.0,800.0,0.5,680.0,120.0,1.1449999999999998,0.304,1.0,680.0,120.0,1.1449999999999998,0.256,1.0
25.010059846,0.0,0.0,800.0,0.5,640.0,160.0,1.525,0.304,1.0,640.0,160.0,1.525,0.256,1.0
25.022297889,0.0,0.0,800.0,0.5,640.0,160.0,1.525,0.304,1.0,680.0,120.0,1.1449999999999998,0.256,1.0
25.035013974,0.0,0.0,800.0,0.5,660.0,140.0,1.335,0.304,1.0,680.0,120.0,1.1449999999999998,0.256,1.0
25.051231809,0.0,0.0,800.0,0.5,680.0,120.0,1.1449999999999998,0.304,1.0,720.0,80.0,0.765,0.256,1.0
25.070131227,0.0,0.0,800.0,0.5,720.0,80.0,0.765,0.304,1.0,720.0,80.0,0.765,0.256,1.0
25.08465652,0.0,0.0,800.0,0.5,720.0,80.0,0.765,0.304,1.0,740.0,60.0,0.575,0.256,0.831
25.097579688,0.0,0.0,800.0,0.5,760.0,40.0,0.385,0.304,0.6890000000000001,780.0,20.0,0.195,0.256,0.451
25.131910025,1.0,0.0,800.0,0.5,800.0,0.0,0.005,0.304,0.309,800.0,0.0,0.005,0.256,0.261
25.145056318,1.0,0.0,800.0,0.5,820.0,-20.0,-0.1863529250999966,0.304,0.1176470749000034,820.0,-20.0,-0.18635295430000043,0.256,0.06964704569999958
25.158701653,1.0,0.0,800.0,0.5,820.0,-20.0,-0.1877094376999969,0.304,0.11629056230000309,820.0,-20.0,-0.18770844610000154,0.256,0.06829155389999847
25.18140703,0.0,0.0,800.0,0.5,840.0,-40.0,-0.38129816310000136,0.304,-0.07729816310000137,840.0,-40.0,-0.3812991547000081,0.256,-0.12529915470000808
25.196467531,1.0,0.0,800.0,0.5,820.0,-20.0,-0.19327064659999907,0.304,0.11072935340000092,820.0,-20.0,-0.19327163820000579,0.256,0.06272836179999422
25.210577491,0.0,0.0,800.0,0.5,840.0,-40.0,-0.385,0.304,-0.08100000000000002,820.0,-20.0,-0.19470990510000433,0.256,0.06129009489999568
25.221715367,0.0,0.0,800.0,0.5,840.0,-40.0,-0.385,0.304,-0.08100000000000002,840.0,-40.0,-0.385,0.256,-0.129
25.237846577,1.0,0.0,800.0,0.5,820.0,-20.0,-0.195,0.304,0.10899999999999999,800.0,0.0,-0.005,0.256,0.251
25.248342787,1.0,0.0,800.0,0.5,820.0,-20.0,-0.195,0.304,0.10899999999999999,800.0,0.0,-0.005,0.256,0.251
25.263643038,1.0,0.0,800.0,0.5,800.0,0.0,-0.005,0.304,0.299,820.0,-20.0,-0.195,0.256,0.061
25.274813289,1.0,0.0,800.0,0.5,800.0,0.0,-0.005,0.304,0.299,780.0,20.0,0.18629325009999662,0.256,0.44229325009999665
25.290000666,1.0,0.0,800.0,0.5,800.0,0.0,-0.005,0.304,0.299,800.0,0.0,-0.003706749900003388,0.256,0.2522932500999966
25.299207417,1.0,0.0,800.0,0.5,800.0,0.0,-0.005,0.304,0.299,800.0,0.0,-0.003706749900003388,0.256,0.2522932500999966
25.311816751,1.0,0.0,800.0,0.5,800.0,0.0,-0.005,0.304,0.299,780.0,20.0,0.18735305019999715,0.256,0.44335305019999716
25.322985836,1.0,0.0,800.0,0.5,800.0,0.0,-0.005,0.304,0.299,800.0,0.0,-0.002646949800002858,0.256,0.25335305019999715
25.332781754,1.0,0.0,800.0,0.5,800.0,0.0,-0.005,0.304,0.299,800.0,0.0,-0.002646949800002858,0.256,0.25335305019999715
25.341960796,1.0,0.0,800.0,0.5,800.0,0.0,-0.005,0.304,0.299,800.0,0.0,-0.002646949800002858,0.256,0.25335305019999715
25.351340214,1.0,0.0,800.0,0.5,800.0,0.0,-0.005,0.304,0.299,800.0,0.0,-0.002646949800002858,0.256,0.25335305019999715
25.361834965,1.0,0.0,800.0,0.5,800.0,0.0,-0.005,0.304,0.299,800.0,0.0,-0.002646949800002858,0.256,0.25335305019999715
25.371966882,1.0,0.0,800.0,0.5,800.0,0.0,-0.005,0.304,0.299,800.0,0.0,-0.002646949800002858,0.256,0.25335305019999715
25.384536842,1.0,0.0,800.0,0.5,800.0,0.0,-0.005,0.304,0.299,800.0,0.0,-0.002646949800002858,0.256,0.25335305019999715
25.393985093,1.0,0.0,800.0,0.5,800.0,0.0,-0.005,0.304,0.299,800.0,0.0,-0.002646949800002858,0.256,0.25335305019999715
25.407997636,1.0,0.0,800.0,0.5,800.0,0.0,-0.005,0.304,0.299,800.0,0.0,-0.002646949800002858,0.256,0.25335305019999715
25.41822872,1.0,0.0,800.0,0.5,800.0,0.0,-0.005,0.304,0.299,800.0,0.0,-0.002646949800002858,0.256,0.25335305019999715
25.429912597,1.0,0.0,800.0,0.5,800.0,0.0,-0.005,0.304,0.299,800.0,0.0,-0.002646949800002858,0.256,0.25335305019999715
25.440218056,1.0,0.0,800.0,0.5,800.0,0.0,-0.005,0.304,0.299,800.0,0.0,-0.002646949800002858,0.256,0.25335305019999715
25.453215599,1.0,0.0,800.0,0.5,800.0,0.0,-0.005,0.304,0.299,780.0,20.0,0.1884409086999972,0.256,0.4444409086999972
25.465578184,1.0,0.0,800.0,0.5,800.0,0.0,-0.005,0.304,0.299,800.0,0.0,-0.0015590913000028195,0.256,0.2544409086999972
25.476769726,1.0,0.0,800.0,0.5,800.0,0.0,-0.005,0.304,0.299,800.0,0.0,-0.0015590913000028195,0.256,0.2544409086999972
25.486308394,1.0,0.0,800.0,0.5,800.0,0.0,-0.005,0.304,0.299,800.0,0.0,-0.0015590913000028195,0.256,0.2544409086999972
25.497584812,1.0,0.0,800.0,0.5,780.0,20.0,0.18599688760000163,0.304,0.4899968876000016,800.0,0.0,-0.0015590913000028195,0.256,0.2544409086999972
25.509927271,1.0,0.0,800.0,0.5,800.0,0.0,-0.004003112399998372,0.304,0.2999968876000016,800.0,0.0,-0.0015590913000028195,0.256,0.2544409086999972
25.522227439,1.0,0.0,800.0,0.5,800.0,0.0,-0.004003112399998372,0.304,0.2999968876000016,780.0,20.0,0.1895769796000002,0.256,0.4455769796000002
25.538493399,1.0,0.0,800.0,0.5,800.0,0.0,-0.004003112399998372,0.304,0.2999968876000016,800.0,0.0,-4.230203999998139E-4,0.256,0.2555769796000002
25.557456109,1.0,0.0,800.0,0.5,800.0,0.0,-0.004003112399998372,0.304,0.2999968876000016,800.0,0.0,-4.230203999998139E-4,0.256,0.2555769796000002
25.580411445,1.0,0.0,800.0,0.5,800.0,0.0,-0.004003112399998372,0.304,0.2999968876000016,820.0,-20.0,-0.19251059569999826,0.256,0.06348940430000174
25.594376155,1.0,0.0,800.0,0.5,800.0,0.0,-0.004003112399998372,0.304,0.2999968876000016,800.0,0.0,-0.002510595699998248,0.256,0.2534894043000018
25.605849448,1.0,0.0,800.0,0.5,800.0,0.0,-0.004003112399998372,0.304,0.2999968876000016,800.0,0.0,-0.002510595699998248,0.256,0.2534894043000018
25.633082367,1.0,0.0,800.0,0.5,800.0,0.0,-0.004003112399998372,0.304,0.2999968876000016,800.0,0.0,-0.002510595699998248,0.256,0.2534894043000018
25.653879369,1.0,0.0,800.0,0.5,800.0,0.0,-0.004003112399998372,0.304,0.2999968876000016,800.0,0.0,-0.002510595699998248,0.256,0.2534894043000018
25.665783745,1.0,0.0,800.0,0.5,800.0,0.0,-0.004003112399998372,0.304,0.2999968876000016,780.0,20.0,0.18847255450000147,0.256,0.44447255450000145
25.686719289,1.0,0.0,800.0,0.5,800.0,0.0,-0.004003112399998372,0.304,0.2999968876000016,800.0,0.0,-0.001527445499998521,0.256,0.2544725545000015
25.69796479,1.0,0.0,800.0,0.5,800.0,0.0,-0.004003112399998372,0.304,0.2999968876000016,800.0,0.0,-0.001527445499998521,0.256,0.2544725545000015
25.709179375,1.0,0.0,800.0,0.5,800.0,0.0,-0.004003112399998372,0.304,0.2999968876000016,800.0,0.0,-0.001527445499998521,0.256,0.2544725545000015
25.735913544,0.0,0.0,800.0,0.5,820.0,-20.0,-0.195,0.304,0.10899999999999999,780.0,20.0,0.19069487980000077,0.256,0.4466948798000008
25.74836567,0.0,0.0,800.0,0.5,820.0,-20.0,-0.195,0.304,0.10899999999999999,780.0,20.0,0.1921915966000006,0.256,0.44819159660000063
25.76292538,1.0,0.0,800.0,0.5,820.0,-20.0,-0.195,0.304,0.10899999999999999,800.0,0.0,0.002191596600000594,0.256,0.2581915966000006
25.776900007,1.0,0.0,800.0,0.5,800.0,0.0,-0.005,0.304,0.299,820.0,-20.0,-0.18906344519999835,0.256,0.06693655480000166
25.789678216,1.0,0.0,800.0,0.5,800.0,0.0,-0.005,0.304,0.299,820.0,-20.0,-0.19045594950000122,0.256,0.06554405049999878
25.801528342,1.0,0.0,800.0,0.5,800.0,0.0,-0.005,0.304,0.299,820.0,-20.0,-0.19165035379999837,0.256,0.06434964620000164
25.814386177,1.0,0.0,800.0,0.5,800.0,0.0,-0.005,0.304,0.299,800.0,0.0,-0.0016503537999983564,0.256,0.25434964620000167
25.824106553,1.0,0.0,800.0,0.5,800.0,0.0,-0.005,0.304,0.299,800.0,0.0,-0.0016503537999983564,0.256,0.25434964620000167
25.834839596,1.0,0.0,800.0,0.5,800.0,0.0,-0.005,0.304,0.299,800.0,0.0,-0.0016503537999983564,0.256,0.25434964620000167
25.848804889,1.0,0.0,800.0,0.5,800.0,0.0,-0.005,0.304,0.299,820.0,-20.0,-0.1927854329999957,0.256,0.0632145670000043
25.861705015,1.0,0.0,800.0,0.5,800.0,0.0,-0.005,0.304,0.299,800.0,0.0,-0.0027854329999956917,0.256,0.25321456700000433
25.886841434,1.0,0.0,800.0,0.5,800.0,0.0,-0.005,0.304,0.299,820.0,-20.0,-0.195,0.256,0.061
25.897798769,1.0,0.0,800.0,0.5,800.0,0.0,-0.005,0.304,0.299,800.0,0.0,-0.005,0.256,0.251
25.909566353,1.0,0.0,800.0,0.5,800.0,0.0,-0.005,0.304,0.299,820.0,-20.0,-0.195,0.256,0.061
25.920267313,1.0,0.0,800.0,0.5,800.0,0.0,-0.005,0.304,0.299,800.0,0.0,-0.005,0.256,0.251
25.930321647,1.0,0.0,800.0,0.5,800.0,0.0,-0.005,0.304,0.299,800.0,0.0,-0.005,0.256,0.251
25.940147898,1.0,0.0,800.0,0.5,800.0,0.0,-0.005,0.304,0.299,800.0,0.0,-0.005,0.256,0.251
25.949673149,1.0,0.0,800.0,0.5,800.0,0.0,-0.005,0.304,0.299,800.0,0.0,-0.005,0.256,0.251
25.96108315,1.0,0.0,800.0,0.5,800.0,0.0,-0.005,0.304,0.299,820.0,-20.0,-0.195,0.256,0.061
25.969816818,1.0,0.0,800.0,0.5,800.0,0.0,-0.005,0.304,0.299,820.0,-20.0,-0.195,0.256,0.061
25.979292485,1.0,0.0,800.0,0.5,800.0,0.0,-0.005,0.304,0.299,820.0,-20.0,-0.195,0.256,0.061
25.992070111,1.0,0.0,800.0,0.5,800.0,0.0,-0.005,0.304,0.299,800.0,0.0,-0.005,0.256,0.251
26.006122904,1.0,0.0,800.0,0.5,800.0,0.0,-0.005,0.304,0.299,800.0,0.0,-0.005,0.256,0.251
26.016697281,1.0,0.0,800.0,0.5,800.0,0.0,-0.005,0.304,0.299,800.0,0.0,-0.005,0.256,0.251
26.025841323,1.0,0.0,800.0,0.5,800.0,0.0,-0.005,0.304,0.299,800.0,0.0,-0.005,0.256,0.251
26.037135533,1.0,0.0,800.0,0.5,800.0,0.0,-0.005,0.304,0.299,820.0,-20.0,-0.195,0.256,0.061
26.049559076,1.0,0.0,800.0,0.5,800.0,0.0,-0.005,0.304,0.299,800.0,0.0,-0.005,0.256,0.251
26.06289291,1.0,0.0,800.0,0.5,800.0,0.0,-0.005,0.304,0.299,800.0,0.0,-0.005,0.256,0.251
26.08168937,1.0,0.0,800.0,0.5,800.0,0.0,-0.005,0.304,0.299,800.0,0.0,-0.005,0.256,0.251
26.093106372,1.0,0.0,800.0,0.5,800.0,0.0,-0.005,0.304,0.299,800.0,0.0,-0.005,0.256,0.251
26.106885581,1.0,0.0,800.0,0.5,800.0,0.0,-0.005,0.304,0.299,820.0,-20.0,-0.195,0.256,0.061
26.119669041,1.0,0.0,800.0,0.5,800.0,0.0,-0.005,0.304,0.299,800.0,0.0,-0.005,0.256,0.251
26.144136377,1.0,0.0,800.0,0.5,800.0,0.0,-0.005,0.304,0.299,780.0,20.0,0.18755587529999843,0.256,0.4435558752999984
26.166528504,1.0,0.0,800.0,0.5,800.0,0.0,-0.005,0.304,0.299,800.0,0.0,-0.0024441247000015665,0.256,0.25355587529999846
26.179394214,1.0,0.0,800.0,0.5,820.0,-20.0,-0.195,0.304,0.10899999999999999,820.0,-20.0,-0.1935656414999994,0.256,0.06243435850000059
26.200172841,1.0,0.0,800.0,0.5,820.0,-20.0,-0.195,0.304,0.10899999999999999,800.0,0.0,-0.0035656414999994013,0.256,0.2524343585000006
26.210132675,1.0,0.0,800.0,0.5,820.0,-20.0,-0.195,0.304,0.10899999999999999,800.0,0.0,-0.0035656414999994013,0.256,0.2524343585000006
26.224237968,1.0,0.0,800.0,0.5,800.0,0.0,-0.005,0.304,0.299,780.0,20.0,0.18751107529999786,0.256,0.4435110752999979
26.238847553,1.0,0.0,800.0,0.5,820.0,-20.0,-0.195,0.304,0.10899999999999999,820.0,-20.0,-0.19384155820000729,0.256,0.06215844179999272
26.253450721,1.0,0.0,800.0,0.5,800.0,0.0,-0.005,0.304,0.299,820.0,-20.0,-0.195,0.256,0.061
26.263450222,1.0,0.0,800.0,0.5,800.0,0.0,-0.005,0.304,0.299,820.0,-20.0,-0.195,0.256,0.061
26.273895973,1.0,0.0,800.0,0.5,800.0,0.0,-0.005,0.304,0.299,820.0,-20.0,-0.195,0.256,0.061
26.28799835,1.0,0.0,800.0,0.5,800.0,0.0,-0.005,0.304,0.299,800.0,0.0,-0.005,0.256,0.251
26.300645892,1.0,0.0,800.0,0.5,780.0,20.0,0.18636680840000167,0.304,0.4903668084000017,800.0,0.0,-0.005,0.256,0.251
26.315134436,1.0,0.0,800.0,0.5,800.0,0.0,-0.0036331915999983267,0.304,0.3003668084000017,800.0,0.0,-0.005,0.256,0.251
26.327658895,1.0,0.0,800.0,0.5,780.0,20.0,0.18760986270000105,0.304,0.49160986270000107,800.0,0.0,-0.005,0.256,0.251
26.338960688,1.0,0.0,800.0,0.5,800.0,0.0,-0.002390137299998969,0.304,0.301609862700001,800.0,0.0,-0.005,0.256,0.251
26.350921939,1.0,0.0,800.0,0.5,820.0,-20.0,-0.19357617079999842,0.304,0.11042382920000157,800.0,0.0,-0.005,0.256,0.251
26.361989232,1.0,0.0,800.0,0.5,820.0,-20.0,-0.1946892875999947,0.304,0.10931071240000528,800.0,0.0,-0.005,0.256,0.251
26.375564275,1.0,0.0,800.0,0.5,820.0,-20.0,-0.195,0.304,0.10899999999999999,800.0,0.0,-0.005,0.256,0.251
26.390312693,1.0,0.0,800.0,0.5,800.0,0.0,-0.005,0.304,0.299,800.0,0.0,-0.005,0.256,0.251
26.403157694,1.0,0.0,800.0,0.5,800.0,0.0,-0.005,0.304,0.299,800.0,0.0,-0.005,0.256,0.251
26.416217654,1.0,0.0,800.0,0.5,800.0,0.0,-0.005,0.304,0.299,800.0,0.0,-0.005,0.256,0.251
26.427038197,1.0,0.0,800.0,0.5,800.0,0.0,-0.005,0.304,0.299,800.0,0.0,-0.005,0.256,0.251
26.435876573,1.0,0.0,800.0,0.5,800.0,0.0,-0.005,0.304,0.299,800.0,0.0,-0.005,0.256,0.251
26.450037866,1.0,0.0,800.0,0.5,800.0,0.0,-0.005,0.304,0.299,800.0,0.0,-0.005,0.256,0.251
26.459802284,1.0,0.0,800.0,0.5,800.0,0.0,-0.005,0.304,0.299,800.0,0.0,-0.005,0.256,0.251
26.475448452,0.0,0.0,800.0,0.5,820.0,-20.0,-0.195,0.304,0.10899999999999999,780.0,20.0,0.18624153760000353,0.256,0.4422415376000035
26.488770328,1.0,0.0,800.0,0.5,820.0,-20.0,-0.195,0.304,0.10899999999999999,800.0,0.0,-0.0037584623999964606,0.256,0.25224153760000356
26.502849371,0.0,0.0,800.0,0.5,820.0,-20.0,-0.195,0.304,0.10899999999999999,780.0,20.0,0.18765737520000472,0.256,0.4436573752000047
26.516786664,1.0,0.0,800.0,0.5,800.0,0.0,-0.005,0.304,0.299,820.0,-20.0,-0.19359040409999692,0.256,0.062409595900003084
26.528941582,1.0,0.0,800.0,0.5,800.0,0.0,-0.005,0.304,0.299,820.0,-20.0,-0.19494414589999678,0.256,0.06105585410000322
26.541271208,1.0,0.0,800.0,0.5,800.0,0.0,-0.005,0.304,0.299,780.0,20.0,0.18628852510000002,0.256,0.44228852510000005
26.553173543,1.0,0.0,800.0,0.5,800.0,0.0,-0.005,0.304,0.299,820.0,-20.0,-0.19489931670000374,0.256,0.06110068329999627
26.569344128,1.0,0.0,800.0,0.5,800.0,0.0,-0.005,0.304,0.299,800.0,0.0,-0.004899316700003737,0.256,0.25110068329999624
26.59292363,1.0,0.0,800.0,0.5,800.0,0.0,-0.005,0.304,0.299,820.0,-20.0,-0.195,0.256,0.061
26.612123465,1.0,0.0,800.0,0.5,800.0,0.0,-0.005,0.304,0.299,800.0,0.0,-0.005,0.256,0.251
26.626416008,1.0,0.0,800.0,0.5,800.0,0.0,-0.005,0.304,0.299,820.0,-20.0,-0.195,0.256,0.061
26.653121595,1.0,0.0,800.0,0.5,800.0,0.0,-0.005,0.304,0.299,800.0,0.0,-0.005,0.256,0.251
26.672256388,1.0,0.0,800.0,0.5,820.0,-20.0,-0.195,0.304,0.10899999999999999,800.0,0.0,-0.005,0.256,0.251
26.682352431,1.0,0.0,800.0,0.5,820.0,-20.0,-0.195,0.304,0.10899999999999999,800.0,0.0,-0.005,0.256,0.251
26.700442183,1.0,0.0,800.0,0.5,820.0,-20.0,-0.195,0.304,0.10899999999999999,800.0,0.0,-0.005,0.256,0.251
26.710185309,1.0,0.0,800.0,0.5,820.0,-20.0,-0.195,0.304,0.10899999999999999,800.0,0.0,-0.005,0.256,0.251
26.722967018,1.0,0.0,800.0,0.5,800.0,0.0,-0.005,0.304,0.299,800.0,0.0,-0.005,0.256,0.251
26.731911561,1.0,0.0,800.0,0.5,800.0,0.0,-0.005,0.304,0.299,800.0,0.0,-0.005,0.256,0.251
26.742190479,1.0,0.0,800.0,0.5,800.0,0.0,-0.005,0.304,0.299,800.0,0.0,-0.005,0.256,0.251
26.751551521,1.0,0.0,800.0,0.5,800.0,0.0,-0.005,0.304,0.299,800.0,0.0,-0.005,0.256,0.251
26.765684231,1.0,0.0,800.0,0.5,800.0,0.0,-0.005,0.304,0.299,800.0,0.0,-0.005,0.256,0.251
26.77562744,1.0,0.0,800.0,0.5,800.0,0.0,-0.005,0.304,0.299,800.0,0.0,-0.005,0.256,0.251
26.785131691,1.0,0.0,800.0,0.5,800.0,0.0,-0.005,0.304,0.299,800.0,0.0,-0.005,0.256,0.251
26.795088609,1.0,0.0,800.0,0.5,800.0,0.0,-0.005,0.304,0.299,800.0,0.0,-0.005,0.256,0.251
26.804874901,1.0,0.0,800.0,0.5,800.0,0.0,-0.005,0.304,0.299,800.0,0.0,-0.005,0.256,0.251
26.813966736,1.0,0.0,800.0,0.5,800.0,0.0,-0.005,0.304,0.299,800.0,0.0,-0.005,0.256,0.251
26.823953112,1.0,0.0,800.0,0.5,800.0,0.0,-0.005,0.304,0.299,800.0,0.0,-0.005,0.256,0.251
26.833177363,1.0,0.0,800.0,0.5,800.0,0.0,-0.005,0.304,0.299,800.0,0.0,-0.005,0.256,0.251
26.845631822,1.0,0.0,800.0,0.5,800.0,0.0,-0.005,0.304,0.299,780.0,20.0,0.1860414250999986,0.256,0.4420414250999986
26.859329074,1.0,0.0,800.0,0.5,800.0,0.0,-0.005,0.304,0.299,780.0,20.0,0.18736909189999892,0.256,0.44336909189999896
26.871722283,1.0,0.0,800.0,0.5,800.0,0.0,-0.005,0.304,0.299,800.0,0.0,-0.0026309081000010794,0.256,0.2533690918999989
26.888363035,1.0,0.0,800.0,0.5,800.0,0.0,-0.005,0.304,0.299,800.0,0.0,-0.0026309081000010794,0.256,0.2533690918999989
26.899304619,1.0,0.0,800.0,0.5,800.0,0.0,-0.005,0.304,0.299,800.0,0.0,-0.0026309081000010794,0.256,0.2533690918999989
26.911479954,1.0,0.0,800.0,0.5,800.0,0.0,-0.005,0.304,0.299,800.0,0.0,-0.0026309081000010794,0.256,0.2533690918999989
26.921598455,1.0,0.0,800.0,0.5,800.0,0.0,-0.005,0.304,0.299,800.0,0.0,-0.0026309081000010794,0.256,0.2533690918999989
26.933883164,1.0,0.0,800.0,0.5,800.0,0.0,-0.005,0.304,0.299,800.0,0.0,-0.0026309081000010794,0.256,0.2533690918999989
26.946450207,1.0,0.0,800.0,0.5,800.0,0.0,-0.005,0.304,0.299,820.0,-20.0,-0.19365853740000147,0.256,0.06234146259999854
26.958753,1.0,0.0,800.0,0.5,800.0,0.0,-0.005,0.304,0.299,820.0,-20.0,-0.1949202582999999,0.256,0.061079741700000106
26.969924418,1.0,0.0,800.0,0.5,800.0,0.0,-0.005,0.304,0.299,780.0,20.0,0.1861846043999981,0.256,0.44218460439999807
26.982092753,1.0,0.0,800.0,0.5,800.0,0.0,-0.005,0.304,0.299,780.0,20.0,0.18740015450000327,0.256,0.44340015450000325
26.993279629,1.0,0.0,800.0,0.5,800.0,0.0,-0.005,0.304,0.299,800.0,0.0,-0.002599845499996718,0.256,0.2534001545000033
27.003427296,1.0,0.0,800.0,0.5,800.0,0.0,-0.005,0.304,0.299,800.0,0.0,-0.002599845499996718,0.256,0.2534001545000033
27.019624715,1.0,0.0,800.0,0.5,800.0,0.0,-0.005,0.304,0.299,820.0,-20.0,-0.19400629149999532,0.256,0.061993708500004685
27.032077424,1.0,0.0,800.0,0.5,800.0,0.0,-0.005,0.304,0.299,820.0,-20.0,-0.195,0.256,0.061
27.043564134,1.0,0.0,800.0,0.5,800.0,0.0,-0.005,0.304,0.299,800.0,0.0,-0.005,0.256,0.251
27.055376343,1.0,0.0,800.0,0.5,800.0,0.0,-0.005,0.304,0.299,800.0,0.0,-0.005,0.256,0.251
27.068435428,1.0,0.0,800.0,0.5,800.0,0.0,-0.005,0.304,0.299,800.0,0.0,-0.005,0.256,0.251
27.078639971,1.0,0.0,800.0,0.5,800.0,0.0,-0.005,0.304,0.299,800.0,0.0,-0.005,0.256,0.251
27.097218847,1.0,0.0,800.0,0.5,800.0,0.0,-0.005,0.304,0.299,800.0,0.0,-0.005,0.256,0.251
27.107847182,1.0,0.0,800.0,0.5,800.0,0.0,-0.005,0.304,0.299,800.0,0.0,-0.005,0.256,0.251
27.118084391,1.0,0.0,800.0,0.5,800.0,0.0,-0.005,0.304,0.299,800.0,0.0,-0.005,0.256,0.251
27.129011684,1.0,0.0,800.0,0.5,800.0,0.0,-0.005,0.304,0.299,800.0,0.0,-0.005,0.256,0.251
27.152066186,1.0,0.0,800.0,0.5,800.0,0.0,-0.005,0.304,0.299,800.0,0.0,-0.005,0.256,0.251
27.166229521,1.0,0.0,800.0,0.5,800.0,0.0,-0.005,0.304,0.299,800.0,0.0,-0.005,0.256,0.251
27.183481898,1.0,0.0,800.0,0.5,800.0,0.0,-0.005,0.304,0.299,800.0,0.0,-0.005,0.256,0.251
27.193348982,1.0,0.0,800.0,0.5,800.0,0.0,-0.005,0.304,0.299,800.0,0.0,-0.005,0.256,0.251
27.211125192,1.0,0.0,800.0,0.5,800.0,0.0,-0.005,0.304,0.299,800.0,0.0,-0.005,0.256,0.251
27.22290386,1.0,0.0,800.0,0.5,820.0,-20.0,-0.195,0.304,0.10899999999999999,800.0,0.0,-0.005,0.256,0.251
27.233370903,1.0,0.0,800.0,0.5,820.0,-20.0,-0.195,0.304,0.10899999999999999,800.0,0.0,-0.005,0.256,0.251
27.244113279,1.0,0.0,800.0,0.5,800.0,0.0,-0.005,0.304,0.299,800.0,0.0,-0.005,0.256,0.251
27.25620928,1.0,0.0,800.0,0.5,820.0,-20.0,-0.195,0.304,0.10899999999999999,800.0,0.0,-0.005,0.256,0.251
27.265520448,1.0,0.0,800.0,0.5,820.0,-20.0,-0.195,0.304,0.10899999999999999,800.0,0.0,-0.005,0.256,0.251
27.277232032,1.0,0.0,800.0,0.5,800.0,0.0,-0.005,0.304,0.299,800.0,0.0,-0.005,0.256,0.251
27.288346867,1.0,0.0,800.0,0.5,800.0,0.0,-0.005,0.304,0.299,800.0,0.0,-0.005,0.256,0.251
27.304707035,1.0,0.0,800.0,0.5,800.0,0.0,-0.005,0.304,0.299,800.0,0.0,-0.005,0.256,0.251
27.316385661,1.0,0.0,800.0,0.5,800.0,0.0,-0.005,0.304,0.299,800.0,0.0,-0.005,0.256,0.251
27.327710496,1.0,0.0,800.0,0.5,800.0,0.0,-0.005,0.304,0.299,800.0,0.0,-0.005,0.256,0.251
27.338136705,1.0,0.0,800.0,0.5,800.0,0.0,-0.005,0.304,0.299,800.0,0.0,-0.005,0.256,0.251
27.349933165,1.0,0.0,800.0,0.5,800.0,0.0,-0.005,0.304,0.299,800.0,0.0,-0.005,0.256,0.251
27.360239791,1.0,0.0,800.0,0.5,800.0,0.0,-0.005,0.304,0.299,800.0,0.0,-0.005,0.256,0.251
27.375384875,1.0,0.0,800.0,0.5,800.0,0.0,-0.005,0.304,0.299,780.0,20.0,0.1860727793000001,0.256,0.4420727793000001
27.394112211,1.0,0.0,800.0,0.5,800.0,0.0,-0.005,0.304,0.299,800.0,0.0,-0.003927220699999907,0.256,0.2520727793000001
27.406531379,1.0,0.0,800.0,0.5,800.0,0.0,-0.005,0.304,0.299,800.0,0.0,-0.003927220699999907,0.256,0.2520727793000001
27.420676338,1.0,0.0,800.0,0.5,800.0,0.0,-0.005,0.304,0.299,780.0,20.0,0.18724522109999725,0.256,0.44324522109999726
27.433153256,1.0,0.0,800.0,0.5,800.0,0.0,-0.005,0.304,0.299,800.0,0.0,-0.002754778900002748,0.256,0.25324522109999725
27.446173841,1.0,0.0,800.0,0.5,800.0,0.0,-0.005,0.304,0.299,800.0,0.0,-0.002754778900002748,0.256,0.25324522109999725
27.457449384,1.0,0.0,800.0,0.5,800.0,0.0,-0.005,0.304,0.299,780.0,20.0,0.18816379619999907,0.256,0.4441637961999991
27.469744302,1.0,0.0,800.0,0.5,800.0,0.0,-0.005,0.304,0.299,820.0,-20.0,-0.19301447890000076,0.256,0.06298552109999925
27.480974053,1.0,0.0,800.0,0.5,800.0,0.0,-0.005,0.304,0.299,820.0,-20.0,-0.1941789873000016,0.256,0.0618210126999984
27.492861512,1.0,0.0,800.0,0.5,800.0,0.0,-0.005,0.304,0.299,800.0,0.0,-0.004178987300001609,0.256,0.2518210126999984
27.504858055,1.0,0.0,800.0,0.5,800.0,0.0,-0.005,0.304,0.299,820.0,-20.0,-0.195,0.256,0.061
27.516841181,1.0,0.0,800.0,0.5,800.0,0.0,-0.005,0.304,0.299,800.0,0.0,-0.005,0.256,0.251
27.526375474,1.0,0.0,800.0,0.5,800.0,0.0,-0.005,0.304,0.299,800.0,0.0,-0.005,0.256,0.251
27.540219434,1.0,0.0,800.0,0.5,800.0,0.0,-0.005,0.304,0.299,820.0,-20.0,-0.195,0.256,0.061
27.55245106,1.0,0.0,800.0,0.5,800.0,0.0,-0.005,0.304,0.299,800.0,0.0,-0.005,0.256,0.251
27.563425019,1.0,0.0,800.0,0.5,800.0,0.0,-0.005,0.304,0.299,800.0,0.0,-0.005,0.256,0.251
27.581265688,1.0,0.0,800.0,0.5,800.0,0.0,-0.005,0.304,0.299,800.0,0.0,-0.005,0.256,0.251
27.60104244,1.0,0.0,800.0,0.5,800.0,0.0,-0.005,0.304,0.299,800.0,0.0,-0.005,0.256,0.251
27.610682899,1.0,0.0,800.0,0.5,800.0,0.0,-0.005,0.304,0.299,800.0,0.0,-0.005,0.256,0.251
27.62022565,1.0,0.0,800.0,0.5,800.0,0.0,-0.005,0.304,0.299,800.0,0.0,-0.005,0.256,0.251
27.630854276,1.0,0.0,800.0,0.5,800.0,0.0,-0.005,0.304,0.299,800.0,0.0,-0.005,0.256,0.251
27.645729569,1.0,0.0,800.0,0.5,800.0,0.0,-0.005,0.304,0.299,800.0,0.0,-0.005,0.256,0.251
27.667983738,1.0,0.0,800.0,0.5,800.0,0.0,-0.005,0.304,0.299,800.0,0.0,-0.005,0.256,0.251
27.678480823,1.0,0.0,800.0,0.5,800.0,0.0,-0.005,0.304,0.299,800.0,0.0,-0.005,0.256,0.251
27.69854545,1.0,0.0,800.0,0.5,800.0,0.0,-0.005,0.304,0.299,800.0,0.0,-0.005,0.256,0.251
27.715525701,1.0,0.0,800.0,0.5,800.0,0.0,-0.005,0.304,0.299,800.0,0.0,-0.005,0.256,0.251
27.726753994,1.0,0.0,800.0,0.5,800.0,0.0,-0.005,0.304,0.299,800.0,0.0,-0.005,0.256,0.251
27.740274204,1.0,0.0,800.0,0.5,800.0,0.0,-0.005,0.304,0.299,800.0,0.0,-0.005,0.256,0.251
27.750964372,1.0,0.0,800.0,0.5,800.0,0.0,-0.005,0.304,0.299,800.0,0.0,-0.005,0.256,0.251
27.760195914,1.0,0.0,800.0,0.5,800.0,0.0,-0.005,0.304,0.299,800.0,0.0,-0.005,0.256,0.251
27.76970454,1.0,0.0,800.0,0.5,800.0,0.0,-0.005,0.304,0.299,800.0,0.0,-0.005,0.256,0.251
27.782305125,1.0,0.0,800.0,0.5,800.0,0.0,-0.005,0.304,0.299,800.0,0.0,-0.005,0.256,0.251
27.792101042,1.0,0.0,800.0,0.5,800.0,0.0,-0.005,0.304,0.299,800.0,0.0,-0.005,0.256,0.251
27.809792377,0.0,0.0,800.0,0.5,820.0,-20.0,-0.195,0.304,0.10899999999999999,780.0,20.0,0.18635292519999552,0.256,0.44235292519999553
27.822091087,0.0,0.0,800.0,0.5,820.0,-20.0,-0.195,0.304,0.10899999999999999,780.0,20.0,0.18777812530000007,0.256,0.44377812530000005
27.838076464,1.0,0.0,800.0,0.5,800.0,0.0,-0.005,0.304,0.299,800.0,0.0,-0.002221874699999944,0.256,0.25377812530000005
27.851573048,1.0,0.0,800.0,0.5,820.0,-20.0,-0.195,0.304,0.10899999999999999,800.0,0.0,-0.002221874699999944,0.256,0.25377812530000005
27.865315508,1.0,0.0,800.0,0.5,800.0,0.0,-0.005,0.304,0.299,800.0,0.0,-0.002221874699999944,0.256,0.25377812530000005
27.878326759,1.0,0.0,800.0,0.5,800.0,0.0,-0.005,0.304,0.299,800.0,0.0,-0.002221874699999944,0.256,0.25377812530000005
27.889869469,1.0,0.0,800.0,0.5,800.0,0.0,-0.005,0.304,0.299,800.0,0.0,-0.002221874699999944,0.256,0.25377812530000005
27.899452761,1.0,0.0,800.0,0.5,800.0,0.0,-0.005,0.304,0.299,800.0,0.0,-0.002221874699999944,0.256,0.25377812530000005
27.915252055,1.0,0.0,800.0,0.5,800.0,0.0,-0.005,0.304,0.299,820.0,-20.0,-0.1933871706000002,0.256,0.06261282939999979
27.926862431,1.0,0.0,800.0,0.5,800.0,0.0,-0.005,0.304,0.299,800.0,0.0,-0.003387170600000218,0.256,0.2526128293999998
27.938556515,1.0,0.0,800.0,0.5,800.0,0.0,-0.005,0.304,0.299,780.0,20.0,0.18778322959999855,0.256,0.44378322959999855
27.949864433,1.0,0.0,800.0,0.5,800.0,0.0,-0.005,0.304,0.299,780.0,20.0,0.18891160049999825,0.256,0.4449116004999982
27.962828143,1.0,0.0,800.0,0.5,800.0,0.0,-0.005,0.304,0.299,800.0,0.0,-0.0010883995000017421,0.256,0.2549116004999983
27.971893727,1.0,0.0,800.0,0.5,800.0,0.0,-0.005,0.304,0.299,800.0,0.0,-0.0010883995000017421,0.256,0.2549116004999983
27.983877437,1.0,0.0,800.0,0.5,800.0,0.0,-0.005,0.304,0.299,820.0,-20.0,-0.1920884955000031,0.256,0.06391150449999691
27.995221813,1.0,0.0,800.0,0.5,800.0,0.0,-0.005,0.304,0.299,820.0,-20.0,-0.1932072998000035,0.256,0.0627927001999965
28.011344564,1.0,0.0,800.0,0.5,800.0,0.0,-0.005,0.304,0.299,800.0,0.0,-0.0032072998000035116,0.256,0.2527927001999965
28.020781732,1.0,0.0,800.0,0.5,800.0,0.0,-0.005,0.304,0.299,800.0,0.0,-0.0032072998000035116,0.256,0.2527927001999965
28.030700441,1.0,0.0,800.0,0.5,800.0,0.0,-0.005,0.304,0.299,800.0,0.0,-0.0032072998000035116,0.256,0.2527927001999965
28.039982151,1.0,0.0,800.0,0.5,800.0,0.0,-0.005,0.304,0.299,800.0,0.0,-0.0032072998000035116,0.256,0.2527927001999965
28.049006026,1.0,0.0,800.0,0.5,800.0,0.0,-0.005,0.304,0.299,800.0,0.0,-0.0032072998000035116,0.256,0.2527927001999965
28.059275611,1.0,0.0,800.0,0.5,800.0,0.0,-0.005,0.304,0.299,800.0,0.0,-0.0032072998000035116,0.256,0.2527927001999965
28.068768778,1.0,0.0,800.0,0.5,800.0,0.0,-0.005,0.304,0.299,800.0,0.0,-0.0032072998000035116,0.256,0.2527927001999965
28.082841697,1.0,0.0,800.0,0.5,800.0,0.0,-0.005,0.304,0.299,800.0,0.0,-0.0032072998000035116,0.256,0.2527927001999965
28.10106299,1.0,0.0,800.0,0.5,800.0,0.0,-0.005,0.304,0.299,800.0,0.0,-0.0032072998000035116,0.256,0.2527927001999965
28.111460908,1.0,0.0,800.0,0.5,800.0,0.0,-0.005,0.304,0.299,800.0,0.0,-0.0032072998000035116,0.256,0.2527927001999965
28.124847534,1.0,0.0,800.0,0.5,800.0,0.0,-0.005,0.304,0.299,800.0,0.0,-0.0032072998000035116,0.256,0.2527927001999965
28.141287619,1.0,0.0,800.0,0.5,800.0,0.0,-0.005,0.304,0.299,800.0,0.0,-0.0032072998000035116,0.256,0.2527927001999965
28.15205362,1.0,0.0,800.0,0.5,800.0,0.0,-0.005,0.304,0.299,800.0,0.0,-0.0032072998000035116,0.256,0.2527927001999965
28.175619998,1.0,0.0,800.0,0.5,800.0,0.0,-0.005,0.304,0.299,800.0,0.0,-0.0032072998000035116,0.256,0.2527927001999965
28.186936665,1.0,0.0,800.0,0.5,800.0,0.0,-0.005,0.304,0.299,800.0,0.0,-0.0032072998000035116,0.256,0.2527927001999965
28.204715792,1.0,0.0,800.0,0.5,800.0,0.0,-0.005,0.304,0.299,800.0,0.0,-0.0032072998000035116,0.256,0.2527927001999965
28.223595377,1.0,0.0,800.0,0.5,800.0,0.0,-0.005,0.304,0.299,800.0,0.0,-0.0032072998000035116,0.256,0.2527927001999965
28.235951254,1.0,0.0,800.0,0.5,820.0,-20.0,-0.195,0.304,0.10899999999999999,800.0,0.0,-0.0032072998000035116,0.256,0.2527927001999965
28.247853588,1.0,0.0,800.0,0.5,800.0,0.0,-0.005,0.304,0.299,800.0,0.0,-0.0032072998000035116,0.256,0.2527927001999965
28.261869631,1.0,0.0,800.0,0.5,820.0,-20.0,-0.195,0.304,0.10899999999999999,800.0,0.0,-0.0032072998000035116,0.256,0.2527927001999965
28.270322424,1.0,0.0,800.0,0.5,820.0,-20.0,-0.195,0.304,0.10899999999999999,800.0,0.0,-0.0032072998000035116,0.256,0.2527927001999965
28.280169091,1.0,0.0,800.0,0.5,800.0,0.0,-0.005,0.304,0.299,800.0,0.0,-0.0032072998000035116,0.256,0.2527927001999965
28.294203801,1.0,0.0,800.0,0.5,820.0,-20.0,-0.195,0.304,0.10899999999999999,800.0,0.0,-0.0032072998000035116,0.256,0.2527927001999965
28.303774552,1.0,0.0,800.0,0.5,800.0,0.0,-0.005,0.304,0.299,800.0,0.0,-0.0032072998000035116,0.256,0.2527927001999965
28.31291597,1.0,0.0,800.0,0.5,800.0,0.0,-0.005,0.304,0.299,800.0,0.0,-0.0032072998000035116,0.256,0.2527927001999965
28.321417762,1.0,0.0,800.0,0.5,800.0,0.0,-0.005,0.304,0.299,800.0,0.0,-0.0032072998000035116,0.256,0.2527927001999965
28.33109643,1.0,0.0,800.0,0.5,820.0,-20.0,-0.195,0.304,0.10899999999999999,800.0,0.0,-0.0032072998000035116,0.256,0.2527927001999965
28.342967848,1.0,0.0,800.0,0.5,800.0,0.0,-0.005,0.304,0.299,800.0,0.0,-0.0032072998000035116,0.256,0.2527927001999965
28.35318989,1.0,0.0,800.0,0.5,800.0,0.0,-0.005,0.304,0.299,800.0,0.0,-0.0032072998000035116,0.256,0.2527927001999965
28.363823183,1.0,0.0,800.0,0.5,800.0,0.0,-0.005,0.304,0.299,800.0,0.0,-0.0032072998000035116,0.256,0.2527927001999965
28.374397851,1.0,0.0,800.0,0.5,800.0,0.0,-0.005,0.304,0.299,800.0,0.0,-0.0032072998000035116,0.256,0.2527927001999965
28.38495531,1.0,0.0,800.0,0.5,800.0,0.0,-0.005,0.304,0.299,800.0,0.0,-0.0032072998000035116,0.256,0.2527927001999965
28.394793811,1.0,0.0,800.0,0.5,800.0,0.0,-0.005,0.304,0.299,800.0,0.0,-0.0032072998000035116,0.256,0.2527927001999965
28.415601022,1.0,0.0,800.0,0.5,800.0,0.0,-0.005,0.304,0.299,780.0,20.0,0.18843805029999658,0.256,0.4444380502999966
28.427708981,1.0,0.0,800.0,0.5,800.0,0.0,-0.005,0.304,0.299,800.0,0.0,-0.0015619497000034243,0.256,0.25443805029999655
28.438865232,1.0,0.0,800.0,0.5,800.0,0.0,-0.005,0.304,0.299,800.0,0.0,-0.0015619497000034243,0.256,0.25443805029999655
28.451265442,1.0,0.0,800.0,0.5,800.0,0.0,-0.005,0.304,0.299,780.0,20.0,0.1894588546,0.256,0.4454588546
28.465553318,1.0,0.0,800.0,0.5,800.0,0.0,-0.005,0.304,0.299,820.0,-20.0,-0.19199408299999846,0.256,0.06400591700000155
28.477797486,1.0,0.0,800.0,0.5,800.0,0.0,-0.005,0.304,0.299,800.0,0.0,-0.0019940829999984546,0.256,0.2540059170000015
28.490937363,1.0,0.0,800.0,0.5,800.0,0.0,-0.005,0.304,0.299,780.0,20.0,0.18932255879999843,0.256,0.44532255879999844
28.502495822,1.0,0.0,800.0,0.5,800.0,0.0,-0.005,0.304,0.299,800.0,0.0,-6.774412000015673E-4,0.256,0.25532255879999843
28.515498615,1.0,0.0,800.0,0.5,780.0,20.0,0.18618259179999996,0.304,0.49018259179999996,780.0,20.0,0.19050512140000023,0.256,0.4465051214000002
28.528122241,1.0,0.0,800.0,0.5,800.0,0.0,-0.0038174082000000456,0.304,0.30018259179999995,780.0,20.0,0.19174639650000017,0.256,0.44774639650000014
28.540414243,1.0,0.0,800.0,0.5,800.0,0.0,-0.0038174082000000456,0.304,0.30018259179999995,820.0,-20.0,-0.18958071619999942,0.256,0.06641928380000059
28.556305702,1.0,0.0,800.0,0.5,820.0,-20.0,-0.195,0.304,0.10899999999999999,800.0,0.0,4.19283800000585E-4,0.256,0.25641928380000056
28.572131537,1.0,0.0,800.0,0.5,820.0,-20.0,-0.195,0.304,0.10899999999999999,820.0,-20.0,-0.1913040871999965,0.256,0.0646959128000035
28.589052872,1.0,0.0,800.0,0.5,800.0,0.0,-0.005,0.304,0.299,800.0,0.0,-0.001304087199996502,0.256,0.2546959128000035
28.612999291,1.0,0.0,800.0,0.5,800.0,0.0,-0.005,0.304,0.299,800.0,0.0,-0.001304087199996502,0.256,0.2546959128000035
28.622756417,1.0,0.0,800.0,0.5,800.0,0.0,-0.005,0.304,0.299,800.0,0.0,-0.001304087199996502,0.256,0.2546959128000035
28.631708543,1.0,0.0,800.0,0.5,800.0,0.0,-0.005,0.304,0.299,800.0,0.0,-0.001304087199996502,0.256,0.2546959128000035
28.64559392,1.0,0.0,800.0,0.5,800.0,0.0,-0.005,0.304,0.299,800.0,0.0,-0.001304087199996502,0.256,0.2546959128000035
28.655169921,1.0,0.0,800.0,0.5,800.0,0.0,-0.005,0.304,0.299,800.0,0.0,-0.001304087199996502,0.256,0.2546959128000035
28.681222757,1.0,0.0,800.0,0.5,800.0,0.0,-0.005,0.304,0.299,820.0,-20.0,-0.1936975915999949,0.256,0.062302408400005116
28.701351842,1.0,0.0,800.0,0.5,800.0,0.0,-0.005,0.304,0.299,820.0,-20.0,-0.195,0.256,0.061
28.732442637,1.0,0.0,800.0,0.5,800.0,0.0,-0.005,0.304,0.299,800.0,0.0,-0.005,0.256,0.251
28.754345931,1.0,0.0,800.0,0.5,800.0,0.0,-0.005,0.304,0.299,800.0,0.0,-0.005,0.256,0.251
28.765790057,1.0,0.0,800.0,0.5,800.0,0.0,-0.005,0.304,0.299,800.0,0.0,-0.005,0.256,0.251
28.785949476,1.0,0.0,800.0,0.5,820.0,-20.0,-0.195,0.304,0.10899999999999999,800.0,0.0,-0.005,0.256,0.251
28.79739331,1.0,0.0,800.0,0.5,820.0,-20.0,-0.195,0.304,0.10899999999999999,800.0,0.0,-0.005,0.256,0.251
28.81436627,1.0,0.0,800.0,0.5,820.0,-20.0,-0.195,0.304,0.10899999999999999,800.0,0.0,-0.005,0.256,0.251
28.825566271,1.0,0.0,800.0,0.5,820.0,-20.0,-0.195,0.304,0.10899999999999999,800.0,0.0,-0.005,0.256,0.251
28.846519023,1.0,0.0,800.0,0.5,800.0,0.0,-0.005,0.304,0.299,800.0,0.0,-0.005,0.256,0.251
28.85961165,1.0,0.0,800.0,0.5,780.0,20.0,0.18659547519999706,0.304,0.490595475199997,800.0,0.0,-0.005,0.256,0.251
28.87900311,1.0,0.0,800.0,0.5,800.0,0.0,-0.003404524800002946,0.304,0.300595475199997,800.0,0.0,-0.005,0.256,0.251
28.894010236,1.0,0.0,800.0,0.5,800.0,0.0,-0.003404524800002946,0.304,0.300595475199997,800.0,0.0,-0.005,0.256,0.251
28.907500113,1.0,0.0,800.0,0.5,820.0,-20.0,-0.1946318291000023,0.304,0.1093681708999977,800.0,0.0,-0.005,0.256,0.251
28.925616406,1.0,0.0,800.0,0.5,800.0,0.0,-0.004631829100002279,0.304,0.29936817089999773,800.0,0.0,-0.005,0.256,0.251
28.941005616,1.0,0.0,800.0,0.5,800.0,0.0,-0.004631829100002279,0.304,0.29936817089999773,780.0,20.0,0.18623655009999765,0.256,0.4422365500999976
28.953411367,1.0,0.0,800.0,0.5,800.0,0.0,-0.004631829100002279,0.304,0.29936817089999773,800.0,0.0,-0.0037634499000023425,0.256,0.2522365500999977
28.967997035,1.0,0.0,800.0,0.5,800.0,0.0,-0.004631829100002279,0.304,0.29936817089999773,780.0,20.0,0.187680941899996,0.256,0.443680941899996
28.980984078,1.0,0.0,800.0,0.5,800.0,0.0,-0.004631829100002279,0.304,0.29936817089999773,780.0,20.0,0.1889759419999996,0.256,0.44497594199999957
28.993779788,1.0,0.0,800.0,0.5,800.0,0.0,-0.004631829100002279,0.304,0.29936817089999773,820.0,-20.0,-0.19231491649999952,0.256,0.06368508350000049
29.006249998,1.0,0.0,800.0,0.5,800.0,0.0,-0.004631829100002279,0.304,0.29936817089999773,800.0,0.0,-0.0023149164999995264,0.256,0.25368508350000046
29.019593457,1.0,0.0,800.0,0.5,800.0,0.0,-0.004631829100002279,0.304,0.29936817089999773,820.0,-20.0,-0.1936173249999979,0.256,0.06238267500000211
29.03216575,1.0,0.0,800.0,0.5,800.0,0.0,-0.004631829100002279,0.304,0.29936817089999773,820.0,-20.0,-0.19489642929999718,0.256,0.06110357070000283
29.04696696,1.0,0.0,800.0,0.5,820.0,-20.0,-0.195,0.304,0.10899999999999999,800.0,0.0,-0.004896429299997181,0.256,0.25110357070000283
29.058034253,1.0,0.0,800.0,0.5,820.0,-20.0,-0.195,0.304,0.10899999999999999,800.0,0.0,-0.004896429299997181,0.256,0.25110357070000283
29.076890796,1.0,0.0,800.0,0.5,820.0,-20.0,-0.195,0.304,0.10899999999999999,800.0,0.0,-0.004896429299997181,0.256,0.25110357070000283
29.096556423,1.0,0.0,800.0,0.5,800.0,0.0,-0.005,0.304,0.299,800.0,0.0,-0.004896429299997181,0.256,0.25110357070000283
29.119521676,1.0,0.0,800.0,0.5,800.0,0.0,-0.005,0.304,0.299,800.0,0.0,-0.004896429299997181,0.256,0.25110357070000283
29.131170843,1.0,0.0,800.0,0.5,800.0,0.0,-0.005,0.304,0.299,800.0,0.0,-0.004896429299997181,0.256,0.25110357070000283
29.142411678,1.0,0.0,800.0,0.5,800.0,0.0,-0.005,0.304,0.299,800.0,0.0,-0.004896429299997181,0.256,0.25110357070000283
29.153440471,1.0,0.0,800.0,0.5,820.0,-20.0,-0.195,0.304,0.10899999999999999,800.0,0.0,-0.004896429299997181,0.256,0.25110357070000283
29.166550014,1.0,0.0,800.0,0.5,800.0,0.0,-0.005,0.304,0.299,800.0,0.0,-0.004896429299997181,0.256,0.25110357070000283
29.183207682,1.0,0.0,800.0,0.5,800.0,0.0,-0.005,0.304,0.299,800.0,0.0,-0.004896429299997181,0.256,0.25110357070000283
29.193244516,1.0,0.0,800.0,0.5,800.0,0.0,-0.005,0.304,0.299,800.0,0.0,-0.004896429299997181,0.256,0.25110357070000283
29.206462268,1.0,0.0,800.0,0.5,800.0,0.0,-0.005,0.304,0.299,800.0,0.0,-0.004896429299997181,0.256,0.25110357070000283
29.22606402,1.0,0.0,800.0,0.5,800.0,0.0,-0.005,0.304,0.299,800.0,0.0,-0.004896429299997181,0.256,0.25110357070000283
29.24250673,1.0,0.0,800.0,0.5,800.0,0.0,-0.005,0.304,0.299,800.0,0.0,-0.004896429299997181,0.256,0.25110357070000283
29.254109523,1.0,0.0,800.0,0.5,780.0,20.0,0.18632895020000206,0.304,0.49032895020000206,800.0,0.0,-0.004896429299997181,0.256,0.25110357070000283
29.264606024,1.0,0.0,800.0,0.5,780.0,20.0,0.18739318360000312,0.304,0.4913931836000031,800.0,0.0,-0.004896429299997181,0.256,0.25110357070000283
29.275409066,1.0,0.0,800.0,0.5,800.0,0.0,-0.0026068163999968873,0.304,0.3013931836000031,800.0,0.0,-0.004896429299997181,0.256,0.25110357070000283
29.286728651,1.0,0.0,800.0,0.5,780.0,20.0,0.1885183170000039,0.304,0.4925183170000039,800.0,0.0,-0.004896429299997181,0.256,0.25110357070000283
29.299238235,1.0,0.0,800.0,0.5,800.0,0.0,-0.00148168299999611,0.304,0.30251831700000387,800.0,0.0,-0.004896429299997181,0.256,0.25110357070000283
29.310836945,1.0,0.0,800.0,0.5,820.0,-20.0,-0.19264528719999816,0.304,0.11135471280000184,800.0,0.0,-0.004896429299997181,0.256,0.25110357070000283
29.322717404,1.0,0.0,800.0,0.5,820.0,-20.0,-0.19385351649999735,0.304,0.11014648350000264,800.0,0.0,-0.004896429299997181,0.256,0.25110357070000283
29.334774322,1.0,0.0,800.0,0.5,820.0,-20.0,-0.195,0.304,0.10899999999999999,800.0,0.0,-0.004896429299997181,0.256,0.25110357070000283
29.348183407,1.0,0.0,800.0,0.5,800.0,0.0,-0.005,0.304,0.299,800.0,0.0,-0.004896429299997181,0.256,0.25110357070000283
29.358312408,1.0,0.0,800.0,0.5,800.0,0.0,-0.005,0.304,0.299,800.0,0.0,-0.004896429299997181,0.256,0.25110357070000283
29.374182868,1.0,0.0,800.0,0.5,820.0,-20.0,-0.195,0.304,0.10899999999999999,800.0,0.0,-0.004896429299997181,0.256,0.25110357070000283
29.393013453,0.0,0.0,800.0,0.5,820.0,-20.0,-0.195,0.304,0.10899999999999999,780.0,20.0,0.186905137600005,0.256,0.442905137600005
29.406551163,1.0,0.0,800.0,0.5,820.0,-20.0,-0.195,0.304,0.10899999999999999,800.0,0.0,-0.0030948623999950088,0.256,0.252905137600005
29.416448581,1.0,0.0,800.0,0.5,820.0,-20.0,-0.195,0.304,0.10899999999999999,800.0,0.0,-0.0030948623999950088,0.256,0.252905137600005
29.435092499,0.0,0.0,800.0,0.5,820.0,-20.0,-0.195,0.304,0.10899999999999999,780.0,20.0,0.18842025850000596,0.256,0.444420258500006
29.452238126,1.0,0.0,800.0,0.5,820.0,-20.0,-0.195,0.304,0.10899999999999999,820.0,-20.0,-0.19319852089999587,0.256,0.06280147910000414
29.465481544,0.0,0.0,800.0,0.5,820.0,-20.0,-0.195,0.304,0.10899999999999999,780.0,20.0,0.18837128760000382,0.256,0.44437128760000383
29.480975754,1.0,0.0,800.0,0.5,800.0,0.0,-0.005,0.304,0.299,800.0,0.0,-0.0016287123999961751,0.256,0.2543712876000038
29.493088963,1.0,0.0,800.0,0.5,800.0,0.0,-0.005,0.304,0.299,780.0,20.0,0.18970846279999934,0.256,0.4457084627999993
29.505866881,1.0,0.0,800.0,0.5,800.0,0.0,-0.005,0.304,0.299,800.0,0.0,-2.915372000006755E-4,0.256,0.2557084627999993
29.518174341,1.0,0.0,800.0,0.5,800.0,0.0,-0.005,0.304,0.299,820.0,-20.0,-0.19153217070000436,0.256,0.06446782929999564
29.534469467,1.0,0.0,800.0,0.5,800.0,0.0,-0.005,0.304,0.299,800.0,0.0,-0.0015321707000043715,0.256,0.2544678292999956
29.546680385,1.0,0.0,800.0,0.5,800.0,0.0,-0.005,0.304,0.299,820.0,-20.0,-0.19275521660000663,0.256,0.06324478339999337
29.559467637,1.0,0.0,800.0,0.5,800.0,0.0,-0.005,0.304,0.299,800.0,0.0,-0.002755216600006634,0.256,0.25324478339999335
29.570062138,1.0,0.0,800.0,0.5,800.0,0.0,-0.005,0.304,0.299,800.0,0.0,-0.002755216600006634,0.256,0.25324478339999335
29.580734222,1.0,0.0,800.0,0.5,800.0,0.0,-0.005,0.304,0.299,800.0,0.0,-0.002755216600006634,0.256,0.25324478339999335
29.598473099,1.0,0.0,800.0,0.5,820.0,-20.0,-0.195,0.304,0.10899999999999999,820.0,-20.0,-0.19418566670000928,0.256,0.061814333299990726
29.62250906,1.0,0.0,800.0,0.5,800.0,0.0,-0.005,0.304,0.299,800.0,0.0,-0.004185666700009278,0.256,0.2518143332999907
29.634264102,1.0,0.0,800.0,0.5,800.0,0.0,-0.005,0.304,0.299,820.0,-20.0,-0.195,0.256,0.061
29.647391437,1.0,0.0,800.0,0.5,800.0,0.0,-0.005,0.304,0.299,800.0,0.0,-0.005,0.256,0.251
29.658398063,1.0,0.0,800.0,0.5,820.0,-20.0,-0.195,0.304,0.10899999999999999,800.0,0.0,-0.005,0.256,0.251
29.671266106,1.0,0.0,800.0,0.5,820.0,-20.0,-0.195,0.304,0.10899999999999999,820.0,-20.0,-0.195,0.256,0.061
29.699517817,1.0,0.0,800.0,0.5,800.0,0.0,-0.005,0.304,0.299,800.0,0.0,-0.005,0.256,0.251
29.714122735,1.0,0.0,800.0,0.5,800.0,0.0,-0.005,0.304,0.299,800.0,0.0,-0.005,0.256,0.251
29.735083363,1.0,0.0,800.0,0.5,800.0,0.0,-0.005,0.304,0.299,800.0,0.0,-0.005,0.256,0.251
29.748998781,1.0,0.0,800.0,0.5,800.0,0.0,-0.005,0.304,0.299,800.0,0.0,-0.005,0.256,0.251
29.763468657,1.0,0.0,800.0,0.5,780.0,20.0,0.18646886260000087,0.304,0.4904688626000009,780.0,20.0,0.18646895010000208,0.256,0.4424689501000021
29.7763542,1.0,0.0,800.0,0.5,800.0,0.0,-0.0035311373999991247,0.304,0.3004688626000009,820.0,-20.0,-0.19483392499999583,0.256,0.06116607500000418
29.789980576,1.0,0.0,800.0,0.5,800.0,0.0,-0.0035311373999991247,0.304,0.3004688626000009,800.0,0.0,-0.004833924999995816,0.256,0.2511660750000042
29.802151536,1.0,0.0,800.0,0.5,800.0,0.0,-0.0035311373999991247,0.304,0.3004688626000009,780.0,20.0,0.1863931459000048,0.256,0.4423931459000048
29.814743079,1.0,0.0,800.0,0.5,800.0,0.0,-0.0035311373999991247,0.304,0.3004688626000009,800.0,0.0,-0.0036068540999951893,0.256,0.25239314590000483
29.82468833,1.0,0.0,800.0,0.5,800.0,0.0,-0.0035311373999991247,0.304,0.3004688626000009,800.0,0.0,-0.0036068540999951893,0.256,0.25239314590000483
29.835112498,1.0,0.0,800.0,0.5,800.0,0.0,-0.0035311373999991247,0.304,0.3004688626000009,800.0,0.0,-0.0036068540999951893,0.256,0.25239314590000483
29.851501833,1.0,0.0,800.0,0.5,800.0,0.0,-0.0035311373999991247,0.304,0.3004688626000009,820.0,-20.0,-0.195,0.256,0.061
29.867350418,1.0,0.0,800.0,0.5,800.0,0.0,-0.0035311373999991247,0.304,0.3004688626000009,800.0,0.0,-0.005,0.256,0.251
29.876879168,1.0,0.0,800.0,0.5,800.0,0.0,-0.0035311373999991247,0.304,0.3004688626000009,800.0,0.0,-0.005,0.256,0.251
29.887856919,1.0,0.0,800.0,0.5,800.0,0.0,-0.0035311373999991247,0.304,0.3004688626000009,800.0,0.0,-0.005,0.256,0.251
29.896825962,1.0,0.0,800.0,0.5,800.0,0.0,-0.0035311373999991247,0.304,0.3004688626000009,800.0,0.0,-0.005,0.256,0.251
29.906618671,1.0,0.0,800.0,0.5,800.0,0.0,-0.0035311373999991247,0.304,0.3004688626000009,800.0,0.0,-0.005,0.256,0.251
29.917382339,1.0,0.0,800.0,0.5,800.0,0.0,-0.0035311373999991247,0.304,0.3004688626000009,800.0,0.0,-0.005,0.256,0.251
29.928982799,1.0,0.0,800.0,0.5,800.0,0.0,-0.0035311373999991247,0.304,0.3004688626000009,800.0,0.0,-0.005,0.256,0.251
29.941860467,1.0,0.0,800.0,0.5,800.0,0.0,-0.0035311373999991247,0.304,0.3004688626000009,800.0,0.0,-0.005,0.256,0.251
29.954280218,1.0,0.0,800.0,0.5,820.0,-20.0,-0.19451405420000015,0.304,0.10948594579999985,800.0,0.0,-0.005,0.256,0.251
29.966452927,1.0,0.0,800.0,0.5,800.0,0.0,-0.004514054200000146,0.304,0.2994859457999998,800.0,0.0,-0.005,0.256,0.251
29.980299804,1.0,0.0,800.0,0.5,800.0,0.0,-0.004514054200000146,0.304,0.2994859457999998,800.0,0.0,-0.005,0.256,0.251
29.990679055,1.0,0.0,800.0,0.5,800.0,0.0,-0.004514054200000146,0.304,0.2994859457999998,800.0,0.0,-0.005,0.256,0.251
29.999855764,1.0,0.0,800.0,0.5,800.0,0.0,-0.004514054200000146,0.304,0.2994859457999998,800.0,0.0,-0.005,0.256,0.251
30.010776349,1.0,0.0,800.0,0.5,820.0,-20.0,-0.195,0.304,0.10899999999999999,800.0,0.0,-0.005,0.256,0.251
30.020936558,1.0,0.0,800.0,0.5,820.0,-20.0,-0.195,0.304,0.10899999999999999,800.0,0.0,-0.005,0.256,0.251
30.030262601,1.0,0.0,800.0,0.5,820.0,-20.0,-0.195,0.304,0.10899999999999999,800.0,0.0,-0.005,0.256,0.251
30.039190226,1.0,0.0,800.0,0.5,820.0,-20.0,-0.195,0.304,0.10899999999999999,800.0,0.0,-0.005,0.256,0.251
30.050477727,1.0,0.0,800.0,0.5,800.0,0.0,-0.005,0.304,0.299,800.0,0.0,-0.005,0.256,0.251
30.059907895,1.0,0.0,800.0,0.5,800.0,0.0,-0.005,0.304,0.299,800.0,0.0,-0.005,0.256,0.251
30.075559022,1.0,0.0,800.0,0.5,800.0,0.0,-0.005,0.304,0.299,780.0,20.0,0.18613260009999863,0.256,0.44213260009999866
30.087303565,1.0,0.0,800.0,0.5,800.0,0.0,-0.005,0.304,0.299,800.0,0.0,-0.003867399900001374,0.256,0.2521326000999986
30.106867108,1.0,0.0,800.0,0.5,800.0,0.0,-0.005,0.304,0.299,780.0,20.0,0.1881151460999979,0.256,0.4441151460999979
30.132532611,0.0,0.0,800.0,0.5,780.0,20.0,0.1874089043999993,0.304,0.4914089043999993,820.0,-20.0,-0.19429370000000404,0.256,0.06170629999999597
30.147497154,1.0,0.0,800.0,0.5,800.0,0.0,-0.002591095600000699,0.304,0.3014089043999993,800.0,0.0,-0.004293700000004037,0.256,0.25170629999999594
30.160014614,1.0,0.0,800.0,0.5,800.0,0.0,-0.002591095600000699,0.304,0.3014089043999993,820.0,-20.0,-0.195,0.256,0.061
30.179516907,1.0,0.0,800.0,0.5,820.0,-20.0,-0.1943439249000005,0.304,0.1096560750999995,800.0,0.0,-0.005,0.256,0.251
30.20683616,1.0,0.0,800.0,0.5,800.0,0.0,-0.004343924900000502,0.304,0.2996560750999995,800.0,0.0,-0.005,0.256,0.251
30.220550911,1.0,0.0,800.0,0.5,800.0,0.0,-0.004343924900000502,0.304,0.2996560750999995,800.0,0.0,-0.005,0.256,0.251
30.251671164,1.0,0.0,800.0,0.5,800.0,0.0,-0.004343924900000502,0.304,0.2996560750999995,800.0,0.0,-0.005,0.256,0.251
30.269858333,1.0,0.0,800.0,0.5,820.0,-20.0,-0.195,0.304,0.10899999999999999,800.0,0.0,-0.005,0.256,0.251
30.280147751,1.0,0.0,800.0,0.5,800.0,0.0,-0.005,0.304,0.299,800.0,0.0,-0.005,0.256,0.251
30.291673835,1.0,0.0,800.0,0.5,800.0,0.0,-0.005,0.304,0.299,800.0,0.0,-0.005,0.256,0.251
30.310985379,1.0,0.0,800.0,0.5,800.0,0.0,-0.005,0.304,0.299,800.0,0.0,-0.005,0.256,0.251
30.321499963,1.0,0.0,800.0,0.5,800.0,0.0,-0.005,0.304,0.299,800.0,0.0,-0.005,0.256,0.251
30.330615131,1.0,0.0,800.0,0.5,800.0,0.0,-0.005,0.304,0.299,800.0,0.0,-0.005,0.256,0.251
30.347541716,1.0,0.0,800.0,0.5,800.0,0.0,-0.005,0.304,0.299,800.0,0.0,-0.005,0.256,0.251
30.356625092,1.0,0.0,800.0,0.5,800.0,0.0,-0.005,0.304,0.299,800.0,0.0,-0.005,0.256,0.251
30.368188218,1.0,0.0,800.0,0.5,800.0,0.0,-0.005,0.304,0.299,800.0,0.0,-0.005,0.256,0.251
30.387630136,1.0,0.0,800.0,0.5,800.0,0.0,-0.005,0.304,0.299,780.0,20.0,0.18672410020000485,0.256,0.44272410020000486
30.40228143,1.0,0.0,800.0,0.5,800.0,0.0,-0.005,0.304,0.299,780.0,20.0,0.188185146200002,0.256,0.44418514620000205
30.416690056,1.0,0.0,800.0,0.5,800.0,0.0,-0.005,0.304,0.299,800.0,0.0,-0.0018148537999979908,0.256,0.254185146200002
30.437709891,1.0,0.0,800.0,0.5,800.0,0.0,-0.005,0.304,0.299,800.0,0.0,-0.0018148537999979908,0.256,0.254185146200002
30.447882351,1.0,0.0,800.0,0.5,800.0,0.0,-0.005,0.304,0.299,800.0,0.0,-0.0018148537999979908,0.256,0.254185146200002
30.462857394,1.0,0.0,800.0,0.5,800.0,0.0,-0.005,0.304,0.299,800.0,0.0,-0.0018148537999979908,0.256,0.254185146200002
30.472519437,1.0,0.0,800.0,0.5,800.0,0.0,-0.005,0.304,0.299,800.0,0.0,-0.0018148537999979908,0.256,0.254185146200002
30.485115646,1.0,0.0,800.0,0.5,800.0,0.0,-0.005,0.304,0.299,820.0,-20.0,-0.19287223309999718,0.256,0.06312776690000282
30.496799522,1.0,0.0,800.0,0.5,800.0,0.0,-0.005,0.304,0.299,820.0,-20.0,-0.1940366539999968,0.256,0.061963346000003194
30.517761608,1.0,0.0,800.0,0.5,780.0,20.0,0.1868400669000016,0.304,0.4908400669000016,800.0,0.0,-0.004036653999996816,0.256,0.2519633460000032
30.528265984,1.0,0.0,800.0,0.5,780.0,20.0,0.18821953370000188,0.304,0.4922195337000019,800.0,0.0,-0.004036653999996816,0.256,0.2519633460000032
30.539403277,1.0,0.0,800.0,0.5,780.0,20.0,0.18933084210000062,0.304,0.4933308421000006,800.0,0.0,-0.004036653999996816,0.256,0.2519633460000032
30.559987654,0.0,0.0,800.0,0.5,760.0,40.0,0.3834341259000098,0.304,0.6874341259000099,800.0,0.0,-0.004036653999996816,0.256,0.2519633460000032
30.573923197,1.0,0.0,800.0,0.5,780.0,20.0,0.19482566770000517,0.304,0.49882566770000514,800.0,0.0,-0.004036653999996816,0.256,0.2519633460000032
30.592881824,1.0,0.0,800.0,0.5,800.0,0.0,0.00482566770000517,0.304,0.30882566770000514,800.0,0.0,-0.004036653999996816,0.256,0.2519633460000032
30.604604783,1.0,0.0,800.0,0.5,820.0,-20.0,-0.1863336782999977,0.304,0.1176663217000023,800.0,0.0,-0.004036653999996816,0.256,0.2519633460000032
30.620354785,1.0,0.0,800.0,0.5,800.0,0.0,0.0036663217000022998,0.304,0.3076663217000023,800.0,0.0,-0.004036653999996816,0.256,0.2519633460000032
30.644642162,1.0,0.0,800.0,0.5,820.0,-20.0,-0.18878504929999848,0.304,0.11521495070000151,800.0,0.0,-0.004036653999996816,0.256,0.2519633460000032
30.662939289,0.0,0.0,800.0,0.5,840.0,-40.0,-0.3816028997000024,0.304,-0.07760289970000239,780.0,20.0,0.18737221280000313,0.256,0.44337221280000316
30.688625792,1.0,0.0,800.0,0.5,820.0,-20.0,-0.19435086660000253,0.304,0.10964913339999746,800.0,0.0,-0.002627787199996874,0.256,0.2533722128000031
30.713502044,0.0,0.0,800.0,0.5,840.0,-40.0,-0.385,0.304,-0.08100000000000002,800.0,0.0,-0.002627787199996874,0.256,0.2533722128000031
30.729849087,0.0,0.0,800.0,0.5,840.0,-40.0,-0.385,0.304,-0.08100000000000002,780.0,20.0,0.18892708800000038,0.256,0.44492708800000036
30.75698634,1.0,0.0,800.0,0.5,820.0,-20.0,-0.195,0.304,0.10899999999999999,800.0,0.0,-0.0010729119999996328,0.256,0.25492708800000036
30.767817675,1.0,0.0,800.0,0.5,780.0,20.0,0.1865678835000017,0.304,0.4905678835000017,800.0,0.0,-0.0010729119999996328,0.256,0.25492708800000036
30.778779967,1.0,0.0,800.0,0.5,780.0,20.0,0.18769018779999896,0.304,0.49169018779999896,800.0,0.0,-0.0010729119999996328,0.256,0.25492708800000036
30.78900551,1.0,0.0,800.0,0.5,780.0,20.0,0.18871122539999646,0.304,0.49271122539999646,800.0,0.0,-0.0010729119999996328,0.256,0.25492708800000036
30.80085622,1.0,0.0,800.0,0.5,780.0,20.0,0.18989895050000086,0.304,0.4938989505000009,800.0,0.0,-0.0010729119999996328,0.256,0.25492708800000036
30.815311513,1.0,0.0,800.0,0.5,780.0,20.0,0.19134774650000055,0.304,0.4953477465000006,800.0,0.0,-0.0010729119999996328,0.256,0.25492708800000036
30.826505972,1.0,0.0,800.0,0.5,780.0,20.0,0.1924420508000003,0.304,0.49644205080000026,800.0,0.0,-0.0010729119999996328,0.256,0.25492708800000036
30.83662214,1.0,0.0,800.0,0.5,780.0,20.0,0.19347965499999645,0.304,0.49747965499999647,800.0,0.0,-0.0010729119999996328,0.256,0.25492708800000036
30.847766724,1.0,0.0,800.0,0.5,780.0,20.0,0.19458445929999812,0.304,0.4985844592999981,800.0,0.0,-0.0010729119999996328,0.256,0.25492708800000036
30.864278559,1.0,0.0,800.0,0.5,800.0,0.0,0.004584459299998116,0.304,0.3085844592999981,800.0,0.0,-0.0010729119999996328,0.256,0.25492708800000036
30.875159185,1.0,0.0,800.0,0.5,820.0,-20.0,-0.1865062866000028,0.304,0.1174937133999972,800.0,0.0,-0.0010729119999996328,0.256,0.25492708800000036
30.887598478,1.0,0.0,800.0,0.5,820.0,-20.0,-0.18753295340000706,0.304,0.11646704659999293,820.0,-20.0,-0.1920995204000019,0.256,0.06390047959999812
30.901158355,1.0,0.0,800.0,0.5,820.0,-20.0,-0.1888878035000073,0.304,0.11511219649999269,820.0,-20.0,-0.19345437050000214,0.256,0.06254562949999787
30.922485315,1.0,0.0,800.0,0.5,820.0,-20.0,-0.19097342450000496,0.304,0.11302657549999504,800.0,0.0,-0.003454370500002142,0.256,0.25254562949999787
30.9401364,0.0,0.0,800.0,0.5,820.0,-20.0,-0.19265077050000742,0.304,0.11134922949999257,780.0,20.0,0.18822294629999647,0.256,0.4442229462999965
30.965148861,1.0,0.0,800.0,0.5,820.0,-20.0,-0.195,0.304,0.10899999999999999,820.0,-20.0,-0.1942993290000072,0.256,0.061700670999992796
30.984218905,1.0,0.0,800.0,0.5,800.0,0.0,-0.005,0.304,0.299,800.0,0.0,-0.004299329000007219,0.256,0.25170067099999277
31.002918532,1.0,0.0,800.0,0.5,820.0,-20.0,-0.195,0.304,0.10899999999999999,800.0,0.0,-0.004299329000007219,0.256,0.25170067099999277
31.012992408,1.0,0.0,800.0,0.5,820.0,-20.0,-0.195,0.304,0.10899999999999999,800.0,0.0,-0.004299329000007219,0.256,0.25170067099999277
31.034056576,0.0,0.0,800.0,0.5,820.0,-20.0,-0.195,0.304,0.10899999999999999,780.0,20.0,0.1875767003999931,0.256,0.4435767003999931
31.046320286,0.0,0.0,800.0,0.5,820.0,-20.0,-0.195,0.304,0.10899999999999999,780.0,20.0,0.18877410879999615,0.256,0.4447741087999961
31.067772663,1.0,0.0,800.0,0.5,800.0,0.0,-0.005,0.304,0.299,800.0,0.0,-0.0012258912000038436,0.256,0.2547741087999962
31.079939539,1.0,0.0,800.0,0.5,800.0,0.0,-0.005,0.304,0.299,820.0,-20.0,-0.19267774970000004,0.256,0.06332225029999997
31.093002999,1.0,0.0,800.0,0.5,800.0,0.0,-0.005,0.304,0.299,800.0,0.0,-0.0026777497000000493,0.256,0.25332225029999994
31.110138709,1.0,0.0,800.0,0.5,800.0,0.0,-0.005,0.304,0.299,800.0,0.0,-0.0026777497000000493,0.256,0.25332225029999994
31.125161877,0.0,0.0,800.0,0.5,820.0,-20.0,-0.195,0.304,0.10899999999999999,780.0,20.0,0.18848559210000304,0.256,0.44448559210000305
31.139463462,1.0,0.0,800.0,0.5,820.0,-20.0,-0.195,0.304,0.10899999999999999,800.0,0.0,-0.001514407899996968,0.256,0.25448559210000304
31.168596007,1.0,0.0,800.0,0.5,800.0,0.0,-0.005,0.304,0.299,800.0,0.0,-0.001514407899996968,0.256,0.25448559210000304
31.179639674,1.0,0.0,800.0,0.5,800.0,0.0,-0.005,0.304,0.299,800.0,0.0,-0.001514407899996968,0.256,0.25448559210000304
31.196831968,1.0,0.0,800.0,0.5,800.0,0.0,-0.005,0.304,0.299,800.0,0.0,-0.001514407899996968,0.256,0.25448559210000304
31.213395136,1.0,0.0,800.0,0.5,800.0,0.0,-0.005,0.304,0.299,800.0,0.0,-0.001514407899996968,0.256,0.25448559210000304
31.231244554,1.0,0.0,800.0,0.5,800.0,0.0,-0.005,0.304,0.299,800.0,0.0,-0.001514407899996968,0.256,0.25448559210000304
31.246524098,1.0,0.0,800.0,0.5,800.0,0.0,-0.005,0.304,0.299,800.0,0.0,-0.001514407899996968,0.256,0.25448559210000304
31.28213981,1.0,0.0,800.0,0.5,800.0,0.0,-0.005,0.304,0.299,780.0,20.0,0.19129002580000135,0.256,0.4472900258000013
31.296391519,1.0,0.0,800.0,0.5,820.0,-20.0,-0.195,0.304,0.10899999999999999,800.0,0.0,0.001290025800001331,0.256,0.2572900258000013
31.317635355,1.0,0.0,800.0,0.5,800.0,0.0,-0.005,0.304,0.299,780.0,20.0,0.19338235520000127,0.256,0.44938235520000125
31.33122644,1.0,0.0,800.0,0.5,820.0,-20.0,-0.195,0.304,0.10899999999999999,800.0,0.0,0.003382355200001257,0.256,0.25938235520000125
31.348666941,1.0,0.0,800.0,0.5,780.0,20.0,0.1869589501999974,0.304,0.49095895019999736,800.0,0.0,0.003382355200001257,0.256,0.25938235520000125
31.36817886,0.0,0.0,800.0,0.5,780.0,20.0,0.18864242119999858,0.304,0.49264242119999857,820.0,-20.0,-0.18830114489999913,0.256,0.06769885510000087
31.382455653,1.0,0.0,800.0,0.5,780.0,20.0,0.1901187504999973,0.304,0.4941187504999973,800.0,0.0,0.0016988551000008557,0.256,0.25769885510000085
31.393974446,1.0,0.0,800.0,0.5,820.0,-20.0,-0.19121959130000163,0.304,0.11278040869999836,800.0,0.0,0.0016988551000008557,0.256,0.25769885510000085
31.406124697,1.0,0.0,800.0,0.5,820.0,-20.0,-0.19245465390000163,0.304,0.11154534609999836,800.0,0.0,0.0016988551000008557,0.256,0.25769885510000085
31.417866323,1.0,0.0,800.0,0.5,800.0,0.0,-0.002454653900001631,0.304,0.30154534609999833,800.0,0.0,0.0016988551000008557,0.256,0.25769885510000085
31.431268991,1.0,0.0,800.0,0.5,800.0,0.0,-0.002454653900001631,0.304,0.30154534609999833,820.0,-20.0,-0.18955052830000454,0.256,0.06644947169999546
31.447301326,1.0,0.0,800.0,0.5,800.0,0.0,-0.002454653900001631,0.304,0.30154534609999833,820.0,-20.0,-0.191164845200002,0.256,0.06483515479999802
31.458636952,1.0,0.0,800.0,0.5,800.0,0.0,-0.002454653900001631,0.304,0.30154534609999833,820.0,-20.0,-0.1923006536000014,0.256,0.06369934639999861
31.479672538,1.0,0.0,800.0,0.5,820.0,-20.0,-0.1943658291000031,0.304,0.10963417089999689,820.0,-20.0,-0.19421174130000168,0.256,0.06178825869999832
31.493168831,1.0,0.0,800.0,0.5,800.0,0.0,-0.004365829100003112,0.304,0.2996341708999969,800.0,0.0,-0.004211741300001677,0.256,0.2517882586999983
31.511309916,1.0,0.0,800.0,0.5,820.0,-20.0,-0.195,0.304,0.10899999999999999,800.0,0.0,-0.004211741300001677,0.256,0.2517882586999983
31.523904376,1.0,0.0,800.0,0.5,820.0,-20.0,-0.195,0.304,0.10899999999999999,800.0,0.0,-0.004211741300001677,0.256,0.2517882586999983
31.536644377,1.0,0.0,800.0,0.5,820.0,-20.0,-0.195,0.304,0.10899999999999999,800.0,0.0,-0.004211741300001677,0.256,0.2517882586999983
31.559314754,1.0,0.0,800.0,0.5,800.0,0.0,-0.005,0.304,0.299,800.0,0.0,-0.004211741300001677,0.256,0.2517882586999983
31.568598797,1.0,0.0,800.0,0.5,800.0,0.0,-0.005,0.304,0.299,800.0,0.0,-0.004211741300001677,0.256,0.2517882586999983
31.577569298,1.0,0.0,800.0,0.5,800.0,0.0,-0.005,0.304,0.299,800.0,0.0,-0.004211741300001677,0.256,0.2517882586999983
31.594633549,1.0,0.0,800.0,0.5,800.0,0.0,-0.005,0.304,0.299,800.0,0.0,-0.004211741300001677,0.256,0.2517882586999983
31.605797675,1.0,0.0,800.0,0.5,800.0,0.0,-0.005,0.304,0.299,800.0,0.0,-0.004211741300001677,0.256,0.2517882586999983
31.61748126,1.0,0.0,800.0,0.5,800.0,0.0,-0.005,0.304,0.299,800.0,0.0,-0.004211741300001677,0.256,0.2517882586999983
31.633857762,1.0,0.0,800.0,0.5,800.0,0.0,-0.005,0.304,0.299,800.0,0.0,-0.004211741300001677,0.256,0.2517882586999983
31.645093929,1.0,0.0,800.0,0.5,800.0,0.0,-0.005,0.304,0.299,800.0,0.0,-0.004211741300001677,0.256,0.2517882586999983
31.655715264,1.0,0.0,800.0,0.5,800.0,0.0,-0.005,0.304,0.299,800.0,0.0,-0.004211741300001677,0.256,0.2517882586999983
31.67210839,1.0,0.0,800.0,0.5,820.0,-20.0,-0.195,0.304,0.10899999999999999,800.0,0.0,-0.004211741300001677,0.256,0.2517882586999983
31.685547517,0.0,0.0,800.0,0.5,820.0,-20.0,-0.195,0.304,0.10899999999999999,780.0,20.0,0.18715530049999302,0.256,0.443155300499993
31.69765606,0.0,0.0,800.0,0.5,820.0,-20.0,-0.195,0.304,0.10899999999999999,780.0,20.0,0.1883056047999935,0.256,0.4443056047999935
31.733256022,1.0,0.0,800.0,0.5,800.0,0.0,-0.005,0.304,0.299,800.0,0.0,-0.001694395200006511,0.256,0.2543056047999935
31.743364023,1.0,0.0,800.0,0.5,800.0,0.0,-0.005,0.304,0.299,800.0,0.0,-0.001694395200006511,0.256,0.2543056047999935
31.755776482,1.0,0.0,800.0,0.5,800.0,0.0,-0.005,0.304,0.299,800.0,0.0,-0.001694395200006511,0.256,0.2543056047999935
31.78710586,1.0,0.0,800.0,0.5,800.0,0.0,-0.005,0.304,0.299,780.0,20.0,0.1906812591999915,0.256,0.44668125919999147
31.808377404,1.0,0.0,800.0,0.5,780.0,20.0,0.18753627519999783,0.304,0.4915362751999978,780.0,20.0,0.19321765109999434,0.256,0.44921765109999434
31.820525905,1.0,0.0,800.0,0.5,800.0,0.0,-0.0024637248000021826,0.304,0.3015362751999978,800.0,0.0,0.0032176510999943277,0.256,0.25921765109999434
31.839318866,1.0,0.0,800.0,0.5,820.0,-20.0,-0.19431399999999827,0.304,0.10968600000000173,820.0,-20.0,-0.18863262410000176,0.256,0.06736737589999825
31.852792409,1.0,0.0,800.0,0.5,820.0,-20.0,-0.195,0.304,0.10899999999999999,800.0,0.0,0.0013673758999982512,0.256,0.25736737589999825
31.878293411,1.0,0.0,800.0,0.5,800.0,0.0,-0.005,0.304,0.299,780.0,20.0,0.1939312427999971,0.256,0.4499312427999971
31.890639954,1.0,0.0,800.0,0.5,800.0,0.0,-0.005,0.304,0.299,780.0,20.0,0.195,0.256,0.451
31.914341665,1.0,0.0,800.0,0.5,800.0,0.0,-0.005,0.304,0.299,820.0,-20.0,-0.18738344190000247,0.256,0.06861655809999753
31.925487416,1.0,0.0,800.0,0.5,800.0,0.0,-0.005,0.304,0.299,820.0,-20.0,-0.18850116700000172,0.256,0.06749883299999829
31.94902171,1.0,0.0,800.0,0.5,800.0,0.0,-0.005,0.304,0.299,800.0,0.0,0.0014988329999982852,0.256,0.2574988329999983
31.959455503,1.0,0.0,800.0,0.5,800.0,0.0,-0.005,0.304,0.299,800.0,0.0,0.0014988329999982852,0.256,0.2574988329999983
31.970827295,1.0,0.0,800.0,0.5,800.0,0.0,-0.005,0.304,0.299,800.0,0.0,0.0014988329999982852,0.256,0.2574988329999983
31.990360798,1.0,0.0,800.0,0.5,800.0,0.0,-0.005,0.304,0.299,820.0,-20.0,-0.19024477970000134,0.256,0.06575522029999867
32.003114215,1.0,0.0,800.0,0.5,800.0,0.0,-0.005,0.304,0.299,820.0,-20.0,-0.19152997980000122,0.256,0.06447002019999878
32.015586467,1.0,0.0,800.0,0.5,800.0,0.0,-0.005,0.304,0.299,820.0,-20.0,-0.19277274240000453,0.256,0.06322725759999548
32.035518385,1.0,0.0,800.0,0.5,800.0,0.0,-0.005,0.304,0.299,800.0,0.0,-0.0027727424000045177,0.256,0.2532272575999955
32.04976572,1.0,0.0,800.0,0.5,800.0,0.0,-0.005,0.304,0.299,800.0,0.0,-0.0027727424000045177,0.256,0.2532272575999955
32.060485054,1.0,0.0,800.0,0.5,800.0,0.0,-0.005,0.304,0.299,800.0,0.0,-0.0027727424000045177,0.256,0.2532272575999955
32.070730139,1.0,0.0,800.0,0.5,800.0,0.0,-0.005,0.304,0.299,800.0,0.0,-0.0027727424000045177,0.256,0.2532272575999955
32.080498932,1.0,0.0,800.0,0.5,800.0,0.0,-0.005,0.304,0.299,800.0,0.0,-0.0027727424000045177,0.256,0.2532272575999955
32.090969474,1.0,0.0,800.0,0.5,800.0,0.0,-0.005,0.304,0.299,800.0,0.0,-0.0027727424000045177,0.256,0.2532272575999955
32.100929892,1.0,0.0,800.0,0.5,800.0,0.0,-0.005,0.304,0.299,800.0,0.0,-0.0027727424000045177,0.256,0.2532272575999955
32.118331019,1.0,0.0,800.0,0.5,800.0,0.0,-0.005,0.304,0.299,800.0,0.0,-0.0027727424000045177,0.256,0.2532272575999955
32.129098478,1.0,0.0,800.0,0.5,800.0,0.0,-0.005,0.304,0.299,800.0,0.0,-0.0027727424000045177,0.256,0.2532272575999955
32.147556605,1.0,0.0,800.0,0.5,800.0,0.0,-0.005,0.304,0.299,800.0,0.0,-0.0027727424000045177,0.256,0.2532272575999955
32.158280023,1.0,0.0,800.0,0.5,800.0,0.0,-0.005,0.304,0.299,800.0,0.0,-0.0027727424000045177,0.256,0.2532272575999955
32.16997819,1.0,0.0,800.0,0.5,800.0,0.0,-0.005,0.304,0.299,800.0,0.0,-0.0027727424000045177,0.256,0.2532272575999955
32.186000317,1.0,0.0,800.0,0.5,800.0,0.0,-0.005,0.304,0.299,800.0,0.0,-0.0027727424000045177,0.256,0.2532272575999955
32.197501318,1.0,0.0,800.0,0.5,800.0,0.0,-0.005,0.304,0.299,800.0,0.0,-0.0027727424000045177,0.256,0.2532272575999955
32.209291653,1.0,0.0,800.0,0.5,800.0,0.0,-0.005,0.304,0.299,800.0,0.0,-0.0027727424000045177,0.256,0.2532272575999955
32.244601698,1.0,0.0,800.0,0.5,780.0,20.0,0.18826421699999743,0.304,0.49226421699999745,800.0,0.0,-0.0027727424000045177,0.256,0.2532272575999955
32.255663741,1.0,0.0,800.0,0.5,780.0,20.0,0.1895232253999984,0.304,0.4935232253999984,800.0,0.0,-0.0027727424000045177,0.256,0.2532272575999955
32.271000742,1.0,0.0,800.0,0.5,780.0,20.0,0.19105870480000023,0.304,0.49505870480000025,800.0,0.0,-0.0027727424000045177,0.256,0.2532272575999955
32.294216245,1.0,0.0,800.0,0.5,800.0,0.0,0.0010587048000002142,0.304,0.3050587048000002,800.0,0.0,-0.0027727424000045177,0.256,0.2532272575999955
32.311049205,1.0,0.0,800.0,0.5,820.0,-20.0,-0.1909649662000004,0.304,0.1130350337999996,800.0,0.0,-0.0027727424000045177,0.256,0.2532272575999955
32.321501081,1.0,0.0,800.0,0.5,820.0,-20.0,-0.19201616220000348,0.304,0.11198383779999652,800.0,0.0,-0.0027727424000045177,0.256,0.2532272575999955
32.333486832,1.0,0.0,800.0,0.5,820.0,-20.0,-0.19320989560000157,0.304,0.11079010439999842,800.0,0.0,-0.0027727424000045177,0.256,0.2532272575999955
32.351076959,1.0,0.0,800.0,0.5,820.0,-20.0,-0.19496427080000103,0.304,0.10903572919999896,800.0,0.0,-0.0027727424000045177,0.256,0.2532272575999955
32.365700835,1.0,0.0,800.0,0.5,800.0,0.0,-0.004964270800001031,0.304,0.29903572919999893,800.0,0.0,-0.0027727424000045177,0.256,0.2532272575999955
32.375727461,1.0,0.0,800.0,0.5,800.0,0.0,-0.004964270800001031,0.304,0.29903572919999893,800.0,0.0,-0.0027727424000045177,0.256,0.2532272575999955
32.393425505,1.0,0.0,800.0,0.5,820.0,-20.0,-0.195,0.304,0.10899999999999999,800.0,0.0,-0.0027727424000045177,0.256,0.2532272575999955
32.41077209,0.0,0.0,800.0,0.5,820.0,-20.0,-0.195,0.304,0.10899999999999999,780.0,20.0,0.18858438279999745,0.256,0.44458438279999746
32.424483049,1.0,0.0,800.0,0.5,820.0,-20.0,-0.195,0.304,0.10899999999999999,800.0,0.0,-0.0014156172000025435,0.256,0.25458438279999746
32.436061342,1.0,0.0,800.0,0.5,820.0,-20.0,-0.195,0.304,0.10899999999999999,800.0,0.0,-0.0014156172000025435,0.256,0.25458438279999746
32.452678761,1.0,0.0,800.0,0.5,800.0,0.0,-0.005,0.304,0.299,780.0,20.0,0.1896117787999981,0.256,0.44561177879999814
32.475451513,1.0,0.0,800.0,0.5,800.0,0.0,-0.005,0.304,0.299,780.0,20.0,0.19226469149999845,0.256,0.4482646914999985
32.487831014,1.0,0.0,800.0,0.5,800.0,0.0,-0.005,0.304,0.299,800.0,0.0,0.0022646914999984347,0.256,0.2582646914999984
32.498898307,1.0,0.0,800.0,0.5,800.0,0.0,-0.005,0.304,0.299,800.0,0.0,0.0022646914999984347,0.256,0.2582646914999984
32.508429975,1.0,0.0,800.0,0.5,800.0,0.0,-0.005,0.304,0.299,800.0,0.0,0.0022646914999984347,0.256,0.2582646914999984
32.525484601,1.0,0.0,800.0,0.5,800.0,0.0,-0.005,0.304,0.299,800.0,0.0,0.0022646914999984347,0.256,0.2582646914999984
32.534579061,1.0,0.0,800.0,0.5,800.0,0.0,-0.005,0.304,0.299,800.0,0.0,0.0022646914999984347,0.256,0.2582646914999984
32.550788729,1.0,0.0,800.0,0.5,800.0,0.0,-0.005,0.304,0.299,800.0,0.0,0.0022646914999984347,0.256,0.2582646914999984
32.559541938,1.0,0.0,800.0,0.5,800.0,0.0,-0.005,0.304,0.299,800.0,0.0,0.0022646914999984347,0.256,0.2582646914999984
32.571552189,1.0,0.0,800.0,0.5,800.0,0.0,-0.005,0.304,0.299,820.0,-20.0,-0.18874050860000352,0.256,0.06725949139999648
32.58370244,1.0,0.0,800.0,0.5,800.0,0.0,-0.005,0.304,0.299,800.0,0.0,0.0012594913999964775,0.256,0.2572594913999965
32.593383441,1.0,0.0,800.0,0.5,800.0,0.0,-0.005,0.304,0.299,800.0,0.0,0.0012594913999964775,0.256,0.2572594913999965
32.606845609,1.0,0.0,800.0,0.5,800.0,0.0,-0.005,0.304,0.299,820.0,-20.0,-0.18985097119999977,0.256,0.06614902880000023
32.626601945,1.0,0.0,800.0,0.5,800.0,0.0,-0.005,0.304,0.299,800.0,0.0,1.4902880000022378E-4,0.256,0.25614902880000023
32.637827613,1.0,0.0,800.0,0.5,800.0,0.0,-0.005,0.304,0.299,820.0,-20.0,-0.1909495921000007,0.256,0.0650504078999993
32.651694906,1.0,0.0,800.0,0.5,800.0,0.0,-0.005,0.304,0.299,820.0,-20.0,-0.1923024298000007,0.256,0.0636975701999993
32.668463116,1.0,0.0,800.0,0.5,800.0,0.0,-0.005,0.304,0.299,780.0,20.0,0.18942059119999727,0.256,0.4454205911999973
32.682088617,1.0,0.0,800.0,0.5,800.0,0.0,-0.005,0.304,0.299,780.0,20.0,0.19078063299999826,0.256,0.44678063299999826
32.695578785,1.0,0.0,800.0,0.5,800.0,0.0,-0.005,0.304,0.299,800.0,0.0,7.806329999982609E-4,0.256,0.25678063299999826
32.720281204,0.0,0.0,800.0,0.5,780.0,20.0,0.18733785440000247,0.304,0.49133785440000244,820.0,-20.0,-0.19155722139999853,0.256,0.06444277860000147
32.733456956,0.0,0.0,800.0,0.5,780.0,20.0,0.18869556290000333,0.304,0.4926955629000033,820.0,-20.0,-0.1929149298999994,0.256,0.06308507010000061
32.757691833,1.0,0.0,800.0,0.5,800.0,0.0,-0.001304437099996676,0.304,0.3026955629000033,800.0,0.0,-0.002914929899999379,0.256,0.25308507010000064
32.772487501,1.0,0.0,800.0,0.5,820.0,-20.0,-0.19309979139999428,0.304,0.11090020860000571,800.0,0.0,-0.002914929899999379,0.256,0.25308507010000064
32.78279646,1.0,0.0,800.0,0.5,800.0,0.0,-0.003099791399994274,0.304,0.3009002086000057,800.0,0.0,-0.002914929899999379,0.256,0.25308507010000064
32.805322171,1.0,0.0,800.0,0.5,800.0,0.0,-0.003099791399994274,0.304,0.3009002086000057,800.0,0.0,-0.002914929899999379,0.256,0.25308507010000064
32.81488913,1.0,0.0,800.0,0.5,800.0,0.0,-0.003099791399994274,0.304,0.3009002086000057,800.0,0.0,-0.002914929899999379,0.256,0.25308507010000064
32.825001506,1.0,0.0,800.0,0.5,800.0,0.0,-0.003099791399994274,0.304,0.3009002086000057,800.0,0.0,-0.002914929899999379,0.256,0.25308507010000064
32.838088883,1.0,0.0,800.0,0.5,800.0,0.0,-0.003099791399994274,0.304,0.3009002086000057,800.0,0.0,-0.002914929899999379,0.256,0.25308507010000064
32.848801509,1.0,0.0,800.0,0.5,800.0,0.0,-0.003099791399994274,0.304,0.3009002086000057,800.0,0.0,-0.002914929899999379,0.256,0.25308507010000064
32.873069928,1.0,0.0,800.0,0.5,820.0,-20.0,-0.195,0.304,0.10899999999999999,800.0,0.0,-0.002914929899999379,0.256,0.25308507010000064
32.88246947,1.0,0.0,800.0,0.5,820.0,-20.0,-0.195,0.304,0.10899999999999999,800.0,0.0,-0.002914929899999379,0.256,0.25308507010000064
32.893014096,1.0,0.0,800.0,0.5,820.0,-20.0,-0.195,0.304,0.10899999999999999,800.0,0.0,-0.002914929899999379,0.256,0.25308507010000064
32.903741014,1.0,0.0,800.0,0.5,800.0,0.0,-0.005,0.304,0.299,800.0,0.0,-0.002914929899999379,0.256,0.25308507010000064
32.921730433,0.0,0.0,800.0,0.5,780.0,20.0,0.1863906668000004,0.304,0.49039066680000043,820.0,-20.0,-0.1943055966999998,0.256,0.0616944033000002
32.938425143,1.0,0.0,800.0,0.5,800.0,0.0,-0.0036093331999995826,0.304,0.3003906668000004,780.0,20.0,0.18754963679999834,0.256,0.44354963679999837
32.958594478,1.0,0.0,800.0,0.5,800.0,0.0,-0.0036093331999995826,0.304,0.3003906668000004,800.0,0.0,-0.002450363200001675,0.256,0.2535496367999983
32.977404355,0.0,0.0,800.0,0.5,820.0,-20.0,-0.195,0.304,0.10899999999999999,780.0,20.0,0.1891972619000012,0.256,0.4451972619000012
33.002343316,1.0,0.0,800.0,0.5,820.0,-20.0,-0.195,0.304,0.10899999999999999,820.0,-20.0,-0.19357937589999552,0.256,0.062420624100004485
33.019676484,1.0,0.0,800.0,0.5,820.0,-20.0,-0.195,0.304,0.10899999999999999,820.0,-20.0,-0.195,0.256,0.061
33.040241611,1.0,0.0,800.0,0.5,800.0,0.0,-0.005,0.304,0.299,820.0,-20.0,-0.195,0.256,0.061
33.054897863,1.0,0.0,800.0,0.5,800.0,0.0,-0.005,0.304,0.299,800.0,0.0,-0.005,0.256,0.251
33.075654615,1.0,0.0,800.0,0.5,800.0,0.0,-0.005,0.304,0.299,800.0,0.0,-0.005,0.256,0.251
33.088989325,1.0,0.0,800.0,0.5,800.0,0.0,-0.005,0.304,0.299,800.0,0.0,-0.005,0.256,0.251
33.101750034,1.0,0.0,800.0,0.5,800.0,0.0,-0.005,0.304,0.299,800.0,0.0,-0.005,0.256,0.251
33.112143869,1.0,0.0,800.0,0.5,800.0,0.0,-0.005,0.304,0.299,800.0,0.0,-0.005,0.256,0.251
33.122660203,1.0,0.0,800.0,0.5,800.0,0.0,-0.005,0.304,0.299,800.0,0.0,-0.005,0.256,0.251
33.133086996,1.0,0.0,800.0,0.5,800.0,0.0,-0.005,0.304,0.299,800.0,0.0,-0.005,0.256,0.251
33.143621413,1.0,0.0,800.0,0.5,800.0,0.0,-0.005,0.304,0.299,800.0,0.0,-0.005,0.256,0.251
33.153145789,1.0,0.0,800.0,0.5,800.0,0.0,-0.005,0.304,0.299,800.0,0.0,-0.005,0.256,0.251
33.166374916,1.0,0.0,800.0,0.5,800.0,0.0,-0.005,0.304,0.299,800.0,0.0,-0.005,0.256,0.251
33.175369625,1.0,0.0,800.0,0.5,800.0,0.0,-0.005,0.304,0.299,800.0,0.0,-0.005,0.256,0.251
33.186537834,1.0,0.0,800.0,0.5,800.0,0.0,-0.005,0.304,0.299,820.0,-20.0,-0.195,0.256,0.061
33.198063627,1.0,0.0,800.0,0.5,800.0,0.0,-0.005,0.304,0.299,820.0,-20.0,-0.195,0.256,0.061
33.208385712,1.0,0.0,800.0,0.5,800.0,0.0,-0.005,0.304,0.299,820.0,-20.0,-0.195,0.256,0.061
33.219318546,1.0,0.0,800.0,0.5,800.0,0.0,-0.005,0.304,0.299,820.0,-20.0,-0.195,0.256,0.061
33.22896513,1.0,0.0,800.0,0.5,800.0,0.0,-0.005,0.304,0.299,820.0,-20.0,-0.195,0.256,0.061
33.242300132,1.0,0.0,800.0,0.5,780.0,20.0,0.1859859500999994,0.304,0.4899859500999994,800.0,0.0,-0.005,0.256,0.251
33.262313425,1.0,0.0,800.0,0.5,780.0,20.0,0.18810934199999907,0.304,0.49210934199999906,800.0,0.0,-0.005,0.256,0.251
33.276869635,1.0,0.0,800.0,0.5,780.0,20.0,0.189674396300004,0.304,0.493674396300004,800.0,0.0,-0.005,0.256,0.251
33.287295553,1.0,0.0,800.0,0.5,800.0,0.0,-3.256036999960088E-4,0.304,0.303674396300004,800.0,0.0,-0.005,0.256,0.251
33.316257764,1.0,0.0,800.0,0.5,820.0,-20.0,-0.19267620389999365,0.304,0.11132379610000634,820.0,-20.0,-0.195,0.256,0.061
33.329044724,1.0,0.0,800.0,0.5,820.0,-20.0,-0.19427054159999216,0.304,0.10972945840000783,800.0,0.0,-0.005,0.256,0.251
33.350188226,1.0,0.0,800.0,0.5,800.0,0.0,-0.004270541599992157,0.304,0.2997294584000078,820.0,-20.0,-0.195,0.256,0.061
33.361819602,1.0,0.0,800.0,0.5,800.0,0.0,-0.004270541599992157,0.304,0.2997294584000078,800.0,0.0,-0.005,0.256,0.251
33.37483027,1.0,0.0,800.0,0.5,820.0,-20.0,-0.195,0.304,0.10899999999999999,820.0,-20.0,-0.195,0.256,0.061
33.402164981,0.0,0.0,800.0,0.5,820.0,-20.0,-0.195,0.304,0.10899999999999999,780.0,20.0,0.18782975029999763,0.256,0.4438297502999976
33.416878107,1.0,0.0,800.0,0.5,800.0,0.0,-0.005,0.304,0.299,800.0,0.0,-0.0021702497000023867,0.256,0.2538297502999976
33.436827818,1.0,0.0,800.0,0.5,800.0,0.0,-0.005,0.304,0.299,780.0,20.0,0.18972155889999612,0.256,0.4457215588999961
33.450016986,1.0,0.0,800.0,0.5,800.0,0.0,-0.005,0.304,0.299,820.0,-20.0,-0.1917797079000036,0.256,0.06422029209999641
33.468997196,1.0,0.0,800.0,0.5,800.0,0.0,-0.005,0.304,0.299,800.0,0.0,-0.0017797079000035866,0.256,0.2542202920999964
33.479741322,1.0,0.0,800.0,0.5,800.0,0.0,-0.005,0.304,0.299,800.0,0.0,-0.0017797079000035866,0.256,0.2542202920999964
33.49476449,1.0,0.0,800.0,0.5,820.0,-20.0,-0.195,0.304,0.10899999999999999,800.0,0.0,-0.0017797079000035866,0.256,0.2542202920999964
33.513807992,1.0,0.0,800.0,0.5,820.0,-20.0,-0.195,0.304,0.10899999999999999,800.0,0.0,-0.0017797079000035866,0.256,0.2542202920999964
33.524239743,1.0,0.0,800.0,0.5,820.0,-20.0,-0.195,0.304,0.10899999999999999,800.0,0.0,-0.0017797079000035866,0.256,0.2542202920999964
33.538092453,1.0,0.0,800.0,0.5,820.0,-20.0,-0.195,0.304,0.10899999999999999,800.0,0.0,-0.0017797079000035866,0.256,0.2542202920999964
33.556768455,1.0,0.0,800.0,0.5,800.0,0.0,-0.005,0.304,0.299,800.0,0.0,-0.0017797079000035866,0.256,0.2542202920999964
33.568075206,1.0,0.0,800.0,0.5,800.0,0.0,-0.005,0.304,0.299,800.0,0.0,-0.0017797079000035866,0.256,0.2542202920999964
33.585496749,1.0,0.0,800.0,0.5,800.0,0.0,-0.005,0.304,0.299,800.0,0.0,-0.0017797079000035866,0.256,0.2542202920999964
33.596719209,1.0,0.0,800.0,0.5,800.0,0.0,-0.005,0.304,0.299,800.0,0.0,-0.0017797079000035866,0.256,0.2542202920999964
33.60794371,1.0,0.0,800.0,0.5,800.0,0.0,-0.005,0.304,0.299,800.0,0.0,-0.0017797079000035866,0.256,0.2542202920999964
33.626438295,1.0,0.0,800.0,0.5,800.0,0.0,-0.005,0.304,0.299,800.0,0.0,-0.0017797079000035866,0.256,0.2542202920999964
33.636484171,1.0,0.0,800.0,0.5,800.0,0.0,-0.005,0.304,0.299,800.0,0.0,-0.0017797079000035866,0.256,0.2542202920999964
33.651782089,1.0,0.0,800.0,0.5,800.0,0.0,-0.005,0.304,0.299,800.0,0.0,-0.0017797079000035866,0.256,0.2542202920999964
33.669909466,1.0,0.0,800.0,0.5,800.0,0.0,-0.005,0.304,0.299,800.0,0.0,-0.0017797079000035866,0.256,0.2542202920999964
33.679970509,1.0,0.0,800.0,0.5,800.0,0.0,-0.005,0.304,0.299,800.0,0.0,-0.0017797079000035866,0.256,0.2542202920999964
33.691130552,1.0,0.0,800.0,0.5,800.0,0.0,-0.005,0.304,0.299,800.0,0.0,-0.0017797079000035866,0.256,0.2542202920999964
33.708376803,1.0,0.0,800.0,0.5,800.0,0.0,-0.005,0.304,0.299,800.0,0.0,-0.0017797079000035866,0.256,0.2542202920999964
33.71990143,1.0,0.0,800.0,0.5,800.0,0.0,-0.005,0.304,0.299,800.0,0.0,-0.0017797079000035866,0.256,0.2542202920999964
33.733358639,1.0,0.0,800.0,0.5,800.0,0.0,-0.005,0.304,0.299,780.0,20.0,0.18936744639999917,0.256,0.44536744639999915
33.752774016,1.0,0.0,800.0,0.5,800.0,0.0,-0.005,0.304,0.299,800.0,0.0,-6.32553600000847E-4,0.256,0.25536744639999914
33.773860935,1.0,0.0,800.0,0.5,800.0,0.0,-0.005,0.304,0.299,800.0,0.0,-6.32553600000847E-4,0.256,0.25536744639999914
33.795126062,1.0,0.0,800.0,0.5,800.0,0.0,-0.005,0.304,0.299,780.0,20.0,0.1912867008000012,0.256,0.4472867008000012
33.822344982,1.0,0.0,800.0,0.5,800.0,0.0,-0.005,0.304,0.299,780.0,20.0,0.1936244093000005,0.256,0.44962440930000047
33.846494109,1.0,0.0,800.0,0.5,800.0,0.0,-0.005,0.304,0.299,800.0,0.0,0.0036244093000004796,0.256,0.25962440930000047
33.857592027,1.0,0.0,800.0,0.5,800.0,0.0,-0.005,0.304,0.299,800.0,0.0,0.0036244093000004796,0.256,0.25962440930000047
33.879720196,1.0,0.0,800.0,0.5,780.0,20.0,0.18690076270000078,0.304,0.49090076270000077,800.0,0.0,0.0036244093000004796,0.256,0.25962440930000047
33.891822322,1.0,0.0,800.0,0.5,800.0,0.0,-0.0030992372999992315,0.304,0.30090076270000077,800.0,0.0,0.0036244093000004796,0.256,0.25962440930000047
33.927364825,0.0,0.0,800.0,0.5,780.0,20.0,0.19016833389999646,0.304,0.4941683338999965,820.0,-20.0,-0.18964319100000013,0.256,0.06635680899999988
33.95787812,1.0,0.0,800.0,0.5,800.0,0.0,1.6833389999646898E-4,0.304,0.3041683338999965,800.0,0.0,3.568089999998847E-4,0.256,0.2563568089999999
33.97291908,1.0,0.0,800.0,0.5,820.0,-20.0,-0.19197754550000468,0.304,0.11202245449999532,800.0,0.0,3.568089999998847E-4,0.256,0.2563568089999999
33.997517374,1.0,0.0,800.0,0.5,820.0,-20.0,-0.19450679160000392,0.304,0.10949320839999607,800.0,0.0,3.568089999998847E-4,0.256,0.2563568089999999
34.011265084,1.0,0.0,800.0,0.5,800.0,0.0,-0.004506791600003908,0.304,0.2994932083999961,800.0,0.0,3.568089999998847E-4,0.256,0.2563568089999999
34.033313044,1.0,0.0,800.0,0.5,800.0,0.0,-0.004506791600003908,0.304,0.2994932083999961,800.0,0.0,3.568089999998847E-4,0.256,0.2563568089999999
34.045550504,1.0,0.0,800.0,0.5,800.0,0.0,-0.004506791600003908,0.304,0.2994932083999961,800.0,0.0,3.568089999998847E-4,0.256,0.2563568089999999
34.065907381,1.0,0.0,800.0,0.5,800.0,0.0,-0.004506791600003908,0.304,0.2994932083999961,820.0,-20.0,-0.19147077449999983,0.256,0.06452922550000018
34.086381216,1.0,0.0,800.0,0.5,800.0,0.0,-0.004506791600003908,0.304,0.2994932083999961,820.0,-20.0,-0.193512383100001,0.256,0.062487616899999016
34.098511051,1.0,0.0,800.0,0.5,800.0,0.0,-0.004506791600003908,0.304,0.2994932083999961,820.0,-20.0,-0.19472968320000178,0.256,0.061270316799998226
34.121635262,0.0,0.0,800.0,0.5,820.0,-20.0,-0.195,0.304,0.10899999999999999,780.0,20.0,0.18742065869999805,0.256,0.443420658699998
34.140123138,1.0,0.0,800.0,0.5,820.0,-20.0,-0.195,0.304,0.10899999999999999,800.0,0.0,-0.0025793413000019427,0.256,0.2534206586999981
34.161283557,1.0,0.0,800.0,0.5,820.0,-20.0,-0.195,0.304,0.10899999999999999,820.0,-20.0,-0.19470897480000077,0.256,0.06129102519999924
34.176794392,1.0,0.0,800.0,0.5,800.0,0.0,-0.005,0.304,0.299,800.0,0.0,-0.00470897480000076,0.256,0.25129102519999924
34.193398977,1.0,0.0,800.0,0.5,800.0,0.0,-0.005,0.304,0.299,800.0,0.0,-0.00470897480000076,0.256,0.25129102519999924
34.20623027,1.0,0.0,800.0,0.5,780.0,20.0,0.18610518349999894,0.304,0.49010518349999893,800.0,0.0,-0.00470897480000076,0.256,0.25129102519999924
34.219371021,1.0,0.0,800.0,0.5,780.0,20.0,0.187438975299998,0.304,0.491438975299998,800.0,0.0,-0.00470897480000076,0.256,0.25129102519999924
34.241381357,1.0,0.0,800.0,0.5,780.0,20.0,0.1896221879999962,0.304,0.4936221879999962,800.0,0.0,-0.00470897480000076,0.256,0.25129102519999924
34.257379859,1.0,0.0,800.0,0.5,820.0,-20.0,-0.19201099970000654,0.304,0.11198900029999345,800.0,0.0,-0.00470897480000076,0.256,0.25129102519999924
34.284110236,1.0,0.0,800.0,0.5,820.0,-20.0,-0.1946637083000053,0.304,0.1093362916999947,800.0,0.0,-0.00470897480000076,0.256,0.25129102519999924
34.303711697,1.0,0.0,800.0,0.5,800.0,0.0,-0.004663708300005283,0.304,0.2993362916999947,800.0,0.0,-0.00470897480000076,0.256,0.25129102519999924
34.335018033,1.0,0.0,800.0,0.5,800.0,0.0,-0.004663708300005283,0.304,0.2993362916999947,800.0,0.0,-0.00470897480000076,0.256,0.25129102519999924
34.354794202,1.0,0.0,800.0,0.5,800.0,0.0,-0.004663708300005283,0.304,0.2993362916999947,780.0,20.0,0.1873756254000034,0.256,0.4433756254000034
34.368847578,1.0,0.0,800.0,0.5,800.0,0.0,-0.004663708300005283,0.304,0.2993362916999947,820.0,-20.0,-0.19400774979999483,0.256,0.06199225020000518
34.391116914,1.0,0.0,800.0,0.5,800.0,0.0,-0.004663708300005283,0.304,0.2993362916999947,800.0,0.0,-0.004007749799994826,0.256,0.25199225020000515
34.405486457,1.0,0.0,800.0,0.5,820.0,-20.0,-0.195,0.304,0.10899999999999999,800.0,0.0,-0.004007749799994826,0.256,0.25199225020000515
34.417303041,1.0,0.0,800.0,0.5,820.0,-20.0,-0.195,0.304,0.10899999999999999,800.0,0.0,-0.004007749799994826,0.256,0.25199225020000515
34.444967919,1.0,0.0,800.0,0.5,820.0,-20.0,-0.195,0.304,0.10899999999999999,800.0,0.0,-0.004007749799994826,0.256,0.25199225020000515
34.457117587,1.0,0.0,800.0,0.5,800.0,0.0,-0.005,0.304,0.299,800.0,0.0,-0.004007749799994826,0.256,0.25199225020000515
34.489385257,1.0,0.0,800.0,0.5,780.0,20.0,0.1882313461000001,0.304,0.4922313461000001,800.0,0.0,-0.004007749799994826,0.256,0.25199225020000515
34.512022092,1.0,0.0,800.0,0.5,800.0,0.0,-0.0017686538999998902,0.304,0.3022313461000001,800.0,0.0,-0.004007749799994826,0.256,0.25199225020000515
34.522321427,1.0,0.0,800.0,0.5,800.0,0.0,-0.0017686538999998902,0.304,0.3022313461000001,800.0,0.0,-0.004007749799994826,0.256,0.25199225020000515
34.542347262,0.0,0.0,800.0,0.5,820.0,-20.0,-0.1932083498999998,0.304,0.1107916501000002,780.0,20.0,0.18743194620000508,0.256,0.4434319462000051
34.565353348,1.0,0.0,800.0,0.5,780.0,20.0,0.18932191699999862,0.304,0.4933219169999986,800.0,0.0,-0.002568053799994914,0.256,0.2534319462000051
34.583563558,1.0,0.0,800.0,0.5,800.0,0.0,-6.780830000013793E-4,0.304,0.3033219169999986,800.0,0.0,-0.002568053799994914,0.256,0.2534319462000051
34.593921517,1.0,0.0,800.0,0.5,800.0,0.0,-6.780830000013793E-4,0.304,0.3033219169999986,800.0,0.0,-0.002568053799994914,0.256,0.2534319462000051
34.606510144,1.0,0.0,800.0,0.5,820.0,-20.0,-0.1918110330999991,0.304,0.11218896690000088,800.0,0.0,-0.002568053799994914,0.256,0.2534319462000051
34.620001187,1.0,0.0,800.0,0.5,800.0,0.0,-0.001811033099999122,0.304,0.30218896690000085,780.0,20.0,0.18854544220000435,0.256,0.44454544220000436
34.639819647,1.0,0.0,800.0,0.5,800.0,0.0,-0.001811033099999122,0.304,0.30218896690000085,800.0,0.0,-0.001454557799995655,0.256,0.25454544220000436
34.64990869,1.0,0.0,800.0,0.5,800.0,0.0,-0.001811033099999122,0.304,0.30218896690000085,800.0,0.0,-0.001454557799995655,0.256,0.25454544220000436
34.673179317,1.0,0.0,800.0,0.5,800.0,0.0,-0.001811033099999122,0.304,0.30218896690000085,780.0,20.0,0.19066005489999951,0.256,0.4466600548999995
34.685463735,1.0,0.0,800.0,0.5,800.0,0.0,-0.001811033099999122,0.304,0.30218896690000085,780.0,20.0,0.1918883507999999,0.256,0.4478883507999999
34.706814029,1.0,0.0,800.0,0.5,820.0,-20.0,-0.19382793749999905,0.304,0.11017206250000094,800.0,0.0,0.0018883507999998984,0.256,0.2578883507999999
34.717686488,1.0,0.0,800.0,0.5,820.0,-20.0,-0.195,0.304,0.10899999999999999,800.0,0.0,0.0018883507999998984,0.256,0.2578883507999999
34.728481656,1.0,0.0,800.0,0.5,820.0,-20.0,-0.195,0.304,0.10899999999999999,800.0,0.0,0.0018883507999998984,0.256,0.2578883507999999
34.749868991,1.0,0.0,800.0,0.5,820.0,-20.0,-0.195,0.304,0.10899999999999999,800.0,0.0,0.0018883507999998984,0.256,0.2578883507999999
34.762187826,1.0,0.0,800.0,0.5,780.0,20.0,0.1861120376000008,0.304,0.49011203760000077,800.0,0.0,0.0018883507999998984,0.256,0.2578883507999999
34.774244452,1.0,0.0,800.0,0.5,780.0,20.0,0.1872876585000006,0.304,0.49128765850000056,800.0,0.0,0.0018883507999998984,0.256,0.2578883507999999
34.794910788,1.0,0.0,800.0,0.5,780.0,20.0,0.1891719712000031,0.304,0.4931719712000031,780.0,20.0,0.193772809300001,0.256,0.44977280930000096
34.813030289,1.0,0.0,800.0,0.5,800.0,0.0,-8.280287999969005E-4,0.304,0.3031719712000031,780.0,20.0,0.195,0.256,0.451
34.834693542,1.0,0.0,800.0,0.5,800.0,0.0,-8.280287999969005E-4,0.304,0.3031719712000031,820.0,-20.0,-0.18728100850000032,0.256,0.06871899149999969
34.856429127,1.0,0.0,800.0,0.5,820.0,-20.0,-0.19257759149999856,0.304,0.11142240850000143,800.0,0.0,0.0027189914999996745,0.256,0.25871899149999966
34.87220217,0.0,0.0,800.0,0.5,820.0,-20.0,-0.19444102079999767,0.304,0.10955897920000232,780.0,20.0,0.19458242089999772,0.256,0.4505824208999977
34.886480714,0.0,0.0,800.0,0.5,820.0,-20.0,-0.195,0.304,0.10899999999999999,780.0,20.0,0.195,0.256,0.451
34.905646715,1.0,0.0,800.0,0.5,800.0,0.0,-0.005,0.304,0.299,800.0,0.0,0.005,0.256,0.261
34.915288633,1.0,0.0,800.0,0.5,800.0,0.0,-0.005,0.304,0.299,800.0,0.0,0.005,0.256,0.261
34.930245301,1.0,0.0,800.0,0.5,800.0,0.0,-0.005,0.304,0.299,800.0,0.0,0.005,0.256,0.261
34.942499969,1.0,0.0,800.0,0.5,780.0,20.0,0.18599656680000068,0.304,0.4899965668000007,800.0,0.0,0.005,0.256,0.261
34.960430762,1.0,0.0,800.0,0.5,780.0,20.0,0.18767000439999948,0.304,0.49167000439999947,780.0,20.0,0.195,0.256,0.451
34.975150597,1.0,0.0,800.0,0.5,780.0,20.0,0.189159079599998,0.304,0.493159079599998,800.0,0.0,0.005,0.256,0.261
35.002950517,1.0,0.0,800.0,0.5,800.0,0.0,-8.409204000020055E-4,0.304,0.303159079599998,780.0,20.0,0.195,0.256,0.451
35.016844352,1.0,0.0,800.0,0.5,820.0,-20.0,-0.1922239456000011,0.304,0.11177605439999888,820.0,-20.0,-0.1863831417999995,0.256,0.06961685820000049
35.04699598,1.0,0.0,800.0,0.5,820.0,-20.0,-0.19496978330000275,0.304,0.10903021669999724,800.0,0.0,0.003616858200000479,0.256,0.25961685820000047
35.067661148,0.0,0.0,800.0,0.5,820.0,-20.0,-0.195,0.304,0.10899999999999999,780.0,20.0,0.195,0.256,0.451
35.091356151,1.0,0.0,800.0,0.5,800.0,0.0,-0.005,0.304,0.299,820.0,-20.0,-0.18740000860000008,0.256,0.06859999139999992
35.106756736,1.0,0.0,800.0,0.5,800.0,0.0,-0.005,0.304,0.299,800.0,0.0,0.002599991399999908,0.256,0.2585999913999999
35.120449612,1.0,0.0,800.0,0.5,800.0,0.0,-0.005,0.304,0.299,800.0,0.0,0.002599991399999908,0.256,0.2585999913999999
35.130088613,1.0,0.0,800.0,0.5,800.0,0.0,-0.005,0.304,0.299,800.0,0.0,0.002599991399999908,0.256,0.2585999913999999
35.147026573,1.0,0.0,800.0,0.5,800.0,0.0,-0.005,0.304,0.299,800.0,0.0,0.002599991399999908,0.256,0.2585999913999999
35.156354366,1.0,0.0,800.0,0.5,800.0,0.0,-0.005,0.304,0.299,800.0,0.0,0.002599991399999908,0.256,0.2585999913999999
35.166250908,1.0,0.0,800.0,0.5,800.0,0.0,-0.005,0.304,0.299,800.0,0.0,0.002599991399999908,0.256,0.2585999913999999
35.183559868,1.0,0.0,800.0,0.5,800.0,0.0,-0.005,0.304,0.299,800.0,0.0,0.002599991399999908,0.256,0.2585999913999999
35.192984203,1.0,0.0,800.0,0.5,800.0,0.0,-0.005,0.304,0.299,800.0,0.0,0.002599991399999908,0.256,0.2585999913999999
35.211118871,1.0,0.0,800.0,0.5,800.0,0.0,-0.005,0.304,0.299,800.0,0.0,0.002599991399999908,0.256,0.2585999913999999
35.228438914,1.0,0.0,800.0,0.5,780.0,20.0,0.18633064179999564,0.304,0.49033064179999564,780.0,20.0,0.19393066230000044,0.256,0.44993066230000045
35.24857675,1.0,0.0,800.0,0.5,780.0,20.0,0.18839497119999807,0.304,0.4923949711999981,800.0,0.0,0.0039306623000004495,0.256,0.25993066230000045
35.277875836,1.0,0.0,800.0,0.5,800.0,0.0,-0.0016050288000019463,0.304,0.30239497119999803,800.0,0.0,0.0039306623000004495,0.256,0.25993066230000045
35.29785063,1.0,0.0,800.0,0.5,800.0,0.0,-0.0016050288000019463,0.304,0.30239497119999803,780.0,20.0,0.195,0.256,0.451
35.328507716,1.0,0.0,800.0,0.5,820.0,-20.0,-0.19440499990000262,0.304,0.10959500009999737,800.0,0.0,0.005,0.256,0.261
35.370926845,1.0,0.0,800.0,0.5,800.0,0.0,-0.004404999900002622,0.304,0.29959500009999734,800.0,0.0,0.005,0.256,0.261
35.391174056,1.0,0.0,800.0,0.5,800.0,0.0,-0.004404999900002622,0.304,0.29959500009999734,800.0,0.0,0.005,0.256,0.261
35.402750599,1.0,0.0,800.0,0.5,800.0,0.0,-0.004404999900002622,0.304,0.29959500009999734,800.0,0.0,0.005,0.256,0.261
35.416846558,1.0,0.0,800.0,0.5,800.0,0.0,-0.004404999900002622,0.304,0.29959500009999734,800.0,0.0,0.005,0.256,0.261
35.43574131,1.0,0.0,800.0,0.5,800.0,0.0,-0.004404999900002622,0.304,0.29959500009999734,800.0,0.0,0.005,0.256,0.261
35.454376187,1.0,0.0,800.0,0.5,800.0,0.0,-0.004404999900002622,0.304,0.29959500009999734,800.0,0.0,0.005,0.256,0.261
35.471860731,1.0,0.0,800.0,0.5,800.0,0.0,-0.004404999900002622,0.304,0.29959500009999734,800.0,0.0,0.005,0.256,0.261
35.483164273,1.0,0.0,800.0,0.5,800.0,0.0,-0.004404999900002622,0.304,0.29959500009999734,800.0,0.0,0.005,0.256,0.261
35.496286066,1.0,0.0,800.0,0.5,800.0,0.0,-0.004404999900002622,0.304,0.29959500009999734,800.0,0.0,0.005,0.256,0.261
35.516795777,1.0,0.0,800.0,0.5,800.0,0.0,-0.004404999900002622,0.304,0.29959500009999734,800.0,0.0,0.005,0.256,0.261
35.526300319,1.0,0.0,800.0,0.5,800.0,0.0,-0.004404999900002622,0.304,0.29959500009999734,800.0,0.0,0.005,0.256,0.261
35.543083405,1.0,0.0,800.0,0.5,800.0,0.0,-0.004404999900002622,0.304,0.29959500009999734,800.0,0.0,0.005,0.256,0.261
35.554338239,1.0,0.0,800.0,0.5,800.0,0.0,-0.004404999900002622,0.304,0.29959500009999734,800.0,0.0,0.005,0.256,0.261
35.567396449,1.0,0.0,800.0,0.5,800.0,0.0,-0.004404999900002622,0.304,0.29959500009999734,800.0,0.0,0.005,0.256,0.261
35.576843825,1.0,0.0,800.0,0.5,800.0,0.0,-0.004404999900002622,0.304,0.29959500009999734,800.0,0.0,0.005,0.256,0.261
35.587634617,1.0,0.0,800.0,0.5,800.0,0.0,-0.004404999900002622,0.304,0.29959500009999734,800.0,0.0,0.005,0.256,0.261
35.601605744,1.0,0.0,800.0,0.5,800.0,0.0,-0.004404999900002622,0.304,0.29959500009999734,800.0,0.0,0.005,0.256,0.261
35.61329837,1.0,0.0,800.0,0.5,800.0,0.0,-0.004404999900002622,0.304,0.29959500009999734,800.0,0.0,0.005,0.256,0.261
35.637219122,1.0,0.0,800.0,0.5,800.0,0.0,-0.004404999900002622,0.304,0.29959500009999734,780.0,20.0,0.195,0.256,0.451
35.648133582,1.0,0.0,800.0,0.5,800.0,0.0,-0.004404999900002622,0.304,0.29959500009999734,780.0,20.0,0.195,0.256,0.451
35.658292624,1.0,0.0,800.0,0.5,800.0,0.0,-0.004404999900002622,0.304,0.29959500009999734,780.0,20.0,0.195,0.256,0.451
35.682176918,0.0,0.0,800.0,0.5,780.0,20.0,0.18750588359999712,0.304,0.49150588359999714,820.0,-20.0,-0.18691085430000157,0.256,0.06908914569999844
35.697477753,1.0,0.0,800.0,0.5,780.0,20.0,0.18917684209999722,0.304,0.49317684209999724,800.0,0.0,0.0030891456999984257,0.256,0.2590891456999984
35.714510213,1.0,0.0,800.0,0.5,780.0,20.0,0.19109542569999918,0.304,0.4950954256999992,800.0,0.0,0.0030891456999984257,0.256,0.2590891456999984
35.727906173,1.0,0.0,800.0,0.5,800.0,0.0,0.0010954256999991686,0.304,0.30509542569999915,800.0,0.0,0.0030891456999984257,0.256,0.2590891456999984
35.750807842,1.0,0.0,800.0,0.5,800.0,0.0,0.0010954256999991686,0.304,0.30509542569999915,820.0,-20.0,-0.18915222540000287,0.256,0.06684777459999713
35.763396177,1.0,0.0,800.0,0.5,820.0,-20.0,-0.1900582327999996,0.304,0.1139417672000004,800.0,0.0,8.477745999971376E-4,0.256,0.25684777459999714
35.783505429,0.0,0.0,800.0,0.5,820.0,-20.0,-0.19203789129999904,0.304,0.11196210870000095,780.0,20.0,0.1928274330999966,0.256,0.4488274330999966
35.817211015,1.0,0.0,800.0,0.5,800.0,0.0,-0.002037891299999046,0.304,0.30196210870000095,820.0,-20.0,-0.19051748810000277,0.256,0.06548251189999724
35.840914476,1.0,0.0,800.0,0.5,800.0,0.0,-0.002037891299999046,0.304,0.30196210870000095,800.0,0.0,-5.174881000027654E-4,0.256,0.25548251189999727
35.861887645,1.0,0.0,800.0,0.5,800.0,0.0,-0.002037891299999046,0.304,0.30196210870000095,800.0,0.0,-5.174881000027654E-4,0.256,0.25548251189999727
35.887353356,1.0,0.0,800.0,0.5,800.0,0.0,-0.002037891299999046,0.304,0.30196210870000095,820.0,-20.0,-0.1924398633000044,0.256,0.0635601366999956
35.901558107,1.0,0.0,800.0,0.5,820.0,-20.0,-0.1937215080999988,0.304,0.11027849190000119,820.0,-20.0,-0.194123509300008,0.256,0.061876490699992015
35.915304942,1.0,0.0,800.0,0.5,800.0,0.0,-0.0037215080999988006,0.304,0.30027849190000117,800.0,0.0,-0.004123509300007981,0.256,0.251876490699992
35.926477235,1.0,0.0,800.0,0.5,800.0,0.0,-0.0037215080999988006,0.304,0.30027849190000117,800.0,0.0,-0.004123509300007981,0.256,0.251876490699992
35.936602736,1.0,0.0,800.0,0.5,800.0,0.0,-0.0037215080999988006,0.304,0.30027849190000117,800.0,0.0,-0.004123509300007981,0.256,0.251876490699992
35.948328612,1.0,0.0,800.0,0.5,800.0,0.0,-0.0037215080999988006,0.304,0.30027849190000117,800.0,0.0,-0.004123509300007981,0.256,0.251876490699992
35.958269196,1.0,0.0,800.0,0.5,800.0,0.0,-0.0037215080999988006,0.304,0.30027849190000117,800.0,0.0,-0.004123509300007981,0.256,0.251876490699992
35.973208364,1.0,0.0,800.0,0.5,800.0,0.0,-0.0037215080999988006,0.304,0.30027849190000117,800.0,0.0,-0.004123509300007981,0.256,0.251876490699992
35.98242649,1.0,0.0,800.0,0.5,800.0,0.0,-0.0037215080999988006,0.304,0.30027849190000117,800.0,0.0,-0.004123509300007981,0.256,0.251876490699992
35.992072783,1.0,0.0,800.0,0.5,800.0,0.0,-0.0037215080999988006,0.304,0.30027849190000117,800.0,0.0,-0.004123509300007981,0.256,0.251876490699992
36.002410326,1.0,0.0,800.0,0.5,800.0,0.0,-0.0037215080999988006,0.304,0.30027849190000117,800.0,0.0,-0.004123509300007981,0.256,0.251876490699992
36.013129077,1.0,0.0,800.0,0.5,800.0,0.0,-0.0037215080999988006,0.304,0.30027849190000117,800.0,0.0,-0.004123509300007981,0.256,0.251876490699992
36.023883703,1.0,0.0,800.0,0.5,800.0,0.0,-0.0037215080999988006,0.304,0.30027849190000117,800.0,0.0,-0.004123509300007981,0.256,0.251876490699992
36.033755454,1.0,0.0,800.0,0.5,800.0,0.0,-0.0037215080999988006,0.304,0.30027849190000117,800.0,0.0,-0.004123509300007981,0.256,0.251876490699992
36.043196996,1.0,0.0,800.0,0.5,800.0,0.0,-0.0037215080999988006,0.304,0.30027849190000117,800.0,0.0,-0.004123509300007981,0.256,0.251876490699992
36.054937164,1.0,0.0,800.0,0.5,800.0,0.0,-0.0037215080999988006,0.304,0.30027849190000117,800.0,0.0,-0.004123509300007981,0.256,0.251876490699992
36.065724457,1.0,0.0,800.0,0.5,780.0,20.0,0.18722153779999987,0.304,0.4912215377999999,800.0,0.0,-0.004123509300007981,0.256,0.251876490699992
36.075772666,1.0,0.0,800.0,0.5,780.0,20.0,0.18825345460000223,0.304,0.49225345460000225,800.0,0.0,-0.004123509300007981,0.256,0.251876490699992
36.092806293,1.0,0.0,800.0,0.5,780.0,20.0,0.1897384464000004,0.304,0.4937384464000004,780.0,20.0,0.18736148249999587,0.256,0.44336148249999585
36.104997378,1.0,0.0,800.0,0.5,780.0,20.0,0.19097651319999956,0.304,0.4949765131999996,800.0,0.0,-0.0026385175000041275,0.256,0.2533614824999959
36.116801712,1.0,0.0,800.0,0.5,820.0,-20.0,-0.19036912030000053,0.304,0.11363087969999947,800.0,0.0,-0.0026385175000041275,0.256,0.2533614824999959
36.131184089,0.0,0.0,800.0,0.5,820.0,-20.0,-0.19162454120000347,0.304,0.11237545879999652,780.0,20.0,0.1886168742999996,0.256,0.44461687429999963
36.14824834,1.0,0.0,800.0,0.5,820.0,-20.0,-0.19314934550000204,0.304,0.11085065449999795,800.0,0.0,-0.0013831257000003917,0.256,0.25461687429999963
36.165594925,0.0,0.0,800.0,0.5,820.0,-20.0,-0.19488589989999924,0.304,0.10911410010000075,780.0,20.0,0.19035342859999788,0.256,0.4463534285999979
36.182398427,1.0,0.0,800.0,0.5,800.0,0.0,-0.004885899899999231,0.304,0.2991141001000008,800.0,0.0,3.5342859999786924E-4,0.256,0.2563534285999979
36.195419303,1.0,0.0,800.0,0.5,800.0,0.0,-0.004885899899999231,0.304,0.2991141001000008,780.0,20.0,0.1918468496000014,0.256,0.44784684960000143
36.208582513,1.0,0.0,800.0,0.5,800.0,0.0,-0.004885899899999231,0.304,0.2991141001000008,820.0,-20.0,-0.18950289639999823,0.256,0.06649710360000177
36.234572641,1.0,0.0,800.0,0.5,820.0,-20.0,-0.195,0.304,0.10899999999999999,820.0,-20.0,-0.19186183830000006,0.256,0.06413816169999995
36.251844851,1.0,0.0,800.0,0.5,820.0,-20.0,-0.195,0.304,0.10899999999999999,820.0,-20.0,-0.19381399259999968,0.256,0.062186007400000326
36.28229952,1.0,0.0,800.0,0.5,800.0,0.0,-0.005,0.304,0.299,800.0,0.0,-0.003813992599999665,0.256,0.25218600740000036
36.297101897,1.0,0.0,800.0,0.5,780.0,20.0,0.18672211689999813,0.304,0.4907221168999981,800.0,0.0,-0.003813992599999665,0.256,0.25218600740000036
36.331815775,1.0,0.0,800.0,0.5,800.0,0.0,-0.0032778831000018728,0.304,0.3007221168999981,800.0,0.0,-0.003813992599999665,0.256,0.25218600740000036
36.355319444,1.0,0.0,800.0,0.5,800.0,0.0,-0.0032778831000018728,0.304,0.3007221168999981,800.0,0.0,-0.003813992599999665,0.256,0.25218600740000036
36.378923155,1.0,0.0,800.0,0.5,800.0,0.0,-0.0032778831000018728,0.304,0.3007221168999981,800.0,0.0,-0.003813992599999665,0.256,0.25218600740000036
36.401370116,1.0,0.0,800.0,0.5,820.0,-20.0,-0.195,0.304,0.10899999999999999,800.0,0.0,-0.003813992599999665,0.256,0.25218600740000036
36.415317909,1.0,0.0,800.0,0.5,800.0,0.0,-0.005,0.304,0.299,800.0,0.0,-0.003813992599999665,0.256,0.25218600740000036
36.426639535,1.0,0.0,800.0,0.5,820.0,-20.0,-0.195,0.304,0.10899999999999999,800.0,0.0,-0.003813992599999665,0.256,0.25218600740000036
36.439317994,1.0,0.0,800.0,0.5,800.0,0.0,-0.005,0.304,0.299,800.0,0.0,-0.003813992599999665,0.256,0.25218600740000036
36.450284954,1.0,0.0,800.0,0.5,800.0,0.0,-0.005,0.304,0.299,800.0,0.0,-0.003813992599999665,0.256,0.25218600740000036
36.460524205,1.0,0.0,800.0,0.5,800.0,0.0,-0.005,0.304,0.299,800.0,0.0,-0.003813992599999665,0.256,0.25218600740000036
36.47405579,1.0,0.0,800.0,0.5,800.0,0.0,-0.005,0.304,0.299,800.0,0.0,-0.003813992599999665,0.256,0.25218600740000036
36.485032666,1.0,0.0,800.0,0.5,800.0,0.0,-0.005,0.304,0.299,800.0,0.0,-0.003813992599999665,0.256,0.25218600740000036
36.509132793,1.0,0.0,800.0,0.5,800.0,0.0,-0.005,0.304,0.299,780.0,20.0,0.18837056179999764,0.256,0.4443705617999977
36.52244417,1.0,0.0,800.0,0.5,800.0,0.0,-0.005,0.304,0.299,780.0,20.0,0.18967830769999636,0.256,0.4456783076999964
36.535498587,1.0,0.0,800.0,0.5,800.0,0.0,-0.005,0.304,0.299,800.0,0.0,-3.2169230000363315E-4,0.256,0.2556783076999964
36.552696714,1.0,0.0,800.0,0.5,800.0,0.0,-0.005,0.304,0.299,800.0,0.0,-3.2169230000363315E-4,0.256,0.2556783076999964
36.563430049,1.0,0.0,800.0,0.5,800.0,0.0,-0.005,0.304,0.299,800.0,0.0,-3.2169230000363315E-4,0.256,0.2556783076999964
36.575817716,1.0,0.0,800.0,0.5,800.0,0.0,-0.005,0.304,0.299,780.0,20.0,0.19069654529999525,0.256,0.44669654529999525
36.596649135,1.0,0.0,800.0,0.5,800.0,0.0,-0.005,0.304,0.299,800.0,0.0,6.965452999952504E-4,0.256,0.25669654529999525
36.606243803,1.0,0.0,800.0,0.5,800.0,0.0,-0.005,0.304,0.299,800.0,0.0,6.965452999952504E-4,0.256,0.25669654529999525
36.625311805,1.0,0.0,800.0,0.5,800.0,0.0,-0.005,0.304,0.299,800.0,0.0,6.965452999952504E-4,0.256,0.25669654529999525
36.641417931,1.0,0.0,800.0,0.5,800.0,0.0,-0.005,0.304,0.299,800.0,0.0,6.965452999952504E-4,0.256,0.25669654529999525
36.653377141,1.0,0.0,800.0,0.5,800.0,0.0,-0.005,0.304,0.299,800.0,0.0,6.965452999952504E-4,0.256,0.25669654529999525
36.671559059,1.0,0.0,800.0,0.5,800.0,0.0,-0.005,0.304,0.299,800.0,0.0,6.965452999952504E-4,0.256,0.25669654529999525
36.686073561,1.0,0.0,800.0,0.5,800.0,0.0,-0.005,0.304,0.299,800.0,0.0,6.965452999952504E-4,0.256,0.25669654529999525
36.708659938,1.0,0.0,800.0,0.5,800.0,0.0,-0.005,0.304,0.299,800.0,0.0,6.965452999952504E-4,0.256,0.25669654529999525
36.722875773,1.0,0.0,800.0,0.5,800.0,0.0,-0.005,0.304,0.299,800.0,0.0,6.965452999952504E-4,0.256,0.25669654529999525
36.742515733,1.0,0.0,800.0,0.5,800.0,0.0,-0.005,0.304,0.299,800.0,0.0,6.965452999952504E-4,0.256,0.25669654529999525
36.776757695,1.0,0.0,800.0,0.5,780.0,20.0,0.18806722530000344,0.304,0.49206722530000346,800.0,0.0,6.965452999952504E-4,0.256,0.25669654529999525
36.795783989,1.0,0.0,800.0,0.5,800.0,0.0,-0.0019327746999965713,0.304,0.3020672253000034,800.0,0.0,6.965452999952504E-4,0.256,0.25669654529999525
36.806490781,1.0,0.0,800.0,0.5,780.0,20.0,0.18913519210000573,0.304,0.4931351921000057,800.0,0.0,6.965452999952504E-4,0.256,0.25669654529999525
36.837874701,1.0,0.0,800.0,0.5,780.0,20.0,0.19185200900000496,0.304,0.4958520090000049,780.0,20.0,0.19341336229999342,0.256,0.4494133622999934
36.860391662,0.0,0.0,800.0,0.5,820.0,-20.0,-0.1906076454999902,0.304,0.11339235450000978,780.0,20.0,0.195,0.256,0.451
36.892963832,1.0,0.0,800.0,0.5,820.0,-20.0,-0.19382954159999144,0.304,0.11017045840000855,820.0,-20.0,-0.188221867000002,0.256,0.06777813299999799
36.916032334,1.0,0.0,800.0,0.5,820.0,-20.0,-0.195,0.304,0.10899999999999999,820.0,-20.0,-0.1902000088999989,0.256,0.06579999110000109
36.928196294,1.0,0.0,800.0,0.5,820.0,-20.0,-0.195,0.304,0.10899999999999999,800.0,0.0,-2.0000889999892025E-4,0.256,0.25579999110000107
36.950898171,0.0,0.0,800.0,0.5,-0.0,800.0,7.6049999999999995,0.304,1.0,0.0,800.0,7.6049999999999995,0.256,1.0
