# Timestamp,TargetTPS,Tilt,RightTPS,RightError,RightPowerPID,RightPowerFF,RightPower,LeftTPS,LeftError,LeftPowerPID,LeftPowerFF,LeftPower
# 0.000 PIDF Config: kP=0.0095 kI=0.005 kD=0.0
# 0.001 Feedforward Config: kS=0.0 kV_Left=3.2E-4 kV_Right=3.8E-4 kA=0.01
8.953332233,930.0,0.0,-0.0,930.0,8.834999999999999,0.3534,1.0,0.0,930.0,8.834999999999999,0.29760000000000003,1.0
9.002796571,930.0,0.0,60.0,870.0,8.270000000000001,0.3534,1.0,60.0,870.0,8.270000000000001,0.29760000000000003,1.0
9.068645286,930.0,0.0,180.0,750.0,7.13,0.3534,1.0,180.0,750.0,7.13,0.29760000000000003,1.0
9.085541538,930.0,0.0,220.0,710.0,6.75,0.3534,1.0,220.0,710.0,6.75,0.29760000000000003,1.0
9.102951415,930.0,0.0,240.0,690.0,6.56,0.3534,1.0,240.0,690.0,6.56,0.29760000000000003,1.0
9.119854083,930.0,0.0,280.0,650.0,6.18,0.3534,1.0,260.0,670.0,6.37,0.29760000000000003,1.0
9.133092543,930.0,0.0,300.0,630.0,5.989999999999999,0.3534,1.0,300.0,630.0,5.989999999999999,0.29760000000000003,1.0
9.148419919,930.0,0.0,320.0,610.0,5.8,0.3534,1.0,320.0,610.0,5.8,0.29760000000000003,1.0
9.165259588,930.0,0.0,360.0,570.0,5.42,0.3534,1.0,360.0,570.0,5.42,0.29760000000000003,1.0
9.218808426,930.0,0.0,440.0,490.0,4.66,0.3534,1.0,420.0,510.0,4.85,0.29760000000000003,1.0
9.235098886,930.0,0.0,480.0,450.0,4.279999999999999,0.3534,1.0,460.0,470.0,4.47,0.29760000000000003,1.0
9.246740762,930.0,0.0,500.0,430.0,4.09,0.3534,1.0,500.0,430.0,4.09,0.29760000000000003,1.0
9.258534305,930.0,0.0,520.0,410.0,3.9,0.3534,1.0,500.0,430.0,4.09,0.29760000000000003,1.0
9.270358473,930.0,0.0,540.0,390.0,3.71,0.3534,1.0,520.0,410.0,3.9,0.29760000000000003,1.0
9.283169058,930.0,0.0,560.0,370.0,3.52,0.3534,1.0,560.0,370.0,3.52,0.29760000000000003,1.0
9.298044351,930.0,0.0,580.0,350.0,3.3299999999999996,0.3534,1.0,560.0,370.0,3.52,0.29760000000000003,1.0
9.312136811,930.0,0.0,600.0,330.0,3.1399999999999997,0.3534,1.0,600.0,330.0,3.1399999999999997,0.29760000000000003,1.0
9.364197274,930.0,0.0,680.0,250.0,2.38,0.3534,1.0,680.0,250.0,2.38,0.29760000000000003,1.0
9.377529942,930.0,0.0,700.0,230.0,2.19,0.3534,1.0,680.0,250.0,2.38,0.29760000000000003,1.0
9.389777319,930.0,0.0,740.0,190.0,1.8099999999999998,0.3534,1.0,720.0,210.0,1.9999999999999998,0.29760000000000003,1.0
9.40374232,930.0,0.0,740.0,190.0,1.8099999999999998,0.3534,1.0,740.0,190.0,1.8099999999999998,0.29760000000000003,1.0
9.415350654,930.0,0.0,760.0,170.0,1.6199999999999999,0.3534,1.0,760.0,170.0,1.6199999999999999,0.29760000000000003,1.0
9.429952364,930.0,0.0,780.0,150.0,1.43,0.3534,1.0,780.0,150.0,1.43,0.29760000000000003,1.0
9.443091657,930.0,0.0,800.0,130.0,1.2399999999999998,0.3534,1.0,800.0,130.0,1.2399999999999998,0.29760000000000003,1.0
9.46725041,930.0,0.0,820.0,110.0,1.0499999999999998,0.3534,1.0,800.0,130.0,1.2399999999999998,0.29760000000000003,1.0
# 9.526 Shooter Ready
9.530056458,930.0,0.0,920.0,10.0,0.1,0.3534,0.4534,900.0,30.0,0.29,0.29760000000000003,0.5876
9.555620752,930.0,0.0,940.0,-10.0,-0.09128347930000245,0.3534,0.2621165206999975,940.0,-10.0,-0.09128350850000061,0.29760000000000003,0.20631649149999942
9.573015462,930.0,0.0,960.0,-30.0,-0.283885685750015,0.3534,0.069514314249985,960.0,-30.0,-0.28388571495001313,0.29760000000000003,0.013714285049986896
9.588231713,930.0,0.0,960.0,-30.0,-0.2861558735000062,0.3534,0.06724412649999378,960.0,-30.0,-0.28615594634998615,0.29760000000000003,0.011444053650013886
9.605993632,930.0,0.0,980.0,-50.0,-0.48,0.3534,-0.1266,960.0,-30.0,-0.2887637092500017,0.29760000000000003,0.00883629074999831
# 9.621 Shooter Ready
9.624601675,930.0,0.0,960.0,-30.0,-0.29,0.3534,0.06340000000000001,940.0,-10.0,-0.09970051350000177,0.29760000000000003,0.19789948649999828
9.670954805,930.0,0.0,940.0,-10.0,-0.1,0.3534,0.25339999999999996,960.0,-30.0,-0.29,0.29760000000000003,0.007600000000000051
9.68495539,930.0,0.0,940.0,-10.0,-0.1,0.3534,0.25339999999999996,960.0,-30.0,-0.29,0.29760000000000003,0.007600000000000051
9.696154224,930.0,0.0,940.0,-10.0,-0.1,0.3534,0.25339999999999996,960.0,-30.0,-0.29,0.29760000000000003,0.007600000000000051
9.709433809,930.0,0.0,940.0,-10.0,-0.1,0.3534,0.25339999999999996,960.0,-30.0,-0.29,0.29760000000000003,0.007600000000000051
9.723755519,930.0,0.0,940.0,-10.0,-0.1,0.3534,0.25339999999999996,940.0,-10.0,-0.1,0.29760000000000003,0.19760000000000003
9.739385354,930.0,0.0,920.0,10.0,0.0907223563000025,0.3534,0.4441223563000025,960.0,-30.0,-0.29,0.29760000000000003,0.007600000000000051
# 9.756 Shooter Ready
9.757403355,930.0,0.0,940.0,-10.0,-0.1,0.3534,0.25339999999999996,960.0,-30.0,-0.29,0.29760000000000003,0.007600000000000051
9.794847234,930.0,0.0,940.0,-10.0,-0.1,0.3534,0.25339999999999996,940.0,-10.0,-0.1,0.29760000000000003,0.19760000000000003
9.805733985,930.0,0.0,940.0,-10.0,-0.1,0.3534,0.25339999999999996,940.0,-10.0,-0.1,0.29760000000000003,0.19760000000000003
9.817780112,930.0,0.0,920.0,10.0,0.09054519799999752,0.3534,0.44394519799999754,940.0,-10.0,-0.1,0.29760000000000003,0.19760000000000003
9.831705155,930.0,0.0,940.0,-10.0,-0.1,0.3534,0.25339999999999996,940.0,-10.0,-0.1,0.29760000000000003,0.19760000000000003
9.846177073,930.0,0.0,920.0,10.0,0.09072027095000067,0.3534,0.4441202709500007,940.0,-10.0,-0.1,0.29760000000000003,0.19760000000000003
9.860970408,930.0,0.0,940.0,-10.0,-0.1,0.3534,0.25339999999999996,940.0,-10.0,-0.1,0.29760000000000003,0.19760000000000003
9.879489201,930.0,0.0,940.0,-10.0,-0.1,0.3534,0.25339999999999996,920.0,10.0,0.09087969594999322,0.29760000000000003,0.38847969594999326
9.927080456,930.0,0.0,940.0,-10.0,-0.1,0.3534,0.25339999999999996,960.0,-30.0,-0.29,0.29760000000000003,0.007600000000000051
9.948052458,930.0,0.0,920.0,10.0,0.09098949384999969,0.3534,0.4443894938499997,920.0,10.0,0.0909894792500063,0.29760000000000003,0.3885894792500063
9.972359085,930.0,0.0,940.0,-10.0,-0.09990894164999417,0.3534,0.25349105835000585,960.0,-30.0,-0.29,0.29760000000000003,0.007600000000000051
9.991035087,930.0,0.0,920.0,10.0,0.09133418555000163,0.3534,0.4447341855500016,940.0,-10.0,-0.1,0.29760000000000003,0.19760000000000003
10.010003048,930.0,0.0,940.0,-10.0,-0.09960792704999903,0.3534,0.25379207295000095,920.0,10.0,0.09094211260000065,0.29760000000000003,0.3885421126000007
10.027697883,930.0,0.0,940.0,-10.0,-0.1,0.3534,0.25339999999999996,940.0,-10.0,-0.09993930415000704,0.29760000000000003,0.197660695849993
10.075793429,930.0,0.0,920.0,10.0,0.09240245855000012,0.3534,0.4458024585500001,960.0,-30.0,-0.29,0.29760000000000003,0.007600000000000051
# 10.093 Shooter Ready
10.096537348,930.0,0.0,940.0,-10.0,-0.09865296655000293,0.3534,0.25474703344999705,940.0,-10.0,-0.1,0.29760000000000003,0.19760000000000003
10.108921224,930.0,0.0,940.0,-10.0,-0.09937086040000623,0.3534,0.25402913959999374,940.0,-10.0,-0.1,0.29760000000000003,0.19760000000000003
10.123218726,930.0,0.0,920.0,10.0,0.09125075424998613,0.3534,0.4446507542499861,920.0,10.0,0.09062162924999712,0.29760000000000003,0.38822162924999715
10.138997894,930.0,0.0,940.0,-10.0,-0.09953365415001372,0.3534,0.25386634584998624,940.0,-10.0,-0.1,0.29760000000000003,0.19760000000000003
10.157445521,930.0,0.0,920.0,10.0,0.09138996674999135,0.3534,0.44478996674999133,920.0,10.0,0.09092362090000507,0.29760000000000003,0.3885236209000051
10.198787525,930.0,0.0,940.0,-10.0,-0.1,0.3534,0.25339999999999996,960.0,-30.0,-0.29,0.29760000000000003,0.007600000000000051
10.215322693,930.0,0.0,920.0,10.0,0.09082623340000509,0.3534,0.4442262334000051,920.0,10.0,0.09082624799999849,0.29760000000000003,0.38842624799999853
10.23317882,930.0,0.0,940.0,-10.0,-0.1,0.3534,0.25339999999999996,940.0,-10.0,-0.1,0.29760000000000003,0.19760000000000003
10.250926738,930.0,0.0,920.0,10.0,0.09088825629999292,0.3534,0.4442882562999929,920.0,10.0,0.09088825630000429,0.29760000000000003,0.38848825630000433
10.267253657,930.0,0.0,940.0,-10.0,-0.09991589795000663,0.3534,0.2534841020499934,940.0,-10.0,-0.09991581044999975,0.29760000000000003,0.19768418955000028
10.2862117,930.0,0.0,940.0,-10.0,-0.1,0.3534,0.25339999999999996,920.0,10.0,0.09102762924999525,0.29760000000000003,0.3886276292499953
10.338921414,930.0,0.0,940.0,-10.0,-0.1,0.3534,0.25339999999999996,940.0,-10.0,-0.1,0.29760000000000003,0.19760000000000003
10.356469832,930.0,0.0,940.0,-10.0,-0.1,0.3534,0.25339999999999996,920.0,10.0,0.09088512089999995,0.29760000000000003,0.3884851209
10.375241793,930.0,0.0,920.0,10.0,0.09088010424999539,0.3534,0.44428010424999537,920.0,10.0,0.09176525434999348,0.29760000000000003,0.38936525434999353
10.394518044,930.0,0.0,940.0,-10.0,-0.1,0.3534,0.25339999999999996,920.0,10.0,0.09270513565000102,0.29760000000000003,0.390305135650001
10.421453464,930.0,0.0,940.0,-10.0,-0.1,0.3534,0.25339999999999996,940.0,-10.0,-0.09872613119999869,0.29760000000000003,0.19887386880000135
10.48691922,930.0,0.0,940.0,-10.0,-0.1,0.3534,0.25339999999999996,920.0,10.0,0.09429137950000041,0.29760000000000003,0.3918913795000004
10.511887931,930.0,0.0,940.0,-10.0,-0.1,0.3534,0.25339999999999996,920.0,10.0,0.09579877129999886,0.29760000000000003,0.3933987712999989
10.535802267,930.0,0.0,920.0,10.0,0.09104587299999821,0.3534,0.4444458729999982,940.0,-10.0,-0.09524710174999881,0.29760000000000003,0.20235289825000122
10.56051927,930.0,0.0,920.0,10.0,0.09232726689999936,0.3534,0.44572726689999936,940.0,-10.0,-0.09652845184999706,0.29760000000000003,0.20107154815000297
10.622092151,930.0,0.0,940.0,-10.0,-0.1,0.3534,0.25339999999999996,940.0,-10.0,-0.09965087509999648,0.29760000000000003,0.19794912490000355
10.646188486,930.0,0.0,940.0,-10.0,-0.1,0.3534,0.25339999999999996,940.0,-10.0,-0.1,0.29760000000000003,0.19760000000000003
10.667065697,930.0,0.0,940.0,-10.0,-0.1,0.3534,0.25339999999999996,940.0,-10.0,-0.1,0.29760000000000003,0.19760000000000003
10.689617949,930.0,0.0,940.0,-10.0,-0.1,0.3534,0.25339999999999996,920.0,10.0,0.09093881674999921,0.29760000000000003,0.38853881674999924
10.71215591,930.0,0.0,940.0,-10.0,-0.1,0.3534,0.25339999999999996,940.0,-10.0,-0.1,0.29760000000000003,0.19760000000000003
10.779000958,930.0,0.0,940.0,-10.0,-0.1,0.3534,0.25339999999999996,920.0,10.0,0.09332828159999963,0.29760000000000003,0.39092828159999965
10.824332379,930.0,0.0,940.0,-10.0,-0.1,0.3534,0.25339999999999996,940.0,-10.0,-0.09895196859999941,0.29760000000000003,0.19864803140000062
10.837923464,930.0,0.0,940.0,-10.0,-0.1,0.3534,0.25339999999999996,920.0,10.0,0.09171110645,0.29760000000000003,0.38931110645
10.848408882,930.0,0.0,920.0,10.0,0.09044966254999963,0.3534,0.44384966254999964,920.0,10.0,0.09216076899999961,0.29760000000000003,0.3897607689999997
10.862631425,930.0,0.0,940.0,-10.0,-0.1,0.3534,0.25339999999999996,920.0,10.0,0.09285462949999555,0.29760000000000003,0.3904546294999956
10.883690635,775.3899999999999,0.55,920.0,-144.61000000000013,-1.378795000000001,0.29464819999999997,-1.0,920.0,-144.61000000000013,-1.378795000000001,0.24812479999999998,-1.0
10.890337428,775.3899999999999,0.55,920.0,-144.61000000000013,-1.378795000000001,0.29464819999999997,-1.0,920.0,-144.61000000000013,-1.378795000000001,0.24812479999999998,-1.0
10.896994137,775.3899999999999,0.55,920.0,-144.61000000000013,-1.378795000000001,0.29464819999999997,-1.0,920.0,-144.61000000000013,-1.378795000000001,0.24812479999999998,-1.0
10.905203971,775.3899999999999,0.55,900.0,-124.61000000000013,-1.1887950000000012,0.29464819999999997,-0.8941468000000012,920.0,-144.61000000000013,-1.378795000000001,0.24812479999999998,-1.0
10.914585138,775.3899999999999,0.55,900.0,-124.61000000000013,-1.1887950000000012,0.29464819999999997,-0.8941468000000012,900.0,-124.61000000000013,-1.1887950000000012,0.24812479999999998,-0.9406702000000011
10.923112014,775.3899999999999,0.55,880.0,-104.61000000000013,-0.9987950000000012,0.29464819999999997,-0.7041468000000013,900.0,-124.61000000000013,-1.1887950000000012,0.24812479999999998,-0.9406702000000011
10.932521474,775.3899999999999,0.55,880.0,-104.61000000000013,-0.9987950000000012,0.29464819999999997,-0.7041468000000013,880.0,-104.61000000000013,-0.9987950000000012,0.24812479999999998,-0.7506702000000012
10.94536735,775.3899999999999,0.55,880.0,-104.61000000000013,-0.9987950000000012,0.29464819999999997,-0.7041468000000013,860.0,-84.61000000000013,-0.8087950000000012,0.24812479999999998,-0.5606702000000012
10.957262976,775.3899999999999,0.55,820.0,-44.61000000000013,-0.4287950000000012,0.29464819999999997,-0.13414680000000123,800.0,-24.610000000000127,-0.2387950000000012,0.24812479999999998,0.009329799999998778
# 10.965 Shooter Ready
10.969048644,775.3899999999999,0.55,800.0,-24.610000000000127,-0.2387950000000012,0.29464819999999997,0.05585319999999877,780.0,-4.610000000000127,-0.048795000000001205,0.24812479999999998,0.19932979999999878
10.980871645,775.3899999999999,0.55,780.0,-4.610000000000127,-0.048795000000001205,0.29464819999999997,0.24585319999999877,740.0,35.38999999999987,0.33329780251380947,0.24812479999999998,0.5814226025138094
# 10.989 Shooter Ready
10.999367397,775.3899999999999,0.55,760.0,15.389999999999873,0.14217481693254588,0.29464819999999997,0.4368230169325459,740.0,35.38999999999987,0.33552773402266217,0.24812479999999998,0.5836525340226622
11.018154815,775.3899999999999,0.55,740.0,35.38999999999987,0.3366032492065228,0.29464819999999997,0.6312514492065228,740.0,35.38999999999987,0.33995647595908296,0.24812479999999998,0.588081275959083
11.027344358,775.3899999999999,0.55,740.0,35.38999999999987,0.3382131330515681,0.29464819999999997,0.632861333051568,760.0,15.389999999999873,0.15065656390414844,0.24812479999999998,0.3987813639041484
11.038087317,775.3899999999999,0.55,740.0,35.38999999999987,0.3399045614729175,0.29464819999999997,0.6345527614729174,740.0,35.38999999999987,0.34120499999999876,0.24812479999999998,0.5893297999999987
11.045172485,775.3899999999999,0.55,740.0,35.38999999999987,0.34120499999999876,0.29464819999999997,0.6358531999999988,740.0,35.38999999999987,0.34120499999999876,0.24812479999999998,0.5893297999999987
11.05094661,775.3899999999999,0.55,740.0,35.38999999999987,0.34120499999999876,0.29464819999999997,0.6358531999999988,740.0,35.38999999999987,0.34120499999999876,0.24812479999999998,0.5893297999999987
11.059313945,775.3899999999999,0.55,740.0,35.38999999999987,0.34120499999999876,0.29464819999999997,0.6358531999999988,760.0,15.389999999999873,0.15120499999999878,0.24812479999999998,0.39932979999999874
11.067871445,775.3899999999999,0.55,740.0,35.38999999999987,0.34120499999999876,0.29464819999999997,0.6358531999999988,740.0,35.38999999999987,0.34120499999999876,0.24812479999999998,0.5893297999999987
11.077807655,775.3899999999999,0.55,760.0,15.389999999999873,0.15120499999999878,0.29464819999999997,0.44585319999999873,760.0,15.389999999999873,0.15120499999999878,0.24812479999999998,0.39932979999999874
11.089217948,775.3899999999999,0.55,740.0,35.38999999999987,0.34120499999999876,0.29464819999999997,0.6358531999999988,780.0,-4.610000000000127,-0.03905663577865167,0.24812479999999998,0.2090681642213483
# 11.097 Shooter Ready
11.100686282,775.3899999999999,0.55,760.0,15.389999999999873,0.15120499999999878,0.29464819999999997,0.44585319999999873,760.0,15.389999999999873,0.15120499999999878,0.24812479999999998,0.39932979999999874
11.1081757,775.3899999999999,0.55,780.0,-4.610000000000127,-0.039019263084901355,0.29464819999999997,0.25562893691509864,760.0,15.389999999999873,0.15120499999999878,0.24812479999999998,0.39932979999999874
11.118769617,775.3899999999999,0.55,780.0,-4.610000000000127,-0.03919679515300411,0.29464819999999997,0.25545140484699586,780.0,-4.610000000000127,-0.03897248502305359,0.24812479999999998,0.2091523149769464
11.129593077,775.3899999999999,0.55,780.0,-4.610000000000127,-0.03944761375105608,0.29464819999999997,0.2552005862489439,780.0,-4.610000000000127,-0.03922330362110556,0.24812479999999998,0.20890149637889444
11.142239453,775.3899999999999,0.55,800.0,-24.610000000000127,-0.23101810619219992,0.29464819999999997,0.06363009380780005,760.0,15.389999999999873,0.15120499999999878,0.24812479999999998,0.39932979999999874
# 11.151 Shooter Ready
11.155178663,775.3899999999999,0.55,800.0,-24.610000000000127,-0.232605646226451,0.29464819999999997,0.062042553773548975,800.0,-24.610000000000127,-0.2303823964348821,0.24812479999999998,0.017742403565117887
11.166254122,775.3899999999999,0.55,800.0,-24.610000000000127,-0.2339516493238363,0.29464819999999997,0.06069655067616367,800.0,-24.610000000000127,-0.23172847127044213,0.24812479999999998,0.016396328729557846
11.177648665,775.3899999999999,0.55,800.0,-24.610000000000127,-0.23532395940378129,0.29464819999999997,0.059324240596218686,780.0,-4.610000000000127,-0.04198553547344097,0.24812479999999998,0.206139264526559
11.188451708,775.3899999999999,0.55,800.0,-24.610000000000127,-0.23670969226993693,0.29464819999999997,0.05793850773006304,800.0,-24.610000000000127,-0.23337126833959662,0.24812479999999998,0.014753531660403357
11.199355084,775.3899999999999,0.55,800.0,-24.610000000000127,-0.23802874224924703,0.29464819999999997,0.056619457750752944,780.0,-4.610000000000127,-0.04361834898829634,0.24812479999999998,0.20450645101170364
11.209872001,775.3899999999999,0.55,780.0,-4.610000000000127,-0.048279991121647846,0.29464819999999997,0.24636820887835212,760.0,15.389999999999873,0.14722044133174694,0.24812479999999998,0.3953452413317469
11.220042711,775.3899999999999,0.55,780.0,-4.610000000000127,-0.048517773976594486,0.29464819999999997,0.24613042602340549,780.0,-4.610000000000127,-0.04301738859130504,0.24812479999999998,0.20510741140869493
11.229353878,775.3899999999999,0.55,780.0,-4.610000000000127,-0.04874213117464514,0.29464819999999997,0.24590606882535482,800.0,-24.610000000000127,-0.23421506008179546,0.24812479999999998,0.013909739918204517
11.238445421,775.3899999999999,0.55,780.0,-4.610000000000127,-0.048795000000001205,0.29464819999999997,0.24585319999999877,780.0,-4.610000000000127,-0.04442359824924715,0.24812479999999998,0.20370120175075282
11.246611797,775.3899999999999,0.55,780.0,-4.610000000000127,-0.048795000000001205,0.29464819999999997,0.24585319999999877,800.0,-24.610000000000127,-0.2355743619723002,0.24812479999999998,0.012550438027699784
11.256205006,775.3899999999999,0.55,800.0,-24.610000000000127,-0.2387950000000012,0.29464819999999997,0.05585319999999877,800.0,-24.610000000000127,-0.23659280080159983,0.24812479999999998,0.011531999198400145
11.264294674,775.3899999999999,0.55,800.0,-24.610000000000127,-0.2387950000000012,0.29464819999999997,0.05585319999999877,780.0,-4.610000000000127,-0.04680939303089751,0.24812479999999998,0.20131540696910247
11.272854508,775.3899999999999,0.55,800.0,-24.610000000000127,-0.2387950000000012,0.29464819999999997,0.05585319999999877,780.0,-4.610000000000127,-0.046998602805246655,0.24812479999999998,0.20112619719475333
11.281098467,775.3899999999999,0.55,800.0,-24.610000000000127,-0.2387950000000012,0.29464819999999997,0.05585319999999877,780.0,-4.610000000000127,-0.04719496577830116,0.24812479999999998,0.20092983422169883
11.289284093,775.3899999999999,0.55,800.0,-24.610000000000127,-0.2387950000000012,0.29464819999999997,0.05585319999999877,800.0,-24.610000000000127,-0.23820658554573698,0.24812479999999998,0.009918214454262997
11.29882801,775.3899999999999,0.55,780.0,-4.610000000000127,-0.048795000000001205,0.29464819999999997,0.24585319999999877,760.0,15.389999999999873,0.1424243981443588,0.24812479999999998,0.3905491981443588
11.307004303,775.3899999999999,0.55,780.0,-4.610000000000127,-0.048795000000001205,0.29464819999999997,0.24585319999999877,800.0,-24.610000000000127,-0.2387451357487484,0.24812479999999998,0.009379664251251585
11.315465262,775.3899999999999,0.55,780.0,-4.610000000000127,-0.048795000000001205,0.29464819999999997,0.24585319999999877,800.0,-24.610000000000127,-0.2387950000000012,0.24812479999999998,0.009329799999998778
11.321679221,775.3899999999999,0.55,780.0,-4.610000000000127,-0.048795000000001205,0.29464819999999997,0.24585319999999877,800.0,-24.610000000000127,-0.2387950000000012,0.24812479999999998,0.009329799999998778
11.327661305,775.3899999999999,0.55,780.0,-4.610000000000127,-0.048795000000001205,0.29464819999999997,0.24585319999999877,800.0,-24.610000000000127,-0.2387950000000012,0.24812479999999998,0.009329799999998778
11.335791514,775.3899999999999,0.55,780.0,-4.610000000000127,-0.048795000000001205,0.29464819999999997,0.24585319999999877,780.0,-4.610000000000127,-0.048795000000001205,0.24812479999999998,0.19932979999999878
11.345196015,775.3899999999999,0.55,800.0,-24.610000000000127,-0.2387950000000012,0.29464819999999997,0.05585319999999877,800.0,-24.610000000000127,-0.2387950000000012,0.24812479999999998,0.009329799999998778
11.352510141,775.3899999999999,0.55,780.0,-4.610000000000127,-0.048795000000001205,0.29464819999999997,0.24585319999999877,800.0,-24.610000000000127,-0.2387950000000012,0.24812479999999998,0.009329799999998778
11.361083975,775.3899999999999,0.55,780.0,-4.610000000000127,-0.048795000000001205,0.29464819999999997,0.24585319999999877,780.0,-4.610000000000127,-0.048795000000001205,0.24812479999999998,0.19932979999999878
11.367233767,775.3899999999999,0.55,780.0,-4.610000000000127,-0.048795000000001205,0.29464819999999997,0.24585319999999877,780.0,-4.610000000000127,-0.048795000000001205,0.24812479999999998,0.19932979999999878
11.375438351,775.3899999999999,0.55,780.0,-4.610000000000127,-0.048795000000001205,0.29464819999999997,0.24585319999999877,760.0,15.389999999999873,0.14167248086875278,0.24812479999999998,0.38979728086875276
11.384029102,775.3899999999999,0.55,780.0,-4.610000000000127,-0.048795000000001205,0.29464819999999997,0.24585319999999877,760.0,15.389999999999873,0.1423363446782517,0.24812479999999998,0.39046114467825166
11.392105645,775.3899999999999,0.55,780.0,-4.610000000000127,-0.048795000000001205,0.29464819999999997,0.24585319999999877,800.0,-24.610000000000127,-0.23865722266979952,0.24812479999999998,0.009467577330200455
11.400274646,775.3899999999999,0.55,780.0,-4.610000000000127,-0.048795000000001205,0.29464819999999997,0.24585319999999877,780.0,-4.610000000000127,-0.048795000000001205,0.24812479999999998,0.19932979999999878
11.406281813,775.3899999999999,0.55,780.0,-4.610000000000127,-0.048795000000001205,0.29464819999999997,0.24585319999999877,780.0,-4.610000000000127,-0.048795000000001205,0.24812479999999998,0.19932979999999878
11.41249023,775.3899999999999,0.55,780.0,-4.610000000000127,-0.048795000000001205,0.29464819999999997,0.24585319999999877,780.0,-4.610000000000127,-0.048795000000001205,0.24812479999999998,0.19932979999999878
11.419090647,775.3899999999999,0.55,780.0,-4.610000000000127,-0.048795000000001205,0.29464819999999997,0.24585319999999877,780.0,-4.610000000000127,-0.048795000000001205,0.24812479999999998,0.19932979999999878
11.428220398,775.3899999999999,0.55,780.0,-4.610000000000127,-0.048795000000001205,0.29464819999999997,0.24585319999999877,800.0,-24.610000000000127,-0.2387950000000012,0.24812479999999998,0.009329799999998778
11.437289774,775.3899999999999,0.55,780.0,-4.610000000000127,-0.048795000000001205,0.29464819999999997,0.24585319999999877,760.0,15.389999999999873,0.1418820157956891,0.24812479999999998,0.3900068157956891
11.450171234,775.3899999999999,0.55,760.0,15.389999999999873,0.14204711202071404,0.29464819999999997,0.436695312020714,780.0,-4.610000000000127,-0.04837024151421243,0.24812479999999998,0.19975455848578755
11.462274818,775.3899999999999,0.55,780.0,-4.610000000000127,-0.04823418158163509,0.29464819999999997,0.24641401841836488,780.0,-4.610000000000127,-0.048651508217213035,0.24812479999999998,0.19947329178278694
11.475489361,775.3899999999999,0.55,780.0,-4.610000000000127,-0.04850063766848246,0.29464819999999997,0.24614756233151752,780.0,-4.610000000000127,-0.048795000000001205,0.24812479999999998,0.19932979999999878
11.486432988,775.3899999999999,0.55,780.0,-4.610000000000127,-0.048795000000001205,0.29464819999999997,0.24585319999999877,800.0,-24.610000000000127,-0.2387950000000012,0.24812479999999998,0.009329799999998778
11.502873948,775.3899999999999,0.55,780.0,-4.610000000000127,-0.048795000000001205,0.29464819999999997,0.24585319999999877,780.0,-4.610000000000127,-0.048795000000001205,0.24812479999999998,0.19932979999999878
11.509931115,775.3899999999999,0.55,780.0,-4.610000000000127,-0.048795000000001205,0.29464819999999997,0.24585319999999877,780.0,-4.610000000000127,-0.048795000000001205,0.24812479999999998,0.19932979999999878
11.516687574,775.3899999999999,0.55,780.0,-4.610000000000127,-0.048795000000001205,0.29464819999999997,0.24585319999999877,780.0,-4.610000000000127,-0.048795000000001205,0.24812479999999998,0.19932979999999878
11.523505575,775.3899999999999,0.55,780.0,-4.610000000000127,-0.048795000000001205,0.29464819999999997,0.24585319999999877,780.0,-4.610000000000127,-0.048795000000001205,0.24812479999999998,0.19932979999999878
11.5318627,775.3899999999999,0.55,760.0,15.389999999999873,0.14172109410819514,0.29464819999999997,0.43636929410819514,780.0,-4.610000000000127,-0.048795000000001205,0.24812479999999998,0.19932979999999878
11.544300827,775.3899999999999,0.55,760.0,15.389999999999873,0.14237416237134726,0.29464819999999997,0.43702236237134723,760.0,15.389999999999873,0.14185809073255823,0.24812479999999998,0.3899828907325582
11.555146453,775.3899999999999,0.55,780.0,-4.610000000000127,-0.047909840551052074,0.29464819999999997,0.2467383594489479,780.0,-4.610000000000127,-0.04842590545923892,0.24812479999999998,0.19969889454076106
11.565859371,775.3899999999999,0.55,780.0,-4.610000000000127,-0.04815854143035514,0.29464819999999997,0.24648965856964483,780.0,-4.610000000000127,-0.04867460633854199,0.24812479999999998,0.199450193661458
11.579033664,775.3899999999999,0.55,780.0,-4.610000000000127,-0.048414415677104666,0.29464819999999997,0.2462337843228953,760.0,15.389999999999873,0.1421796029147064,0.24812479999999998,0.39030440291470636
11.58998604,775.3899999999999,0.55,780.0,-4.610000000000127,-0.04871021058765249,0.29464819999999997,0.24593798941234749,780.0,-4.610000000000127,-0.04811619872644361,0.24812479999999998,0.20000860127355635
11.601035249,775.3899999999999,0.55,780.0,-4.610000000000127,-0.048795000000001205,0.29464819999999997,0.24585319999999877,780.0,-4.610000000000127,-0.048370802318892986,0.24812479999999998,0.199753997681107
11.610034333,775.3899999999999,0.55,780.0,-4.610000000000127,-0.048795000000001205,0.29464819999999997,0.24585319999999877,780.0,-4.610000000000127,-0.04861974522319413,0.24812479999999998,0.19950505477680586
11.619068126,775.3899999999999,0.55,780.0,-4.610000000000127,-0.048795000000001205,0.29464819999999997,0.24585319999999877,780.0,-4.610000000000127,-0.048795000000001205,0.24812479999999998,0.19932979999999878
11.627543668,775.3899999999999,0.55,760.0,15.389999999999873,0.14191911531443618,0.29464819999999997,0.43656731531443616,780.0,-4.610000000000127,-0.048795000000001205,0.24812479999999998,0.19932979999999878
11.635816794,775.3899999999999,0.55,780.0,-4.610000000000127,-0.048269912964214144,0.29464819999999997,0.24637828703578582,780.0,-4.610000000000127,-0.048795000000001205,0.24812479999999998,0.19932979999999878
11.644173628,775.3899999999999,0.55,780.0,-4.610000000000127,-0.048460769868515184,0.29464819999999997,0.24618743013148478,780.0,-4.610000000000127,-0.048795000000001205,0.24812479999999998,0.19932979999999878
11.652410879,775.3899999999999,0.55,780.0,-4.610000000000127,-0.04865752948596779,0.29464819999999997,0.24599067051403217,780.0,-4.610000000000127,-0.048795000000001205,0.24812479999999998,0.19932979999999878
11.660665922,775.3899999999999,0.55,780.0,-4.610000000000127,-0.048795000000001205,0.29464819999999997,0.24585319999999877,780.0,-4.610000000000127,-0.048795000000001205,0.24812479999999998,0.19932979999999878
11.669965131,775.3899999999999,0.55,780.0,-4.610000000000127,-0.048795000000001205,0.29464819999999997,0.24585319999999877,760.0,15.389999999999873,0.14184038261379717,0.24812479999999998,0.38996518261379715
11.68066434,775.3899999999999,0.55,800.0,-24.610000000000127,-0.2387950000000012,0.29464819999999997,0.05585319999999877,780.0,-4.610000000000127,-0.048373204471749885,0.24812479999999998,0.1997515955282501
11.691642675,775.3899999999999,0.55,780.0,-4.610000000000127,-0.048795000000001205,0.29464819999999997,0.24585319999999877,780.0,-4.610000000000127,-0.04862238269350191,0.24812479999999998,0.19950241730649806
11.702629468,775.3899999999999,0.55,780.0,-4.610000000000127,-0.048795000000001205,0.29464819999999997,0.24585319999999877,780.0,-4.610000000000127,-0.048795000000001205,0.24812479999999998,0.19932979999999878
11.709302802,775.3899999999999,0.55,780.0,-4.610000000000127,-0.048795000000001205,0.29464819999999997,0.24585319999999877,780.0,-4.610000000000127,-0.048795000000001205,0.24812479999999998,0.19932979999999878
11.715865886,775.3899999999999,0.55,780.0,-4.610000000000127,-0.048795000000001205,0.29464819999999997,0.24585319999999877,780.0,-4.610000000000127,-0.048795000000001205,0.24812479999999998,0.19932979999999878
11.723848511,775.3899999999999,0.55,760.0,15.389999999999873,0.14170457548255214,0.29464819999999997,0.43635277548255214,780.0,-4.610000000000127,-0.048795000000001205,0.24812479999999998,0.19932979999999878
11.732126012,775.3899999999999,0.55,780.0,-4.610000000000127,-0.04848071484674592,0.29464819999999997,0.24616748515325404,780.0,-4.610000000000127,-0.048795000000001205,0.24812479999999998,0.19932979999999878
11.74029968,775.3899999999999,0.55,780.0,-4.610000000000127,-0.04867350122044512,0.29464819999999997,0.24597469877955486,780.0,-4.610000000000127,-0.048795000000001205,0.24812479999999998,0.19932979999999878
11.750603389,775.3899999999999,0.55,780.0,-4.610000000000127,-0.048795000000001205,0.29464819999999997,0.24585319999999877,760.0,15.389999999999873,0.141830327865087,0.24812479999999998,0.389955127865087
11.759942848,775.3899999999999,0.55,780.0,-4.610000000000127,-0.048795000000001205,0.29464819999999997,0.24585319999999877,760.0,15.389999999999873,0.14263673185388662,0.24812479999999998,0.3907615318538866
11.770470558,775.3899999999999,0.55,760.0,15.389999999999873,0.14191529990260648,0.29464819999999997,0.43656349990260646,780.0,-4.610000000000127,-0.04757604175106288,0.24812479999999998,0.2005487582489371
11.78076085,775.3899999999999,0.55,780.0,-4.610000000000127,-0.04832215352174401,0.29464819999999997,0.24632604647825596,780.0,-4.610000000000127,-0.04781348176031374,0.24812479999999998,0.20031131823968623
11.791399685,775.3899999999999,0.55,780.0,-4.610000000000127,-0.048563613819793405,0.29464819999999997,0.24608458618020657,760.0,15.389999999999873,0.14299263043409235,0.24812479999999998,0.3911174304340923
11.801859436,775.3899999999999,0.55,780.0,-4.610000000000127,-0.048795000000001205,0.29464819999999997,0.24585319999999877,780.0,-4.610000000000127,-0.047250510600804686,0.24812479999999998,0.2008742893991953
11.81264352,775.3899999999999,0.55,760.0,15.389999999999873,0.14201194271573747,0.29464819999999997,0.43666014271573744,780.0,-4.610000000000127,-0.04749222638505655,0.24812479999999998,0.20063257361494344
11.82342673,775.3899999999999,0.55,780.0,-4.610000000000127,-0.04824148438166699,0.29464819999999997,0.246406715618333,780.0,-4.610000000000127,-0.04774561985250505,0.24812479999999998,0.20037918014749492
11.834218106,775.3899999999999,0.55,780.0,-4.610000000000127,-0.04849267945536547,0.29464819999999997,0.2461555205446345,780.0,-4.610000000000127,-0.04799684855615427,0.24812479999999998,0.2001279514438457
11.845119732,775.3899999999999,0.55,780.0,-4.610000000000127,-0.04874066769781321,0.29464819999999997,0.24590753230218676,780.0,-4.610000000000127,-0.048244830068005055,0.24812479999999998,0.19987996993199492
11.8563209,775.3899999999999,0.55,780.0,-4.610000000000127,-0.048795000000001205,0.29464819999999997,0.24585319999999877,780.0,-4.610000000000127,-0.04849889585785546,0.24812479999999998,0.1996259041421445
11.865594442,775.3899999999999,0.55,780.0,-4.610000000000127,-0.048795000000001205,0.29464819999999997,0.24585319999999877,760.0,15.389999999999873,0.14234348548784598,0.24812479999999998,0.39046828548784596
11.875186193,775.3899999999999,0.55,780.0,-4.610000000000127,-0.048795000000001205,0.29464819999999997,0.24585319999999877,760.0,15.389999999999873,0.14306911444604697,0.24812479999999998,0.39119391444604695
11.884369611,775.3899999999999,0.55,780.0,-4.610000000000127,-0.048795000000001205,0.29464819999999997,0.24585319999999877,780.0,-4.610000000000127,-0.04714845932140285,0.24812479999999998,0.20097634067859713
11.893363153,775.3899999999999,0.55,780.0,-4.610000000000127,-0.048795000000001205,0.29464819999999997,0.24585319999999877,780.0,-4.610000000000127,-0.04736119931945139,0.24812479999999998,0.2007636006805486
11.902629113,775.3899999999999,0.55,780.0,-4.610000000000127,-0.048795000000001205,0.29464819999999997,0.24585319999999877,780.0,-4.610000000000127,-0.047572393031305955,0.24812479999999998,0.20055240696869403
11.911772572,775.3899999999999,0.55,780.0,-4.610000000000127,-0.048795000000001205,0.29464819999999997,0.24585319999999877,760.0,15.389999999999873,0.14313615625878648,0.24812479999999998,0.39126095625878643
11.920713615,775.3899999999999,0.55,780.0,-4.610000000000127,-0.048795000000001205,0.29464819999999997,0.24585319999999877,780.0,-4.610000000000127,-0.04706920870736519,0.24812479999999998,0.20105559129263478
11.929493657,775.3899999999999,0.55,780.0,-4.610000000000127,-0.048795000000001205,0.29464819999999997,0.24585319999999877,780.0,-4.610000000000127,-0.04727171641856409,0.24812479999999998,0.2008530835814359
11.93830345,775.3899999999999,0.55,780.0,-4.610000000000127,-0.048795000000001205,0.29464819999999997,0.24585319999999877,780.0,-4.610000000000127,-0.04747661077286376,0.24812479999999998,0.20064818922713623
11.950835784,775.3899999999999,0.55,760.0,15.389999999999873,0.14201445636444918,0.29464819999999997,0.4366626563644491,760.0,15.389999999999873,0.14333284559158663,0.24812479999999998,0.3914576455915866
11.962197077,775.3899999999999,0.55,780.0,-4.610000000000127,-0.04825284683295171,0.29464819999999997,0.24639535316704825,780.0,-4.610000000000127,-0.046934350031464615,0.24812479999999998,0.20119044996853536
11.972925161,775.3899999999999,0.55,780.0,-4.610000000000127,-0.048504236886603144,0.29464819999999997,0.2461439631133968,800.0,-24.610000000000127,-0.23827694353639367,0.24812479999999998,0.009847856463606308
11.985521954,775.3899999999999,0.55,780.0,-4.610000000000127,-0.04879061972150106,0.29464819999999997,0.2458575802784989,780.0,-4.610000000000127,-0.04856332637129684,0.24812479999999998,0.19956147362870313
11.996278914,775.3899999999999,0.55,780.0,-4.610000000000127,-0.048795000000001205,0.29464819999999997,0.24585319999999877,780.0,-4.610000000000127,-0.048795000000001205,0.24812479999999998,0.19932979999999878
12.007106457,775.3899999999999,0.55,780.0,-4.610000000000127,-0.048795000000001205,0.29464819999999997,0.24585319999999877,780.0,-4.610000000000127,-0.048795000000001205,0.24812479999999998,0.19932979999999878
12.020009499,775.3899999999999,0.55,760.0,15.389999999999873,0.14203968311380136,0.29464819999999997,0.43668788311380136,760.0,15.389999999999873,0.1420396607213607,0.24812479999999998,0.3901644607213607
12.030601959,775.3899999999999,0.55,760.0,15.389999999999873,0.14302471698578767,0.29464819999999997,0.43767291698578764,780.0,-4.610000000000127,-0.04825540140663518,0.24812479999999998,0.1998693985933648
12.041407043,775.3899999999999,0.55,780.0,-4.610000000000127,-0.0472205417678635,0.29464819999999997,0.24742765823213647,800.0,-24.610000000000127,-0.2387950000000012,0.24812479999999998,0.009329799999998778
12.060776629,775.3899999999999,0.55,780.0,-4.610000000000127,-0.04746450299091576,0.29464819999999997,0.2471836970090842,780.0,-4.610000000000127,-0.048795000000001205,0.24812479999999998,0.19932979999999878
12.069165838,775.3899999999999,0.55,780.0,-4.610000000000127,-0.04791733181201584,0.29464819999999997,0.24673086818798412,780.0,-4.610000000000127,-0.048795000000001205,0.24812479999999998,0.19932979999999878
12.079898297,775.3899999999999,0.55,780.0,-4.610000000000127,-0.04811075685511646,0.29464819999999997,0.24653744314488352,760.0,15.389999999999873,0.14185090875820858,0.24812479999999998,0.38997570875820853
12.095172007,775.3899999999999,0.55,780.0,-4.610000000000127,-0.04834779346631204,0.29464819999999997,0.24630040653368793,760.0,15.389999999999873,0.14264220807760397,0.24812479999999998,0.39076700807760395
12.105652466,775.3899999999999,0.55,780.0,-4.610000000000127,-0.04870269627556508,0.29464819999999997,0.24594550372443488,780.0,-4.610000000000127,-0.04771270146224602,0.24812479999999998,0.20041209853775396
12.116207009,775.3899999999999,0.55,780.0,-4.610000000000127,-0.048795000000001205,0.29464819999999997,0.24585319999999877,780.0,-4.610000000000127,-0.04795574836094804,0.24812479999999998,0.20016905163905194
12.125102552,775.3899999999999,0.55,780.0,-4.610000000000127,-0.048795000000001205,0.29464819999999997,0.24585319999999877,780.0,-4.610000000000127,-0.04819451950769359,0.24812479999999998,0.19993028049230638
12.133950553,775.3899999999999,0.55,780.0,-4.610000000000127,-0.048795000000001205,0.29464819999999997,0.24585319999999877,780.0,-4.610000000000127,-0.04840654013829508,0.24812479999999998,0.19971825986170488
12.14208922,775.3899999999999,0.55,780.0,-4.610000000000127,-0.048795000000001205,0.29464819999999997,0.24585319999999877,780.0,-4.610000000000127,-0.04859794159884705,0.24812479999999998,0.19952685840115292
12.150064846,775.3899999999999,0.55,780.0,-4.610000000000127,-0.048795000000001205,0.29464819999999997,0.24585319999999877,780.0,-4.610000000000127,-0.048780415033745264,0.24812479999999998,0.19934438496625473
12.159407222,775.3899999999999,0.55,760.0,15.389999999999873,0.14182063208816229,0.29464819999999997,0.43646883208816223,760.0,15.389999999999873,0.14183519458501093,0.24812479999999998,0.3899599945850109
12.168872389,775.3899999999999,0.55,780.0,-4.610000000000127,-0.04839475674673666,0.29464819999999997,0.24625344325326332,760.0,15.389999999999873,0.14255424755010745,0.24812479999999998,0.3906790475501074
12.178521307,775.3899999999999,0.55,780.0,-4.610000000000127,-0.04861487850728425,0.29464819999999997,0.24603332149271573,780.0,-4.610000000000127,-0.04766586077229073,0.24812479999999998,0.20045893922770924
12.188298558,775.3899999999999,0.55,780.0,-4.610000000000127,-0.048795000000001205,0.29464819999999997,0.24585319999999877,780.0,-4.610000000000127,-0.04789183817788974,0.24812479999999998,0.20023296182211026
12.196959892,775.3899999999999,0.55,780.0,-4.610000000000127,-0.048795000000001205,0.29464819999999997,0.24585319999999877,780.0,-4.610000000000127,-0.048117916450291204,0.24812479999999998,0.20000688354970877
12.205799726,775.3899999999999,0.55,780.0,-4.610000000000127,-0.048795000000001205,0.29464819999999997,0.24585319999999877,800.0,-24.610000000000127,-0.2387950000000012,0.24812479999999998,0.009329799999998778
12.211931435,775.3899999999999,0.55,780.0,-4.610000000000127,-0.048795000000001205,0.29464819999999997,0.24585319999999877,800.0,-24.610000000000127,-0.2387950000000012,0.24812479999999998,0.009329799999998778
12.218024061,775.3899999999999,0.55,780.0,-4.610000000000127,-0.048795000000001205,0.29464819999999997,0.24585319999999877,800.0,-24.610000000000127,-0.2387950000000012,0.24812479999999998,0.009329799999998778
12.226428145,775.3899999999999,0.55,780.0,-4.610000000000127,-0.048795000000001205,0.29464819999999997,0.24585319999999877,780.0,-4.610000000000127,-0.048795000000001205,0.24812479999999998,0.19932979999999878
12.232803104,775.3899999999999,0.55,780.0,-4.610000000000127,-0.048795000000001205,0.29464819999999997,0.24585319999999877,780.0,-4.610000000000127,-0.048795000000001205,0.24812479999999998,0.19932979999999878
12.238803563,775.3899999999999,0.55,780.0,-4.610000000000127,-0.048795000000001205,0.29464819999999997,0.24585319999999877,780.0,-4.610000000000127,-0.048795000000001205,0.24812479999999998,0.19932979999999878
12.246198772,775.3899999999999,0.55,760.0,15.389999999999873,0.14166303210130532,0.29464819999999997,0.4363112321013053,780.0,-4.610000000000127,-0.048795000000001205,0.24812479999999998,0.19932979999999878
12.255819398,775.3899999999999,0.55,780.0,-4.610000000000127,-0.04851015024739226,0.29464819999999997,0.24613804975260772,760.0,15.389999999999873,0.1417831286588501,0.24812479999999998,0.38990792865885004
12.265321607,775.3899999999999,0.55,780.0,-4.610000000000127,-0.04873279310169429,0.29464819999999997,0.24591540689830568,760.0,15.389999999999873,0.14252644326638733,0.24812479999999998,0.39065124326638734
12.274978692,775.3899999999999,0.55,780.0,-4.610000000000127,-0.048795000000001205,0.29464819999999997,0.24585319999999877,760.0,15.389999999999873,0.14325786271208898,0.24812479999999998,0.391382662712089
12.284679526,775.3899999999999,0.55,760.0,15.389999999999873,0.14195919987759625,0.29464819999999997,0.4366073998775962,780.0,-4.610000000000127,-0.04696806091786268,0.24812479999999998,0.2011567390821373
12.294115527,775.3899999999999,0.55,780.0,-4.610000000000127,-0.04826037059610345,0.29464819999999997,0.24638782940389653,780.0,-4.610000000000127,-0.047187617953413,0.24812479999999998,0.20093718204658698
12.303825403,775.3899999999999,0.55,780.0,-4.610000000000127,-0.048477467044154086,0.29464819999999997,0.24617073295584588,780.0,-4.610000000000127,-0.047404721132060595,0.24812479999999998,0.20072007886793938
12.313179154,775.3899999999999,0.55,780.0,-4.610000000000127,-0.04870075529845449,0.29464819999999997,0.24594744470154548,780.0,-4.610000000000127,-0.047628002655764036,0.24812479999999998,0.20049679734423595
12.323094655,775.3899999999999,0.55,760.0,15.389999999999873,0.1420562051604002,0.29464819999999997,0.4367044051604002,780.0,-4.610000000000127,-0.04785474649691022,0.24812479999999998,0.20027005350308977
12.333771698,775.3899999999999,0.55,760.0,15.389999999999873,0.14282999843174962,0.29464819999999997,0.4374781984317496,780.0,-4.610000000000127,-0.048086539233112485,0.24812479999999998,0.2000382607668875
12.344346949,775.3899999999999,0.55,780.0,-4.610000000000127,-0.047418863797550406,0.29464819999999997,0.24722933620244958,760.0,15.389999999999873,0.14274410408263635,0.24812479999999998,0.3908689040826363
12.354889241,775.3899999999999,0.55,780.0,-4.610000000000127,-0.047656895408097324,0.29464819999999997,0.24699130459190266,760.0,15.389999999999873,0.1435387475720935,0.24812479999999998,0.3916635475720935
12.365335576,775.3899999999999,0.55,780.0,-4.610000000000127,-0.04790078266370091,0.29464819999999997,0.24674741733629907,780.0,-4.610000000000127,-0.04670515314470396,0.24812479999999998,0.201419646855296
12.376233994,775.3899999999999,0.55,780.0,-4.610000000000127,-0.04814048828049851,0.29464819999999997,0.24650771171950148,780.0,-4.610000000000127,-0.04694485203090461,0.24812479999999998,0.20117994796909539
12.386957411,775.3899999999999,0.55,780.0,-4.610000000000127,-0.0483975121459994,0.29464819999999997,0.24625068785400056,780.0,-4.610000000000127,-0.047201875896405496,0.24812479999999998,0.20092292410359447
12.397868662,775.3899999999999,0.55,780.0,-4.610000000000127,-0.04864796097595206,0.29464819999999997,0.2460002390240479,780.0,-4.610000000000127,-0.047452317995755965,0.24812479999999998,0.200672482004244
12.410964789,775.3899999999999,0.55,780.0,-4.610000000000127,-0.048795000000001205,0.29464819999999997,0.24585319999999877,780.0,-4.610000000000127,-0.04772676093065258,0.24812479999999998,0.2003980390693474
12.419799665,775.3899999999999,0.55,780.0,-4.610000000000127,-0.048795000000001205,0.29464819999999997,0.24585319999999877,780.0,-4.610000000000127,-0.04799397001490298,0.24812479999999998,0.20013082998509701
12.428133165,775.3899999999999,0.55,780.0,-4.610000000000127,-0.048795000000001205,0.29464819999999997,0.24585319999999877,760.0,15.389999999999873,0.14265961450579837,0.24812479999999998,0.39078441450579837
12.436466083,775.3899999999999,0.55,780.0,-4.610000000000127,-0.048795000000001205,0.29464819999999997,0.24585319999999877,780.0,-4.610000000000127,-0.04753414667545082,0.24812479999999998,0.20059065332454917
12.447720917,775.3899999999999,0.55,780.0,-4.610000000000127,-0.048795000000001205,0.29464819999999997,0.24585319999999877,780.0,-4.610000000000127,-0.04779252184720321,0.24812479999999998,0.20033227815279678
12.457520918,775.3899999999999,0.55,780.0,-4.610000000000127,-0.048795000000001205,0.29464819999999997,0.24585319999999877,780.0,-4.610000000000127,-0.047996320358404086,0.24812479999999998,0.20012847964159589
12.467828419,775.3899999999999,0.55,760.0,15.389999999999873,0.14194907772069912,0.29464819999999997,0.4365972777206991,780.0,-4.610000000000127,-0.0482192052377042,0.24812479999999998,0.19990559476229577
12.477972587,775.3899999999999,0.55,780.0,-4.610000000000127,-0.04827952835300398,0.29464819999999997,0.246368671646996,800.0,-24.610000000000127,-0.2387950000000012,0.24812479999999998,0.009329799999998778
12.48749638,775.3899999999999,0.55,780.0,-4.610000000000127,-0.048512625350402135,0.29464819999999997,0.24613557464959784,780.0,-4.610000000000127,-0.048795000000001205,0.24812479999999998,0.19932979999999878
12.495147964,775.3899999999999,0.55,780.0,-4.610000000000127,-0.04873763467905335,0.29464819999999997,0.24591056532094663,780.0,-4.610000000000127,-0.048795000000001205,0.24812479999999998,0.19932979999999878
12.502681423,775.3899999999999,0.55,760.0,15.389999999999873,0.1418438604653337,0.29464819999999997,0.4364920604653337,780.0,-4.610000000000127,-0.048795000000001205,0.24812479999999998,0.19932979999999878
12.513816091,775.3899999999999,0.55,760.0,15.389999999999873,0.1424037647478922,0.29464819999999997,0.4370519647478922,780.0,-4.610000000000127,-0.048795000000001205,0.24812479999999998,0.19932979999999878
12.526502425,775.3899999999999,0.55,780.0,-4.610000000000127,-0.047868513400155355,0.29464819999999997,0.24677968659984462,760.0,15.389999999999873,0.1421138597588549,0.24812479999999998,0.39023865975885486
12.537062801,775.3899999999999,0.55,780.0,-4.610000000000127,-0.04816174017190884,0.29464819999999997,0.24648645982809114,780.0,-4.610000000000127,-0.04817936028229638,0.24812479999999998,0.1999454397177036
12.547693178,775.3899999999999,0.55,780.0,-4.610000000000127,-0.04840554677555584,0.29464819999999997,0.24624265322444414,780.0,-4.610000000000127,-0.04842317359349581,0.24812479999999998,0.19970162640650418
12.563370262,775.3899999999999,0.55,800.0,-24.610000000000127,-0.2387950000000012,0.29464819999999997,0.05585319999999877,760.0,15.389999999999873,0.14265327364660382,0.24812479999999998,0.3907780736466038
# 12.572 Shooter Ready
12.57625843,775.3899999999999,0.55,780.0,-4.610000000000127,-0.048795000000001205,0.29464819999999997,0.24585319999999877,780.0,-4.610000000000127,-0.04768012256759799,0.24812479999999998,0.200444677432402
12.585105848,775.3899999999999,0.55,780.0,-4.610000000000127,-0.048795000000001205,0.29464819999999997,0.24585319999999877,780.0,-4.610000000000127,-0.04792507205939414,0.24812479999999998,0.20019972794060584
12.594293641,775.3899999999999,0.55,780.0,-4.610000000000127,-0.048795000000001205,0.29464819999999997,0.24585319999999877,780.0,-4.610000000000127,-0.04813637334559835,0.24812479999999998,0.19998842665440164
12.605278683,775.3899999999999,0.55,760.0,15.389999999999873,0.14190151946574509,0.29464819999999997,0.43654971946574506,780.0,-4.610000000000127,-0.04834500564924506,0.24812479999999998,0.19977979435075494
12.616244768,775.3899999999999,0.55,780.0,-4.610000000000127,-0.048353191701053934,0.29464819999999997,0.24629500829894604,780.0,-4.610000000000127,-0.048599723523596525,0.24812479999999998,0.19952507647640344
12.626908394,775.3899999999999,0.55,780.0,-4.610000000000127,-0.04860034629415779,0.29464819999999997,0.24604785370584217,780.0,-4.610000000000127,-0.048795000000001205,0.24812479999999998,0.19932979999999878
12.635603561,775.3899999999999,0.55,780.0,-4.610000000000127,-0.048795000000001205,0.29464819999999997,0.24585319999999877,780.0,-4.610000000000127,-0.048795000000001205,0.24812479999999998,0.19932979999999878
12.644738562,775.3899999999999,0.55,780.0,-4.610000000000127,-0.048795000000001205,0.29464819999999997,0.24585319999999877,760.0,15.389999999999873,0.14183221306314617,0.24812479999999998,0.3899570130631461
12.65737473,775.3899999999999,0.55,800.0,-24.610000000000127,-0.2387950000000012,0.29464819999999997,0.05585319999999877,760.0,15.389999999999873,0.14268965413943724,0.24812479999999998,0.3908144541394372
# 12.666 Shooter Ready
12.669967148,775.3899999999999,0.55,780.0,-4.610000000000127,-0.048795000000001205,0.29464819999999997,0.24585319999999877,780.0,-4.610000000000127,-0.04760316252671376,0.24812479999999998,0.20052163747328622
12.679547232,775.3899999999999,0.55,780.0,-4.610000000000127,-0.048795000000001205,0.29464819999999997,0.24585319999999877,780.0,-4.610000000000127,-0.047853228173462235,0.24812479999999998,0.20027157182653774
12.6887009,775.3899999999999,0.55,780.0,-4.610000000000127,-0.048795000000001205,0.29464819999999997,0.24585319999999877,760.0,15.389999999999873,0.14285819389099072,0.24812479999999998,0.39098299389099067
12.697829484,775.3899999999999,0.55,780.0,-4.610000000000127,-0.048795000000001205,0.29464819999999997,0.24585319999999877,780.0,-4.610000000000127,-0.04735642850836108,0.24812479999999998,0.2007683714916389
12.709145569,775.3899999999999,0.55,760.0,15.389999999999873,0.1418980406331902,0.29464819999999997,0.43654624063319014,780.0,-4.610000000000127,-0.04756401876761132,0.24812479999999998,0.20056078123238866
12.719140111,775.3899999999999,0.55,780.0,-4.610000000000127,-0.048361605146762826,0.29464819999999997,0.24628659485323715,780.0,-4.610000000000127,-0.047823704885062275,0.24812479999999998,0.2003010951149377
12.728948571,775.3899999999999,0.55,780.0,-4.610000000000127,-0.04858040250041269,0.29464819999999997,0.2460677974995873,760.0,15.389999999999873,0.14290672706128724,0.24812479999999998,0.3910315270612872
12.738781822,775.3899999999999,0.55,780.0,-4.610000000000127,-0.048795000000001205,0.29464819999999997,0.24585319999999877,800.0,-24.610000000000127,-0.23830802770679674,0.24812479999999998,0.00981677229320324
12.747117948,775.3899999999999,0.55,780.0,-4.610000000000127,-0.048795000000001205,0.29464819999999997,0.24585319999999877,780.0,-4.610000000000127,-0.04853503374169784,0.24812479999999998,0.19958976625830213
12.756054032,775.3899999999999,0.55,780.0,-4.610000000000127,-0.048795000000001205,0.29464819999999997,0.24585319999999877,780.0,-4.610000000000127,-0.04873302365289767,0.24812479999999998,0.1993917763471023
12.765532033,775.3899999999999,0.55,780.0,-4.610000000000127,-0.048795000000001205,0.29464819999999997,0.24585319999999877,760.0,15.389999999999873,0.1419980366671552,0.24812479999999998,0.3901228366671552
12.774699409,775.3899999999999,0.55,780.0,-4.610000000000127,-0.048795000000001205,0.29464819999999997,0.24585319999999877,780.0,-4.610000000000127,-0.04821261924209517,0.24812479999999998,0.19991218075790482
12.784111201,775.3899999999999,0.55,780.0,-4.610000000000127,-0.048795000000001205,0.29464819999999997,0.24585319999999877,780.0,-4.610000000000127,-0.048426213035194655,0.24812479999999998,0.19969858696480533
12.795401036,775.3899999999999,0.55,760.0,15.389999999999873,0.14194216499440399,0.29464819999999997,0.43659036499440396,760.0,15.389999999999873,0.1423109295667524,0.24812479999999998,0.3904357295667524
12.806082453,775.3899999999999,0.55,780.0,-4.610000000000127,-0.048314899208594816,0.29464819999999997,0.24633330079140514,780.0,-4.610000000000127,-0.047946134636246404,0.24812479999999998,0.20017866536375356
12.816884621,775.3899999999999,0.55,780.0,-4.610000000000127,-0.048562121038545146,0.29464819999999997,0.24608607896145482,800.0,-24.610000000000127,-0.2387950000000012,0.24812479999999998,0.009329799999998778
12.827620872,775.3899999999999,0.55,780.0,-4.610000000000127,-0.048795000000001205,0.29464819999999997,0.24585319999999877,780.0,-4.610000000000127,-0.048795000000001205,0.24812479999999998,0.19932979999999878
12.834194456,775.3899999999999,0.55,780.0,-4.610000000000127,-0.048795000000001205,0.29464819999999997,0.24585319999999877,780.0,-4.610000000000127,-0.048795000000001205,0.24812479999999998,0.19932979999999878
12.840639124,775.3899999999999,0.55,780.0,-4.610000000000127,-0.048795000000001205,0.29464819999999997,0.24585319999999877,780.0,-4.610000000000127,-0.048795000000001205,0.24812479999999998,0.19932979999999878
12.847101874,775.3899999999999,0.55,780.0,-4.610000000000127,-0.048795000000001205,0.29464819999999997,0.24585319999999877,780.0,-4.610000000000127,-0.048795000000001205,0.24812479999999998,0.19932979999999878
12.853720958,775.3899999999999,0.55,780.0,-4.610000000000127,-0.048795000000001205,0.29464819999999997,0.24585319999999877,780.0,-4.610000000000127,-0.048795000000001205,0.24812479999999998,0.19932979999999878
12.860297751,775.3899999999999,0.55,780.0,-4.610000000000127,-0.048795000000001205,0.29464819999999997,0.24585319999999877,780.0,-4.610000000000127,-0.048795000000001205,0.24812479999999998,0.19932979999999878
12.86928021,775.3899999999999,0.55,780.0,-4.610000000000127,-0.048795000000001205,0.29464819999999997,0.24585319999999877,760.0,15.389999999999873,0.1417111066137911,0.24812479999999998,0.3898359066137911
12.878484919,775.3899999999999,0.55,780.0,-4.610000000000127,-0.048795000000001205,0.29464819999999997,0.24585319999999877,780.0,-4.610000000000127,-0.048497734084908165,0.24812479999999998,0.19962706591509183
12.889369337,775.3899999999999,0.55,760.0,15.389999999999873,0.14191893571314593,0.29464819999999997,0.43656713571314587,780.0,-4.610000000000127,-0.04871159009481232,0.24812479999999998,0.19941320990518765
12.90004463,775.3899999999999,0.55,780.0,-4.610000000000127,-0.04833229972110547,0.29464819999999997,0.2463159002788945,760.0,15.389999999999873,0.14212704317027974,0.24812479999999998,0.3902518431702797
12.910715839,775.3899999999999,0.55,780.0,-4.610000000000127,-0.04857867446355204,0.29464819999999997,0.24606952553644793,760.0,15.389999999999873,0.14294953932783575,0.24812479999999998,0.39107433932783575
12.921396965,775.3899999999999,0.55,780.0,-4.610000000000127,-0.048795000000001205,0.29464819999999997,0.24585319999999877,800.0,-24.610000000000127,-0.2383507045508084,0.24812479999999998,0.009774095449191583
12.931499424,775.3899999999999,0.55,760.0,15.389999999999873,0.1420032345150966,0.29464819999999997,0.4366514345150966,780.0,-4.610000000000127,-0.048589805105105584,0.24812479999999998,0.1995349948948944
12.941905217,775.3899999999999,0.55,780.0,-4.610000000000127,-0.048234326483603526,0.29464819999999997,0.24641387351639643,780.0,-4.610000000000127,-0.048795000000001205,0.24812479999999998,0.19932979999999878
12.951298343,775.3899999999999,0.55,780.0,-4.610000000000127,-0.04850720971720654,0.29464819999999997,0.24614099028279343,780.0,-4.610000000000127,-0.048795000000001205,0.24812479999999998,0.19932979999999878
12.961729219,775.3899999999999,0.55,780.0,-4.610000000000127,-0.04873093495340297,0.29464819999999997,0.245917265046597,780.0,-4.610000000000127,-0.048795000000001205,0.24812479999999998,0.19932979999999878
12.972343553,775.3899999999999,0.55,760.0,15.389999999999873,0.14196996096665604,0.29464819999999997,0.436618160966656,760.0,15.389999999999873,0.14190600819011026,0.24812479999999998,0.39003080819011027
12.982923471,775.3899999999999,0.55,780.0,-4.610000000000127,-0.048282592143890884,0.29464819999999997,0.2463656078561091,780.0,-4.610000000000127,-0.048346565089188255,0.24812479999999998,0.19977823491081173
12.992143055,775.3899999999999,0.55,780.0,-4.610000000000127,-0.04849517752254465,0.29464819999999997,0.24615302247745532,780.0,-4.610000000000127,-0.0485591706135386,0.24812479999999998,0.19956562938646139
13.002110181,775.3899999999999,0.55,780.0,-4.610000000000127,-0.048717141346892326,0.29464819999999997,0.24593105865310766,780.0,-4.610000000000127,-0.04878113446093604,0.24812479999999998,0.19934366553906394
13.011382557,775.3899999999999,0.55,780.0,-4.610000000000127,-0.048795000000001205,0.29464819999999997,0.24585319999999877,780.0,-4.610000000000127,-0.048795000000001205,0.24812479999999998,0.19932979999999878
13.022973684,775.3899999999999,0.55,780.0,-4.610000000000127,-0.048795000000001205,0.29464819999999997,0.24585319999999877,800.0,-24.610000000000127,-0.2387950000000012,0.24812479999999998,0.009329799999998778
13.033592393,775.3899999999999,0.55,780.0,-4.610000000000127,-0.048795000000001205,0.29464819999999997,0.24585319999999877,780.0,-4.610000000000127,-0.048795000000001205,0.24812479999999998,0.19932979999999878
13.039603644,775.3899999999999,0.55,780.0,-4.610000000000127,-0.048795000000001205,0.29464819999999997,0.24585319999999877,780.0,-4.610000000000127,-0.048795000000001205,0.24812479999999998,0.19932979999999878
13.045502019,775.3899999999999,0.55,780.0,-4.610000000000127,-0.048795000000001205,0.29464819999999997,0.24585319999999877,780.0,-4.610000000000127,-0.048795000000001205,0.24812479999999998,0.19932979999999878
13.051452603,775.3899999999999,0.55,780.0,-4.610000000000127,-0.048795000000001205,0.29464819999999997,0.24585319999999877,780.0,-4.610000000000127,-0.048795000000001205,0.24812479999999998,0.19932979999999878
13.057415729,775.3899999999999,0.55,780.0,-4.610000000000127,-0.048795000000001205,0.29464819999999997,0.24585319999999877,780.0,-4.610000000000127,-0.048795000000001205,0.24812479999999998,0.19932979999999878
13.065602521,775.3899999999999,0.55,780.0,-4.610000000000127,-0.048795000000001205,0.29464819999999997,0.24585319999999877,760.0,15.389999999999873,0.14166749835624567,0.24812479999999998,0.3897922983562456
13.073826355,775.3899999999999,0.55,780.0,-4.610000000000127,-0.048795000000001205,0.29464819999999997,0.24585319999999877,780.0,-4.610000000000127,-0.04851993659115506,0.24812479999999998,0.19960486340884492
13.08211144,775.3899999999999,0.55,780.0,-4.610000000000127,-0.048795000000001205,0.29464819999999997,0.24585319999999877,780.0,-4.610000000000127,-0.04871312633985456,0.24812479999999998,0.19941167366014542
13.09038719,775.3899999999999,0.55,780.0,-4.610000000000127,-0.048795000000001205,0.29464819999999997,0.24585319999999877,780.0,-4.610000000000127,-0.048795000000001205,0.24812479999999998,0.19932979999999878
13.096650441,775.3899999999999,0.55,780.0,-4.610000000000127,-0.048795000000001205,0.29464819999999997,0.24585319999999877,780.0,-4.610000000000127,-0.048795000000001205,0.24812479999999998,0.19932979999999878
13.105314692,775.3899999999999,0.55,760.0,15.389999999999873,0.14166891238945115,0.29464819999999997,0.43631711238945114,780.0,-4.610000000000127,-0.048795000000001205,0.24812479999999998,0.19932979999999878
13.112955193,775.3899999999999,0.55,780.0,-4.610000000000127,-0.048531477602998835,0.29464819999999997,0.24611672239700114,780.0,-4.610000000000127,-0.048795000000001205,0.24812479999999998,0.19932979999999878
13.120470568,775.3899999999999,0.55,780.0,-4.610000000000127,-0.048709050008599514,0.29464819999999997,0.24593914999140046,780.0,-4.610000000000127,-0.048795000000001205,0.24812479999999998,0.19932979999999878
13.130104319,775.3899999999999,0.55,780.0,-4.610000000000127,-0.048795000000001205,0.29464819999999997,0.24585319999999877,760.0,15.389999999999873,0.14178184936510443,0.24812479999999998,0.38990664936510444
13.138808529,775.3899999999999,0.55,780.0,-4.610000000000127,-0.048795000000001205,0.29464819999999997,0.24585319999999877,760.0,15.389999999999873,0.14254139080390862,0.24812479999999998,0.39066619080390863
13.148772738,775.3899999999999,0.55,760.0,15.389999999999873,0.14186179402825133,0.29464819999999997,0.4365099940282513,780.0,-4.610000000000127,-0.04765534864478713,0.24812479999999998,0.20046945135521285
13.159068281,775.3899999999999,0.55,780.0,-4.610000000000127,-0.04837166598359942,0.29464819999999997,0.24627653401640054,780.0,-4.610000000000127,-0.04788876161158752,0.24812479999999998,0.20023603838841247
13.169932865,775.3899999999999,0.55,780.0,-4.610000000000127,-0.048617086087247574,0.29464819999999997,0.2460311139127524,760.0,15.389999999999873,0.14293059244662176,0.24812479999999998,0.39105539244662174
13.181082408,775.3899999999999,0.55,780.0,-4.610000000000127,-0.048795000000001205,0.29464819999999997,0.24585319999999877,780.0,-4.610000000000127,-0.04732325819452933,0.24812479999999998,0.20080154180547066
13.191819534,775.3899999999999,0.55,760.0,15.389999999999873,0.14205094990195108,0.29464819999999997,0.436699149901951,780.0,-4.610000000000127,-0.047576658392574786,0.24812479999999998,0.20054814160742518
13.202049743,775.3899999999999,0.55,780.0,-4.610000000000127,-0.04819219113294595,0.29464819999999997,0.24645600886705402,760.0,15.389999999999873,0.1432350423725328,0.24812479999999998,0.39135984237253274
13.212854536,775.3899999999999,0.55,780.0,-4.610000000000127,-0.04843114379844529,0.29464819999999997,0.24621705620155468,760.0,15.389999999999873,0.14403276063008136,0.24812479999999998,0.39215756063008134
13.224102954,775.3899999999999,0.55,780.0,-4.610000000000127,-0.04869456786524852,0.29464819999999997,0.24595363213475147,780.0,-4.610000000000127,-0.04623066343671662,0.24812479999999998,0.20189413656328337
13.235022955,775.3899999999999,0.55,780.0,-4.610000000000127,-0.048795000000001205,0.29464819999999997,0.24585319999999877,780.0,-4.610000000000127,-0.046476527252868244,0.24812479999999998,0.20164827274713173
13.244137539,775.3899999999999,0.55,780.0,-4.610000000000127,-0.048795000000001205,0.29464819999999997,0.24585319999999877,780.0,-4.610000000000127,-0.04672697610587066,0.24812479999999998,0.2013978238941293
13.253230248,775.3899999999999,0.55,780.0,-4.610000000000127,-0.048795000000001205,0.29464819999999997,0.24585319999999877,800.0,-24.610000000000127,-0.2378647117871072,0.24812479999999998,0.010260088212892787
13.262701833,775.3899999999999,0.55,780.0,-4.610000000000127,-0.048795000000001205,0.29464819999999997,0.24585319999999877,780.0,-4.610000000000127,-0.04808178135885905,0.24812479999999998,0.20004301864114094
13.27185375,775.3899999999999,0.55,780.0,-4.610000000000127,-0.048795000000001205,0.29464819999999997,0.24585319999999877,780.0,-4.610000000000127,-0.0482922489957089,0.24812479999999998,0.1998325510042911
13.282851335,775.3899999999999,0.55,760.0,15.389999999999873,0.14191081110130963,0.29464819999999997,0.43655901110130957,780.0,-4.610000000000127,-0.04850366458685971,0.24812479999999998,0.19962113541314028
13.293717086,775.3899999999999,0.55,780.0,-4.610000000000127,-0.04834166133423621,0.29464819999999997,0.24630653866576377,780.0,-4.610000000000127,-0.04875613702240554,0.24812479999999998,0.19936866297759442
13.304360879,775.3899999999999,0.55,780.0,-4.610000000000127,-0.04859247320168599,0.29464819999999997,0.24605572679831397,760.0,15.389999999999873,0.14208114961770305,0.24812479999999998,0.39020594961770305
13.314852713,775.3899999999999,0.55,780.0,-4.610000000000127,-0.048795000000001205,0.29464819999999997,0.24585319999999877,780.0,-4.610000000000127,-0.048160909012244596,0.24812479999999998,0.19996389098775538
13.323863464,775.3899999999999,0.55,780.0,-4.610000000000127,-0.048795000000001205,0.29464819999999997,0.24585319999999877,780.0,-4.610000000000127,-0.04840296766524723,0.24812479999999998,0.19972183233475274
13.333062923,775.3899999999999,0.55,780.0,-4.610000000000127,-0.048795000000001205,0.29464819999999997,0.24585319999999877,780.0,-4.610000000000127,-0.04861207055769619,0.24812479999999998,0.1995127294423038
13.342626674,775.3899999999999,0.55,780.0,-4.610000000000127,-0.048795000000001205,0.29464819999999997,0.24585319999999877,780.0,-4.610000000000127,-0.048795000000001205,0.24812479999999998,0.19932979999999878
13.351925883,775.3899999999999,0.55,780.0,-4.610000000000127,-0.048795000000001205,0.29464819999999997,0.24585319999999877,800.0,-24.610000000000127,-0.2387950000000012,0.24812479999999998,0.009329799999998778
13.361281384,775.3899999999999,0.55,780.0,-4.610000000000127,-0.048795000000001205,0.29464819999999997,0.24585319999999877,780.0,-4.610000000000127,-0.048795000000001205,0.24812479999999998,0.19932979999999878
13.369415968,775.3899999999999,0.55,760.0,15.389999999999873,0.14189835489700853,0.29464819999999997,0.4365465548970085,780.0,-4.610000000000127,-0.048795000000001205,0.24812479999999998,0.19932979999999878
13.379960303,775.3899999999999,0.55,780.0,-4.610000000000127,-0.04829068679674143,0.29464819999999997,0.24635751320325855,760.0,15.389999999999873,0.14183600608255273,0.24812479999999998,0.3899608060825527
13.391310221,775.3899999999999,0.55,780.0,-4.610000000000127,-0.048538870019142116,0.29464819999999997,0.24610932998085785,760.0,15.389999999999873,0.1426646743226481,0.24812479999999998,0.3907894743226481
13.401935055,775.3899999999999,0.55,780.0,-4.610000000000127,-0.048795000000001205,0.29464819999999997,0.24585319999999877,760.0,15.389999999999873,0.143531788706509,0.24812479999999998,0.391656588706509
13.413119598,775.3899999999999,0.55,760.0,15.389999999999873,0.1420593438387911,0.29464819999999997,0.43670754383879107,780.0,-4.610000000000127,-0.04672413258529087,0.24812479999999998,0.2014006674147091
13.423854682,775.3899999999999,0.55,780.0,-4.610000000000127,-0.04818818725300902,0.29464819999999997,0.24646001274699095,780.0,-4.610000000000127,-0.046971663677091,0.24812479999999998,0.201153136322909
13.434669683,775.3899999999999,0.55,780.0,-4.610000000000127,-0.04843349978230753,0.29464819999999997,0.24621470021769243,800.0,-24.610000000000127,-0.23828123880638302,0.24812479999999998,0.009843561193616956
13.455169477,775.3899999999999,0.55,780.0,-4.610000000000127,-0.048795000000001205,0.29464819999999997,0.24585319999999877,780.0,-4.610000000000127,-0.048731875941285537,0.24812479999999998,0.19939292405871445
13.464796811,775.3899999999999,0.55,780.0,-4.610000000000127,-0.048795000000001205,0.29464819999999997,0.24585319999999877,760.0,15.389999999999873,0.14219897874386261,0.24812479999999998,0.3903237787438626
13.476189021,775.3899999999999,0.55,780.0,-4.610000000000127,-0.048795000000001205,0.29464819999999997,0.24585319999999877,760.0,15.389999999999873,0.1429109618507636,0.24812479999999998,0.3910357618507636
13.485167397,775.3899999999999,0.55,780.0,-4.610000000000127,-0.048795000000001205,0.29464819999999997,0.24585319999999877,780.0,-4.610000000000127,-0.047351500846633775,0.24812479999999998,0.2007732991533662
13.495960523,775.3899999999999,0.55,760.0,15.389999999999873,0.14188414792629384,0.29464819999999997,0.4365323479262938,780.0,-4.610000000000127,-0.04755494978153668,0.24812479999999998,0.2005698502184633
13.506829482,775.3899999999999,0.55,780.0,-4.610000000000127,-0.04836726229610919,0.29464819999999997,0.24628093770389078,780.0,-4.610000000000127,-0.047806346542735315,0.24812479999999998,0.20031845345726468
13.5175599,775.3899999999999,0.55,780.0,-4.610000000000127,-0.048617677519155626,0.29464819999999997,0.24603052248084434,800.0,-24.610000000000127,-0.2387950000000012,0.24812479999999998,0.009329799999998778
13.53307336,775.3899999999999,0.55,780.0,-4.610000000000127,-0.048795000000001205,0.29464819999999997,0.24585319999999877,800.0,-24.610000000000127,-0.2387950000000012,0.24812479999999998,0.009329799999998778
13.545711569,775.3899999999999,0.55,780.0,-4.610000000000127,-0.048795000000001205,0.29464819999999997,0.24585319999999877,780.0,-4.610000000000127,-0.048795000000001205,0.24812479999999998,0.19932979999999878
13.552730528,775.3899999999999,0.55,780.0,-4.610000000000127,-0.048795000000001205,0.29464819999999997,0.24585319999999877,780.0,-4.610000000000127,-0.048795000000001205,0.24812479999999998,0.19932979999999878
13.560741738,775.3899999999999,0.55,780.0,-4.610000000000127,-0.048795000000001205,0.29464819999999997,0.24585319999999877,780.0,-4.610000000000127,-0.048795000000001205,0.24812479999999998,0.19932979999999878
13.569880822,775.3899999999999,0.55,780.0,-4.610000000000127,-0.048795000000001205,0.29464819999999997,0.24585319999999877,760.0,15.389999999999873,0.14172421373815203,0.24812479999999998,0.389849013738152
13.581375406,775.3899999999999,0.55,760.0,15.389999999999873,0.14194701292134967,0.29464819999999997,0.4365952129213496,760.0,15.389999999999873,0.14246261324140413,0.24812479999999998,0.3905874132414041
13.596703658,775.3899999999999,0.55,780.0,-4.610000000000127,-0.048310992459248386,0.29464819999999997,0.24633720754075158,780.0,-4.610000000000127,-0.04779648125169577,0.24812479999999998,0.2003283187483042
13.609149659,775.3899999999999,0.55,780.0,-4.610000000000127,-0.048669801298452865,0.29464819999999997,0.2459783987015471,780.0,-4.610000000000127,-0.04815527662969586,0.24812479999999998,0.1999695233703041
13.621491244,775.3899999999999,0.55,760.0,15.389999999999873,0.1423600751090957,0.29464819999999997,0.4370082751090957,780.0,-4.610000000000127,-0.04846374424584142,0.24812479999999998,0.19966105575415855
13.634442412,775.3899999999999,0.55,780.0,-4.610000000000127,-0.047944694918250506,0.29464819999999997,0.24670350508174946,780.0,-4.610000000000127,-0.04876856804884544,0.24812479999999998,0.19935623195115454
13.644879704,775.3899999999999,0.55,780.0,-4.610000000000127,-0.04818916706760294,0.29464819999999997,0.24645903293239702,780.0,-4.610000000000127,-0.048795000000001205,0.24812479999999998,0.19932979999999878
13.655993081,775.3899999999999,0.55,760.0,15.389999999999873,0.1426129501905974,0.29464819999999997,0.43726115019059736,760.0,15.389999999999873,0.14200709478879178,0.24812479999999998,0.39013189478879173
13.666582332,775.3899999999999,0.55,780.0,-4.610000000000127,-0.04764836961865084,0.29464819999999997,0.24699983038134912,780.0,-4.610000000000127,-0.04825423175105863,0.24812479999999998,0.19987056824894134
13.677361166,775.3899999999999,0.55,780.0,-4.610000000000127,-0.04789052238480398,0.29464819999999997,0.24675767761519599,780.0,-4.610000000000127,-0.04849637778660957,0.24812479999999998,0.19962842221339042
13.687955959,775.3899999999999,0.55,780.0,-4.610000000000127,-0.04813598953350251,0.29464819999999997,0.24651221046649746,780.0,-4.610000000000127,-0.048741851665910295,0.24812479999999998,0.19938294833408968
13.69859421,775.3899999999999,0.55,780.0,-4.610000000000127,-0.048381033138454405,0.29464819999999997,0.24626716686154557,780.0,-4.610000000000127,-0.048795000000001205,0.24812479999999998,0.19932979999999878
13.709147294,775.3899999999999,0.55,780.0,-4.610000000000127,-0.048629982773352495,0.29464819999999997,0.24601821722664746,800.0,-24.610000000000127,-0.2387950000000012,0.24812479999999998,0.009329799999998778
13.722410837,775.3899999999999,0.55,780.0,-4.610000000000127,-0.048795000000001205,0.29464819999999997,0.24585319999999877,780.0,-4.610000000000127,-0.048795000000001205,0.24812479999999998,0.19932979999999878
13.728989963,775.3899999999999,0.55,780.0,-4.610000000000127,-0.048795000000001205,0.29464819999999997,0.24585319999999877,780.0,-4.610000000000127,-0.048795000000001205,0.24812479999999998,0.19932979999999878
13.735566755,775.3899999999999,0.55,780.0,-4.610000000000127,-0.048795000000001205,0.29464819999999997,0.24585319999999877,780.0,-4.610000000000127,-0.048795000000001205,0.24812479999999998,0.19932979999999878
13.744364298,775.3899999999999,0.55,780.0,-4.610000000000127,-0.048795000000001205,0.29464819999999997,0.24585319999999877,760.0,15.389999999999873,0.14169784235754726,0.24812479999999998,0.38982264235754727
13.753423465,775.3899999999999,0.55,780.0,-4.610000000000127,-0.048795000000001205,0.29464819999999997,0.24585319999999877,760.0,15.389999999999873,0.1423936435719959,0.24812479999999998,0.3905184435719959
13.762862966,775.3899999999999,0.55,780.0,-4.610000000000127,-0.048795000000001205,0.29464819999999997,0.24585319999999877,760.0,15.389999999999873,0.14311166409894316,0.24812479999999998,0.39123646409894314
13.772033842,775.3899999999999,0.55,780.0,-4.610000000000127,-0.048795000000001205,0.29464819999999997,0.24585319999999877,780.0,-4.610000000000127,-0.047100336362906746,0.24812479999999998,0.20102446363709323
13.78149726,775.3899999999999,0.55,780.0,-4.610000000000127,-0.048795000000001205,0.29464819999999997,0.24585319999999877,780.0,-4.610000000000127,-0.04731905304155551,0.24812479999999998,0.20080574695844447
13.790670761,775.3899999999999,0.55,780.0,-4.610000000000127,-0.048795000000001205,0.29464819999999997,0.24585319999999877,760.0,15.389999999999873,0.1433894064479093,0.24812479999999998,0.39151420644790924
13.805269554,775.3899999999999,0.55,760.0,15.389999999999873,0.14221072695820994,0.29464819999999997,0.43685892695820994,800.0,-24.610000000000127,-0.23821898539322278,0.24812479999999998,0.009905814606777197
# 13.814 Shooter Ready
13.817937513,775.3899999999999,0.55,780.0,-4.610000000000127,-0.04808010643984058,0.29464819999999997,0.2465680935601594,780.0,-4.610000000000127,-0.048509744846874404,0.24812479999999998,0.19961505515312558
13.828587723,775.3899999999999,0.55,780.0,-4.610000000000127,-0.04832460551159131,0.29464819999999997,0.24632359448840865,780.0,-4.610000000000127,-0.048754297671222704,0.24812479999999998,0.1993705023287773
13.841506808,775.3899999999999,0.55,760.0,15.389999999999873,0.14265663534100592,0.29464819999999997,0.4373048353410059,800.0,-24.610000000000127,-0.2387950000000012,0.24812479999999998,0.009329799999998778
# 13.850 Shooter Ready
13.854588059,775.3899999999999,0.55,780.0,-4.610000000000127,-0.04764771111954388,0.29464819999999997,0.2470004888804561,760.0,15.389999999999873,0.14222091644634488,0.24812479999999998,0.39034571644634486
13.865526435,775.3899999999999,0.55,780.0,-4.610000000000127,-0.047899921361345285,0.29464819999999997,0.24674827863865467,760.0,15.389999999999873,0.14306289380454953,0.24812479999999998,0.39118769380454954
13.876256853,775.3899999999999,0.55,780.0,-4.610000000000127,-0.0481480575156406,0.29464819999999997,0.24650014248435936,780.0,-4.610000000000127,-0.047185249080353195,0.24812479999999998,0.20093955091964677
13.887374604,775.3899999999999,0.55,780.0,-4.610000000000127,-0.048397397087394836,0.29464819999999997,0.24625080291260515,780.0,-4.610000000000127,-0.04743459535964939,0.24812479999999998,0.2006902046403506
13.898125147,775.3899999999999,0.55,780.0,-4.610000000000127,-0.048654286479192295,0.29464819999999997,0.24599391352080768,780.0,-4.610000000000127,-0.04769148475145208,0.24812479999999998,0.2004333152485479
13.908885898,775.3899999999999,0.55,780.0,-4.610000000000127,-0.048795000000001205,0.29464819999999997,0.24585319999999877,780.0,-4.610000000000127,-0.047935506503798374,0.24812479999999998,0.2001892934962016
13.918162649,775.3899999999999,0.55,780.0,-4.610000000000127,-0.048795000000001205,0.29464819999999997,0.24585319999999877,780.0,-4.610000000000127,-0.04818920923310191,0.24812479999999998,0.19993559076689807
13.927147441,775.3899999999999,0.55,780.0,-4.610000000000127,-0.048795000000001205,0.29464819999999997,0.24585319999999877,780.0,-4.610000000000127,-0.048397854974903246,0.24812479999999998,0.19972694502509675
13.936512859,775.3899999999999,0.55,780.0,-4.610000000000127,-0.048795000000001205,0.29464819999999997,0.24585319999999877,780.0,-4.610000000000127,-0.048610440330502006,0.24812479999999998,0.199514359669498
13.94583336,775.3899999999999,0.55,780.0,-4.610000000000127,-0.048795000000001205,0.29464819999999997,0.24585319999999877,780.0,-4.610000000000127,-0.048795000000001205,0.24812479999999998,0.19932979999999878
13.955529527,775.3899999999999,0.55,780.0,-4.610000000000127,-0.048795000000001205,0.29464819999999997,0.24585319999999877,780.0,-4.610000000000127,-0.048795000000001205,0.24812479999999998,0.19932979999999878
13.963204153,775.3899999999999,0.55,780.0,-4.610000000000127,-0.048795000000001205,0.29464819999999997,0.24585319999999877,780.0,-4.610000000000127,-0.048795000000001205,0.24812479999999998,0.19932979999999878
13.971316571,775.3899999999999,0.55,760.0,15.389999999999873,0.14172100430755002,0.29464819999999997,0.43636920430755,780.0,-4.610000000000127,-0.048795000000001205,0.24812479999999998,0.19932979999999878
13.980127238,775.3899999999999,0.55,760.0,15.389999999999873,0.14241846633385133,0.29464819999999997,0.4370666663338513,780.0,-4.610000000000127,-0.048795000000001205,0.24812479999999998,0.19932979999999878
13.987240114,775.3899999999999,0.55,780.0,-4.610000000000127,-0.047744725776044473,0.29464819999999997,0.2469034742239555,780.0,-4.610000000000127,-0.048795000000001205,0.24812479999999998,0.19932979999999878
13.996609031,775.3899999999999,0.55,780.0,-4.610000000000127,-0.04791288610599525,0.29464819999999997,0.24673531389400472,800.0,-24.610000000000127,-0.2387950000000012,0.24812479999999998,0.009329799999998778
14.005869741,775.3899999999999,0.55,780.0,-4.610000000000127,-0.048125444585295225,0.29464819999999997,0.24652275541470475,780.0,-4.610000000000127,-0.048795000000001205,0.24812479999999998,0.19932979999999878
14.013106283,775.3899999999999,0.55,760.0,15.389999999999873,0.14259104971536077,0.29464819999999997,0.43723924971536077,780.0,-4.610000000000127,-0.048795000000001205,0.24812479999999998,0.19932979999999878
14.02019495,775.3899999999999,0.55,780.0,-4.610000000000127,-0.04757394412083719,0.29464819999999997,0.2470742558791628,780.0,-4.610000000000127,-0.048795000000001205,0.24812479999999998,0.19932979999999878
14.02732941,775.3899999999999,0.55,780.0,-4.610000000000127,-0.04773782867578697,0.29464819999999997,0.246910371324213,780.0,-4.610000000000127,-0.048795000000001205,0.24812479999999998,0.19932979999999878
14.039729619,775.3899999999999,0.55,780.0,-4.610000000000127,-0.04790196871693922,0.29464819999999997,0.24674623128306075,760.0,15.389999999999873,0.14175296418190708,0.24812479999999998,0.38987776418190706
14.050848245,775.3899999999999,0.55,780.0,-4.610000000000127,-0.04818638172188606,0.29464819999999997,0.24646181827811392,760.0,15.389999999999873,0.14270242468450584,0.24812479999999998,0.3908272246845058
14.060116829,775.3899999999999,0.55,780.0,-4.610000000000127,-0.04844494511993944,0.29464819999999997,0.24620325488006053,780.0,-4.610000000000127,-0.047556125275392894,0.24812479999999998,0.2005686747246071
14.069581122,775.3899999999999,0.55,780.0,-4.610000000000127,-0.048661127266689606,0.29464819999999997,0.24598707273331036,780.0,-4.610000000000127,-0.0477723141296955,0.24812479999999998,0.20035248587030446
14.078880623,775.3899999999999,0.55,780.0,-4.610000000000127,-0.048795000000001205,0.29464819999999997,0.24585319999999877,760.0,15.389999999999873,0.14295279864790542,0.24812479999999998,0.39107759864790537
14.086881332,775.3899999999999,0.55,780.0,-4.610000000000127,-0.048795000000001205,0.29464819999999997,0.24585319999999877,780.0,-4.610000000000127,-0.04725971276329442,0.24812479999999998,0.20086508723670554
14.095076,775.3899999999999,0.55,780.0,-4.610000000000127,-0.048795000000001205,0.29464819999999997,0.24585319999999877,780.0,-4.610000000000127,-0.04744931920509142,0.24812479999999998,0.20067548079490855
14.103450042,775.3899999999999,0.55,780.0,-4.610000000000127,-0.048795000000001205,0.29464819999999997,0.24585319999999877,780.0,-4.610000000000127,-0.04764212574754221,0.24812479999999998,0.20048267425245778
14.111617293,775.3899999999999,0.55,780.0,-4.610000000000127,-0.048795000000001205,0.29464819999999997,0.24585319999999877,780.0,-4.610000000000127,-0.047829715314342984,0.24812479999999998,0.200295084685657
14.120018752,775.3899999999999,0.55,780.0,-4.610000000000127,-0.048795000000001205,0.29464819999999997,0.24585319999999877,780.0,-4.610000000000127,-0.04801905283179336,0.24812479999999998,0.20010574716820662
14.128900003,775.3899999999999,0.55,780.0,-4.610000000000127,-0.048795000000001205,0.29464819999999997,0.24585319999999877,780.0,-4.610000000000127,-0.048217943606144266,0.24812479999999998,0.19990685639385572
14.137446712,775.3899999999999,0.55,780.0,-4.610000000000127,-0.048795000000001205,0.29464819999999997,0.24585319999999877,780.0,-4.610000000000127,-0.04842307327789482,0.24812479999999998,0.19970172672210515
14.146018213,775.3899999999999,0.55,780.0,-4.610000000000127,-0.048795000000001205,0.29464819999999997,0.24585319999999877,780.0,-4.610000000000127,-0.04861878412034352,0.24812479999999998,0.19950601587965647
14.158005423,775.3899999999999,0.55,760.0,15.389999999999873,0.1418732851256409,0.29464819999999997,0.4365214851256409,780.0,-4.610000000000127,-0.048795000000001205,0.24812479999999998,0.19932979999999878
14.168162132,775.3899999999999,0.55,780.0,-4.610000000000127,-0.048402542745457945,0.29464819999999997,0.24624565725454203,760.0,15.389999999999873,0.14212582225196324,0.24812479999999998,0.3902506222519632
14.178209175,775.3899999999999,0.55,780.0,-4.610000000000127,-0.04863453716916036,0.29464819999999997,0.2460136628308396,780.0,-4.610000000000127,-0.04810616546418671,0.24812479999999998,0.20001863453581326
14.188348967,775.3899999999999,0.55,760.0,15.389999999999873,0.14214910885713328,0.29464819999999997,0.43679730885713325,780.0,-4.610000000000127,-0.04834090283788482,0.24812479999999998,0.19978389716211514
14.19905051,775.3899999999999,0.55,760.0,15.389999999999873,0.14293535840973295,0.29464819999999997,0.43758355840973295,780.0,-4.610000000000127,-0.048576420085284726,0.24812479999999998,0.19954837991471525
14.210027095,775.3899999999999,0.55,780.0,-4.610000000000127,-0.047314498818918416,0.29464819999999997,0.24733370118108156,780.0,-4.610000000000127,-0.048795000000001205,0.24812479999999998,0.19932979999999878
14.217939429,775.3899999999999,0.55,780.0,-4.610000000000127,-0.047567347730121244,0.29464819999999997,0.24708085226987872,780.0,-4.610000000000127,-0.048795000000001205,0.24812479999999998,0.19932979999999878
14.227173013,775.3899999999999,0.55,780.0,-4.610000000000127,-0.0477762623962692,0.29464819999999997,0.24687193760373077,780.0,-4.610000000000127,-0.048795000000001205,0.24812479999999998,0.19932979999999878
14.234939805,775.3899999999999,0.55,780.0,-4.610000000000127,-0.047956302119966515,0.29464819999999997,0.24669189788003346,780.0,-4.610000000000127,-0.048795000000001205,0.24812479999999998,0.19932979999999878
14.242527806,775.3899999999999,0.55,780.0,-4.610000000000127,-0.048131931618019645,0.29464819999999997,0.24651626838198032,780.0,-4.610000000000127,-0.048795000000001205,0.24812479999999998,0.19932979999999878
14.25209214,775.3899999999999,0.55,780.0,-4.610000000000127,-0.04830075078611819,0.29464819999999997,0.2463474492138818,760.0,15.389999999999873,0.1417686075013012,0.24812479999999998,0.3898934075013012
14.262088141,775.3899999999999,0.55,780.0,-4.610000000000127,-0.04852535000916692,0.29464819999999997,0.24612284999083306,760.0,15.389999999999873,0.14251838590885713,0.24812479999999998,0.3906431859088571
14.271722184,775.3899999999999,0.55,780.0,-4.610000000000127,-0.04875364011346779,0.29464819999999997,0.2458945598865322,780.0,-4.610000000000127,-0.047709910926040704,0.24812479999999998,0.20041488907395927
14.282162977,775.3899999999999,0.55,780.0,-4.610000000000127,-0.048795000000001205,0.29464819999999997,0.24585319999999877,780.0,-4.610000000000127,-0.047940917080993975,0.24812479999999998,0.20018388291900602
14.291181603,775.3899999999999,0.55,780.0,-4.610000000000127,-0.048795000000001205,0.29464819999999997,0.24585319999999877,760.0,15.389999999999873,0.1428756315340926,0.24812479999999998,0.3910004315340926
14.300526895,775.3899999999999,0.55,780.0,-4.610000000000127,-0.048795000000001205,0.29464819999999997,0.24585319999999877,780.0,-4.610000000000127,-0.04733593867645822,0.24812479999999998,0.20078886132354176
14.309816188,775.3899999999999,0.55,780.0,-4.610000000000127,-0.048795000000001205,0.29464819999999997,0.24585319999999877,780.0,-4.610000000000127,-0.047549250107061694,0.24812479999999998,0.2005755498929383
14.31905823,775.3899999999999,0.55,780.0,-4.610000000000127,-0.048795000000001205,0.29464819999999997,0.24585319999999877,760.0,15.389999999999873,0.14316196996362535,0.24812479999999998,0.3912867699636253
14.329999232,775.3899999999999,0.55,760.0,15.389999999999873,0.14192899053878777,0.29464819999999997,0.43657719053878774,760.0,15.389999999999873,0.14388596050243185,0.24812479999999998,0.39201076050243183
14.340993316,775.3899999999999,0.55,780.0,-4.610000000000127,-0.04832339449116523,0.29464819999999997,0.24632480550883473,780.0,-4.610000000000127,-0.04636641781996872,0.24812479999999998,0.20175838218003125
14.351781192,775.3899999999999,0.55,780.0,-4.610000000000127,-0.0485709457517117,0.29464819999999997,0.24607725424828827,780.0,-4.610000000000127,-0.04661398254171957,0.24812479999999998,0.20151081745828042
14.362532318,775.3899999999999,0.55,780.0,-4.610000000000127,-0.048795000000001205,0.29464819999999997,0.24585319999999877,760.0,15.389999999999873,0.1442284211964225,0.24812479999999998,0.39235322119642246
14.371580111,775.3899999999999,0.55,780.0,-4.610000000000127,-0.048795000000001205,0.29464819999999997,0.24585319999999877,780.0,-4.610000000000127,-0.04601783928717695,0.24812479999999998,0.20210696071282302
14.380504528,775.3899999999999,0.55,780.0,-4.610000000000127,-0.048795000000001205,0.29464819999999997,0.24585319999999877,780.0,-4.610000000000127,-0.04622320423027887,0.24812479999999998,0.2019015957697211
14.389372654,775.3899999999999,0.55,780.0,-4.610000000000127,-0.048795000000001205,0.29464819999999997,0.24585319999999877,780.0,-4.610000000000127,-0.04642743974643077,0.24812479999999998,0.2016973602535692
14.398386905,775.3899999999999,0.55,780.0,-4.610000000000127,-0.048795000000001205,0.29464819999999997,0.24585319999999877,780.0,-4.610000000000127,-0.0466333963138785,0.24812479999999998,0.20149140368612148
14.407894364,775.3899999999999,0.55,780.0,-4.610000000000127,-0.048795000000001205,0.29464819999999997,0.24585319999999877,780.0,-4.610000000000127,-0.04684459002572783,0.24812479999999998,0.20128020997427215
14.419913074,775.3899999999999,0.55,760.0,15.389999999999873,0.14201030429634298,0.29464819999999997,0.43665850429634295,780.0,-4.610000000000127,-0.0470858015912267,0.24812479999999998,0.20103899840877326
14.430109742,775.3899999999999,0.55,780.0,-4.610000000000127,-0.04823936468295763,0.29464819999999997,0.24640883531704233,780.0,-4.610000000000127,-0.04733547730112952,0.24812479999999998,0.20078932269887045
14.440440284,775.3899999999999,0.55,780.0,-4.610000000000127,-0.04847577606290642,0.29464819999999997,0.24617242393709354,780.0,-4.610000000000127,-0.04757188868107831,0.24812479999999998,0.20055291131892167
14.451471119,775.3899999999999,0.55,780.0,-4.610000000000127,-0.048716920391558824,0.29464819999999997,0.24593127960844113,780.0,-4.610000000000127,-0.04781302627912852,0.24812479999999998,0.20031177372087144
14.464205287,775.3899999999999,0.55,760.0,15.389999999999873,0.14227866201729705,0.29464819999999997,0.436926862017297,780.0,-4.610000000000127,-0.04811125490087725,0.24812479999999998,0.20001354509912272
14.476246455,775.3899999999999,0.55,780.0,-4.610000000000127,-0.04796219994884886,0.29464819999999997,0.2466860000511511,780.0,-4.610000000000127,-0.048352116843978644,0.24812479999999998,0.19977268315602134
14.486826372,775.3899999999999,0.55,780.0,-4.610000000000127,-0.04824110688505272,0.29464819999999997,0.24640709311494724,760.0,15.389999999999873,0.1425789846967659,0.24812479999999998,0.39070378469676587
14.497906498,775.3899999999999,0.55,780.0,-4.610000000000127,-0.048501788001849774,0.29464819999999997,0.24614641199815018,760.0,15.389999999999873,0.14344926364936333,0.24812479999999998,0.3915740636493633
14.508872,775.3899999999999,0.55,780.0,-4.610000000000127,-0.04875210911175096,0.29464819999999997,0.245896090888249,780.0,-4.610000000000127,-0.046801050729940875,0.24812479999999998,0.2013237492700591
14.519483126,775.3899999999999,0.55,780.0,-4.610000000000127,-0.048795000000001205,0.29464819999999997,0.24585319999999877,780.0,-4.610000000000127,-0.04705166764048746,0.24812479999999998,0.20107313235951252
14.528484252,775.3899999999999,0.55,780.0,-4.610000000000127,-0.048795000000001205,0.29464819999999997,0.24585319999999877,760.0,15.389999999999873,0.14375395084272588,0.24812479999999998,0.39187875084272583
14.539367211,775.3899999999999,0.55,780.0,-4.610000000000127,-0.048795000000001205,0.29464819999999997,0.24585319999999877,780.0,-4.610000000000127,-0.04645634873656929,0.24812479999999998,0.2016684512634307
14.554822338,775.3899999999999,0.55,760.0,15.389999999999873,0.14202962836509123,0.29464819999999997,0.43667782836509117,780.0,-4.610000000000127,-0.04670337560962167,0.24812479999999998,0.2014214243903783
14.565367839,775.3899999999999,0.55,780.0,-4.610000000000127,-0.04832610136290875,0.29464819999999997,0.24632209863709123,780.0,-4.610000000000127,-0.04705908516887006,0.24812479999999998,0.20106571483112992
14.57585559,775.3899999999999,0.55,780.0,-4.610000000000127,-0.04856908104780881,0.29464819999999997,0.24607911895219114,780.0,-4.610000000000127,-0.04730206485377012,0.24812479999999998,0.20082273514622986
14.586516882,775.3899999999999,0.55,760.0,15.389999999999873,0.1422495323666447,0.29464819999999997,0.43689773236664464,780.0,-4.610000000000127,-0.04754728324687362,0.24812479999999998,0.20057751675312635
14.597268883,775.3899999999999,0.55,780.0,-4.610000000000127,-0.04800163580770524,0.29464819999999997,0.24664656419229475,780.0,-4.610000000000127,-0.04779843127552173,0.24812479999999998,0.20032636872447823
14.607554218,775.3899999999999,0.55,780.0,-4.610000000000127,-0.04824076999195314,0.29464819999999997,0.24640743000804682,760.0,15.389999999999873,0.14299996029452733,0.24812479999999998,0.3911247602945273
14.618240011,775.3899999999999,0.55,780.0,-4.610000000000127,-0.048478626791303936,0.29464819999999997,0.24616957320869604,760.0,15.389999999999873,0.1437939978027218,0.24812479999999998,0.39191879780272176
14.628973053,775.3899999999999,0.55,760.0,15.389999999999873,0.14233767496820376,0.29464819999999997,0.43698587496820374,780.0,-4.610000000000127,-0.046450521437780494,0.24812479999999998,0.20167427856221948
14.639918138,775.3899999999999,0.55,780.0,-4.610000000000127,-0.04791403105484464,0.29464819999999997,0.24673416894515532,780.0,-4.610000000000127,-0.04670224089897831,0.24812479999999998,0.20142255910102166
14.650653805,775.3899999999999,0.55,780.0,-4.610000000000127,-0.04816873549104671,0.29464819999999997,0.24647946450895325,780.0,-4.610000000000127,-0.04695693189703099,0.24812479999999998,0.201167868102969
14.66311789,775.3899999999999,0.55,780.0,-4.610000000000127,-0.048414592576596145,0.29464819999999997,0.24623360742340383,780.0,-4.610000000000127,-0.04720278898258042,0.24812479999999998,0.20092201101741955
14.673767808,775.3899999999999,0.55,800.0,-24.610000000000127,-0.2387950000000012,0.29464819999999997,0.05585319999999877,780.0,-4.610000000000127,-0.047488418866180084,0.24812479999999998,0.2006363811338199
14.684043225,775.3899999999999,0.55,780.0,-4.610000000000127,-0.048795000000001205,0.29464819999999997,0.24585319999999877,780.0,-4.610000000000127,-0.04772905895302975,0.24812479999999998,0.20039574104697022
14.693326393,775.3899999999999,0.55,780.0,-4.610000000000127,-0.048795000000001205,0.29464819999999997,0.24585319999999877,780.0,-4.610000000000127,-0.0479703108560318,0.24812479999999998,0.20015448914396816
14.702342977,775.3899999999999,0.55,780.0,-4.610000000000127,-0.048795000000001205,0.29464819999999997,0.24585319999999877,780.0,-4.610000000000127,-0.04818393154847983,0.24812479999999998,0.19994086845152015
14.71149052,775.3899999999999,0.55,780.0,-4.610000000000127,-0.048795000000001205,0.29464819999999997,0.24585319999999877,780.0,-4.610000000000127,-0.0483939689340306,0.24812479999999998,0.1997308310659694
14.720511479,775.3899999999999,0.55,780.0,-4.610000000000127,-0.048795000000001205,0.29464819999999997,0.24585319999999877,780.0,-4.610000000000127,-0.048601774318930376,0.24812479999999998,0.1995230256810696
14.729955063,775.3899999999999,0.55,780.0,-4.610000000000127,-0.048795000000001205,0.29464819999999997,0.24585319999999877,780.0,-4.610000000000127,-0.048795000000001205,0.24812479999999998,0.19932979999999878
14.737027689,775.3899999999999,0.55,780.0,-4.610000000000127,-0.048795000000001205,0.29464819999999997,0.24585319999999877,780.0,-4.610000000000127,-0.048795000000001205,0.24812479999999998,0.19932979999999878
14.746047482,775.3899999999999,0.55,780.0,-4.610000000000127,-0.048795000000001205,0.29464819999999997,0.24585319999999877,760.0,15.389999999999873,0.14171631351248726,0.24812479999999998,0.38984111351248724
14.755352524,775.3899999999999,0.55,780.0,-4.610000000000127,-0.048795000000001205,0.29464819999999997,0.24585319999999877,780.0,-4.610000000000127,-0.04848936742306664,0.24812479999999998,0.19963543257693334
14.764524859,775.3899999999999,0.55,780.0,-4.610000000000127,-0.048795000000001205,0.29464819999999997,0.24585319999999877,780.0,-4.610000000000127,-0.04870677313296707,0.24812479999999998,0.19941802686703292
14.775962568,775.3899999999999,0.55,760.0,15.389999999999873,0.141919811096344,0.29464819999999997,0.43656801109634397,780.0,-4.610000000000127,-0.048795000000001205,0.24812479999999998,0.19932979999999878
14.786660027,775.3899999999999,0.55,780.0,-4.610000000000127,-0.04834553573230494,0.29464819999999997,0.24630266426769504,760.0,15.389999999999873,0.14209083239439607,0.24812479999999998,0.39021563239439605
14.797487862,775.3899999999999,0.55,780.0,-4.610000000000127,-0.04859327521915764,0.29464819999999997,0.24605492478084234,780.0,-4.610000000000127,-0.04815689367735175,0.24812479999999998,0.19996790632264821
14.808427113,775.3899999999999,0.55,780.0,-4.610000000000127,-0.048795000000001205,0.29464819999999997,0.24585319999999877,780.0,-4.610000000000127,-0.04840142635600347,0.24812479999999998,0.1997233736439965
14.819045822,775.3899999999999,0.55,760.0,15.389999999999873,0.14204394745196,0.29464819999999997,0.43669214745195994,760.0,15.389999999999873,0.14243745376470246,0.24812479999999998,0.39056225376470244
14.834629866,775.3899999999999,0.55,780.0,-4.610000000000127,-0.04831256885728895,0.29464819999999997,0.246335631142711,760.0,15.389999999999873,0.14362771328670426,0.24812479999999998,0.39175251328670424
14.852686659,775.3899999999999,0.55,780.0,-4.610000000000127,-0.04873263016719134,0.29464819999999997,0.24591556983280863,780.0,-4.610000000000127,-0.04679234802319288,0.24812479999999998,0.2013324519768071
14.863749285,775.3899999999999,0.55,780.0,-4.610000000000127,-0.048795000000001205,0.29464819999999997,0.24585319999999877,780.0,-4.610000000000127,-0.04704736172124475,0.24812479999999998,0.20107743827875524
14.882721037,775.3899999999999,0.55,780.0,-4.610000000000127,-0.048795000000001205,0.29464819999999997,0.24585319999999877,780.0,-4.610000000000127,-0.04751907522294391,0.24812479999999998,0.20060572477705607
14.893379122,775.3899999999999,0.55,780.0,-4.610000000000127,-0.048795000000001205,0.29464819999999997,0.24585319999999877,780.0,-4.610000000000127,-0.04775933883414182,0.24812479999999998,0.20036546116585816
14.985003881,775.3899999999999,0.55,760.0,15.389999999999873,0.1481942313751041,0.29464819999999997,0.44284243137510404,780.0,-4.610000000000127,-0.048795000000001205,0.24812479999999998,0.19932979999999878
15.053415763,775.3899999999999,0.55,780.0,-4.610000000000127,-0.043358910425043994,0.29464819999999997,0.251289289574956,780.0,-4.610000000000127,-0.048795000000001205,0.24812479999999998,0.19932979999999878
15.076064848,775.3899999999999,0.55,780.0,-4.610000000000127,-0.043854866764248115,0.29464819999999997,0.25079333323575187,760.0,15.389999999999873,0.14286067559140517,0.24812479999999998,0.3909854755914052
15.097354475,775.3899999999999,0.55,800.0,-24.610000000000127,-0.23677111103467657,0.29464819999999997,0.0578770889653234,780.0,-4.610000000000127,-0.047685608509643,0.24812479999999998,0.200439191490357
15.118745311,775.3899999999999,0.55,800.0,-24.610000000000127,-0.2387950000000012,0.29464819999999997,0.05585319999999877,780.0,-4.610000000000127,-0.04817361163074338,0.24812479999999998,0.1999511883692566
15.141024855,775.3899999999999,0.55,780.0,-4.610000000000127,-0.048795000000001205,0.29464819999999997,0.24585319999999877,760.0,15.389999999999873,0.1435154153988007,0.24812479999999998,0.3916402153988007
15.198840777,775.3899999999999,0.55,780.0,-4.610000000000127,-0.048795000000001205,0.29464819999999997,0.24585319999999877,780.0,-4.610000000000127,-0.04785669840890092,0.24812479999999998,0.20026810159109906
15.218661279,775.3899999999999,0.55,780.0,-4.610000000000127,-0.048795000000001205,0.29464819999999997,0.24585319999999877,760.0,15.389999999999873,0.14366979098314453,0.24812479999999998,0.3917945909831445
15.238097948,775.3899999999999,0.55,780.0,-4.610000000000127,-0.048795000000001205,0.29464819999999997,0.24585319999999877,780.0,-4.610000000000127,-0.04677216688170972,0.24812479999999998,0.20135263311829027
15.25626645,775.3899999999999,0.55,780.0,-4.610000000000127,-0.048795000000001205,0.29464819999999997,0.24585319999999877,780.0,-4.610000000000127,-0.04719300133470648,0.24812479999999998,0.20093179866529348
15.276729493,775.3899999999999,0.55,780.0,-4.610000000000127,-0.048795000000001205,0.29464819999999997,0.24585319999999877,800.0,-24.610000000000127,-0.2387950000000012,0.24812479999999998,0.009329799999998778
15.296532204,775.3899999999999,0.55,780.0,-4.610000000000127,-0.048795000000001205,0.29464819999999997,0.24585319999999877,780.0,-4.610000000000127,-0.048795000000001205,0.24812479999999998,0.19932979999999878
15.368944003,775.3899999999999,0.55,760.0,15.389999999999873,0.1467623423892983,0.29464819999999997,0.4414105423892983,780.0,-4.610000000000127,-0.048795000000001205,0.24812479999999998,0.19932979999999878
15.387991296,775.3899999999999,0.55,760.0,15.389999999999873,0.1483288714056892,0.29464819999999997,0.4429770714056892,780.0,-4.610000000000127,-0.048795000000001205,0.24812479999999998,0.19932979999999878
15.408566632,775.3899999999999,0.55,780.0,-4.610000000000127,-0.04208560318351361,0.29464819999999997,0.25256259681648635,760.0,15.389999999999873,0.14258872467263864,0.24812479999999998,0.39071352467263865
15.428009717,775.3899999999999,0.55,780.0,-4.610000000000127,-0.04254376999276275,0.29464819999999997,0.2521044300072372,800.0,-24.610000000000127,-0.2387950000000012,0.24812479999999998,0.009329799999998778
15.447040677,775.3899999999999,0.55,780.0,-4.610000000000127,-0.04298212438196294,0.29464819999999997,0.25166607561803706,780.0,-4.610000000000127,-0.048795000000001205,0.24812479999999998,0.19932979999999878
15.521951768,775.3899999999999,0.55,780.0,-4.610000000000127,-0.04475672581076072,0.29464819999999997,0.24989147418923924,780.0,-4.610000000000127,-0.048795000000001205,0.24812479999999998,0.19932979999999878
15.544033562,775.3899999999999,0.55,760.0,15.389999999999873,0.14676671120563398,0.29464819999999997,0.4414149112056339,760.0,15.389999999999873,0.1427283696851382,0.24812479999999998,0.39085316968513817
15.568899023,775.3899999999999,0.55,780.0,-4.610000000000127,-0.04371678755361671,0.29464819999999997,0.2509314124463833,780.0,-4.610000000000127,-0.04775512234351554,0.24812479999999998,0.20036967765648445
15.592453733,775.3899999999999,0.55,760.0,15.389999999999873,0.14824187873973058,0.29464819999999997,0.4428900787397305,780.0,-4.610000000000127,-0.048341844788314145,0.24812479999999998,0.19978295521168582
15.613638069,775.3899999999999,0.55,780.0,-4.610000000000127,-0.04228941324947079,0.29464819999999997,0.2523587867505292,780.0,-4.610000000000127,-0.048795000000001205,0.24812479999999998,0.19932979999999878
15.667706658,775.3899999999999,0.55,760.0,15.389999999999873,0.15120499999999878,0.29464819999999997,0.44585319999999873,780.0,-4.610000000000127,-0.048795000000001205,0.24812479999999998,0.19932979999999878
15.686673451,775.3899999999999,0.55,780.0,-4.610000000000127,-0.03918658976549777,0.29464819999999997,0.2554616102345022,760.0,15.389999999999873,0.14251228123450477,0.24812479999999998,0.39063708123450475
15.704400953,775.3899999999999,0.55,780.0,-4.610000000000127,-0.03958812945534796,0.29464819999999997,0.255060070544652,780.0,-4.610000000000127,-0.047889238263544076,0.24812479999999998,0.2002355617364559
15.721609871,775.3899999999999,0.55,800.0,-24.610000000000127,-0.23168860341461198,0.29464819999999997,0.062959596585388,780.0,-4.610000000000127,-0.04828269028464732,0.24812479999999998,0.19984210971535266
15.745993499,775.3899999999999,0.55,780.0,-4.610000000000127,-0.04225634033506407,0.29464819999999997,0.2523918596649359,780.0,-4.610000000000127,-0.048795000000001205,0.24812479999999998,0.19932979999999878
15.768975668,775.3899999999999,0.55,780.0,-4.610000000000127,-0.04277798493115943,0.29464819999999997,0.25187021506884055,760.0,15.389999999999873,0.1429463658032556,0.24812479999999998,0.39107116580325557
15.832849216,775.3899999999999,0.55,780.0,-4.610000000000127,-0.04424575241255917,0.29464819999999997,0.2504024475874408,800.0,-24.610000000000127,-0.2387950000000012,0.24812479999999998,0.009329799999998778
15.872489637,775.3899999999999,0.55,780.0,-4.610000000000127,-0.04514679814160976,0.29464819999999997,0.2495014018583902,760.0,15.389999999999873,0.14421304629400145,0.24812479999999998,0.3923378462940014
15.907725307,775.3899999999999,0.55,780.0,-4.610000000000127,-0.045977609529512097,0.29464819999999997,0.24867059047048787,780.0,-4.610000000000127,-0.046617744948199036,0.24812479999999998,0.20150705505180094
15.998172899,775.3899999999999,0.55,760.0,15.389999999999873,0.15088676723867955,0.29464819999999997,0.4455349672386795,780.0,-4.610000000000127,-0.048673929049399656,0.24812479999999998,0.19945087095060032
16.04232482,775.3899999999999,0.55,760.0,15.389999999999873,0.15120499999999878,0.29464819999999997,0.44585319999999873,780.0,-4.610000000000127,-0.048795000000001205,0.24812479999999998,0.19932979999999878
16.081682616,775.3899999999999,0.55,780.0,-4.610000000000127,-0.039658484785950736,0.29464819999999997,0.25498971521404923,780.0,-4.610000000000127,-0.048795000000001205,0.24812479999999998,0.19932979999999878
16.170259166,775.3899999999999,0.55,780.0,-4.610000000000127,-0.041688429343396526,0.29464819999999997,0.25295977065660347,760.0,15.389999999999873,0.14798189100506257,0.24812479999999998,0.39610669100506257
16.20609742,775.3899999999999,0.55,780.0,-4.610000000000127,-0.04256890965500039,0.29464819999999997,0.2520792903449996,780.0,-4.610000000000127,-0.042898589306536054,0.24812479999999998,0.20522621069346392
16.245772841,775.3899999999999,0.55,780.0,-4.610000000000127,-0.043466351885347136,0.29464819999999997,0.25118184811465283,760.0,15.389999999999873,0.15009729250060988,0.24812479999999998,0.39822209250060986
16.326410516,775.3899999999999,0.55,780.0,-4.610000000000127,-0.0453431618316004,0.29464819999999997,0.24930503816839958,780.0,-4.610000000000127,-0.04177957795189289,0.24812479999999998,0.2063452220481071
16.358212685,775.3899999999999,0.55,780.0,-4.610000000000127,-0.04607376816194909,0.29464819999999997,0.2485744318380509,780.0,-4.610000000000127,-0.0425101573828878,0.24812479999999998,0.20561464261711218
16.399462523,775.3899999999999,0.55,780.0,-4.610000000000127,-0.04698438731664655,0.29464819999999997,0.2476638126833534,780.0,-4.610000000000127,-0.0434207765375905,0.24812479999999998,0.20470402346240948
16.463812654,775.3899999999999,0.55,780.0,-4.610000000000127,-0.04852242945364796,0.29464819999999997,0.246125770546352,800.0,-24.610000000000127,-0.2387950000000012,0.24812479999999998,0.009329799999998778
16.493202449,775.3899999999999,0.55,780.0,-4.610000000000127,-0.048795000000001205,0.29464819999999997,0.24585319999999877,780.0,-4.610000000000127,-0.048795000000001205,0.24812479999999998,0.19932979999999878
16.52056341,775.3899999999999,0.55,780.0,-4.610000000000127,-0.048795000000001205,0.29464819999999997,0.24585319999999877,780.0,-4.610000000000127,-0.048795000000001205,0.24812479999999998,0.19932979999999878
16.561341331,775.3899999999999,0.55,760.0,15.389999999999873,0.14423694896470918,0.29464819999999997,0.43888514896470915,780.0,-4.610000000000127,-0.048795000000001205,0.24812479999999998,0.19932979999999878
16.642883172,775.3899999999999,0.55,760.0,15.389999999999873,0.1499767365721109,0.29464819999999997,0.4446249365721109,780.0,-4.610000000000127,-0.048795000000001205,0.24812479999999998,0.19932979999999878
16.682651926,775.3899999999999,0.55,800.0,-24.610000000000127,-0.23523554403818925,0.29464819999999997,0.05941265596181072,760.0,15.389999999999873,0.144464550982157,0.24812479999999998,0.39258935098215697
# 16.700 Shooter Ready
16.703086678,775.3899999999999,0.55,800.0,-24.610000000000127,-0.23807749687111995,0.29464819999999997,0.05657070312888002,780.0,-4.610000000000127,-0.046067809950794625,0.24812479999999998,0.20205699004920535
16.717994638,775.3899999999999,0.55,780.0,-4.610000000000127,-0.04841824121787009,0.29464819999999997,0.2462299587821299,780.0,-4.610000000000127,-0.046408567758743906,0.24812479999999998,0.20171623224125607
16.734516682,775.3899999999999,0.55,780.0,-4.610000000000127,-0.04879352117216934,0.29464819999999997,0.24585467882783063,780.0,-4.610000000000127,-0.046783847713043156,0.24812479999999998,0.2013409522869568
16.77349706,775.3899999999999,0.55,780.0,-4.610000000000127,-0.048795000000001205,0.29464819999999997,0.24585319999999877,760.0,15.389999999999873,0.1462471810066037,0.24812479999999998,0.39437198100660364
16.790687895,775.3899999999999,0.55,780.0,-4.610000000000127,-0.048795000000001205,0.29464819999999997,0.24585319999999877,760.0,15.389999999999873,0.14765602023550997,0.24812479999999998,0.39578082023551
16.804827022,775.3899999999999,0.55,780.0,-4.610000000000127,-0.048795000000001205,0.29464819999999997,0.24585319999999877,760.0,15.389999999999873,0.14873747245750654,0.24812479999999998,0.3968622724575065
16.821754482,775.3899999999999,0.55,800.0,-24.610000000000127,-0.2387950000000012,0.29464819999999997,0.05585319999999877,780.0,-4.610000000000127,-0.0416296391760944,0.24812479999999998,0.20649516082390557
16.840590901,775.3899999999999,0.55,780.0,-4.610000000000127,-0.048795000000001205,0.29464819999999997,0.24585319999999877,760.0,15.389999999999873,0.14980090310774372,0.24812479999999998,0.39792570310774367
16.856564902,775.3899999999999,0.55,780.0,-4.610000000000127,-0.048795000000001205,0.29464819999999997,0.24585319999999877,780.0,-4.610000000000127,-0.04059805498210775,0.24812479999999998,0.20752674501789223
16.871596529,775.3899999999999,0.55,760.0,15.389999999999873,0.14227992101380718,0.29464819999999997,0.4369281210138072,760.0,15.389999999999873,0.15047686610864983,0.24812479999999998,0.3986016661086498
16.912809324,775.3899999999999,0.55,680.0,95.38999999999987,0.9112049999999988,0.29464819999999997,1.0,620.0,155.38999999999987,1.4812049999999986,0.24812479999999998,1.0
16.939636244,775.3899999999999,0.55,660.0,115.38999999999987,1.1012049999999987,0.29464819999999997,1.0,620.0,155.38999999999987,1.4812049999999986,0.24812479999999998,1.0
16.953131078,775.3899999999999,0.55,680.0,95.38999999999987,0.9112049999999988,0.29464819999999997,1.0,640.0,135.38999999999987,1.2912049999999986,0.24812479999999998,1.0
16.967505872,775.3899999999999,0.55,680.0,95.38999999999987,0.9112049999999988,0.29464819999999997,1.0,660.0,115.38999999999987,1.1012049999999987,0.24812479999999998,1.0
16.984678332,775.3899999999999,0.55,720.0,55.38999999999987,0.5312049999999988,0.29464819999999997,0.8258531999999987,660.0,115.38999999999987,1.1012049999999987,0.24812479999999998,1.0
17.001650125,775.3899999999999,0.55,740.0,35.38999999999987,0.34120499999999876,0.29464819999999997,0.6358531999999988,700.0,75.38999999999987,0.7212049999999988,0.24812479999999998,0.9693297999999988
# 17.038 Shooter Ready
17.041723671,775.3899999999999,0.55,780.0,-4.610000000000127,-0.03971856076160375,0.29464819999999997,0.25492963923839623,760.0,15.389999999999873,0.15120499999999878,0.24812479999999998,0.39932979999999874
17.057681047,775.3899999999999,0.55,800.0,-24.610000000000127,-0.2319209612195474,0.29464819999999997,0.06272723878045258,760.0,15.389999999999873,0.15120499999999878,0.24812479999999998,0.39932979999999874
# 17.085 Shooter Ready
17.0880033,775.3899999999999,0.55,800.0,-24.610000000000127,-0.2354151713400135,0.29464819999999997,0.059233028659986475,780.0,-4.610000000000127,-0.039449529782299604,0.24812479999999998,0.20867527021770038
17.109756386,775.3899999999999,0.55,800.0,-24.610000000000127,-0.23806052103544745,0.29464819999999997,0.056587678964552524,800.0,-24.610000000000127,-0.23209477180900306,0.24812479999999998,0.016030028190996914
17.132212096,775.3899999999999,0.55,800.0,-24.610000000000127,-0.2387950000000012,0.29464819999999997,0.05585319999999877,800.0,-24.610000000000127,-0.2348680319794568,0.24812479999999998,0.01325676802054318
17.187036977,775.3899999999999,0.55,800.0,-24.610000000000127,-0.2387950000000012,0.29464819999999997,0.05585319999999877,780.0,-4.610000000000127,-0.04604631063845532,0.24812479999999998,0.20207848936154466
17.22107098,775.3899999999999,0.55,780.0,-4.610000000000127,-0.048795000000001205,0.29464819999999997,0.24585319999999877,760.0,15.389999999999873,0.14683320029929708,0.24812479999999998,0.39495800029929706
17.241581566,775.3899999999999,0.55,780.0,-4.610000000000127,-0.048795000000001205,0.29464819999999997,0.24585319999999877,800.0,-24.610000000000127,-0.23585098200736035,0.24812479999999998,0.01227381799263963
17.258036817,775.3899999999999,0.55,800.0,-24.610000000000127,-0.2387950000000012,0.29464819999999997,0.05585319999999877,800.0,-24.610000000000127,-0.23772933521230766,0.24812479999999998,0.010395464787692321
17.277488944,775.3899999999999,0.55,800.0,-24.610000000000127,-0.2387950000000012,0.29464819999999997,0.05585319999999877,800.0,-24.610000000000127,-0.2387950000000012,0.24812479999999998,0.009329799999998778
17.330525908,775.3899999999999,0.55,780.0,-4.610000000000127,-0.048795000000001205,0.29464819999999997,0.24585319999999877,780.0,-4.610000000000127,-0.048795000000001205,0.24812479999999998,0.19932979999999878
17.347111535,775.3899999999999,0.55,780.0,-4.610000000000127,-0.048795000000001205,0.29464819999999997,0.24585319999999877,800.0,-24.610000000000127,-0.2387950000000012,0.24812479999999998,0.009329799999998778
17.36373537,775.3899999999999,0.55,760.0,15.389999999999873,0.1424090399588445,0.29464819999999997,0.4370572399588445,780.0,-4.610000000000127,-0.048795000000001205,0.24812479999999998,0.19932979999999878
17.378582371,775.3899999999999,0.55,760.0,15.389999999999873,0.14368018678149738,0.29464819999999997,0.4383283867814973,780.0,-4.610000000000127,-0.048795000000001205,0.24812479999999998,0.19932979999999878
17.401590499,775.3899999999999,0.55,780.0,-4.610000000000127,-0.04680183295145555,0.29464819999999997,0.24784636704854443,740.0,35.38999999999987,0.3349053125746026,0.24812479999999998,0.5830301125746026
17.4177465,775.3899999999999,0.55,740.0,35.38999999999987,0.335890527831747,0.29464819999999997,0.6305387278317469,700.0,75.38999999999987,0.7206406384883722,0.24812479999999998,0.9687654384883722
17.469888922,775.3899999999999,0.55,620.0,155.38999999999987,1.4812049999999986,0.29464819999999997,1.0,600.0,175.38999999999987,1.6712049999999987,0.24812479999999998,1.0
17.50248705,775.3899999999999,0.55,640.0,135.38999999999987,1.2912049999999986,0.29464819999999997,1.0,640.0,135.38999999999987,1.2912049999999986,0.24812479999999998,1.0
17.518851594,775.3899999999999,0.55,660.0,115.38999999999987,1.1012049999999987,0.29464819999999997,1.0,660.0,115.38999999999987,1.1012049999999987,0.24812479999999998,1.0
17.536679137,775.3899999999999,0.55,680.0,95.38999999999987,0.9112049999999988,0.29464819999999997,1.0,700.0,75.38999999999987,0.7212049999999988,0.24812479999999998,0.9693297999999988
17.555541222,775.3899999999999,0.55,720.0,55.38999999999987,0.5312049999999988,0.29464819999999997,0.8258531999999987,720.0,55.38999999999987,0.5312049999999988,0.24812479999999998,0.7793297999999989
# 17.603 Shooter Ready
17.606486352,775.3899999999999,0.55,740.0,35.38999999999987,0.34120499999999876,0.29464819999999997,0.6358531999999988,760.0,15.389999999999873,0.15120499999999878,0.24812479999999998,0.39932979999999874
17.634983939,775.3899999999999,0.55,760.0,15.389999999999873,0.15120499999999878,0.29464819999999997,0.44585319999999873,780.0,-4.610000000000127,-0.039455345112902857,0.24812479999999998,0.20866945488709712
17.657400274,775.3899999999999,0.55,780.0,-4.610000000000127,-0.039300664238550394,0.29464819999999997,0.2553475357614496,800.0,-24.610000000000127,-0.23215481625901147,0.24812479999999998,0.015969983740988514
17.679333318,775.3899999999999,0.55,780.0,-4.610000000000127,-0.039807128473453454,0.29464819999999997,0.2548410715265465,780.0,-4.610000000000127,-0.042661246887008314,0.24812479999999998,0.20546355311299166
17.704317196,775.3899999999999,0.55,800.0,-24.610000000000127,-0.23220509131200476,0.29464819999999997,0.062443108687995214,780.0,-4.610000000000127,-0.04311044533311101,0.24812479999999998,0.20501435466688897
17.771876244,775.3899999999999,0.55,800.0,-24.610000000000127,-0.2387950000000012,0.29464819999999997,0.05585319999999877,780.0,-4.610000000000127,-0.04480497682440852,0.24812479999999998,0.20331982317559147
17.803533164,775.3899999999999,0.55,780.0,-4.610000000000127,-0.048795000000001205,0.29464819999999997,0.24585319999999877,780.0,-4.610000000000127,-0.04553513271165678,0.24812479999999998,0.2025896672883432
17.82871625,775.3899999999999,0.55,780.0,-4.610000000000127,-0.048795000000001205,0.29464819999999997,0.24585319999999877,760.0,15.389999999999873,0.14648823891295756,0.24812479999999998,0.3946130389129575
17.857107086,775.3899999999999,0.55,780.0,-4.610000000000127,-0.048795000000001205,0.29464819999999997,0.24585319999999877,780.0,-4.610000000000127,-0.04416454289564145,0.24812479999999998,0.20396025710435853
17.920672051,775.3899999999999,0.55,780.0,-4.610000000000127,-0.048795000000001205,0.29464819999999997,0.24585319999999877,760.0,15.389999999999873,0.15072518768049895,0.24812479999999998,0.39884998768049895
17.964034722,775.3899999999999,0.55,780.0,-4.610000000000127,-0.048795000000001205,0.29464819999999997,0.24585319999999877,800.0,-24.610000000000127,-0.23439805087356796,0.24812479999999998,0.013726749126432014
17.973028848,775.3899999999999,0.55,780.0,-4.610000000000127,-0.048795000000001205,0.29464819999999997,0.24585319999999877,800.0,-24.610000000000127,-0.2357290520841171,0.24812479999999998,0.012395747915882882
17.995660433,775.3899999999999,0.55,780.0,-4.610000000000127,-0.048795000000001205,0.29464819999999997,0.24585319999999877,760.0,15.389999999999873,0.145922561162879,0.24812479999999998,0.394047361162879
18.014495685,775.3899999999999,0.55,760.0,15.389999999999873,0.14255236579764732,0.29464819999999997,0.4372005657976473,760.0,15.389999999999873,0.14726990449113772,0.24812479999999998,0.39539470449113767
18.058062814,775.3899999999999,0.55,780.0,-4.610000000000127,-0.04848555179950384,0.29464819999999997,0.24616264820049613,800.0,-24.610000000000127,-0.2382710530053606,0.24812479999999998,0.009853746994639367
18.076737066,775.3899999999999,0.55,780.0,-4.610000000000127,-0.048795000000001205,0.29464819999999997,0.24585319999999877,780.0,-4.610000000000127,-0.04868876803270994,0.24812479999999998,0.19943603196729004
18.089985734,775.3899999999999,0.55,780.0,-4.610000000000127,-0.048795000000001205,0.29464819999999997,0.24585319999999877,780.0,-4.610000000000127,-0.048795000000001205,0.24812479999999998,0.19932979999999878
18.102241569,775.3899999999999,0.55,780.0,-4.610000000000127,-0.048795000000001205,0.29464819999999997,0.24585319999999877,780.0,-4.610000000000127,-0.048795000000001205,0.24812479999999998,0.19932979999999878
18.11583557,775.3899999999999,0.55,780.0,-4.610000000000127,-0.048795000000001205,0.29464819999999997,0.24585319999999877,780.0,-4.610000000000127,-0.048795000000001205,0.24812479999999998,0.19932979999999878
18.134629406,775.3899999999999,0.55,780.0,-4.610000000000127,-0.048795000000001205,0.29464819999999997,0.24585319999999877,780.0,-4.610000000000127,-0.048795000000001205,0.24812479999999998,0.19932979999999878
18.148623282,775.3899999999999,0.55,780.0,-4.610000000000127,-0.048795000000001205,0.29464819999999997,0.24585319999999877,780.0,-4.610000000000127,-0.048795000000001205,0.24812479999999998,0.19932979999999878
18.203586121,775.3899999999999,0.55,780.0,-4.610000000000127,-0.048795000000001205,0.29464819999999997,0.24585319999999877,780.0,-4.610000000000127,-0.048795000000001205,0.24812479999999998,0.19932979999999878
18.223358206,775.3899999999999,0.55,760.0,15.389999999999873,0.14288201959765487,0.29464819999999997,0.4375302195976548,780.0,-4.610000000000127,-0.048795000000001205,0.24812479999999998,0.19932979999999878
18.242264916,775.3899999999999,0.55,780.0,-4.610000000000127,-0.04755266407904476,0.29464819999999997,0.2470955359209552,780.0,-4.610000000000127,-0.048795000000001205,0.24812479999999998,0.19932979999999878
18.259003668,775.3899999999999,0.55,780.0,-4.610000000000127,-0.04793824355704536,0.29464819999999997,0.24670995644295463,780.0,-4.610000000000127,-0.048795000000001205,0.24812479999999998,0.19932979999999878
18.273069586,775.3899999999999,0.55,780.0,-4.610000000000127,-0.04826212682879483,0.29464819999999997,0.24638607317120514,780.0,-4.610000000000127,-0.048795000000001205,0.24812479999999998,0.19932979999999878
18.290942921,775.3899999999999,0.55,780.0,-4.610000000000127,-0.048673024795592594,0.29464819999999997,0.24597517520440737,780.0,-4.610000000000127,-0.048795000000001205,0.24812479999999998,0.19932979999999878
18.339829468,775.3899999999999,0.55,780.0,-4.610000000000127,-0.048795000000001205,0.29464819999999997,0.24585319999999877,780.0,-4.610000000000127,-0.048795000000001205,0.24812479999999998,0.19932979999999878
18.357956553,775.3899999999999,0.55,760.0,15.389999999999873,0.142588298215752,0.29464819999999997,0.43723649821575195,780.0,-4.610000000000127,-0.048795000000001205,0.24812479999999998,0.19932979999999878
18.378513805,775.3899999999999,0.55,780.0,-4.610000000000127,-0.047779774787244295,0.29464819999999997,0.24686842521275568,760.0,15.389999999999873,0.14243379546641127,0.24812479999999998,0.39055859546641125
18.398461474,775.3899999999999,0.55,780.0,-4.610000000000127,-0.04829062912514471,0.29464819999999997,0.24635757087485527,780.0,-4.610000000000127,-0.04807705884843413,0.24812479999999998,0.20004774115156584
18.416588559,775.3899999999999,0.55,760.0,15.389999999999873,0.14307318788995985,0.29464819999999997,0.43772138788995985,760.0,15.389999999999873,0.1432866011117192,0.24812479999999998,0.3914114011117192
18.488928899,775.3899999999999,0.55,780.0,-4.610000000000127,-0.04861682580133857,0.29464819999999997,0.2460313741986614,780.0,-4.610000000000127,-0.04840347979338118,0.24812479999999998,0.1997213202066188
18.512121068,775.3899999999999,0.55,780.0,-4.610000000000127,-0.048795000000001205,0.29464819999999997,0.24585319999999877,780.0,-4.610000000000127,-0.048795000000001205,0.24812479999999998,0.19932979999999878
18.53030707,775.3899999999999,0.55,800.0,-24.610000000000127,-0.2387950000000012,0.29464819999999997,0.05585319999999877,780.0,-4.610000000000127,-0.048795000000001205,0.24812479999999998,0.19932979999999878
18.548583197,775.3899999999999,0.55,780.0,-4.610000000000127,-0.048795000000001205,0.29464819999999997,0.24585319999999877,780.0,-4.610000000000127,-0.048795000000001205,0.24812479999999998,0.19932979999999878
18.566217657,775.3899999999999,0.55,780.0,-4.610000000000127,-0.048795000000001205,0.29464819999999997,0.24585319999999877,800.0,-24.610000000000127,-0.2387950000000012,0.24812479999999998,0.009329799999998778
18.586773743,775.3899999999999,0.55,780.0,-4.610000000000127,-0.048795000000001205,0.29464819999999997,0.24585319999999877,780.0,-4.610000000000127,-0.048795000000001205,0.24812479999999998,0.19932979999999878
18.645396124,775.3899999999999,0.55,780.0,-4.610000000000127,-0.048795000000001205,0.29464819999999997,0.24585319999999877,780.0,-4.610000000000127,-0.048795000000001205,0.24812479999999998,0.19932979999999878
18.670608668,775.3899999999999,0.55,780.0,-4.610000000000127,-0.048795000000001205,0.29464819999999997,0.24585319999999877,760.0,15.389999999999873,0.14298025589140068,0.24812479999999998,0.39110505589140065
18.691014545,775.3899999999999,0.55,800.0,-24.610000000000127,-0.2387950000000012,0.29464819999999997,0.05585319999999877,780.0,-4.610000000000127,-0.04746096246029946,0.24812479999999998,0.20066383753970052
18.709872547,775.3899999999999,0.55,780.0,-4.610000000000127,-0.048795000000001205,0.29464819999999997,0.24585319999999877,780.0,-4.610000000000127,-0.04781868216395235,0.24812479999999998,0.20030611783604763
18.72974234,775.3899999999999,0.55,780.0,-4.610000000000127,-0.048795000000001205,0.29464819999999997,0.24585319999999877,800.0,-24.610000000000127,-0.2387950000000012,0.24812479999999998,0.009329799999998778
18.782898012,775.3899999999999,0.55,760.0,15.389999999999873,0.14522584311040818,0.29464819999999997,0.4398740431104081,760.0,15.389999999999873,0.1452259329110533,0.24812479999999998,0.39335073291105327
18.802380473,775.3899999999999,0.55,780.0,-4.610000000000127,-0.04522950680444111,0.29464819999999997,0.24941869319555887,780.0,-4.610000000000127,-0.04522942373439817,0.24812479999999998,0.2028953762656018
18.818450433,775.3899999999999,0.55,780.0,-4.610000000000127,-0.04559573772059282,0.29464819999999997,0.24905246227940714,780.0,-4.610000000000127,-0.04559564121239525,0.24812479999999998,0.20252915878760472
18.835099351,775.3899999999999,0.55,780.0,-4.610000000000127,-0.04597249001669237,0.29464819999999997,0.2486757099833076,780.0,-4.610000000000127,-0.045972393485445046,0.24812479999999998,0.20215240651455493
18.851840728,775.3899999999999,0.55,780.0,-4.610000000000127,-0.04636543779599287,0.29464819999999997,0.2482827622040071,760.0,15.389999999999873,0.1453393765503578,0.24812479999999998,0.3934641765503578
18.868351104,775.3899999999999,0.55,780.0,-4.610000000000127,-0.04674091946084202,0.29464819999999997,0.24790728053915795,780.0,-4.610000000000127,-0.045036111822043784,0.24812479999999998,0.2030886881779562
18.922497568,775.3899999999999,0.55,760.0,15.389999999999873,0.14727112564824635,0.29464819999999997,0.4419193256482463,780.0,-4.610000000000127,-0.04623789380539316,0.24812479999999998,0.2018869061946068
18.941810278,775.3899999999999,0.55,780.0,-4.610000000000127,-0.043215223658404654,0.29464819999999997,0.25143297634159534,760.0,15.389999999999873,0.14538579944224883,0.24812479999999998,0.3935105994422488
18.960014072,775.3899999999999,0.55,780.0,-4.610000000000127,-0.04364097928640602,0.29464819999999997,0.25100722071359394,780.0,-4.610000000000127,-0.045039949455155576,0.24812479999999998,0.2030848505448444
18.978850782,775.3899999999999,0.55,780.0,-4.610000000000127,-0.04405626060255444,0.29464819999999997,0.2505919393974455,760.0,15.389999999999873,0.14634644607504557,0.24812479999999998,0.3944712460750456
18.995694534,775.3899999999999,0.55,780.0,-4.610000000000127,-0.044433308699304626,0.29464819999999997,0.25021489130069535,780.0,-4.610000000000127,-0.044030608729251804,0.24812479999999998,0.20409419127074818
19.013186077,775.3899999999999,0.55,780.0,-4.610000000000127,-0.04485777352730401,0.29464819999999997,0.24979042647269595,780.0,-4.610000000000127,-0.04445507355725119,0.24812479999999998,0.20366972644274878
19.05755529,775.3899999999999,0.55,780.0,-4.610000000000127,-0.04587128022940606,0.29464819999999997,0.2487769197705939,780.0,-4.610000000000127,-0.04546858696690043,0.24812479999999998,0.20265621303309955
19.075321875,775.3899999999999,0.55,760.0,15.389999999999873,0.1455599128975427,0.29464819999999997,0.4402081128975427,780.0,-4.610000000000127,-0.04589729396299984,0.24812479999999998,0.20222750603700013
19.089858835,775.3899999999999,0.55,780.0,-4.610000000000127,-0.04477868685415973,0.29464819999999997,0.24986951314584024,780.0,-4.610000000000127,-0.04623588698410008,0.24812479999999998,0.2018889130158999
19.104575753,775.3899999999999,0.55,760.0,15.389999999999873,0.14632451328463414,0.29464819999999997,0.4409727132846341,780.0,-4.610000000000127,-0.04656633853775106,0.24812479999999998,0.20155846146224893
19.122483796,775.3899999999999,0.55,780.0,-4.610000000000127,-0.044084858610815514,0.29464819999999997,0.25056334138918446,760.0,15.389999999999873,0.1448002839204587,0.24812479999999998,0.39292508392045866
19.137893131,775.3899999999999,0.55,780.0,-4.610000000000127,-0.04445043739636666,0.29464819999999997,0.2501977626036333,780.0,-4.610000000000127,-0.045565288157539977,0.24812479999999998,0.20255951184246002
19.152767549,775.3899999999999,0.55,780.0,-4.610000000000127,-0.04479340703621535,0.29464819999999997,0.24985479296378463,780.0,-4.610000000000127,-0.04590826450494111,0.24812479999999998,0.20221653549505886
19.207176222,775.3899999999999,0.55,780.0,-4.610000000000127,-0.04604632353141459,0.29464819999999997,0.2486018764685854,780.0,-4.610000000000127,-0.04716118100014035,0.24812479999999998,0.20096361899985962
19.230518599,775.3899999999999,0.55,760.0,15.389999999999873,0.14542333820868955,0.29464819999999997,0.4400715382086895,780.0,-4.610000000000127,-0.047601390914339785,0.24812479999999998,0.2005234090856602
19.246503101,775.3899999999999,0.55,780.0,-4.610000000000127,-0.04503859344926038,0.29464819999999997,0.2496096065507396,780.0,-4.610000000000127,-0.048063315841687534,0.24812479999999998,0.20006148415831243
19.263387394,775.3899999999999,0.55,760.0,15.389999999999873,0.14621845867273026,0.29464819999999997,0.4408666586727302,780.0,-4.610000000000127,-0.04843981938219206,0.24812479999999998,0.19968498061780793
19.281247604,775.3899999999999,0.55,780.0,-4.610000000000127,-0.04419764285462313,0.29464819999999997,0.25045055714537684,760.0,15.389999999999873,0.14294933665229967,0.24812479999999998,0.3910741366522996
19.302200065,775.3899999999999,0.55,780.0,-4.610000000000127,-0.044676570038222174,0.29464819999999997,0.2499716299617778,780.0,-4.610000000000127,-0.04752958380070242,0.24812479999999998,0.20059521619929754
19.37205628,775.3899999999999,0.55,780.0,-4.610000000000127,-0.04630263533082237,0.29464819999999997,0.2483455646691776,780.0,-4.610000000000127,-0.048795000000001205,0.24812479999999998,0.19932979999999878
19.391641115,775.3899999999999,0.55,780.0,-4.610000000000127,-0.046751430401919536,0.29464819999999997,0.24789676959808044,760.0,15.389999999999873,0.14270325505195758,0.24812479999999998,0.39082805505195756
19.409342367,775.3899999999999,0.55,760.0,15.389999999999873,0.14458996530693805,0.29464819999999997,0.43923816530693804,780.0,-4.610000000000127,-0.04769854012408983,0.24812479999999998,0.20042625987591015
19.431176536,775.3899999999999,0.55,780.0,-4.610000000000127,-0.045864725769763456,0.29464819999999997,0.2487834742302365,780.0,-4.610000000000127,-0.04815323790833855,0.24812479999999998,0.19997156209166142
19.45160633,775.3899999999999,0.55,760.0,15.389999999999873,0.14585040331538168,0.29464819999999997,0.44049860331538165,760.0,15.389999999999873,0.1435617565143135,0.24812479999999998,0.3916865565143135
19.470169748,775.3899999999999,0.55,780.0,-4.610000000000127,-0.04457876756196752,0.29464819999999997,0.2500694324380325,780.0,-4.610000000000127,-0.04686742109363791,0.24812479999999998,0.20125737890636208
19.527792296,775.3899999999999,0.55,780.0,-4.610000000000127,-0.04592462838777016,0.29464819999999997,0.2487235716122298,760.0,15.389999999999873,0.14762579567430165,0.24812479999999998,0.3957505956743016
19.548101923,775.3899999999999,0.55,780.0,-4.610000000000127,-0.04638896683451747,0.29464819999999997,0.24825923316548248,780.0,-4.610000000000127,-0.04283854950305309,0.24812479999999998,0.20528625049694688
19.564295841,775.3899999999999,0.55,780.0,-4.610000000000127,-0.04672903217436826,0.29464819999999997,0.24791916782563173,760.0,15.389999999999873,0.14829670031074296,0.24812479999999998,0.39642150031074297
19.579472134,775.3899999999999,0.55,780.0,-4.610000000000127,-0.047098200997418856,0.29464819999999997,0.24754999900258112,780.0,-4.610000000000127,-0.042072461804755185,0.24812479999999998,0.2060523381952448
19.597299969,775.3899999999999,0.55,780.0,-4.610000000000127,-0.047515808450418515,0.29464819999999997,0.24713239154958144,760.0,15.389999999999873,0.14932160941100583,0.24812479999999998,0.39744640941100584
19.614909638,775.3899999999999,0.55,780.0,-4.610000000000127,-0.04791984235771912,0.29464819999999997,0.24672835764228085,780.0,-4.610000000000127,-0.041082424496289516,0.24812479999999998,0.20704237550371046
19.669196101,775.3899999999999,0.55,760.0,15.389999999999873,0.14629888729642068,0.29464819999999997,0.4409470872964206,780.0,-4.610000000000127,-0.042346151418440545,0.24812479999999998,0.20577864858155942
19.694094229,775.3899999999999,0.55,780.0,-4.610000000000127,-0.04427303128588187,0.29464819999999997,0.2503751687141181,780.0,-4.610000000000127,-0.042918070000743117,0.24812479999999998,0.20520672999925688
19.709557814,775.3899999999999,0.55,780.0,-4.610000000000127,-0.04461742615333122,0.29464819999999997,0.2500307738466688,760.0,15.389999999999873,0.14823163363934652,0.24812479999999998,0.3963564336393465
19.725698357,775.3899999999999,0.55,780.0,-4.610000000000127,-0.044991348093831776,0.29464819999999997,0.2496568519061682,800.0,-24.610000000000127,-0.23376440163242587,0.24812479999999998,0.014360398367574106
19.746700692,775.3899999999999,0.55,780.0,-4.610000000000127,-0.04539916026493283,0.29464819999999997,0.24924903973506715,780.0,-4.610000000000127,-0.044172213803521695,0.24812479999999998,0.20395258619647827
19.76787307,775.3899999999999,0.55,780.0,-4.610000000000127,-0.04595997259658322,0.29464819999999997,0.24868822740341676,780.0,-4.610000000000127,-0.04473303284272453,0.24812479999999998,0.20339176715727544
19.833658785,775.3899999999999,0.55,780.0,-4.610000000000127,-0.04748235032238045,0.29464819999999997,0.2471658496776195,780.0,-4.610000000000127,-0.046255403860974556,0.24812479999999998,0.20186939613902544
19.861301787,775.3899999999999,0.55,780.0,-4.610000000000127,-0.04812552509843164,0.29464819999999997,0.24652267490156832,780.0,-4.610000000000127,-0.04689860553637429,0.24812479999999998,0.2012261944636257
19.884419873,775.3899999999999,0.55,780.0,-4.610000000000127,-0.04865458508698203,0.29464819999999997,0.24599361491301794,760.0,15.389999999999873,0.1448674484431765,0.24812479999999998,0.3929922484431765
19.924099085,775.3899999999999,0.55,760.0,15.389999999999873,0.14436106971522358,0.29464819999999997,0.4390092697152236,780.0,-4.610000000000127,-0.04603589652337153,0.24812479999999998,0.20208890347662845
19.940212504,775.3899999999999,0.55,760.0,15.389999999999873,0.14545648189842264,0.29464819999999997,0.4401046818984226,780.0,-4.610000000000127,-0.04636402867077346,0.24812479999999998,0.2017607713292265
19.950433088,775.3899999999999,0.55,780.0,-4.610000000000127,-0.044827339505228145,0.29464819999999997,0.2498208604947718,760.0,15.389999999999873,0.14458336695552668,0.24812479999999998,0.3927081669555267
19.965014089,775.3899999999999,0.55,760.0,15.389999999999873,0.14623422752860546,0.29464819999999997,0.4408824275286054,780.0,-4.610000000000127,-0.045734613603071225,0.24812479999999998,0.20239018639692874
19.989185384,775.3899999999999,0.55,760.0,15.389999999999873,0.14817206599632063,0.29464819999999997,0.44282026599632063,780.0,-4.610000000000127,-0.04631512407287373,0.24812479999999998,0.20180967592712626
20.00024276,775.3899999999999,0.55,760.0,15.389999999999873,0.14901397602327002,0.29464819999999997,0.44366217602326996,780.0,-4.610000000000127,-0.04656731414592355,0.24812479999999998,0.20155748585407643
20.011044052,775.3899999999999,0.55,780.0,-4.610000000000127,-0.041234576944180215,0.29464819999999997,0.25341362305581977,780.0,-4.610000000000127,-0.04681586711337379,0.24812479999999998,0.20130893288662619
20.029853054,775.3899999999999,0.55,760.0,15.389999999999873,0.15020180076595574,0.29464819999999997,0.4448500007659557,760.0,15.389999999999873,0.14462051059677966,0.24812479999999998,0.39274531059677964
20.039611347,775.3899999999999,0.55,780.0,-4.610000000000127,-0.0400246002064449,0.29464819999999997,0.2546235997935551,760.0,15.389999999999873,0.14537630395497447,0.24812479999999998,0.39350110395497445
20.04971789,775.3899999999999,0.55,780.0,-4.610000000000127,-0.04025457775514586,0.29464819999999997,0.2543936222448541,780.0,-4.610000000000127,-0.04485366688617404,0.24812479999999998,0.20327113311382594
20.059353391,775.3899999999999,0.55,780.0,-4.610000000000127,-0.04048241743939607,0.29464819999999997,0.2541657825606039,780.0,-4.610000000000127,-0.045081519985523885,0.24812479999999998,0.20304328001447608
20.070573808,775.3899999999999,0.55,780.0,-4.610000000000127,-0.04070692925684674,0.29464819999999997,0.2539412707431532,780.0,-4.610000000000127,-0.045306025095422114,0.24812479999999998,0.20281877490457786
20.081011976,775.3899999999999,0.55,780.0,-4.610000000000127,-0.040972242455544955,0.29464819999999997,0.25367595754445504,780.0,-4.610000000000127,-0.04557134502472252,0.24812479999999998,0.20255345497527746
20.090678977,775.3899999999999,0.55,780.0,-4.610000000000127,-0.041204626816098266,0.29464819999999997,0.2534435731839017,780.0,-4.610000000000127,-0.04580373611587279,0.24812479999999998,0.20232106388412718
20.100796311,775.3899999999999,0.55,780.0,-4.610000000000127,-0.04143429512599394,0.29464819999999997,0.253213904874006,760.0,15.389999999999873,0.14496294243543306,0.24812479999999998,0.39308774243543304
20.110570062,775.3899999999999,0.55,780.0,-4.610000000000127,-0.04165977504344741,0.29464819999999997,0.25298842495655255,760.0,15.389999999999873,0.14571570588738444,0.24812479999999998,0.3938405058873844
20.120165022,775.3899999999999,0.55,780.0,-4.610000000000127,-0.041887708840848116,0.29464819999999997,0.25276049115915183,780.0,-4.610000000000127,-0.04451222791001626,0.24812479999999998,0.20361257208998373
20.129739564,775.3899999999999,0.55,780.0,-4.610000000000127,-0.04210803228889585,0.29464819999999997,0.2525401677111041,780.0,-4.610000000000127,-0.04473255135806399,0.24812479999999998,0.203392248641936
20.139445357,775.3899999999999,0.55,780.0,-4.610000000000127,-0.04232719938759527,0.29464819999999997,0.2523210006124047,780.0,-4.610000000000127,-0.044951718456763406,0.24812479999999998,0.20317308154323657
20.149734483,775.3899999999999,0.55,780.0,-4.610000000000127,-0.042567187366894126,0.29464819999999997,0.25208101263310584,780.0,-4.610000000000127,-0.04519169970546531,0.24812479999999998,0.20293310029453465
20.159965567,775.3899999999999,0.55,780.0,-4.610000000000127,-0.04278769906429785,0.29464819999999997,0.2518605009357021,780.0,-4.610000000000127,-0.04541221813346599,0.24812479999999998,0.202712581866534
20.169653277,775.3899999999999,0.55,760.0,15.389999999999873,0.14800440830704029,0.29464819999999997,0.44265260830704023,780.0,-4.610000000000127,-0.04564948333151549,0.24812479999999998,0.20247531666848448
20.179967486,775.3899999999999,0.55,780.0,-4.610000000000127,-0.04223252072981087,0.29464819999999997,0.2524156792701891,780.0,-4.610000000000127,-0.04588641909896362,0.24812479999999998,0.20223838090103635
20.189763404,775.3899999999999,0.55,780.0,-4.610000000000127,-0.042456037570959955,0.29464819999999997,0.25219216242904,760.0,15.389999999999873,0.14485974589049347,0.24812479999999998,0.3929845458904935
20.199504488,775.3899999999999,0.55,780.0,-4.610000000000127,-0.04268225702461204,0.29464819999999997,0.25196594297538794,780.0,-4.610000000000127,-0.045366473563153376,0.24812479999999998,0.2027583264368466
20.209429906,775.3899999999999,0.55,760.0,15.389999999999873,0.14806529945169397,0.29464819999999997,0.4427134994516939,780.0,-4.610000000000127,-0.04559040721745739,0.24812479999999998,0.2025343927825426
20.218943198,775.3899999999999,0.55,780.0,-4.610000000000127,-0.04216370328945172,0.29464819999999997,0.25248449671054823,780.0,-4.610000000000127,-0.04581941666615554,0.24812479999999998,0.20230538333384443
20.229023783,775.3899999999999,0.55,780.0,-4.610000000000127,-0.04239405060625199,0.29464819999999997,0.25225414939374796,780.0,-4.610000000000127,-0.04604973708360727,0.24812479999999998,0.2020750629163927
20.238594534,775.3899999999999,0.55,780.0,-4.610000000000127,-0.042614616079303044,0.29464819999999997,0.2520335839206969,780.0,-4.610000000000127,-0.04627032272540467,0.24812479999999998,0.20185447727459532
20.251850493,775.3899999999999,0.55,760.0,15.389999999999873,0.14812683572265062,0.29464819999999997,0.4427750357226506,760.0,15.389999999999873,0.144471129076549,0.24812479999999998,0.39259592907654894
20.262383453,775.3899999999999,0.55,780.0,-4.610000000000127,-0.04218461686849917,0.29464819999999997,0.2524635831315008,760.0,15.389999999999873,0.14551074612290524,0.24812479999999998,0.3936355461229052
20.272820454,775.3899999999999,0.55,780.0,-4.610000000000127,-0.0424319193734506,0.29464819999999997,0.2522162806265494,780.0,-4.610000000000127,-0.04473655640509069,0.24812479999999998,0.20338824359490928
20.283337371,775.3899999999999,0.55,760.0,15.389999999999873,0.14837399090413878,0.29464819999999997,0.44302219090413875,780.0,-4.610000000000127,-0.044977962904443,0.24812479999999998,0.20314683709555698
20.294001581,775.3899999999999,0.55,780.0,-4.610000000000127,-0.04186896188141274,0.29464819999999997,0.2527792381185872,780.0,-4.610000000000127,-0.04522090898244209,0.24812479999999998,0.2029038910175579
20.30518204,775.3899999999999,0.55,780.0,-4.610000000000127,-0.04212886314756299,0.29464819999999997,0.252519336852437,800.0,-24.610000000000127,-0.2366083645485934,0.24812479999999998,0.01151643545140657
20.317034208,775.3899999999999,0.55,780.0,-4.610000000000127,-0.04239783362061238,0.29464819999999997,0.2522503663793876,760.0,15.389999999999873,0.1442895650783545,0.24812479999999998,0.3924143650783545
20.327520501,775.3899999999999,0.55,780.0,-4.610000000000127,-0.04264839002491468,0.29464819999999997,0.2519998099750853,760.0,15.389999999999873,0.14512599880465485,0.24812479999999998,0.39325079880465486
20.337743127,775.3899999999999,0.55,780.0,-4.610000000000127,-0.04288244839171344,0.29464819999999997,0.2517657516082865,780.0,-4.610000000000127,-0.04510806629274611,0.24812479999999998,0.20301673370725387
20.348165836,775.3899999999999,0.55,780.0,-4.610000000000127,-0.043121589283513784,0.29464819999999997,0.2515266107164862,780.0,-4.610000000000127,-0.04534720718454644,0.24812479999999998,0.20277759281545354
20.358628504,775.3899999999999,0.55,780.0,-4.610000000000127,-0.04335917045096552,0.29464819999999997,0.2512890295490344,760.0,15.389999999999873,0.14544591015555117,0.24812479999999998,0.3935707101555511
20.368986172,775.3899999999999,0.55,780.0,-4.610000000000127,-0.043602593848363805,0.29464819999999997,0.2510456061516362,780.0,-4.610000000000127,-0.04479752668000173,0.24812479999999998,0.20332727331999825
20.379350839,775.3899999999999,0.55,760.0,15.389999999999873,0.1471961119854861,0.29464819999999997,0.44184431198548607,780.0,-4.610000000000127,-0.04503676168494733,0.24812479999999998,0.20308803831505265
20.389708507,775.3899999999999,0.55,780.0,-4.610000000000127,-0.04303816823756437,0.29464819999999997,0.25161003176243557,780.0,-4.610000000000127,-0.045271048638600014,0.24812479999999998,0.20285375136139996
20.400157758,775.3899999999999,0.55,780.0,-4.610000000000127,-0.043283285786915184,0.29464819999999997,0.25136491421308477,760.0,15.389999999999873,0.14554727298144246,0.24812479999999998,0.39367207298144247
20.410553343,775.3899999999999,0.55,780.0,-4.610000000000127,-0.04352147203991187,0.29464819999999997,0.2511267279600881,780.0,-4.610000000000127,-0.0446909132485097,0.24812479999999998,0.20343388675149027
20.430664928,775.3899999999999,0.55,760.0,15.389999999999873,0.14795034430018683,0.29464819999999997,0.4425985443001868,800.0,-24.610000000000127,-0.2370445165620681,0.24812479999999998,0.011080283437931882
# 20.439 Shooter Ready
20.447295471,775.3899999999999,0.55,780.0,-4.610000000000127,-0.042356321589667026,0.29464819999999997,0.25229187841033296,780.0,-4.610000000000127,-0.04735112865321441,0.24812479999999998,0.20077367134678556
20.457545806,775.3899999999999,0.55,780.0,-4.610000000000127,-0.04269229265021562,0.29464819999999997,0.25195590734978435,780.0,-4.610000000000127,-0.047687140051266175,0.24812479999999998,0.2004376599487338
20.468927223,775.3899999999999,0.55,780.0,-4.610000000000127,-0.04293456642886255,0.29464819999999997,0.2517136335711374,760.0,15.389999999999873,0.14312164300068372,0.24812479999999998,0.3912464430006837
20.481272308,775.3899999999999,0.55,780.0,-4.610000000000127,-0.04321145649006495,0.29464819999999997,0.251436743509935,760.0,15.389999999999873,0.14404598894703355,0.24812479999999998,0.3921707889470335
20.492354767,775.3899999999999,0.55,780.0,-4.610000000000127,-0.04349067941871555,0.29464819999999997,0.25115752058128443,780.0,-4.610000000000127,-0.04623325415036863,0.24812479999999998,0.20189154584963134
20.503924019,775.3899999999999,0.55,780.0,-4.610000000000127,-0.0437696267154671,0.29464819999999997,0.2508785732845329,800.0,-24.610000000000127,-0.2377226002846158,0.24812479999999998,0.01040219971538417
20.513695436,775.3899999999999,0.55,780.0,-4.610000000000127,-0.043994333512865476,0.29464819999999997,0.2506538664871345,780.0,-4.610000000000127,-0.04794730705896444,0.24812479999999998,0.20017749294103554
20.523769021,775.3899999999999,0.55,780.0,-4.610000000000127,-0.04422704057341273,0.29464819999999997,0.25042115942658727,780.0,-4.610000000000127,-0.0481800141195117,0.24812479999999998,0.19994478588048828
20.533532272,775.3899999999999,0.55,780.0,-4.610000000000127,-0.0444511624540125,0.29464819999999997,0.2501970375459875,800.0,-24.610000000000127,-0.2387950000000012,0.24812479999999998,0.009329799999998778
20.543139481,775.3899999999999,0.55,760.0,15.389999999999873,0.14629022201670336,0.29464819999999997,0.4409384220167033,760.0,15.389999999999873,0.14194629467005204,0.24812479999999998,0.390071094670052
20.552757773,775.3899999999999,0.55,760.0,15.389999999999873,0.14702119261304278,0.29464819999999997,0.4416693926130427,760.0,15.389999999999873,0.1426773101282569,0.24812479999999998,0.3908021101282569
20.56298215,775.3899999999999,0.55,780.0,-4.610000000000127,-0.043202754479410604,0.29464819999999997,0.25144544552058934,780.0,-4.610000000000127,-0.04754663696419123,0.24812479999999998,0.20057816303580875
20.574522234,775.3899999999999,0.55,780.0,-4.610000000000127,-0.04344070541495641,0.29464819999999997,0.25120749458504354,780.0,-4.610000000000127,-0.047784587899742284,0.24812479999999998,0.2003402121002577
20.584043985,775.3899999999999,0.55,760.0,15.389999999999873,0.14743882038830677,0.29464819999999997,0.4420870203883067,780.0,-4.610000000000127,-0.048048052304043444,0.24812479999999998,0.20007674769595654
20.593541236,775.3899999999999,0.55,780.0,-4.610000000000127,-0.042779748378489135,0.29464819999999997,0.25186845162151084,800.0,-24.610000000000127,-0.2387950000000012,0.24812479999999998,0.009329799999998778
20.603637279,775.3899999999999,0.55,780.0,-4.610000000000127,-0.04301056628409165,0.29464819999999997,0.2516376337159083,780.0,-4.610000000000127,-0.048795000000001205,0.24812479999999998,0.19932979999999878
20.611016446,775.3899999999999,0.55,780.0,-4.610000000000127,-0.04323159563839252,0.29464819999999997,0.25141660436160745,780.0,-4.610000000000127,-0.048795000000001205,0.24812479999999998,0.19932979999999878
20.618448113,775.3899999999999,0.55,780.0,-4.610000000000127,-0.04339999799334138,0.29464819999999997,0.2512482020066586,780.0,-4.610000000000127,-0.048795000000001205,0.24812479999999998,0.19932979999999878
20.626008114,775.3899999999999,0.55,780.0,-4.610000000000127,-0.043575977090742235,0.29464819999999997,0.25107222290925774,780.0,-4.610000000000127,-0.048795000000001205,0.24812479999999998,0.19932979999999878
20.636666782,775.3899999999999,0.55,780.0,-4.610000000000127,-0.04374655094009257,0.29464819999999997,0.2509016490599074,760.0,15.389999999999873,0.14177444292759905,0.24812479999999998,0.38989924292759903
20.647113408,775.3899999999999,0.55,780.0,-4.610000000000127,-0.04400235121939343,0.29464819999999997,0.25064584878060653,780.0,-4.610000000000127,-0.04848131701419861,0.24812479999999998,0.19964348298580137
20.657770326,775.3899999999999,0.55,780.0,-4.610000000000127,-0.044243757741790256,0.29464819999999997,0.25040444225820974,780.0,-4.610000000000127,-0.04872271680599849,0.24812479999999998,0.1994020831940015
20.668539535,775.3899999999999,0.55,780.0,-4.610000000000127,-0.04449098630234278,0.29464819999999997,0.2501572136976572,780.0,-4.610000000000127,-0.048795000000001205,0.24812479999999998,0.19932979999999878
20.676689578,775.3899999999999,0.55,760.0,15.389999999999873,0.1463391856177048,0.29464819999999997,0.4409873856177048,780.0,-4.610000000000127,-0.048795000000001205,0.24812479999999998,0.19932979999999878
20.687611329,775.3899999999999,0.55,780.0,-4.610000000000127,-0.04385116036029607,0.29464819999999997,0.2507970396397039,800.0,-24.610000000000127,-0.2387950000000012,0.24812479999999998,0.009329799999998778
20.698610663,775.3899999999999,0.55,780.0,-4.610000000000127,-0.044097891409642806,0.29464819999999997,0.25055030859035715,780.0,-4.610000000000127,-0.048795000000001205,0.24812479999999998,0.19932979999999878
20.707013581,775.3899999999999,0.55,780.0,-4.610000000000127,-0.044353133694543356,0.29464819999999997,0.2502950663054566,780.0,-4.610000000000127,-0.048795000000001205,0.24812479999999998,0.19932979999999878
20.717440373,775.3899999999999,0.55,760.0,15.389999999999873,0.1462846504518126,0.29464819999999997,0.4409328504518126,760.0,15.389999999999873,0.1418428065387954,0.24812479999999998,0.38996760653879536
20.728064041,775.3899999999999,0.55,780.0,-4.610000000000127,-0.043960783089984926,0.29464819999999997,0.25068741691001506,760.0,15.389999999999873,0.14266213820454657,0.24812479999999998,0.3907869382045466
20.738943501,775.3899999999999,0.55,780.0,-4.610000000000127,-0.04420401150743551,0.29464819999999997,0.25044418849256445,760.0,15.389999999999873,0.1434741306870985,0.24812479999999998,0.3915989306870985
20.749652627,775.3899999999999,0.55,780.0,-4.610000000000127,-0.044457176411085084,0.29464819999999997,0.2501910235889149,780.0,-4.610000000000127,-0.04677904094715327,0.24812479999999998,0.2013457590528467
20.763657003,775.3899999999999,0.55,760.0,15.389999999999873,0.14635874375336647,0.29464819999999997,0.44100694375336646,780.0,-4.610000000000127,-0.047023452590250946,0.24812479999999998,0.20110134740974903
20.773747796,775.3899999999999,0.55,780.0,-4.610000000000127,-0.043962994900285525,0.29464819999999997,0.2506852050997144,780.0,-4.610000000000127,-0.04734517780575357,0.24812479999999998,0.20077962219424642
20.784182172,775.3899999999999,0.55,780.0,-4.610000000000127,-0.04420267361773459,0.29464819999999997,0.25044552638226536,780.0,-4.610000000000127,-0.04758486325380483,0.24812479999999998,0.20053993674619514
20.794179339,775.3899999999999,0.55,780.0,-4.610000000000127,-0.04443423105953573,0.29464819999999997,0.2502139689404642,780.0,-4.610000000000127,-0.04781641396500377,0.24812479999999998,0.2003083860349962
20.804880882,775.3899999999999,0.55,780.0,-4.610000000000127,-0.04467390980003455,0.29464819999999997,0.24997429019996542,780.0,-4.610000000000127,-0.04805609941305503,0.24812479999999998,0.20006870058694495
20.815212008,775.3899999999999,0.55,780.0,-4.610000000000127,-0.044911168267481864,0.29464819999999997,0.2497370317325181,780.0,-4.610000000000127,-0.048293357903552096,0.24812479999999998,0.19983144209644788
20.826306718,775.3899999999999,0.55,780.0,-4.610000000000127,-0.04516598700863578,0.29464819999999997,0.2494822129913642,780.0,-4.610000000000127,-0.048548169914103816,0.24812479999999998,0.19957663008589616
20.83719026,775.3899999999999,0.55,780.0,-4.610000000000127,-0.045413686181035064,0.29464819999999997,0.24923451381896491,780.0,-4.610000000000127,-0.048795000000001205,0.24812479999999998,0.19932979999999878
20.847755886,775.3899999999999,0.55,760.0,15.389999999999873,0.14540501695711439,0.29464819999999997,0.44005321695711436,760.0,15.389999999999873,0.1420237032150974,0.24812479999999998,0.3901485032150974
20.858095763,775.3899999999999,0.55,780.0,-4.610000000000127,-0.044836181147185336,0.29464819999999997,0.24981201885281462,760.0,15.389999999999873,0.1428289177107965,0.24812479999999998,0.39095371771079646
20.868433014,775.3899999999999,0.55,780.0,-4.610000000000127,-0.04507445478273557,0.29464819999999997,0.2495737452172644,780.0,-4.610000000000127,-0.04740936265535068,0.24812479999999998,0.2007154373446493
20.879005348,775.3899999999999,0.55,780.0,-4.610000000000127,-0.04531608989198633,0.29464819999999997,0.24933211010801365,780.0,-4.610000000000127,-0.047650977572800096,0.24812479999999998,0.20047382242719988
20.889507974,775.3899999999999,0.55,760.0,15.389999999999873,0.1454941519780678,0.29464819999999997,0.4401423519780678,760.0,15.389999999999873,0.1431593092360512,0.24812479999999998,0.39128410923605117
20.899920183,775.3899999999999,0.55,780.0,-4.610000000000127,-0.04475301607622994,0.29464819999999997,0.24989518392377003,780.0,-4.610000000000127,-0.0470878520876496,0.24812479999999998,0.20103694791235038
20.910156518,775.3899999999999,0.55,780.0,-4.610000000000127,-0.044985669361129875,0.29464819999999997,0.2496625306388701,780.0,-4.610000000000127,-0.047320512103151725,0.24812479999999998,0.20080428789684826
20.92008456,775.3899999999999,0.55,780.0,-4.610000000000127,-0.045216971339778304,0.29464819999999997,0.24943122866022166,780.0,-4.610000000000127,-0.04755182078935259,0.24812479999999998,0.20057297921064737
20.931226228,775.3899999999999,0.55,760.0,15.389999999999873,0.14561111331152998,0.29464819999999997,0.44025931331152995,780.0,-4.610000000000127,-0.04779986953804985,0.24812479999999998,0.20032493046195013
20.942218563,775.3899999999999,0.55,780.0,-4.610000000000127,-0.04463795060527018,0.29464819999999997,0.2500102493947298,780.0,-4.610000000000127,-0.04804892674729759,0.24812479999999998,0.20007587325270237
20.955647189,775.3899999999999,0.55,780.0,-4.610000000000127,-0.04488714226517159,0.29464819999999997,0.24976105773482837,780.0,-4.610000000000127,-0.048298118407199005,0.24812479999999998,0.19982668159280098
20.965628315,775.3899999999999,0.55,780.0,-4.610000000000127,-0.04519745867571944,0.29464819999999997,0.24945074132428052,760.0,15.389999999999873,0.14273797494475438,0.24812479999999998,0.39086277494475435
20.975652608,775.3899999999999,0.55,780.0,-4.610000000000127,-0.04542275036686667,0.29464819999999997,0.2492254496331333,760.0,15.389999999999873,0.14349004261479792,0.24812479999999998,0.3916148426147979
20.985973234,775.3899999999999,0.55,780.0,-4.610000000000127,-0.045658623921166736,0.29464819999999997,0.24898957607883324,780.0,-4.610000000000127,-0.04674584440070653,0.24812479999999998,0.20137895559929345
20.995794235,775.3899999999999,0.55,780.0,-4.610000000000127,-0.0458860534998197,0.29464819999999997,0.24876214650018028,780.0,-4.610000000000127,-0.04697326724875206,0.24812479999999998,0.20115153275124792
21.008613861,775.3899999999999,0.55,780.0,-4.610000000000127,-0.046168173997871265,0.29464819999999997,0.2484800260021287,780.0,-4.610000000000127,-0.04725538774680362,0.24812479999999998,0.20086941225319635
21.018356695,775.3899999999999,0.55,760.0,15.389999999999873,0.14463778114156609,0.29464819999999997,0.43928598114156603,780.0,-4.610000000000127,-0.047496807707355086,0.24812479999999998,0.20062799229264489
21.028053738,775.3899999999999,0.55,780.0,-4.610000000000127,-0.04558465329463359,0.29464819999999997,0.24906354670536637,780.0,-4.610000000000127,-0.047719242143554774,0.24812479999999998,0.2004055578564452
21.037629156,775.3899999999999,0.55,780.0,-4.610000000000127,-0.045806731423933114,0.29464819999999997,0.24884146857606687,780.0,-4.610000000000127,-0.04794132700345649,0.24812479999999998,0.2001834729965435
21.047017323,775.3899999999999,0.55,780.0,-4.610000000000127,-0.04602441276573784,0.29464819999999997,0.24862378723426212,780.0,-4.610000000000127,-0.048159028514002326,0.24812479999999998,0.19996577148599765
21.058326408,775.3899999999999,0.55,780.0,-4.610000000000127,-0.04624077640818681,0.29464819999999997,0.24840742359181317,760.0,15.389999999999873,0.14256327874356167,0.24812479999999998,0.39068807874356165
21.067561742,775.3899999999999,0.55,780.0,-4.610000000000127,-0.04650061046053511,0.29464819999999997,0.24814758953946486,780.0,-4.610000000000127,-0.0476965620163338,0.24812479999999998,0.20042823798366619
21.078290701,775.3899999999999,0.55,780.0,-4.610000000000127,-0.046711320122383035,0.29464819999999997,0.24793687987761692,780.0,-4.610000000000127,-0.047907271678186966,0.24812479999999998,0.200217528321813
21.087249827,775.3899999999999,0.55,780.0,-4.610000000000127,-0.04695643096418664,0.29464819999999997,0.24769176903581333,780.0,-4.610000000000127,-0.0481523825430351,0.24812479999999998,0.19997241745696487
21.096730161,775.3899999999999,0.55,760.0,15.389999999999873,0.14374778665650934,0.29464819999999997,0.4383959866565093,780.0,-4.610000000000127,-0.04836332079173695,0.24812479999999998,0.19976147920826304
21.106287496,775.3899999999999,0.55,760.0,15.389999999999873,0.14449056261405668,0.29464819999999997,0.43913876261405665,780.0,-4.610000000000127,-0.04858582246478835,0.24812479999999998,0.19953897753521163
21.11548083,775.3899999999999,0.55,780.0,-4.610000000000127,-0.045721827807693884,0.29464819999999997,0.2489263721923061,780.0,-4.610000000000127,-0.048795000000001205,0.24812479999999998,0.19932979999999878
21.122319831,775.3899999999999,0.55,780.0,-4.610000000000127,-0.04593230217514592,0.29464819999999997,0.24871589782485404,780.0,-4.610000000000127,-0.048795000000001205,0.24812479999999998,0.19932979999999878
21.129274331,775.3899999999999,0.55,780.0,-4.610000000000127,-0.04609057981759479,0.29464819999999997,0.24855762018240518,780.0,-4.610000000000127,-0.048795000000001205,0.24812479999999998,0.19932979999999878
21.138427707,775.3899999999999,0.55,760.0,15.389999999999873,0.14444284081430647,0.29464819999999997,0.43909104081430644,760.0,15.389999999999873,0.14173842063190006,0.24812479999999998,0.38986322063190004
21.147548417,775.3899999999999,0.55,780.0,-4.610000000000127,-0.04576889074624131,0.29464819999999997,0.24887930925375867,760.0,15.389999999999873,0.1424452641713427,0.24812479999999998,0.39057006417134266
21.156875043,775.3899999999999,0.55,780.0,-4.610000000000127,-0.04597917688739236,0.29464819999999997,0.2486690231126076,780.0,-4.610000000000127,-0.047765021946758565,0.24812479999999998,0.2003597780532414
21.166951252,775.3899999999999,0.55,780.0,-4.610000000000127,-0.04620641821669457,0.29464819999999997,0.2484417817833054,780.0,-4.610000000000127,-0.047992236399756756,0.24812479999999998,0.20013256360024323
21.177273336,775.3899999999999,0.55,780.0,-4.610000000000127,-0.04644518263284316,0.29464819999999997,0.2482030173671568,760.0,15.389999999999873,0.1428048534840885,0.24812479999999998,0.3909296534840885
21.186849921,775.3899999999999,0.55,780.0,-4.610000000000127,-0.04667376180719248,0.29464819999999997,0.24797443819280748,780.0,-4.610000000000127,-0.047423725690266066,0.24812479999999998,0.2007010743097339
21.196453922,775.3899999999999,0.55,780.0,-4.610000000000127,-0.04689485166774286,0.29464819999999997,0.2477533483322571,780.0,-4.610000000000127,-0.04764480211266181,0.24812479999999998,0.20047999788733817
21.205880006,775.3899999999999,0.55,780.0,-4.610000000000127,-0.0471132187470439,0.29464819999999997,0.2475349812529561,760.0,15.389999999999873,0.14308421580049974,0.24812479999999998,0.3912090158004997
21.215761382,775.3899999999999,0.55,780.0,-4.610000000000127,-0.04733467837569359,0.29464819999999997,0.24731352162430636,760.0,15.389999999999873,0.14382355794123852,0.24812479999999998,0.3919483579412385
21.225570716,775.3899999999999,0.55,780.0,-4.610000000000127,-0.04756370126254114,0.29464819999999997,0.24708449873745883,780.0,-4.610000000000127,-0.04640547167621121,0.24812479999999998,0.20171932832378878
21.235798884,775.3899999999999,0.55,780.0,-4.610000000000127,-0.047799191610592505,0.29464819999999997,0.24684900838940746,780.0,-4.610000000000127,-0.04664096202426258,0.24812479999999998,0.2014838379757374
21.245446635,775.3899999999999,0.55,780.0,-4.610000000000127,-0.048025868214892214,0.29464819999999997,0.24662233178510776,780.0,-4.610000000000127,-0.04686763862856228,0.24812479999999998,0.2012571613714377
21.255077177,775.3899999999999,0.55,780.0,-4.610000000000127,-0.048243616793543415,0.29464819999999997,0.24640458320645656,780.0,-4.610000000000127,-0.04708538720721349,0.24812479999999998,0.20103941279278648
21.268329054,775.3899999999999,0.55,760.0,15.389999999999873,0.14249675770839548,0.29464819999999997,0.43714495770839545,780.0,-4.610000000000127,-0.04730713590591163,0.24812479999999998,0.20081766409408836
21.277831555,775.3899999999999,0.55,760.0,15.389999999999873,0.14351947461100173,0.29464819999999997,0.4381676746110017,780.0,-4.610000000000127,-0.047613519410214494,0.24812479999999998,0.20051128058978548
21.287328514,775.3899999999999,0.55,780.0,-4.610000000000127,-0.04669953786829765,0.29464819999999997,0.24794866213170233,760.0,15.389999999999873,0.14311763071048347,0.24812479999999998,0.3912424307104835
21.296494432,775.3899999999999,0.55,780.0,-4.610000000000127,-0.04691570655384866,0.29464819999999997,0.2477324934461513,760.0,15.389999999999873,0.14383924226308886,0.24812479999999998,0.39196404226308884
21.306180683,775.3899999999999,0.55,760.0,15.389999999999873,0.14381275031684737,0.29464819999999997,0.43846095031684734,780.0,-4.610000000000127,-0.046378970196806896,0.24812479999999998,0.20174582980319308
21.315709433,775.3899999999999,0.55,780.0,-4.610000000000127,-0.04640437300750205,0.29464819999999997,0.24824382699249792,780.0,-4.610000000000127,-0.04659609352115632,0.24812479999999998,0.20152870647884366
21.325559018,775.3899999999999,0.55,780.0,-4.610000000000127,-0.046628024299304814,0.29464819999999997,0.24802017570069515,780.0,-4.610000000000127,-0.04681975154356127,0.24812479999999998,0.2013050484564387
21.336041811,775.3899999999999,0.55,780.0,-4.610000000000127,-0.046860280939806646,0.29464819999999997,0.24778791906019332,800.0,-24.610000000000127,-0.2380595931304106,0.24812479999999998,0.010065206869589366
21.34657127,775.3899999999999,0.55,780.0,-4.610000000000127,-0.04710582876350629,0.29464819999999997,0.2475423712364937,780.0,-4.610000000000127,-0.048305100639656845,0.24812479999999998,0.19981969936034313
21.357473771,775.3899999999999,0.55,780.0,-4.610000000000127,-0.047352317810904695,0.29464819999999997,0.24729588218909526,780.0,-4.610000000000127,-0.048551582956458304,0.24812479999999998,0.19957321704354167
21.36819923,775.3899999999999,0.55,780.0,-4.610000000000127,-0.04760374820205406,0.29464819999999997,0.2470444517979459,760.0,15.389999999999873,0.14228781334484766,0.24812479999999998,0.39041261334484767
21.379616232,775.3899999999999,0.55,780.0,-4.610000000000127,-0.04785195157015658,0.29464819999999997,0.24679624842984338,760.0,15.389999999999873,0.1431163917842979,0.24812479999999998,0.3912411917842979
21.390060816,775.3899999999999,0.55,780.0,-4.610000000000127,-0.04810776531065659,0.29464819999999997,0.2465404346893434,760.0,15.389999999999873,0.14397042151318773,0.24812479999999998,0.3920952215131877
21.4007049,775.3899999999999,0.55,760.0,15.389999999999873,0.14270258882943251,0.29464819999999997,0.43735078882943246,780.0,-4.610000000000127,-0.046272282516763505,0.24812479999999998,0.20185251748323646
21.411483443,775.3899999999999,0.55,780.0,-4.610000000000127,-0.047547261668616655,0.29464819999999997,0.2471009383313833,780.0,-4.610000000000127,-0.046522153183564265,0.24812479999999998,0.20160264681643572
21.422079403,775.3899999999999,0.55,780.0,-4.610000000000127,-0.0477873639298176,0.29464819999999997,0.2468608360701824,780.0,-4.610000000000127,-0.04676227561351155,0.24812479999999998,0.20136252438648844
21.43234957,775.3899999999999,0.55,780.0,-4.610000000000127,-0.04803172179726795,0.29464819999999997,0.24661647820273203,780.0,-4.610000000000127,-0.04700662677341471,0.24812479999999998,0.20111817322658526
21.443280071,775.3899999999999,0.55,760.0,15.389999999999873,0.1427762982184855,0.29464819999999997,0.4374244982184855,780.0,-4.610000000000127,-0.047248658527063565,0.24812479999999998,0.20087614147293642
21.455959114,775.3899999999999,0.55,780.0,-4.610000000000127,-0.04747451364896425,0.29464819999999997,0.2471736863510357,780.0,-4.610000000000127,-0.04749947039451334,0.24812479999999998,0.20062532960548662
21.466568199,775.3899999999999,0.55,780.0,-4.610000000000127,-0.04776540084571186,0.29464819999999997,0.24688279915428812,780.0,-4.610000000000127,-0.04779035759126095,0.24812479999999998,0.20033444240873904
21.482097409,775.3899999999999,0.55,760.0,15.389999999999873,0.14332850765755245,0.29464819999999997,0.4379767076575524,780.0,-4.610000000000127,-0.0481180527567616,0.24812479999999998,0.2000067472432384
21.491908493,775.3899999999999,0.55,780.0,-4.610000000000127,-0.04694650670989385,0.29464819999999997,0.2477016932901061,780.0,-4.610000000000127,-0.04839308729296475,0.24812479999999998,0.1997317127070352
21.501302494,775.3899999999999,0.55,780.0,-4.610000000000127,-0.047160167739845056,0.29464819999999997,0.24748803226015492,760.0,15.389999999999873,0.14232017518463108,0.24812479999999998,0.39044497518463106
21.510512453,775.3899999999999,0.55,780.0,-4.610000000000127,-0.047375926342843336,0.29464819999999997,0.24727227365715665,780.0,-4.610000000000127,-0.04789559683346682,0.24812479999999998,0.20022920316653314
21.520665079,775.3899999999999,0.55,780.0,-4.610000000000127,-0.047595523715896836,0.29464819999999997,0.24705267628410313,780.0,-4.610000000000127,-0.04811518749896788,0.24812479999999998,0.2000096125010321
21.53059808,775.3899999999999,0.55,780.0,-4.610000000000127,-0.04783935719584261,0.29464819999999997,0.24680884280415735,760.0,15.389999999999873,0.1426988249210855,0.24812479999999998,0.39082362492108547
21.539807164,775.3899999999999,0.55,780.0,-4.610000000000127,-0.04805071898829635,0.29464819999999997,0.24659748101170362,780.0,-4.610000000000127,-0.047512536871363,0.24812479999999998,0.20061226312863698
21.549121249,775.3899999999999,0.55,780.0,-4.610000000000127,-0.048262759810693945,0.29464819999999997,0.24638544018930603,780.0,-4.610000000000127,-0.047724591131915226,0.24812479999999998,0.20040020886808474
21.559639916,775.3899999999999,0.55,780.0,-4.610000000000127,-0.048502660384394734,0.29464819999999997,0.24614553961560523,780.0,-4.610000000000127,-0.047964458098715045,0.24812479999999998,0.20016034190128493
21.568833542,775.3899999999999,0.55,760.0,15.389999999999873,0.1422195346800485,0.29464819999999997,0.43686773468004847,780.0,-4.610000000000127,-0.04818081503361681,0.24812479999999998,0.19994398496638316
21.579360085,775.3899999999999,0.55,780.0,-4.610000000000127,-0.047993581816701526,0.29464819999999997,0.24665461818329845,780.0,-4.610000000000127,-0.04839393150731709,0.24812479999999998,0.1997308684926829
21.588748253,775.3899999999999,0.55,780.0,-4.610000000000127,-0.048233744584151986,0.29464819999999997,0.246414455415848,760.0,15.389999999999873,0.14240780423277627,0.24812479999999998,0.39053260423277625
21.597935754,775.3899999999999,0.55,780.0,-4.610000000000127,-0.04845200408910337,0.29464819999999997,0.2461961959108966,760.0,15.389999999999873,0.1431364630972207,0.24812479999999998,0.39126126309722065
21.607135796,775.3899999999999,0.55,780.0,-4.610000000000127,-0.04866343311840358,0.29464819999999997,0.2459847668815964,780.0,-4.610000000000127,-0.04707496593207951,0.24812479999999998,0.20104983406792049
21.61673163,775.3899999999999,0.55,780.0,-4.610000000000127,-0.048795000000001205,0.29464819999999997,0.24585319999999877,780.0,-4.610000000000127,-0.04728979674952841,0.24812479999999998,0.20083500325047157
21.625427965,775.3899999999999,0.55,780.0,-4.610000000000127,-0.048795000000001205,0.29464819999999997,0.24585319999999877,780.0,-4.610000000000127,-0.047516809491981934,0.24812479999999998,0.20060799050801803
21.634467299,775.3899999999999,0.55,780.0,-4.610000000000127,-0.048795000000001205,0.29464819999999997,0.24585319999999877,780.0,-4.610000000000127,-0.0477292066212797,0.24812479999999998,0.2003955933787203
21.644675342,775.3899999999999,0.55,760.0,15.389999999999873,0.1418848212387943,0.29464819999999997,0.4365330212387943,780.0,-4.610000000000127,-0.04793284378247836,0.24812479999999998,0.20019195621752162
21.662032718,775.3899999999999,0.55,760.0,15.389999999999873,0.14324513702890335,0.29464819999999997,0.4378933370289033,800.0,-24.610000000000127,-0.2387950000000012,0.24812479999999998,0.009329799999998778
# 21.669 Shooter Ready
21.672839261,775.3899999999999,0.55,780.0,-4.610000000000127,-0.04700268315599496,0.29464819999999997,0.24764551684400501,760.0,15.389999999999873,0.142032276676296,0.24812479999999998,0.39015707667629596
21.682007804,775.3899999999999,0.55,780.0,-4.610000000000127,-0.047217850134647445,0.29464819999999997,0.24743034986535253,780.0,-4.610000000000127,-0.04818290374050062,0.24812479999999998,0.19994189625949937
21.691405596,775.3899999999999,0.55,780.0,-4.610000000000127,-0.047425393302747795,0.29464819999999997,0.24722280669725216,780.0,-4.610000000000127,-0.048390446931650725,0.24812479999999998,0.19973435306834925
21.700576472,775.3899999999999,0.55,780.0,-4.610000000000127,-0.04764205947644436,0.29464819999999997,0.24700614052355563,760.0,15.389999999999873,0.14233287029465527,0.24812479999999998,0.3904576702946553
21.709690181,775.3899999999999,0.55,780.0,-4.610000000000127,-0.04785284983634315,0.29464819999999997,0.24679535016365683,760.0,15.389999999999873,0.1430365717347512,0.24812479999999998,0.3911613717347512
21.719343474,775.3899999999999,0.55,780.0,-4.610000000000127,-0.04806259142124328,0.29464819999999997,0.2465856085787567,780.0,-4.610000000000127,-0.04717316982709916,0.24812479999999998,0.20095163017290082
21.728913933,775.3899999999999,0.55,780.0,-4.610000000000127,-0.04829166137619619,0.29464819999999997,0.24635653862380377,780.0,-4.610000000000127,-0.047402219636350246,0.24812479999999998,0.20072258036364973
21.738646268,775.3899999999999,0.55,780.0,-4.610000000000127,-0.0485132823548481,0.29464819999999997,0.24613491764515188,760.0,15.389999999999873,0.1433376386080569,0.24812479999999998,0.39146243860805685
21.748478352,775.3899999999999,0.55,780.0,-4.610000000000127,-0.04873425791044664,0.29464819999999997,0.24591394208955333,760.0,15.389999999999873,0.14407534232940117,0.24812479999999998,0.39220014232940115
21.758226436,775.3899999999999,0.55,780.0,-4.610000000000127,-0.048795000000001205,0.29464819999999997,0.24585319999999877,780.0,-4.610000000000127,-0.04615336458804937,0.24812479999999998,0.20197143541195062
21.771394896,775.3899999999999,0.55,780.0,-4.610000000000127,-0.048795000000001205,0.29464819999999997,0.24585319999999877,780.0,-4.610000000000127,-0.04639005835354917,0.24812479999999998,0.2017347416464508
21.780580064,775.3899999999999,0.55,780.0,-4.610000000000127,-0.048795000000001205,0.29464819999999997,0.24585319999999877,760.0,15.389999999999873,0.1446375737302914,0.24812479999999998,0.3927623737302914
21.79235494,775.3899999999999,0.55,760.0,15.389999999999873,0.14189615535819933,0.29464819999999997,0.4365443553581993,780.0,-4.610000000000127,-0.0455694652190612,0.24812479999999998,0.2025553347809388
21.803340274,775.3899999999999,0.55,780.0,-4.610000000000127,-0.048382966703654065,0.29464819999999997,0.24626523329634592,800.0,-24.610000000000127,-0.23705952910395,0.24812479999999998,0.011065270896049972
21.813730609,775.3899999999999,0.55,780.0,-4.610000000000127,-0.04862883051980045,0.29464819999999997,0.24601936948019953,760.0,15.389999999999873,0.14376126137990536,0.24812479999999998,0.39188606137990534
21.82424111,775.3899999999999,0.55,760.0,15.389999999999873,0.14217348873214827,0.29464819999999997,0.4368216887321482,780.0,-4.610000000000127,-0.04647906946814424,0.24812479999999998,0.20164573053185575
21.835023152,775.3899999999999,0.55,780.0,-4.610000000000127,-0.048074412127751154,0.29464819999999997,0.24657378787224882,780.0,-4.610000000000127,-0.04672696359744673,0.24812479999999998,0.20139783640255327
21.845377612,775.3899999999999,0.55,780.0,-4.610000000000127,-0.0483137278077031,0.29464819999999997,0.24633447219229687,780.0,-4.610000000000127,-0.04696627927739343,0.24812479999999998,0.20115852072260654
21.856161696,775.3899999999999,0.55,780.0,-4.610000000000127,-0.0485592756544525,0.29464819999999997,0.24608892434554747,800.0,-24.610000000000127,-0.23827714643170317,0.24812479999999998,0.00984765356829681
21.866787406,775.3899999999999,0.55,780.0,-4.610000000000127,-0.048795000000001205,0.29464819999999997,0.24585319999999877,760.0,15.389999999999873,0.14255832226465232,0.24812479999999998,0.3906831222646523
21.876028281,775.3899999999999,0.55,780.0,-4.610000000000127,-0.048795000000001205,0.29464819999999997,0.24585319999999877,780.0,-4.610000000000127,-0.047683050650843516,0.24812479999999998,0.20044174934915646
21.885199741,775.3899999999999,0.55,780.0,-4.610000000000127,-0.048795000000001205,0.29464819999999997,0.24585319999999877,780.0,-4.610000000000127,-0.047894257800847474,0.24812479999999998,0.2002305421991525
21.894319867,775.3899999999999,0.55,780.0,-4.610000000000127,-0.048795000000001205,0.29464819999999997,0.24585319999999877,780.0,-4.610000000000127,-0.04810570029134683,0.24812479999999998,0.20001909970865314
21.903612076,775.3899999999999,0.55,780.0,-4.610000000000127,-0.048795000000001205,0.29464819999999997,0.24585319999999877,780.0,-4.610000000000127,-0.04832228579004753,0.24812479999999998,0.19980251420995246
21.914378369,775.3899999999999,0.55,760.0,15.389999999999873,0.14191693832200097,0.29464819999999997,0.43656513832200095,780.0,-4.610000000000127,-0.048535536737446,0.24812479999999998,0.199589263262554
21.924972578,775.3899999999999,0.55,780.0,-4.610000000000127,-0.04832629682604654,0.29464819999999997,0.24632190317395342,800.0,-24.610000000000127,-0.2387950000000012,0.24812479999999998,0.009329799999998778
21.938217746,775.3899999999999,0.55,780.0,-4.610000000000127,-0.04856750163789871,0.29464819999999997,0.24608069836210125,780.0,-4.610000000000127,-0.048795000000001205,0.24812479999999998,0.19932979999999878
21.950841372,775.3899999999999,0.55,780.0,-4.610000000000127,-0.048795000000001205,0.29464819999999997,0.24585319999999877,760.0,15.389999999999873,0.142396763278902,0.24812479999999998,0.390521563278902
21.963839499,775.3899999999999,0.55,760.0,15.389999999999873,0.14201697001314337,0.29464819999999997,0.4366651700131433,760.0,15.389999999999873,0.1432086884301986,0.24812479999999998,0.39133348843019855
21.975717625,775.3899999999999,0.55,780.0,-4.610000000000127,-0.04827762823360796,0.29464819999999997,0.24637057176639202,760.0,15.389999999999873,0.14419219615284287,0.24812479999999998,0.3923169961528429
21.986842376,775.3899999999999,0.55,780.0,-4.610000000000127,-0.0485695238678563,0.29464819999999997,0.24607867613214368,780.0,-4.610000000000127,-0.0460996927508085,0.24812479999999998,0.20202510724919148
22.004814878,775.3899999999999,0.55,760.0,15.389999999999873,0.14280235042784678,0.29464819999999997,0.43745055042784675,800.0,-24.610000000000127,-0.23829344365511346,0.24812479999999998,0.009831356344886522
# 22.013 Shooter Ready
22.017850921,775.3899999999999,0.55,780.0,-4.610000000000127,-0.04749570340575032,0.29464819999999997,0.24715249659424965,780.0,-4.610000000000127,-0.04859147058936206,0.24812479999999998,0.19953332941063792
22.028646963,775.3899999999999,0.55,780.0,-4.610000000000127,-0.04774481436760088,0.29464819999999997,0.2469033856323991,780.0,-4.610000000000127,-0.048795000000001205,0.24812479999999998,0.19932979999999878
22.039437173,775.3899999999999,0.55,780.0,-4.610000000000127,-0.04799569347190237,0.29464819999999997,0.24665250652809761,760.0,15.389999999999873,0.14204253349570373,0.24812479999999998,0.3901673334957037
22.049563841,775.3899999999999,0.55,780.0,-4.610000000000127,-0.04823541928050131,0.29464819999999997,0.24641278071949865,760.0,15.389999999999873,0.142842832810151,0.24812479999999998,0.390967632810151
22.059765467,775.3899999999999,0.55,780.0,-4.610000000000127,-0.04846760195354924,0.29464819999999997,0.24618059804645073,780.0,-4.610000000000127,-0.047389356593499105,0.24812479999999998,0.20073544340650087
22.070294634,775.3899999999999,0.55,780.0,-4.610000000000127,-0.04870956647035162,0.29464819999999997,0.24593863352964834,780.0,-4.610000000000127,-0.047631314379699294,0.24812479999999998,0.20049348562030067
22.082306636,775.3899999999999,0.55,780.0,-4.610000000000127,-0.048795000000001205,0.29464819999999997,0.24585319999999877,780.0,-4.610000000000127,-0.047876331108347166,0.24812479999999998,0.20024846889165282
22.091611095,775.3899999999999,0.55,780.0,-4.610000000000127,-0.048795000000001205,0.29464819999999997,0.24585319999999877,800.0,-24.610000000000127,-0.2387950000000012,0.24812479999999998,0.009329799999998778
22.098107387,775.3899999999999,0.55,780.0,-4.610000000000127,-0.048795000000001205,0.29464819999999997,0.24585319999999877,800.0,-24.610000000000127,-0.2387950000000012,0.24812479999999998,0.009329799999998778
22.107319096,775.3899999999999,0.55,780.0,-4.610000000000127,-0.048795000000001205,0.29464819999999997,0.24585319999999877,780.0,-4.610000000000127,-0.048795000000001205,0.24812479999999998,0.19932979999999878
22.114122514,775.3899999999999,0.55,780.0,-4.610000000000127,-0.048795000000001205,0.29464819999999997,0.24585319999999877,780.0,-4.610000000000127,-0.048795000000001205,0.24812479999999998,0.19932979999999878
22.122383973,775.3899999999999,0.55,760.0,15.389999999999873,0.14172239587134816,0.29464819999999997,0.43637059587134813,780.0,-4.610000000000127,-0.048795000000001205,0.24812479999999998,0.19932979999999878
22.13125939,775.3899999999999,0.55,780.0,-4.610000000000127,-0.04847785967045339,0.29464819999999997,0.24617034032954657,780.0,-4.610000000000127,-0.048795000000001205,0.24812479999999998,0.19932979999999878
22.142112308,775.3899999999999,0.55,780.0,-4.610000000000127,-0.04867260912045173,0.29464819999999997,0.24597559087954823,760.0,15.389999999999873,0.1418551505499932,0.24812479999999998,0.3899799505499932
22.152953851,775.3899999999999,0.55,780.0,-4.610000000000127,-0.048795000000001205,0.29464819999999997,0.24585319999999877,760.0,15.389999999999873,0.1426809011538976,0.24812479999999998,0.39080570115389757
22.163970685,775.3899999999999,0.55,760.0,15.389999999999873,0.14205952344009884,0.29464819999999997,0.4367077234400988,780.0,-4.610000000000127,-0.04757505374480329,0.24812479999999998,0.2005497462551967
22.17468127,775.3899999999999,0.55,780.0,-4.610000000000127,-0.04818818243985287,0.29464819999999997,0.2464600175601471,780.0,-4.610000000000127,-0.04782277308595416,0.24812479999999998,0.2003020269140458
22.185246604,775.3899999999999,0.55,780.0,-4.610000000000127,-0.04843721274975207,0.29464819999999997,0.2462109872502479,780.0,-4.610000000000127,-0.04807179666525117,0.24812479999999998,0.20005300333474882
22.196455064,775.3899999999999,0.55,780.0,-4.610000000000127,-0.04868744645405519,0.29464819999999997,0.24596075354594477,780.0,-4.610000000000127,-0.04832203710015124,0.24812479999999998,0.19980276289984875
22.20705569,775.3899999999999,0.55,760.0,15.389999999999873,0.14215446357289416,0.29464819999999997,0.4368026635728941,780.0,-4.610000000000127,-0.04857422717320106,0.24812479999999998,0.19955057282679892
22.217817899,775.3899999999999,0.55,780.0,-4.610000000000127,-0.04808795138700338,0.29464819999999997,0.24656024861299658,760.0,15.389999999999873,0.14223502719750092,0.24812479999999998,0.3903598271975009
22.228467525,775.3899999999999,0.55,780.0,-4.610000000000127,-0.048329895735054175,0.29464819999999997,0.2463183042649458,760.0,15.389999999999873,0.14304271048004621,0.24812479999999998,0.39116751048004617
22.238946526,775.3899999999999,0.55,780.0,-4.610000000000127,-0.048580102540003514,0.29464819999999997,0.24606809745999647,780.0,-4.610000000000127,-0.0472075097861075,0.24812479999999998,0.20091729021389249
22.249053944,775.3899999999999,0.55,780.0,-4.610000000000127,-0.048795000000001205,0.29464819999999997,0.24585319999999877,780.0,-4.610000000000127,-0.04744414302230803,0.24812479999999998,0.20068065697769194
22.258050695,775.3899999999999,0.55,780.0,-4.610000000000127,-0.048795000000001205,0.29464819999999997,0.24585319999999877,760.0,15.389999999999873,0.14335234088029203,0.24812479999999998,0.391477140880292
22.267329779,775.3899999999999,0.55,780.0,-4.610000000000127,-0.048795000000001205,0.29464819999999997,0.24585319999999877,800.0,-24.610000000000127,-0.23777861179274107,0.24812479999999998,0.01034618820725891
22.280673239,775.3899999999999,0.55,780.0,-4.610000000000127,-0.048795000000001205,0.29464819999999997,0.24585319999999877,780.0,-4.610000000000127,-0.04799329469834241,0.24812479999999998,0.20013150530165758
22.291194823,775.3899999999999,0.55,760.0,15.389999999999873,0.14221685417890131,0.29464819999999997,0.4368650541789013,780.0,-4.610000000000127,-0.04829639742699038,0.24812479999999998,0.1998284025730096
22.301685783,775.3899999999999,0.55,760.0,15.389999999999873,0.14302209106704103,0.29464819999999997,0.43767029106704103,780.0,-4.610000000000127,-0.048537602261892306,0.24812479999999998,0.19958719773810768
22.312387617,775.3899999999999,0.55,780.0,-4.610000000000127,-0.04721959111030985,0.29464819999999997,0.24742860888969012,800.0,-24.610000000000127,-0.2387950000000012,0.24812479999999998,0.009329799999998778
22.323224201,775.3899999999999,0.55,780.0,-4.610000000000127,-0.04747329383960815,0.29464819999999997,0.24717490616039184,780.0,-4.610000000000127,-0.048795000000001205,0.24812479999999998,0.19932979999999878
22.331585994,775.3899999999999,0.55,780.0,-4.610000000000127,-0.047721127462661106,0.29464819999999997,0.24692707253733887,780.0,-4.610000000000127,-0.048795000000001205,0.24812479999999998,0.19932979999999878
22.33974012,775.3899999999999,0.55,780.0,-4.610000000000127,-0.04790996749196069,0.29464819999999997,0.24673823250803928,780.0,-4.610000000000127,-0.048795000000001205,0.24812479999999998,0.19932979999999878
22.348024329,775.3899999999999,0.55,780.0,-4.610000000000127,-0.04810043445941083,0.29464819999999997,0.24654776554058913,780.0,-4.610000000000127,-0.048795000000001205,0.24812479999999998,0.19932979999999878
22.358302955,775.3899999999999,0.55,780.0,-4.610000000000127,-0.04828688784560965,0.29464819999999997,0.24636131215439033,760.0,15.389999999999873,0.14182741015194683,0.24812479999999998,0.3899522101519468
22.368982331,775.3899999999999,0.55,780.0,-4.610000000000127,-0.04852971288805994,0.29464819999999997,0.24611848711194004,760.0,15.389999999999873,0.14263805600949778,0.24812479999999998,0.3907628560094978
22.379365374,775.3899999999999,0.55,760.0,15.389999999999873,0.14227806019514797,0.29464819999999997,0.4369262601951479,780.0,-4.610000000000127,-0.047603901799752164,0.24812479999999998,0.20052089820024782
22.389864791,775.3899999999999,0.55,780.0,-4.610000000000127,-0.047960401689747766,0.29464819999999997,0.2466877983102522,780.0,-4.610000000000127,-0.047842377122802544,0.24812479999999998,0.20028242287719744
22.400816584,775.3899999999999,0.55,780.0,-4.610000000000127,-0.04821031942464866,0.29464819999999997,0.24643788057535132,760.0,15.389999999999873,0.14299194686535122,0.24812479999999998,0.3911167468653512
22.41127721,775.3899999999999,0.55,780.0,-4.610000000000127,-0.04845529579274884,0.29464819999999997,0.24619290420725112,780.0,-4.610000000000127,-0.047253022795196525,0.24812479999999998,0.20087177720480345
22.421648295,775.3899999999999,0.55,780.0,-4.610000000000127,-0.04869456442765041,0.29464819999999997,0.24595363557234956,780.0,-4.610000000000127,-0.047492284722550904,0.24812479999999998,0.20063251527744907
22.432966712,775.3899999999999,0.55,780.0,-4.610000000000127,-0.048795000000001205,0.29464819999999997,0.24585319999999877,780.0,-4.610000000000127,-0.0477384981150005,0.24812479999999998,0.20038630188499948
22.442707213,775.3899999999999,0.55,780.0,-4.610000000000127,-0.048795000000001205,0.29464819999999997,0.24585319999999877,780.0,-4.610000000000127,-0.04800153897554978,0.24812479999999998,0.2001232610244502
22.466305674,775.3899999999999,0.55,760.0,15.389999999999873,0.14274749176015553,0.29464819999999997,0.43739569176015547,800.0,-24.610000000000127,-0.2387950000000012,0.24812479999999998,0.009329799999998778
# 22.475 Shooter Ready
22.479644467,775.3899999999999,0.55,780.0,-4.610000000000127,-0.047617522323442865,0.29464819999999997,0.24703067767655712,760.0,15.389999999999873,0.14242349378513808,0.24812479999999998,0.39054829378513806
22.489585343,775.3899999999999,0.55,780.0,-4.610000000000127,-0.047850155439591216,0.29464819999999997,0.24679804456040877,760.0,15.389999999999873,0.14320018222328865,0.24812479999999998,0.3913249822232886
22.500420178,775.3899999999999,0.55,760.0,15.389999999999873,0.14292381735611673,0.29464819999999997,0.4375720173561167,760.0,15.389999999999873,0.1439741550189966,0.24812479999999998,0.3920989550189966
22.510284054,775.3899999999999,0.55,780.0,-4.610000000000127,-0.047324789386980814,0.29464819999999997,0.24732341061301916,780.0,-4.610000000000127,-0.046274458477752904,0.24812479999999998,0.20185034152224707
22.521447888,775.3899999999999,0.55,780.0,-4.610000000000127,-0.04758499991498086,0.29464819999999997,0.2470632000850191,780.0,-4.610000000000127,-0.046534662275150754,0.24812479999999998,0.20159013772484924
22.531077847,775.3899999999999,0.55,780.0,-4.610000000000127,-0.0478046241873829,0.29464819999999997,0.24684357581261707,800.0,-24.610000000000127,-0.23770703148636613,0.24812479999999998,0.010417768513633852
22.540556723,775.3899999999999,0.55,780.0,-4.610000000000127,-0.04802774436108413,0.29464819999999997,0.24662045563891583,780.0,-4.610000000000127,-0.04793015166006737,0.24812479999999998,0.2001946483399326
22.549846016,775.3899999999999,0.55,780.0,-4.610000000000127,-0.04824266929168353,0.29464819999999997,0.24640553070831644,780.0,-4.610000000000127,-0.04814506988311434,0.24812479999999998,0.19997973011688563
22.559579225,775.3899999999999,0.55,780.0,-4.610000000000127,-0.048463275102232514,0.29464819999999997,0.24618492489776744,780.0,-4.610000000000127,-0.04836569586241491,0.24812479999999998,0.19975910413758508
22.569104184,775.3899999999999,0.55,780.0,-4.610000000000127,-0.04868246910028048,0.29464819999999997,0.2459657308997195,760.0,15.389999999999873,0.1423660153776803,0.24812479999999998,0.39049081537768027
22.579498019,775.3899999999999,0.55,780.0,-4.610000000000127,-0.048795000000001205,0.29464819999999997,0.24585319999999877,760.0,15.389999999999873,0.14312887851713896,0.24812479999999998,0.39125367851713894
22.591202312,775.3899999999999,0.55,760.0,15.389999999999873,0.14202056111573322,0.29464819999999997,0.43666876111573316,780.0,-4.610000000000127,-0.04711436333846101,0.24812479999999998,0.20101043666153898
22.601604604,775.3899999999999,0.55,780.0,-4.610000000000127,-0.04824972032606972,0.29464819999999997,0.24639847967393025,780.0,-4.610000000000127,-0.04738569357831238,0.24812479999999998,0.2007391064216876
22.61201273,775.3899999999999,0.55,780.0,-4.610000000000127,-0.04848629305602073,0.29464819999999997,0.24616190694397924,780.0,-4.610000000000127,-0.047622266308258145,0.24812479999999998,0.20050253369174184
22.622884023,775.3899999999999,0.55,780.0,-4.610000000000127,-0.048732795541568535,0.29464819999999997,0.24591540445843144,780.0,-4.610000000000127,-0.04786876879381119,0.24812479999999998,0.2002560312061888
22.633957733,775.3899999999999,0.55,780.0,-4.610000000000127,-0.048795000000001205,0.29464819999999997,0.24585319999999877,780.0,-4.610000000000127,-0.04812087148431271,0.24812479999999998,0.20000392851568727
22.643643109,775.3899999999999,0.55,780.0,-4.610000000000127,-0.048795000000001205,0.29464819999999997,0.24585319999999877,780.0,-4.610000000000127,-0.04837905838365934,0.24812479999999998,0.19974574161634062
22.652734943,775.3899999999999,0.55,780.0,-4.610000000000127,-0.048795000000001205,0.29464819999999997,0.24585319999999877,780.0,-4.610000000000127,-0.04859481698666287,0.24812479999999998,0.1995299830133371
22.663315444,775.3899999999999,0.55,760.0,15.389999999999873,0.14190735481509373,0.29464819999999997,0.43655555481509367,760.0,15.389999999999873,0.14210744795082025,0.24812479999999998,0.39023224795082023
22.674068903,775.3899999999999,0.55,780.0,-4.610000000000127,-0.04833978633985547,0.29464819999999997,0.2463084136601445,780.0,-4.610000000000127,-0.04813971339593028,0.24812479999999998,0.1999850866040697
22.684815654,775.3899999999999,0.55,780.0,-4.610000000000127,-0.048587841819154924,0.29464819999999997,0.24606035818084504,780.0,-4.610000000000127,-0.04838778231338437,0.24812479999999998,0.19973701768661561
22.695880614,775.3899999999999,0.55,780.0,-4.610000000000127,-0.048795000000001205,0.29464819999999997,0.24585319999999877,780.0,-4.610000000000127,-0.04863310830388203,0.24812479999999998,0.19949169169611794
22.708798532,775.3899999999999,0.55,760.0,15.389999999999873,0.14223162211509738,0.29464819999999997,0.43687982211509735,800.0,-24.610000000000127,-0.2387950000000012,0.24812479999999998,0.009329799999998778
# 22.723 Shooter Ready
22.727063867,775.3899999999999,0.55,780.0,-4.610000000000127,-0.048191646049105516,0.29464819999999997,0.24645655395089444,780.0,-4.610000000000127,-0.048795000000001205,0.24812479999999998,0.19932979999999878
22.738184826,775.3899999999999,0.55,780.0,-4.610000000000127,-0.04844294869715365,0.29464819999999997,0.24620525130284632,760.0,15.389999999999873,0.1420441494456909,0.24812479999999998,0.3901689494456909
22.749159369,775.3899999999999,0.55,780.0,-4.610000000000127,-0.04868933687775485,0.29464819999999997,0.24595886312224513,760.0,15.389999999999873,0.14286666807265425,0.24812479999999998,0.3909914680726542
22.759848079,775.3899999999999,0.55,780.0,-4.610000000000127,-0.048795000000001205,0.29464819999999997,0.24585319999999877,760.0,15.389999999999873,0.143744106530194,0.24812479999999998,0.391868906530194
22.768247788,775.3899999999999,0.55,780.0,-4.610000000000127,-0.048795000000001205,0.29464819999999997,0.24585319999999877,780.0,-4.610000000000127,-0.04647906071160733,0.24812479999999998,0.20164573928839263
22.776443622,775.3899999999999,0.55,780.0,-4.610000000000127,-0.048795000000001205,0.29464819999999997,0.24585319999999877,780.0,-4.610000000000127,-0.04667227062905841,0.24812479999999998,0.20145252937094157
22.78856529,775.3899999999999,0.55,780.0,-4.610000000000127,-0.048795000000001205,0.29464819999999997,0.24585319999999877,780.0,-4.610000000000127,-0.046867282295856176,0.24812479999999998,0.2012575177041438
22.798271957,775.3899999999999,0.55,760.0,15.389999999999873,0.14211877486314003,0.29464819999999997,0.43676697486314,760.0,15.389999999999873,0.14404655997548954,0.24812479999999998,0.3921713599754895
22.807794875,775.3899999999999,0.55,780.0,-4.610000000000127,-0.04810430499611301,0.29464819999999997,0.24654389500388696,780.0,-4.610000000000127,-0.046176519860713736,0.24812479999999998,0.20194828013928623
22.817470626,775.3899999999999,0.55,780.0,-4.610000000000127,-0.048326564644161095,0.29464819999999997,0.24632163535583887,780.0,-4.610000000000127,-0.04639877950876182,0.24812479999999998,0.20172602049123817
22.827349669,775.3899999999999,0.55,780.0,-4.610000000000127,-0.04855195715601126,0.29464819999999997,0.2460962428439887,760.0,15.389999999999873,0.14435366975633787,0.24812479999999998,0.3924784697563378
22.837656586,775.3899999999999,0.55,760.0,15.389999999999873,0.14223233979034222,0.29464819999999997,0.4368805397903422,780.0,-4.610000000000127,-0.04588125586671098,0.24812479999999998,0.202243544133289
22.848191587,775.3899999999999,0.55,780.0,-4.610000000000127,-0.04800397747645606,0.29464819999999997,0.2466442225235439,800.0,-24.610000000000127,-0.23714263132662458,0.24812479999999998,0.010982168673375398
22.859642714,775.3899999999999,0.55,780.0,-4.610000000000127,-0.048253337193906884,0.29464819999999997,0.24639486280609307,780.0,-4.610000000000127,-0.04739199777467239,0.24812479999999998,0.20073280222532758
22.870128131,775.3899999999999,0.55,780.0,-4.610000000000127,-0.048513493946254364,0.29464819999999997,0.2461347060537456,760.0,15.389999999999873,0.14347635096413705,0.24812479999999998,0.39160115096413706
22.880964716,775.3899999999999,0.55,780.0,-4.610000000000127,-0.048763922607455434,0.29464819999999997,0.24588427739254454,780.0,-4.610000000000127,-0.04677411132700951,0.24812479999999998,0.20135068867299047
22.891665092,775.3899999999999,0.55,780.0,-4.610000000000127,-0.048795000000001205,0.29464819999999997,0.24585319999999877,780.0,-4.610000000000127,-0.047016976706962976,0.24812479999999998,0.201107823293037
22.900855801,775.3899999999999,0.55,780.0,-4.610000000000127,-0.048795000000001205,0.29464819999999997,0.24585319999999877,780.0,-4.610000000000127,-0.047262974973763035,0.24812479999999998,0.20086182502623695
22.910510552,775.3899999999999,0.55,780.0,-4.610000000000127,-0.048795000000001205,0.29464819999999997,0.24585319999999877,760.0,15.389999999999873,0.14344642715318845,0.24812479999999998,0.39157122715318843
22.919850303,775.3899999999999,0.55,780.0,-4.610000000000127,-0.048795000000001205,0.29464819999999997,0.24585319999999877,780.0,-4.610000000000127,-0.04677868974980716,0.24812479999999998,0.20134611025019283
22.936131721,775.3899999999999,0.55,760.0,15.389999999999873,0.14208353822694317,0.29464819999999997,0.4367317382269431,800.0,-24.610000000000127,-0.23818365939163463,0.24812479999999998,0.009941140608365345
# 22.947 Shooter Ready
22.951236848,775.3899999999999,0.55,780.0,-4.610000000000127,-0.04834534355730784,0.29464819999999997,0.24630285644269212,780.0,-4.610000000000127,-0.04861249410778028,0.24812479999999998,0.1995123058922197
22.962220141,775.3899999999999,0.55,780.0,-4.610000000000127,-0.048591220811608854,0.29464819999999997,0.24605697918839112,800.0,-24.610000000000127,-0.2387950000000012,0.24812479999999998,0.009329799999998778
22.97722785,775.3899999999999,0.55,760.0,15.389999999999873,0.1422446968110406,0.29464819999999997,0.4368928968110406,780.0,-4.610000000000127,-0.048795000000001205,0.24812479999999998,0.19932979999999878
22.986575768,775.3899999999999,0.55,780.0,-4.610000000000127,-0.0481261863557586,0.29464819999999997,0.24652201364424137,780.0,-4.610000000000127,-0.048795000000001205,0.24812479999999998,0.19932979999999878
22.994817394,775.3899999999999,0.55,780.0,-4.610000000000127,-0.04831733235315785,0.29464819999999997,0.24633086764684212,780.0,-4.610000000000127,-0.048795000000001205,0.24812479999999998,0.19932979999999878
23.007679895,775.3899999999999,0.55,760.0,15.389999999999873,0.1424921913425478,0.29464819999999997,0.4371403913425478,760.0,15.389999999999873,0.14201452369570447,0.24812479999999998,0.3901393236957045
23.019200146,775.3899999999999,0.55,780.0,-4.610000000000127,-0.04775304721930201,0.29464819999999997,0.24689515278069796,780.0,-4.610000000000127,-0.048230694720443536,0.24812479999999998,0.19989410527955645
23.030116939,775.3899999999999,0.55,780.0,-4.610000000000127,-0.04802207149104847,0.29464819999999997,0.2466261285089515,780.0,-4.610000000000127,-0.04849973243034463,0.24812479999999998,0.19962506756965534
23.040371357,775.3899999999999,0.55,780.0,-4.610000000000127,-0.048272116946000844,0.29464819999999997,0.24637608305399913,760.0,15.389999999999873,0.142335130207799,0.24812479999999998,0.390459930207799
23.049679316,775.3899999999999,0.55,780.0,-4.610000000000127,-0.048489610061499336,0.29464819999999997,0.24615858993850065,780.0,-4.610000000000127,-0.04788237634585411,0.24812479999999998,0.20024242365414588
23.059111817,775.3899999999999,0.55,800.0,-24.610000000000127,-0.2387950000000012,0.29464819999999997,0.05585319999999877,800.0,-24.610000000000127,-0.2387950000000012,0.24812479999999998,0.009329799999998778
23.068637068,775.3899999999999,0.55,780.0,-4.610000000000127,-0.048795000000001205,0.29464819999999997,0.24585319999999877,780.0,-4.610000000000127,-0.048795000000001205,0.24812479999999998,0.19932979999999878
23.076717694,775.3899999999999,0.55,780.0,-4.610000000000127,-0.048795000000001205,0.29464819999999997,0.24585319999999877,760.0,15.389999999999873,0.14194342189570902,0.24812479999999998,0.390068221895709
23.084757195,775.3899999999999,0.55,780.0,-4.610000000000127,-0.048795000000001205,0.29464819999999997,0.24585319999999877,780.0,-4.610000000000127,-0.04824242642798934,0.24812479999999998,0.19988237357201064
23.092754112,775.3899999999999,0.55,780.0,-4.610000000000127,-0.048795000000001205,0.29464819999999997,0.24585319999999877,780.0,-4.610000000000127,-0.04842639232733993,0.24812479999999998,0.19969840767266006
23.10316953,775.3899999999999,0.55,760.0,15.389999999999873,0.14182054236444885,0.29464819999999997,0.4364687423644488,760.0,15.389999999999873,0.1421891275677028,0.24812479999999998,0.3903139275677028
23.112452989,775.3899999999999,0.55,780.0,-4.610000000000127,-0.048421832234901,0.29464819999999997,0.24622636776509899,760.0,15.389999999999873,0.14299826974530153,0.24812479999999998,0.39112306974530153
23.122320365,775.3899999999999,0.55,780.0,-4.610000000000127,-0.04864073043230356,0.29464819999999997,0.24600746956769642,780.0,-4.610000000000127,-0.04722062845210102,0.24812479999999998,0.20090417154789897
23.132258324,775.3899999999999,0.55,780.0,-4.610000000000127,-0.048795000000001205,0.29464819999999997,0.24585319999999877,800.0,-24.610000000000127,-0.23845174887018564,0.24812479999999998,0.009673051129814342
23.140764784,775.3899999999999,0.55,780.0,-4.610000000000127,-0.048795000000001205,0.29464819999999997,0.24585319999999877,780.0,-4.610000000000127,-0.04867890281693957,0.24812479999999998,0.1994458971830604
23.149293409,775.3899999999999,0.55,780.0,-4.610000000000127,-0.048795000000001205,0.29464819999999997,0.24585319999999877,780.0,-4.610000000000127,-0.048795000000001205,0.24812479999999998,0.19932979999999878
23.15535541,775.3899999999999,0.55,780.0,-4.610000000000127,-0.048795000000001205,0.29464819999999997,0.24585319999999877,780.0,-4.610000000000127,-0.048795000000001205,0.24812479999999998,0.19932979999999878
23.161327286,775.3899999999999,0.55,780.0,-4.610000000000127,-0.048795000000001205,0.29464819999999997,0.24585319999999877,780.0,-4.610000000000127,-0.048795000000001205,0.24812479999999998,0.19932979999999878
23.167375578,775.3899999999999,0.55,780.0,-4.610000000000127,-0.048795000000001205,0.29464819999999997,0.24585319999999877,780.0,-4.610000000000127,-0.048795000000001205,0.24812479999999998,0.19932979999999878
23.175759829,775.3899999999999,0.55,780.0,-4.610000000000127,-0.048795000000001205,0.29464819999999997,0.24585319999999877,760.0,15.389999999999873,0.14167362549998788,0.24812479999999998,0.3897984254999879
23.18398658,775.3899999999999,0.55,780.0,-4.610000000000127,-0.048795000000001205,0.29464819999999997,0.24585319999999877,780.0,-4.610000000000127,-0.04852148027996038,0.24812479999999998,0.19960331972003958
23.193248455,775.3899999999999,0.55,760.0,15.389999999999873,0.1418191956624987,0.29464819999999997,0.4364673956624987,780.0,-4.610000000000127,-0.048705459640515356,0.24812479999999998,0.1994193403594846
23.202460748,775.3899999999999,0.55,780.0,-4.610000000000127,-0.0483952250724027,0.29464819999999997,0.24625297492759726,780.0,-4.610000000000127,-0.048795000000001205,0.24812479999999998,0.19932979999999878
23.209633707,775.3899999999999,0.55,780.0,-4.610000000000127,-0.04860818019610602,0.29464819999999997,0.24604001980389395,780.0,-4.610000000000127,-0.048795000000001205,0.24812479999999998,0.19932979999999878
23.2187655,775.3899999999999,0.55,780.0,-4.610000000000127,-0.048770868087254074,0.29464819999999997,0.2458773319127459,760.0,15.389999999999873,0.14174802660819713,0.24812479999999998,0.3898728266081971
23.228370084,775.3899999999999,0.55,780.0,-4.610000000000127,-0.048795000000001205,0.29464819999999997,0.24585319999999877,780.0,-4.610000000000127,-0.048470723677352584,0.24812479999999998,0.1996540763226474
23.236360585,775.3899999999999,0.55,780.0,-4.610000000000127,-0.048795000000001205,0.29464819999999997,0.24585319999999877,760.0,15.389999999999873,0.14224101257395202,0.24812479999999998,0.390365812573952
23.244519669,775.3899999999999,0.55,780.0,-4.610000000000127,-0.048795000000001205,0.29464819999999997,0.24585319999999877,760.0,15.389999999999873,0.14286954986964226,0.24812479999999998,0.3909943498696422
23.257386545,775.3899999999999,0.55,780.0,-4.610000000000127,-0.048795000000001205,0.29464819999999997,0.24585319999999877,760.0,15.389999999999873,0.14385332684034102,0.24812479999999998,0.391978126840341
23.265719171,775.3899999999999,0.55,780.0,-4.610000000000127,-0.048795000000001205,0.29464819999999997,0.24585319999999877,780.0,-4.610000000000127,-0.04633794016955725,0.24812479999999998,0.20178685983044273
23.275598797,775.3899999999999,0.55,760.0,15.389999999999873,0.1418566543069121,0.29464819999999997,0.4365048543069121,780.0,-4.610000000000127,-0.04653312662451185,0.24812479999999998,0.2015916733754881
23.296996633,775.3899999999999,0.55,760.0,15.389999999999873,0.1432125711733011,0.29464819999999997,0.4378607711733011,800.0,-24.610000000000127,-0.23870143189624102,0.24812479999999998,0.009423368103758961
# 23.304 Shooter Ready
23.307676592,775.3899999999999,0.55,780.0,-4.610000000000127,-0.04713016314910194,0.29464819999999997,0.24751803685089802,780.0,-4.610000000000127,-0.048795000000001205,0.24812479999999998,0.19932979999999878
23.314739593,775.3899999999999,0.55,780.0,-4.610000000000127,-0.04733921899650052,0.29464819999999997,0.24730898100349946,780.0,-4.610000000000127,-0.048795000000001205,0.24812479999999998,0.19932979999999878
23.321787718,775.3899999999999,0.55,780.0,-4.610000000000127,-0.04750262620900134,0.29464819999999997,0.24714557379099863,780.0,-4.610000000000127,-0.048795000000001205,0.24812479999999998,0.19932979999999878
23.328694386,775.3899999999999,0.55,780.0,-4.610000000000127,-0.0476619190195479,0.29464819999999997,0.24698628098045206,780.0,-4.610000000000127,-0.048795000000001205,0.24812479999999998,0.19932979999999878
23.33814847,775.3899999999999,0.55,780.0,-4.610000000000127,-0.04782224043635201,0.29464819999999997,0.24682595956364795,760.0,15.389999999999873,0.14174019371380517,0.24812479999999998,0.3898649937138051
23.347240013,775.3899999999999,0.55,780.0,-4.610000000000127,-0.048041716796901224,0.29464819999999997,0.24660648320309875,780.0,-4.610000000000127,-0.048479282646744046,0.24812479999999998,0.19964551735325592
23.356392222,775.3899999999999,0.55,780.0,-4.610000000000127,-0.04825096760119776,0.29464819999999997,0.2463972323988022,780.0,-4.610000000000127,-0.048688540158593016,0.24812479999999998,0.19943625984140695
23.365391889,775.3899999999999,0.55,780.0,-4.610000000000127,-0.048460016694949634,0.29464819999999997,0.24618818330505032,780.0,-4.610000000000127,-0.048795000000001205,0.24812479999999998,0.19932979999999878
23.372325973,775.3899999999999,0.55,780.0,-4.610000000000127,-0.0486679229236021,0.29464819999999997,0.24598027707639786,780.0,-4.610000000000127,-0.048795000000001205,0.24812479999999998,0.19932979999999878
23.379760558,775.3899999999999,0.55,780.0,-4.610000000000127,-0.048795000000001205,0.29464819999999997,0.24585319999999877,780.0,-4.610000000000127,-0.048795000000001205,0.24812479999999998,0.19932979999999878
23.385569391,775.3899999999999,0.55,780.0,-4.610000000000127,-0.048795000000001205,0.29464819999999997,0.24585319999999877,780.0,-4.610000000000127,-0.048795000000001205,0.24812479999999998,0.19932979999999878
23.391391059,775.3899999999999,0.55,780.0,-4.610000000000127,-0.048795000000001205,0.29464819999999997,0.24585319999999877,780.0,-4.610000000000127,-0.048795000000001205,0.24812479999999998,0.19932979999999878
23.397198143,775.3899999999999,0.55,780.0,-4.610000000000127,-0.048795000000001205,0.29464819999999997,0.24585319999999877,780.0,-4.610000000000127,-0.048795000000001205,0.24812479999999998,0.19932979999999878
23.403059477,775.3899999999999,0.55,780.0,-4.610000000000127,-0.048795000000001205,0.29464819999999997,0.24585319999999877,780.0,-4.610000000000127,-0.048795000000001205,0.24812479999999998,0.19932979999999878
23.410118394,775.3899999999999,0.55,760.0,15.389999999999873,0.141658161781884,0.29464819999999997,0.436306361781884,780.0,-4.610000000000127,-0.048795000000001205,0.24812479999999998,0.19932979999999878
23.41916677,775.3899999999999,0.55,760.0,15.389999999999873,0.142190909178234,0.29464819999999997,0.436839109178234,760.0,15.389999999999873,0.1417377697888069,0.24812479999999998,0.38986256978880685
23.428498937,775.3899999999999,0.55,780.0,-4.610000000000127,-0.04802301404546688,0.29464819999999997,0.2466251859545331,760.0,15.389999999999873,0.14245190757265164,0.24812479999999998,0.3905767075726516
23.437634813,775.3899999999999,0.55,780.0,-4.610000000000127,-0.048234550649116734,0.29464819999999997,0.24641364935088322,780.0,-4.610000000000127,-0.047759629007948445,0.24812479999999998,0.20036517099205153
23.446918273,775.3899999999999,0.55,780.0,-4.610000000000127,-0.04844448046031786,0.29464819999999997,0.24620371953968212,780.0,-4.610000000000127,-0.04796955884219933,0.24812479999999998,0.20015524115780065
23.456221857,775.3899999999999,0.55,760.0,15.389999999999873,0.1422740562472294,0.29464819999999997,0.43692225624722936,760.0,15.389999999999873,0.14274900033475527,0.24812479999999998,0.3908738003347553
23.465357733,775.3899999999999,0.55,780.0,-4.610000000000127,-0.0479395577376714,0.29464819999999997,0.24670864226232858,800.0,-24.610000000000127,-0.23839135532707242,0.24812479999999998,0.009733444672927555
23.476657484,775.3899999999999,0.55,780.0,-4.610000000000127,-0.048148734574519264,0.29464819999999997,0.2464994654254807,780.0,-4.610000000000127,-0.048600518725776164,0.24812479999999998,0.1995242812742238
23.48634461,775.3899999999999,0.55,780.0,-4.610000000000127,-0.048418518528171424,0.29464819999999997,0.24622968147182855,780.0,-4.610000000000127,-0.048795000000001205,0.24812479999999998,0.19932979999999878
23.497554236,775.3899999999999,0.55,780.0,-4.610000000000127,-0.04864746749366982,0.29464819999999997,0.24600073250633014,760.0,15.389999999999873,0.141969052632558,0.24812479999999998,0.39009385263255797
23.507265279,775.3899999999999,0.55,780.0,-4.610000000000127,-0.048795000000001205,0.29464819999999997,0.24585319999999877,780.0,-4.610000000000127,-0.04828395762864178,0.24812479999999998,0.19984084237135818
23.515656821,775.3899999999999,0.55,780.0,-4.610000000000127,-0.048795000000001205,0.29464819999999997,0.24585319999999877,760.0,15.389999999999873,0.14245787576835053,0.24812479999999998,0.3905826757683505
23.524587947,775.3899999999999,0.55,780.0,-4.610000000000127,-0.048795000000001205,0.29464819999999997,0.24585319999999877,780.0,-4.610000000000127,-0.04774343525599686,0.24812479999999998,0.20038136474400312
23.533706906,775.3899999999999,0.55,780.0,-4.610000000000127,-0.048795000000001205,0.29464819999999997,0.24585319999999877,760.0,15.389999999999873,0.14295057048410603,0.24812479999999998,0.391075370484106
23.544592491,775.3899999999999,0.55,760.0,15.389999999999873,0.14192782351509456,0.29464819999999997,0.4365760235150945,760.0,15.389999999999873,0.14367339392227013,0.24812479999999998,0.3917981939222701
23.555353242,775.3899999999999,0.55,780.0,-4.610000000000127,-0.048319579833604326,0.29464819999999997,0.24632862016639565,780.0,-4.610000000000127,-0.04657401615702571,0.24812479999999998,0.20155078384297426
23.56648441,775.3899999999999,0.55,780.0,-4.610000000000127,-0.048573497711607155,0.29464819999999997,0.24607470228839282,780.0,-4.610000000000127,-0.04682793403502854,0.24812479999999998,0.20129686596497143
23.577571827,775.3899999999999,0.55,780.0,-4.610000000000127,-0.048795000000001205,0.29464819999999997,0.24585319999999877,780.0,-4.610000000000127,-0.047083862057425395,0.24812479999999998,0.20104093794257458
23.586658412,775.3899999999999,0.55,780.0,-4.610000000000127,-0.048795000000001205,0.29464819999999997,0.24585319999999877,780.0,-4.610000000000127,-0.04733473443112469,0.24812479999999998,0.2007900655688753
23.600704788,775.3899999999999,0.55,780.0,-4.610000000000127,-0.048795000000001205,0.29464819999999997,0.24585319999999877,780.0,-4.610000000000127,-0.047655854584126876,0.24812479999999998,0.2004689454158731
23.609852914,775.3899999999999,0.55,780.0,-4.610000000000127,-0.048795000000001205,0.29464819999999997,0.24585319999999877,780.0,-4.610000000000127,-0.04786641635717698,0.24812479999999998,0.200258383642823
23.619321582,775.3899999999999,0.55,780.0,-4.610000000000127,-0.048795000000001205,0.29464819999999997,0.24585319999999877,780.0,-4.610000000000127,-0.04808079002397826,0.24812479999999998,0.20004400997602173
23.628519874,775.3899999999999,0.55,780.0,-4.610000000000127,-0.048795000000001205,0.29464819999999997,0.24585319999999877,760.0,15.389999999999873,0.14263655719046847,0.24812479999999998,0.39076135719046845
23.640937292,775.3899999999999,0.55,760.0,15.389999999999873,0.14192360403880136,0.29464819999999997,0.43657180403880136,780.0,-4.610000000000127,-0.0475787106088817,0.24812479999999998,0.2005460893911183
23.65177796,775.3899999999999,0.55,780.0,-4.610000000000127,-0.048363410734895765,0.29464819999999997,0.24628478926510422,780.0,-4.610000000000127,-0.04786571867503164,0.24812479999999998,0.20025908132496834
23.662329003,775.3899999999999,0.55,780.0,-4.610000000000127,-0.048608662780999755,0.29464819999999997,0.2460395372190002,780.0,-4.610000000000127,-0.04811096399053344,0.24812479999999998,0.20001383600946654
23.67335692,775.3899999999999,0.55,760.0,15.389999999999873,0.14222476350844696,0.29464819999999997,0.43687296350844695,760.0,15.389999999999873,0.14272246229891328,0.24812479999999998,0.39084726229891326
23.683920505,775.3899999999999,0.55,780.0,-4.610000000000127,-0.048024112159002444,0.29464819999999997,0.24662408784099754,780.0,-4.610000000000127,-0.047526413368536136,0.24812479999999998,0.20059838663146384
23.694477672,775.3899999999999,0.55,780.0,-4.610000000000127,-0.048264409400151094,0.29464819999999997,0.24638379059984888,780.0,-4.610000000000127,-0.04776671731723722,0.24812479999999998,0.20035808268276276
23.705089674,775.3899999999999,0.55,780.0,-4.610000000000127,-0.04851126146200211,0.29464819999999997,0.24613693853799787,780.0,-4.610000000000127,-0.048013562671535795,0.24812479999999998,0.2001112373284642
23.722679217,775.3899999999999,0.55,760.0,15.389999999999873,0.14284481253628728,0.29464819999999997,0.43749301253628725,800.0,-24.610000000000127,-0.2387950000000012,0.24812479999999998,0.009329799999998778
# 23.731 Shooter Ready
23.735316843,775.3899999999999,0.55,780.0,-4.610000000000127,-0.047443062786112745,0.29464819999999997,0.24720513721388723,780.0,-4.610000000000127,-0.048795000000001205,0.24812479999999998,0.19932979999999878
23.745705719,775.3899999999999,0.55,780.0,-4.610000000000127,-0.04768853666541348,0.29464819999999997,0.2469596633345865,760.0,15.389999999999873,0.1420246458526016,0.24812479999999998,0.3901494458526016
23.75595022,775.3899999999999,0.55,780.0,-4.610000000000127,-0.0479214790203671,0.29464819999999997,0.24672672097963289,760.0,15.389999999999873,0.14280227692825634,0.24812479999999998,0.39092707692825635
23.766544721,775.3899999999999,0.55,780.0,-4.610000000000127,-0.04816232081776667,0.29464819999999997,0.2464858791822333,760.0,15.389999999999873,0.14360630193085486,0.24812479999999998,0.3917311019308548
23.777378681,775.3899999999999,0.55,780.0,-4.610000000000127,-0.04841231249706647,0.29464819999999997,0.24623588750293351,780.0,-4.610000000000127,-0.04664369647904188,0.24812479999999998,0.2014811035209581
23.78768589,775.3899999999999,0.55,780.0,-4.610000000000127,-0.04865359127636731,0.29464819999999997,0.24599460872363266,780.0,-4.610000000000127,-0.04688497525834272,0.24812479999999998,0.20123982474165725
23.802081975,775.3899999999999,0.55,780.0,-4.610000000000127,-0.048795000000001205,0.29464819999999997,0.24585319999999877,780.0,-4.610000000000127,-0.04713347445014563,0.24812479999999998,0.20099132554985435
23.812694268,775.3899999999999,0.55,760.0,15.389999999999873,0.14227960682693802,0.29464819999999997,0.436927806826938,780.0,-4.610000000000127,-0.04745537445379462,0.24812479999999998,0.20066942554620537
23.823289935,775.3899999999999,0.55,780.0,-4.610000000000127,-0.047967567957961914,0.29464819999999997,0.24668063204203805,780.0,-4.610000000000127,-0.04770254250809238,0.24812479999999998,0.2004222574919076
23.834187478,775.3899999999999,0.55,780.0,-4.610000000000127,-0.04821458810041209,0.29464819999999997,0.24643361189958787,780.0,-4.610000000000127,-0.04794956938114475,0.24812479999999998,0.20017523061885523
23.845204313,775.3899999999999,0.55,760.0,15.389999999999873,0.14262795037718978,0.29464819999999997,0.43727615037718975,760.0,15.389999999999873,0.1428929466270498,0.24812479999999998,0.3910177466270498
23.855874647,775.3899999999999,0.55,780.0,-4.610000000000127,-0.047627654945213115,0.29464819999999997,0.24702054505478685,780.0,-4.610000000000127,-0.04736267886409944,0.24812479999999998,0.20076212113590053
23.866653481,775.3899999999999,0.55,780.0,-4.610000000000127,-0.047870547224509875,0.29464819999999997,0.2467776527754901,780.0,-4.610000000000127,-0.04760555770525206,0.24812479999999998,0.20051924229474793
23.877693941,775.3899999999999,0.55,780.0,-4.610000000000127,-0.048125460078809044,0.29464819999999997,0.24652273992119092,780.0,-4.610000000000127,-0.04786046382894903,0.24812479999999998,0.20026433617105094
23.892005151,775.3899999999999,0.55,760.0,15.389999999999873,0.14298595454945046,0.29464819999999997,0.4376341545494504,800.0,-24.610000000000127,-0.2387950000000012,0.24812479999999998,0.009329799999998778
# 23.900 Shooter Ready
23.90487436,775.3899999999999,0.55,780.0,-4.610000000000127,-0.047308475616696474,0.29464819999999997,0.24733972438330348,780.0,-4.610000000000127,-0.048795000000001205,0.24812479999999998,0.19932979999999878
23.915758195,775.3899999999999,0.55,780.0,-4.610000000000127,-0.047554036901600504,0.29464819999999997,0.24709416309839946,760.0,15.389999999999873,0.14202480298450204,0.24812479999999998,0.390149602984502
23.926814988,775.3899999999999,0.55,780.0,-4.610000000000127,-0.04780983045029917,0.29464819999999997,0.2468383695497008,760.0,15.389999999999873,0.14287874283579755,0.24812479999999998,0.3910035428357975
23.942857239,775.3899999999999,0.55,780.0,-4.610000000000127,-0.04807269652269685,0.29464819999999997,0.24657550347730312,760.0,15.389999999999873,0.14375627109399994,0.24812479999999998,0.39188107109399994
23.953289573,775.3899999999999,0.55,780.0,-4.610000000000127,-0.04843002628949884,0.29464819999999997,0.24621817371050114,780.0,-4.610000000000127,-0.04660107886459813,0.24812479999999998,0.20152372113540185
23.965116658,775.3899999999999,0.55,780.0,-4.610000000000127,-0.0486718496250506,0.29464819999999997,0.24597635037494936,780.0,-4.610000000000127,-0.046842895469547695,0.24812479999999998,0.20128190453045228
23.978236409,775.3899999999999,0.55,780.0,-4.610000000000127,-0.048795000000001205,0.29464819999999997,0.24585319999999877,780.0,-4.610000000000127,-0.04711730479754858,0.24812479999999998,0.2010074952024514
23.987221202,775.3899999999999,0.55,780.0,-4.610000000000127,-0.048795000000001205,0.29464819999999997,0.24585319999999877,780.0,-4.610000000000127,-0.04741424259625081,0.24812479999999998,0.20071055740374916
23.999095536,775.3899999999999,0.55,780.0,-4.610000000000127,-0.048795000000001205,0.29464819999999997,0.24585319999999877,780.0,-4.610000000000127,-0.04768640646240155,0.24812479999999998,0.20043839353759843
24.007646329,775.3899999999999,0.55,780.0,-4.610000000000127,-0.048795000000001205,0.29464819999999997,0.24585319999999877,760.0,15.389999999999873,0.1429988237457877,0.24812479999999998,0.3911236237457877
24.017665955,775.3899999999999,0.55,760.0,15.389999999999873,0.1418402030894386,0.29464819999999997,0.4364884030894386,760.0,15.389999999999873,0.143634026835245,0.24812479999999998,0.391758826835245
24.026976248,775.3899999999999,0.55,760.0,15.389999999999873,0.14260450265454336,0.29464819999999997,0.4372527026545433,780.0,-4.610000000000127,-0.04659491539965643,0.24812479999999998,0.20152988460034355
24.036838082,775.3899999999999,0.55,780.0,-4.610000000000127,-0.04761664771225652,0.29464819999999997,0.24703155228774346,780.0,-4.610000000000127,-0.046816065766456326,0.24812479999999998,0.20130873423354365
24.046850416,775.3899999999999,0.55,780.0,-4.610000000000127,-0.04784828582905877,0.29464819999999997,0.24679991417094121,760.0,15.389999999999873,0.14395723371673363,0.24812479999999998,0.3920820337167336
24.056652751,775.3899999999999,0.55,760.0,15.389999999999873,0.14290371450972947,0.29464819999999997,0.4375519145097294,780.0,-4.610000000000127,-0.04626803107506503,0.24812479999999998,0.20185676892493495
24.066575543,775.3899999999999,0.55,780.0,-4.610000000000127,-0.0473221150070717,0.29464819999999997,0.24732608499292827,780.0,-4.610000000000127,-0.04649386059186622,0.24812479999999998,0.20163093940813376
24.076590211,775.3899999999999,0.55,780.0,-4.610000000000127,-0.04754982021762373,0.29464819999999997,0.24709837978237625,780.0,-4.610000000000127,-0.04672155907181605,0.24812479999999998,0.20140324092818393
24.086100295,775.3899999999999,0.55,780.0,-4.610000000000127,-0.047775367371923665,0.29464819999999997,0.2468728326280763,780.0,-4.610000000000127,-0.04694710622611599,0.24812479999999998,0.201177693773884
24.095695254,775.3899999999999,0.55,780.0,-4.610000000000127,-0.04799790265187081,0.29464819999999997,0.24665029734812915,800.0,-24.610000000000127,-0.23813508740607867,0.24812479999999998,0.009989712593921313
24.106228214,775.3899999999999,0.55,780.0,-4.610000000000127,-0.04822927857492339,0.29464819999999997,0.2464189214250766,780.0,-4.610000000000127,-0.04836642299162809,0.24812479999999998,0.1997583770083719
24.116994215,775.3899999999999,0.55,780.0,-4.610000000000127,-0.048484003202921566,0.29464819999999997,0.2461641967970784,780.0,-4.610000000000127,-0.0486211543271787,0.24812479999999998,0.19950364567282128
24.127507924,775.3899999999999,0.55,780.0,-4.610000000000127,-0.04872155747101952,0.29464819999999997,0.24592664252898044,780.0,-4.610000000000127,-0.048795000000001205,0.24812479999999998,0.19932979999999878
24.135657092,775.3899999999999,0.55,780.0,-4.610000000000127,-0.048795000000001205,0.29464819999999997,0.24585319999999877,780.0,-4.610000000000127,-0.048795000000001205,0.24812479999999998,0.19932979999999878
24.147371885,775.3899999999999,0.55,760.0,15.389999999999873,0.141820564756907,0.29464819999999997,0.436468764756907,760.0,15.389999999999873,0.1418205647568895,0.24812479999999998,0.38994536475688946
24.157888802,775.3899999999999,0.55,780.0,-4.610000000000127,-0.04845102094609183,0.29464819999999997,0.24619717905390814,780.0,-4.610000000000127,-0.04845102094610933,0.24812479999999998,0.19967377905389067
24.169046512,775.3899999999999,0.55,780.0,-4.610000000000127,-0.04869371826849064,0.29464819999999997,0.24595448173150933,780.0,-4.610000000000127,-0.04869371153791119,0.24812479999999998,0.1994310884620888
24.179719763,775.3899999999999,0.55,780.0,-4.610000000000127,-0.048795000000001205,0.29464819999999997,0.24585319999999877,760.0,15.389999999999873,0.14217212355218656,0.24812479999999998,0.39029692355218654
24.190362972,775.3899999999999,0.55,760.0,15.389999999999873,0.14202738396445153,0.29464819999999997,0.4366755839644515,780.0,-4.610000000000127,-0.048074210852762075,0.24812479999999998,0.2000505891472379
24.20098489,775.3899999999999,0.55,780.0,-4.610000000000127,-0.04821955552604729,0.29464819999999997,0.24642864447395268,800.0,-24.610000000000127,-0.2387950000000012,0.24812479999999998,0.009329799999998778
24.211532433,775.3899999999999,0.55,780.0,-4.610000000000127,-0.04846197719349729,0.29464819999999997,0.24618622280650268,780.0,-4.610000000000127,-0.048795000000001205,0.24812479999999998,0.19932979999999878
24.2196361,775.3899999999999,0.55,780.0,-4.610000000000127,-0.04870449299714755,0.29464819999999997,0.24594370700285242,780.0,-4.610000000000127,-0.048795000000001205,0.24812479999999998,0.19932979999999878
24.230076893,775.3899999999999,0.55,780.0,-4.610000000000127,-0.048795000000001205,0.29464819999999997,0.24585319999999877,800.0,-24.610000000000127,-0.2387950000000012,0.24812479999999998,0.009329799999998778
24.239770727,775.3899999999999,0.55,780.0,-4.610000000000127,-0.048795000000001205,0.29464819999999997,0.24585319999999877,780.0,-4.610000000000127,-0.048795000000001205,0.24812479999999998,0.19932979999999878
24.248781478,775.3899999999999,0.55,780.0,-4.610000000000127,-0.048795000000001205,0.29464819999999997,0.24585319999999877,760.0,15.389999999999873,0.14190587352759967,0.24812479999999998,0.3900306735275997
24.257719604,775.3899999999999,0.55,780.0,-4.610000000000127,-0.048795000000001205,0.29464819999999997,0.24585319999999877,780.0,-4.610000000000127,-0.04830026455860185,0.24812479999999998,0.19982453544139814
24.266722188,775.3899999999999,0.55,780.0,-4.610000000000127,-0.048795000000001205,0.29464819999999997,0.24585319999999877,780.0,-4.610000000000127,-0.04850574380665037,0.24812479999999998,0.1996190561933496
24.277300648,775.3899999999999,0.55,760.0,15.389999999999873,0.14190353932631486,0.29464819999999997,0.43655173932631486,760.0,15.389999999999873,0.14219277312720754,0.24812479999999998,0.3903175731272075
24.287642857,775.3899999999999,0.55,780.0,-4.610000000000127,-0.048338378122382154,0.29464819999999997,0.24630982187761782,760.0,15.389999999999873,0.1430004339403455,0.24812479999999998,0.3911252339403455
24.298677483,775.3899999999999,0.55,780.0,-4.610000000000127,-0.04858287046353069,0.29464819999999997,0.24606532953646928,780.0,-4.610000000000127,-0.047244071838957645,0.24812479999999998,0.20088072816104233
24.313131901,775.3899999999999,0.55,780.0,-4.610000000000127,-0.048795000000001205,0.29464819999999997,0.24585319999999877,780.0,-4.610000000000127,-0.04749510558570367,0.24812479999999998,0.20062969441429632
24.322448027,775.3899999999999,0.55,780.0,-4.610000000000127,-0.048795000000001205,0.29464819999999997,0.24585319999999877,780.0,-4.610000000000127,-0.04782921441370582,0.24812479999999998,0.20029558558629415
24.331766778,775.3899999999999,0.55,780.0,-4.610000000000127,-0.048795000000001205,0.29464819999999997,0.24585319999999877,780.0,-4.610000000000127,-0.04804550411175587,0.24812479999999998,0.2000792958882441
24.340926279,775.3899999999999,0.55,780.0,-4.610000000000127,-0.048795000000001205,0.29464819999999997,0.24585319999999877,780.0,-4.610000000000127,-0.04825956851670737,0.24812479999999998,0.1998652314832926
24.350268363,775.3899999999999,0.55,780.0,-4.610000000000127,-0.048795000000001205,0.29464819999999997,0.24585319999999877,780.0,-4.610000000000127,-0.04847087653350329,0.24812479999999998,0.19965392346649669
24.360674448,775.3899999999999,0.55,760.0,15.389999999999873,0.1419101153194018,0.29464819999999997,0.43655831531940176,760.0,15.389999999999873,0.142234306117155,0.24812479999999998,0.39035910611715496
24.371294907,775.3899999999999,0.55,780.0,-4.610000000000127,-0.04832956342109701,0.29464819999999997,0.24631863657890296,760.0,15.389999999999873,0.14303444837665102,0.24812479999999998,0.391159248376651
24.382389033,775.3899999999999,0.55,780.0,-4.610000000000127,-0.04858175349414683,0.29464819999999997,0.24606644650585313,780.0,-4.610000000000127,-0.04721774169639877,0.24812479999999998,0.2009070583036012
24.393219201,775.3899999999999,0.55,760.0,15.389999999999873,0.14225465783971286,0.29464819999999997,0.43690285783971283,780.0,-4.610000000000127,-0.04746829810070108,0.24812479999999998,0.2006565018992989
24.403690035,775.3899999999999,0.55,780.0,-4.610000000000127,-0.04799402287083336,0.29464819999999997,0.2466541771291666,780.0,-4.610000000000127,-0.04771695191189877,0.24812479999999998,0.2004078480881012
24.413998411,775.3899999999999,0.55,780.0,-4.610000000000127,-0.048232814163285974,0.29464819999999997,0.246415385836714,780.0,-4.610000000000127,-0.04795576339614749,0.24812479999999998,0.2001690366038525
24.424612746,775.3899999999999,0.55,780.0,-4.610000000000127,-0.04847493329948313,0.29464819999999997,0.24617326670051684,780.0,-4.610000000000127,-0.04819788253234989,0.24812479999999998,0.1999269174676501
24.435096705,775.3899999999999,0.55,780.0,-4.610000000000127,-0.04871506248308237,0.29464819999999997,0.2459331375169176,760.0,15.389999999999873,0.1426036736834024,0.24812479999999998,0.39072847368340236
24.445972956,775.3899999999999,0.55,780.0,-4.610000000000127,-0.048795000000001205,0.29464819999999997,0.24585319999999877,760.0,15.389999999999873,0.14344522458470296,0.24812479999999998,0.3915700245847029
24.455343624,775.3899999999999,0.55,780.0,-4.610000000000127,-0.048795000000001205,0.29464819999999997,0.24585319999999877,780.0,-4.610000000000127,-0.046807590719598884,0.24812479999999998,0.2013172092804011
24.464312375,775.3899999999999,0.55,780.0,-4.610000000000127,-0.048795000000001205,0.29464819999999997,0.24585319999999877,780.0,-4.610000000000127,-0.04701570534329869,0.24812479999999998,0.2011090946567013
24.475290709,775.3899999999999,0.55,760.0,15.389999999999873,0.141894831125639,0.29464819999999997,0.43654303112563897,780.0,-4.610000000000127,-0.04722232077194394,0.24812479999999998,0.20090247922805604
24.490409544,775.3899999999999,0.55,780.0,-4.610000000000127,-0.04838482207736568,0.29464819999999997,0.2462633779226343,800.0,-24.610000000000127,-0.23871532752065067,0.24812479999999998,0.009409472479349312
24.501809337,775.3899999999999,0.55,780.0,-4.610000000000127,-0.048711428107314735,0.29464819999999997,0.24593677189268523,780.0,-4.610000000000127,-0.048795000000001205,0.24812479999999998,0.19932979999999878
24.510010421,775.3899999999999,0.55,760.0,15.389999999999873,0.14214486841467291,0.29464819999999997,0.4367930684146729,780.0,-4.610000000000127,-0.048795000000001205,0.24812479999999998,0.19932979999999878
24.517868797,775.3899999999999,0.55,760.0,15.389999999999873,0.14277178976037597,0.29464819999999997,0.43741998976037594,780.0,-4.610000000000127,-0.048795000000001205,0.24812479999999998,0.19932979999999878
24.527345631,775.3899999999999,0.55,780.0,-4.610000000000127,-0.047396948732726686,0.29464819999999997,0.2472512512672733,760.0,15.389999999999873,0.14176827084504223,0.24812479999999998,0.3898930708450422
24.536860382,775.3899999999999,0.55,780.0,-4.610000000000127,-0.04761666038767703,0.29464819999999997,0.24703153961232294,760.0,15.389999999999873,0.14250175509009333,0.24812479999999998,0.3906265550900933
24.546984716,775.3899999999999,0.55,760.0,15.389999999999873,0.14315053442116057,0.29464819999999997,0.4377987344211606,780.0,-4.610000000000127,-0.04772806113166039,0.24812479999999998,0.20039673886833959
24.556681176,775.3899999999999,0.55,780.0,-4.610000000000127,-0.047075953933793595,0.29464819999999997,0.24757224606620637,780.0,-4.610000000000127,-0.04795454275600715,0.24812479999999998,0.20017025724399284
24.566121843,775.3899999999999,0.55,780.0,-4.610000000000127,-0.04729087888744275,0.29464819999999997,0.2473573211125572,780.0,-4.610000000000127,-0.04816947444025851,0.24812479999999998,0.19995532555974146
24.576536094,775.3899999999999,0.55,780.0,-4.610000000000127,-0.04752652385489414,0.29464819999999997,0.24712167614510583,780.0,-4.610000000000127,-0.04840510596955526,0.24812479999999998,0.1997196940304447
24.586198429,775.3899999999999,0.55,780.0,-4.610000000000127,-0.04775279037664112,0.29464819999999997,0.24689540962335885,780.0,-4.610000000000127,-0.04863138590640711,0.24812479999999998,0.19949341409359286
24.59554518,775.3899999999999,0.55,780.0,-4.610000000000127,-0.047972858338491624,0.29464819999999997,0.24667534166150834,780.0,-4.610000000000127,-0.048795000000001205,0.24812479999999998,0.19932979999999878
24.605003347,775.3899999999999,0.55,780.0,-4.610000000000127,-0.04819343054213963,0.29464819999999997,0.24645476945786035,760.0,15.389999999999873,0.1419413570963421,0.24812479999999998,0.39006615709634207
24.614328515,775.3899999999999,0.55,780.0,-4.610000000000127,-0.04840871180269419,0.29464819999999997,0.2462394881973058,760.0,15.389999999999873,0.1426600509358073,0.24812479999999998,0.3907848509358073
24.624672183,775.3899999999999,0.55,780.0,-4.610000000000127,-0.048633600118841123,0.29464819999999997,0.24601459988115884,760.0,15.389999999999873,0.1434106597877466,0.24812479999999998,0.3915354597877466
24.635373725,775.3899999999999,0.55,760.0,15.389999999999873,0.14218139980056438,0.29464819999999997,0.43682959980056435,780.0,-4.610000000000127,-0.046833476223451985,0.24812479999999998,0.201291323776548
24.646327851,775.3899999999999,0.55,780.0,-4.610000000000127,-0.04806273623368397,0.29464819999999997,0.24658546376631602,780.0,-4.610000000000127,-0.04707760552710341,0.24812479999999998,0.20104719447289657
24.658982978,775.3899999999999,0.55,780.0,-4.610000000000127,-0.04832855365113518,0.29464819999999997,0.2463196463488648,800.0,-24.610000000000127,-0.2384966438445598,0.24812479999999998,0.009628156155440187
24.669682479,775.3899999999999,0.55,780.0,-4.610000000000127,-0.048606210147884736,0.29464819999999997,0.24604198985211523,780.0,-4.610000000000127,-0.04877430704886179,0.24812479999999998,0.1993504929511382
24.679894605,775.3899999999999,0.55,760.0,15.389999999999873,0.14221231346590615,0.29464819999999997,0.43686051346590615,780.0,-4.610000000000127,-0.048795000000001205,0.24812479999999998,0.19932979999999878
24.688188439,775.3899999999999,0.55,780.0,-4.610000000000127,-0.048025260993998384,0.29464819999999997,0.24662293900600157,780.0,-4.610000000000127,-0.048795000000001205,0.24812479999999998,0.19932979999999878
24.69978569,775.3899999999999,0.55,780.0,-4.610000000000127,-0.048218914623947694,0.29464819999999997,0.24642928537605227,760.0,15.389999999999873,0.14185149227004645,0.24812479999999998,0.38997629227004643
24.71087165,775.3899999999999,0.55,780.0,-4.610000000000127,-0.048492221378247595,0.29464819999999997,0.24615597862175237,760.0,15.389999999999873,0.1427638532538981,0.24812479999999998,0.3908886532538981
24.721983859,775.3899999999999,0.55,760.0,15.389999999999873,0.14234721986185556,0.29464819999999997,0.4369954198618555,780.0,-4.610000000000127,-0.047487610744152225,0.24812479999999998,0.20063718925584775
24.733609402,775.3899999999999,0.55,780.0,-4.610000000000127,-0.04791065106809409,0.29464819999999997,0.2467375489319059,780.0,-4.610000000000127,-0.047745488404698826,0.24812479999999998,0.20037931159530115
24.746715153,775.3899999999999,0.55,780.0,-4.610000000000127,-0.04822151205794262,0.29464819999999997,0.24642668794205735,780.0,-4.610000000000127,-0.04805632920275125,0.24812479999999998,0.20006847079724874
24.757398321,775.3899999999999,0.55,780.0,-4.610000000000127,-0.04847867708164437,0.29464819999999997,0.2461695229183556,780.0,-4.610000000000127,-0.048313514418249104,0.24812479999999998,0.19981128558175087
24.767134447,775.3899999999999,0.55,780.0,-4.610000000000127,-0.04871348842279114,0.29464819999999997,0.24593471157720884,780.0,-4.610000000000127,-0.0485483593663021,0.24812479999999998,0.1995764406336979
24.77702924,775.3899999999999,0.55,780.0,-4.610000000000127,-0.048795000000001205,0.29464819999999997,0.24585319999999877,780.0,-4.610000000000127,-0.04877268295745177,0.24812479999999998,0.1993521170425482
24.785427782,775.3899999999999,0.55,780.0,-4.610000000000127,-0.048795000000001205,0.29464819999999997,0.24585319999999877,760.0,15.389999999999873,0.14197307804449102,0.24812479999999998,0.39009787804449103
24.793906825,775.3899999999999,0.55,780.0,-4.610000000000127,-0.048795000000001205,0.29464819999999997,0.24585319999999877,780.0,-4.610000000000127,-0.048224784123607554,0.24812479999999998,0.19990001587639242
24.803859659,775.3899999999999,0.55,760.0,15.389999999999873,0.14187021043449868,0.29464819999999997,0.4365184104344987,780.0,-4.610000000000127,-0.04842404466605778,0.24812479999999998,0.19970075533394221
24.817427702,775.3899999999999,0.55,780.0,-4.610000000000127,-0.04835464425170276,0.29464819999999997,0.2462935557482972,780.0,-4.610000000000127,-0.04864889264471202,0.24812479999999998,0.19947590735528797
24.827505078,775.3899999999999,0.55,780.0,-4.610000000000127,-0.04866576070470399,0.29464819999999997,0.24598243929529598,780.0,-4.610000000000127,-0.048795000000001205,0.24812479999999998,0.19932979999999878
24.83493762,775.3899999999999,0.55,780.0,-4.610000000000127,-0.048795000000001205,0.29464819999999997,0.24585319999999877,780.0,-4.610000000000127,-0.048795000000001205,0.24812479999999998,0.19932979999999878
24.842399621,775.3899999999999,0.55,760.0,15.389999999999873,0.14176762000194906,0.29464819999999997,0.436415820001949,780.0,-4.610000000000127,-0.048795000000001205,0.24812479999999998,0.19932979999999878
24.849814664,775.3899999999999,0.55,760.0,15.389999999999873,0.14235230218449751,0.29464819999999997,0.4370005021844975,780.0,-4.610000000000127,-0.048795000000001205,0.24812479999999998,0.19932979999999878
24.857147456,775.3899999999999,0.55,780.0,-4.610000000000127,-0.0478159858885545,0.29464819999999997,0.24683221411144546,780.0,-4.610000000000127,-0.048795000000001205,0.24812479999999998,0.19932979999999878
24.86669079,775.3899999999999,0.55,780.0,-4.610000000000127,-0.04798701018100525,0.29464819999999997,0.2466611898189947,760.0,15.389999999999873,0.14177596907694112,0.24812479999999998,0.3899007690769411
24.876590833,775.3899999999999,0.55,780.0,-4.610000000000127,-0.04820693025405269,0.29464819999999997,0.24644126974594727,760.0,15.389999999999873,0.1425101266344927,0.24812479999999998,0.3906349266344927
24.886078459,775.3899999999999,0.55,760.0,15.389999999999873,0.14255029952980572,0.29464819999999997,0.4371984995298057,780.0,-4.610000000000127,-0.04771670458920701,0.24812479999999998,0.20040809541079296
24.895594668,775.3899999999999,0.55,780.0,-4.610000000000127,-0.04766936505704449,0.29464819999999997,0.24697883494295547,780.0,-4.610000000000127,-0.04793636919910698,0.24812479999999998,0.200188430800893
24.905237461,775.3899999999999,0.55,780.0,-4.610000000000127,-0.047893460061345476,0.29464819999999997,0.2467547399386545,780.0,-4.610000000000127,-0.04816045747280577,0.24812479999999998,0.1999643425271942
24.914919045,775.3899999999999,0.55,780.0,-4.610000000000127,-0.0481095144649944,0.29464819999999997,0.24653868553500558,780.0,-4.610000000000127,-0.048376518584007135,0.24812479999999998,0.19974828141599285
24.931196672,775.3899999999999,0.55,780.0,-4.610000000000127,-0.048445902361742434,0.29464819999999997,0.24620229763825754,780.0,-4.610000000000127,-0.048712859435704796,0.24812479999999998,0.19941194056429518
24.952757549,775.3899999999999,0.55,780.0,-4.610000000000127,-0.048795000000001205,0.29464819999999997,0.24585319999999877,760.0,15.389999999999873,0.1430581545869458,0.24812479999999998,0.39118295458694574
24.961933383,775.3899999999999,0.55,780.0,-4.610000000000127,-0.048795000000001205,0.29464819999999997,0.24585319999999877,760.0,15.389999999999873,0.1438720548138959,0.24812479999999998,0.3919968548138959
24.979741093,775.3899999999999,0.55,780.0,-4.610000000000127,-0.048795000000001205,0.29464819999999997,0.24585319999999877,780.0,-4.610000000000127,-0.04654213738975591,0.24812479999999998,0.20158266261024407
24.995474178,775.3899999999999,0.55,760.0,15.389999999999873,0.14206300219570456,0.29464819999999997,0.43671120219570453,780.0,-4.610000000000127,-0.04679914781710741,0.24812479999999998,0.20132565218289256
25.084161854,775.3899999999999,0.55,800.0,-24.610000000000127,-0.2387950000000012,0.29464819999999997,0.05585319999999877,780.0,-4.610000000000127,-0.048795000000001205,0.24812479999999998,0.19932979999999878
25.142863568,775.3899999999999,0.55,800.0,-24.610000000000127,-0.2387950000000012,0.29464819999999997,0.05585319999999877,780.0,-4.610000000000127,-0.048795000000001205,0.24812479999999998,0.19932979999999878
25.161933612,775.3899999999999,0.55,800.0,-24.610000000000127,-0.2387950000000012,0.29464819999999997,0.05585319999999877,780.0,-4.610000000000127,-0.048795000000001205,0.24812479999999998,0.19932979999999878
25.181400905,775.3899999999999,0.55,780.0,-4.610000000000127,-0.048795000000001205,0.29464819999999997,0.24585319999999877,780.0,-4.610000000000127,-0.048795000000001205,0.24812479999999998,0.19932979999999878
25.19977649,775.3899999999999,0.55,780.0,-4.610000000000127,-0.048795000000001205,0.29464819999999997,0.24585319999999877,760.0,15.389999999999873,0.14264492379699573,0.24812479999999998,0.3907697237969957
25.219213742,775.3899999999999,0.55,780.0,-4.610000000000127,-0.048795000000001205,0.29464819999999997,0.24585319999999877,780.0,-4.610000000000127,-0.047805229310955114,0.24812479999999998,0.20031957068904488
25.240629661,775.3899999999999,0.55,800.0,-24.610000000000127,-0.2387950000000012,0.29464819999999997,0.05585319999999877,780.0,-4.610000000000127,-0.048265534007704745,0.24812479999999998,0.19985926599229523
25.301707292,775.3899999999999,0.55,780.0,-4.610000000000127,-0.048795000000001205,0.29464819999999997,0.24585319999999877,760.0,15.389999999999873,0.14644760909214025,0.24812479999999998,0.3945724090921402
25.325008545,775.3899999999999,0.55,780.0,-4.610000000000127,-0.048795000000001205,0.29464819999999997,0.24585319999999877,760.0,15.389999999999873,0.14808247932728683,0.24812479999999998,0.39620727932728683
25.343911755,775.3899999999999,0.55,780.0,-4.610000000000127,-0.048795000000001205,0.29464819999999997,0.24585319999999877,760.0,15.389999999999873,0.14979249123744928,0.24812479999999998,0.39791729123744923
25.359855423,775.3899999999999,0.55,780.0,-4.610000000000127,-0.048795000000001205,0.29464819999999997,0.24585319999999877,780.0,-4.610000000000127,-0.04057430442674944,0.24812479999999998,0.20755049557325053
25.37814205,775.3899999999999,0.55,780.0,-4.610000000000127,-0.048795000000001205,0.29464819999999997,0.24585319999999877,760.0,15.389999999999873,0.15082991133834936,0.24812479999999998,0.39895471133834937
25.395629218,775.3899999999999,0.55,780.0,-4.610000000000127,-0.048795000000001205,0.29464819999999997,0.24585319999999877,780.0,-4.610000000000127,-0.039570996389651836,0.24812479999999998,0.20855380361034814
25.460477517,775.3899999999999,0.55,760.0,15.389999999999873,0.14612940609293884,0.29464819999999997,0.4407776060929388,760.0,15.389999999999873,0.15120499999999878,0.24812479999999998,0.39932979999999874
25.486550769,775.3899999999999,0.55,780.0,-4.610000000000127,-0.04446220391996338,0.29464819999999997,0.2501859960800366,780.0,-4.610000000000127,-0.03938658984415186,0.24812479999999998,0.20873821015584812
25.506067063,775.3899999999999,0.55,780.0,-4.610000000000127,-0.04484952461801139,0.29464819999999997,0.24979867538198858,780.0,-4.610000000000127,-0.039773863497149495,0.24812479999999998,0.20835093650285047
25.522009564,775.3899999999999,0.55,780.0,-4.610000000000127,-0.04528795968221268,0.29464819999999997,0.2493602403177873,780.0,-4.610000000000127,-0.04021237248269994,0.24812479999999998,0.20791242751730005
25.536425191,775.3899999999999,0.55,780.0,-4.610000000000127,-0.045620912160861275,0.29464819999999997,0.2490272878391387,780.0,-4.610000000000127,-0.04054533169195073,0.24812479999999998,0.20757946830804924
25.551464692,775.3899999999999,0.55,780.0,-4.610000000000127,-0.045967606288863094,0.29464819999999997,0.24868059371113688,760.0,15.389999999999873,0.15061204771064796,0.24812479999999998,0.39873684771064793
25.595319988,775.3899999999999,0.55,780.0,-4.610000000000127,-0.04698056168106227,0.29464819999999997,0.2476676383189377,800.0,-24.610000000000127,-0.2347955440121592,0.24812479999999998,0.013329255987840766
25.617176907,775.3899999999999,0.55,760.0,15.389999999999873,0.14469917363598558,0.29464819999999997,0.4393473736359855,780.0,-4.610000000000127,-0.04529869388756141,0.24812479999999998,0.20282610611243856
25.631615284,775.3899999999999,0.55,780.0,-4.610000000000127,-0.04563384607951473,0.29464819999999997,0.24901435392048524,780.0,-4.610000000000127,-0.04563170687245952,0.24812479999999998,0.20249309312754046
25.650398911,775.3899999999999,0.55,780.0,-4.610000000000127,-0.0460626001206645,0.29464819999999997,0.24858559987933548,780.0,-4.610000000000127,-0.046060474374808445,0.24812479999999998,0.20206432562519153
25.67283158,775.3899999999999,0.55,780.0,-4.610000000000127,-0.04657239222236711,0.29464819999999997,0.24807580777763286,780.0,-4.610000000000127,-0.046570239577157266,0.24812479999999998,0.2015545604228427
25.69211454,775.3899999999999,0.55,760.0,15.389999999999873,0.14483404555093074,0.29464819999999997,0.43948224555093074,780.0,-4.610000000000127,-0.04699153118080688,0.24812479999999998,0.2011332688191931
25.740838628,775.3899999999999,0.55,780.0,-4.610000000000127,-0.04631432285181762,0.29464819999999997,0.24833387714818234,780.0,-4.610000000000127,-0.04813991975230684,0.24812479999999998,0.19998488024769315
25.762662005,775.3899999999999,0.55,780.0,-4.610000000000127,-0.046755527742318635,0.29464819999999997,0.24789267225768133,760.0,15.389999999999873,0.14333299643414565,0.24812479999999998,0.39145779643414563
25.778503882,775.3899999999999,0.55,780.0,-4.610000000000127,-0.047192584600919886,0.29464819999999997,0.2474556153990801,780.0,-4.610000000000127,-0.04710403352510703,0.24812479999999998,0.20102076647489295
25.794882425,775.3899999999999,0.55,780.0,-4.610000000000127,-0.04756980077826925,0.29464819999999997,0.24707839922173072,780.0,-4.610000000000127,-0.04748127657875518,0.24812479999999998,0.2006435234212448
25.809219885,775.3899999999999,0.55,780.0,-4.610000000000127,-0.0478970186013157,0.29464819999999997,0.24675118139868427,780.0,-4.610000000000127,-0.04780848769425443,0.24812479999999998,0.20031631230574554
25.83032022,775.3899999999999,0.55,780.0,-4.610000000000127,-0.048308703172417464,0.29464819999999997,0.2463394968275825,780.0,-4.610000000000127,-0.048220165534754,0.24812479999999998,0.19990463446524598
25.876607725,775.3899999999999,0.55,780.0,-4.610000000000127,-0.048795000000001205,0.29464819999999997,0.24585319999999877,780.0,-4.610000000000127,-0.048795000000001205,0.24812479999999998,0.19932979999999878
25.889725435,775.3899999999999,0.55,760.0,15.389999999999873,0.1423743868344855,0.29464819999999997,0.43702258683448547,780.0,-4.610000000000127,-0.048795000000001205,0.24812479999999998,0.19932979999999878
25.90828302,775.3899999999999,0.55,780.0,-4.610000000000127,-0.04805397729286837,0.29464819999999997,0.2465942227071316,780.0,-4.610000000000127,-0.048795000000001205,0.24812479999999998,0.19932979999999878
25.930931231,775.3899999999999,0.55,780.0,-4.610000000000127,-0.04843210104091601,0.29464819999999997,0.24621609895908397,760.0,15.389999999999873,0.14246732635194087,0.24812479999999998,0.39059212635194085
25.94521094,775.3899999999999,0.55,780.0,-4.610000000000127,-0.048795000000001205,0.29464819999999997,0.24585319999999877,780.0,-4.610000000000127,-0.04796289330041224,0.24812479999999998,0.20016190669958772
25.961623317,775.3899999999999,0.55,780.0,-4.610000000000127,-0.048795000000001205,0.29464819999999997,0.24585319999999877,780.0,-4.610000000000127,-0.048365017884011284,0.24812479999999998,0.1997597821159887
26.012086614,775.3899999999999,0.55,760.0,15.389999999999873,0.1448504489222505,0.29464819999999997,0.43949864892225043,760.0,15.389999999999873,0.14528040856883306,0.24812479999999998,0.39340520856883304
26.030929741,775.3899999999999,0.55,780.0,-4.610000000000127,-0.04562555379259906,0.29464819999999997,0.24902264620740092,780.0,-4.610000000000127,-0.04519560087661866,0.24812479999999998,0.2029291991233813
26.04624895,775.3899999999999,0.55,760.0,15.389999999999873,0.14555687283501076,0.29464819999999997,0.44020507283501076,780.0,-4.610000000000127,-0.045549804487165765,0.24812479999999998,0.2025749955128342
26.063674577,775.3899999999999,0.55,780.0,-4.610000000000127,-0.04484616604988875,0.29464819999999997,0.24980203395011122,760.0,15.389999999999873,0.14579563117364394,0.24812479999999998,0.39392043117364395
26.086591413,775.3899999999999,0.55,780.0,-4.610000000000127,-0.04537500418218741,0.29464819999999997,0.24927319581781257,780.0,-4.610000000000127,-0.04473321366620191,0.24812479999999998,0.20339158633379806
26.101307748,775.3899999999999,0.55,780.0,-4.610000000000127,-0.045714793867089376,0.29464819999999997,0.2489334061329106,780.0,-4.610000000000127,-0.04507301681230303,0.24812479999999998,0.20305178318769695
26.146637127,775.3899999999999,0.55,780.0,-4.610000000000127,-0.04675889653988812,0.29464819999999997,0.24788930346011184,760.0,15.389999999999873,0.1484125876455028,0.24812479999999998,0.3965373876455028
26.167075379,775.3899999999999,0.55,780.0,-4.610000000000127,-0.04722693259848977,0.29464819999999997,0.24742126740151021,780.0,-4.610000000000127,-0.042055434974949436,0.24812479999999998,0.20606936502505055
26.184064089,775.3899999999999,0.55,780.0,-4.610000000000127,-0.04762051907023621,0.29464819999999997,0.24702768092976377,780.0,-4.610000000000127,-0.04244902144669587,0.24812479999999998,0.2056757785533041
26.200919508,775.3899999999999,0.55,780.0,-4.610000000000127,-0.04797536810383669,0.29464819999999997,0.2466728318961633,760.0,15.389999999999873,0.1487354924496532,0.24812479999999998,0.39686029244965315
26.217437468,775.3899999999999,0.55,760.0,15.389999999999873,0.14339818955007555,0.29464819999999997,0.4380463895500755,760.0,15.389999999999873,0.15010907257295528,0.24812479999999998,0.3982338725729553
26.239948887,775.3899999999999,0.55,780.0,-4.610000000000127,-0.04711117227727297,0.29464819999999997,0.247537027722727,780.0,-4.610000000000127,-0.040400295984995435,0.24812479999999998,0.20772450401500453
26.294831809,775.3899999999999,0.55,780.0,-4.610000000000127,-0.04837928254877464,0.29464819999999997,0.24626891745122534,760.0,15.389999999999873,0.15120499999999878,0.24812479999999998,0.39932979999999874
26.310343227,775.3899999999999,0.55,780.0,-4.610000000000127,-0.04874117047612339,0.29464819999999997,0.24590702952387658,780.0,-4.610000000000127,-0.03915690136550459,0.24812479999999998,0.20896789863449539
26.32711202,775.3899999999999,0.55,760.0,15.389999999999873,0.1425648987958747,0.29464819999999997,0.43721309879587467,780.0,-4.610000000000127,-0.039548121362901846,0.24812479999999998,0.20857667863709814
26.348052231,775.3899999999999,0.55,760.0,15.389999999999873,0.1439260674997745,0.29464819999999997,0.43857426749977446,780.0,-4.610000000000127,-0.039955866297151185,0.24812479999999998,0.20816893370284878
26.363173107,775.3899999999999,0.55,780.0,-4.610000000000127,-0.046499197347623276,0.29464819999999997,0.2481490026523767,780.0,-4.610000000000127,-0.040381124437001766,0.24812479999999998,0.20774367556299822
26.378782817,775.3899999999999,0.55,780.0,-4.610000000000127,-0.04685397914437728,0.29464819999999997,0.2477942208556227,760.0,15.389999999999873,0.15080327726624404,0.24812479999999998,0.398928077266244
26.425957864,775.3899999999999,0.55,780.0,-4.610000000000127,-0.04794031520272593,0.29464819999999997,0.24670788479727404,800.0,-24.610000000000127,-0.23499604929966164,0.24812479999999998,0.013128750700338337
26.440659615,775.3899999999999,0.55,780.0,-4.610000000000127,-0.04828552355077282,0.29464819999999997,0.24636267644922716,800.0,-24.610000000000127,-0.23683887194015996,0.24812479999999998,0.011285928059840022
26.457632575,775.3899999999999,0.55,780.0,-4.610000000000127,-0.048670316447524425,0.29464819999999997,0.24597788355247555,780.0,-4.610000000000127,-0.04722363793756303,0.24812479999999998,0.20090116206243694
26.477034535,775.3899999999999,0.55,760.0,15.389999999999873,0.1428059438320232,0.29464819999999997,0.4374541438320232,780.0,-4.610000000000127,-0.047665851265559535,0.24812479999999998,0.20045894873444045
26.494361287,775.3899999999999,0.55,780.0,-4.610000000000127,-0.04759835224597732,0.29464819999999997,0.24704984775402267,780.0,-4.610000000000127,-0.04807014734356005,0.24812479999999998,0.20005465265643993
26.515194456,775.3899999999999,0.55,780.0,-4.610000000000127,-0.04802446418087885,0.29464819999999997,0.24662373581912111,780.0,-4.610000000000127,-0.04849625930151134,0.24812479999999998,0.19962854069848865
26.577484254,775.3899999999999,0.55,760.0,15.389999999999873,0.14695636557652322,0.29464819999999997,0.44160456557652317,780.0,-4.610000000000127,-0.048795000000001205,0.24812479999999998,0.19932979999999878
26.599895048,775.3899999999999,0.55,780.0,-4.610000000000127,-0.04360801660082528,0.29464819999999997,0.25104018339917467,780.0,-4.610000000000127,-0.048795000000001205,0.24812479999999998,0.19932979999999878
26.624062259,775.3899999999999,0.55,780.0,-4.610000000000127,-0.04410591587062671,0.29464819999999997,0.25054228412937324,760.0,15.389999999999873,0.14286711692199902,0.24812479999999998,0.39099191692199897
26.646392844,775.3899999999999,0.55,780.0,-4.610000000000127,-0.04462663270422769,0.29464819999999997,0.2500215672957723,780.0,-4.610000000000127,-0.047653599934651715,0.24812479999999998,0.20047120006534827
26.667390513,775.3899999999999,0.55,780.0,-4.610000000000127,-0.0451078658559264,0.29464819999999997,0.24954033414407356,780.0,-4.610000000000127,-0.04813481962515128,0.24812479999999998,0.1999899803748487
26.729750019,775.3899999999999,0.55,760.0,15.389999999999873,0.1496167459488675,0.29464819999999997,0.44426494594886745,780.0,-4.610000000000127,-0.048795000000001205,0.24812479999999998,0.19932979999999878
26.751222813,775.3899999999999,0.55,780.0,-4.610000000000127,-0.040906579384085956,0.29464819999999997,0.253741620615914,760.0,15.389999999999873,0.142952156367688,0.24812479999999998,0.39107695636768797
26.776220107,775.3899999999999,0.55,780.0,-4.610000000000127,-0.04147443731703183,0.29464819999999997,0.25317376268296815,780.0,-4.610000000000127,-0.04761570156526312,0.24812479999999998,0.20050909843473685
26.799505026,775.3899999999999,0.55,760.0,15.389999999999873,0.15033417001252528,0.29464819999999997,0.4449823700125253,780.0,-4.610000000000127,-0.04815741406761514,0.24812479999999998,0.19996738593238483
26.824265779,775.3899999999999,0.55,760.0,15.389999999999873,0.15120499999999878,0.29464819999999997,0.44585319999999873,760.0,15.389999999999873,0.14373573891948901,0.24812479999999998,0.391860538919489
26.882412743,775.3899999999999,0.55,800.0,-24.610000000000127,-0.23559065737084287,0.29464819999999997,0.059057542629157106,780.0,-4.610000000000127,-0.047537272358260434,0.24812479999999998,0.20058752764173954
26.917859871,775.3899999999999,0.55,780.0,-4.610000000000127,-0.046484301168642835,0.29464819999999997,0.24816389883135714,760.0,15.389999999999873,0.14544610830578725,0.24812479999999998,0.3935709083057872
26.958138459,775.3899999999999,0.55,800.0,-24.610000000000127,-0.2387950000000012,0.29464819999999997,0.05585319999999877,800.0,-24.610000000000127,-0.2387950000000012,0.24812479999999998,0.009329799999998778
27.032225008,775.3899999999999,0.55,780.0,-4.610000000000127,-0.048795000000001205,0.29464819999999997,0.24585319999999877,780.0,-4.610000000000127,-0.048795000000001205,0.24812479999999998,0.19932979999999878
27.053742427,775.3899999999999,0.55,760.0,15.389999999999873,0.14313671132395428,0.29464819999999997,0.43778491132395425,760.0,15.389999999999873,0.14313673371641242,0.24812479999999998,0.39126153371641237
27.079717388,775.3899999999999,0.55,720.0,55.38999999999987,0.53031892574229,0.29464819999999997,0.8249671257422899,720.0,55.38999999999987,0.5303191095965908,0.24812479999999998,0.7784439095965907
27.10763339,775.3899999999999,0.55,680.0,95.38999999999987,0.9112049999999988,0.29464819999999997,1.0,660.0,115.38999999999987,1.1012049999999987,0.24812479999999998,1.0
27.177430106,775.3899999999999,0.55,740.0,35.38999999999987,0.34120499999999876,0.29464819999999997,0.6358531999999988,720.0,55.38999999999987,0.5312049999999988,0.24812479999999998,0.7793297999999989
27.201019525,775.3899999999999,0.55,780.0,-4.610000000000127,-0.0393822602934983,0.29464819999999997,0.2552659397065017,720.0,55.38999999999987,0.5312049999999988,0.24812479999999998,0.7793297999999989
# 27.230 Shooter Ready
27.23532682,775.3899999999999,0.55,780.0,-4.610000000000127,-0.040087938025801205,0.29464819999999997,0.2545602619741988,760.0,15.389999999999873,0.15120499999999878,0.24812479999999998,0.39932979999999874
27.268109282,775.3899999999999,0.55,780.0,-4.610000000000127,-0.040879830456798535,0.29464819999999997,0.2537683695432014,800.0,-24.610000000000127,-0.23302232676225637,0.24812479999999998,0.015102473237743608
27.340658747,775.3899999999999,0.55,780.0,-4.610000000000127,-0.04254829719249806,0.29464819999999997,0.25209990280750194,800.0,-24.610000000000127,-0.2387950000000012,0.24812479999999998,0.009329799999998778
27.368098167,775.3899999999999,0.55,780.0,-4.610000000000127,-0.04322782278664943,0.29464819999999997,0.25142037721335053,800.0,-24.610000000000127,-0.2387950000000012,0.24812479999999998,0.009329799999998778
27.412906629,775.3899999999999,0.55,780.0,-4.610000000000127,-0.04411709667324813,0.29464819999999997,0.2505311033267518,820.0,-44.61000000000013,-0.4287950000000012,0.24812479999999998,-0.18067020000000122
27.507145306,775.3899999999999,0.55,780.0,-4.610000000000127,-0.046327175090601976,0.29464819999999997,0.248321024909398,740.0,35.38999999999987,0.34120499999999876,0.24812479999999998,0.5893297999999987
27.549139185,775.3899999999999,0.55,760.0,15.389999999999873,0.14695930839154073,0.29464819999999997,0.4416075083915407,700.0,75.38999999999987,0.7212049999999988,0.24812479999999998,0.9693297999999988
27.576622063,775.3899999999999,0.55,760.0,15.389999999999873,0.14924388040428616,0.29464819999999997,0.4438920804042861,720.0,55.38999999999987,0.5312049999999988,0.24812479999999998,0.7793297999999989
# 27.626 Shooter Ready
27.62964911,775.3899999999999,0.55,780.0,-4.610000000000127,-0.04197701482346645,0.29464819999999997,0.25267118517653353,760.0,15.389999999999873,0.15120499999999878,0.24812479999999998,0.39932979999999874
27.662204654,775.3899999999999,0.55,780.0,-4.610000000000127,-0.04270705642881787,0.29464819999999997,0.2519411435711821,800.0,-24.610000000000127,-0.23269217844413528,0.24812479999999998,0.015432621555864695
27.683224782,775.3899999999999,0.55,780.0,-4.610000000000127,-0.04321038106931666,0.29464819999999997,0.2514378189306833,800.0,-24.610000000000127,-0.2353791242077054,0.24812479999999998,0.012745675792294575
27.701366742,775.3899999999999,0.55,780.0,-4.610000000000127,-0.043621937897317185,0.29464819999999997,0.2510262621026828,800.0,-24.610000000000127,-0.2375760693669497,0.24812479999999998,0.010548730633050285
27.71929491,775.3899999999999,0.55,780.0,-4.610000000000127,-0.04403405947336474,0.29464819999999997,0.2506141405266352,820.0,-44.61000000000013,-0.4287950000000012,0.24812479999999998,-0.18067020000000122
# 27.783 Shooter Ready
27.78751925,775.3899999999999,0.55,780.0,-4.610000000000127,-0.04558797441661767,0.29464819999999997,0.2490602255833823,780.0,-4.610000000000127,-0.048795000000001205,0.24812479999999998,0.19932979999999878
27.806099002,775.3899999999999,0.55,780.0,-4.610000000000127,-0.046045119350216684,0.29464819999999997,0.2486030806497833,760.0,15.389999999999873,0.14273117520519257,0.24812479999999998,0.39085597520519255
27.821931546,775.3899999999999,0.55,760.0,15.389999999999873,0.14517047911422307,0.29464819999999997,0.439818679114223,760.0,15.389999999999873,0.14394679613903968,0.24812479999999998,0.39207159613903964
27.840864506,775.3899999999999,0.55,780.0,-4.610000000000127,-0.045265656712480735,0.29464819999999997,0.24938254328751924,740.0,35.38999999999987,0.3372950737666427,0.24812479999999998,0.5854198737666427
# 27.860 Shooter Ready
27.863694133,775.3899999999999,0.55,760.0,15.389999999999873,0.14646354460391933,0.29464819999999997,0.44111174460391933,740.0,35.38999999999987,0.34120499999999876,0.24812479999999998,0.5893297999999987
27.917048138,775.3899999999999,0.55,780.0,-4.610000000000127,-0.044696817474477644,0.29464819999999997,0.24995138252552232,760.0,15.389999999999873,0.15120499999999878,0.24812479999999998,0.39932979999999874
27.949680975,775.3899999999999,0.55,760.0,15.389999999999873,0.14806066684582284,0.29464819999999997,0.4427088668458228,740.0,35.38999999999987,0.34120499999999876,0.24812479999999998,0.5893297999999987
27.968947894,775.3899999999999,0.55,760.0,15.389999999999873,0.14954646569348057,0.29464819999999997,0.44419466569348054,720.0,55.38999999999987,0.5312049999999988,0.24812479999999998,0.7793297999999989
27.991891563,775.3899999999999,0.55,700.0,75.38999999999987,0.7212049999999988,0.29464819999999997,1.0,660.0,115.38999999999987,1.1012049999999987,0.24812479999999998,1.0
28.005011606,775.3899999999999,0.55,660.0,115.38999999999987,1.1012049999999987,0.29464819999999997,1.0,620.0,155.38999999999987,1.4812049999999986,0.24812479999999998,1.0
28.061777236,775.3899999999999,0.55,700.0,75.38999999999987,0.7212049999999988,0.29464819999999997,1.0,680.0,95.38999999999987,0.9112049999999988,0.24812479999999998,1.0
28.093556364,775.3899999999999,0.55,720.0,55.38999999999987,0.5312049999999988,0.29464819999999997,0.8258531999999987,700.0,75.38999999999987,0.7212049999999988,0.24812479999999998,0.9693297999999988
# 28.114 Shooter Ready
28.118053159,775.3899999999999,0.55,760.0,15.389999999999873,0.15120499999999878,0.29464819999999997,0.44585319999999873,740.0,35.38999999999987,0.34120499999999876,0.24812479999999998,0.5893297999999987
28.141218203,775.3899999999999,0.55,800.0,-24.610000000000127,-0.2316545387698035,0.29464819999999997,0.06299366123019648,760.0,15.389999999999873,0.15120499999999878,0.24812479999999998,0.39932979999999874
28.207110084,775.3899999999999,0.55,800.0,-24.610000000000127,-0.2387950000000012,0.29464819999999997,0.05585319999999877,820.0,-44.61000000000013,-0.4287950000000012,0.24812479999999998,-0.18067020000000122
28.237754046,775.3899999999999,0.55,820.0,-44.61000000000013,-0.4287950000000012,0.29464819999999997,-0.13414680000000123,780.0,-4.610000000000127,-0.048795000000001205,0.24812479999999998,0.19932979999999878
# 28.268 Shooter Ready
28.269886674,775.3899999999999,0.55,800.0,-24.610000000000127,-0.2387950000000012,0.29464819999999997,0.05585319999999877,780.0,-4.610000000000127,-0.048795000000001205,0.24812479999999998,0.19932979999999878
28.30232526,775.3899999999999,0.55,780.0,-4.610000000000127,-0.048795000000001205,0.29464819999999997,0.24585319999999877,780.0,-4.610000000000127,-0.048795000000001205,0.24812479999999998,0.19932979999999878
28.360132725,775.3899999999999,0.55,760.0,15.389999999999873,0.145751385986052,0.29464819999999997,0.440399585986052,780.0,-4.610000000000127,-0.048795000000001205,0.24812479999999998,0.19932979999999878
28.387037519,775.3899999999999,0.55,760.0,15.389999999999873,0.14766496273434232,0.29464819999999997,0.4423131627343423,760.0,15.389999999999873,0.14311857682523826,0.24812479999999998,0.39124337682523824
28.407982396,775.3899999999999,0.55,760.0,15.389999999999873,0.14926284564384507,0.29464819999999997,0.44391104564384504,780.0,-4.610000000000127,-0.04736006126526256,0.24812479999999998,0.20076473873473744
28.431949815,775.3899999999999,0.55,780.0,-4.610000000000127,-0.04121079061970505,0.29464819999999997,0.2534374093802949,780.0,-4.610000000000127,-0.047833670629464135,0.24812479999999998,0.20029112937053584
28.448754484,775.3899999999999,0.55,760.0,15.389999999999873,0.15032063634605036,0.29464819999999997,0.44496883634605033,780.0,-4.610000000000127,-0.048292402163710536,0.24812479999999998,0.19983239783628945
28.513562532,775.3899999999999,0.55,780.0,-4.610000000000127,-0.04118701148469949,0.29464819999999997,0.2534611885153005,780.0,-4.610000000000127,-0.048795000000001205,0.24812479999999998,0.19932979999999878
28.536348409,775.3899999999999,0.55,780.0,-4.610000000000127,-0.04171306632949928,0.29464819999999997,0.2529351336705007,760.0,15.389999999999873,0.1429611786782488,0.24812479999999998,0.3910859786782488
28.568149412,775.3899999999999,0.55,780.0,-4.610000000000127,-0.04244475504174761,0.29464819999999997,0.25220344495825237,780.0,-4.610000000000127,-0.04777051003399949,0.24812479999999998,0.2003542899660005
28.585707164,775.3899999999999,0.55,760.0,15.389999999999873,0.14889648353520957,0.29464819999999997,0.44354468353520954,780.0,-4.610000000000127,-0.048172271580101414,0.24812479999999998,0.19995252841989858
28.604925083,775.3899999999999,0.55,780.0,-4.610000000000127,-0.04150203084213843,0.29464819999999997,0.25314616915786153,760.0,15.389999999999873,0.14315812674254186,0.24812479999999998,0.39128292674254184
28.664815922,775.3899999999999,0.55,720.0,55.38999999999987,0.5312049999999988,0.29464819999999997,0.8258531999999987,700.0,75.38999999999987,0.7212049999999988,0.24812479999999998,0.9693297999999988
28.680691632,775.3899999999999,0.55,680.0,95.38999999999987,0.9112049999999988,0.29464819999999997,1.0,640.0,135.38999999999987,1.2912049999999986,0.24812479999999998,1.0
28.697973175,775.3899999999999,0.55,660.0,115.38999999999987,1.1012049999999987,0.29464819999999997,1.0,620.0,155.38999999999987,1.4812049999999986,0.24812479999999998,1.0
28.71384451,775.3899999999999,0.55,660.0,115.38999999999987,1.1012049999999987,0.29464819999999997,1.0,620.0,155.38999999999987,1.4812049999999986,0.24812479999999998,1.0
28.729260845,775.3899999999999,0.55,680.0,95.38999999999987,0.9112049999999988,0.29464819999999997,1.0,640.0,135.38999999999987,1.2912049999999986,0.24812479999999998,1.0
28.744257763,775.3899999999999,0.55,680.0,95.38999999999987,0.9112049999999988,0.29464819999999997,1.0,680.0,95.38999999999987,0.9112049999999988,0.24812479999999998,1.0
28.805029728,775.3899999999999,0.55,760.0,15.389999999999873,0.15120499999999878,0.29464819999999997,0.44585319999999873,720.0,55.38999999999987,0.5312049999999988,0.24812479999999998,0.7793297999999989
# 28.822 Shooter Ready
28.824833605,775.3899999999999,0.55,760.0,15.389999999999873,0.15120499999999878,0.29464819999999997,0.44585319999999873,740.0,35.38999999999987,0.34120499999999876,0.24812479999999998,0.5893297999999987
28.854387316,775.3899999999999,0.55,780.0,-4.610000000000127,-0.039445307782951175,0.29464819999999997,0.2552028922170488,760.0,15.389999999999873,0.15120499999999878,0.24812479999999998,0.39932979999999874
28.868720984,775.3899999999999,0.55,780.0,-4.610000000000127,-0.0398227861540502,0.29464819999999997,0.25482541384594976,760.0,15.389999999999873,0.15120499999999878,0.24812479999999998,0.39932979999999874
28.885293194,775.3899999999999,0.55,780.0,-4.610000000000127,-0.04015405789585116,0.29464819999999997,0.25449414210414883,780.0,-4.610000000000127,-0.03912628517995156,0.24812479999999998,0.20899851482004841
28.901581612,775.3899999999999,0.55,780.0,-4.610000000000127,-0.040530601773853606,0.29464819999999997,0.2541175982261464,780.0,-4.610000000000127,-0.03950282905794877,0.24812479999999998,0.2086219709420512
28.963606577,775.3899999999999,0.55,780.0,-4.610000000000127,-0.04189351192400243,0.29464819999999997,0.25275468807599755,780.0,-4.610000000000127,-0.04086576610745137,0.24812479999999998,0.2072590338925486
29.00820154,775.3899999999999,0.55,780.0,-4.610000000000127,-0.042991680308002746,0.29464819999999997,0.2516565196919972,760.0,15.389999999999873,0.15120499999999878,0.24812479999999998,0.39932979999999874
29.016644124,775.3899999999999,0.55,780.0,-4.610000000000127,-0.043238418087951674,0.29464819999999997,0.2514097819120483,760.0,15.389999999999873,0.15120499999999878,0.24812479999999998,0.39932979999999874
29.041150251,775.3899999999999,0.55,780.0,-4.610000000000127,-0.04375103381465108,0.29464819999999997,0.2508971661853489,780.0,-4.610000000000127,-0.03930760899609842,0.24812479999999998,0.20881719100390156
29.056382253,775.3899999999999,0.55,780.0,-4.610000000000127,-0.044105069367654015,0.29464819999999997,0.25054313063234596,780.0,-4.610000000000127,-0.03966165127970355,0.24812479999999998,0.20846314872029642
29.111763342,775.3899999999999,0.55,760.0,15.389999999999873,0.1500443539608361,0.29464819999999997,0.44469255396083607,760.0,15.389999999999873,0.15120499999999878,0.24812479999999998,0.39932979999999874
29.136877886,775.3899999999999,0.55,760.0,15.389999999999873,0.15120499999999878,0.29464819999999997,0.44585319999999873,780.0,-4.610000000000127,-0.039411222618502474,0.24812479999999998,0.2087135773814975
29.15787293,775.3899999999999,0.55,780.0,-4.610000000000127,-0.03927167499115316,0.29464819999999997,0.25537652500884683,780.0,-4.610000000000127,-0.039887864002753445,0.24812479999999998,0.20823693599724652
29.178956349,775.3899999999999,0.55,780.0,-4.610000000000127,-0.03975653851784926,0.29464819999999997,0.2548916614821507,780.0,-4.610000000000127,-0.04037271409130015,0.24812479999999998,0.2077520859086998
29.201247851,775.3899999999999,0.55,780.0,-4.610000000000127,-0.04025892868830122,0.29464819999999997,0.25438927131169875,760.0,15.389999999999873,0.15120499999999878,0.24812479999999998,0.39932979999999874
29.279024275,775.3899999999999,0.55,780.0,-4.610000000000127,-0.042063890816449574,0.29464819999999997,0.2525843091835504,780.0,-4.610000000000127,-0.04059998229690115,0.24812479999999998,0.20752481770309883
29.294154485,775.3899999999999,0.55,780.0,-4.610000000000127,-0.04241513635135145,0.29464819999999997,0.2522330636486485,780.0,-4.610000000000127,-0.040951268169300954,0.24812479999999998,0.20717353183069903
29.312913612,775.3899999999999,0.55,780.0,-4.610000000000127,-0.04281886099680226,0.29464819999999997,0.2518293390031977,780.0,-4.610000000000127,-0.041354999522298964,0.24812479999999998,0.20676980047770102
29.328135989,775.3899999999999,0.55,760.0,15.389999999999873,0.1484485151989022,0.29464819999999997,0.44309671519890215,780.0,-4.610000000000127,-0.04173462248845093,0.24812479999999998,0.20639017751154903
29.345134032,775.3899999999999,0.55,780.0,-4.610000000000127,-0.04193844921529538,0.29464819999999997,0.2527097507847046,780.0,-4.610000000000127,-0.04212158017205157,0.24812479999999998,0.2060032198279484
29.372432576,775.3899999999999,0.55,780.0,-4.610000000000127,-0.042570080735743365,0.29464819999999997,0.2520781192642566,780.0,-4.610000000000127,-0.04275320498495236,0.24812479999999998,0.20537159501504762
29.418674289,775.3899999999999,0.55,780.0,-4.610000000000127,-0.04364367012104562,0.29464819999999997,0.25100452987895433,780.0,-4.610000000000127,-0.04382682797715036,0.24812479999999998,0.2042979720228496
29.436706583,775.3899999999999,0.55,780.0,-4.610000000000127,-0.04406168767964777,0.29464819999999997,0.25058651232035223,780.0,-4.610000000000127,-0.04424485226634946,0.24812479999999998,0.20387994773365054
29.453638709,775.3899999999999,0.55,760.0,15.389999999999873,0.14724173328114554,0.29464819999999997,0.4418899332811455,780.0,-4.610000000000127,-0.044635285682497715,0.24812479999999998,0.20348951431750226
29.473997045,775.3899999999999,0.55,760.0,15.389999999999873,0.1485628622837507,0.29464819999999997,0.4432110622837507,780.0,-4.610000000000127,-0.04503102350294904,0.24812479999999998,0.20309377649705093
29.490375588,775.3899999999999,0.55,780.0,-4.610000000000127,-0.041887250486696954,0.29464819999999997,0.252760949513303,760.0,15.389999999999873,0.14647163054966147,0.24812479999999998,0.3945964305496614
29.509635507,775.3899999999999,0.55,780.0,-4.610000000000127,-0.04232635109659845,0.29464819999999997,0.25232184890340154,780.0,-4.610000000000127,-0.043967449914538166,0.24812479999999998,0.20415735008546182
29.565661762,775.3899999999999,0.55,760.0,15.389999999999873,0.15120499999999878,0.29464819999999997,0.44585319999999873,780.0,-4.610000000000127,-0.04524222933473856,0.24812479999999998,0.2028825706652614
29.592471765,775.3899999999999,0.55,780.0,-4.610000000000127,-0.039424345721101116,0.29464819999999997,0.2552238542788989,780.0,-4.610000000000127,-0.04587158178643542,0.24812479999999998,0.20225321821356457
29.614055976,775.3899999999999,0.55,780.0,-4.610000000000127,-0.039883272235300464,0.29464819999999997,0.2547649277646995,760.0,15.389999999999873,0.14566049609936232,0.24812479999999998,0.3937852960993623
29.637179895,775.3899999999999,0.55,780.0,-4.610000000000127,-0.04046686179324723,0.29464819999999997,0.25418133820675276,780.0,-4.610000000000127,-0.04492309345858967,0.24812479999999998,0.20320170654141032
29.654683105,775.3899999999999,0.55,780.0,-4.610000000000127,-0.040863776108748695,0.29464819999999997,0.2537844238912513,780.0,-4.610000000000127,-0.04532001450468809,0.24812479999999998,0.2028047854953119
29.701951484,775.3899999999999,0.55,780.0,-4.610000000000127,-0.04195700314899805,0.29464819999999997,0.25269119685100194,760.0,15.389999999999873,0.14832954154687264,0.24812479999999998,0.39645434154687265
29.720163445,775.3899999999999,0.55,780.0,-4.610000000000127,-0.04237898722075141,0.29464819999999997,0.2522692127792486,780.0,-4.610000000000127,-0.04209243581732303,0.24812479999999998,0.20603236418267695
29.736770946,775.3899999999999,0.55,760.0,15.389999999999873,0.14886484558379254,0.29464819999999997,0.4435130455837925,760.0,15.389999999999873,0.14915139691028922,0.24812479999999998,0.3972761969102892
29.754165365,775.3899999999999,0.55,780.0,-4.610000000000127,-0.04153575961295583,0.29464819999999997,0.25311244038704417,780.0,-4.610000000000127,-0.041249208286459144,0.24812479999999998,0.20687559171354084
29.769299366,775.3899999999999,0.55,780.0,-4.610000000000127,-0.04188553955970936,0.29464819999999997,0.2527626604402906,780.0,-4.610000000000127,-0.04159898823320743,0.24812479999999998,0.20652581176679255
29.785399951,775.3899999999999,0.55,780.0,-4.610000000000127,-0.04225317555775989,0.29464819999999997,0.2523950244422401,780.0,-4.610000000000127,-0.041966604085561375,0.24812479999999998,0.2061581959144386
29.801654828,775.3899999999999,0.55,780.0,-4.610000000000127,-0.04262772272950723,0.29464819999999997,0.25202047727049276,780.0,-4.610000000000127,-0.04234115125730871,0.24812479999999998,0.20578364874269128
29.861925126,775.3899999999999,0.55,780.0,-4.610000000000127,-0.04399241443720663,0.29464819999999997,0.25065578556279333,760.0,15.389999999999873,0.15120499999999878,0.24812479999999998,0.39932979999999874
29.879897627,775.3899999999999,0.55,760.0,15.389999999999873,0.14749863624794438,0.29464819999999997,0.4421468362479444,780.0,-4.610000000000127,-0.039241643722398724,0.24812479999999998,0.20888315627760126
29.898798213,775.3899999999999,0.55,780.0,-4.610000000000127,-0.042939449216903944,0.29464819999999997,0.251708750783096,780.0,-4.610000000000127,-0.03967972918724705,0.24812479999999998,0.20844507081275293
29.913726297,775.3899999999999,0.55,760.0,15.389999999999873,0.1482054290425965,0.29464819999999997,0.4428536290425965,780.0,-4.610000000000127,-0.04002265848959781,0.24812479999999998,0.20810214151040218
29.933731133,775.3899999999999,0.55,780.0,-4.610000000000127,-0.042161689298556876,0.29464819999999997,0.2524865107014431,780.0,-4.610000000000127,-0.04038977683075121,0.24812479999999998,0.20773502316924877
29.948709676,775.3899999999999,0.55,780.0,-4.610000000000127,-0.042597509155853225,0.29464819999999997,0.2520506908441468,760.0,15.389999999999873,0.15106507211129142,0.24812479999999998,0.3991898721112914
29.992028889,775.3899999999999,0.55,780.0,-4.610000000000127,-0.043524202804307605,0.29464819999999997,0.25112399719569234,780.0,-4.610000000000127,-0.039861661874660885,0.24812479999999998,0.2082631381253391
30.010675724,775.3899999999999,0.55,780.0,-4.610000000000127,-0.0440278904823035,0.29464819999999997,0.2506203095176965,780.0,-4.610000000000127,-0.04036534955265679,0.24812479999999998,0.20775945044734317
30.027956101,775.3899999999999,0.55,760.0,15.389999999999873,0.14730297915910934,0.29464819999999997,0.4419511791591093,780.0,-4.610000000000127,-0.04076400511126066,0.24812479999999998,0.20736079488873932
30.045948144,775.3899999999999,0.55,780.0,-4.610000000000127,-0.04310677591953926,0.29464819999999997,0.2515414240804607,760.0,15.389999999999873,0.15060387424823665,0.24812479999999998,0.39872867424823666
30.063735146,775.3899999999999,0.55,780.0,-4.610000000000127,-0.043516860428789245,0.29464819999999997,0.2511313395712107,780.0,-4.610000000000127,-0.03980621699161027,0.24812479999999998,0.2083185830083897
30.081280648,775.3899999999999,0.55,780.0,-4.610000000000127,-0.043920255643638675,0.29464819999999997,0.2507279443563613,780.0,-4.610000000000127,-0.04020957186896177,0.24812479999999998,0.20791522813103822
30.139587737,775.3899999999999,0.55,780.0,-4.610000000000127,-0.045222061188837655,0.29464819999999997,0.24942613881116232,780.0,-4.610000000000127,-0.04151137741416075,0.24812479999999998,0.20661342258583923
30.166105489,775.3899999999999,0.55,780.0,-4.610000000000127,-0.045880423033638824,0.29464819999999997,0.24876777696636115,780.0,-4.610000000000127,-0.042169772865862896,0.24812479999999998,0.20595502713413708
30.190681034,775.3899999999999,0.55,760.0,15.389999999999873,0.1460176226653098,0.29464819999999997,0.44066582266530974,760.0,15.389999999999873,0.14972829530249304,0.24812479999999998,0.397853095302493
30.22049637,775.3899999999999,0.55,760.0,15.389999999999873,0.14829321715241067,0.29464819999999997,0.44294141715241064,800.0,-24.610000000000127,-0.23391044221103818,0.24812479999999998,0.014214357788961796
# 30.284 Shooter Ready
30.287074252,775.3899999999999,0.55,780.0,-4.610000000000127,-0.043244529183940075,0.29464819999999997,0.2514036708160599,780.0,-4.610000000000127,-0.04544819525494141,0.24812479999999998,0.20267660474505855
30.308652045,775.3899999999999,0.55,800.0,-24.610000000000127,-0.2358968054869476,0.29464819999999997,0.05875139451305236,780.0,-4.610000000000127,-0.04594503901913674,0.24812479999999998,0.20217976098086324
30.332512714,775.3899999999999,0.55,800.0,-24.610000000000127,-0.2387950000000012,0.29464819999999997,0.05585319999999877,780.0,-4.610000000000127,-0.046488223840239304,0.24812479999999998,0.20163657615976066
30.352325341,775.3899999999999,0.55,800.0,-24.610000000000127,-0.2387950000000012,0.29464819999999997,0.05585319999999877,780.0,-4.610000000000127,-0.04698137672318773,0.24812479999999998,0.20114342327681226
30.375273969,775.3899999999999,0.55,780.0,-4.610000000000127,-0.048795000000001205,0.29464819999999997,0.24585319999999877,780.0,-4.610000000000127,-0.04744701270053922,0.24812479999999998,0.20067778729946076
30.423692974,775.3899999999999,0.55,800.0,-24.610000000000127,-0.2387950000000012,0.29464819999999997,0.05585319999999877,780.0,-4.610000000000127,-0.04857678551578671,0.24812479999999998,0.19954801448421328
30.444189559,775.3899999999999,0.55,780.0,-4.610000000000127,-0.048795000000001205,0.29464819999999997,0.24585319999999877,760.0,15.389999999999873,0.1430566932325284,0.24812479999999998,0.3911814932325284
30.460748936,775.3899999999999,0.55,780.0,-4.610000000000127,-0.048795000000001205,0.29464819999999997,0.24585319999999877,780.0,-4.610000000000127,-0.04735840656487143,0.24812479999999998,0.20076639343512853
30.499459523,775.3899999999999,0.55,800.0,-24.610000000000127,-0.2387950000000012,0.29464819999999997,0.05585319999999877,780.0,-4.610000000000127,-0.04810884550707041,0.24812479999999998,0.20001595449292958
30.511430399,775.3899999999999,0.55,780.0,-4.610000000000127,-0.048795000000001205,0.29464819999999997,0.24585319999999877,780.0,-4.610000000000127,-0.048457220348870116,0.24812479999999998,0.19966757965112986
30.56518253,775.3899999999999,0.55,780.0,-4.610000000000127,-0.048795000000001205,0.29464819999999997,0.24585319999999877,780.0,-4.610000000000127,-0.048795000000001205,0.24812479999999998,0.19932979999999878
30.588027907,775.3899999999999,0.55,760.0,15.389999999999873,0.14284429162823775,0.29464819999999997,0.4374924916282377,760.0,15.389999999999873,0.1428442019045593,0.24812479999999998,0.3909690019045593
30.608349784,775.3899999999999,0.55,780.0,-4.610000000000127,-0.04762094770471563,0.29464819999999997,0.24702725229528433,780.0,-4.610000000000127,-0.047621030697786636,0.24812479999999998,0.20050376930221334
30.626581286,775.3899999999999,0.55,760.0,15.389999999999873,0.14379096629228205,0.29464819999999997,0.438439166292282,780.0,-4.610000000000127,-0.04804396943138815,0.24812479999999998,0.2000808305686118
30.647821913,775.3899999999999,0.55,780.0,-4.610000000000127,-0.046658938060068524,0.29464819999999997,0.24798926193993145,780.0,-4.610000000000127,-0.04849387378373875,0.24812479999999998,0.19963092621626122
30.726226587,775.3899999999999,0.55,760.0,15.389999999999873,0.1495359864818211,0.29464819999999997,0.44418418648182106,760.0,15.389999999999873,0.14770111801245697,0.24812479999999998,0.3958259180124569
30.748842131,775.3899999999999,0.55,780.0,-4.610000000000127,-0.040985254739279206,0.29464819999999997,0.25366294526072075,780.0,-4.610000000000127,-0.04282012993924551,0.24812479999999998,0.20530467006075448
30.766844091,775.3899999999999,0.55,780.0,-4.610000000000127,-0.041400058736028415,0.29464819999999997,0.25324814126397155,780.0,-4.610000000000127,-0.04323491376724313,0.24812479999999998,0.20488988623275683
30.781775676,775.3899999999999,0.55,780.0,-4.610000000000127,-0.04174468892092865,0.29464819999999997,0.25290351107907133,760.0,15.389999999999873,0.1479156203172649,0.24812479999999998,0.3960404203172649
30.796571053,775.3899999999999,0.55,780.0,-4.610000000000127,-0.0420799540982791,0.29464819999999997,0.2525682459017209,760.0,15.389999999999873,0.1490348678399164,0.24812479999999998,0.3971596678399164
30.811993221,775.3899999999999,0.55,760.0,15.389999999999873,0.1491251856299712,0.29464819999999997,0.44377338562997115,760.0,15.389999999999873,0.15023996262935208,0.24812479999999998,0.39836476262935205
30.88329202,775.3899999999999,0.55,800.0,-24.610000000000127,-0.2387950000000012,0.29464819999999997,0.05585319999999877,760.0,15.389999999999873,0.15120499999999878,0.24812479999999998,0.39932979999999874
# 30.901 Shooter Ready
30.904577564,775.3899999999999,0.55,780.0,-4.610000000000127,-0.048795000000001205,0.29464819999999997,0.24585319999999877,780.0,-4.610000000000127,-0.03931354533920595,0.24812479999999998,0.20881125466079403
30.918346273,775.3899999999999,0.55,780.0,-4.610000000000127,-0.048795000000001205,0.29464819999999997,0.24585319999999877,780.0,-4.610000000000127,-0.03965994364350213,0.24812479999999998,0.20846485635649786
30.9370179,775.3899999999999,0.55,780.0,-4.610000000000127,-0.048795000000001205,0.29464819999999997,0.24585319999999877,780.0,-4.610000000000127,-0.040090781796505076,0.24812479999999998,0.2080340182034949
30.955992569,775.3899999999999,0.55,800.0,-24.610000000000127,-0.2387950000000012,0.29464819999999997,0.05585319999999877,760.0,15.389999999999873,0.15120499999999878,0.24812479999999998,0.39932979999999874
# 31.013 Shooter Ready
31.020856325,775.3899999999999,0.55,780.0,-4.610000000000127,-0.048795000000001205,0.29464819999999997,0.24585319999999877,800.0,-24.610000000000127,-0.236291581056423,0.24812479999999998,0.011833218943576973
31.039938036,775.3899999999999,0.55,800.0,-24.610000000000127,-0.2387950000000012,0.29464819999999997,0.05585319999999877,800.0,-24.610000000000127,-0.2387950000000012,0.24812479999999998,0.009329799999998778
31.057215496,775.3899999999999,0.55,780.0,-4.610000000000127,-0.048795000000001205,0.29464819999999997,0.24585319999999877,780.0,-4.610000000000127,-0.048795000000001205,0.24812479999999998,0.19932979999999878
31.072126372,775.3899999999999,0.55,780.0,-4.610000000000127,-0.048795000000001205,0.29464819999999997,0.24585319999999877,780.0,-4.610000000000127,-0.048795000000001205,0.24812479999999998,0.19932979999999878
31.08535229,775.3899999999999,0.55,760.0,15.389999999999873,0.14212588958318356,0.29464819999999997,0.43677408958318353,780.0,-4.610000000000127,-0.048795000000001205,0.24812479999999998,0.19932979999999878
31.105738625,775.3899999999999,0.55,780.0,-4.610000000000127,-0.048288490869819005,0.29464819999999997,0.24635970913018096,800.0,-24.610000000000127,-0.2387950000000012,0.24812479999999998,0.009329799999998778
31.173251591,775.3899999999999,0.55,780.0,-4.610000000000127,-0.048795000000001205,0.29464819999999997,0.24585319999999877,780.0,-4.610000000000127,-0.048795000000001205,0.24812479999999998,0.19932979999999878
31.195624176,775.3899999999999,0.55,780.0,-4.610000000000127,-0.048795000000001205,0.29464819999999997,0.24585319999999877,780.0,-4.610000000000127,-0.048795000000001205,0.24812479999999998,0.19932979999999878
31.207268386,775.3899999999999,0.55,780.0,-4.610000000000127,-0.048795000000001205,0.29464819999999997,0.24585319999999877,780.0,-4.610000000000127,-0.048795000000001205,0.24812479999999998,0.19932979999999878
31.218881095,775.3899999999999,0.55,780.0,-4.610000000000127,-0.048795000000001205,0.29464819999999997,0.24585319999999877,780.0,-4.610000000000127,-0.048795000000001205,0.24812479999999998,0.19932979999999878
31.235217638,775.3899999999999,0.55,760.0,15.389999999999873,0.14234314505756268,0.29464819999999997,0.43699134505756265,780.0,-4.610000000000127,-0.048795000000001205,0.24812479999999998,0.19932979999999878
31.256408099,775.3899999999999,0.55,780.0,-4.610000000000127,-0.04814105290038344,0.29464819999999997,0.24650714709961652,780.0,-4.610000000000127,-0.048795000000001205,0.24812479999999998,0.19932979999999878
31.307678437,775.3899999999999,0.55,780.0,-4.610000000000127,-0.048795000000001205,0.29464819999999997,0.24585319999999877,780.0,-4.610000000000127,-0.048795000000001205,0.24812479999999998,0.19932979999999878
31.320789147,775.3899999999999,0.55,780.0,-4.610000000000127,-0.048795000000001205,0.29464819999999997,0.24585319999999877,780.0,-4.610000000000127,-0.048795000000001205,0.24812479999999998,0.19932979999999878
31.331502065,775.3899999999999,0.55,780.0,-4.610000000000127,-0.048795000000001205,0.29464819999999997,0.24585319999999877,780.0,-4.610000000000127,-0.048795000000001205,0.24812479999999998,0.19932979999999878
31.343497733,775.3899999999999,0.55,780.0,-4.610000000000127,-0.048795000000001205,0.29464819999999997,0.24585319999999877,780.0,-4.610000000000127,-0.048795000000001205,0.24812479999999998,0.19932979999999878
31.356271567,775.3899999999999,0.55,780.0,-4.610000000000127,-0.048795000000001205,0.29464819999999997,0.24585319999999877,780.0,-4.610000000000127,-0.048795000000001205,0.24812479999999998,0.19932979999999878
31.37017036,775.3899999999999,0.55,760.0,15.389999999999873,0.14203925673384643,0.29464819999999997,0.4366874567338464,760.0,15.389999999999873,0.1420393015956944,0.24812479999999998,0.39016410159569437
31.385204904,775.3899999999999,0.55,780.0,-4.610000000000127,-0.04827879776915038,0.29464819999999997,0.24636940223084958,780.0,-4.610000000000127,-0.048278752907307654,0.24812479999999998,0.19984604709269232
31.40013153,775.3899999999999,0.55,780.0,-4.610000000000127,-0.04864939186590115,0.29464819999999997,0.24599880813409883,780.0,-4.610000000000127,-0.04864929993595305,0.24812479999999998,0.19947550006404693
31.449911452,775.3899999999999,0.55,760.0,15.389999999999873,0.14515341018761113,0.29464819999999997,0.4398016101876111,760.0,15.389999999999873,0.14515356944879704,0.24812479999999998,0.393278369448797
31.468026579,775.3899999999999,0.55,780.0,-4.610000000000127,-0.04526948820848719,0.29464819999999997,0.24937871179151277,780.0,-4.610000000000127,-0.045269335677903484,0.24812479999999998,0.2028554643220965
31.487805372,775.3899999999999,0.55,780.0,-4.610000000000127,-0.045724535592088875,0.29464819999999997,0.24892366440791108,780.0,-4.610000000000127,-0.045724376330902976,0.24812479999999998,0.202400423669097
31.510045833,775.3899999999999,0.55,780.0,-4.610000000000127,-0.04622792746943938,0.29464819999999997,0.2484202725305606,780.0,-4.610000000000127,-0.04622774133195469,0.24812479999999998,0.2018970586680453
31.537890086,775.3899999999999,0.55,780.0,-4.610000000000127,-0.04674578034053514,0.29464819999999997,0.24790241965946483,780.0,-4.610000000000127,-0.04674560093365265,0.24812479999999998,0.20137919906634733
31.600475634,775.3899999999999,0.55,760.0,15.389999999999873,0.14851202770997102,0.29464819999999997,0.443160227709971,780.0,-4.610000000000127,-0.048320572051906145,0.24812479999999998,0.19980422794809383
31.624008178,775.3899999999999,0.55,760.0,15.389999999999873,0.15028301934016347,0.29464819999999997,0.44493121934016344,760.0,15.389999999999873,0.1434504195782863,0.24812479999999998,0.3915752195782863
31.644829096,775.3899999999999,0.55,780.0,-4.610000000000127,-0.04020915198158824,0.29464819999999997,0.2544390480184117,760.0,15.389999999999873,0.14509352661838995,0.24812479999999998,0.39321832661838996
31.660863473,775.3899999999999,0.55,780.0,-4.610000000000127,-0.040583524365189215,0.29464819999999997,0.2540646756348108,780.0,-4.610000000000127,-0.0452808592033604,0.24812479999999998,0.2028439407966396
31.678884391,775.3899999999999,0.55,780.0,-4.610000000000127,-0.04095391677443983,0.29464819999999997,0.25369428322556015,760.0,15.389999999999873,0.14595563449493348,0.24812479999999998,0.39408043449493346
31.731082813,775.3899999999999,0.55,780.0,-4.610000000000127,-0.0422037743271914,0.29464819999999997,0.25244442567280856,780.0,-4.610000000000127,-0.04529422305781808,0.24812479999999998,0.2028305769421819
31.75105294,775.3899999999999,0.55,760.0,15.389999999999873,0.14932960532174186,0.29464819999999997,0.4439778053217418,780.0,-4.610000000000127,-0.04575353948581856,0.24812479999999998,0.20237126051418142
31.768234734,775.3899999999999,0.55,780.0,-4.610000000000127,-0.04106912418126091,0.29464819999999997,0.25357907581873906,780.0,-4.610000000000127,-0.0461522689888161,0.24812479999999998,0.20197253101118387
31.783267527,775.3899999999999,0.55,780.0,-4.610000000000127,-0.04140513557931267,0.29464819999999997,0.2532430644206873,780.0,-4.610000000000127,-0.0464882266342703,0.24812479999999998,0.20163657336572968
31.800641237,775.3899999999999,0.55,780.0,-4.610000000000127,-0.041810117394809485,0.29464819999999997,0.2528380826051905,780.0,-4.610000000000127,-0.04689324878727029,0.24812479999999998,0.20123155121272968
31.815697363,775.3899999999999,0.55,780.0,-4.610000000000127,-0.042151823110960225,0.29464819999999997,0.25249637688903975,780.0,-4.610000000000127,-0.04723494777281883,0.24812479999999998,0.20088985222718114
31.85982041,775.3899999999999,0.55,780.0,-4.610000000000127,-0.04317927985746284,0.29464819999999997,0.25146892014253713,800.0,-24.610000000000127,-0.2387950000000012,0.24812479999999998,0.009329799999998778
31.877247203,775.3899999999999,0.55,760.0,15.389999999999873,0.1481149615839375,0.29464819999999997,0.44276316158393747,780.0,-4.610000000000127,-0.048795000000001205,0.24812479999999998,0.19932979999999878
31.892865955,775.3899999999999,0.55,780.0,-4.610000000000127,-0.042266194207209264,0.29464819999999997,0.2523820057927907,780.0,-4.610000000000127,-0.048795000000001205,0.24812479999999998,0.19932979999999878
31.909451581,775.3899999999999,0.55,780.0,-4.610000000000127,-0.04262878131020895,0.29464819999999997,0.252019418689791,760.0,15.389999999999873,0.14241548128945583,0.24812479999999998,0.39054028128945584
31.93245475,775.3899999999999,0.55,780.0,-4.610000000000127,-0.04306794915696216,0.29464819999999997,0.2515802508430378,780.0,-4.610000000000127,-0.04802367984974491,0.24812479999999998,0.20010112015025505
31.950494335,775.3899999999999,0.55,760.0,15.389999999999873,0.14862121253507501,0.29464819999999997,0.443269412535075,760.0,15.389999999999873,0.14366550423475039,0.24812479999999998,0.39179030423475036
32.006030591,775.3899999999999,0.55,780.0,-4.610000000000127,-0.04266773207822523,0.29464819999999997,0.25198046792177475,800.0,-24.610000000000127,-0.2387950000000012,0.24812479999999998,0.009329799999998778
32.027779301,775.3899999999999,0.55,780.0,-4.610000000000127,-0.043167466681224564,0.29464819999999997,0.2514807333187754,780.0,-4.610000000000127,-0.048795000000001205,0.24812479999999998,0.19932979999999878
32.050010429,775.3899999999999,0.55,800.0,-24.610000000000127,-0.23582189648228236,0.29464819999999997,0.058826303517717615,780.0,-4.610000000000127,-0.048795000000001205,0.24812479999999998,0.19932979999999878
32.071319014,775.3899999999999,0.55,780.0,-4.610000000000127,-0.046328824621485,0.29464819999999997,0.24831937537851498,800.0,-24.610000000000127,-0.2387950000000012,0.24812479999999998,0.009329799999998778
32.092131183,775.3899999999999,0.55,780.0,-4.610000000000127,-0.046812955342584665,0.29464819999999997,0.2478352446574153,780.0,-4.610000000000127,-0.048795000000001205,0.24812479999999998,0.19932979999999878
32.161630107,775.3899999999999,0.55,780.0,-4.610000000000127,-0.04845590858648431,0.29464819999999997,0.24619229141351567,780.0,-4.610000000000127,-0.048795000000001205,0.24812479999999998,0.19932979999999878
32.206952486,775.3899999999999,0.55,780.0,-4.610000000000127,-0.048795000000001205,0.29464819999999997,0.24585319999999877,780.0,-4.610000000000127,-0.048795000000001205,0.24812479999999998,0.19932979999999878
32.217272821,775.3899999999999,0.55,780.0,-4.610000000000127,-0.048795000000001205,0.29464819999999997,0.24585319999999877,780.0,-4.610000000000127,-0.048795000000001205,0.24812479999999998,0.19932979999999878
32.228144988,775.3899999999999,0.55,780.0,-4.610000000000127,-0.048795000000001205,0.29464819999999997,0.24585319999999877,760.0,15.389999999999873,0.14168534121444903,0.24812479999999998,0.389810141214449
32.24072574,775.3899999999999,0.55,780.0,-4.610000000000127,-0.048795000000001205,0.29464819999999997,0.24585319999999877,780.0,-4.610000000000127,-0.04866162181484964,0.24812479999999998,0.19946317818515033
32.254356783,775.3899999999999,0.55,780.0,-4.610000000000127,-0.048795000000001205,0.29464819999999997,0.24585319999999877,780.0,-4.610000000000127,-0.048795000000001205,0.24812479999999998,0.19932979999999878
32.261701533,775.3899999999999,0.55,760.0,15.389999999999873,0.14183964197004137,0.29464819999999997,0.4364878419700413,780.0,-4.610000000000127,-0.048795000000001205,0.24812479999999998,0.19932979999999878
32.269962701,775.3899999999999,0.55,760.0,15.389999999999873,0.1424773363157522,0.29464819999999997,0.4371255363157522,780.0,-4.610000000000127,-0.048795000000001205,0.24812479999999998,0.19932979999999878
32.287391828,775.3899999999999,0.55,780.0,-4.610000000000127,-0.04791727876224652,0.29464819999999997,0.24673092123775345,780.0,-4.610000000000127,-0.048795000000001205,0.24812479999999998,0.19932979999999878
32.297602204,775.3899999999999,0.55,780.0,-4.610000000000127,-0.0481011572790488,0.29464819999999997,0.24654704272095118,760.0,15.389999999999873,0.14181888155259623,0.24812479999999998,0.3899436815525962
32.307972121,775.3899999999999,0.55,760.0,15.389999999999873,0.14269052363540272,0.29464819999999997,0.4373387236354027,780.0,-4.610000000000127,-0.048418262632954234,0.24812479999999998,0.19970653736704574
32.318832331,775.3899999999999,0.55,780.0,-4.610000000000127,-0.04755466788139675,0.29464819999999997,0.24709353211860322,780.0,-4.610000000000127,-0.048663447419156756,0.24812479999999998,0.19946135258084322
32.331583124,775.3899999999999,0.55,780.0,-4.610000000000127,-0.047851027539996836,0.29464819999999997,0.24679717246000313,760.0,15.389999999999873,0.14232596298409145,0.24812479999999998,0.3904507629840914
32.342347375,775.3899999999999,0.55,780.0,-4.610000000000127,-0.04809619215744253,0.29464819999999997,0.24655200784255743,780.0,-4.610000000000127,-0.047919201633359464,0.24812479999999998,0.2002055983666405
32.353120084,775.3899999999999,0.55,780.0,-4.610000000000127,-0.04834978731239642,0.29464819999999997,0.24629841268760355,780.0,-4.610000000000127,-0.04817279008075567,0.24812479999999998,0.1999520099192443
32.363812585,775.3899999999999,0.55,780.0,-4.610000000000127,-0.04859723102164299,0.29464819999999997,0.246050968978357,780.0,-4.610000000000127,-0.048420227059405296,0.24812479999999998,0.19970457294059468
32.374211086,775.3899999999999,0.55,780.0,-4.610000000000127,-0.048795000000001205,0.29464819999999997,0.24585319999999877,780.0,-4.610000000000127,-0.04866111590186047,0.24812479999999998,0.1994636840981395
32.384800921,775.3899999999999,0.55,760.0,15.389999999999873,0.14200128183190128,0.29464819999999997,0.4366494818319012,780.0,-4.610000000000127,-0.048795000000001205,0.24812479999999998,0.19932979999999878
32.39490863,775.3899999999999,0.55,780.0,-4.610000000000127,-0.04824841404674789,0.29464819999999997,0.24639978595325207,780.0,-4.610000000000127,-0.048795000000001205,0.24812479999999998,0.19932979999999878
32.405544256,775.3899999999999,0.55,780.0,-4.610000000000127,-0.048478956320446104,0.29464819999999997,0.24616924367955387,760.0,15.389999999999873,0.1419746411262928,0.24812479999999998,0.3900994411262928
32.41610259,775.3899999999999,0.55,780.0,-4.610000000000127,-0.04872362344974625,0.29464819999999997,0.24592457655025374,760.0,15.389999999999873,0.14279141412758592,0.24812479999999998,0.3909162141275859
32.426396092,775.3899999999999,0.55,760.0,15.389999999999873,0.14206599266535583,0.29464819999999997,0.4367141926653558,780.0,-4.610000000000127,-0.04744511828791689,0.24812479999999998,0.20067968171208309
32.436693384,775.3899999999999,0.55,780.0,-4.610000000000127,-0.04817449953269599,0.29464819999999997,0.246473700467304,780.0,-4.610000000000127,-0.047685597024764347,0.24812479999999998,0.20043920297523563
32.44654676,775.3899999999999,0.55,780.0,-4.610000000000127,-0.0484104940994951,0.29464819999999997,0.24623770590050487,760.0,15.389999999999873,0.14310226847783997,0.24812479999999998,0.39122706847783995
32.45669822,775.3899999999999,0.55,780.0,-4.610000000000127,-0.048637695091294134,0.29464819999999997,0.24601050490870585,780.0,-4.610000000000127,-0.0471249459751582,0.24812479999999998,0.20099985402484177
32.467204054,775.3899999999999,0.55,760.0,15.389999999999873,0.14216175138631157,0.29464819999999997,0.4368099513863115,780.0,-4.610000000000127,-0.04736440283636077,0.24812479999999998,0.2007603971636392
32.477847555,775.3899999999999,0.55,780.0,-4.610000000000127,-0.04807881475613918,0.29464819999999997,0.2465693852438608,780.0,-4.610000000000127,-0.047604962271259085,0.24812479999999998,0.20051983772874088
32.488404723,775.3899999999999,0.55,780.0,-4.610000000000127,-0.048322204546636494,0.29464819999999997,0.24632599545336348,780.0,-4.610000000000127,-0.047848365476861277,0.24812479999999998,0.2002764345231387
32.499039474,775.3899999999999,0.55,780.0,-4.610000000000127,-0.048564955644687866,0.29464819999999997,0.2460832443553121,780.0,-4.610000000000127,-0.04809110986736021,0.24812479999999998,0.20003369013263977
32.509526642,775.3899999999999,0.55,760.0,15.389999999999873,0.14226225370035406,0.29464819999999997,0.43691045370035403,780.0,-4.610000000000127,-0.048338896422307806,0.24812479999999998,0.19978590357769216
32.521125351,775.3899999999999,0.55,780.0,-4.610000000000127,-0.047985163109549214,0.29464819999999997,0.24666303689045077,780.0,-4.610000000000127,-0.048586313232211076,0.24812479999999998,0.1995384867677889
32.531518019,775.3899999999999,0.55,780.0,-4.610000000000127,-0.04824608625134959,0.29464819999999997,0.2464021137486504,780.0,-4.610000000000127,-0.048795000000001205,0.24812479999999998,0.19932979999999878
32.544482895,775.3899999999999,0.55,780.0,-4.610000000000127,-0.048543534999396516,0.29464819999999997,0.24610466500060346,760.0,15.389999999999873,0.14219797895949784,0.24812479999999998,0.39032277895949785
32.558806646,775.3899999999999,0.55,780.0,-4.610000000000127,-0.04878225234745022,0.29464819999999997,0.24586594765254977,780.0,-4.610000000000127,-0.04804073838855061,0.24812479999999998,0.20008406161144937
32.569024606,775.3899999999999,0.55,780.0,-4.610000000000127,-0.048795000000001205,0.29464819999999997,0.24585319999999877,780.0,-4.610000000000127,-0.04837049747410309,0.24812479999999998,0.19975430252589688
32.577699065,775.3899999999999,0.55,780.0,-4.610000000000127,-0.048795000000001205,0.29464819999999997,0.24585319999999877,780.0,-4.610000000000127,-0.04860503318335081,0.24812479999999998,0.19951976681664918
32.586549108,775.3899999999999,0.55,780.0,-4.610000000000127,-0.048795000000001205,0.29464819999999997,0.24585319999999877,780.0,-4.610000000000127,-0.048795000000001205,0.24812479999999998,0.19932979999999878
32.59480415,775.3899999999999,0.55,760.0,15.389999999999873,0.14190167652069632,0.29464819999999997,0.4365498765206963,780.0,-4.610000000000127,-0.048795000000001205,0.24812479999999998,0.19932979999999878
32.604579359,775.3899999999999,0.55,780.0,-4.610000000000127,-0.04832616314050413,0.29464819999999997,0.24632203685949583,780.0,-4.610000000000127,-0.048795000000001205,0.24812479999999998,0.19932979999999878
32.614918069,775.3899999999999,0.55,780.0,-4.610000000000127,-0.04850973239545662,0.29464819999999997,0.24613846760454336,760.0,15.389999999999873,0.14181782664503959,0.24812479999999998,0.38994262664503954
32.625305778,775.3899999999999,0.55,780.0,-4.610000000000127,-0.04875032543725591,0.29464819999999997,0.24589787456274406,760.0,15.389999999999873,0.1426210212032372,0.24812479999999998,0.3907458212032372
32.635756779,775.3899999999999,0.55,760.0,15.389999999999873,0.142041557470944,0.29464819999999997,0.43668975747094396,780.0,-4.610000000000127,-0.04761618348856278,0.24812479999999998,0.2005086165114372
32.646187072,775.3899999999999,0.55,780.0,-4.610000000000127,-0.04820360043895448,0.29464819999999997,0.24644459956104547,780.0,-4.610000000000127,-0.04786134812906347,0.24812479999999998,0.2002634518709365
32.656560198,775.3899999999999,0.55,780.0,-4.610000000000127,-0.04843451248075725,0.29464819999999997,0.24621368751924272,760.0,15.389999999999873,0.14290952742914576,0.24812479999999998,0.39103432742914573
32.666965407,775.3899999999999,0.55,780.0,-4.610000000000127,-0.04867992585380322,0.29464819999999997,0.24596827414619676,780.0,-4.610000000000127,-0.04733587248270107,0.24812479999999998,0.2007889275172989
32.677735492,775.3899999999999,0.55,760.0,15.389999999999873,0.14213278488004633,0.29464819999999997,0.4367809848800463,780.0,-4.610000000000127,-0.047579309318253986,0.24812479999999998,0.20054549068174599
32.688749701,775.3899999999999,0.55,780.0,-4.610000000000127,-0.048115284037407745,0.29464819999999997,0.24653291596259222,780.0,-4.610000000000127,-0.04782739169690198,0.24812479999999998,0.200297408303098
32.699107369,775.3899999999999,0.55,780.0,-4.610000000000127,-0.0483660690285535,0.29464819999999997,0.24628213097144647,760.0,15.389999999999873,0.1430098276119513,0.24812479999999998,0.3911346276119513
32.709929953,775.3899999999999,0.55,780.0,-4.610000000000127,-0.04860922350160517,0.29464819999999997,0.2460389764983948,780.0,-4.610000000000127,-0.04723332013049816,0.24812479999999998,0.20089147986950182
32.720308621,775.3899999999999,0.55,780.0,-4.610000000000127,-0.048795000000001205,0.29464819999999997,0.24585319999999877,780.0,-4.610000000000127,-0.0474783839272514,0.24812479999999998,0.20064641607274858
32.732296997,775.3899999999999,0.55,780.0,-4.610000000000127,-0.048795000000001205,0.29464819999999997,0.24585319999999877,760.0,15.389999999999873,0.14331691040529893,0.24812479999999998,0.3914417104052989
32.74129054,775.3899999999999,0.55,780.0,-4.610000000000127,-0.048795000000001205,0.29464819999999997,0.24585319999999877,780.0,-4.610000000000127,-0.046961465435847914,0.24812479999999998,0.20116333456415206
32.749970832,775.3899999999999,0.55,780.0,-4.610000000000127,-0.048795000000001205,0.29464819999999997,0.24585319999999877,800.0,-24.610000000000127,-0.23804120359144054,0.24812479999999998,0.010083596408559437
32.758794042,775.3899999999999,0.55,780.0,-4.610000000000127,-0.048795000000001205,0.29464819999999997,0.24585319999999877,780.0,-4.610000000000127,-0.04824463235759188,0.24812479999999998,0.1998801676424081
32.769025126,775.3899999999999,0.55,760.0,15.389999999999873,0.14188280130129285,0.29464819999999997,0.43653100130129285,780.0,-4.610000000000127,-0.0484476779174945,0.24812479999999998,0.1996771220825055
32.779493335,775.3899999999999,0.55,780.0,-4.610000000000127,-0.04835425547865955,0.29464819999999997,0.24629394452134043,800.0,-24.610000000000127,-0.2387950000000012,0.24812479999999998,0.009329799999998778
32.789956003,775.3899999999999,0.55,780.0,-4.610000000000127,-0.04859636117670731,0.29464819999999997,0.24605183882329265,780.0,-4.610000000000127,-0.048795000000001205,0.24812479999999998,0.19932979999999878
32.800119129,775.3899999999999,0.55,780.0,-4.610000000000127,-0.048795000000001205,0.29464819999999997,0.24585319999999877,760.0,15.389999999999873,0.14200494018879722,0.24812479999999998,0.3901297401887972
32.80888838,775.3899999999999,0.55,780.0,-4.610000000000127,-0.048795000000001205,0.29464819999999997,0.24585319999999877,780.0,-4.610000000000127,-0.04822782737799954,0.24812479999999998,0.19989697262200043
32.817871714,775.3899999999999,0.55,780.0,-4.610000000000127,-0.048795000000001205,0.29464819999999997,0.24585319999999877,780.0,-4.610000000000127,-0.048431309919803434,0.24812479999999998,0.19969349008019655
32.827073215,775.3899999999999,0.55,780.0,-4.610000000000127,-0.048795000000001205,0.29464819999999997,0.24585319999999877,760.0,15.389999999999873,0.1422836358390349,0.24812479999999998,0.39040843583903484
32.836247883,775.3899999999999,0.55,780.0,-4.610000000000127,-0.048795000000001205,0.29464819999999997,0.24585319999999877,760.0,15.389999999999873,0.14297725998408164,0.24812479999999998,0.39110205998408165
32.845287217,775.3899999999999,0.55,780.0,-4.610000000000127,-0.048795000000001205,0.29464819999999997,0.24585319999999877,780.0,-4.610000000000127,-0.04723312027021989,0.24812479999999998,0.2008916797297801
32.856183885,775.3899999999999,0.55,760.0,15.389999999999873,0.1419090380963537,0.29464819999999997,0.43655723809635366,780.0,-4.610000000000127,-0.047443998012672225,0.24812479999999998,0.20068080198732774
32.867112927,775.3899999999999,0.55,780.0,-4.610000000000127,-0.048344086469797924,0.29464819999999997,0.24630411353020204,780.0,-4.610000000000127,-0.04769712930942081,0.24812479999999998,0.20042767069057915
32.878207637,775.3899999999999,0.55,780.0,-4.610000000000127,-0.04859930856289713,0.29464819999999997,0.24604889143710285,780.0,-4.610000000000127,-0.04795235140252002,0.24812479999999998,0.20017244859747996
32.889429805,775.3899999999999,0.55,760.0,15.389999999999873,0.14225905275845743,0.29464819999999997,0.43690725275845743,780.0,-4.610000000000127,-0.04820947611176836,0.24812479999999998,0.19991532388823163
32.902084931,775.3899999999999,0.55,760.0,15.389999999999873,0.14311490035415114,0.29464819999999997,0.4377631003541511,780.0,-4.610000000000127,-0.04846583438546953,0.24812479999999998,0.19965896561453045
32.913246724,775.3899999999999,0.55,780.0,-4.610000000000127,-0.04717558346760139,0.29464819999999997,0.24747261653239858,760.0,15.389999999999873,0.1425039377621788,0.24812479999999998,0.39062873776217877
32.928016434,775.3899999999999,0.55,760.0,15.389999999999873,0.1437118424843424,0.29464819999999997,0.43836004248434235,760.0,15.389999999999873,0.14339131877534295,0.24812479999999998,0.3915161187753429
32.940444643,775.3899999999999,0.55,780.0,-4.610000000000127,-0.046658751612408345,0.29464819999999997,0.24798944838759163,780.0,-4.610000000000127,-0.046979295490154165,0.24812479999999998,0.2011455045098458
32.951157853,775.3899999999999,0.55,780.0,-4.610000000000127,-0.04690158338545559,0.29464819999999997,0.2477466166145444,780.0,-4.610000000000127,-0.047222120555654216,0.24812479999999998,0.20090267944434576
32.961943104,775.3899999999999,0.55,780.0,-4.610000000000127,-0.04714832789600671,0.29464819999999997,0.24749987210399327,780.0,-4.610000000000127,-0.04746885162805595,0.24812479999999998,0.20065594837194403
32.973032271,775.3899999999999,0.55,800.0,-24.610000000000127,-0.23848905522467456,0.29464819999999997,0.05615914477532541,780.0,-4.610000000000127,-0.04772001309485345,0.24812479999999998,0.20040478690514651
32.983957231,775.3899999999999,0.55,800.0,-24.610000000000127,-0.2387950000000012,0.29464819999999997,0.05585319999999877,780.0,-4.610000000000127,-0.04798098328170419,0.24812479999999998,0.2001438167182958
32.99567494,775.3899999999999,0.55,780.0,-4.610000000000127,-0.048795000000001205,0.29464819999999997,0.24585319999999877,780.0,-4.610000000000127,-0.048244380472203405,0.24812479999999998,0.19988041952779656
33.006060025,775.3899999999999,0.55,780.0,-4.610000000000127,-0.048795000000001205,0.29464819999999997,0.24585319999999877,780.0,-4.610000000000127,-0.04851813766960372,0.24812479999999998,0.19960666233039626
33.015492526,775.3899999999999,0.55,780.0,-4.610000000000127,-0.048795000000001205,0.29464819999999997,0.24585319999999877,780.0,-4.610000000000127,-0.04873159701205478,0.24812479999999998,0.1993932029879452
33.02649186,775.3899999999999,0.55,780.0,-4.610000000000127,-0.048795000000001205,0.29464819999999997,0.24585319999999877,780.0,-4.610000000000127,-0.048795000000001205,0.24812479999999998,0.19932979999999878
33.035817319,775.3899999999999,0.55,780.0,-4.610000000000127,-0.048795000000001205,0.29464819999999997,0.24585319999999877,780.0,-4.610000000000127,-0.048795000000001205,0.24812479999999998,0.19932979999999878
33.04525332,775.3899999999999,0.55,780.0,-4.610000000000127,-0.048795000000001205,0.29464819999999997,0.24585319999999877,760.0,15.389999999999873,0.14174347055259415,0.24812479999999998,0.3898682705525941
33.054875113,775.3899999999999,0.55,780.0,-4.610000000000127,-0.048795000000001205,0.29464819999999997,0.24585319999999877,780.0,-4.610000000000127,-0.04847466120925598,0.24812479999999998,0.199650138790744
33.068396489,775.3899999999999,0.55,780.0,-4.610000000000127,-0.048795000000001205,0.29464819999999997,0.24585319999999877,780.0,-4.610000000000127,-0.04869569056355685,0.24812479999999998,0.19942910943644312
33.077278032,775.3899999999999,0.55,780.0,-4.610000000000127,-0.048795000000001205,0.29464819999999997,0.24585319999999877,760.0,15.389999999999873,0.14230886937094359,0.24812479999999998,0.3904336693709436
33.08798395,775.3899999999999,0.55,760.0,15.389999999999873,0.1418884347338423,0.29464819999999997,0.4365366347338423,780.0,-4.610000000000127,-0.04789585690275691,0.24812479999999998,0.20022894309724307
33.098382159,775.3899999999999,0.55,780.0,-4.610000000000127,-0.04835740218295553,0.29464819999999997,0.24629079781704444,780.0,-4.610000000000127,-0.048141680381405365,0.24812479999999998,0.1999831196185946
33.109301577,775.3899999999999,0.55,780.0,-4.610000000000127,-0.04860219032475472,0.29464819999999997,0.24604600967524526,780.0,-4.610000000000127,-0.048386475253806745,0.24812479999999998,0.19973832474619324
33.119406661,775.3899999999999,0.55,780.0,-4.610000000000127,-0.048795000000001205,0.29464819999999997,0.24585319999999877,780.0,-4.610000000000127,-0.04862863472750708,0.24812479999999998,0.1994961652724929
33.129818287,775.3899999999999,0.55,760.0,15.389999999999873,0.14199710737135443,0.29464819999999997,0.43664530737135443,780.0,-4.610000000000127,-0.048795000000001205,0.24812479999999998,0.19932979999999878
33.140054622,775.3899999999999,0.55,780.0,-4.610000000000127,-0.048240910777998566,0.29464819999999997,0.2464072892220014,760.0,15.389999999999873,0.14199957615820066,0.24812479999999998,0.3901243761582006
33.150208998,775.3899999999999,0.55,780.0,-4.610000000000127,-0.04847902979414354,0.29464819999999997,0.24616917020585644,780.0,-4.610000000000127,-0.04823854956550199,0.24812479999999998,0.19988625043449798
33.160658832,775.3899999999999,0.55,780.0,-4.610000000000127,-0.04871884298529604,0.29464819999999997,0.24592935701470392,780.0,-4.610000000000127,-0.048478369487251434,0.24812479999999998,0.19964643051274855
33.170722208,775.3899999999999,0.55,780.0,-4.610000000000127,-0.048795000000001205,0.29464819999999997,0.24585319999999877,760.0,15.389999999999873,0.14230684762719892,0.24812479999999998,0.3904316476271989
33.180049417,775.3899999999999,0.55,780.0,-4.610000000000127,-0.048795000000001205,0.29464819999999997,0.24585319999999877,780.0,-4.610000000000127,-0.04792879734024723,0.24812479999999998,0.20019600265975274
33.18918821,775.3899999999999,0.55,780.0,-4.610000000000127,-0.048795000000001205,0.29464819999999997,0.24585319999999877,780.0,-4.610000000000127,-0.04814516098270143,0.24812479999999998,0.19997963901729854
33.198488002,775.3899999999999,0.55,780.0,-4.610000000000127,-0.048795000000001205,0.29464819999999997,0.24585319999999877,780.0,-4.610000000000127,-0.048356388324501495,0.24812479999999998,0.19976841167549847
33.207963087,775.3899999999999,0.55,780.0,-4.610000000000127,-0.048795000000001205,0.29464819999999997,0.24585319999999877,760.0,15.389999999999873,0.14236295635803936,0.24812479999999998,0.39048775635803934
33.219153755,775.3899999999999,0.55,760.0,15.389999999999873,0.1419430627700427,0.29464819999999997,0.4365912627700427,780.0,-4.610000000000127,-0.0478581267949638,0.24812479999999998,0.2002666732050362
33.233024839,775.3899999999999,0.55,780.0,-4.610000000000127,-0.04831636117670834,0.29464819999999997,0.24633183882329163,780.0,-4.610000000000127,-0.04811748350486313,0.24812479999999998,0.20000731649513684
33.244810799,775.3899999999999,0.55,780.0,-4.610000000000127,-0.04865362303725891,0.29464819999999997,0.24599457696274107,760.0,15.389999999999873,0.14300863172833714,0.24812479999999998,0.39113343172833714
33.2560248,775.3899999999999,0.55,760.0,15.389999999999873,0.14218889297093565,0.29464819999999997,0.43683709297093565,780.0,-4.610000000000127,-0.04724373313285905,0.24812479999999998,0.2008810668671409
33.267102884,775.3899999999999,0.55,780.0,-4.610000000000127,-0.048073899157063116,0.29464819999999997,0.24657430084293686,780.0,-4.610000000000127,-0.04750653869901245,0.24812479999999998,0.20061826130098753
33.278190885,775.3899999999999,0.55,780.0,-4.610000000000127,-0.04832719178076417,0.29464819999999997,0.2463210082192358,780.0,-4.610000000000127,-0.04775982461516107,0.24812479999999998,0.2003649753848389
33.289107095,775.3899999999999,0.55,780.0,-4.610000000000127,-0.04857912639066651,0.29464819999999997,0.24606907360933344,780.0,-4.610000000000127,-0.04801175922506341,0.24812479999999998,0.20011304077493658
33.300055679,775.3899999999999,0.55,760.0,15.389999999999873,0.14226031484943663,0.29464819999999997,0.4369085148494366,760.0,15.389999999999873,0.1428276595456324,0.24812479999999998,0.3909524595456324
33.311270847,775.3899999999999,0.55,780.0,-4.610000000000127,-0.047998450236111656,0.29464819999999997,0.24664974976388832,780.0,-4.610000000000127,-0.047431105539915884,0.24812479999999998,0.2006936944600841
33.32178514,775.3899999999999,0.55,780.0,-4.610000000000127,-0.048245504008512574,0.29464819999999997,0.2464026959914874,780.0,-4.610000000000127,-0.04767816601986399,0.24812479999999998,0.20044663398013599
33.332706308,775.3899999999999,0.55,780.0,-4.610000000000127,-0.04849801678156158,0.29464819999999997,0.2461501832184384,780.0,-4.610000000000127,-0.047930678815968,0.24812479999999998,0.200194121184032
33.343402017,775.3899999999999,0.55,780.0,-4.610000000000127,-0.04874665715460988,0.29464819999999997,0.2459015428453901,780.0,-4.610000000000127,-0.04817931245841411,0.24812479999999998,0.19994548754158586
33.353973476,775.3899999999999,0.55,780.0,-4.610000000000127,-0.048795000000001205,0.29464819999999997,0.24585319999999877,780.0,-4.610000000000127,-0.048419905500218643,0.24812479999999998,0.19970489449978135
33.363098269,775.3899999999999,0.55,780.0,-4.610000000000127,-0.048795000000001205,0.29464819999999997,0.24585319999999877,760.0,15.389999999999873,0.14240454326356602,0.24812479999999998,0.39052934326356603
33.372211103,775.3899999999999,0.55,780.0,-4.610000000000127,-0.048795000000001205,0.29464819999999997,0.24585319999999877,760.0,15.389999999999873,0.1431103095030289,0.24812479999999998,0.39123510950302887
33.381383146,775.3899999999999,0.55,780.0,-4.610000000000127,-0.048795000000001205,0.29464819999999997,0.24585319999999877,760.0,15.389999999999873,0.14379812076811682,0.24812479999999998,0.3919229207681168
33.390333522,775.3899999999999,0.55,780.0,-4.610000000000127,-0.048795000000001205,0.29464819999999997,0.24585319999999877,780.0,-4.610000000000127,-0.046412225856233974,0.24812479999999998,0.201712574143766
33.398979106,775.3899999999999,0.55,780.0,-4.610000000000127,-0.048795000000001205,0.29464819999999997,0.24585319999999877,780.0,-4.610000000000127,-0.04661753704673308,0.24812479999999998,0.2015072629532669
33.40726944,775.3899999999999,0.55,780.0,-4.610000000000127,-0.048795000000001205,0.29464819999999997,0.24585319999999877,760.0,15.389999999999873,0.14401456880522548,0.24812479999999998,0.3921393688052255
33.415625983,775.3899999999999,0.55,780.0,-4.610000000000127,-0.048795000000001205,0.29464819999999997,0.24585319999999877,780.0,-4.610000000000127,-0.04617995878852637,0.24812479999999998,0.2019448412114736
33.42631615,775.3899999999999,0.55,760.0,15.389999999999873,0.14183306597693693,0.29464819999999997,0.4364812659769369,780.0,-4.610000000000127,-0.046368092911572824,0.24812479999999998,0.20175670708842716
33.435841401,775.3899999999999,0.55,760.0,15.389999999999873,0.1426523975657389,0.29464819999999997,0.43730059756573886,780.0,-4.610000000000127,-0.04661351974582318,0.24812479999999998,0.2015112802541768
33.445483027,775.3899999999999,0.55,780.0,-4.610000000000127,-0.047571193219809085,0.29464819999999997,0.2470770067801909,780.0,-4.610000000000127,-0.046837110531376416,0.24812479999999998,0.20128768946862358
33.455257653,775.3899999999999,0.55,780.0,-4.610000000000127,-0.0477894056797101,0.29464819999999997,0.24685879432028987,780.0,-4.610000000000127,-0.04705531626067524,0.24812479999999998,0.20106948373932473
33.465268529,775.3899999999999,0.55,760.0,15.389999999999873,0.14298526282093899,0.29464819999999997,0.43763346282093896,780.0,-4.610000000000127,-0.047287330853124,0.24812479999999998,0.20083746914687597
33.475349697,775.3899999999999,0.55,780.0,-4.610000000000127,-0.04724549460146376,0.29464819999999997,0.2474027053985362,780.0,-4.610000000000127,-0.047518094983073945,0.24812479999999998,0.20060670501692604
33.485501448,775.3899999999999,0.55,780.0,-4.610000000000127,-0.04747669573636474,0.29464819999999997,0.24717150426363524,780.0,-4.610000000000127,-0.04774928267982553,0.24812479999999998,0.20037551732017445
33.496473074,775.3899999999999,0.55,780.0,-4.610000000000127,-0.04772231079691085,0.29464819999999997,0.2469258892030891,760.0,15.389999999999873,0.1430706997520696,0.24812479999999998,0.3911954997520696
33.508454742,775.3899999999999,0.55,780.0,-4.610000000000127,-0.04799610160121215,0.29464819999999997,0.24665209839878782,780.0,-4.610000000000127,-0.0472030776140823,0.24812479999999998,0.20092172238591768
33.520698326,775.3899999999999,0.55,800.0,-24.610000000000127,-0.2387950000000012,0.29464819999999997,0.05585319999999877,780.0,-4.610000000000127,-0.04746560754833141,0.24812479999999998,0.20065919245166858
33.531793036,775.3899999999999,0.55,780.0,-4.610000000000127,-0.048795000000001205,0.29464819999999997,0.24585319999999877,780.0,-4.610000000000127,-0.047743351427629276,0.24812479999999998,0.2003814485723707
33.541336954,775.3899999999999,0.55,780.0,-4.610000000000127,-0.048795000000001205,0.29464819999999997,0.24585319999999877,780.0,-4.610000000000127,-0.04800807973257864,0.24812479999999998,0.20011672026742133
33.549664913,775.3899999999999,0.55,780.0,-4.610000000000127,-0.048795000000001205,0.29464819999999997,0.24585319999999877,780.0,-4.610000000000127,-0.04819855343063098,0.24812479999999998,0.199926246569369
33.557823997,775.3899999999999,0.55,780.0,-4.610000000000127,-0.048795000000001205,0.29464819999999997,0.24585319999999877,780.0,-4.610000000000127,-0.048390472548080085,0.24812479999999998,0.19973432745191988
33.570733456,775.3899999999999,0.55,760.0,15.389999999999873,0.14184457954375132,0.29464819999999997,0.4364927795437513,780.0,-4.610000000000127,-0.0485820622579828,0.24812479999999998,0.1995427377420172
33.580284666,775.3899999999999,0.55,780.0,-4.610000000000127,-0.04845208264609636,0.29464819999999997,0.24619611735390362,760.0,15.389999999999873,0.1424082907058029,0.24812479999999998,0.3905330907058029
33.593739542,775.3899999999999,0.55,780.0,-4.610000000000127,-0.04867319938294552,0.29464819999999997,0.24597500061705446,760.0,15.389999999999873,0.14314646574591677,0.24812479999999998,0.39127126574591675
33.603197418,775.3899999999999,0.55,760.0,15.389999999999873,0.14235622825220745,0.29464819999999997,0.4370044282522074,780.0,-4.610000000000127,-0.04716188758833192,0.24812479999999998,0.20096291241166805
33.612764377,775.3899999999999,0.55,780.0,-4.610000000000127,-0.04786210519714283,0.29464819999999997,0.24678609480285713,780.0,-4.610000000000127,-0.047380227768279166,0.24812479999999998,0.20074457223172082
33.622455878,775.3899999999999,0.55,780.0,-4.610000000000127,-0.04808668425144521,0.29464819999999997,0.24656151574855475,780.0,-4.610000000000127,-0.04760478665382996,0.24812479999999998,0.20052001334617003
33.632074754,775.3899999999999,0.55,780.0,-4.610000000000127,-0.04830839263569518,0.29464819999999997,0.24633980736430477,780.0,-4.610000000000127,-0.04782651518378176,0.24812479999999998,0.20029828481621823
33.642394214,775.3899999999999,0.55,760.0,15.389999999999873,0.1424656025524534,0.29464819999999997,0.43711380255245336,780.0,-4.610000000000127,-0.04805830121243159,0.24812479999999998,0.20006649878756838
33.652519131,775.3899999999999,0.55,780.0,-4.610000000000127,-0.0477699684705938,0.29464819999999997,0.24687823152940616,780.0,-4.610000000000127,-0.048293892404230404,0.24812479999999998,0.19983090759576957
33.663152132,775.3899999999999,0.55,780.0,-4.610000000000127,-0.048014339799248545,0.29464819999999997,0.24663386020075143,760.0,15.389999999999873,0.14252189309772806,0.24812479999999998,0.39064669309772804
33.673982884,775.3899999999999,0.55,780.0,-4.610000000000127,-0.04824988392294723,0.29464819999999997,0.24639831607705273,760.0,15.389999999999873,0.14330825484341347,0.24812479999999998,0.39143305484341345
33.684633385,775.3899999999999,0.55,780.0,-4.610000000000127,-0.04850033950654661,0.29464819999999997,0.24614786049345336,780.0,-4.610000000000127,-0.04694220744773831,0.24812479999999998,0.20118259255226167
33.696528719,775.3899999999999,0.55,780.0,-4.610000000000127,-0.04876923601214732,0.29464819999999997,0.24587896398785264,780.0,-4.610000000000127,-0.04721109051518964,0.24812479999999998,0.20091370948481035
33.708052762,775.3899999999999,0.55,780.0,-4.610000000000127,-0.048795000000001205,0.29464819999999997,0.24585319999999877,780.0,-4.610000000000127,-0.047479052573788046,0.24812479999999998,0.20064574742621194
33.717143138,775.3899999999999,0.55,780.0,-4.610000000000127,-0.048795000000001205,0.29464819999999997,0.24585319999999877,780.0,-4.610000000000127,-0.047730227478740186,0.24812479999999998,0.2003945725212598
33.727927514,775.3899999999999,0.55,760.0,15.389999999999873,0.1418988710776086,0.29464819999999997,0.4365470710776086,780.0,-4.610000000000127,-0.04793807990869033,0.24812479999999998,0.20018672009130964
33.74137539,775.3899999999999,0.55,760.0,15.389999999999873,0.14274356415520506,0.29464819999999997,0.43739176415520503,760.0,15.389999999999873,0.14290650097580285,0.24812479999999998,0.39103130097580285
33.7522006,775.3899999999999,0.55,780.0,-4.610000000000127,-0.0475621739490942,0.29464819999999997,0.24708602605090577,760.0,15.389999999999873,0.14392728766460358,0.24812479999999998,0.39205208766460353
33.763512601,775.3899999999999,0.55,780.0,-4.610000000000127,-0.04782753421589254,0.29464819999999997,0.24682066578410744,800.0,-24.610000000000127,-0.23748923846404077,0.24812479999999998,0.01063556153595921
33.774173602,775.3899999999999,0.55,780.0,-4.610000000000127,-0.04807269885639323,0.29464819999999997,0.24657550114360674,780.0,-4.610000000000127,-0.04773442327329305,0.24812479999999998,0.20039037672670693
33.785000853,775.3899999999999,0.55,780.0,-4.610000000000127,-0.04831864332449097,0.29464819999999997,0.246329556675509,800.0,-24.610000000000127,-0.2387950000000012,0.24812479999999998,0.009329799999998778
33.796302646,775.3899999999999,0.55,780.0,-4.610000000000127,-0.04857829583504095,0.29464819999999997,0.24606990416495902,780.0,-4.610000000000127,-0.048795000000001205,0.24812479999999998,0.19932979999999878
33.807064564,775.3899999999999,0.55,780.0,-4.610000000000127,-0.048795000000001205,0.29464819999999997,0.24585319999999877,760.0,15.389999999999873,0.1420530147782497,0.24812479999999998,0.39017781477824964
33.816188773,775.3899999999999,0.55,780.0,-4.610000000000127,-0.048795000000001205,0.29464819999999997,0.24585319999999877,780.0,-4.610000000000127,-0.048192109501698055,0.24812479999999998,0.19993269049830192
33.825540482,775.3899999999999,0.55,780.0,-4.610000000000127,-0.048795000000001205,0.29464819999999997,0.24585319999999877,780.0,-4.610000000000127,-0.04840124602409775,0.24812479999999998,0.19972355397590225
33.835034233,775.3899999999999,0.55,780.0,-4.610000000000127,-0.048795000000001205,0.29464819999999997,0.24585319999999877,760.0,15.389999999999873,0.14232786168970893,0.24812479999999998,0.39045266168970894
33.844145901,775.3899999999999,0.55,780.0,-4.610000000000127,-0.048795000000001205,0.29464819999999997,0.24585319999999877,780.0,-4.610000000000127,-0.04788838767084318,0.24812479999999998,0.2002364123291568
33.852945777,775.3899999999999,0.55,780.0,-4.610000000000127,-0.048795000000001205,0.29464819999999997,0.24585319999999877,780.0,-4.610000000000127,-0.0480939475938928,0.24812479999999998,0.20003085240610718
33.863379278,775.3899999999999,0.55,760.0,15.389999999999873,0.14188560682134724,0.29464819999999997,0.43653380682134724,780.0,-4.610000000000127,-0.048297846948841136,0.24812479999999998,0.19982695305115883
33.873933237,775.3899999999999,0.55,780.0,-4.610000000000127,-0.04835201468360241,0.29464819999999997,0.24629618531639758,780.0,-4.610000000000127,-0.048535475184393,0.24812479999999998,0.19958932481560698
33.883994863,775.3899999999999,0.55,780.0,-4.610000000000127,-0.04859490696290441,0.29464819999999997,0.24605329303709556,780.0,-4.610000000000127,-0.04877837419429196,0.24812479999999998,0.19934642580570802
33.894580031,775.3899999999999,0.55,780.0,-4.610000000000127,-0.048795000000001205,0.29464819999999997,0.24585319999999877,780.0,-4.610000000000127,-0.048795000000001205,0.24812479999999998,0.19932979999999878
33.902354406,775.3899999999999,0.55,760.0,15.389999999999873,0.1420056809095022,0.29464819999999997,0.4366538809095022,780.0,-4.610000000000127,-0.048795000000001205,0.24812479999999998,0.19932979999999878
33.910270532,775.3899999999999,0.55,780.0,-4.610000000000127,-0.04817528657669998,0.29464819999999997,0.2464729134233,780.0,-4.610000000000127,-0.048795000000001205,0.24812479999999998,0.19932979999999878
33.920552075,775.3899999999999,0.55,780.0,-4.610000000000127,-0.04836226435039812,0.29464819999999997,0.24628593564960186,760.0,15.389999999999873,0.14182925056508972,0.24812479999999998,0.3899540505650897
33.940547577,775.3899999999999,0.55,780.0,-4.610000000000127,-0.048652492685948207,0.29464819999999997,0.24599570731405176,760.0,15.389999999999873,0.142798102467692,0.24812479999999998,0.390922902467692
33.951511036,775.3899999999999,0.55,780.0,-4.610000000000127,-0.048795000000001205,0.29464819999999997,0.24585319999999877,780.0,-4.610000000000127,-0.04761341402281057,0.24812479999999998,0.2005113859771894
33.960591787,775.3899999999999,0.55,780.0,-4.610000000000127,-0.048795000000001205,0.29464819999999997,0.24585319999999877,780.0,-4.610000000000127,-0.04786241070275904,0.24812479999999998,0.20026238929724094
33.969859497,775.3899999999999,0.55,780.0,-4.610000000000127,-0.048795000000001205,0.29464819999999997,0.24585319999999877,800.0,-24.610000000000127,-0.2387950000000012,0.24812479999999998,0.009329799999998778
33.979329623,775.3899999999999,0.55,780.0,-4.610000000000127,-0.048795000000001205,0.29464819999999997,0.24585319999999877,780.0,-4.610000000000127,-0.048795000000001205,0.24812479999999998,0.19932979999999878
33.987796707,775.3899999999999,0.55,760.0,15.389999999999873,0.14190695082759694,0.29464819999999997,0.4365551508275969,780.0,-4.610000000000127,-0.048795000000001205,0.24812479999999998,0.19932979999999878
33.995986124,775.3899999999999,0.55,760.0,15.389999999999873,0.14254368006639628,0.29464819999999997,0.43719188006639625,780.0,-4.610000000000127,-0.048795000000001205,0.24812479999999998,0.19932979999999878
34.006915459,775.3899999999999,0.55,780.0,-4.610000000000127,-0.047654087988557026,0.29464819999999997,0.24699411201144295,760.0,15.389999999999873,0.14186518298319442,0.24812479999999998,0.3899899829831944
34.018940877,775.3899999999999,0.55,780.0,-4.610000000000127,-0.047903024162255975,0.29464819999999997,0.246745175837744,760.0,15.389999999999873,0.14269625267889818,0.24812479999999998,0.39082105267889816
34.029836378,775.3899999999999,0.55,780.0,-4.610000000000127,-0.04818107730340364,0.29464819999999997,0.24646712269659632,780.0,-4.610000000000127,-0.04758181392345385,0.24812479999999998,0.20054298607654614
34.04015642,775.3899999999999,0.55,780.0,-4.610000000000127,-0.0484278487133033,0.29464819999999997,0.24622035128669667,780.0,-4.610000000000127,-0.047828571872149124,0.24812479999999998,0.20029622812785086
34.050295046,775.3899999999999,0.55,780.0,-4.610000000000127,-0.048660300310703085,0.29464819999999997,0.24598789968929688,780.0,-4.610000000000127,-0.04806102346954891,0.24812479999999998,0.20006377653045107
34.060450297,775.3899999999999,0.55,780.0,-4.610000000000127,-0.048795000000001205,0.29464819999999997,0.24585319999999877,800.0,-24.610000000000127,-0.2387950000000012,0.24812479999999998,0.009329799999998778
34.07035909,775.3899999999999,0.55,780.0,-4.610000000000127,-0.048795000000001205,0.29464819999999997,0.24585319999999877,780.0,-4.610000000000127,-0.048795000000001205,0.24812479999999998,0.19932979999999878
34.079874716,775.3899999999999,0.55,760.0,15.389999999999873,0.14195524972630677,0.29464819999999997,0.4366034497263067,780.0,-4.610000000000127,-0.048795000000001205,0.24812479999999998,0.19932979999999878
34.08743005,775.3899999999999,0.55,780.0,-4.610000000000127,-0.04826393756419399,0.29464819999999997,0.24638426243580597,780.0,-4.610000000000127,-0.048795000000001205,0.24812479999999998,0.19932979999999878
34.096997884,775.3899999999999,0.55,780.0,-4.610000000000127,-0.04844325121289183,0.29464819999999997,0.24620494878710814,760.0,15.389999999999873,0.14180361975130906,0.24812479999999998,0.38992841975130904
34.106645635,775.3899999999999,0.55,760.0,15.389999999999873,0.1422860136328153,0.29464819999999997,0.43693421363281526,760.0,15.389999999999873,0.14253274993450557,0.24812479999999998,0.3906575499345055
34.126539346,775.3899999999999,0.55,760.0,15.389999999999873,0.14376534868045432,0.29464819999999997,0.4384135486804543,800.0,-24.610000000000127,-0.2387950000000012,0.24812479999999998,0.009329799999998778
# 34.135 Shooter Ready
34.139881347,775.3899999999999,0.55,780.0,-4.610000000000127,-0.046540779360695825,0.29464819999999997,0.24810742063930413,780.0,-4.610000000000127,-0.048795000000001205,0.24812479999999998,0.19932979999999878
34.15040789,775.3899999999999,0.55,780.0,-4.610000000000127,-0.04679064329689964,0.29464819999999997,0.24785755670310033,800.0,-24.610000000000127,-0.2387950000000012,0.24812479999999998,0.009329799999998778
34.158881099,775.3899999999999,0.55,780.0,-4.610000000000127,-0.04703603650119926,0.29464819999999997,0.24761216349880072,800.0,-24.610000000000127,-0.2387950000000012,0.24812479999999998,0.009329799999998778
34.169846308,775.3899999999999,0.55,780.0,-4.610000000000127,-0.047226953911749824,0.29464819999999997,0.24742124608825014,760.0,15.389999999999873,0.14184235768945064,0.24812479999999998,0.3899671576894506
34.180588101,775.3899999999999,0.55,780.0,-4.610000000000127,-0.04748627028414599,0.29464819999999997,0.247161929715854,780.0,-4.610000000000127,-0.048416951952348554,0.24812479999999998,0.19970784804765143
34.190955102,775.3899999999999,0.55,780.0,-4.610000000000127,-0.04772676918974503,0.29464819999999997,0.24692143081025494,780.0,-4.610000000000127,-0.04865745085795283,0.24812479999999998,0.19946734914204714
34.201581103,775.3899999999999,0.55,780.0,-4.610000000000127,-0.0479710867427472,0.29464819999999997,0.24667711325725278,760.0,15.389999999999873,0.14215815511964705,0.24812479999999998,0.39028295511964706
34.212145271,775.3899999999999,0.55,800.0,-24.610000000000127,-0.2387950000000012,0.29464819999999997,0.05585319999999877,780.0,-4.610000000000127,-0.04808366821589944,0.24812479999999998,0.20004113178410055
34.222671814,775.3899999999999,0.55,780.0,-4.610000000000127,-0.048795000000001205,0.29464819999999997,0.24585319999999877,800.0,-24.610000000000127,-0.2387950000000012,0.24812479999999998,0.009329799999998778
34.231625398,775.3899999999999,0.55,780.0,-4.610000000000127,-0.048795000000001205,0.29464819999999997,0.24585319999999877,780.0,-4.610000000000127,-0.048795000000001205,0.24812479999999998,0.19932979999999878
34.238257315,775.3899999999999,0.55,780.0,-4.610000000000127,-0.048795000000001205,0.29464819999999997,0.24585319999999877,780.0,-4.610000000000127,-0.048795000000001205,0.24812479999999998,0.19932979999999878
34.249766775,775.3899999999999,0.55,780.0,-4.610000000000127,-0.048795000000001205,0.29464819999999997,0.24585319999999877,800.0,-24.610000000000127,-0.2387950000000012,0.24812479999999998,0.009329799999998778
34.260398026,775.3899999999999,0.55,760.0,15.389999999999873,0.14210833851939123,0.29464819999999997,0.4367565385193912,780.0,-4.610000000000127,-0.048795000000001205,0.24812479999999998,0.19932979999999878
34.270795069,775.3899999999999,0.55,780.0,-4.610000000000127,-0.04813151500925918,0.29464819999999997,0.24651668499074078,760.0,15.389999999999873,0.14200568083255302,0.24812479999999998,0.390130480832553
34.281476778,775.3899999999999,0.55,780.0,-4.610000000000127,-0.04837331817605935,0.29464819999999997,0.2462748818239406,780.0,-4.610000000000127,-0.04823612233424715,0.24812479999999998,0.19988867766575283
34.291790404,775.3899999999999,0.55,780.0,-4.610000000000127,-0.048617306298460145,0.29464819999999997,0.24603089370153983,780.0,-4.610000000000127,-0.048480123894792095,0.24812479999999998,0.1996446761052079
34.302451113,775.3899999999999,0.55,780.0,-4.610000000000127,-0.048795000000001205,0.29464819999999997,0.24585319999999877,780.0,-4.610000000000127,-0.04872268003594552,0.24812479999999998,0.19940211996405446
34.311689364,775.3899999999999,0.55,780.0,-4.610000000000127,-0.048795000000001205,0.29464819999999997,0.24585319999999877,760.0,15.389999999999873,0.14210149940285294,0.24812479999999998,0.3902262994028529
34.320566532,775.3899999999999,0.55,780.0,-4.610000000000127,-0.048795000000001205,0.29464819999999997,0.24585319999999877,780.0,-4.610000000000127,-0.048102487357698676,0.24812479999999998,0.2000223126423013
34.329877408,775.3899999999999,0.55,780.0,-4.610000000000127,-0.048795000000001205,0.29464819999999997,0.24585319999999877,780.0,-4.610000000000127,-0.04831031291134479,0.24812479999999998,0.19981448708865518
34.341121742,775.3899999999999,0.55,760.0,15.389999999999873,0.1419841124400968,0.29464819999999997,0.43663231244009676,780.0,-4.610000000000127,-0.048543685540647245,0.24812479999999998,0.19958111445935273
34.351790327,775.3899999999999,0.55,780.0,-4.610000000000127,-0.04825440995105372,0.29464819999999997,0.24639379004894624,780.0,-4.610000000000127,-0.048782214639344956,0.24812479999999998,0.19934258536065502
34.362546119,775.3899999999999,0.55,780.0,-4.610000000000127,-0.04850883202475454,0.29464819999999997,0.24613936797524544,800.0,-24.610000000000127,-0.2387950000000012,0.24812479999999998,0.009329799999998778
34.378844163,775.3899999999999,0.55,780.0,-4.610000000000127,-0.048795000000001205,0.29464819999999997,0.24585319999999877,780.0,-4.610000000000127,-0.048795000000001205,0.24812479999999998,0.19932979999999878
34.387581914,775.3899999999999,0.55,780.0,-4.610000000000127,-0.048795000000001205,0.29464819999999997,0.24585319999999877,760.0,15.389999999999873,0.1419831023943881,0.24812479999999998,0.3901079023943881
34.396500789,775.3899999999999,0.55,780.0,-4.610000000000127,-0.048795000000001205,0.29464819999999997,0.24585319999999877,760.0,15.389999999999873,0.142668759059499,0.24812479999999998,0.390793559059499
34.405531665,775.3899999999999,0.55,780.0,-4.610000000000127,-0.048795000000001205,0.29464819999999997,0.24585319999999877,760.0,15.389999999999873,0.14336298918579093,0.24812479999999998,0.3914877891857909
34.415843833,775.3899999999999,0.55,780.0,-4.610000000000127,-0.048795000000001205,0.29464819999999997,0.24585319999999877,780.0,-4.610000000000127,-0.046873146562258786,0.24812479999999998,0.2012516534377412
34.427124626,775.3899999999999,0.55,760.0,15.389999999999873,0.1419526686693906,0.29464819999999997,0.4366008686693906,780.0,-4.610000000000127,-0.04709712728466292,0.24812479999999998,0.20102767271533706
34.438772044,775.3899999999999,0.55,780.0,-4.610000000000127,-0.04829685915170914,0.29464819999999997,0.24635134084829083,800.0,-24.610000000000127,-0.2384293845895901,0.24812479999999998,0.009695415410409886
34.448793128,775.3899999999999,0.55,780.0,-4.610000000000127,-0.048556182231662984,0.29464819999999997,0.246092017768337,780.0,-4.610000000000127,-0.048688714400140894,0.24812479999999998,0.1994360855998591
34.458695796,775.3899999999999,0.55,780.0,-4.610000000000127,-0.048785077398459054,0.29464819999999997,0.24586312260154092,780.0,-4.610000000000127,-0.048795000000001205,0.24812479999999998,0.19932979999999878
34.466332796,775.3899999999999,0.55,760.0,15.389999999999873,0.1419657783090941,0.29464819999999997,0.4366139783090941,780.0,-4.610000000000127,-0.048795000000001205,0.24812479999999998,0.19932979999999878
34.476224381,775.3899999999999,0.55,780.0,-4.610000000000127,-0.04820847298335897,0.29464819999999997,0.246439727016641,760.0,15.389999999999873,0.1417867420769489,0.24812479999999998,0.3899115420769489
34.48601709,775.3899999999999,0.55,780.0,-4.610000000000127,-0.048439290912006,0.29464819999999997,0.24620890908799398,760.0,15.389999999999873,0.14255728097889914,0.24812479999999998,0.3906820809788991
34.495559549,775.3899999999999,0.55,760.0,15.389999999999873,0.1423062680961884,0.29464819999999997,0.4369544680961884,780.0,-4.610000000000127,-0.04766605434350138,0.24812479999999998,0.2004587456564986
34.506636759,775.3899999999999,0.55,760.0,15.389999999999873,0.14303577979749188,0.29464819999999997,0.43768397979749185,780.0,-4.610000000000127,-0.04788458277279939,0.24812479999999998,0.2002402172272006
34.516922677,775.3899999999999,0.55,780.0,-4.610000000000127,-0.04722279706176064,0.29464819999999997,0.24742540293823934,780.0,-4.610000000000127,-0.04814313270964838,0.24812479999999998,0.1999816672903516
34.526938803,775.3899999999999,0.55,780.0,-4.610000000000127,-0.04746733644795956,0.29464819999999997,0.24718086355204041,800.0,-24.610000000000127,-0.2387950000000012,0.24812479999999998,0.009329799999998778
34.538638137,775.3899999999999,0.55,780.0,-4.610000000000127,-0.04772996049535916,0.29464819999999997,0.2469182395046408,780.0,-4.610000000000127,-0.048795000000001205,0.24812479999999998,0.19932979999999878
34.545984054,775.3899999999999,0.55,780.0,-4.610000000000127,-0.0479559849690583,0.29464819999999997,0.2466922150309417,780.0,-4.610000000000127,-0.048795000000001205,0.24812479999999998,0.19932979999999878
34.553443139,775.3899999999999,0.55,780.0,-4.610000000000127,-0.048128024429611976,0.29464819999999997,0.246520175570388,780.0,-4.610000000000127,-0.048795000000001205,0.24812479999999998,0.19932979999999878
34.560710306,775.3899999999999,0.55,780.0,-4.610000000000127,-0.048298457120761445,0.29464819999999997,0.24634974287923853,780.0,-4.610000000000127,-0.048795000000001205,0.24812479999999998,0.19932979999999878
34.567670932,775.3899999999999,0.55,780.0,-4.610000000000127,-0.04846031133951062,0.29464819999999997,0.24618788866048935,780.0,-4.610000000000127,-0.048795000000001205,0.24812479999999998,0.19932979999999878
34.578022474,775.3899999999999,0.55,780.0,-4.610000000000127,-0.048621224380660535,0.29464819999999997,0.24602697561933945,760.0,15.389999999999873,0.14174225851315458,0.24812479999999998,0.38986705851315456
34.589088017,775.3899999999999,0.55,760.0,15.389999999999873,0.1421808928775398,0.29464819999999997,0.4368290928775398,780.0,-4.610000000000127,-0.04849801182864551,0.24812479999999998,0.19962678817135449
34.59868006,775.3899999999999,0.55,780.0,-4.610000000000127,-0.04807631921425684,0.29464819999999997,0.24657188078574313,780.0,-4.610000000000127,-0.048755223920442146,0.24812479999999998,0.19936957607955783
34.607676227,775.3899999999999,0.55,780.0,-4.610000000000127,-0.04829273663235838,0.29464819999999997,0.24635546336764158,780.0,-4.610000000000127,-0.048795000000001205,0.24812479999999998,0.19932979999999878
34.61534677,775.3899999999999,0.55,780.0,-4.610000000000127,-0.04851137936660822,0.29464819999999997,0.24613682063339176,780.0,-4.610000000000127,-0.048795000000001205,0.24812479999999998,0.19932979999999878
34.624869979,775.3899999999999,0.55,780.0,-4.610000000000127,-0.0486847768409606,0.29464819999999997,0.24596342315903938,800.0,-24.610000000000127,-0.2387950000000012,0.24812479999999998,0.009329799999998778
34.634850813,775.3899999999999,0.55,780.0,-4.610000000000127,-0.048795000000001205,0.29464819999999997,0.24585319999999877,780.0,-4.610000000000127,-0.048795000000001205,0.24812479999999998,0.19932979999999878
34.640897647,775.3899999999999,0.55,780.0,-4.610000000000127,-0.048795000000001205,0.29464819999999997,0.24585319999999877,780.0,-4.610000000000127,-0.048795000000001205,0.24812479999999998,0.19932979999999878
34.64699494,775.3899999999999,0.55,780.0,-4.610000000000127,-0.048795000000001205,0.29464819999999997,0.24585319999999877,780.0,-4.610000000000127,-0.048795000000001205,0.24812479999999998,0.19932979999999878
34.655498774,775.3899999999999,0.55,780.0,-4.610000000000127,-0.048795000000001205,0.29464819999999997,0.24585319999999877,760.0,15.389999999999873,0.141692814906243,0.24812479999999998,0.389817614906243
34.663732233,775.3899999999999,0.55,780.0,-4.610000000000127,-0.048795000000001205,0.29464819999999997,0.24585319999999877,760.0,15.389999999999873,0.14232866883879347,0.24812479999999998,0.39045346883879345
34.673275276,775.3899999999999,0.55,760.0,15.389999999999873,0.14183710585195736,0.29464819999999997,0.43648530585195733,760.0,15.389999999999873,0.14296075229829389,0.24812479999999998,0.3910855522982939
34.683038818,775.3899999999999,0.55,780.0,-4.610000000000127,-0.04839008840923949,0.29464819999999997,0.2462581115907605,760.0,15.389999999999873,0.1437192612989488,0.24812479999999998,0.3918440612989488
34.692634944,775.3899999999999,0.55,780.0,-4.610000000000127,-0.04860713778919,0.29464819999999997,0.24604106221080996,780.0,-4.610000000000127,-0.046497781373449266,0.24812479999999998,0.20162701862655072
34.70322682,775.3899999999999,0.55,780.0,-4.610000000000127,-0.048795000000001205,0.29464819999999997,0.24585319999999877,780.0,-4.610000000000127,-0.0467370231090023,0.24812479999999998,0.20138777689099768
34.713584488,775.3899999999999,0.55,760.0,15.389999999999873,0.1420063092832055,0.29464819999999997,0.4366545092832055,780.0,-4.610000000000127,-0.046977044695202134,0.24812479999999998,0.20114775530479784
34.724112197,775.3899999999999,0.55,780.0,-4.610000000000127,-0.04823499639544384,0.29464819999999997,0.24641320360455612,780.0,-4.610000000000127,-0.04721834364324932,0.24812479999999998,0.20090645635675067
34.73464049,775.3899999999999,0.55,780.0,-4.610000000000127,-0.04847242294349556,0.29464819999999997,0.2461757770565044,760.0,15.389999999999873,0.14357434723996168,0.24812479999999998,0.3916991472399617
34.744924074,775.3899999999999,0.55,780.0,-4.610000000000127,-0.04871713714089583,0.29464819999999997,0.24593106285910415,760.0,15.389999999999873,0.1443912549807146,0.24812479999999998,0.39251605498071457
34.758008242,775.3899999999999,0.55,760.0,15.389999999999873,0.14205732936598736,0.29464819999999997,0.43670552936598733,780.0,-4.610000000000127,-0.045840746173584766,0.24812479999999998,0.2022840538264152
34.768750327,775.3899999999999,0.55,780.0,-4.610000000000127,-0.048248986924513536,0.29464819999999997,0.24639921307548643,780.0,-4.610000000000127,-0.04614704900288129,0.24812479999999998,0.20197775099711868
34.779411328,775.3899999999999,0.55,780.0,-4.610000000000127,-0.04849944248506315,0.29464819999999997,0.2461487575149368,780.0,-4.610000000000127,-0.046397504563430905,0.24812479999999998,0.2017272954365691
34.790162746,775.3899999999999,0.55,780.0,-4.610000000000127,-0.04874251628311371,0.29464819999999997,0.24590568371688626,800.0,-24.610000000000127,-0.23769505672333713,0.24812479999999998,0.01042974327666285
34.800698038,775.3899999999999,0.55,780.0,-4.610000000000127,-0.048795000000001205,0.29464819999999997,0.24585319999999877,800.0,-24.610000000000127,-0.2387950000000012,0.24812479999999998,0.009329799999998778
34.809816123,775.3899999999999,0.55,780.0,-4.610000000000127,-0.048795000000001205,0.29464819999999997,0.24585319999999877,780.0,-4.610000000000127,-0.048795000000001205,0.24812479999999998,0.19932979999999878
34.816629748,775.3899999999999,0.55,780.0,-4.610000000000127,-0.048795000000001205,0.29464819999999997,0.24585319999999877,780.0,-4.610000000000127,-0.048795000000001205,0.24812479999999998,0.19932979999999878
34.823285874,775.3899999999999,0.55,780.0,-4.610000000000127,-0.048795000000001205,0.29464819999999997,0.24585319999999877,780.0,-4.610000000000127,-0.048795000000001205,0.24812479999999998,0.19932979999999878
34.829904958,775.3899999999999,0.55,780.0,-4.610000000000127,-0.048795000000001205,0.29464819999999997,0.24585319999999877,780.0,-4.610000000000127,-0.048795000000001205,0.24812479999999998,0.19932979999999878
34.838978417,775.3899999999999,0.55,780.0,-4.610000000000127,-0.048795000000001205,0.29464819999999997,0.24585319999999877,760.0,15.389999999999873,0.14171332854504098,0.24812479999999998,0.38983812854504096
34.849857293,775.3899999999999,0.55,760.0,15.389999999999873,0.14192699307069365,0.29464819999999997,0.4365751930706936,760.0,15.389999999999873,0.14243532161573583,0.24812479999999998,0.39056012161573583
34.861248628,775.3899999999999,0.55,780.0,-4.610000000000127,-0.048323005316158595,0.29464819999999997,0.24632519468384137,780.0,-4.610000000000127,-0.0478146767711164,0.24812479999999998,0.20031012322888359
34.872026587,775.3899999999999,0.55,780.0,-4.610000000000127,-0.04858224774415584,0.29464819999999997,0.24606595225584413,780.0,-4.610000000000127,-0.0480739124685167,0.24812479999999998,0.20005088753148328
34.883094463,775.3899999999999,0.55,780.0,-4.610000000000127,-0.048795000000001205,0.29464819999999997,0.24585319999999877,780.0,-4.610000000000127,-0.04832610927216347,0.24812479999999998,0.19979869072783651
34.892327756,775.3899999999999,0.55,780.0,-4.610000000000127,-0.048795000000001205,0.29464819999999997,0.24585319999999877,800.0,-24.610000000000127,-0.2387950000000012,0.24812479999999998,0.009329799999998778
34.901672757,775.3899999999999,0.55,780.0,-4.610000000000127,-0.048795000000001205,0.29464819999999997,0.24585319999999877,780.0,-4.610000000000127,-0.048795000000001205,0.24812479999999998,0.19932979999999878
34.908304383,775.3899999999999,0.55,780.0,-4.610000000000127,-0.048795000000001205,0.29464819999999997,0.24585319999999877,780.0,-4.610000000000127,-0.048795000000001205,0.24812479999999998,0.19932979999999878
34.914831883,775.3899999999999,0.55,780.0,-4.610000000000127,-0.048795000000001205,0.29464819999999997,0.24585319999999877,780.0,-4.610000000000127,-0.048795000000001205,0.24812479999999998,0.19932979999999878
34.922549967,775.3899999999999,0.55,780.0,-4.610000000000127,-0.048795000000001205,0.29464819999999997,0.24585319999999877,780.0,-4.610000000000127,-0.048795000000001205,0.24812479999999998,0.19932979999999878
34.937744052,775.3899999999999,0.55,760.0,15.389999999999873,0.14204998487200626,0.29464819999999997,0.43669818487200623,760.0,15.389999999999873,0.1420500072644469,0.24812479999999998,0.39017480726444687
34.949867762,775.3899999999999,0.55,780.0,-4.610000000000127,-0.048197431914842014,0.29464819999999997,0.24645076808515795,780.0,-4.610000000000127,-0.04819740952240137,0.24812479999999998,0.1999273904775986
34.960474221,775.3899999999999,0.55,780.0,-4.610000000000127,-0.04848283321159299,0.29464819999999997,0.24616536678840698,780.0,-4.610000000000127,-0.04848281754975454,0.24812479999999998,0.19964198245024545
34.971229139,775.3899999999999,0.55,780.0,-4.610000000000127,-0.04872852894714545,0.29464819999999997,0.2459196710528545,780.0,-4.610000000000127,-0.0487285199928542,0.24812479999999998,0.19939628000714577
34.981804098,775.3899999999999,0.55,760.0,15.389999999999873,0.14208216184920264,0.29464819999999997,0.4367303618492026,780.0,-4.610000000000127,-0.048795000000001205,0.24812479999999998,0.19932979999999878
34.990963891,775.3899999999999,0.55,780.0,-4.610000000000127,-0.04818130255509852,0.29464819999999997,0.24646689744490147,780.0,-4.610000000000127,-0.048795000000001205,0.24812479999999998,0.19932979999999878
34.999612392,775.3899999999999,0.55,780.0,-4.610000000000127,-0.0483798571912956,0.29464819999999997,0.24626834280870435,780.0,-4.610000000000127,-0.048795000000001205,0.24812479999999998,0.19932979999999878
35.010987685,775.3899999999999,0.55,780.0,-4.610000000000127,-0.04863710291304822,0.29464819999999997,0.24601109708695174,780.0,-4.610000000000127,-0.048795000000001205,0.24812479999999998,0.19932979999999878
35.019867769,775.3899999999999,0.55,760.0,15.389999999999873,0.14205111226258732,0.29464819999999997,0.4366993122625873,780.0,-4.610000000000127,-0.048795000000001205,0.24812479999999998,0.19932979999999878
35.030349103,775.3899999999999,0.55,780.0,-4.610000000000127,-0.04815162403546551,0.29464819999999997,0.24649657596453445,760.0,15.389999999999873,0.141881881133196,0.24812479999999998,0.390006681133196
35.040351229,775.3899999999999,0.55,780.0,-4.610000000000127,-0.04838216630916373,0.29464819999999997,0.24626603369083624,780.0,-4.610000000000127,-0.04834865440990526,0.24812479999999998,0.1997761455900947
35.050262355,775.3899999999999,0.55,780.0,-4.610000000000127,-0.048607982387815524,0.29464819999999997,0.24604021761218445,780.0,-4.610000000000127,-0.04857447048855182,0.24812479999999998,0.19955032951144816
35.060369481,775.3899999999999,0.55,760.0,15.389999999999873,0.14220302259538423,0.29464819999999997,0.4368512225953842,780.0,-4.610000000000127,-0.048795000000001205,0.24812479999999998,0.19932979999999878
35.067644232,775.3899999999999,0.55,780.0,-4.610000000000127,-0.048009670334564165,0.29464819999999997,0.2466385296654358,780.0,-4.610000000000127,-0.048795000000001205,0.24812479999999998,0.19932979999999878
35.074765274,775.3899999999999,0.55,780.0,-4.610000000000127,-0.04817592136386313,0.29464819999999997,0.24647227863613685,780.0,-4.610000000000127,-0.048795000000001205,0.24812479999999998,0.19932979999999878
35.083011567,775.3899999999999,0.55,780.0,-4.610000000000127,-0.04833717727376382,0.29464819999999997,0.24631102272623615,780.0,-4.610000000000127,-0.048795000000001205,0.24812479999999998,0.19932979999999878
35.092046526,775.3899999999999,0.55,760.0,15.389999999999873,0.14229418785748976,0.29464819999999997,0.43694238785748973,780.0,-4.610000000000127,-0.048795000000001205,0.24812479999999998,0.19932979999999878
35.099047402,775.3899999999999,0.55,780.0,-4.610000000000127,-0.04791522429680898,0.29464819999999997,0.246732975703191,780.0,-4.610000000000127,-0.048795000000001205,0.24812479999999998,0.19932979999999878
35.108448111,775.3899999999999,0.55,780.0,-4.610000000000127,-0.048081502225461724,0.29464819999999997,0.24656669777453824,760.0,15.389999999999873,0.1417600788250014,0.24812479999999998,0.3898848788250014
35.117686362,775.3899999999999,0.55,780.0,-4.610000000000127,-0.048293751442911904,0.29464819999999997,0.24635444855708807,760.0,15.389999999999873,0.14246862811509386,0.24812479999999998,0.39059342811509384
35.126716071,775.3899999999999,0.55,780.0,-4.610000000000127,-0.04850717717846199,0.29464819999999997,0.246141022821538,780.0,-4.610000000000127,-0.0477448043510584,0.24812479999999998,0.20037999564894157
35.13609753,775.3899999999999,0.55,780.0,-4.610000000000127,-0.04871413545281349,0.29464819999999997,0.24593406454718647,780.0,-4.610000000000127,-0.04795176262540466,0.24812479999999998,0.20017303737459533
35.145236906,775.3899999999999,0.55,780.0,-4.610000000000127,-0.048795000000001205,0.29464819999999997,0.24585319999999877,760.0,15.389999999999873,0.1427763127272019,0.24812479999999998,0.39090111272720185
35.153352532,775.3899999999999,0.55,780.0,-4.610000000000127,-0.048795000000001205,0.29464819999999997,0.24585319999999877,780.0,-4.610000000000127,-0.047436971827097545,0.24812479999999998,0.20068782817290243
35.161362283,775.3899999999999,0.55,780.0,-4.610000000000127,-0.048795000000001205,0.29464819999999997,0.24585319999999877,780.0,-4.610000000000127,-0.04762251761954832,0.24812479999999998,0.20050228238045165
35.169267617,775.3899999999999,0.55,780.0,-4.610000000000127,-0.048795000000001205,0.29464819999999997,0.24585319999999877,780.0,-4.610000000000127,-0.04780548854259733,0.24812479999999998,0.20031931145740264
35.177289326,775.3899999999999,0.55,780.0,-4.610000000000127,-0.048795000000001205,0.29464819999999997,0.24585319999999877,780.0,-4.610000000000127,-0.04798818381069753,0.24812479999999998,0.20013661618930245
35.186869702,775.3899999999999,0.55,760.0,15.389999999999873,0.1418369487970061,0.29464819999999997,0.43648514879700606,760.0,15.389999999999873,0.1426437649093606,0.24812479999999998,0.39076856490936057
35.196727745,775.3899999999999,0.55,780.0,-4.610000000000127,-0.04838888742734227,0.29464819999999997,0.2462593125726577,780.0,-4.610000000000127,-0.04758206460743534,0.24812479999999998,0.20054273539256465
35.206465329,775.3899999999999,0.55,780.0,-4.610000000000127,-0.048614710213541266,0.29464819999999997,0.2460334897864587,780.0,-4.610000000000127,-0.04780788739363957,0.24812479999999998,0.20031691260636042
35.216776914,775.3899999999999,0.55,780.0,-4.610000000000127,-0.048795000000001205,0.29464819999999997,0.24585319999999877,780.0,-4.610000000000127,-0.048030913454185066,0.24812479999999998,0.20009388654581492
35.227915373,775.3899999999999,0.55,760.0,15.389999999999873,0.14204717935195185,0.29464819999999997,0.4366953793519518,780.0,-4.610000000000127,-0.048283130426588675,0.24812479999999998,0.19984166957341132
35.238247666,775.3899999999999,0.55,780.0,-4.610000000000127,-0.04820556200795108,0.29464819999999997,0.2464426379920489,780.0,-4.610000000000127,-0.048535885224635755,0.24812479999999998,0.19958891477536422
35.248890875,775.3899999999999,0.55,780.0,-4.610000000000127,-0.04844536846850137,0.29464819999999997,0.2462028315314986,780.0,-4.610000000000127,-0.04877568497763886,0.24812479999999998,0.19934911502236113
35.261604918,775.3899999999999,0.55,780.0,-4.610000000000127,-0.04869097679845053,0.29464819999999997,0.24595722320154945,760.0,15.389999999999873,0.14204427506179812,0.24812479999999998,0.3901690750617981
35.272081002,775.3899999999999,0.55,760.0,15.389999999999873,0.14228346359788654,0.29464819999999997,0.4369316635978865,760.0,15.389999999999873,0.1430187154581527,0.24812479999999998,0.3911435154581527
35.282427295,775.3899999999999,0.55,780.0,-4.610000000000127,-0.04795840007516838,0.29464819999999997,0.2466897999248316,760.0,15.389999999999873,0.1438261069463045,0.24812479999999998,0.39195090694630447
35.293210796,775.3899999999999,0.55,780.0,-4.610000000000127,-0.04819731911071698,0.29464819999999997,0.246450880889283,780.0,-4.610000000000127,-0.04641281881984631,0.24812479999999998,0.20171198118015365
35.303597922,775.3899999999999,0.55,780.0,-4.610000000000127,-0.0484475864449656,0.29464819999999997,0.24620061355503436,780.0,-4.610000000000127,-0.046663086154094924,0.24812479999999998,0.20146171384590505
35.314089757,775.3899999999999,0.55,780.0,-4.610000000000127,-0.048681180930514545,0.29464819999999997,0.24596701906948543,800.0,-24.610000000000127,-0.23791010573963925,0.24812479999999998,0.01021469426036073
35.324203299,775.3899999999999,0.55,780.0,-4.610000000000127,-0.048795000000001205,0.29464819999999997,0.24585319999999877,780.0,-4.610000000000127,-0.04815260135149343,0.24812479999999998,0.19997219864850654
35.333251384,775.3899999999999,0.55,780.0,-4.610000000000127,-0.048795000000001205,0.29464819999999997,0.24585319999999877,760.0,15.389999999999873,0.14262805970735393,0.24812479999999998,0.3907528597073539
35.34237501,775.3899999999999,0.55,780.0,-4.610000000000127,-0.048795000000001205,0.29464819999999997,0.24585319999999877,760.0,15.389999999999873,0.14333187334055314,0.24812479999999998,0.3914566733405531
35.353407594,775.3899999999999,0.55,760.0,15.389999999999873,0.1419012500637922,0.29464819999999997,0.4365494500637922,760.0,15.389999999999873,0.14402812340434654,0.24812479999999998,0.3921529234043465
35.364266345,775.3899999999999,0.55,780.0,-4.610000000000127,-0.04836111852045992,0.29464819999999997,0.24628708147954004,780.0,-4.610000000000127,-0.04623424517990557,0.24812479999999998,0.2018905548200944
35.375487055,775.3899999999999,0.55,780.0,-4.610000000000127,-0.04861504983661215,0.29464819999999997,0.24603315016338784,780.0,-4.610000000000127,-0.04648814959670401,0.24812479999999998,0.20163665040329598
35.386282514,775.3899999999999,0.55,780.0,-4.610000000000127,-0.048795000000001205,0.29464819999999997,0.24585319999999877,800.0,-24.610000000000127,-0.23783903359539185,0.24812479999999998,0.010285766404608127
35.395199931,775.3899999999999,0.55,780.0,-4.610000000000127,-0.048795000000001205,0.29464819999999997,0.24585319999999877,780.0,-4.610000000000127,-0.04808009051844621,0.24812479999999998,0.20004470948155378
35.404053474,775.3899999999999,0.55,780.0,-4.610000000000127,-0.048795000000001205,0.29464819999999997,0.24585319999999877,780.0,-4.610000000000127,-0.04828498487274588,0.24812479999999998,0.1998398151272541
35.413228725,775.3899999999999,0.55,780.0,-4.610000000000127,-0.048795000000001205,0.29464819999999997,0.24585319999999877,780.0,-4.610000000000127,-0.04849248099579586,0.24812479999999998,0.1996323190042041
35.422641101,775.3899999999999,0.55,780.0,-4.610000000000127,-0.048795000000001205,0.29464819999999997,0.24585319999999877,780.0,-4.610000000000127,-0.048713913725097015,0.24812479999999998,0.19941088627490297
35.433282852,775.3899999999999,0.55,760.0,15.389999999999873,0.14188863672760818,0.29464819999999997,0.4365368367276081,780.0,-4.610000000000127,-0.048795000000001205,0.24812479999999998,0.19932979999999878
35.444283061,775.3899999999999,0.55,760.0,15.389999999999873,0.14273698808515142,0.29464819999999997,0.43738518808515137,760.0,15.389999999999873,0.1420533514344912,0.24812479999999998,0.3901781514344912
35.456204938,775.3899999999999,0.55,780.0,-4.610000000000127,-0.04750738324349807,0.29464819999999997,0.2471408167565019,780.0,-4.610000000000127,-0.04819100643295915,0.24812479999999998,0.19993379356704083
35.466786314,775.3899999999999,0.55,780.0,-4.610000000000127,-0.0477838363227992,0.29464819999999997,0.24686436367720077,780.0,-4.610000000000127,-0.04846745951226028,0.24812479999999998,0.1996573404877397
35.477815398,775.3899999999999,0.55,760.0,15.389999999999873,0.14303262249165974,0.29464819999999997,0.43768082249165974,760.0,15.389999999999873,0.1423490217715885,0.24812479999999998,0.3904738217715885
35.488709733,775.3899999999999,0.55,780.0,-4.610000000000127,-0.04722358789323835,0.29464819999999997,0.24742461210676162,780.0,-4.610000000000127,-0.047907181882712646,0.24812479999999998,0.20021761811728733
35.4990919,775.3899999999999,0.55,780.0,-4.610000000000127,-0.04747015088503567,0.29464819999999997,0.2471780491149643,800.0,-24.610000000000127,-0.2387950000000012,0.24812479999999998,0.009329799999998778
35.509782068,775.3899999999999,0.55,780.0,-4.610000000000127,-0.04771034055183992,0.29464819999999997,0.24693785944816005,780.0,-4.610000000000127,-0.048795000000001205,0.24812479999999998,0.19932979999999878
35.518581069,775.3899999999999,0.55,780.0,-4.610000000000127,-0.047972346075539934,0.29464819999999997,0.24667585392446004,780.0,-4.610000000000127,-0.048795000000001205,0.24812479999999998,0.19932979999999878
35.528700737,775.3899999999999,0.55,780.0,-4.610000000000127,-0.048157206153538926,0.29464819999999997,0.24649099384646106,800.0,-24.610000000000127,-0.2387950000000012,0.24812479999999998,0.009329799999998778
35.538059446,775.3899999999999,0.55,780.0,-4.610000000000127,-0.04837963385913642,0.29464819999999997,0.24626856614086357,780.0,-4.610000000000127,-0.048795000000001205,0.24812479999999998,0.19932979999999878
35.546868072,775.3899999999999,0.55,780.0,-4.610000000000127,-0.04858903928283821,0.29464819999999997,0.24605916071716177,760.0,15.389999999999873,0.1419041229151019,0.24812479999999998,0.3900289229151019
35.556273739,775.3899999999999,0.55,780.0,-4.610000000000127,-0.048792535285836006,0.29464819999999997,0.24585566471416398,780.0,-4.610000000000127,-0.04829936635729894,0.24812479999999998,0.19982543364270106
35.56515324,775.3899999999999,0.55,780.0,-4.610000000000127,-0.048795000000001205,0.29464819999999997,0.24585319999999877,780.0,-4.610000000000127,-0.048516146812897586,0.24812479999999998,0.1996086531871024
35.573638699,775.3899999999999,0.55,780.0,-4.610000000000127,-0.048795000000001205,0.29464819999999997,0.24585319999999877,780.0,-4.610000000000127,-0.048726016117849186,0.24812479999999998,0.1993987838821508
35.581279492,775.3899999999999,0.55,780.0,-4.610000000000127,-0.048795000000001205,0.29464819999999997,0.24585319999999877,780.0,-4.610000000000127,-0.048795000000001205,0.24812479999999998,0.19932979999999878
35.587825076,775.3899999999999,0.55,780.0,-4.610000000000127,-0.048795000000001205,0.29464819999999997,0.24585319999999877,780.0,-4.610000000000127,-0.048795000000001205,0.24812479999999998,0.19932979999999878
35.595220285,775.3899999999999,0.55,780.0,-4.610000000000127,-0.048795000000001205,0.29464819999999997,0.24585319999999877,780.0,-4.610000000000127,-0.048795000000001205,0.24812479999999998,0.19932979999999878
35.600829327,775.3899999999999,0.55,780.0,-4.610000000000127,-0.048795000000001205,0.29464819999999997,0.24585319999999877,780.0,-4.610000000000127,-0.048795000000001205,0.24812479999999998,0.19932979999999878
35.606308869,775.3899999999999,0.55,780.0,-4.610000000000127,-0.048795000000001205,0.29464819999999997,0.24585319999999877,780.0,-4.610000000000127,-0.048795000000001205,0.24812479999999998,0.19932979999999878
35.612843662,775.3899999999999,0.55,760.0,15.389999999999873,0.14162202737004842,0.29464819999999997,0.4362702273700484,780.0,-4.610000000000127,-0.048795000000001205,0.24812479999999998,0.19932979999999878
35.619378454,775.3899999999999,0.55,780.0,-4.610000000000127,-0.0485288685099014,0.29464819999999997,0.24611933149009857,780.0,-4.610000000000127,-0.048795000000001205,0.24812479999999998,0.19932979999999878
35.627824247,775.3899999999999,0.55,780.0,-4.610000000000127,-0.048680147596099926,0.29464819999999997,0.24596805240390004,760.0,15.389999999999873,0.14171002931381133,0.24812479999999998,0.3898348293138113
35.636450872,775.3899999999999,0.55,780.0,-4.610000000000127,-0.048795000000001205,0.29464819999999997,0.24585319999999877,780.0,-4.610000000000127,-0.04848494872303569,0.24812479999999998,0.1996398512769643
35.644055498,775.3899999999999,0.55,780.0,-4.610000000000127,-0.048795000000001205,0.29464819999999997,0.24585319999999877,780.0,-4.610000000000127,-0.048686347176036156,0.24812479999999998,0.19943845282396383
35.653292582,775.3899999999999,0.55,760.0,15.389999999999873,0.14182754481445742,0.29464819999999997,0.4364757448144574,780.0,-4.610000000000127,-0.048795000000001205,0.24812479999999998,0.19932979999999878
35.662032083,775.3899999999999,0.55,780.0,-4.610000000000127,-0.04837492928984048,0.29464819999999997,0.24627327071015948,760.0,15.389999999999873,0.14188096088814994,0.24812479999999998,0.3900057608881499
35.670782668,775.3899999999999,0.55,780.0,-4.610000000000127,-0.048576045357289946,0.29464819999999997,0.24607215464271004,780.0,-4.610000000000127,-0.04832015520234926,0.24812479999999998,0.19980464479765073
35.679667127,775.3899999999999,0.55,780.0,-4.610000000000127,-0.04877906401783878,0.29464819999999997,0.2458691359821612,780.0,-4.610000000000127,-0.04852316713230114,0.24812479999999998,0.19960163286769883
35.688653669,775.3899999999999,0.55,760.0,15.389999999999873,0.14190526841471174,0.29464819999999997,0.4365534684147117,780.0,-4.610000000000127,-0.048728169037900705,0.24812479999999998,0.19939663096209928
35.698039504,775.3899999999999,0.55,760.0,15.389999999999873,0.1426063887979265,0.29464819999999997,0.43725458879792645,760.0,15.389999999999873,0.14197295134529653,0.24812479999999998,0.3900977513452965
35.706898879,775.3899999999999,0.55,780.0,-4.610000000000127,-0.04760860336951937,0.29464819999999997,0.24703959663048058,780.0,-4.610000000000127,-0.048242027384005175,0.24812479999999998,0.1998827726159948
35.716054005,775.3899999999999,0.55,780.0,-4.610000000000127,-0.04781407588697094,0.29464819999999997,0.24683412411302902,760.0,15.389999999999873,0.1424436966123435,0.24812479999999998,0.3905684966123435
35.724852715,775.3899999999999,0.55,780.0,-4.610000000000127,-0.04802283593371888,0.29464819999999997,0.2466253640662811,780.0,-4.610000000000127,-0.0477651373557536,0.24812479999999998,0.20035966264424637
35.733617299,775.3899999999999,0.55,780.0,-4.610000000000127,-0.048224550333071825,0.29464819999999997,0.24642364966692815,780.0,-4.610000000000127,-0.0479668584857035,0.24812479999999998,0.20015794151429647
35.74280305,775.3899999999999,0.55,780.0,-4.610000000000127,-0.04843089683737045,0.29464819999999997,0.24621730316262952,780.0,-4.610000000000127,-0.048173204990002126,0.24812479999999998,0.19995159500999785
35.751996676,775.3899999999999,0.55,780.0,-4.610000000000127,-0.048645028479173666,0.29464819999999997,0.2460031715208263,780.0,-4.610000000000127,-0.048387329924252896,0.24812479999999998,0.19973747007574708
35.763014093,775.3899999999999,0.55,780.0,-4.610000000000127,-0.048795000000001205,0.29464819999999997,0.24585319999999877,780.0,-4.610000000000127,-0.04859528319795573,0.24812479999999998,0.19952951680204425
35.771943469,775.3899999999999,0.55,760.0,15.389999999999873,0.14204985013256397,0.29464819999999997,0.4366980501325639,780.0,-4.610000000000127,-0.048795000000001205,0.24812479999999998,0.19932979999999878
35.781388804,775.3899999999999,0.55,780.0,-4.610000000000127,-0.048161968833581884,0.29464819999999997,0.2464862311664181,760.0,15.389999999999873,0.14191213525690327,0.24812479999999998,0.39003693525690325
35.790865346,775.3899999999999,0.55,780.0,-4.610000000000127,-0.048376093744782904,0.29464819999999997,0.24627210625521706,760.0,15.389999999999873,0.14262699121511394,0.24812479999999998,0.39075179121511394
35.800705306,775.3899999999999,0.55,780.0,-4.610000000000127,-0.04861196056848602,0.29464819999999997,0.24603623943151395,780.0,-4.610000000000127,-0.04760886890103148,0.24812479999999998,0.2005159310989685
35.809684556,775.3899999999999,0.55,780.0,-4.610000000000127,-0.048795000000001205,0.29464819999999997,0.24585319999999877,780.0,-4.610000000000127,-0.04781594818788202,0.24812479999999998,0.20030885181211797
35.819039766,775.3899999999999,0.55,760.0,15.389999999999873,0.14192010289075502,0.29464819999999997,0.436568302890755,760.0,15.389999999999873,0.1428991547028742,0.24812479999999998,0.3910239547028742
35.828481308,775.3899999999999,0.55,780.0,-4.610000000000127,-0.04829012945169369,0.29464819999999997,0.24635807054830627,780.0,-4.610000000000127,-0.0473110843701767,0.24812479999999998,0.20081371562982328
35.837829226,775.3899999999999,0.55,780.0,-4.610000000000127,-0.048508308281643965,0.29464819999999997,0.246139891718356,780.0,-4.610000000000127,-0.047529236300773194,0.24812479999999998,0.2005955636992268
35.847549019,775.3899999999999,0.55,780.0,-4.610000000000127,-0.048729411603393495,0.29464819999999997,0.24591878839660647,760.0,15.389999999999873,0.14320887140808536,0.24812479999999998,0.39133367140808534
35.857712436,775.3899999999999,0.55,760.0,15.389999999999873,0.14204462852355226,0.29464819999999997,0.43669282852355223,760.0,15.389999999999873,0.14398297886628644,0.24812479999999998,0.39210777886628645
35.867905604,775.3899999999999,0.55,780.0,-4.610000000000127,-0.04818931553829989,0.29464819999999997,0.24645888446170008,780.0,-4.610000000000127,-0.04625095848801327,0.24812479999999998,0.2018738415119867
35.878469772,775.3899999999999,0.55,780.0,-4.610000000000127,-0.048430009423846634,0.29464819999999997,0.24621819057615335,780.0,-4.610000000000127,-0.04649163220481367,0.24812479999999998,0.2016331677951863
35.888426106,775.3899999999999,0.55,780.0,-4.610000000000127,-0.04866208454559991,0.29464819999999997,0.24598611545440008,780.0,-4.610000000000127,-0.04672372747226354,0.24812479999999998,0.20140107252773642
35.898289982,775.3899999999999,0.55,780.0,-4.610000000000127,-0.048795000000001205,0.29464819999999997,0.24585319999999877,780.0,-4.610000000000127,-0.04695168816901279,0.24812479999999998,0.20117311183098718
35.906585566,775.3899999999999,0.55,780.0,-4.610000000000127,-0.048795000000001205,0.29464819999999997,0.24585319999999877,780.0,-4.610000000000127,-0.0471767042052112,0.24812479999999998,0.20094809579478878
35.918097359,775.3899999999999,0.55,780.0,-4.610000000000127,-0.048795000000001205,0.29464819999999997,0.24585319999999877,780.0,-4.610000000000127,-0.04740968019011556,0.24812479999999998,0.20071511980988443
35.928631193,775.3899999999999,0.55,780.0,-4.610000000000127,-0.048795000000001205,0.29464819999999997,0.24585319999999877,760.0,15.389999999999873,0.14350667572992437,0.24812479999999998,0.39163147572992435
35.937043444,775.3899999999999,0.55,780.0,-4.610000000000127,-0.048795000000001205,0.29464819999999997,0.24585319999999877,760.0,15.389999999999873,0.1441523376325203,0.24812479999999998,0.39227713763252026
35.954443696,775.3899999999999,0.55,760.0,15.389999999999873,0.1424419200782476,0.29464819999999997,0.43709012007824755,800.0,-24.610000000000127,-0.23783023904547837,0.24812479999999998,0.010294560954521609
# 35.962 Shooter Ready
35.967357531,775.3899999999999,0.55,780.0,-4.610000000000127,-0.047823097319805205,0.29464819999999997,0.24682510268019475,780.0,-4.610000000000127,-0.048095242982332045,0.24812479999999998,0.20002955701766795
35.977938323,775.3899999999999,0.55,780.0,-4.610000000000127,-0.048084444005352216,0.29464819999999997,0.24656375599464775,800.0,-24.610000000000127,-0.2387950000000012,0.24812479999999998,0.009329799999998778
35.988666991,775.3899999999999,0.55,760.0,15.389999999999873,0.14276074286040363,0.29464819999999997,0.4374089428604036,780.0,-4.610000000000127,-0.048795000000001205,0.24812479999999998,0.19932979999999878
35.997067284,775.3899999999999,0.55,780.0,-4.610000000000127,-0.04748800506394454,0.29464819999999997,0.24716019493605543,780.0,-4.610000000000127,-0.048795000000001205,0.24812479999999998,0.19932979999999878
36.00720591,775.3899999999999,0.55,780.0,-4.610000000000127,-0.047715071605095145,0.29464819999999997,0.24693312839490483,780.0,-4.610000000000127,-0.048795000000001205,0.24812479999999998,0.19932979999999878
36.016360161,775.3899999999999,0.55,780.0,-4.610000000000127,-0.047926507364997546,0.29464819999999997,0.24672169263500243,780.0,-4.610000000000127,-0.048795000000001205,0.24812479999999998,0.19932979999999878
36.028133287,775.3899999999999,0.55,760.0,15.389999999999873,0.1428203084675527,0.29464819999999997,0.4374685084675527,760.0,15.389999999999873,0.1419517934401084,0.24812479999999998,0.39007659344010837
36.03912358,775.3899999999999,0.55,780.0,-4.610000000000127,-0.04743046979299609,0.29464819999999997,0.24721773020700388,780.0,-4.610000000000127,-0.0482989848204404,0.24812479999999998,0.19982581517955958
36.049938872,775.3899999999999,0.55,780.0,-4.610000000000127,-0.047681510247294556,0.29464819999999997,0.24696668975270542,760.0,15.389999999999873,0.14253913226406908,0.24812479999999998,0.39066393226406904
36.06046979,775.3899999999999,0.55,780.0,-4.610000000000127,-0.047932517094697286,0.29464819999999997,0.24671568290530269,780.0,-4.610000000000127,-0.047711908190229364,0.24812479999999998,0.20041289180977062
36.070184916,775.3899999999999,0.55,760.0,15.389999999999873,0.14282296207664585,0.29464819999999997,0.4374711620766458,780.0,-4.610000000000127,-0.04793820829582756,0.24812479999999998,0.2001865917041724
36.080024292,775.3899999999999,0.55,780.0,-4.610000000000127,-0.04740139512140479,0.29464819999999997,0.24724680487859518,780.0,-4.610000000000127,-0.04816253861757943,0.24812479999999998,0.19996226138242054
36.089983835,775.3899999999999,0.55,780.0,-4.610000000000127,-0.0476273725270038,0.29464819999999997,0.24702082747299617,780.0,-4.610000000000127,-0.04838854292252698,0.24812479999999998,0.199736257077473
36.103186711,775.3899999999999,0.55,780.0,-4.610000000000127,-0.04785647611190221,0.29464819999999997,0.24679172388809775,780.0,-4.610000000000127,-0.04861763977682844,0.24812479999999998,0.19950716022317155
36.113324462,775.3899999999999,0.55,780.0,-4.610000000000127,-0.048158456121152604,0.29464819999999997,0.24648974387884737,780.0,-4.610000000000127,-0.048795000000001205,0.24812479999999998,0.19932979999999878
36.124408088,775.3899999999999,0.55,780.0,-4.610000000000127,-0.048413382413606404,0.29464819999999997,0.24623481758639357,760.0,15.389999999999873,0.14205590994505085,0.24812479999999998,0.39018070994505083
36.135452631,775.3899999999999,0.55,780.0,-4.610000000000127,-0.048668107018554826,0.29464819999999997,0.24598009298144513,780.0,-4.610000000000127,-0.048198821390499746,0.24812479999999998,0.19992597860950023
36.147224299,775.3899999999999,0.55,780.0,-4.610000000000127,-0.048795000000001205,0.29464819999999997,0.24585319999999877,780.0,-4.610000000000127,-0.04845416451914775,0.24812479999999998,0.19967063548085223
36.15649755,775.3899999999999,0.55,780.0,-4.610000000000127,-0.048795000000001205,0.29464819999999997,0.24585319999999877,780.0,-4.610000000000127,-0.0487188323178476,0.24812479999999998,0.19940596768215238
36.165520551,775.3899999999999,0.55,780.0,-4.610000000000127,-0.048795000000001205,0.29464819999999997,0.24585319999999877,800.0,-24.610000000000127,-0.2387950000000012,0.24812479999999998,0.009329799999998778
36.174805176,775.3899999999999,0.55,780.0,-4.610000000000127,-0.048795000000001205,0.29464819999999997,0.24585319999999877,780.0,-4.610000000000127,-0.048795000000001205,0.24812479999999998,0.19932979999999878
36.181367677,775.3899999999999,0.55,780.0,-4.610000000000127,-0.048795000000001205,0.29464819999999997,0.24585319999999877,780.0,-4.610000000000127,-0.048795000000001205,0.24812479999999998,0.19932979999999878
36.187932511,775.3899999999999,0.55,780.0,-4.610000000000127,-0.048795000000001205,0.29464819999999997,0.24585319999999877,780.0,-4.610000000000127,-0.048795000000001205,0.24812479999999998,0.19932979999999878
36.196108512,775.3899999999999,0.55,760.0,15.389999999999873,0.1417151015499969,0.29464819999999997,0.43636330154999686,780.0,-4.610000000000127,-0.048795000000001205,0.24812479999999998,0.19932979999999878
36.204149471,775.3899999999999,0.55,780.0,-4.610000000000127,-0.048469341691802656,0.29464819999999997,0.2461788583081973,780.0,-4.610000000000127,-0.048795000000001205,0.24812479999999998,0.19932979999999878
36.214594055,775.3899999999999,0.55,780.0,-4.610000000000127,-0.04865540516420557,0.29464819999999997,0.2459927948357944,760.0,15.389999999999873,0.14182617572004913,0.24812479999999998,0.3899509757200491
36.225284223,775.3899999999999,0.55,780.0,-4.610000000000127,-0.048795000000001205,0.29464819999999997,0.24585319999999877,780.0,-4.610000000000127,-0.04842058222865138,0.24812479999999998,0.1997042177713486
36.235989849,775.3899999999999,0.55,760.0,15.389999999999873,0.14202311962631037,0.29464819999999997,0.43667131962631034,780.0,-4.610000000000127,-0.04866563929480242,0.24812479999999998,0.19945916070519756
36.246629267,775.3899999999999,0.55,780.0,-4.610000000000127,-0.0482202230960868,0.29464819999999997,0.24642797690391316,760.0,15.389999999999873,0.14214673478278814,0.24812479999999998,0.3902715347827881
36.257492101,775.3899999999999,0.55,780.0,-4.610000000000127,-0.04847046353098687,0.29464819999999997,0.2461777364690131,760.0,15.389999999999873,0.14298213614788835,0.24812479999999998,0.39110693614788833
36.270977311,775.3899999999999,0.55,780.0,-4.610000000000127,-0.04872760165534009,0.29464819999999997,0.24592059834465987,780.0,-4.610000000000127,-0.0472750087070618,0.24812479999999998,0.20084979129293817
36.281915104,775.3899999999999,0.55,760.0,15.389999999999873,0.14230184837225354,0.29464819999999997,0.4369500483722535,780.0,-4.610000000000127,-0.047583375479465145,0.24812479999999998,0.20054142452053483
36.292847063,775.3899999999999,0.55,780.0,-4.610000000000127,-0.04794477514884829,0.29464819999999997,0.24670342485115168,780.0,-4.610000000000127,-0.04782999226996479,0.24812479999999998,0.2002948077300352
36.303905898,775.3899999999999,0.55,760.0,15.389999999999873,0.14293396507184447,0.29464819999999997,0.43758216507184444,780.0,-4.610000000000127,-0.048093221356815076,0.24812479999999998,0.2000315786431849
36.314540941,775.3899999999999,0.55,760.0,15.389999999999873,0.1437394039537501,0.29464819999999997,0.4383876039537501,780.0,-4.610000000000127,-0.04833447325981188,0.24812479999999998,0.1997903267401881
36.325053192,775.3899999999999,0.55,780.0,-4.610000000000127,-0.04650892044989598,0.29464819999999997,0.248139279550104,760.0,15.389999999999873,0.14249457649839042,0.24812479999999998,0.3906193764983904
36.335665484,775.3899999999999,0.55,780.0,-4.610000000000127,-0.04674625961539939,0.29464819999999997,0.2479019403846006,760.0,15.389999999999873,0.14328688586349447,0.24812479999999998,0.39141168586349445
36.34636061,775.3899999999999,0.55,780.0,-4.610000000000127,-0.046995652939745954,0.29464819999999997,0.24765254706025402,780.0,-4.610000000000127,-0.04696250075330489,0.24812479999999998,0.2011622992466951
36.357039695,775.3899999999999,0.55,780.0,-4.610000000000127,-0.047240891524645556,0.29464819999999997,0.24740730847535441,780.0,-4.610000000000127,-0.04720775277635388,0.24812479999999998,0.2009170472236461
36.367747071,775.3899999999999,0.55,780.0,-4.610000000000127,-0.04748580740954597,0.29464819999999997,0.247162392590454,780.0,-4.610000000000127,-0.04745265520005515,0.24812479999999998,0.20067214479994483
36.378851114,775.3899999999999,0.55,780.0,-4.610000000000127,-0.047739792501345524,0.29464819999999997,0.24690840749865445,780.0,-4.610000000000127,-0.0477066402918547,0.24812479999999998,0.20041815970814528
36.389807281,775.3899999999999,0.55,780.0,-4.610000000000127,-0.04799123633064952,0.29464819999999997,0.24665696366935044,780.0,-4.610000000000127,-0.04795811102050724,0.24812479999999998,0.20016668897949275
36.400234366,775.3899999999999,0.55,780.0,-4.610000000000127,-0.04824457602244546,0.29464819999999997,0.2464036239775545,780.0,-4.610000000000127,-0.04821147088105476,0.24812479999999998,0.19991332911894522
36.409964658,775.3899999999999,0.55,780.0,-4.610000000000127,-0.04847190475734573,0.29464819999999997,0.24617629524265425,780.0,-4.610000000000127,-0.04843880632350223,0.24812479999999998,0.19968599367649775
36.419701659,775.3899999999999,0.55,780.0,-4.610000000000127,-0.04869486358104999,0.29464819999999997,0.24595333641894998,760.0,15.389999999999873,0.14230547339096397,0.24812479999999998,0.3904302733909639
36.42883841,775.3899999999999,0.55,780.0,-4.610000000000127,-0.048795000000001205,0.29464819999999997,0.24585319999999877,780.0,-4.610000000000127,-0.04791329035578489,0.24812479999999998,0.20021150964421508
36.436931578,775.3899999999999,0.55,780.0,-4.610000000000127,-0.048795000000001205,0.29464819999999997,0.24585319999999877,780.0,-4.610000000000127,-0.04812656144888519,0.24812479999999998,0.1999982385511148
36.44633637,775.3899999999999,0.55,760.0,15.389999999999873,0.1418331108388024,0.29464819999999997,0.43648131083880237,760.0,15.389999999999873,0.14250157185930823,0.24812479999999998,0.3906263718593082
36.455476038,775.3899999999999,0.55,780.0,-4.610000000000127,-0.04837921234609645,0.29464819999999997,0.24626898765390354,780.0,-4.610000000000127,-0.04771074459499365,0.24812479999999998,0.20041405540500634
36.464746372,775.3899999999999,0.55,780.0,-4.610000000000127,-0.048590930468500104,0.29464819999999997,0.24605726953149987,780.0,-4.610000000000127,-0.04792246271739206,0.24812479999999998,0.20020233728260792
36.47527729,775.3899999999999,0.55,780.0,-4.610000000000127,-0.048795000000001205,0.29464819999999997,0.24585319999999877,780.0,-4.610000000000127,-0.048136991003593366,0.24812479999999998,0.1999878089964066
36.484913958,775.3899999999999,0.55,760.0,15.389999999999873,0.14201409731574954,0.29464819999999997,0.4366622973157495,780.0,-4.610000000000127,-0.04837934545724141,0.24812479999999998,0.19974545454275858
36.495262,775.3899999999999,0.55,780.0,-4.610000000000127,-0.04822572931354709,0.29464819999999997,0.24642247068645287,780.0,-4.610000000000127,-0.04861917208654329,0.24812479999999998,0.1995056279134567
36.50438096,775.3899999999999,0.55,780.0,-4.610000000000127,-0.048445777106646014,0.29464819999999997,0.24620242289335395,760.0,15.389999999999873,0.14211545678976037,0.24812479999999998,0.3902402567897604
36.517557586,775.3899999999999,0.55,780.0,-4.610000000000127,-0.04870692210469812,0.29464819999999997,0.24594127789530185,780.0,-4.610000000000127,-0.04814568820828648,0.24812479999999998,0.19997911179171352
36.527635837,775.3899999999999,0.55,760.0,15.389999999999873,0.14218025699164932,0.29464819999999997,0.4368284569916493,780.0,-4.610000000000127,-0.048411438411935716,0.24812479999999998,0.19971336158806427
36.538016255,775.3899999999999,0.55,780.0,-4.610000000000127,-0.04803972358765288,0.29464819999999997,0.2466084764123471,760.0,15.389999999999873,0.14232292113936426,0.24812479999999998,0.3904477211393642
36.547543839,775.3899999999999,0.55,780.0,-4.610000000000127,-0.04828131835940046,0.29464819999999997,0.2463668816405995,780.0,-4.610000000000127,-0.04791868033993575,0.24812479999999998,0.20020611966006424
36.556935215,775.3899999999999,0.55,780.0,-4.610000000000127,-0.04850052579560306,0.29464819999999997,0.24614767420439693,780.0,-4.610000000000127,-0.04813788106858591,0.24812479999999998,0.19998691893141407
36.566528424,775.3899999999999,0.55,760.0,15.389999999999873,0.14223098337379456,0.29464819999999997,0.4368791833737945,780.0,-4.610000000000127,-0.04835700782978739,0.24812479999999998,0.1997677921702126
36.576424967,775.3899999999999,0.55,780.0,-4.610000000000127,-0.04799629158545315,0.29464819999999997,0.24665190841454682,780.0,-4.610000000000127,-0.04858426932783595,0.24812479999999998,0.19954053067216404
36.585781926,775.3899999999999,0.55,780.0,-4.610000000000127,-0.048213925859152504,0.29464819999999997,0.24643427414084745,800.0,-24.610000000000127,-0.2387950000000012,0.24812479999999998,0.009329799999998778
36.596190927,775.3899999999999,0.55,780.0,-4.610000000000127,-0.04843506278780302,0.29464819999999997,0.24621313721219695,780.0,-4.610000000000127,-0.048795000000001205,0.24812479999999998,0.19932979999999878
36.609547512,775.3899999999999,0.55,760.0,15.389999999999873,0.1424680064835524,0.29464819999999997,0.43711620648355237,780.0,-4.610000000000127,-0.048795000000001205,0.24812479999999998,0.19932979999999878
36.620899471,775.3899999999999,0.55,780.0,-4.610000000000127,-0.04783188268324784,0.29464819999999997,0.24681631731675213,760.0,15.389999999999873,0.14220619337199678,0.24812479999999998,0.3903309933719967
36.631920681,775.3899999999999,0.55,780.0,-4.610000000000127,-0.048085800538195674,0.29464819999999997,0.2465623994618043,760.0,15.389999999999873,0.1430538489476497,0.24812479999999998,0.39117864894764964
36.643116599,775.3899999999999,0.55,780.0,-4.610000000000127,-0.048344619422446285,0.29464819999999997,0.2463035805775537,760.0,15.389999999999873,0.1439178885633842,0.24812479999999998,0.3920426885633842
36.654717641,775.3899999999999,0.55,780.0,-4.610000000000127,-0.048615001707996694,0.29464819999999997,0.24603319829200326,780.0,-4.610000000000127,-0.04635250045276838,0.24812479999999998,0.20177229954723158
36.665562684,775.3899999999999,0.55,780.0,-4.610000000000127,-0.048795000000001205,0.29464819999999997,0.24585319999999877,780.0,-4.610000000000127,-0.04660387704522067,0.24812479999999998,0.2015209229547793
36.675285393,775.3899999999999,0.55,780.0,-4.610000000000127,-0.048795000000001205,0.29464819999999997,0.24585319999999877,780.0,-4.610000000000127,-0.04686034962386844,0.24812479999999998,0.20126445037613155
36.684749686,775.3899999999999,0.55,780.0,-4.610000000000127,-0.048795000000001205,0.29464819999999997,0.24585319999999877,780.0,-4.610000000000127,-0.04707947638506993,0.24812479999999998,0.20104532361493005
36.695720729,775.3899999999999,0.55,760.0,15.389999999999873,0.14192766638319412,0.29464819999999997,0.4365758663831941,760.0,15.389999999999873,0.1436431899981254,0.24812479999999998,0.39176798999812534
36.70664248,775.3899999999999,0.55,780.0,-4.610000000000127,-0.04832583468165901,0.29464819999999997,0.24632236531834095,760.0,15.389999999999873,0.14448945416387854,0.24812479999999998,0.3926142541638785
36.717782398,775.3899999999999,0.55,780.0,-4.610000000000127,-0.04857698268725737,0.29464819999999997,0.24607121731274262,780.0,-4.610000000000127,-0.0457616938417198,0.24812479999999998,0.20236310615828018
36.728934857,775.3899999999999,0.55,780.0,-4.610000000000127,-0.048795000000001205,0.29464819999999997,0.24585319999999877,780.0,-4.610000000000127,-0.04602212622597157,0.24812479999999998,0.2021026737740284
36.740315983,775.3899999999999,0.55,760.0,15.389999999999873,0.1420589398512943,0.29464819999999997,0.4367071398512943,780.0,-4.610000000000127,-0.04627792650527243,0.24812479999999998,0.20184687349472755
36.751227818,775.3899999999999,0.55,780.0,-4.610000000000127,-0.0482006723217525,0.29464819999999997,0.24644752767824746,800.0,-24.610000000000127,-0.2376637670401586,0.24812479999999998,0.010461032959841382
36.762229485,775.3899999999999,0.55,780.0,-4.610000000000127,-0.0484524993573052,0.29464819999999997,0.24619570064269478,780.0,-4.610000000000127,-0.047915614244457644,0.24812479999999998,0.20020918575554233
36.775616112,775.3899999999999,0.55,780.0,-4.610000000000127,-0.04870615504155312,0.29464819999999997,0.24594204495844685,780.0,-4.610000000000127,-0.04816925646750642,0.24812479999999998,0.19995554353249356
36.78673678,775.3899999999999,0.55,780.0,-4.610000000000127,-0.048795000000001205,0.29464819999999997,0.24585319999999877,780.0,-4.610000000000127,-0.04848412430800932,0.24812479999999998,0.19964067569199065
36.796401739,775.3899999999999,0.55,780.0,-4.610000000000127,-0.048795000000001205,0.29464819999999997,0.24585319999999877,760.0,15.389999999999873,0.14234633940643177,0.24812479999999998,0.39047113940643174
36.805782032,775.3899999999999,0.55,780.0,-4.610000000000127,-0.048795000000001205,0.29464819999999997,0.24585319999999877,780.0,-4.610000000000127,-0.0478792211860228,0.24812479999999998,0.20024557881397717
36.815324491,775.3899999999999,0.55,780.0,-4.610000000000127,-0.048795000000001205,0.29464819999999997,0.24585319999999877,780.0,-4.610000000000127,-0.04809705714722231,0.24812479999999998,0.20002774285277766
36.826464117,775.3899999999999,0.55,760.0,15.389999999999873,0.14193361400259524,0.29464819999999997,0.4365818140025952,780.0,-4.610000000000127,-0.04831531667521821,0.24812479999999998,0.19980948332478177
36.83718316,775.3899999999999,0.55,780.0,-4.610000000000127,-0.048320767733607634,0.29464819999999997,0.24632743226639234,780.0,-4.610000000000127,-0.04856970514201805,0.24812479999999998,0.19955509485798192
36.847720202,775.3899999999999,0.55,780.0,-4.610000000000127,-0.0485612195941563,0.29464819999999997,0.24608698040584367,780.0,-4.610000000000127,-0.048795000000001205,0.24812479999999998,0.19932979999999878
36.855759412,775.3899999999999,0.55,760.0,15.389999999999873,0.14224650862718613,0.29464819999999997,0.4368947086271861,780.0,-4.610000000000127,-0.048795000000001205,0.24812479999999998,0.19932979999999878
36.863880287,775.3899999999999,0.55,760.0,15.389999999999873,0.14286532775349353,0.29464819999999997,0.4375135277534935,780.0,-4.610000000000127,-0.048795000000001205,0.24812479999999998,0.19932979999999878
36.874850455,775.3899999999999,0.55,780.0,-4.610000000000127,-0.047326860288307425,0.29464819999999997,0.24732133971169254,760.0,15.389999999999873,0.14184659955820197,0.24812479999999998,0.3899713995582019
36.885708623,775.3899999999999,0.55,780.0,-4.610000000000127,-0.04757756458140756,0.29464819999999997,0.24707063541859242,760.0,15.389999999999873,0.14268354946510237,0.24812479999999998,0.39080834946510234
36.896776207,775.3899999999999,0.55,780.0,-4.610000000000127,-0.047831932902505564,0.29464819999999997,0.2468162670974944,780.0,-4.610000000000127,-0.04757081885599562,0.24812479999999998,0.20055398114400436
36.907350583,775.3899999999999,0.55,800.0,-24.610000000000127,-0.2387950000000012,0.29464819999999997,0.05585319999999877,780.0,-4.610000000000127,-0.04782230302279755,0.24812479999999998,0.20030249697720243
36.923247585,775.3899999999999,0.55,780.0,-4.610000000000127,-0.048795000000001205,0.29464819999999997,0.24585319999999877,780.0,-4.610000000000127,-0.048085760696496525,0.24812479999999998,0.20003903930350345
36.932774878,775.3899999999999,0.55,780.0,-4.610000000000127,-0.048795000000001205,0.29464819999999997,0.24585319999999877,780.0,-4.610000000000127,-0.048437261717595624,0.24812479999999998,0.19968753828240435
36.942504879,775.3899999999999,0.55,780.0,-4.610000000000127,-0.048795000000001205,0.29464819999999997,0.24585319999999877,780.0,-4.610000000000127,-0.0486639853669457,0.24812479999999998,0.19946081463305426
36.95358938,775.3899999999999,0.55,760.0,15.389999999999873,0.14193338953943951,0.29464819999999997,0.4365815895394395,780.0,-4.610000000000127,-0.048795000000001205,0.24812479999999998,0.19932979999999878
36.964705673,775.3899999999999,0.55,780.0,-4.610000000000127,-0.04832436037801108,0.29464819999999997,0.2463238396219889,760.0,15.389999999999873,0.14206540365131298,0.24812479999999998,0.39019020365131296
36.977668215,775.3899999999999,0.55,780.0,-4.610000000000127,-0.04857675886916324,0.29464819999999997,0.24607144113083673,780.0,-4.610000000000127,-0.048186033470433334,0.24812479999999998,0.19993876652956666
36.988622925,775.3899999999999,0.55,780.0,-4.610000000000127,-0.048795000000001205,0.29464819999999997,0.24585319999999877,780.0,-4.610000000000127,-0.048481720806636756,0.24812479999999998,0.19964307919336322
36.999397384,775.3899999999999,0.55,760.0,15.389999999999873,0.14206071293319938,0.29464819999999997,0.43670891293319936,780.0,-4.610000000000127,-0.04873804547343695,0.24812479999999998,0.19938675452656301
37.010378052,775.3899999999999,0.55,780.0,-4.610000000000127,-0.048186367738555294,0.29464819999999997,0.2464618322614447,780.0,-4.610000000000127,-0.048795000000001205,0.24812479999999998,0.19932979999999878
37.019550386,775.3899999999999,0.55,780.0,-4.610000000000127,-0.04844348569415168,0.29464819999999997,0.24620471430584828,780.0,-4.610000000000127,-0.048795000000001205,0.24812479999999998,0.19932979999999878
37.028189262,775.3899999999999,0.55,780.0,-4.610000000000127,-0.04865775851720028,0.29464819999999997,0.2459904414827997,780.0,-4.610000000000127,-0.048795000000001205,0.24812479999999998,0.19932979999999878
37.036848555,775.3899999999999,0.55,760.0,15.389999999999873,0.14200343443475483,0.29464819999999997,0.4366516344347548,780.0,-4.610000000000127,-0.048795000000001205,0.24812479999999998,0.19932979999999878
37.047573431,775.3899999999999,0.55,780.0,-4.610000000000127,-0.04819194700014748,0.29464819999999997,0.2464562529998525,760.0,15.389999999999873,0.14185726036510649,0.24812479999999998,0.38998206036510646
37.058611265,775.3899999999999,0.55,780.0,-4.610000000000127,-0.04843752172319566,0.29464819999999997,0.24621067827680432,760.0,15.389999999999873,0.14267708574205037,0.24812479999999998,0.3908018857420503
37.0697751,775.3899999999999,0.55,780.0,-4.610000000000127,-0.04869677758934755,0.29464819999999997,0.24595142241065243,780.0,-4.610000000000127,-0.047582176831648684,0.24812479999999998,0.2005426231683513
37.080753143,775.3899999999999,0.55,780.0,-4.610000000000127,-0.048795000000001205,0.29464819999999997,0.24585319999999877,780.0,-4.610000000000127,-0.04783713002345103,0.24812479999999998,0.20028766997654895
37.089978852,775.3899999999999,0.55,780.0,-4.610000000000127,-0.048795000000001205,0.29464819999999997,0.24585319999999877,780.0,-4.610000000000127,-0.048085790588300675,0.24812479999999998,0.2000390094116993
37.099370811,775.3899999999999,0.55,780.0,-4.610000000000127,-0.048795000000001205,0.29464819999999997,0.24585319999999877,780.0,-4.610000000000127,-0.04830078946329899,0.24812479999999998,0.19982401053670099
37.110296354,775.3899999999999,0.55,780.0,-4.610000000000127,-0.048795000000001205,0.29464819999999997,0.24585319999999877,780.0,-4.610000000000127,-0.04851958681694885,0.24812479999999998,0.19960521318305113
37.122191397,775.3899999999999,0.55,780.0,-4.610000000000127,-0.048795000000001205,0.29464819999999997,0.24585319999999877,780.0,-4.610000000000127,-0.048771299570599475,0.24812479999999998,0.1993535004294005
37.131214398,775.3899999999999,0.55,780.0,-4.610000000000127,-0.048795000000001205,0.29464819999999997,0.24585319999999877,760.0,15.389999999999873,0.14212548542511333,0.24812479999999998,0.3902502854251133
37.140730899,775.3899999999999,0.55,780.0,-4.610000000000127,-0.048795000000001205,0.29464819999999997,0.24585319999999877,760.0,15.389999999999873,0.14285158570204892,0.24812479999999998,0.3909763857020489
37.149958941,775.3899999999999,0.55,780.0,-4.610000000000127,-0.048795000000001205,0.29464819999999997,0.24585319999999877,780.0,-4.610000000000127,-0.047359957609153354,0.24812479999999998,0.20076484239084663
37.159358192,775.3899999999999,0.55,780.0,-4.610000000000127,-0.048795000000001205,0.29464819999999997,0.24585319999999877,780.0,-4.610000000000127,-0.04757839192530086,0.24812479999999998,0.20054640807469912
37.170124193,775.3899999999999,0.55,760.0,15.389999999999873,0.14191038472133718,0.29464819999999997,0.43655858472133713,780.0,-4.610000000000127,-0.047789686480902885,0.24812479999999998,0.2003351135190971
37.180919361,775.3899999999999,0.55,780.0,-4.610000000000127,-0.048338598520467124,0.29464819999999997,0.24630960147953285,780.0,-4.610000000000127,-0.048038663015154755,0.24812479999999998,0.20008613698484523
37.191156862,775.3899999999999,0.55,780.0,-4.610000000000127,-0.048581013480364685,0.29464819999999997,0.24606718651963527,780.0,-4.610000000000127,-0.04828108468260475,0.24812479999999998,0.19984371531739523
37.201857238,775.3899999999999,0.55,760.0,15.389999999999873,0.1422220464153398,0.29464819999999997,0.4368702464153398,780.0,-4.610000000000127,-0.04852163738690088,0.24812479999999998,0.1996031626130991
37.217722156,775.3899999999999,0.55,780.0,-4.610000000000127,-0.04814071547580622,0.29464819999999997,0.24650748452419374,760.0,15.389999999999873,0.14268940509890257,0.24812479999999998,0.3908142050989025
37.236536408,775.3899999999999,0.55,760.0,15.389999999999873,0.14328042290244988,0.29464819999999997,0.4379286229024498,780.0,-4.610000000000127,-0.04773628329224706,0.24812479999999998,0.20038851670775293
37.247807284,775.3899999999999,0.55,780.0,-4.610000000000127,-0.04698918626305067,0.29464819999999997,0.24765901373694932,780.0,-4.610000000000127,-0.04800589245774761,0.24812479999999998,0.20011890754225237
37.267445495,775.3899999999999,0.55,780.0,-4.610000000000127,-0.047447238790402954,0.29464819999999997,0.247200961209597,780.0,-4.610000000000127,-0.04846393825449771,0.24812479999999998,0.19966086174550227
37.280922246,775.3899999999999,0.55,780.0,-4.610000000000127,-0.0477012373203519,0.29464819999999997,0.24694696267964808,780.0,-4.610000000000127,-0.0487179502456458,0.24812479999999998,0.1994068497543542
37.291349914,775.3899999999999,0.55,780.0,-4.610000000000127,-0.047996991893401786,0.29464819999999997,0.24665120810659819,780.0,-4.610000000000127,-0.048795000000001205,0.24812479999999998,0.19932979999999878
37.30208179,775.3899999999999,0.55,780.0,-4.610000000000127,-0.04824132961515031,0.29464819999999997,0.24640687038484965,760.0,15.389999999999873,0.14202069570129464,0.24812479999999998,0.39014549570129464
37.312953958,775.3899999999999,0.55,780.0,-4.610000000000127,-0.04848869262635126,0.29464819999999997,0.24615950737364872,780.0,-4.610000000000127,-0.04822666733295607,0.24812479999999998,0.1998981326670439
37.323346042,775.3899999999999,0.55,760.0,15.389999999999873,0.1423266215568551,0.29464819999999997,0.4369748215568551,780.0,-4.610000000000127,-0.0484708772885536,0.24812479999999998,0.19965392271144639
37.334145876,775.3899999999999,0.55,780.0,-4.610000000000127,-0.04791787751489038,0.29464819999999997,0.2467303224851096,780.0,-4.610000000000127,-0.04871538979845373,0.24812479999999998,0.19940941020154623
37.344524544,775.3899999999999,0.55,780.0,-4.610000000000127,-0.04816232278794403,0.29464819999999997,0.24648587721205595,780.0,-4.610000000000127,-0.048795000000001205,0.24812479999999998,0.19932979999999878
37.352726795,775.3899999999999,0.55,760.0,15.389999999999873,0.14265341777519977,0.29464819999999997,0.4373016177751997,780.0,-4.610000000000127,-0.048795000000001205,0.24812479999999998,0.19932979999999878
37.360910671,775.3899999999999,0.55,760.0,15.389999999999873,0.14326985791530605,0.29464819999999997,0.437918057915306,780.0,-4.610000000000127,-0.048795000000001205,0.24812479999999998,0.19932979999999878
37.371508088,775.3899999999999,0.55,760.0,15.389999999999873,0.14389962956594482,0.29464819999999997,0.4385478295659448,760.0,15.389999999999873,0.14183477165063754,0.24812479999999998,0.38995957165063755
37.382610673,775.3899999999999,0.55,780.0,-4.610000000000127,-0.04635617744395823,0.29464819999999997,0.24829202255604174,760.0,15.389999999999873,0.14268875644074772,0.24812479999999998,0.39081355644074767
37.393575591,775.3899999999999,0.55,780.0,-4.610000000000127,-0.04661062641700758,0.29464819999999997,0.2480375735829924,780.0,-4.610000000000127,-0.04756569253230164,0.24812479999999998,0.20055910746769834
37.404277425,775.3899999999999,0.55,780.0,-4.610000000000127,-0.04686008027065867,0.29464819999999997,0.2477881197293413,780.0,-4.610000000000127,-0.047815146385952724,0.24812479999999998,0.20030965361404726
37.414914801,775.3899999999999,0.55,800.0,-24.610000000000127,-0.23816653300620683,0.29464819999999997,0.056481666993793145,780.0,-4.610000000000127,-0.04805988745965178,0.24812479999999998,0.2000649125403482
37.424745135,775.3899999999999,0.55,780.0,-4.610000000000127,-0.0483991123236581,0.29464819999999997,0.24624908767634188,780.0,-4.610000000000127,-0.04829249367645158,0.24812479999999998,0.1998323063235484
37.434712845,775.3899999999999,0.55,780.0,-4.610000000000127,-0.04862925795295298,0.29464819999999997,0.246018942047047,780.0,-4.610000000000127,-0.04852262586760231,0.24812479999999998,0.19960217413239767
37.444967846,775.3899999999999,0.55,780.0,-4.610000000000127,-0.048795000000001205,0.29464819999999997,0.24585319999999877,760.0,15.389999999999873,0.14225693542184045,0.24812479999999998,0.3903817354218404
37.463041556,775.3899999999999,0.55,800.0,-24.610000000000127,-0.2387950000000012,0.29464819999999997,0.05585319999999877,760.0,15.389999999999873,0.14366622350009148,0.24812479999999998,0.39179102350009143
# 37.471 Shooter Ready
37.473349349,775.3899999999999,0.55,800.0,-24.610000000000127,-0.2387950000000012,0.29464819999999997,0.05585319999999877,780.0,-4.610000000000127,-0.0465972879723098,0.24812479999999998,0.20152751202769018
37.482637475,775.3899999999999,0.55,800.0,-24.610000000000127,-0.2387950000000012,0.29464819999999997,0.05585319999999877,780.0,-4.610000000000127,-0.04681166163911109,0.24812479999999998,0.20131313836088888
37.491608559,775.3899999999999,0.55,800.0,-24.610000000000127,-0.2387950000000012,0.29464819999999997,0.05585319999999877,780.0,-4.610000000000127,-0.047018088818410825,0.24812479999999998,0.20110671118158915
37.499765893,775.3899999999999,0.55,800.0,-24.610000000000127,-0.2387950000000012,0.29464819999999997,0.05585319999999877,780.0,-4.610000000000127,-0.04721468708586121,0.24812479999999998,0.20091011291413877
37.509865727,775.3899999999999,0.55,760.0,15.389999999999873,0.14179975947759638,0.29464819999999997,0.43644795947759635,780.0,-4.610000000000127,-0.0473928444082605,0.24812479999999998,0.20073195559173948
37.520042853,775.3899999999999,0.55,780.0,-4.610000000000127,-0.04844947922735539,0.29464819999999997,0.2461987207726446,780.0,-4.610000000000127,-0.04764202933755972,0.24812479999999998,0.20048277066244025
37.53282398,775.3899999999999,0.55,780.0,-4.610000000000127,-0.048754914800401804,0.29464819999999997,0.24589328519959816,760.0,15.389999999999873,0.14337781471373684,0.24812479999999998,0.3915026147137368
37.542896689,775.3899999999999,0.55,780.0,-4.610000000000127,-0.048795000000001205,0.29464819999999997,0.24585319999999877,760.0,15.389999999999873,0.1441561640406892,0.24812479999999998,0.3922809640406892
37.550581815,775.3899999999999,0.55,780.0,-4.610000000000127,-0.048795000000001205,0.29464819999999997,0.24585319999999877,780.0,-4.610000000000127,-0.04605021609356014,0.24812479999999998,0.20207458390643984
37.558584857,775.3899999999999,0.55,780.0,-4.610000000000127,-0.048795000000001205,0.29464819999999997,0.24585319999999877,780.0,-4.610000000000127,-0.046231593662309806,0.24812479999999998,0.20189320633769017
37.5661889,775.3899999999999,0.55,780.0,-4.610000000000127,-0.048795000000001205,0.29464819999999997,0.24585319999999877,780.0,-4.610000000000127,-0.04641211743601377,0.24812479999999998,0.20171268256398622
37.573773984,775.3899999999999,0.55,780.0,-4.610000000000127,-0.048795000000001205,0.29464819999999997,0.24585319999999877,780.0,-4.610000000000127,-0.046584936747209,0.24812479999999998,0.20153986325279097
37.58290111,775.3899999999999,0.55,760.0,15.389999999999873,0.14182218078384337,0.29464819999999997,0.43647038078384337,780.0,-4.610000000000127,-0.04676981026336263,0.24812479999999998,0.20135498973663735
37.593297569,775.3899999999999,0.55,760.0,15.389999999999873,0.1426219189788934,0.29464819999999997,0.43727011897889334,800.0,-24.610000000000127,-0.23804866386831272,0.24812479999999998,0.010076136131687258
# 37.600 Shooter Ready
37.603882153,775.3899999999999,0.55,760.0,15.389999999999873,0.14342464221833892,0.29464819999999997,0.43807284221833886,780.0,-4.610000000000127,-0.048289102290712,0.24812479999999998,0.199835697709288
37.614142988,775.3899999999999,0.55,780.0,-4.610000000000127,-0.04678243709156136,0.29464819999999997,0.24786576290843862,780.0,-4.610000000000127,-0.04849619503876169,0.24812479999999998,0.1996286049612383
37.625803239,775.3899999999999,0.55,780.0,-4.610000000000127,-0.04702730590836165,0.29464819999999997,0.24762089409163832,780.0,-4.610000000000127,-0.04874101678746185,0.24812479999999998,0.19938378321253813
37.635543157,775.3899999999999,0.55,780.0,-4.610000000000127,-0.047300088275162216,0.29464819999999997,0.24734811172483775,760.0,15.389999999999873,0.14216963852268918,0.24812479999999998,0.3902944385226892
37.645249241,775.3899999999999,0.55,760.0,15.389999999999873,0.14345395447053483,0.29464819999999997,0.4381021544705348,780.0,-4.610000000000127,-0.048056238039162355,0.24812479999999998,0.2000685619608376
37.654674742,775.3899999999999,0.55,800.0,-24.610000000000127,-0.23769490714561733,0.29464819999999997,0.05695329285438264,780.0,-4.610000000000127,-0.04827145206285997,0.24812479999999998,0.19985334793714002
37.664420493,775.3899999999999,0.55,780.0,-4.610000000000127,-0.047920682863716216,0.29464819999999997,0.24672751713628377,780.0,-4.610000000000127,-0.04849722107341164,0.24812479999999998,0.19962757892658833
37.674185494,775.3899999999999,0.55,780.0,-4.610000000000127,-0.048137806211115394,0.29464819999999997,0.24651039378888456,780.0,-4.610000000000127,-0.04871435115140777,0.24812479999999998,0.19941044884859221
37.684998745,775.3899999999999,0.55,780.0,-4.610000000000127,-0.0483801337654149,0.29464819999999997,0.24626806623458508,780.0,-4.610000000000127,-0.048795000000001205,0.24812479999999998,0.19932979999999878
37.693438996,775.3899999999999,0.55,800.0,-24.610000000000127,-0.2387950000000012,0.29464819999999997,0.05585319999999877,780.0,-4.610000000000127,-0.048795000000001205,0.24812479999999998,0.19932979999999878
37.701940788,775.3899999999999,0.55,780.0,-4.610000000000127,-0.048795000000001205,0.29464819999999997,0.24585319999999877,780.0,-4.610000000000127,-0.048795000000001205,0.24812479999999998,0.19932979999999878
37.708824997,775.3899999999999,0.55,780.0,-4.610000000000127,-0.048795000000001205,0.29464819999999997,0.24585319999999877,780.0,-4.610000000000127,-0.048795000000001205,0.24812479999999998,0.19932979999999878
37.718115748,775.3899999999999,0.55,780.0,-4.610000000000127,-0.048795000000001205,0.29464819999999997,0.24585319999999877,760.0,15.389999999999873,0.14173943067759123,0.24812479999999998,0.38986423067759124
37.727417874,775.3899999999999,0.55,780.0,-4.610000000000127,-0.048795000000001205,0.29464819999999997,0.24585319999999877,780.0,-4.610000000000127,-0.04847070755171222,0.24812479999999998,0.19965409244828775
37.738505875,775.3899999999999,0.55,800.0,-24.610000000000127,-0.2387950000000012,0.29464819999999997,0.05585319999999877,780.0,-4.610000000000127,-0.04869246298100732,0.24812479999999998,0.19943233701899266
37.749726585,775.3899999999999,0.55,780.0,-4.610000000000127,-0.048795000000001205,0.29464819999999997,0.24585319999999877,760.0,15.389999999999873,0.1421573248021995,0.24812479999999998,0.3902821248021995
37.758809961,775.3899999999999,0.55,780.0,-4.610000000000127,-0.048795000000001205,0.29464819999999997,0.24585319999999877,780.0,-4.610000000000127,-0.04809953769024941,0.24812479999999998,0.20002526230975057
37.76715017,775.3899999999999,0.55,780.0,-4.610000000000127,-0.048795000000001205,0.29464819999999997,0.24585319999999877,780.0,-4.610000000000127,-0.04829257955015108,0.24812479999999998,0.19983222044984889
37.775448962,775.3899999999999,0.55,780.0,-4.610000000000127,-0.048795000000001205,0.29464819999999997,0.24585319999999877,780.0,-4.610000000000127,-0.04848321457515064,0.24812479999999998,0.19964158542484933
37.786725963,775.3899999999999,0.55,760.0,15.389999999999873,0.1418278590012916,0.29464819999999997,0.4364760590012916,760.0,15.389999999999873,0.14213964450309136,0.24812479999999998,0.39026444450309133
37.796585173,775.3899999999999,0.55,780.0,-4.610000000000127,-0.048437635716160415,0.29464819999999997,0.24621056428383956,780.0,-4.610000000000127,-0.048125843483763704,0.24812479999999998,0.19999895651623628
37.805862799,775.3899999999999,0.55,780.0,-4.610000000000127,-0.048660789519812384,0.29464819999999997,0.24598741048018757,760.0,15.389999999999873,0.1426191768744233,0.24812479999999998,0.3907439768744233
37.815289466,775.3899999999999,0.55,760.0,15.389999999999873,0.14205496421403702,0.29464819999999997,0.436703164214037,780.0,-4.610000000000127,-0.04759521696112956,0.24812479999999998,0.20052958303887042
37.824565051,775.3899999999999,0.55,760.0,15.389999999999873,0.14277150345347267,0.29464819999999997,0.43741970345347264,780.0,-4.610000000000127,-0.047809852821680515,0.24812479999999998,0.20031494717831946
37.834260927,775.3899999999999,0.55,780.0,-4.610000000000127,-0.04744283658337787,0.29464819999999997,0.2472053634166221,800.0,-24.610000000000127,-0.2387950000000012,0.24812479999999998,0.009329799999998778
37.841433011,775.3899999999999,0.55,780.0,-4.610000000000127,-0.047667529919582334,0.29464819999999997,0.24698067008041763,800.0,-24.610000000000127,-0.2387950000000012,0.24812479999999998,0.009329799999998778
37.84855347,775.3899999999999,0.55,780.0,-4.610000000000127,-0.04783091027882889,0.29464819999999997,0.2468172897211711,800.0,-24.610000000000127,-0.2387950000000012,0.24812479999999998,0.009329799999998778
37.858109054,775.3899999999999,0.55,760.0,15.389999999999873,0.14272733311492777,0.29464819999999997,0.4373755331149277,780.0,-4.610000000000127,-0.048795000000001205,0.24812479999999998,0.19932979999999878
37.867746013,775.3899999999999,0.55,780.0,-4.610000000000127,-0.047495208895621546,0.29464819999999997,0.24715299110437844,760.0,15.389999999999873,0.1419479106200392,0.24812479999999998,0.3900727106200392
37.877348848,775.3899999999999,0.55,780.0,-4.610000000000127,-0.04771629204861949,0.29464819999999997,0.24693190795138048,760.0,15.389999999999873,0.1426859734670498,0.24812479999999998,0.3908107734670498
37.887029265,775.3899999999999,0.55,780.0,-4.610000000000127,-0.047938249142370215,0.29464819999999997,0.24670995085762976,760.0,15.389999999999873,0.14342697634269205,0.24812479999999998,0.391551776342692
37.8970416,775.3899999999999,0.55,760.0,15.389999999999873,0.14282573623588288,0.29464819999999997,0.4374739362358828,760.0,15.389999999999873,0.14419093925155532,0.24812479999999998,0.3923157392515553
37.906730184,775.3899999999999,0.55,800.0,-24.610000000000127,-0.23838044096280658,0.29464819999999997,0.05626775903719339,780.0,-4.610000000000127,-0.04603500454714269,0.24812479999999998,0.2020897954528573
37.916498976,775.3899999999999,0.55,780.0,-4.610000000000127,-0.04860514102960801,0.29464819999999997,0.24604305897039197,800.0,-24.610000000000127,-0.23723454221395024,0.24812479999999998,0.01089025778604974
37.929994686,775.3899999999999,0.55,780.0,-4.610000000000127,-0.048795000000001205,0.29464819999999997,0.24585319999999877,800.0,-24.610000000000127,-0.23842115963074845,0.24812479999999998,0.009703640369251532
37.938469937,775.3899999999999,0.55,780.0,-4.610000000000127,-0.048795000000001205,0.29464819999999997,0.24585319999999877,780.0,-4.610000000000127,-0.048737923333748545,0.24812479999999998,0.19938687666625143
37.947035021,775.3899999999999,0.55,780.0,-4.610000000000127,-0.048795000000001205,0.29464819999999997,0.24585319999999877,780.0,-4.610000000000127,-0.048795000000001205,0.24812479999999998,0.19932979999999878
37.984734983,775.3899999999999,0.55,780.0,-4.610000000000127,-0.048795000000001205,0.29464819999999997,0.24585319999999877,780.0,-4.610000000000127,-0.048795000000001205,0.24812479999999998,0.19932979999999878
38.057257032,775.3899999999999,0.55,780.0,-4.610000000000127,-0.048795000000001205,0.29464819999999997,0.24585319999999877,780.0,-4.610000000000127,-0.048795000000001205,0.24812479999999998,0.19932979999999878
38.074534201,775.3899999999999,0.55,780.0,-4.610000000000127,-0.048795000000001205,0.29464819999999997,0.24585319999999877,760.0,15.389999999999873,0.14236931452135076,0.24812479999999998,0.39049411452135074
38.090775952,775.3899999999999,0.55,780.0,-4.610000000000127,-0.048795000000001205,0.29464819999999997,0.24585319999999877,780.0,-4.610000000000127,-0.048008029376050074,0.24812479999999998,0.2001167706239499
38.109285413,775.3899999999999,0.55,780.0,-4.610000000000127,-0.048795000000001205,0.29464819999999997,0.24585319999999877,780.0,-4.610000000000127,-0.04842731756590262,0.24812479999999998,0.19969748243409735
38.128613581,775.3899999999999,0.55,780.0,-4.610000000000127,-0.048795000000001205,0.29464819999999997,0.24585319999999877,780.0,-4.610000000000127,-0.048795000000001205,0.24812479999999998,0.19932979999999878
38.143494124,775.3899999999999,0.55,780.0,-4.610000000000127,-0.048795000000001205,0.29464819999999997,0.24585319999999877,780.0,-4.610000000000127,-0.048795000000001205,0.24812479999999998,0.19932979999999878
38.201881713,775.3899999999999,0.55,780.0,-4.610000000000127,-0.048795000000001205,0.29464819999999997,0.24585319999999877,760.0,15.389999999999873,0.1455367339610472,0.24812479999999998,0.3936615339610472
38.220571132,775.3899999999999,0.55,760.0,15.389999999999873,0.142455745376957,0.29464819999999997,0.43710394537695696,760.0,15.389999999999873,0.14678745694554723,0.24812479999999998,0.3949122569455472
38.239889384,775.3899999999999,0.55,760.0,15.389999999999873,0.14401190538085434,0.29464819999999997,0.4386601053808543,780.0,-4.610000000000127,-0.04367864964365624,0.24812479999999998,0.20444615035634373
38.260653136,775.3899999999999,0.55,760.0,15.389999999999873,0.14560076597979627,0.29464819999999997,0.44024896597979624,760.0,15.389999999999873,0.14791027820959177,0.24812479999999998,0.3960350782095917
38.278702346,775.3899999999999,0.55,760.0,15.389999999999873,0.14699636334489935,0.29464819999999997,0.4416445633448993,780.0,-4.610000000000127,-0.04250775951775671,0.24812479999999998,0.20561704048224327
38.297478681,775.3899999999999,0.55,780.0,-4.610000000000127,-0.04338335375745287,0.29464819999999997,0.2512648462425471,760.0,15.389999999999873,0.14875986361049331,0.24812479999999998,0.3968846636104933
38.351323562,775.3899999999999,0.55,760.0,15.389999999999873,0.15095132030919384,0.29464819999999997,0.4455995203091938,780.0,-4.610000000000127,-0.042538593922209524,0.24812479999999998,0.20558620607779046
38.371340647,775.3899999999999,0.55,780.0,-4.610000000000127,-0.03951449047935376,0.29464819999999997,0.25513370952064623,780.0,-4.610000000000127,-0.04300441141830957,0.24812479999999998,0.2051203885816904
38.389052399,775.3899999999999,0.55,780.0,-4.610000000000127,-0.03992312283860479,0.29464819999999997,0.2547250771613952,760.0,15.389999999999873,0.14835976472242632,0.24812479999999998,0.3964845647224263
38.406520317,775.3899999999999,0.55,780.0,-4.610000000000127,-0.04032701554160501,0.29464819999999997,0.25432118445839497,780.0,-4.610000000000127,-0.042044127980573893,0.24812479999999998,0.2060806720194261
38.43060032,775.3899999999999,0.55,760.0,15.389999999999873,0.15120499999999878,0.29464819999999997,0.44585319999999873,800.0,-24.610000000000127,-0.23500182471979633,0.24812479999999998,0.013122975280203647
# 38.448 Shooter Ready
38.452045697,775.3899999999999,0.55,780.0,-4.610000000000127,-0.03928526202110112,0.29464819999999997,0.25536293797889886,780.0,-4.610000000000127,-0.04549204640339309,0.24812479999999998,0.20263275359660687
38.517298829,775.3899999999999,0.55,780.0,-4.610000000000127,-0.040780687589353666,0.29464819999999997,0.2538675124106463,760.0,15.389999999999873,0.14950038672146848,0.24812479999999998,0.39762518672146846
38.545411998,775.3899999999999,0.55,780.0,-4.610000000000127,-0.04143979567790066,0.29464819999999997,0.2532084043220993,780.0,-4.610000000000127,-0.04115871465953129,0.24812479999999998,0.20696608534046868
38.563400833,775.3899999999999,0.55,760.0,15.389999999999873,0.1499505498497091,0.29464819999999997,0.44459874984970904,780.0,-4.610000000000127,-0.04157518593192899,0.24812479999999998,0.20654961406807099
38.585387544,775.3899999999999,0.55,740.0,35.38999999999987,0.34120499999999876,0.29464819999999997,0.6358531999999988,780.0,-4.610000000000127,-0.04207802654548138,0.24812479999999998,0.2060467734545186
# 38.601 Shooter Ready
38.604683629,775.3899999999999,0.55,780.0,-4.610000000000127,-0.03924310262604963,0.29464819999999997,0.25540509737395034,780.0,-4.610000000000127,-0.04252611571033065,0.24812479999999998,0.20559868428966932
38.650462175,775.3899999999999,0.55,780.0,-4.610000000000127,-0.04021892734950182,0.29464819999999997,0.25442927265049814,780.0,-4.610000000000127,-0.04350196733313138,0.24812479999999998,0.2046228326668686
38.678276095,775.3899999999999,0.55,780.0,-4.610000000000127,-0.04093392304429889,0.29464819999999997,0.2537142769557011,780.0,-4.610000000000127,-0.04421696302792845,0.24812479999999998,0.20390783697207154
38.697091222,775.3899999999999,0.55,780.0,-4.610000000000127,-0.04136349729664839,0.29464819999999997,0.25328470270335157,760.0,15.389999999999873,0.14721712541971985,0.24812479999999998,0.3953419254197198
38.714184348,775.3899999999999,0.55,780.0,-4.610000000000127,-0.041766623587151205,0.29464819999999997,0.25288157641284875,780.0,-4.610000000000127,-0.04318599416323053,0.24812479999999998,0.20493880583676943
38.733235434,775.3899999999999,0.55,780.0,-4.610000000000127,-0.04217333991514823,0.29464819999999997,0.25247486008485176,780.0,-4.610000000000127,-0.04359268359187901,0.24812479999999998,0.20453211640812097
38.777350021,775.3899999999999,0.55,780.0,-4.610000000000127,-0.04322955056855268,0.29464819999999997,0.2514186494314473,760.0,15.389999999999873,0.14993340941658367,0.24812479999999998,0.39805820941658365
38.793918148,775.3899999999999,0.55,780.0,-4.610000000000127,-0.043611143364650495,0.29464819999999997,0.2510370566353495,780.0,-4.610000000000127,-0.040448210278862654,0.24812479999999998,0.20767658972113734
38.812961942,775.3899999999999,0.55,760.0,15.389999999999873,0.14769182866984887,0.29464819999999997,0.44234002866984884,780.0,-4.610000000000127,-0.04083850924436248,0.24812479999999998,0.2072862907556375
38.83073436,775.3899999999999,0.55,780.0,-4.610000000000127,-0.04276916849499927,0.29464819999999997,0.2518790315050007,780.0,-4.610000000000127,-0.04129950640921585,0.24812479999999998,0.20682529359078414
38.852787279,775.3899999999999,0.55,780.0,-4.610000000000127,-0.04327505458980018,0.29464819999999997,0.2513731454101998,760.0,15.389999999999873,0.15038934101903795,0.24812479999999998,0.3985141410190379
38.872972364,775.3899999999999,0.55,760.0,15.389999999999873,0.14825610305095152,0.29464819999999997,0.4429043030509515,780.0,-4.610000000000127,-0.04006930986326231,0.24812479999999998,0.20805549013673766
38.921336244,775.3899999999999,0.55,780.0,-4.610000000000127,-0.0427761538349964,0.29464819999999997,0.2518720461650036,780.0,-4.610000000000127,-0.04110154658045867,0.24812479999999998,0.2070232534195413
38.941865205,775.3899999999999,0.55,780.0,-4.610000000000127,-0.04333566192850066,0.29464819999999997,0.25131253807149934,780.0,-4.610000000000127,-0.04166106811211232,0.24812479999999998,0.20646373188788766
38.962956207,775.3899999999999,0.55,760.0,15.389999999999873,0.14826498156224183,0.29464819999999997,0.4429131815622418,760.0,15.389999999999873,0.14993950804737488,0.24812479999999998,0.39806430804737486
38.987173292,775.3899999999999,0.55,800.0,-24.610000000000127,-0.23471912995131944,0.29464819999999997,0.05992907004868053,780.0,-4.610000000000127,-0.04061948236617725,0.24812479999999998,0.20750531763382274
39.069423301,775.3899999999999,0.55,780.0,-4.610000000000127,-0.04661286147881766,0.29464819999999997,0.2480353385211823,780.0,-4.610000000000127,-0.042513213893675454,0.24812479999999998,0.20561158610632452
39.078597385,775.3899999999999,0.55,780.0,-4.610000000000127,-0.04682572919691767,0.29464819999999997,0.24782247080308228,760.0,15.389999999999873,0.14819744505763188,0.24812479999999998,0.39632224505763186
39.088214803,775.3899999999999,0.55,780.0,-4.610000000000127,-0.04704208613181944,0.29464819999999997,0.24760611386818054,780.0,-4.610000000000127,-0.04201891187726464,0.24812479999999998,0.20610588812273534
39.097408428,775.3899999999999,0.55,780.0,-4.610000000000127,-0.04726035236736778,0.29464819999999997,0.2473878476326322,780.0,-4.610000000000127,-0.042237178089768464,0.24812479999999998,0.20588762191023152
39.106553346,775.3899999999999,0.55,760.0,15.389999999999873,0.1434411270645291,0.29464819999999997,0.4380893270645291,760.0,15.389999999999873,0.1484643014190776,0.24812479999999998,0.39658910141907755
39.115712847,775.3899999999999,0.55,780.0,-4.610000000000127,-0.046769743970370786,0.29464819999999997,0.24787845602962919,760.0,15.389999999999873,0.14916827218417722,0.24812479999999998,0.3972930721841772
39.125214473,775.3899999999999,0.55,760.0,15.389999999999873,0.1439555708009785,0.29464819999999997,0.43860377080097845,780.0,-4.610000000000127,-0.04104899232142281,0.24812479999999998,0.20707580767857717
39.134776182,775.3899999999999,0.55,760.0,15.389999999999873,0.14469248893978737,0.29464819999999997,0.43934068893978734,780.0,-4.610000000000127,-0.04126973931322242,0.24812479999999998,0.20685506068677756
39.144416933,775.3899999999999,0.55,780.0,-4.610000000000127,-0.04552552854016069,0.29464819999999997,0.2491226714598393,760.0,15.389999999999873,0.14945806671438044,0.24812479999999998,0.3975828667143804
39.15831106,775.3899999999999,0.55,800.0,-24.610000000000127,-0.23669233490696695,0.29464819999999997,0.05795586509303302,780.0,-4.610000000000127,-0.040760502052420725,0.24812479999999998,0.20736429794757927
39.168414977,775.3899999999999,0.55,780.0,-4.610000000000127,-0.04702275285371696,0.29464819999999997,0.247625447146283,760.0,15.389999999999873,0.1503424737001666,0.24812479999999998,0.39846727370016655
39.185621854,775.3899999999999,0.55,800.0,-24.610000000000127,-0.2387950000000012,0.29464819999999997,0.05585319999999877,760.0,15.389999999999873,0.15120499999999878,0.24812479999999998,0.39932979999999874
# 39.194 Shooter Ready
39.197446605,775.3899999999999,0.55,780.0,-4.610000000000127,-0.048795000000001205,0.29464819999999997,0.24585319999999877,780.0,-4.610000000000127,-0.039066236080597325,0.24812479999999998,0.20905856391940264
39.205575939,775.3899999999999,0.55,780.0,-4.610000000000127,-0.048795000000001205,0.29464819999999997,0.24585319999999877,780.0,-4.610000000000127,-0.039285013265500844,0.24812479999999998,0.20883978673449913
39.213879398,775.3899999999999,0.55,780.0,-4.610000000000127,-0.048795000000001205,0.29464819999999997,0.24585319999999877,780.0,-4.610000000000127,-0.03947399447605106,0.24812479999999998,0.20865080552394893
39.222185191,775.3899999999999,0.55,780.0,-4.610000000000127,-0.048795000000001205,0.29464819999999997,0.24585319999999877,780.0,-4.610000000000127,-0.03966355384974793,0.24812479999999998,0.20846124615025205
39.230392108,775.3899999999999,0.55,780.0,-4.610000000000127,-0.048795000000001205,0.29464819999999997,0.24585319999999877,780.0,-4.610000000000127,-0.03985730161589749,0.24812479999999998,0.2082674983841025
39.238763818,775.3899999999999,0.55,780.0,-4.610000000000127,-0.048795000000001205,0.29464819999999997,0.24585319999999877,780.0,-4.610000000000127,-0.040047721515247506,0.24812479999999998,0.2080770784847525
39.251351569,775.3899999999999,0.55,800.0,-24.610000000000127,-0.2387950000000012,0.29464819999999997,0.05585319999999877,760.0,15.389999999999873,0.15073408417485243,0.24812479999999998,0.3988588841748524
# 39.259 Shooter Ready
39.263297653,775.3899999999999,0.55,780.0,-4.610000000000127,-0.048795000000001205,0.29464819999999997,0.24585319999999877,760.0,15.389999999999873,0.15120499999999878,0.24812479999999998,0.39932979999999874
39.271645154,775.3899999999999,0.55,780.0,-4.610000000000127,-0.048795000000001205,0.29464819999999997,0.24585319999999877,780.0,-4.610000000000127,-0.03901750167305261,0.24812479999999998,0.20910729832694736
39.280196238,775.3899999999999,0.55,780.0,-4.610000000000127,-0.048795000000001205,0.29464819999999997,0.24585319999999877,780.0,-4.610000000000127,-0.039214402494800356,0.24812479999999998,0.20891039750519963
39.288562406,775.3899999999999,0.55,780.0,-4.610000000000127,-0.048795000000001205,0.29464819999999997,0.24585319999999877,780.0,-4.610000000000127,-0.039408338487250914,0.24812479999999998,0.20871646151274906
39.296899115,775.3899999999999,0.55,780.0,-4.610000000000127,-0.048795000000001205,0.29464819999999997,0.24585319999999877,780.0,-4.610000000000127,-0.039600197098450494,0.24812479999999998,0.20852460290154948
39.305250699,775.3899999999999,0.55,780.0,-4.610000000000127,-0.048795000000001205,0.29464819999999997,0.24585319999999877,780.0,-4.610000000000127,-0.03979426083400229,0.24812479999999998,0.2083305391659977
39.317587617,775.3899999999999,0.55,760.0,15.389999999999873,0.14186044732628367,0.29464819999999997,0.43650864732628364,780.0,-4.610000000000127,-0.03999059690770301,0.24812479999999998,0.20813420309229697
39.32713416,775.3899999999999,0.55,780.0,-4.610000000000127,-0.04841809659546757,0.29464819999999997,0.24623010340453239,780.0,-4.610000000000127,-0.040269140829449025,0.24812479999999998,0.20785565917055096
39.336837328,775.3899999999999,0.55,780.0,-4.610000000000127,-0.048637485550418726,0.29464819999999997,0.24601071444958125,760.0,15.389999999999873,0.15046322117680763,0.24812479999999998,0.3985880211768076
39.346488578,775.3899999999999,0.55,760.0,15.389999999999873,0.1421153227633806,0.29464819999999997,0.4367635227633806,780.0,-4.610000000000127,-0.03976228563999436,0.24812479999999998,0.20836251436000564
39.356375496,775.3899999999999,0.55,780.0,-4.610000000000127,-0.04810270817777184,0.29464819999999997,0.24654549182222812,780.0,-4.610000000000127,-0.03998032331174377,0.24812479999999998,0.2081444766882562
39.365975122,775.3899999999999,0.55,800.0,-24.610000000000127,-0.2387950000000012,0.29464819999999997,0.05585319999999877,780.0,-4.610000000000127,-0.04021198830483956,0.24812479999999998,0.2079128116951604
39.376001748,775.3899999999999,0.55,780.0,-4.610000000000127,-0.048795000000001205,0.29464819999999997,0.24585319999999877,780.0,-4.610000000000127,-0.04043111508909081,0.24812479999999998,0.20769368491090917
39.386329957,775.3899999999999,0.55,760.0,15.389999999999873,0.1420117406450399,0.29464819999999997,0.4366599406450399,780.0,-4.610000000000127,-0.04067273673714242,0.24812479999999998,0.20745206326285756
39.396926209,775.3899999999999,0.55,780.0,-4.610000000000127,-0.04822689602801269,0.29464819999999997,0.24642130397198728,780.0,-4.610000000000127,-0.04091135994899062,0.24812479999999998,0.20721344005100936
39.408366251,775.3899999999999,0.55,780.0,-4.610000000000127,-0.048484094681659935,0.29464819999999997,0.24616410531834004,780.0,-4.610000000000127,-0.04116857206384226,0.24812479999999998,0.20695622793615773
39.419135169,775.3899999999999,0.55,780.0,-4.610000000000127,-0.04873512840536145,0.29464819999999997,0.24591307159463852,780.0,-4.610000000000127,-0.04141960578754377,0.24812479999999998,0.2067051942124562
39.43010767,775.3899999999999,0.55,780.0,-4.610000000000127,-0.048795000000001205,0.29464819999999997,0.24585319999999877,760.0,15.389999999999873,0.14943599495255355,0.24812479999999998,0.39756079495255353
39.441143755,775.3899999999999,0.55,800.0,-24.610000000000127,-0.2387950000000012,0.29464819999999997,0.05585319999999877,780.0,-4.610000000000127,-0.040819886001743154,0.24812479999999998,0.20730491399825682
39.452131422,775.3899999999999,0.55,780.0,-4.610000000000127,-0.048795000000001205,0.29464819999999997,0.24585319999999877,780.0,-4.610000000000127,-0.04107249961854485,0.24812479999999998,0.2070523003814551
39.46156509,775.3899999999999,0.55,780.0,-4.610000000000127,-0.048795000000001205,0.29464819999999997,0.24585319999999877,780.0,-4.610000000000127,-0.04132569812909541,0.24812479999999998,0.20679910187090456
39.470755216,775.3899999999999,0.55,780.0,-4.610000000000127,-0.048795000000001205,0.29464819999999997,0.24585319999999877,780.0,-4.610000000000127,-0.041538969245245465,0.24812479999999998,0.2065858307547545
39.481456467,775.3899999999999,0.55,780.0,-4.610000000000127,-0.048795000000001205,0.29464819999999997,0.24585319999999877,780.0,-4.610000000000127,-0.04177051322584746,0.24812479999999998,0.20635428677415252
39.49216501,775.3899999999999,0.55,760.0,15.389999999999873,0.14195058140065134,0.29464819999999997,0.43659878140065134,780.0,-4.610000000000127,-0.04199384181764579,0.24812479999999998,0.2061309581823542
39.502107927,775.3899999999999,0.55,780.0,-4.610000000000127,-0.048292129359896865,0.29464819999999997,0.24635607064010312,780.0,-4.610000000000127,-0.04223659291569717,0.24812479999999998,0.2058882070843028
39.512054345,775.3899999999999,0.55,780.0,-4.610000000000127,-0.048518752188549244,0.29464819999999997,0.24612944781145074,760.0,15.389999999999873,0.14851996355564326,0.24812479999999998,0.39664476355564326
39.52307468,775.3899999999999,0.55,780.0,-4.610000000000127,-0.04874017147969577,0.29464819999999997,0.2459080285203042,760.0,15.389999999999873,0.14925917095693975,0.24812479999999998,0.3973839709569397
39.533943639,775.3899999999999,0.55,780.0,-4.610000000000127,-0.048795000000001205,0.29464819999999997,0.24585319999999877,780.0,-4.610000000000127,-0.04102561854671383,0.24812479999999998,0.20709918145328615
39.54321864,775.3899999999999,0.55,780.0,-4.610000000000127,-0.048795000000001205,0.29464819999999997,0.24585319999999877,780.0,-4.610000000000127,-0.04126931086846398,0.24812479999999998,0.206855489131536
39.551515391,775.3899999999999,0.55,780.0,-4.610000000000127,-0.048795000000001205,0.29464819999999997,0.24585319999999877,780.0,-4.610000000000127,-0.041460497180311404,0.24812479999999998,0.20666430281968856
39.56029135,775.3899999999999,0.55,780.0,-4.610000000000127,-0.048795000000001205,0.29464819999999997,0.24585319999999877,800.0,-24.610000000000127,-0.23252946858397291,0.24812479999999998,0.015595331416027064
39.569465434,775.3899999999999,0.55,780.0,-4.610000000000127,-0.048795000000001205,0.29464819999999997,0.24585319999999877,780.0,-4.610000000000127,-0.042740030357023034,0.24812479999999998,0.20538476964297694
39.577919393,775.3899999999999,0.55,780.0,-4.610000000000127,-0.048795000000001205,0.29464819999999997,0.24585319999999877,780.0,-4.610000000000127,-0.0429373546994729,0.24812479999999998,0.20518744530052707
39.586414769,775.3899999999999,0.55,780.0,-4.610000000000127,-0.048795000000001205,0.29464819999999997,0.24585319999999877,760.0,15.389999999999873,0.14771535451497955,0.24812479999999998,0.39584015451497956
39.59493552,775.3899999999999,0.55,780.0,-4.610000000000127,-0.048795000000001205,0.29464819999999997,0.24585319999999877,760.0,15.389999999999873,0.14836413604753237,0.24812479999999998,0.3964889360475323
39.604544771,775.3899999999999,0.55,760.0,15.389999999999873,0.14186199594505053,0.29464819999999997,0.43651019594505047,760.0,15.389999999999873,0.14902113199256664,0.24812479999999998,0.39714593199256665
39.614629439,775.3899999999999,0.55,760.0,15.389999999999873,0.14261036047329936,0.29464819999999997,0.43725856047329936,780.0,-4.610000000000127,-0.04120303024858604,0.24812479999999998,0.20692176975141394
39.624591023,775.3899999999999,0.55,780.0,-4.610000000000127,-0.04762402730105102,0.29464819999999997,0.24702417269894894,780.0,-4.610000000000127,-0.041437424753533375,0.24812479999999998,0.2066873752464666
39.634514107,775.3899999999999,0.55,780.0,-4.610000000000127,-0.04785261322905229,0.29464819999999997,0.24679558677094768,800.0,-24.610000000000127,-0.23265767075095642,0.24812479999999998,0.01546712924904356
39.644474233,775.3899999999999,0.55,780.0,-4.610000000000127,-0.04808067474650448,0.29464819999999997,0.24656752525349548,800.0,-24.610000000000127,-0.23387515316839008,0.24812479999999998,0.014249646831609897
39.654212109,775.3899999999999,0.55,780.0,-4.610000000000127,-0.04830469580640131,0.29464819999999997,0.24634350419359866,780.0,-4.610000000000127,-0.04409916749768997,0.24812479999999998,0.20402563250231
39.667041361,775.3899999999999,0.55,780.0,-4.610000000000127,-0.0485284815488525,0.29464819999999997,0.24611971845114747,780.0,-4.610000000000127,-0.04432296670134031,0.24812479999999998,0.20380183329865967
39.67689182,775.3899999999999,0.55,780.0,-4.610000000000127,-0.048795000000001205,0.29464819999999997,0.24585319999999877,780.0,-4.610000000000127,-0.044620912937543264,0.24812479999999998,0.2035038870624567
39.685365613,775.3899999999999,0.55,780.0,-4.610000000000127,-0.048795000000001205,0.29464819999999997,0.24585319999999877,780.0,-4.610000000000127,-0.044850023253038634,0.24812479999999998,0.20327477674696134
39.695058864,775.3899999999999,0.55,760.0,15.389999999999873,0.1418431431950369,0.29464819999999997,0.4364913431950369,760.0,15.389999999999873,0.14578803014137184,0.24812479999999998,0.3939128301413718
39.705593865,775.3899999999999,0.55,780.0,-4.610000000000127,-0.048393523671114345,0.29464819999999997,0.24625467632888562,780.0,-4.610000000000127,-0.044448623263575016,0.24812479999999998,0.20367617673642496
39.716418782,775.3899999999999,0.55,780.0,-4.610000000000127,-0.04863802274286508,0.29464819999999997,0.2460101772571349,780.0,-4.610000000000127,-0.04469311560472879,0.24812479999999998,0.20343168439527118
39.727301158,775.3899999999999,0.55,760.0,15.389999999999873,0.14220604188407884,0.29464819999999997,0.43685424188407884,780.0,-4.610000000000127,-0.044945951077776984,0.24812479999999998,0.203178848922223
39.737913743,775.3899999999999,0.55,760.0,15.389999999999873,0.14304685214164112,0.29464819999999997,0.43769505214164106,780.0,-4.610000000000127,-0.04519781174327518,0.24812479999999998,0.20292698825672478
39.748741577,775.3899999999999,0.55,780.0,-4.610000000000127,-0.047195092206409675,0.29464819999999997,0.2474531077935903,780.0,-4.610000000000127,-0.04543976952947537,0.24812479999999998,0.2026850304705246
39.761002953,775.3899999999999,0.55,760.0,15.389999999999873,0.14364693009057464,0.29464819999999997,0.43829513009057464,780.0,-4.610000000000127,-0.04569197977127678,0.24812479999999998,0.2024328202287232
39.771757871,775.3899999999999,0.55,780.0,-4.610000000000127,-0.04662973138377906,0.29464819999999997,0.2480184686162209,780.0,-4.610000000000127,-0.045968641268675,0.24812479999999998,0.20215615873132498
39.782733289,775.3899999999999,0.55,780.0,-4.610000000000127,-0.04688211643677659,0.29464819999999997,0.24776608356322338,780.0,-4.610000000000127,-0.04622102632167777,0.24812479999999998,0.2019037736783222
39.793370665,775.3899999999999,0.55,780.0,-4.610000000000127,-0.047132504760479726,0.29464819999999997,0.24751569523952024,760.0,15.389999999999873,0.14461477895397004,0.24812479999999998,0.39273957895397005
39.804372624,775.3899999999999,0.55,800.0,-24.610000000000127,-0.23847796951412864,0.29464819999999997,0.05617023048587133,780.0,-4.610000000000127,-0.045637276668431336,0.24812479999999998,0.20248752333156864
39.817934543,775.3899999999999,0.55,780.0,-4.610000000000127,-0.04872862676217841,0.29464819999999997,0.24591957323782157,780.0,-4.610000000000127,-0.04588793391648109,0.24812479999999998,0.20223686608351887
39.837480878,775.3899999999999,0.55,800.0,-24.610000000000127,-0.2387950000000012,0.29464819999999997,0.05585319999999877,760.0,15.389999999999873,0.14582721763807138,0.24812479999999998,0.39395201763807136
# 39.846 Shooter Ready
39.850355337,775.3899999999999,0.55,780.0,-4.610000000000127,-0.048795000000001205,0.29464819999999997,0.24585319999999877,780.0,-4.610000000000127,-0.044470977353726605,0.24812479999999998,0.20365382264627338
39.859754005,775.3899999999999,0.55,780.0,-4.610000000000127,-0.048795000000001205,0.29464819999999997,0.24585319999999877,780.0,-4.610000000000127,-0.04471846810802879,0.24812479999999998,0.2034063318919712
39.868937131,775.3899999999999,0.55,780.0,-4.610000000000127,-0.048795000000001205,0.29464819999999997,0.24585319999999877,780.0,-4.610000000000127,-0.044934751098526404,0.24812479999999998,0.20319004890147357
39.881813632,775.3899999999999,0.55,760.0,15.389999999999873,0.14206170050950073,0.29464819999999997,0.4367099005095007,800.0,-24.610000000000127,-0.2363048001347393,0.24812479999999998,0.011819999865260666
# 39.890 Shooter Ready
39.895071342,775.3899999999999,0.55,780.0,-4.610000000000127,-0.048240313106650626,0.29464819999999997,0.24640788689334936,760.0,15.389999999999873,0.14470321616290868,0.24812479999999998,0.39282801616290863
39.90608876,775.3899999999999,0.55,780.0,-4.610000000000127,-0.04849630161225249,0.29464819999999997,0.24615189838774748,780.0,-4.610000000000127,-0.0455528126801911,0.24812479999999998,0.20257198731980888
39.916933802,775.3899999999999,0.55,760.0,15.389999999999873,0.142350209409097,0.29464819999999997,0.43699840940909696,780.0,-4.610000000000127,-0.04580638768943792,0.24812479999999998,0.20231841231056205
39.927465304,775.3899999999999,0.55,780.0,-4.610000000000127,-0.04789864608960081,0.29464819999999997,0.24674955391039916,760.0,15.389999999999873,0.1450207767937735,0.24812479999999998,0.3931455767937735
39.944439139,775.3899999999999,0.55,780.0,-4.610000000000127,-0.048197029330749555,0.29464819999999997,0.24645117066925043,780.0,-4.610000000000127,-0.045278688829274855,0.24812479999999998,0.20284611117072512
39.955443431,775.3899999999999,0.55,760.0,15.389999999999873,0.14291683169191552,0.29464819999999997,0.4375650316919155,780.0,-4.610000000000127,-0.04561234050662415,0.24812479999999998,0.20251245949337582
39.966420891,775.3899999999999,0.55,800.0,-24.610000000000127,-0.23845684227421463,0.29464819999999997,0.056191357725785346,780.0,-4.610000000000127,-0.045869666880322874,0.24812479999999998,0.2022551331196771
39.977347017,775.3899999999999,0.55,780.0,-4.610000000000127,-0.04871317364856726,0.29464819999999997,0.24593502635143272,800.0,-24.610000000000127,-0.23723802914712386,0.24812479999999998,0.010886770852876121
39.987851976,775.3899999999999,0.55,780.0,-4.610000000000127,-0.048795000000001205,0.29464819999999997,0.24585319999999877,800.0,-24.610000000000127,-0.23854024699389234,0.24812479999999998,0.009584553006107638
39.996862436,775.3899999999999,0.55,780.0,-4.610000000000127,-0.048795000000001205,0.29464819999999997,0.24585319999999877,780.0,-4.610000000000127,-0.04878127028699073,0.24812479999999998,0.19934352971300925
40.00598927,775.3899999999999,0.55,780.0,-4.610000000000127,-0.048795000000001205,0.29464819999999997,0.24585319999999877,780.0,-4.610000000000127,-0.048795000000001205,0.24812479999999998,0.19932979999999878
40.014587896,775.3899999999999,0.55,760.0,15.389999999999873,0.14192358164634322,0.29464819999999997,0.4365717816463432,780.0,-4.610000000000127,-0.048795000000001205,0.24812479999999998,0.19932979999999878
40.026042813,775.3899999999999,0.55,780.0,-4.610000000000127,-0.04828022359545983,0.29464819999999997,0.24636797640454014,760.0,15.389999999999873,0.14188544968944683,0.24812479999999998,0.3900102496894468
40.038049856,775.3899999999999,0.55,760.0,15.389999999999873,0.14259901033644315,0.29464819999999997,0.4372472103364431,760.0,15.389999999999873,0.14276466122890918,0.24812479999999998,0.39088946122890916
40.049076024,775.3899999999999,0.55,780.0,-4.610000000000127,-0.047672595535302016,0.29464819999999997,0.24697560446469796,780.0,-4.610000000000127,-0.04750695808099062,0.24812479999999998,0.20061784191900936
40.059619483,775.3899999999999,0.55,800.0,-24.610000000000127,-0.2387950000000012,0.29464819999999997,0.05585319999999877,780.0,-4.610000000000127,-0.04775474465898797,0.24812479999999998,0.20037005534101202
40.067880359,775.3899999999999,0.55,800.0,-24.610000000000127,-0.2387950000000012,0.29464819999999997,0.05585319999999877,780.0,-4.610000000000127,-0.04798507851458909,0.24812479999999998,0.2001397214854109
40.077686777,775.3899999999999,0.55,780.0,-4.610000000000127,-0.048795000000001205,0.29464819999999997,0.24585319999999877,780.0,-4.610000000000127,-0.04817961959258984,0.24812479999999998,0.19994518040741013
40.087319653,775.3899999999999,0.55,800.0,-24.610000000000127,-0.2387950000000012,0.29464819999999997,0.05585319999999877,780.0,-4.610000000000127,-0.04840426586068894,0.24812479999999998,0.19972053413931104
40.097328487,775.3899999999999,0.55,780.0,-4.610000000000127,-0.048795000000001205,0.29464819999999997,0.24585319999999877,780.0,-4.610000000000127,-0.048626101964990384,0.24812479999999998,0.19949869803500958
40.105668405,775.3899999999999,0.55,780.0,-4.610000000000127,-0.048795000000001205,0.29464819999999997,0.24585319999999877,780.0,-4.610000000000127,-0.048795000000001205,0.24812479999999998,0.19932979999999878
40.111976864,775.3899999999999,0.55,780.0,-4.610000000000127,-0.048795000000001205,0.29464819999999997,0.24585319999999877,780.0,-4.610000000000127,-0.048795000000001205,0.24812479999999998,0.19932979999999878
40.118205698,775.3899999999999,0.55,780.0,-4.610000000000127,-0.048795000000001205,0.29464819999999997,0.24585319999999877,780.0,-4.610000000000127,-0.048795000000001205,0.24812479999999998,0.19932979999999878
40.124194782,775.3899999999999,0.55,780.0,-4.610000000000127,-0.048795000000001205,0.29464819999999997,0.24585319999999877,780.0,-4.610000000000127,-0.048795000000001205,0.24812479999999998,0.19932979999999878
40.130263491,775.3899999999999,0.55,780.0,-4.610000000000127,-0.048795000000001205,0.29464819999999997,0.24585319999999877,780.0,-4.610000000000127,-0.048795000000001205,0.24812479999999998,0.19932979999999878
40.13642845,775.3899999999999,0.55,780.0,-4.610000000000127,-0.048795000000001205,0.29464819999999997,0.24585319999999877,780.0,-4.610000000000127,-0.048795000000001205,0.24812479999999998,0.19932979999999878
40.142476158,775.3899999999999,0.55,780.0,-4.610000000000127,-0.048795000000001205,0.29464819999999997,0.24585319999999877,780.0,-4.610000000000127,-0.048795000000001205,0.24812479999999998,0.19932979999999878
40.149137826,775.3899999999999,0.55,780.0,-4.610000000000127,-0.048795000000001205,0.29464819999999997,0.24585319999999877,780.0,-4.610000000000127,-0.048795000000001205,0.24812479999999998,0.19932979999999878
40.15526691,775.3899999999999,0.55,780.0,-4.610000000000127,-0.048795000000001205,0.29464819999999997,0.24585319999999877,780.0,-4.610000000000127,-0.048795000000001205,0.24812479999999998,0.19932979999999878
40.161377327,775.3899999999999,0.55,780.0,-4.610000000000127,-0.048795000000001205,0.29464819999999997,0.24585319999999877,780.0,-4.610000000000127,-0.048795000000001205,0.24812479999999998,0.19932979999999878
40.170780078,775.3899999999999,0.55,780.0,-4.610000000000127,-0.048795000000001205,0.29464819999999997,0.24585319999999877,780.0,-4.610000000000127,-0.048795000000001205,0.24812479999999998,0.19932979999999878
40.177141912,775.3899999999999,0.55,780.0,-4.610000000000127,-0.048795000000001205,0.29464819999999997,0.24585319999999877,780.0,-4.610000000000127,-0.048795000000001205,0.24812479999999998,0.19932979999999878
40.183207413,775.3899999999999,0.55,780.0,-4.610000000000127,-0.048795000000001205,0.29464819999999997,0.24585319999999877,780.0,-4.610000000000127,-0.048795000000001205,0.24812479999999998,0.19932979999999878
40.18918658,775.3899999999999,0.55,780.0,-4.610000000000127,-0.048795000000001205,0.29464819999999997,0.24585319999999877,780.0,-4.610000000000127,-0.048795000000001205,0.24812479999999998,0.19932979999999878
40.19528358,775.3899999999999,0.55,780.0,-4.610000000000127,-0.048795000000001205,0.29464819999999997,0.24585319999999877,780.0,-4.610000000000127,-0.048795000000001205,0.24812479999999998,0.19932979999999878
40.203577123,775.3899999999999,0.55,780.0,-4.610000000000127,-0.048795000000001205,0.29464819999999997,0.24585319999999877,760.0,15.389999999999873,0.14167510678749945,0.24812479999999998,0.38979990678749943
40.213545999,775.3899999999999,0.55,760.0,15.389999999999873,0.14187050215194302,0.29464819999999997,0.436518702151943,760.0,15.389999999999873,0.14234060893944367,0.24812479999999998,0.39046540893944365
40.22331975,775.3899999999999,0.55,780.0,-4.610000000000127,-0.04835445337800587,0.29464819999999997,0.2462937466219941,780.0,-4.610000000000127,-0.047884346613554965,0.24812479999999998,0.20024045338644503
40.233486084,775.3899999999999,0.55,780.0,-4.610000000000127,-0.04857577853295738,0.29464819999999997,0.24607242146704258,780.0,-4.610000000000127,-0.04810566503790428,0.24812479999999998,0.2000191349620957
40.244378377,775.3899999999999,0.55,780.0,-4.610000000000127,-0.048795000000001205,0.29464819999999997,0.24585319999999877,780.0,-4.610000000000127,-0.04835720971095573,0.24812479999999998,0.19976759028904426
40.263006837,775.3899999999999,0.55,760.0,15.389999999999873,0.14255795421443293,0.29464819999999997,0.4372061542144329,800.0,-24.610000000000127,-0.2387950000000012,0.24812479999999998,0.009329799999998778
# 40.271 Shooter Ready
40.274406047,775.3899999999999,0.55,780.0,-4.610000000000127,-0.047741336620469074,0.29464819999999997,0.24690686337953088,760.0,15.389999999999873,0.14220410610324002,0.24812479999999998,0.39032890610324
40.283977673,775.3899999999999,0.55,780.0,-4.610000000000127,-0.04796202983662136,0.29464819999999997,0.24668617016337863,780.0,-4.610000000000127,-0.048016607281663834,0.24812479999999998,0.20010819271833613
40.293483674,775.3899999999999,0.55,760.0,15.389999999999873,0.14277643692091935,0.29464819999999997,0.4374246369209193,760.0,15.389999999999873,0.14272185947587687,0.24812479999999998,0.3908466594758768
40.302907425,775.3899999999999,0.55,780.0,-4.610000000000127,-0.04744376551462933,0.29464819999999997,0.24720443448537063,760.0,15.389999999999873,0.14345698214033997,0.24812479999999998,0.39158178214033995
40.312432384,775.3899999999999,0.55,780.0,-4.610000000000127,-0.047656202981430265,0.29464819999999997,0.24699199701856972,760.0,15.389999999999873,0.14416615980413575,0.24812479999999998,0.39229095980413575
40.323801552,775.3899999999999,0.55,780.0,-4.610000000000127,-0.047880829103832775,0.29464819999999997,0.24676737089616718,780.0,-4.610000000000127,-0.04605847302581396,0.24812479999999998,0.20206632697418603
40.333232011,775.3899999999999,0.55,780.0,-4.610000000000127,-0.04814293547128025,0.29464819999999997,0.24650526452871974,780.0,-4.610000000000127,-0.046320572685714226,0.24812479999999998,0.20180422731428577
40.342504679,775.3899999999999,0.55,780.0,-4.610000000000127,-0.048354821674283066,0.29464819999999997,0.2462933783257169,780.0,-4.610000000000127,-0.04653246559626424,0.24812479999999998,0.20159233440373575
40.351796596,775.3899999999999,0.55,780.0,-4.610000000000127,-0.04856885244928383,0.29464819999999997,0.24607934755071614,780.0,-4.610000000000127,-0.046746489663712566,0.24812479999999998,0.20137831033628742
40.361227055,775.3899999999999,0.55,780.0,-4.610000000000127,-0.04878260088483309,0.29464819999999997,0.24586559911516687,780.0,-4.610000000000127,-0.04696024482986402,0.24812479999999998,0.20116455517013596
40.370761931,775.3899999999999,0.55,780.0,-4.610000000000127,-0.048795000000001205,0.29464819999999997,0.24585319999999877,780.0,-4.610000000000127,-0.047180373321013803,0.24812479999999998,0.20094442667898618
40.380718266,775.3899999999999,0.55,760.0,15.389999999999873,0.14195477840753717,0.29464819999999997,0.43660297840753715,780.0,-4.610000000000127,-0.047404972544062535,0.24812479999999998,0.20071982745593744
40.390326058,775.3899999999999,0.55,760.0,15.389999999999873,0.14270891095389684,0.29464819999999997,0.43735711095389684,760.0,15.389999999999873,0.14334909259409265,0.24812479999999998,0.3914738925940926
40.400040601,775.3899999999999,0.55,780.0,-4.610000000000127,-0.04751492185665446,0.29464819999999997,0.24713327814334551,780.0,-4.610000000000127,-0.04687475367765781,0.24812479999999998,0.20125004632234217
40.409944144,775.3899999999999,0.55,780.0,-4.610000000000127,-0.04773846557410233,0.29464819999999997,0.24690973442589764,780.0,-4.610000000000127,-0.047098277226354096,0.24812479999999998,0.20102652277364588
40.41964702,775.3899999999999,0.55,760.0,15.389999999999873,0.1430116719591024,0.29464819999999997,0.4376598719591024,780.0,-4.610000000000127,-0.0473229974619071,0.24812479999999998,0.20080180253809288
40.429472979,775.3899999999999,0.55,780.0,-4.610000000000127,-0.047212207919543815,0.29464819999999997,0.24743599208045616,780.0,-4.610000000000127,-0.047546870609956354,0.24812479999999998,0.20057792939004362
40.439415022,775.3899999999999,0.55,780.0,-4.610000000000127,-0.04743920049324575,0.29464819999999997,0.24720899950675423,800.0,-24.610000000000127,-0.2387586825142504,0.24812479999999998,0.009366117485749587
40.448971773,775.3899999999999,0.55,780.0,-4.610000000000127,-0.04766838475314527,0.29464819999999997,0.2469798152468547,780.0,-4.610000000000127,-0.048795000000001205,0.24812479999999998,0.19932979999999878
40.456386815,775.3899999999999,0.55,780.0,-4.610000000000127,-0.047888943495594125,0.29464819999999997,0.24675925650440583,780.0,-4.610000000000127,-0.048795000000001205,0.24812479999999998,0.19932979999999878
40.463775899,775.3899999999999,0.55,800.0,-24.610000000000127,-0.2387950000000012,0.29464819999999997,0.05585319999999877,780.0,-4.610000000000127,-0.048795000000001205,0.24812479999999998,0.19932979999999878
40.471917192,775.3899999999999,0.55,780.0,-4.610000000000127,-0.048795000000001205,0.29464819999999997,0.24585319999999877,780.0,-4.610000000000127,-0.048795000000001205,0.24812479999999998,0.19932979999999878
40.477940984,775.3899999999999,0.55,780.0,-4.610000000000127,-0.048795000000001205,0.29464819999999997,0.24585319999999877,780.0,-4.610000000000127,-0.048795000000001205,0.24812479999999998,0.19932979999999878
40.486309193,775.3899999999999,0.55,780.0,-4.610000000000127,-0.048795000000001205,0.29464819999999997,0.24585319999999877,760.0,15.389999999999873,0.14167809183189492,0.24812479999999998,0.38980289183189487
40.494825277,775.3899999999999,0.55,780.0,-4.610000000000127,-0.048795000000001205,0.29464819999999997,0.24585319999999877,780.0,-4.610000000000127,-0.04851228775300692,0.24812479999999998,0.19961251224699306
40.503684945,775.3899999999999,0.55,780.0,-4.610000000000127,-0.048795000000001205,0.29464819999999997,0.24585319999999877,780.0,-4.610000000000127,-0.04871947461420187,0.24812479999999998,0.1994053253857981
40.513621154,775.3899999999999,0.55,760.0,15.389999999999873,0.1418782003069102,0.29464819999999997,0.43652640030691015,780.0,-4.610000000000127,-0.048795000000001205,0.24812479999999998,0.19932979999999878
40.521122238,775.3899999999999,0.55,780.0,-4.610000000000127,-0.04834495349673651,0.29464819999999997,0.24630324650326346,780.0,-4.610000000000127,-0.048795000000001205,0.24812479999999998,0.19932979999999878
40.528622739,775.3899999999999,0.55,780.0,-4.610000000000127,-0.048518357701691085,0.29464819999999997,0.2461298422983089,780.0,-4.610000000000127,-0.048795000000001205,0.24812479999999998,0.19932979999999878
40.53755824,775.3899999999999,0.55,760.0,15.389999999999873,0.14210324447524586,0.29464819999999997,0.43675144447524583,780.0,-4.610000000000127,-0.048795000000001205,0.24812479999999998,0.19932979999999878
40.545129324,775.3899999999999,0.55,780.0,-4.610000000000127,-0.04809098731785532,0.29464819999999997,0.24655721268214464,780.0,-4.610000000000127,-0.048795000000001205,0.24812479999999998,0.19932979999999878
40.552552533,775.3899999999999,0.55,780.0,-4.610000000000127,-0.04826136621030771,0.29464819999999997,0.24638683378969226,780.0,-4.610000000000127,-0.048795000000001205,0.24812479999999998,0.19932979999999878
40.560118659,775.3899999999999,0.55,780.0,-4.610000000000127,-0.048435973832705474,0.29464819999999997,0.2462122261672945,780.0,-4.610000000000127,-0.048795000000001205,0.24812479999999998,0.19932979999999878
40.56975766,775.3899999999999,0.55,780.0,-4.610000000000127,-0.04860797966330318,0.29464819999999997,0.24604022033669679,760.0,15.389999999999873,0.14177920097695046,0.24812479999999998,0.38990400097695044
40.579786327,775.3899999999999,0.55,780.0,-4.610000000000127,-0.048795000000001205,0.29464819999999997,0.24585319999999877,760.0,15.389999999999873,0.142514705159503,0.24812479999999998,0.39063950515950296
40.589387703,775.3899999999999,0.55,800.0,-24.610000000000127,-0.2387950000000012,0.29464819999999997,0.05585319999999877,780.0,-4.610000000000127,-0.04771701363229509,0.24812479999999998,0.2004077863677049
40.598705288,775.3899999999999,0.55,780.0,-4.610000000000127,-0.048795000000001205,0.29464819999999997,0.24585319999999877,780.0,-4.610000000000127,-0.04793544121784564,0.24812479999999998,0.20018935878215433
40.60818008,775.3899999999999,0.55,760.0,15.389999999999873,0.14192113525195515,0.29464819999999997,0.4365693352519551,760.0,15.389999999999873,0.1427806940341107,0.24812479999999998,0.3909054940341107
40.617335206,775.3899999999999,0.55,780.0,-4.610000000000127,-0.048296606596093854,0.29464819999999997,0.2463515934039061,780.0,-4.610000000000127,-0.047437041106385844,0.24812479999999998,0.20068775889361412
40.626833332,775.3899999999999,0.55,780.0,-4.610000000000127,-0.04850698682734564,0.29464819999999997,0.24614121317265433,780.0,-4.610000000000127,-0.04764740789948824,0.24812479999999998,0.20047739210051174
40.637079875,775.3899999999999,0.55,780.0,-4.610000000000127,-0.048744030169143415,0.29464819999999997,0.24590416983085656,780.0,-4.610000000000127,-0.04788445797188821,0.24812479999999998,0.20024034202811178
40.646504501,775.3899999999999,0.55,780.0,-4.610000000000127,-0.048795000000001205,0.29464819999999997,0.24585319999999877,760.0,15.389999999999873,0.1428564775725162,0.24812479999999998,0.3909812775725162
40.655076877,775.3899999999999,0.55,780.0,-4.610000000000127,-0.048795000000001205,0.29464819999999997,0.24585319999999877,780.0,-4.610000000000127,-0.04736930489923459,0.24812479999999998,0.2007554951007654
40.665234169,775.3899999999999,0.55,780.0,-4.610000000000127,-0.048795000000001205,0.29464819999999997,0.24585319999999877,780.0,-4.610000000000127,-0.047605615435430695,0.24812479999999998,0.2005191845645693
40.676828795,775.3899999999999,0.55,780.0,-4.610000000000127,-0.048795000000001205,0.29464819999999997,0.24585319999999877,780.0,-4.610000000000127,-0.04779370249038226,0.24812479999999998,0.20033109750961772
40.685332338,775.3899999999999,0.55,780.0,-4.610000000000127,-0.048795000000001205,0.29464819999999997,0.24585319999999877,780.0,-4.610000000000127,-0.04806087123713472,0.24812479999999998,0.20006392876286527
40.694879464,775.3899999999999,0.55,760.0,15.389999999999873,0.14185701343254345,0.29464819999999997,0.43650521343254345,780.0,-4.610000000000127,-0.048256178704583125,0.24812479999999998,0.19986862129541685
40.704436507,775.3899999999999,0.55,780.0,-4.610000000000127,-0.0483633436224105,0.29464819999999997,0.24628485637758946,780.0,-4.610000000000127,-0.048476535759531834,0.24812479999999998,0.19964826424046814
40.713931133,775.3899999999999,0.55,780.0,-4.610000000000127,-0.04858357295730773,0.29464819999999997,0.24606462704269225,780.0,-4.610000000000127,-0.04869676509443431,0.24812479999999998,0.19942803490556565
40.723363925,775.3899999999999,0.55,780.0,-4.610000000000127,-0.048795000000001205,0.29464819999999997,0.24585319999999877,780.0,-4.610000000000127,-0.048795000000001205,0.24812479999999998,0.19932979999999878
40.730630509,775.3899999999999,0.55,760.0,15.389999999999873,0.14192829483384664,0.29464819999999997,0.43657649483384664,780.0,-4.610000000000127,-0.048795000000001205,0.24812479999999998,0.19932979999999878
40.740218469,775.3899999999999,0.55,760.0,15.389999999999873,0.1424950444344958,0.29464819999999997,0.43714324443449576,760.0,15.389999999999873,0.14177177207003777,0.24812479999999998,0.38989657207003775
40.749338303,775.3899999999999,0.55,780.0,-4.610000000000127,-0.04771888551980726,0.29464819999999997,0.2469293144801927,780.0,-4.610000000000127,-0.0484421511536631,0.24812479999999998,0.19968264884633688
40.75847797,775.3899999999999,0.55,780.0,-4.610000000000127,-0.04792904391785707,0.29464819999999997,0.2467191560821429,780.0,-4.610000000000127,-0.0486523229898623,0.24812479999999998,0.19947247701013768
40.769459805,775.3899999999999,0.55,780.0,-4.610000000000127,-0.048144392415258114,0.29464819999999997,0.24650380758474186,760.0,15.389999999999873,0.14206655045089317,0.24812479999999998,0.39019135045089315
40.778991764,775.3899999999999,0.55,760.0,15.389999999999873,0.14270355495478831,0.29464819999999997,0.4373517549547883,760.0,15.389999999999873,0.1429144978209396,0.24812479999999998,0.3910392978209396
40.788921557,775.3899999999999,0.55,760.0,15.389999999999873,0.1434356701823803,0.29464819999999997,0.43808387018238026,780.0,-4.610000000000127,-0.047304803751463245,0.24812479999999998,0.20081999624853675
40.798739058,775.3899999999999,0.55,780.0,-4.610000000000127,-0.04679435443442077,0.29464819999999997,0.2478538455655792,780.0,-4.610000000000127,-0.04753483507581153,0.24812479999999998,0.20058996492418846
40.808471392,775.3899999999999,0.55,780.0,-4.610000000000127,-0.04701984108247119,0.29464819999999997,0.24762835891752877,760.0,15.389999999999873,0.14321792837613984,0.24812479999999998,0.3913427283761398
40.81779656,775.3899999999999,0.55,760.0,15.389999999999873,0.14372450596323283,0.29464819999999997,0.4383727059632328,780.0,-4.610000000000127,-0.04700505063936052,0.24812479999999998,0.20111974936063945
40.829163394,775.3899999999999,0.55,780.0,-4.610000000000127,-0.04648612975421617,0.29464819999999997,0.2481620702457838,780.0,-4.610000000000127,-0.047215699794958925,0.24812479999999998,0.20090910020504105
40.838544562,775.3899999999999,0.55,800.0,-24.610000000000127,-0.23788155280787884,0.29464819999999997,0.05676664719212113,780.0,-4.610000000000127,-0.047477086818009114,0.24812479999999998,0.20064771318199087
40.847575729,775.3899999999999,0.55,780.0,-4.610000000000127,-0.0480966794259784,0.29464819999999997,0.24655152057402158,780.0,-4.610000000000127,-0.04769221345915842,0.24812479999999998,0.20043258654084156
40.856709855,775.3899999999999,0.55,780.0,-4.610000000000127,-0.048306078142127756,0.29464819999999997,0.24634212185787221,780.0,-4.610000000000127,-0.04790160544471082,0.24812479999999998,0.20022319455528917
40.865813648,775.3899999999999,0.55,800.0,-24.610000000000127,-0.2387950000000012,0.29464819999999997,0.05585319999999877,780.0,-4.610000000000127,-0.048111905024011255,0.24812479999999998,0.20001289497598873
40.875074065,775.3899999999999,0.55,780.0,-4.610000000000127,-0.048795000000001205,0.29464819999999997,0.24585319999999877,780.0,-4.610000000000127,-0.04832128354835927,0.24812479999999998,0.1998035164516407
40.88321565,775.3899999999999,0.55,780.0,-4.610000000000127,-0.048795000000001205,0.29464819999999997,0.24585319999999877,780.0,-4.610000000000127,-0.048538662358911154,0.24812479999999998,0.19958613764108882
40.891048359,775.3899999999999,0.55,780.0,-4.610000000000127,-0.048795000000001205,0.29464819999999997,0.24585319999999877,780.0,-4.610000000000127,-0.0487208870382091,0.24812479999999998,0.19940391296179089
40.899363776,775.3899999999999,0.55,780.0,-4.610000000000127,-0.048795000000001205,0.29464819999999997,0.24585319999999877,760.0,15.389999999999873,0.14191346321438914,0.24812479999999998,0.3900382632143891
40.907617652,775.3899999999999,0.55,780.0,-4.610000000000127,-0.048795000000001205,0.29464819999999997,0.24585319999999877,780.0,-4.610000000000127,-0.04827499358561198,0.24812479999999998,0.199849806414388
40.916509986,775.3899999999999,0.55,780.0,-4.610000000000127,-0.048795000000001205,0.29464819999999997,0.24585319999999877,780.0,-4.610000000000127,-0.04848285274616432,0.24812479999999998,0.19964194725383566
40.938568155,775.3899999999999,0.55,800.0,-24.610000000000127,-0.2387950000000012,0.29464819999999997,0.05585319999999877,760.0,15.389999999999873,0.1430914866952287,0.24812479999999998,0.3912162866952287
# 40.946 Shooter Ready
40.95036199,775.3899999999999,0.55,780.0,-4.610000000000127,-0.048795000000001205,0.29464819999999997,0.24585319999999877,780.0,-4.610000000000127,-0.04717861995842263,0.24812479999999998,0.20094618004157735
40.958718532,775.3899999999999,0.55,780.0,-4.610000000000127,-0.048795000000001205,0.29464819999999997,0.24585319999999877,780.0,-4.610000000000127,-0.0474070378058195,0.24812479999999998,0.20071776219418047
40.9670287,775.3899999999999,0.55,780.0,-4.610000000000127,-0.048795000000001205,0.29464819999999997,0.24585319999999877,780.0,-4.610000000000127,-0.04760019394762326,0.24812479999999998,0.2005246060523767
40.977414076,775.3899999999999,0.55,760.0,15.389999999999873,0.14186363436444505,0.29464819999999997,0.436511834364445,780.0,-4.610000000000127,-0.04779743761507201,0.24812479999999998,0.20032736238492796
40.988451035,775.3899999999999,0.55,780.0,-4.610000000000127,-0.048391560852355374,0.29464819999999997,0.2462566391476446,760.0,15.389999999999873,0.14305452723751919,0.24812479999999998,0.39117932723751914
41.00053887,775.3899999999999,0.55,780.0,-4.610000000000127,-0.04863868183855301,0.29464819999999997,0.24600951816144695,780.0,-4.610000000000127,-0.047192593748683676,0.24812479999999998,0.2009322062513163
41.013843246,775.3899999999999,0.55,780.0,-4.610000000000127,-0.048795000000001205,0.29464819999999997,0.24585319999999877,780.0,-4.610000000000127,-0.04753208090233281,0.24812479999999998,0.20059271909766718
41.022468122,775.3899999999999,0.55,780.0,-4.610000000000127,-0.048795000000001205,0.29464819999999997,0.24585319999999877,780.0,-4.610000000000127,-0.04776973603723321,0.24812479999999998,0.20035506396276676
41.032737123,775.3899999999999,0.55,780.0,-4.610000000000127,-0.048795000000001205,0.29464819999999997,0.24585319999999877,780.0,-4.610000000000127,-0.0480044129046818,0.24812479999999998,0.20012038709531818
41.041423249,775.3899999999999,0.55,780.0,-4.610000000000127,-0.048795000000001205,0.29464819999999997,0.24585319999999877,780.0,-4.610000000000127,-0.04820480292018155,0.24812479999999998,0.19991999707981845
41.049752958,775.3899999999999,0.55,780.0,-4.610000000000127,-0.048795000000001205,0.29464819999999997,0.24585319999999877,760.0,15.389999999999873,0.14244301350547725,0.24812479999999998,0.3905678135054772
41.059550042,775.3899999999999,0.55,760.0,15.389999999999873,0.14184686888320566,0.29464819999999997,0.43649506888320566,760.0,15.389999999999873,0.14308488238866662,0.24812479999999998,0.3912096823886666
41.069309502,775.3899999999999,0.55,780.0,-4.610000000000127,-0.04837886652044502,0.29464819999999997,0.24626933347955496,780.0,-4.610000000000127,-0.04714085301498405,0.24812479999999998,0.20098394698501593
41.079713836,775.3899999999999,0.55,780.0,-4.610000000000127,-0.04860869615729316,0.29464819999999997,0.2460395038427068,780.0,-4.610000000000127,-0.047370649044936444,0.24812479999999998,0.20075415095506355
41.090288212,775.3899999999999,0.55,780.0,-4.610000000000127,-0.048795000000001205,0.29464819999999997,0.24585319999999877,760.0,15.389999999999873,0.14346145308891664,0.24812479999999998,0.3915862530889166
41.101343255,775.3899999999999,0.55,760.0,15.389999999999873,0.14204480028880156,0.29464819999999997,0.43669300028880154,780.0,-4.610000000000127,-0.04679011175288115,0.24812479999999998,0.20133468824711884
41.112364464,775.3899999999999,0.55,780.0,-4.610000000000127,-0.04820016937174616,0.29464819999999997,0.24644803062825382,780.0,-4.610000000000127,-0.04703507468283194,0.24812479999999998,0.20108972531716804
41.123497382,775.3899999999999,0.55,780.0,-4.610000000000127,-0.04845710583164899,0.29464819999999997,0.24619109416835097,780.0,-4.610000000000127,-0.04729201787333172,0.24812479999999998,0.20083278212666827
41.134271258,775.3899999999999,0.55,760.0,15.389999999999873,0.14239331040219283,0.29464819999999997,0.4370415104021928,780.0,-4.610000000000127,-0.047546742478280134,0.24812479999999998,0.20057805752171984
41.144980676,775.3899999999999,0.55,780.0,-4.610000000000127,-0.04785793847020795,0.29464819999999997,0.24679026152979203,780.0,-4.610000000000127,-0.04779799805823338,0.24812479999999998,0.2003268019417666
41.156064594,775.3899999999999,0.55,780.0,-4.610000000000127,-0.04810336528140856,0.29464819999999997,0.2465448347185914,780.0,-4.610000000000127,-0.04804343162308069,0.24812479999999998,0.20008136837691928
41.169490303,775.3899999999999,0.55,800.0,-24.610000000000127,-0.2387950000000012,0.29464819999999997,0.05585319999999877,760.0,15.389999999999873,0.14297086887327823,0.24812479999999998,0.3910956688732782
# 41.178 Shooter Ready
41.186252097,775.3899999999999,0.55,780.0,-4.610000000000127,-0.048795000000001205,0.29464819999999997,0.24585319999999877,760.0,15.389999999999873,0.14398748102456543,0.24812479999999998,0.3921122810245654
41.195772973,775.3899999999999,0.55,780.0,-4.610000000000127,-0.048795000000001205,0.29464819999999997,0.24585319999999877,780.0,-4.610000000000127,-0.04635417091593795,0.24812479999999998,0.20177062908406201
41.205052932,775.3899999999999,0.55,780.0,-4.610000000000127,-0.048795000000001205,0.29464819999999997,0.24585319999999877,780.0,-4.610000000000127,-0.04657381535708634,0.24812479999999998,0.20155098464291366
41.21583235,775.3899999999999,0.55,760.0,15.389999999999873,0.14191267398385984,0.29464819999999997,0.4365608739838598,780.0,-4.610000000000127,-0.046785795650184654,0.24812479999999998,0.20133900434981533
41.226926767,775.3899999999999,0.55,760.0,15.389999999999873,0.14274636959831027,0.29464819999999997,0.43739456959831025,780.0,-4.610000000000127,-0.04703552513573479,0.24812479999999998,0.2010892748642652
41.237805644,775.3899999999999,0.55,780.0,-4.610000000000127,-0.04751203244974089,0.29464819999999997,0.24713616755025908,780.0,-4.610000000000127,-0.04729392047623877,0.24812479999999998,0.20083087952376122
41.248225728,775.3899999999999,0.55,780.0,-4.610000000000127,-0.047757580273440535,0.29464819999999997,0.24689061972655943,780.0,-4.610000000000127,-0.047539475030535364,0.24812479999999998,0.20058532496946463
41.258754021,775.3899999999999,0.55,760.0,15.389999999999873,0.1430444023222492,0.29464819999999997,0.43769260232224916,780.0,-4.610000000000127,-0.047779705034837534,0.24812479999999998,0.20034509496516245
41.270876564,775.3899999999999,0.55,780.0,-4.610000000000127,-0.047201434594553886,0.29464819999999997,0.24744676540544608,780.0,-4.610000000000127,-0.04802553522103843,0.24812479999999998,0.20009926477896156
41.281901565,775.3899999999999,0.55,780.0,-4.610000000000127,-0.04748087267190378,0.29464819999999997,0.24716732732809618,780.0,-4.610000000000127,-0.04830497329838833,0.24812479999999998,0.19981982670161164
41.292356649,775.3899999999999,0.55,760.0,15.389999999999873,0.14335686281753207,0.29464819999999997,0.43800506281753204,780.0,-4.610000000000127,-0.04855591961648654,0.24812479999999998,0.19956888038351345
41.303381942,775.3899999999999,0.55,780.0,-4.610000000000127,-0.046894547381821194,0.29464819999999997,0.24775365261817878,780.0,-4.610000000000127,-0.048795000000001205,0.24812479999999998,0.19932979999999878
41.311653901,775.3899999999999,0.55,780.0,-4.610000000000127,-0.04713855567296833,0.29464819999999997,0.24750964432703165,780.0,-4.610000000000127,-0.048795000000001205,0.24812479999999998,0.19932979999999878
41.319875985,775.3899999999999,0.55,780.0,-4.610000000000127,-0.04732890835852163,0.29464819999999997,0.24731929164147834,780.0,-4.610000000000127,-0.048795000000001205,0.24812479999999998,0.19932979999999878
41.328114986,775.3899999999999,0.55,780.0,-4.610000000000127,-0.04752167456346925,0.29464819999999997,0.24712652543653071,780.0,-4.610000000000127,-0.048795000000001205,0.24812479999999998,0.19932979999999878
41.347869863,775.3899999999999,0.55,800.0,-24.610000000000127,-0.2387950000000012,0.29464819999999997,0.05585319999999877,760.0,15.389999999999873,0.1423862820732877,0.24812479999999998,0.39051108207328766
# 41.363 Shooter Ready
41.366675073,775.3899999999999,0.55,780.0,-4.610000000000127,-0.048795000000001205,0.29464819999999997,0.24585319999999877,780.0,-4.610000000000127,-0.04810103531031634,0.24812479999999998,0.20002376468968364
41.375831949,775.3899999999999,0.55,780.0,-4.610000000000127,-0.048795000000001205,0.29464819999999997,0.24585319999999877,780.0,-4.610000000000127,-0.04833845512776586,0.24812479999999998,0.19978634487223412
41.386025408,775.3899999999999,0.55,780.0,-4.610000000000127,-0.048795000000001205,0.29464819999999997,0.24585319999999877,780.0,-4.610000000000127,-0.048564264475815466,0.24812479999999998,0.1995605355241845
41.395011951,775.3899999999999,0.55,780.0,-4.610000000000127,-0.048795000000001205,0.29464819999999997,0.24585319999999877,780.0,-4.610000000000127,-0.04878072896201189,0.24812479999999998,0.1993440710379881
41.403988577,775.3899999999999,0.55,780.0,-4.610000000000127,-0.048795000000001205,0.29464819999999997,0.24585319999999877,780.0,-4.610000000000127,-0.048795000000001205,0.24812479999999998,0.19932979999999878
41.413310828,775.3899999999999,0.55,780.0,-4.610000000000127,-0.048795000000001205,0.29464819999999997,0.24585319999999877,760.0,15.389999999999873,0.14190107053945114,0.24812479999999998,0.39002587053945115
41.422490745,775.3899999999999,0.55,780.0,-4.610000000000127,-0.048795000000001205,0.29464819999999997,0.24585319999999877,760.0,15.389999999999873,0.1426355648301934,0.24812479999999998,0.3907603648301934
41.433229913,775.3899999999999,0.55,760.0,15.389999999999873,0.14189644707564367,0.29464819999999997,0.43654464707564367,760.0,15.389999999999873,0.14332701190585578,0.24812479999999998,0.39145181190585576
41.444046081,775.3899999999999,0.55,780.0,-4.610000000000127,-0.04835236137800904,0.29464819999999997,0.24629583862199095,780.0,-4.610000000000127,-0.046921776379045335,0.24812479999999998,0.20120302362095466
41.454616374,775.3899999999999,0.55,780.0,-4.610000000000127,-0.04860442373100738,0.29464819999999997,0.2460437762689926,780.0,-4.610000000000127,-0.04717385887774027,0.24812479999999998,0.2009509411222597
41.465007875,775.3899999999999,0.55,780.0,-4.610000000000127,-0.048795000000001205,0.29464819999999997,0.24585319999999877,780.0,-4.610000000000127,-0.0474111577057405,0.24812479999999998,0.20071364229425948
41.476037542,775.3899999999999,0.55,760.0,15.389999999999873,0.14202336648190675,0.29464819999999997,0.43667156648190675,780.0,-4.610000000000127,-0.0476562954238429,0.24812479999999998,0.20046850457615709
41.486602585,775.3899999999999,0.55,780.0,-4.610000000000127,-0.04822900510989163,0.29464819999999997,0.24641919489010833,780.0,-4.610000000000127,-0.04790866701564128,0.24812479999999998,0.2002161329843587
41.497341461,775.3899999999999,0.55,780.0,-4.610000000000127,-0.04847355124974249,0.29464819999999997,0.2461746487502575,780.0,-4.610000000000127,-0.048153206424895185,0.24812479999999998,0.1999715935751048
41.507632337,775.3899999999999,0.55,780.0,-4.610000000000127,-0.04871530061784033,0.29464819999999997,0.24593289938215965,780.0,-4.610000000000127,-0.04839497598479438,0.24812479999999998,0.19972982401520561
41.51824113,775.3899999999999,0.55,780.0,-4.610000000000127,-0.048795000000001205,0.29464819999999997,0.24585319999999877,780.0,-4.610000000000127,-0.0486345336897444,0.24812479999999998,0.19949026631025557
41.527301756,775.3899999999999,0.55,780.0,-4.610000000000127,-0.048795000000001205,0.29464819999999997,0.24585319999999877,780.0,-4.610000000000127,-0.048795000000001205,0.24812479999999998,0.19932979999999878
41.53403459,775.3899999999999,0.55,780.0,-4.610000000000127,-0.048795000000001205,0.29464819999999997,0.24585319999999877,780.0,-4.610000000000127,-0.048795000000001205,0.24812479999999998,0.19932979999999878
41.541426591,775.3899999999999,0.55,780.0,-4.610000000000127,-0.048795000000001205,0.29464819999999997,0.24585319999999877,780.0,-4.610000000000127,-0.048795000000001205,0.24812479999999998,0.19932979999999878
41.548068425,775.3899999999999,0.55,780.0,-4.610000000000127,-0.048795000000001205,0.29464819999999997,0.24585319999999877,780.0,-4.610000000000127,-0.048795000000001205,0.24812479999999998,0.19932979999999878
41.558436009,775.3899999999999,0.55,780.0,-4.610000000000127,-0.048795000000001205,0.29464819999999997,0.24585319999999877,760.0,15.389999999999873,0.14182328047629877,0.24812479999999998,0.38994808047629875
41.569032552,775.3899999999999,0.55,760.0,15.389999999999873,0.14189554937693663,0.29464819999999997,0.43654374937693663,780.0,-4.610000000000127,-0.048383576977355014,0.24812479999999998,0.19974122302264496
41.579017761,775.3899999999999,0.55,780.0,-4.610000000000127,-0.04834478820171517,0.29464819999999997,0.2463034117982848,780.0,-4.610000000000127,-0.048623948162902574,0.24812479999999998,0.1995008518370974
41.588480012,775.3899999999999,0.55,780.0,-4.610000000000127,-0.048565205762913406,0.29464819999999997,0.24608299423708657,760.0,15.389999999999873,0.14211189267589147,0.24812479999999998,0.39023669267589145
41.597940805,775.3899999999999,0.55,780.0,-4.610000000000127,-0.048783498897815525,0.29464819999999997,0.24586470110218445,760.0,15.389999999999873,0.14284064134099853,0.24812479999999998,0.39096544134099853
41.607448847,775.3899999999999,0.55,760.0,15.389999999999873,0.14195220727848543,0.29464819999999997,0.43660040727848537,780.0,-4.610000000000127,-0.04737972915209956,0.24812479999999998,0.20074507084790041
41.616845765,775.3899999999999,0.55,780.0,-4.610000000000127,-0.04826220672581378,0.29464819999999997,0.2463859932741862,780.0,-4.610000000000127,-0.04759415661760317,0.24812479999999998,0.20053064338239682
41.626208558,775.3899999999999,0.55,780.0,-4.610000000000127,-0.04847871828011557,0.29464819999999997,0.2461694817198844,780.0,-4.610000000000127,-0.04781065471070057,0.24812479999999998,0.20031414528929942
41.63598785,775.3899999999999,0.55,780.0,-4.610000000000127,-0.04869423483506602,0.29464819999999997,0.24595396516493395,800.0,-24.610000000000127,-0.2387950000000012,0.24812479999999998,0.009329799999998778
41.645530309,775.3899999999999,0.55,760.0,15.389999999999873,0.1420715908793808,0.29464819999999997,0.43671979087938073,780.0,-4.610000000000127,-0.048795000000001205,0.24812479999999998,0.19932979999999878
41.652964602,775.3899999999999,0.55,780.0,-4.610000000000127,-0.04814750900551666,0.29464819999999997,0.2465006909944833,780.0,-4.610000000000127,-0.048795000000001205,0.24812479999999998,0.19932979999999878
41.660485228,775.3899999999999,0.55,780.0,-4.610000000000127,-0.048321074560468205,0.29464819999999997,0.24632712543953178,780.0,-4.610000000000127,-0.048795000000001205,0.24812479999999998,0.19932979999999878
41.668157812,775.3899999999999,0.55,780.0,-4.610000000000127,-0.048497362896669095,0.29464819999999997,0.24615083710333088,780.0,-4.610000000000127,-0.048795000000001205,0.24812479999999998,0.19932979999999878
41.675686896,775.3899999999999,0.55,780.0,-4.610000000000127,-0.04867158058221597,0.29464819999999997,0.245976619417784,780.0,-4.610000000000127,-0.048795000000001205,0.24812479999999998,0.19932979999999878
41.688420772,775.3899999999999,0.55,780.0,-4.610000000000127,-0.048795000000001205,0.29464819999999997,0.24585319999999877,760.0,15.389999999999873,0.1417758119450407,0.24812479999999998,0.38990061194504066
41.69774069,775.3899999999999,0.55,800.0,-24.610000000000127,-0.2387950000000012,0.29464819999999997,0.05585319999999877,780.0,-4.610000000000127,-0.048515781134910285,0.24812479999999998,0.1996090188650897
41.707043399,775.3899999999999,0.55,780.0,-4.610000000000127,-0.048795000000001205,0.29464819999999997,0.24585319999999877,780.0,-4.610000000000127,-0.04873267589546078,0.24812479999999998,0.19939212410453921
41.715279483,775.3899999999999,0.55,780.0,-4.610000000000127,-0.048795000000001205,0.29464819999999997,0.24585319999999877,780.0,-4.610000000000127,-0.048795000000001205,0.24812479999999998,0.19932979999999878
41.721286359,775.3899999999999,0.55,780.0,-4.610000000000127,-0.048795000000001205,0.29464819999999997,0.24585319999999877,780.0,-4.610000000000127,-0.048795000000001205,0.24812479999999998,0.19932979999999878
41.727325901,775.3899999999999,0.55,780.0,-4.610000000000127,-0.048795000000001205,0.29464819999999997,0.24585319999999877,780.0,-4.610000000000127,-0.048795000000001205,0.24812479999999998,0.19932979999999878
41.73355036,775.3899999999999,0.55,780.0,-4.610000000000127,-0.048795000000001205,0.29464819999999997,0.24585319999999877,780.0,-4.610000000000127,-0.048795000000001205,0.24812479999999998,0.19932979999999878
41.740357277,775.3899999999999,0.55,780.0,-4.610000000000127,-0.048795000000001205,0.29464819999999997,0.24585319999999877,780.0,-4.610000000000127,-0.048795000000001205,0.24812479999999998,0.19932979999999878
41.746919486,775.3899999999999,0.55,780.0,-4.610000000000127,-0.048795000000001205,0.29464819999999997,0.24585319999999877,780.0,-4.610000000000127,-0.048795000000001205,0.24812479999999998,0.19932979999999878
41.753560154,775.3899999999999,0.55,780.0,-4.610000000000127,-0.048795000000001205,0.29464819999999997,0.24585319999999877,780.0,-4.610000000000127,-0.048795000000001205,0.24812479999999998,0.19932979999999878
41.762887363,775.3899999999999,0.55,780.0,-4.610000000000127,-0.048795000000001205,0.29464819999999997,0.24585319999999877,760.0,15.389999999999873,0.1417350316769395,0.24812479999999998,0.3898598316769395
41.775519156,775.3899999999999,0.55,760.0,15.389999999999873,0.1419337037262912,0.29464819999999997,0.43658190372629113,760.0,15.389999999999873,0.1424637354032494,0.24812479999999998,0.39058853540324934
41.78633999,775.3899999999999,0.55,760.0,15.389999999999873,0.14287892236015612,0.29464819999999997,0.4375271223601561,780.0,-4.610000000000127,-0.0478194069934968,0.24812479999999998,0.20030539300650319
41.79737345,775.3899999999999,0.55,760.0,15.389999999999873,0.14373304181274188,0.29464819999999997,0.43838124181274185,780.0,-4.610000000000127,-0.04807524761030084,0.24812479999999998,0.20004955238969913
41.808484784,775.3899999999999,0.55,780.0,-4.610000000000127,-0.04652121891096195,0.29464819999999997,0.24812698108903802,780.0,-4.610000000000127,-0.04832950833399944,0.24812479999999998,0.19979529166600055
41.818789952,775.3899999999999,0.55,760.0,15.389999999999873,0.14429923491663446,0.29464819999999997,0.43894743491663446,780.0,-4.610000000000127,-0.048575284767597524,0.24812479999999998,0.19954951523240244
41.829414203,775.3899999999999,0.55,780.0,-4.610000000000127,-0.04594488765641476,0.29464819999999997,0.24870331234358523,780.0,-4.610000000000127,-0.048795000000001205,0.24812479999999998,0.19932979999999878
41.837345495,775.3899999999999,0.55,780.0,-4.610000000000127,-0.04618127216006477,0.29464819999999997,0.2484669278399352,780.0,-4.610000000000127,-0.048795000000001205,0.24812479999999998,0.19932979999999878
41.849385497,775.3899999999999,0.55,780.0,-4.610000000000127,-0.04636290521501691,0.29464819999999997,0.24828529478498307,760.0,15.389999999999873,0.1418113628450559,0.24812479999999998,0.3899361628450559
41.859588873,775.3899999999999,0.55,780.0,-4.610000000000127,-0.046641845781166265,0.29464819999999997,0.2480063542188337,760.0,15.389999999999873,0.14274262144075167,0.24812479999999998,0.39086742144075165
41.869776499,775.3899999999999,0.55,800.0,-24.610000000000127,-0.23789288504105002,0.29464819999999997,0.05675531495894995,780.0,-4.610000000000127,-0.04749172601915051,0.24812479999999998,0.20063307398084945
41.8798425,775.3899999999999,0.55,780.0,-4.610000000000127,-0.04812965272790423,0.29464819999999997,0.24651854727209574,780.0,-4.610000000000127,-0.04772849372904923,0.24812479999999998,0.20039630627095076
41.889936792,775.3899999999999,0.55,780.0,-4.610000000000127,-0.04836094126840327,0.29464819999999997,0.2462872587315967,780.0,-4.610000000000127,-0.04795978224649851,0.24812479999999998,0.20016501775350148
41.90018421,775.3899999999999,0.55,780.0,-4.610000000000127,-0.048594172716449856,0.29464819999999997,0.2460540272835501,780.0,-4.610000000000127,-0.04819300696394815,0.24812479999999998,0.19993179303605182
41.910133836,775.3899999999999,0.55,780.0,-4.610000000000127,-0.048795000000001205,0.29464819999999997,0.24585319999999877,780.0,-4.610000000000127,-0.048427515773847324,0.24812479999999998,0.19969728422615265
41.919179295,775.3899999999999,0.55,780.0,-4.610000000000127,-0.048795000000001205,0.29464819999999997,0.24585319999999877,780.0,-4.610000000000127,-0.048658394208749116,0.24812479999999998,0.19946640579125086
41.93687588,775.3899999999999,0.55,780.0,-4.610000000000127,-0.048795000000001205,0.29464819999999997,0.24585319999999877,760.0,15.389999999999873,0.14255123424384888,0.24812479999999998,0.3906760342438489
41.945193631,775.3899999999999,0.55,780.0,-4.610000000000127,-0.048795000000001205,0.29464819999999997,0.24585319999999877,780.0,-4.610000000000127,-0.04769582623609922,0.24812479999999998,0.20042897376390076
41.953440215,775.3899999999999,0.55,780.0,-4.610000000000127,-0.048795000000001205,0.29464819999999997,0.24585319999999877,780.0,-4.610000000000127,-0.047884720064101126,0.24812479999999998,0.20024007993589885
41.963437675,775.3899999999999,0.55,760.0,15.389999999999873,0.14186529517629767,0.29464819999999997,0.4365134951762977,780.0,-4.610000000000127,-0.048082501557198606,0.24812479999999998,0.20004229844280136
41.973323426,775.3899999999999,0.55,800.0,-24.610000000000127,-0.2387950000000012,0.29464819999999997,0.05585319999999877,780.0,-4.610000000000127,-0.0483125127358503,0.24812479999999998,0.19981228726414968
41.982138177,775.3899999999999,0.55,800.0,-24.610000000000127,-0.2387950000000012,0.29464819999999997,0.05585319999999877,780.0,-4.610000000000127,-0.04854701481515252,0.24812479999999998,0.19957778518484745
41.990502594,775.3899999999999,0.55,800.0,-24.610000000000127,-0.2387950000000012,0.29464819999999997,0.05585319999999877,800.0,-24.610000000000127,-0.2387950000000012,0.24812479999999998,0.009329799999998778
42.000629554,775.3899999999999,0.55,780.0,-4.610000000000127,-0.048795000000001205,0.29464819999999997,0.24585319999999877,780.0,-4.610000000000127,-0.048795000000001205,0.24812479999999998,0.19932979999999878
42.006695346,775.3899999999999,0.55,780.0,-4.610000000000127,-0.048795000000001205,0.29464819999999997,0.24585319999999877,780.0,-4.610000000000127,-0.048795000000001205,0.24812479999999998,0.19932979999999878
42.01518518,775.3899999999999,0.55,780.0,-4.610000000000127,-0.048795000000001205,0.29464819999999997,0.24585319999999877,760.0,15.389999999999873,0.1416829172894508,0.24812479999999998,0.38980771728945074
42.024936181,775.3899999999999,0.55,760.0,15.389999999999873,0.14185149227004645,0.29464819999999997,0.4364996922700464,760.0,15.389999999999873,0.14232940955949844,0.24812479999999998,0.3904542095594984
42.03500014,775.3899999999999,0.55,760.0,15.389999999999873,0.14260129314700967,0.29464819999999997,0.43724949314700967,760.0,15.389999999999873,0.14307921043644417,0.24812479999999998,0.39120401043644415
42.045652683,775.3899999999999,0.55,760.0,15.389999999999873,0.14344589642394348,0.29464819999999997,0.4380940964239435,780.0,-4.610000000000127,-0.047173779656004035,0.24812479999999998,0.20095102034399595
42.057745476,775.3899999999999,0.55,760.0,15.389999999999873,0.14419408135090206,0.29464819999999997,0.43884228135090203,780.0,-4.610000000000127,-0.04739790829025575,0.24812479999999998,0.20072689170974423
42.067573185,775.3899999999999,0.55,780.0,-4.610000000000127,-0.04608701727149938,0.29464819999999997,0.24856118272850058,780.0,-4.610000000000127,-0.047679000182054995,0.24812479999999998,0.20044579981794497
42.077838103,775.3899999999999,0.55,780.0,-4.610000000000127,-0.04631487710144618,0.29464819999999997,0.24833332289855378,780.0,-4.610000000000127,-0.0479068533044546,0.24812479999999998,0.20021794669554538
42.087761479,775.3899999999999,0.55,780.0,-4.610000000000127,-0.04655245829194767,0.29464819999999997,0.2480957417080523,780.0,-4.610000000000127,-0.04814444791005573,0.24812479999999998,0.19998035208994425
42.105205481,775.3899999999999,0.55,800.0,-24.610000000000127,-0.23869305676434827,0.29464819999999997,0.055955143235651705,760.0,15.389999999999873,0.14319420968695193,0.24812479999999998,0.3913190096869519
# 42.113 Shooter Ready
42.116672065,775.3899999999999,0.55,780.0,-4.610000000000127,-0.048795000000001205,0.29464819999999997,0.24585319999999877,780.0,-4.610000000000127,-0.04706992028609393,0.24812479999999998,0.20105487971390607
42.125159858,775.3899999999999,0.55,780.0,-4.610000000000127,-0.048795000000001205,0.29464819999999997,0.24585319999999877,780.0,-4.610000000000127,-0.0472982036828476,0.24812479999999998,0.20082659631715238
42.133419567,775.3899999999999,0.55,780.0,-4.610000000000127,-0.048795000000001205,0.29464819999999997,0.24585319999999877,780.0,-4.610000000000127,-0.04748969925654482,0.24812479999999998,0.20063510074345514
42.142020526,775.3899999999999,0.55,780.0,-4.610000000000127,-0.048795000000001205,0.29464819999999997,0.24585319999999877,800.0,-24.610000000000127,-0.23853792639900712,0.24812479999999998,0.009586873600992862
42.15174236,775.3899999999999,0.55,800.0,-24.610000000000127,-0.2387950000000012,0.29464819999999997,0.05585319999999877,800.0,-24.610000000000127,-0.2387950000000012,0.24812479999999998,0.009329799999998778
42.159473278,775.3899999999999,0.55,780.0,-4.610000000000127,-0.048795000000001205,0.29464819999999997,0.24585319999999877,800.0,-24.610000000000127,-0.2387950000000012,0.24812479999999998,0.009329799999998778
42.167913237,775.3899999999999,0.55,780.0,-4.610000000000127,-0.048795000000001205,0.29464819999999997,0.24585319999999877,780.0,-4.610000000000127,-0.048795000000001205,0.24812479999999998,0.19932979999999878
42.174289071,775.3899999999999,0.55,780.0,-4.610000000000127,-0.048795000000001205,0.29464819999999997,0.24585319999999877,780.0,-4.610000000000127,-0.048795000000001205,0.24812479999999998,0.19932979999999878
42.180904655,775.3899999999999,0.55,780.0,-4.610000000000127,-0.048795000000001205,0.29464819999999997,0.24585319999999877,780.0,-4.610000000000127,-0.048795000000001205,0.24812479999999998,0.19932979999999878
42.191145364,775.3899999999999,0.55,780.0,-4.610000000000127,-0.048795000000001205,0.29464819999999997,0.24585319999999877,780.0,-4.610000000000127,-0.048795000000001205,0.24812479999999998,0.19932979999999878
42.200301657,775.3899999999999,0.55,780.0,-4.610000000000127,-0.048795000000001205,0.29464819999999997,0.24585319999999877,760.0,15.389999999999873,0.1420020000831989,0.24812479999999998,0.3901268000831989
42.21102945,775.3899999999999,0.55,760.0,15.389999999999873,0.1419181053456942,0.29464819999999997,0.4365663053456942,760.0,15.389999999999873,0.14271510542889435,0.24812479999999998,0.39083990542889435
42.221714076,775.3899999999999,0.55,800.0,-24.610000000000127,-0.2387950000000012,0.29464819999999997,0.05585319999999877,780.0,-4.610000000000127,-0.047530812162904605,0.24812479999999998,0.20059398783709537
42.232304202,775.3899999999999,0.55,780.0,-4.610000000000127,-0.048795000000001205,0.29464819999999997,0.24585319999999877,780.0,-4.610000000000127,-0.047777294479706064,0.24812479999999998,0.2003475055202939
42.241745161,775.3899999999999,0.55,780.0,-4.610000000000127,-0.048795000000001205,0.29464819999999997,0.24585319999999877,780.0,-4.610000000000127,-0.048025786940906784,0.24812479999999998,0.2000990130590932
42.25060862,775.3899999999999,0.55,780.0,-4.610000000000127,-0.048795000000001205,0.29464819999999997,0.24585319999999877,780.0,-4.610000000000127,-0.048235104982055035,0.24812479999999998,0.19988969501794496
42.259850955,775.3899999999999,0.55,780.0,-4.610000000000127,-0.048795000000001205,0.29464819999999997,0.24585319999999877,780.0,-4.610000000000127,-0.04844447679885585,0.24812479999999998,0.19968032320114412
42.270583122,775.3899999999999,0.55,760.0,15.389999999999873,0.14192149437758647,0.29464819999999997,0.4365696943775864,760.0,15.389999999999873,0.1422721297718526,0.24812479999999998,0.3903969297718526
42.283381165,775.3899999999999,0.55,780.0,-4.610000000000127,-0.04832500137736437,0.29464819999999997,0.2463231986226356,760.0,15.389999999999873,0.14309500752444726,0.24812479999999998,0.39121980752444724
42.295336,775.3899999999999,0.55,760.0,15.389999999999873,0.14273046098213438,0.29464819999999997,0.43737866098213435,780.0,-4.610000000000127,-0.04722115782359957,0.24812479999999998,0.20090364217640042
42.306043959,775.3899999999999,0.55,780.0,-4.610000000000127,-0.04752196438531654,0.29464819999999997,0.24712623561468344,780.0,-4.610000000000127,-0.04747355631475173,0.24812479999999998,0.20065124368524825
42.316856627,775.3899999999999,0.55,780.0,-4.610000000000127,-0.047769139170216496,0.29464819999999997,0.24687906082978348,780.0,-4.610000000000127,-0.04772072436904949,0.24812479999999998,0.20040407563095047
42.327447628,775.3899999999999,0.55,780.0,-4.610000000000127,-0.04801742323636464,0.29464819999999997,0.24663077676363532,780.0,-4.610000000000127,-0.04796904204210385,0.24812479999999998,0.20015575795789614
42.338406129,775.3899999999999,0.55,780.0,-4.610000000000127,-0.048266023271915,0.29464819999999997,0.24638217672808496,780.0,-4.610000000000127,-0.048217628639499584,0.24812479999999998,0.1999071713605004
42.351914089,775.3899999999999,0.55,800.0,-24.610000000000127,-0.2387950000000012,0.29464819999999997,0.05585319999999877,780.0,-4.610000000000127,-0.04846829259510178,0.24812479999999998,0.1996565074048982
42.362544173,775.3899999999999,0.55,780.0,-4.610000000000127,-0.048795000000001205,0.29464819999999997,0.24585319999999877,760.0,15.389999999999873,0.1425642098081426,0.24812479999999998,0.3906890098081426
42.371660507,775.3899999999999,0.55,780.0,-4.610000000000127,-0.048795000000001205,0.29464819999999997,0.24585319999999877,780.0,-4.610000000000127,-0.04767987242740867,0.24812479999999998,0.2004449275725913
42.3826613,775.3899999999999,0.55,760.0,15.389999999999873,0.1419158609450545,0.29464819999999997,0.4365640609450545,780.0,-4.610000000000127,-0.04789281411295735,0.24812479999999998,0.20023198588704264
42.393928093,775.3899999999999,0.55,760.0,15.389999999999873,0.14276834205519498,0.29464819999999997,0.437416542055195,780.0,-4.610000000000127,-0.048148163972207544,0.24812479999999998,0.19997663602779242
42.404778386,775.3899999999999,0.55,780.0,-4.610000000000127,-0.04749206340665849,0.29464819999999997,0.24715613659334149,780.0,-4.610000000000127,-0.04840857616465798,0.24812479999999998,0.199716223835342
42.415576179,775.3899999999999,0.55,780.0,-4.610000000000127,-0.04773673053595864,0.29464819999999997,0.24691146946404133,780.0,-4.610000000000127,-0.04865324329395813,0.24812479999999998,0.19947155670604186
42.426599138,775.3899999999999,0.55,780.0,-4.610000000000127,-0.04798649365145427,0.29464819999999997,0.2466617063485457,780.0,-4.610000000000127,-0.048795000000001205,0.24812479999999998,0.19932979999999878
42.435259014,775.3899999999999,0.55,800.0,-24.610000000000127,-0.2387950000000012,0.29464819999999997,0.05585319999999877,780.0,-4.610000000000127,-0.048795000000001205,0.24812479999999998,0.19932979999999878
42.446243182,775.3899999999999,0.55,780.0,-4.610000000000127,-0.048795000000001205,0.29464819999999997,0.24585319999999877,760.0,15.389999999999873,0.14184428782630698,0.24812479999999998,0.38996908782630696
42.455452266,775.3899999999999,0.55,780.0,-4.610000000000127,-0.048795000000001205,0.29464819999999997,0.24585319999999877,780.0,-4.610000000000127,-0.04841316629049297,0.24812479999999998,0.199711633709507
42.464473808,775.3899999999999,0.55,780.0,-4.610000000000127,-0.048795000000001205,0.29464819999999997,0.24585319999999877,780.0,-4.610000000000127,-0.04862251123098976,0.24812479999999998,0.19950228876901022
42.474551768,775.3899999999999,0.55,780.0,-4.610000000000127,-0.048795000000001205,0.29464819999999997,0.24585319999999877,780.0,-4.610000000000127,-0.048795000000001205,0.24812479999999998,0.19932979999999878
42.482885269,775.3899999999999,0.55,760.0,15.389999999999873,0.14194346675755698,0.29464819999999997,0.43659166675755695,780.0,-4.610000000000127,-0.048795000000001205,0.24812479999999998,0.19932979999999878
42.491351186,775.3899999999999,0.55,780.0,-4.610000000000127,-0.04825230461419097,0.29464819999999997,0.246395895385809,780.0,-4.610000000000127,-0.048795000000001205,0.24812479999999998,0.19932979999999878
42.500179062,775.3899999999999,0.55,780.0,-4.610000000000127,-0.04844365900664281,0.29464819999999997,0.24620454099335715,780.0,-4.610000000000127,-0.048795000000001205,0.24812479999999998,0.19932979999999878
42.510063938,775.3899999999999,0.55,780.0,-4.610000000000127,-0.048670920504691365,0.29464819999999997,0.24597727949530862,780.0,-4.610000000000127,-0.048795000000001205,0.24812479999999998,0.19932979999999878
42.518409397,775.3899999999999,0.55,780.0,-4.610000000000127,-0.048795000000001205,0.29464819999999997,0.24585319999999877,780.0,-4.610000000000127,-0.048795000000001205,0.24812479999999998,0.19932979999999878
42.524446898,775.3899999999999,0.55,780.0,-4.610000000000127,-0.048795000000001205,0.29464819999999997,0.24585319999999877,780.0,-4.610000000000127,-0.048795000000001205,0.24812479999999998,0.19932979999999878
42.544863858,775.3899999999999,0.55,800.0,-24.610000000000127,-0.2387950000000012,0.29464819999999997,0.05585319999999877,760.0,15.389999999999873,0.14264308338385284,0.24812479999999998,0.3907678833838528
