{
  "scenario": "A_Communication_Jitter",
  "total_samples": 26648,
  "stationary_samples": 13349,
  "loaded_samples": 13299,
  "stationary_stats": {
    "mean": 13.522346643493893,
    "std": 3.0324564761777473,
    "median": 12.710834,
    "p95": 18.262593,
    "p99": 27.809742840000002
  },
  "loaded_stats": {
    "mean": 13.577611557335137,
    "std": 3.214724296818393,
    "median": 12.741751,
    "p95": 18.390693099999993,
    "p99": 28.775841520000007
  },
  "best_fit": {
    "distribution": "lognorm",
    "params": [
      0.6741931959652316,
      9.978059020768809,
      2.801453180125003
    ]
  },
  "mann_whitney_p": 0.1616384312115423,
  "per_run": [
    {
      "label": "ResearchLogger_A_2_Jitter_Stationary_Run1.csv",
      "n_samples": 4481,
      "duration_sec": 60.139733125999996,
      "mean_ms": 13.426077894443205,
      "median_ms": 12.649001,
      "std_ms": 3.0828385626057693,
      "cv_pct": 22.961572149687115,
      "min_ms": 10.080293,
      "p05_ms": 10.88996,
      "p25_ms": 11.594335,
      "p75_ms": 14.476002,
      "p95_ms": 18.042794,
      "p99_ms": 28.842277999999947,
      "max_ms": 40.422963,
      "skewness": 3.4637798485467712,
      "kurtosis": 16.375319630189967,
      "lognorm_params": [
        0.6809182906732085,
        9.941340584579624,
        2.7203786059922987
      ],
      "lognorm_ks_stat": 0.05618017287718102,
      "lognorm_ks_p": 9.8239692090245e-13,
      "gamma_params": [
        1.9675613358552542,
        10.077678173775501,
        1.7018163504206023
      ],
      "gamma_ks_stat": 0.10269790031275894,
      "gamma_ks_p": 1.3383292773240888e-41,
      "norm_params": [
        13.426077894443205,
        3.0828385626057693
      ],
      "norm_ks_stat": 0.18647585969746006,
      "norm_ks_p": 6.99807739876683e-137,
      "gc_outlier_count": 79,
      "gc_outlier_pct": 1.7629993305065834,
      "condition": "stationary",
      "motor_velocity_nonzero_count": 0,
      "battery_mean_V": 13.066836903168229,
      "battery_std_V": 0.004608332406020222
    },
    {
      "label": "ResearchLogger_A_2_Jitter_Stationary_Run2.csv",
      "n_samples": 4413,
      "duration_sec": 60.163698503000006,
      "mean_ms": 13.634792866530706,
      "median_ms": 12.775002,
      "std_ms": 2.9952525129210947,
      "cv_pct": 21.967715551246357,
      "min_ms": 10.11821,
      "p05_ms": 10.8977762,
      "p25_ms": 11.749501,
      "p75_ms": 14.718376,
      "p95_ms": 18.5871602,
      "p99_ms": 27.289397960000024,
      "max_ms": 40.995504,
      "skewness": 3.0722238980704923,
      "kurtosis": 13.819519419505934,
      "lognorm_params": [
        0.6433891007745559,
        9.828011026698452,
        3.068597816030217
      ],
      "lognorm_ks_stat": 0.05411183108298012,
      "lognorm_ks_p": 1.1349770067758407e-11,
      "gamma_params": [
        2.0354532807114882,
        10.113130065937366,
        1.7301699743569223
      ],
      "gamma_ks_stat": 0.08924974682090375,
      "gamma_ks_p": 4.896687883330737e-31,
      "norm_params": [
        13.634792866530706,
        2.9952525129210947
      ],
      "norm_ks_stat": 0.16522310598119788,
      "norm_ks_p": 9.459089978429926e-106,
      "gc_outlier_count": 73,
      "gc_outlier_pct": 1.6542034896895537,
      "condition": "stationary",
      "motor_velocity_nonzero_count": 0,
      "battery_mean_V": 13.102146125962847,
      "battery_std_V": 0.004827567110293398
    },
    {
      "label": "ResearchLogger_A_2_Jitter_Stationary_Run3.csv",
      "n_samples": 4455,
      "duration_sec": 60.155024628,
      "mean_ms": 13.507791106397306,
      "median_ms": 12.71521,
      "std_ms": 3.0142950653243825,
      "cv_pct": 22.31523305018249,
      "min_ms": 10.183251,
      "p05_ms": 11.0399931,
      "p25_ms": 11.695543,
      "p75_ms": 14.371731,
      "p95_ms": 18.1649143,
      "p99_ms": 27.775477820000003,
      "max_ms": 44.198587,
      "skewness": 3.3825867875683153,
      "kurtosis": 15.990208847528269,
      "lognorm_params": [
        0.6621503156575173,
        10.007014180105422,
        2.7657486686291772
      ],
      "lognorm_ks_stat": 0.06434275694912728,
      "lognorm_ks_p": 1.7719426390539993e-16,
      "gamma_params": [
        0.5295271442522016,
        10.183250999999998,
        1.0285183629778007
      ],
      "gamma_ks_stat": 0.7633074836563911,
      "gamma_ks_p": 0.0,
      "norm_params": [
        13.507791106397306,
        3.0142950653243825
      ],
      "norm_ks_stat": 0.19101080646340607,
      "norm_ks_p": 8.002367326530364e-143,
      "gc_outlier_count": 76,
      "gc_outlier_pct": 1.7059483726150393,
      "condition": "stationary",
      "motor_velocity_nonzero_count": 0,
      "battery_mean_V": 13.331174147217235,
      "battery_std_V": 0.00949852444987628
    },
    {
      "label": "ResearchLogger_A_3_Jitter_Loaded_Run1.csv",
      "n_samples": 4408,
      "duration_sec": 60.161251712,
      "mean_ms": 13.653561385889292,
      "median_ms": 12.8142305,
      "std_ms": 3.2231064214005163,
      "cv_pct": 23.606342186526792,
      "min_ms": 10.264626,
      "p05_ms": 10.99956755,
      "p25_ms": 11.776917,
      "p75_ms": 14.5115125,
      "p95_ms": 18.488679199999996,
      "p99_ms": 28.68612488000001,
      "max_ms": 45.700671,
      "skewness": 3.4831135374758166,
      "kurtosis": 16.632815633250978,
      "lognorm_params": [
        0.6973977851784378,
        10.105885641087493,
        2.7375369484771626
      ],
      "lognorm_ks_stat": 0.05205520390398777,
      "lognorm_ks_p": 8.040934624340661e-11,
      "gamma_params": [
        0.3448442648347744,
        10.264625999999998,
        1.1842431600314844
      ],
      "gamma_ks_stat": 0.7924348497124848,
      "gamma_ks_p": 0.0,
      "norm_params": [
        13.653561385889292,
        3.2231064214005163
      ],
      "norm_ks_stat": 0.1867458657540984,
      "norm_ks_p": 4.733400558765895e-135,
      "gc_outlier_count": 87,
      "gc_outlier_pct": 1.9736842105263157,
      "condition": "loaded",
      "motor_velocity_nonzero_count": 0,
      "battery_mean_V": 14.069660240417328,
      "battery_std_V": 0.06006631060523361
    },
    {
      "label": "ResearchLogger_A_3_Jitter_Loaded_Run2.csv",
      "n_samples": 4446,
      "duration_sec": 60.18879846499999,
      "mean_ms": 13.54022120220423,
      "median_ms": 12.7080635,
      "std_ms": 3.2016946279881786,
      "cv_pct": 23.645807407245094,
      "min_ms": 10.251793,
      "p05_ms": 10.964844750000001,
      "p25_ms": 11.6667415,
      "p75_ms": 14.49532425,
      "p95_ms": 18.08508525,
      "p99_ms": 29.11990095000004,
      "max_ms": 42.032963,
      "skewness": 3.4860881840904274,
      "kurtosis": 16.148092459642037,
      "lognorm_params": [
        0.6798215852491473,
        9.97786801838737,
        2.777124145751052
      ],
      "lognorm_ks_stat": 0.06545115366079512,
      "lognorm_ks_p": 5.295930081199361e-17,
      "gamma_params": [
        1.7578127925064755,
        10.247883713346846,
        1.872982204426473
      ],
      "gamma_ks_stat": 0.10557653900914821,
      "gamma_ks_p": 1.3202846089363028e-43,
      "norm_params": [
        13.54022120220423,
        3.2016946279881786
      ],
      "norm_ks_stat": 0.19319974593895828,
      "norm_ks_p": 7.720109479015833e-146,
      "gc_outlier_count": 94,
      "gc_outlier_pct": 2.114260008996851,
      "condition": "loaded",
      "motor_velocity_nonzero_count": 0,
      "battery_mean_V": 13.900623566449292,
      "battery_std_V": 0.047770259755439186
    },
    {
      "label": "ResearchLogger_A_3_Jitter_Loaded_Run3.csv",
      "n_samples": 4445,
      "duration_sec": 60.166486253,
      "mean_ms": 13.539692698987627,
      "median_ms": 12.712001,
      "std_ms": 3.218074712807527,
      "cv_pct": 23.767708650050416,
      "min_ms": 10.312168,
      "p05_ms": 10.9953676,
      "p25_ms": 11.678043,
      "p75_ms": 14.458793,
      "p95_ms": 18.4185776,
      "p99_ms": 28.734990960000037,
      "max_ms": 40.334295,